id_id,id_n_id,id_time,id_meter_id,id_stand_energy_kirim,id_v1,id_v2,id_v3,id_i1,id_i2,id_i3,id_frequency,id_power_factor,id_create_date,updated_at,created_at,reactive_energy_import,reactive_energy_export,apparent_energy_import,id_v1,id_v1_status,id_v2,id_v2_status,id_v3,id_v3_status,id_i1,id_i1_status,id_i2,id_i2_status,id_i3,id_i3_status,id_frequency,id_frequency_status,id_power_factor,id_power_factor_status,reactive_energy_import,reactive_energy_import_status,reactive_energy_export,reactive_energy_export_status,apparent_energy_import,apparent_energy_import_status,id_stand_energy_kirim,id_stand_energy_kirim_status,rssi,rssi_status
3113371.0,37.0,2025-01-01 00:20:00,WITEL_AHU_L8,31584800.0,229.0,229.0,231.0,0.0,0.0,0.0,49.96,1.0,2025-01-01 00:19:09.000,2025-01-01 00:19:09.000,2025-01-01 00:19:09.000,43315152.0,25627.0,54776845.0,229.0,original,229.0,original,231.0,original,0.0,gap_too_large,0.0,gap_too_large,0.0,gap_too_large,49.96,original,1.0,original,43315152.0,original,25627.0,original,54776845.0,original,31584800.0,original,-117.0,original
3113371.0,,2025-01-01 00:40:00,WITEL_AHU_L8,0.0,0.0,0.0,0.0,0.0,0.0,0.0,0.0,0.0,,,,0.0,0.0,0.0,0.0,gap_too_large,0.0,gap_too_large,0.0,gap_too_large,0.0,gap_too_large,0.0,gap_too_large,0.0,gap_too_large,0.0,gap_too_large,0.0,gap_too_large,0.0,gap_too_large,0.0,gap_too_large,0.0,gap_too_large,0.0,gap_too_large,0.0,gap_too_large
3113371.0,,2025-01-01 01:00:00,WITEL_AHU_L8,0.0,0.0,0.0,0.0,0.0,0.0,0.0,0.0,0.0,,,,0.0,0.0,0.0,0.0,gap_too_large,0.0,gap_too_large,0.0,gap_too_large,0.0,gap_too_large,0.0,gap_too_large,0.0,gap_too_large,0.0,gap_too_large,0.0,gap_too_large,0.0,gap_too_large,0.0,gap_too_large,0.0,gap_too_large,0.0,gap_too_large,0.0,gap_too_large
3113371.0,,2025-01-01 01:20:00,WITEL_AHU_L8,0.0,0.0,0.0,0.0,0.0,0.0,0.0,0.0,0.0,,,,0.0,0.0,0.0,0.0,gap_too_large,0.0,gap_too_large,0.0,gap_too_large,0.0,gap_too_large,0.0,gap_too_large,0.0,gap_too_large,0.0,gap_too_large,0.0,gap_too_large,0.0,gap_too_large,0.0,gap_too_large,0.0,gap_too_large,0.0,gap_too_large,0.0,gap_too_large
3113371.0,,2025-01-01 01:40:00,WITEL_AHU_L8,0.0,0.0,0.0,0.0,0.0,0.0,0.0,0.0,0.0,,,,0.0,0.0,0.0,0.0,gap_too_large,0.0,gap_too_large,0.0,gap_too_large,0.0,gap_too_large,0.0,gap_too_large,0.0,gap_too_large,0.0,gap_too_large,0.0,gap_too_large,0.0,gap_too_large,0.0,gap_too_large,0.0,gap_too_large,0.0,gap_too_large,0.0,gap_too_large
3113371.0,,2025-01-01 02:00:00,WITEL_AHU_L8,0.0,0.0,0.0,0.0,0.0,0.0,0.0,0.0,0.0,,,,0.0,0.0,0.0,0.0,gap_too_large,0.0,gap_too_large,0.0,gap_too_large,0.0,gap_too_large,0.0,gap_too_large,0.0,gap_too_large,0.0,gap_too_large,0.0,gap_too_large,0.0,gap_too_large,0.0,gap_too_large,0.0,gap_too_large,0.0,gap_too_large,0.0,gap_too_large
3113371.0,,2025-01-01 02:20:00,WITEL_AHU_L8,0.0,0.0,0.0,0.0,0.0,0.0,0.0,0.0,0.0,,,,0.0,0.0,0.0,0.0,gap_too_large,0.0,gap_too_large,0.0,gap_too_large,0.0,gap_too_large,0.0,gap_too_large,0.0,gap_too_large,0.0,gap_too_large,0.0,gap_too_large,0.0,gap_too_large,0.0,gap_too_large,0.0,gap_too_large,0.0,gap_too_large,0.0,gap_too_large
3113371.0,,2025-01-01 02:40:00,WITEL_AHU_L8,0.0,0.0,0.0,0.0,0.0,0.0,0.0,0.0,0.0,,,,0.0,0.0,0.0,0.0,gap_too_large,0.0,gap_too_large,0.0,gap_too_large,0.0,gap_too_large,0.0,gap_too_large,0.0,gap_too_large,0.0,gap_too_large,0.0,gap_too_large,0.0,gap_too_large,0.0,gap_too_large,0.0,gap_too_large,0.0,gap_too_large,0.0,gap_too_large
3113371.0,,2025-01-01 03:00:00,WITEL_AHU_L8,0.0,0.0,0.0,0.0,0.0,0.0,0.0,0.0,0.0,,,,0.0,0.0,0.0,0.0,gap_too_large,0.0,gap_too_large,0.0,gap_too_large,0.0,gap_too_large,0.0,gap_too_large,0.0,gap_too_large,0.0,gap_too_large,0.0,gap_too_large,0.0,gap_too_large,0.0,gap_too_large,0.0,gap_too_large,0.0,gap_too_large,0.0,gap_too_large
3113371.0,,2025-01-01 03:20:00,WITEL_AHU_L8,0.0,0.0,0.0,0.0,0.0,0.0,0.0,0.0,0.0,,,,0.0,0.0,0.0,0.0,gap_too_large,0.0,gap_too_large,0.0,gap_too_large,0.0,gap_too_large,0.0,gap_too_large,0.0,gap_too_large,0.0,gap_too_large,0.0,gap_too_large,0.0,gap_too_large,0.0,gap_too_large,0.0,gap_too_large,0.0,gap_too_large,0.0,gap_too_large
3113371.0,,2025-01-01 03:40:00,WITEL_AHU_L8,0.0,0.0,0.0,0.0,0.0,0.0,0.0,0.0,0.0,,,,0.0,0.0,0.0,0.0,gap_too_large,0.0,gap_too_large,0.0,gap_too_large,0.0,gap_too_large,0.0,gap_too_large,0.0,gap_too_large,0.0,gap_too_large,0.0,gap_too_large,0.0,gap_too_large,0.0,gap_too_large,0.0,gap_too_large,0.0,gap_too_large,0.0,gap_too_large
3113371.0,,2025-01-01 04:00:00,WITEL_AHU_L8,0.0,0.0,0.0,0.0,0.0,0.0,0.0,0.0,0.0,,,,0.0,0.0,0.0,0.0,gap_too_large,0.0,gap_too_large,0.0,gap_too_large,0.0,gap_too_large,0.0,gap_too_large,0.0,gap_too_large,0.0,gap_too_large,0.0,gap_too_large,0.0,gap_too_large,0.0,gap_too_large,0.0,gap_too_large,0.0,gap_too_large,0.0,gap_too_large
3113371.0,,2025-01-01 04:20:00,WITEL_AHU_L8,0.0,0.0,0.0,0.0,0.0,0.0,0.0,0.0,0.0,,,,0.0,0.0,0.0,0.0,gap_too_large,0.0,gap_too_large,0.0,gap_too_large,0.0,gap_too_large,0.0,gap_too_large,0.0,gap_too_large,0.0,gap_too_large,0.0,gap_too_large,0.0,gap_too_large,0.0,gap_too_large,0.0,gap_too_large,0.0,gap_too_large,0.0,gap_too_large
3113371.0,,2025-01-01 04:40:00,WITEL_AHU_L8,0.0,0.0,0.0,0.0,0.0,0.0,0.0,0.0,0.0,,,,0.0,0.0,0.0,0.0,gap_too_large,0.0,gap_too_large,0.0,gap_too_large,0.0,gap_too_large,0.0,gap_too_large,0.0,gap_too_large,0.0,gap_too_large,0.0,gap_too_large,0.0,gap_too_large,0.0,gap_too_large,0.0,gap_too_large,0.0,gap_too_large,0.0,gap_too_large
3113371.0,,2025-01-01 05:00:00,WITEL_AHU_L8,0.0,0.0,0.0,0.0,0.0,0.0,0.0,0.0,0.0,,,,0.0,0.0,0.0,0.0,gap_too_large,0.0,gap_too_large,0.0,gap_too_large,0.0,gap_too_large,0.0,gap_too_large,0.0,gap_too_large,0.0,gap_too_large,0.0,gap_too_large,0.0,gap_too_large,0.0,gap_too_large,0.0,gap_too_large,0.0,gap_too_large,0.0,gap_too_large
3113371.0,,2025-01-01 05:20:00,WITEL_AHU_L8,0.0,0.0,0.0,0.0,0.0,0.0,0.0,0.0,0.0,,,,0.0,0.0,0.0,0.0,gap_too_large,0.0,gap_too_large,0.0,gap_too_large,0.0,gap_too_large,0.0,gap_too_large,0.0,gap_too_large,0.0,gap_too_large,0.0,gap_too_large,0.0,gap_too_large,0.0,gap_too_large,0.0,gap_too_large,0.0,gap_too_large,0.0,gap_too_large
3113371.0,,2025-01-01 05:40:00,WITEL_AHU_L8,0.0,0.0,0.0,0.0,0.0,0.0,0.0,0.0,0.0,,,,0.0,0.0,0.0,0.0,gap_too_large,0.0,gap_too_large,0.0,gap_too_large,0.0,gap_too_large,0.0,gap_too_large,0.0,gap_too_large,0.0,gap_too_large,0.0,gap_too_large,0.0,gap_too_large,0.0,gap_too_large,0.0,gap_too_large,0.0,gap_too_large,0.0,gap_too_large
3113371.0,,2025-01-01 06:00:00,WITEL_AHU_L8,0.0,0.0,0.0,0.0,0.0,0.0,0.0,0.0,0.0,,,,0.0,0.0,0.0,0.0,gap_too_large,0.0,gap_too_large,0.0,gap_too_large,0.0,gap_too_large,0.0,gap_too_large,0.0,gap_too_large,0.0,gap_too_large,0.0,gap_too_large,0.0,gap_too_large,0.0,gap_too_large,0.0,gap_too_large,0.0,gap_too_large,0.0,gap_too_large
3113371.0,,2025-01-01 06:20:00,WITEL_AHU_L8,0.0,0.0,0.0,0.0,0.0,0.0,0.0,0.0,0.0,,,,0.0,0.0,0.0,0.0,gap_too_large,0.0,gap_too_large,0.0,gap_too_large,0.0,gap_too_large,0.0,gap_too_large,0.0,gap_too_large,0.0,gap_too_large,0.0,gap_too_large,0.0,gap_too_large,0.0,gap_too_large,0.0,gap_too_large,0.0,gap_too_large,0.0,gap_too_large
3113371.0,,2025-01-01 06:40:00,WITEL_AHU_L8,0.0,0.0,0.0,0.0,0.0,0.0,0.0,0.0,0.0,,,,0.0,0.0,0.0,0.0,gap_too_large,0.0,gap_too_large,0.0,gap_too_large,0.0,gap_too_large,0.0,gap_too_large,0.0,gap_too_large,0.0,gap_too_large,0.0,gap_too_large,0.0,gap_too_large,0.0,gap_too_large,0.0,gap_too_large,0.0,gap_too_large,0.0,gap_too_large
3113371.0,,2025-01-01 07:00:00,WITEL_AHU_L8,0.0,0.0,0.0,0.0,0.0,0.0,0.0,0.0,0.0,,,,0.0,0.0,0.0,0.0,gap_too_large,0.0,gap_too_large,0.0,gap_too_large,0.0,gap_too_large,0.0,gap_too_large,0.0,gap_too_large,0.0,gap_too_large,0.0,gap_too_large,0.0,gap_too_large,0.0,gap_too_large,0.0,gap_too_large,0.0,gap_too_large,0.0,gap_too_large
3113371.0,,2025-01-01 07:20:00,WITEL_AHU_L8,0.0,0.0,0.0,0.0,0.0,0.0,0.0,0.0,0.0,,,,0.0,0.0,0.0,0.0,gap_too_large,0.0,gap_too_large,0.0,gap_too_large,0.0,gap_too_large,0.0,gap_too_large,0.0,gap_too_large,0.0,gap_too_large,0.0,gap_too_large,0.0,gap_too_large,0.0,gap_too_large,0.0,gap_too_large,0.0,gap_too_large,0.0,gap_too_large
3113371.0,,2025-01-01 07:40:00,WITEL_AHU_L8,0.0,0.0,0.0,0.0,0.0,0.0,0.0,0.0,0.0,,,,0.0,0.0,0.0,0.0,gap_too_large,0.0,gap_too_large,0.0,gap_too_large,0.0,gap_too_large,0.0,gap_too_large,0.0,gap_too_large,0.0,gap_too_large,0.0,gap_too_large,0.0,gap_too_large,0.0,gap_too_large,0.0,gap_too_large,0.0,gap_too_large,0.0,gap_too_large
3113371.0,,2025-01-01 08:00:00,WITEL_AHU_L8,0.0,0.0,0.0,0.0,0.0,0.0,0.0,0.0,0.0,,,,0.0,0.0,0.0,0.0,gap_too_large,0.0,gap_too_large,0.0,gap_too_large,0.0,gap_too_large,0.0,gap_too_large,0.0,gap_too_large,0.0,gap_too_large,0.0,gap_too_large,0.0,gap_too_large,0.0,gap_too_large,0.0,gap_too_large,0.0,gap_too_large,0.0,gap_too_large
3113371.0,,2025-01-01 08:20:00,WITEL_AHU_L8,0.0,0.0,0.0,0.0,0.0,0.0,0.0,0.0,0.0,,,,0.0,0.0,0.0,0.0,gap_too_large,0.0,gap_too_large,0.0,gap_too_large,0.0,gap_too_large,0.0,gap_too_large,0.0,gap_too_large,0.0,gap_too_large,0.0,gap_too_large,0.0,gap_too_large,0.0,gap_too_large,0.0,gap_too_large,0.0,gap_too_large,0.0,gap_too_large
3113371.0,,2025-01-01 08:40:00,WITEL_AHU_L8,0.0,0.0,0.0,0.0,0.0,0.0,0.0,0.0,0.0,,,,0.0,0.0,0.0,0.0,gap_too_large,0.0,gap_too_large,0.0,gap_too_large,0.0,gap_too_large,0.0,gap_too_large,0.0,gap_too_large,0.0,gap_too_large,0.0,gap_too_large,0.0,gap_too_large,0.0,gap_too_large,0.0,gap_too_large,0.0,gap_too_large,0.0,gap_too_large
3113371.0,,2025-01-01 09:00:00,WITEL_AHU_L8,0.0,0.0,0.0,0.0,0.0,0.0,0.0,0.0,0.0,,,,0.0,0.0,0.0,0.0,gap_too_large,0.0,gap_too_large,0.0,gap_too_large,0.0,gap_too_large,0.0,gap_too_large,0.0,gap_too_large,0.0,gap_too_large,0.0,gap_too_large,0.0,gap_too_large,0.0,gap_too_large,0.0,gap_too_large,0.0,gap_too_large,0.0,gap_too_large
3113371.0,,2025-01-01 09:20:00,WITEL_AHU_L8,0.0,0.0,0.0,0.0,0.0,0.0,0.0,0.0,0.0,,,,0.0,0.0,0.0,0.0,gap_too_large,0.0,gap_too_large,0.0,gap_too_large,0.0,gap_too_large,0.0,gap_too_large,0.0,gap_too_large,0.0,gap_too_large,0.0,gap_too_large,0.0,gap_too_large,0.0,gap_too_large,0.0,gap_too_large,0.0,gap_too_large,0.0,gap_too_large
3113371.0,,2025-01-01 09:40:00,WITEL_AHU_L8,0.0,0.0,0.0,0.0,0.0,0.0,0.0,0.0,0.0,,,,0.0,0.0,0.0,0.0,gap_too_large,0.0,gap_too_large,0.0,gap_too_large,0.0,gap_too_large,0.0,gap_too_large,0.0,gap_too_large,0.0,gap_too_large,0.0,gap_too_large,0.0,gap_too_large,0.0,gap_too_large,0.0,gap_too_large,0.0,gap_too_large,0.0,gap_too_large
3113371.0,,2025-01-01 10:00:00,WITEL_AHU_L8,0.0,0.0,0.0,0.0,0.0,0.0,0.0,0.0,0.0,,,,0.0,0.0,0.0,0.0,gap_too_large,0.0,gap_too_large,0.0,gap_too_large,0.0,gap_too_large,0.0,gap_too_large,0.0,gap_too_large,0.0,gap_too_large,0.0,gap_too_large,0.0,gap_too_large,0.0,gap_too_large,0.0,gap_too_large,0.0,gap_too_large,0.0,gap_too_large
3113371.0,,2025-01-01 10:20:00,WITEL_AHU_L8,0.0,0.0,0.0,0.0,0.0,0.0,0.0,0.0,0.0,,,,0.0,0.0,0.0,0.0,gap_too_large,0.0,gap_too_large,0.0,gap_too_large,0.0,gap_too_large,0.0,gap_too_large,0.0,gap_too_large,0.0,gap_too_large,0.0,gap_too_large,0.0,gap_too_large,0.0,gap_too_large,0.0,gap_too_large,0.0,gap_too_large,0.0,gap_too_large
3113371.0,,2025-01-01 10:40:00,WITEL_AHU_L8,0.0,0.0,0.0,0.0,0.0,0.0,0.0,0.0,0.0,,,,0.0,0.0,0.0,0.0,gap_too_large,0.0,gap_too_large,0.0,gap_too_large,0.0,gap_too_large,0.0,gap_too_large,0.0,gap_too_large,0.0,gap_too_large,0.0,gap_too_large,0.0,gap_too_large,0.0,gap_too_large,0.0,gap_too_large,0.0,gap_too_large,0.0,gap_too_large
3113371.0,,2025-01-01 11:00:00,WITEL_AHU_L8,0.0,0.0,0.0,0.0,0.0,0.0,0.0,0.0,0.0,,,,0.0,0.0,0.0,0.0,gap_too_large,0.0,gap_too_large,0.0,gap_too_large,0.0,gap_too_large,0.0,gap_too_large,0.0,gap_too_large,0.0,gap_too_large,0.0,gap_too_large,0.0,gap_too_large,0.0,gap_too_large,0.0,gap_too_large,0.0,gap_too_large,0.0,gap_too_large
3113371.0,,2025-01-01 11:20:00,WITEL_AHU_L8,0.0,0.0,0.0,0.0,0.0,0.0,0.0,0.0,0.0,,,,0.0,0.0,0.0,0.0,gap_too_large,0.0,gap_too_large,0.0,gap_too_large,0.0,gap_too_large,0.0,gap_too_large,0.0,gap_too_large,0.0,gap_too_large,0.0,gap_too_large,0.0,gap_too_large,0.0,gap_too_large,0.0,gap_too_large,0.0,gap_too_large,0.0,gap_too_large
3116064.0,37.0,2025-01-01 11:40:00,WITEL_AHU_L8,31584800.0,228.0,228.0,230.0,0.0,0.0,0.0,50.01,1.0,2025-01-01 11:39:17.000,2025-01-01 11:39:17.000,2025-01-01 11:39:17.000,43315152.0,25627.0,54776845.0,228.0,original,228.0,original,230.0,original,0.0,gap_too_large,0.0,gap_too_large,0.0,gap_too_large,50.01,original,1.0,original,43315152.0,original,25627.0,original,54776845.0,original,31584800.0,original,-121.0,original
3116216.0,37.0,2025-01-01 12:00:00,WITEL_AHU_L8,31584800.0,228.0,228.0,230.0,0.0,0.0,0.0,49.94,1.0,2025-01-01 11:59:07.000,2025-01-01 11:59:07.000,2025-01-01 11:59:07.000,43315152.0,25627.0,54776845.0,228.0,original,228.0,original,230.0,original,0.0,gap_too_large,0.0,gap_too_large,0.0,gap_too_large,49.94,original,1.0,original,43315152.0,original,25627.0,original,54776845.0,original,31584800.0,original,-120.0,original
3116444.0,37.0,2025-01-01 12:20:00,WITEL_AHU_L8,31584800.0,228.0,228.0,230.0,0.0,0.0,0.0,50.02,1.0,2025-01-01 12:19:18.000,2025-01-01 12:19:18.000,2025-01-01 12:19:18.000,43315152.0,25627.0,54776845.0,228.0,original,228.0,original,230.0,original,0.0,gap_too_large,0.0,gap_too_large,0.0,gap_too_large,50.02,original,1.0,original,43315152.0,original,25627.0,original,54776845.0,original,31584800.0,original,-119.0,original
3116724.0,37.0,2025-01-01 12:40:00,WITEL_AHU_L8,31584800.0,228.0,228.0,230.0,0.0,0.0,0.0,50.02,1.0,2025-01-01 12:49:22.000,2025-01-01 12:49:22.000,2025-01-01 12:49:22.000,43315152.0,25627.0,54776845.0,228.0,original,228.0,original,230.0,original,0.0,gap_too_large,0.0,gap_too_large,0.0,gap_too_large,50.02,original,1.0,original,43315152.0,original,25627.0,original,54776845.0,original,31584800.0,original,-117.0,original
3116764.0,37.0,2025-01-01 13:00:00,WITEL_AHU_L8,31584800.0,228.0,228.0,230.0,0.0,0.0,0.0,50.03,1.0,2025-01-01 12:59:08.000,2025-01-01 12:59:08.000,2025-01-01 12:59:08.000,43315152.0,25627.0,54776845.0,228.0,original,228.0,original,230.0,original,0.0,gap_too_large,0.0,gap_too_large,0.0,gap_too_large,50.03,original,1.0,original,43315152.0,original,25627.0,original,54776845.0,original,31584800.0,original,-121.0,original
3117032.0,37.0,2025-01-01 13:20:00,WITEL_AHU_L8,31584800.0,228.0,228.0,230.0,0.0,0.0,0.0,50.02,1.0,2025-01-01 13:29:16.000,2025-01-01 13:29:16.000,2025-01-01 13:29:16.000,43315152.0,25627.0,54776845.0,228.0,original,228.0,original,230.0,original,0.0,gap_too_large,0.0,gap_too_large,0.0,gap_too_large,50.02,original,1.0,original,43315152.0,original,25627.0,original,54776845.0,original,31584800.0,original,-117.0,original
3117092.0,37.0,2025-01-01 13:40:00,WITEL_AHU_L8,31584800.0,228.0,228.0,230.0,0.0,0.0,0.0,50.04,1.0,2025-01-01 13:39:07.000,2025-01-01 13:39:07.000,2025-01-01 13:39:07.000,43315152.0,25627.0,54776845.0,228.0,original,228.0,original,230.0,original,0.0,gap_too_large,0.0,gap_too_large,0.0,gap_too_large,50.04,original,1.0,original,43315152.0,original,25627.0,original,54776845.0,original,31584800.0,original,-101.0,original
3117392.0,37.0,2025-01-01 14:00:00,WITEL_AHU_L8,31584800.0,228.0,228.0,230.0,0.0,0.0,0.0,50.05,1.0,2025-01-01 14:09:23.000,2025-01-01 14:09:23.000,2025-01-01 14:09:23.000,43315152.0,25627.0,54776845.0,228.0,original,228.0,original,230.0,original,0.0,gap_too_large,0.0,gap_too_large,0.0,gap_too_large,50.05,original,1.0,original,43315152.0,original,25627.0,original,54776845.0,original,31584800.0,original,-117.0,original
3117452.0,37.0,2025-01-01 14:20:00,WITEL_AHU_L8,31584800.0,228.0,228.0,230.0,0.0,0.0,0.0,49.97,1.0,2025-01-01 14:19:16.000,2025-01-01 14:19:16.000,2025-01-01 14:19:16.000,43315152.0,25627.0,54776845.0,228.0,original,228.0,original,230.0,original,0.0,gap_too_large,0.0,gap_too_large,0.0,gap_too_large,49.97,original,1.0,original,43315152.0,original,25627.0,original,54776845.0,original,31584800.0,original,-117.0,original
3117644.0,37.0,2025-01-01 14:40:00,WITEL_AHU_L8,31584800.0,228.0,228.0,230.0,0.0,0.0,0.0,50.02,1.0,2025-01-01 14:39:18.000,2025-01-01 14:39:18.000,2025-01-01 14:39:18.000,43315152.0,25627.0,54776845.0,228.0,original,228.0,original,230.0,original,0.0,gap_too_large,0.0,gap_too_large,0.0,gap_too_large,50.02,original,1.0,original,43315152.0,original,25627.0,original,54776845.0,original,31584800.0,original,-121.0,original
3117824.0,37.0,2025-01-01 15:00:00,WITEL_AHU_L8,31584800.0,229.0,228.0,230.0,0.0,0.0,0.0,50.05,1.0,2025-01-01 14:59:21.000,2025-01-01 14:59:21.000,2025-01-01 14:59:21.000,43315152.0,25627.0,54776845.0,229.0,original,228.0,original,230.0,original,0.0,gap_too_large,0.0,gap_too_large,0.0,gap_too_large,50.05,original,1.0,original,43315152.0,original,25627.0,original,54776845.0,original,31584800.0,original,-119.0,original
3117824.0,,2025-01-01 15:20:00,WITEL_AHU_L8,31584800.0,228.5,228.0,230.0,0.0,0.0,0.0,50.03,1.0,,,,43315152.0,25627.0,54776845.0,228.5,interpolated,228.0,interpolated,230.0,interpolated,0.0,gap_too_large,0.0,gap_too_large,0.0,gap_too_large,50.03,interpolated,1.0,interpolated,43315152.0,interpolated,25627.0,interpolated,54776845.0,interpolated,31584800.0,interpolated,-119.0,interpolated
3118057.0,37.0,2025-01-01 15:40:00,WITEL_AHU_L8,31584800.0,228.0,228.0,230.0,0.0,0.0,0.0,50.01,1.0,2025-01-01 15:49:08.000,2025-01-01 15:49:08.000,2025-01-01 15:49:08.000,43315152.0,25627.0,54776845.0,228.0,original,228.0,original,230.0,original,0.0,gap_too_large,0.0,gap_too_large,0.0,gap_too_large,50.01,original,1.0,original,43315152.0,original,25627.0,original,54776845.0,original,31584800.0,original,-119.0,original
3118227.0,37.0,2025-01-01 16:00:00,WITEL_AHU_L8,31584800.0,228.0,228.0,230.0,0.0,0.0,0.0,50.02,1.0,2025-01-01 15:59:23.000,2025-01-01 15:59:23.000,2025-01-01 15:59:23.000,43315152.0,25627.0,54776845.0,228.0,original,228.0,original,230.0,original,0.0,gap_too_large,0.0,gap_too_large,0.0,gap_too_large,50.02,original,1.0,original,43315152.0,original,25627.0,original,54776845.0,original,31584800.0,original,-102.0,original
3118417.0,37.0,2025-01-01 16:20:00,WITEL_AHU_L8,31584800.0,228.0,228.0,230.0,0.0,0.0,0.0,50.03,1.0,2025-01-01 16:19:17.000,2025-01-01 16:19:17.000,2025-01-01 16:19:17.000,43315152.0,25627.0,54776845.0,228.0,original,228.0,original,230.0,original,0.0,gap_too_large,0.0,gap_too_large,0.0,gap_too_large,50.03,original,1.0,original,43315152.0,original,25627.0,original,54776845.0,original,31584800.0,original,-101.0,original
3118612.0,37.0,2025-01-01 16:40:00,WITEL_AHU_L8,31584800.0,228.0,228.0,230.0,0.0,0.0,0.0,50.01,1.0,2025-01-01 16:39:12.000,2025-01-01 16:39:12.000,2025-01-01 16:39:12.000,43315152.0,25627.0,54776845.0,228.0,original,228.0,original,230.0,original,0.0,gap_too_large,0.0,gap_too_large,0.0,gap_too_large,50.01,original,1.0,original,43315152.0,original,25627.0,original,54776845.0,original,31584800.0,original,-102.0,original
3118612.0,,2025-01-01 17:00:00,WITEL_AHU_L8,31584800.0,228.0,228.0,230.0,0.0,0.0,0.0,50.035,1.0,,,,43315152.0,25627.0,54776845.0,228.0,interpolated,228.0,interpolated,230.0,interpolated,0.0,gap_too_large,0.0,gap_too_large,0.0,gap_too_large,50.035,interpolated,1.0,interpolated,43315152.0,interpolated,25627.0,interpolated,54776845.0,interpolated,31584800.0,interpolated,-109.0,interpolated
3118961.0,37.0,2025-01-01 17:20:00,WITEL_AHU_L8,31584800.0,228.0,228.0,230.0,0.0,0.0,0.0,50.06,1.0,2025-01-01 17:29:17.000,2025-01-01 17:29:17.000,2025-01-01 17:29:17.000,43315152.0,25627.0,54776845.0,228.0,original,228.0,original,230.0,original,0.0,gap_too_large,0.0,gap_too_large,0.0,gap_too_large,50.06,original,1.0,original,43315152.0,original,25627.0,original,54776845.0,original,31584800.0,original,-116.0,original
3119281.0,37.0,2025-01-01 17:40:00,WITEL_AHU_L8,31584800.0,228.0,227.0,229.0,0.0,0.0,0.0,50.05,1.0,2025-01-01 17:49:10.000,2025-01-01 17:49:10.000,2025-01-01 17:49:10.000,43315152.0,25627.0,54776845.0,228.0,original,227.0,original,229.0,original,0.0,gap_too_large,0.0,gap_too_large,0.0,gap_too_large,50.05,original,1.0,original,43315152.0,original,25627.0,original,54776845.0,original,31584800.0,original,-118.0,original
3119673.0,37.0,2025-01-01 18:00:00,WITEL_AHU_L8,31584800.0,227.0,227.0,229.0,0.0,0.0,0.0,49.99,1.0,2025-01-01 18:09:08.000,2025-01-01 18:09:08.000,2025-01-01 18:09:08.000,43315152.0,25627.0,54776845.0,227.0,original,227.0,original,229.0,original,0.0,gap_too_large,0.0,gap_too_large,0.0,gap_too_large,49.99,original,1.0,original,43315152.0,original,25627.0,original,54776845.0,original,31584800.0,original,-102.0,original
3119945.0,37.0,2025-01-01 18:20:00,WITEL_AHU_L8,31584800.0,228.0,227.0,229.0,0.0,0.0,0.0,50.03,1.0,2025-01-01 18:19:20.000,2025-01-01 18:19:20.000,2025-01-01 18:19:20.000,43315152.0,25627.0,54776845.0,228.0,original,227.0,original,229.0,original,0.0,gap_too_large,0.0,gap_too_large,0.0,gap_too_large,50.03,original,1.0,original,43315152.0,original,25627.0,original,54776845.0,original,31584800.0,original,-111.0,original
3119945.0,,2025-01-01 18:40:00,WITEL_AHU_L8,31584800.0,228.0,227.0,229.0,0.0,0.0,0.0,50.045,1.0,,,,43315152.0,25627.0,54776845.0,228.0,interpolated,227.0,interpolated,229.0,interpolated,0.0,gap_too_large,0.0,gap_too_large,0.0,gap_too_large,50.045,interpolated,1.0,interpolated,43315152.0,interpolated,25627.0,interpolated,54776845.0,interpolated,31584800.0,interpolated,-110.0,interpolated
3120415.0,37.0,2025-01-01 19:00:00,WITEL_AHU_L8,31584800.0,228.0,227.0,229.0,0.0,0.0,0.0,50.06,1.0,2025-01-01 18:59:21.000,2025-01-01 18:59:21.000,2025-01-01 18:59:21.000,43315152.0,25627.0,54776845.0,228.0,original,227.0,original,229.0,original,0.0,gap_too_large,0.0,gap_too_large,0.0,gap_too_large,50.06,original,1.0,original,43315152.0,original,25627.0,original,54776845.0,original,31584800.0,original,-109.0,original
3120921.0,37.0,2025-01-01 19:20:00,WITEL_AHU_L8,31584800.0,228.0,227.0,229.0,0.0,0.0,0.0,50.02,1.0,2025-01-01 19:19:19.000,2025-01-01 19:19:19.000,2025-01-01 19:19:19.000,43315152.0,25627.0,54776845.0,228.0,original,227.0,original,229.0,original,0.0,gap_too_large,0.0,gap_too_large,0.0,gap_too_large,50.02,original,1.0,original,43315152.0,original,25627.0,original,54776845.0,original,31584800.0,original,-119.0,original
3121482.0,37.0,2025-01-01 19:40:00,WITEL_AHU_L8,31584800.0,228.0,227.0,230.0,0.0,0.0,0.0,50.0,1.0,2025-01-01 19:39:21.000,2025-01-01 19:39:21.000,2025-01-01 19:39:21.000,43315152.0,25627.0,54776845.0,228.0,original,227.0,original,230.0,original,0.0,gap_too_large,0.0,gap_too_large,0.0,gap_too_large,50.0,original,1.0,original,43315152.0,original,25627.0,original,54776845.0,original,31584800.0,original,-119.0,original
3121482.0,,2025-01-01 20:00:00,WITEL_AHU_L8,0.0,0.0,0.0,0.0,0.0,0.0,0.0,0.0,0.0,,,,0.0,0.0,0.0,0.0,gap_too_large,0.0,gap_too_large,0.0,gap_too_large,0.0,gap_too_large,0.0,gap_too_large,0.0,gap_too_large,0.0,gap_too_large,0.0,gap_too_large,0.0,gap_too_large,0.0,gap_too_large,0.0,gap_too_large,0.0,gap_too_large,0.0,gap_too_large
3121482.0,,2025-01-01 20:20:00,WITEL_AHU_L8,0.0,0.0,0.0,0.0,0.0,0.0,0.0,0.0,0.0,,,,0.0,0.0,0.0,0.0,gap_too_large,0.0,gap_too_large,0.0,gap_too_large,0.0,gap_too_large,0.0,gap_too_large,0.0,gap_too_large,0.0,gap_too_large,0.0,gap_too_large,0.0,gap_too_large,0.0,gap_too_large,0.0,gap_too_large,0.0,gap_too_large,0.0,gap_too_large
3121482.0,,2025-01-01 20:40:00,WITEL_AHU_L8,0.0,0.0,0.0,0.0,0.0,0.0,0.0,0.0,0.0,,,,0.0,0.0,0.0,0.0,gap_too_large,0.0,gap_too_large,0.0,gap_too_large,0.0,gap_too_large,0.0,gap_too_large,0.0,gap_too_large,0.0,gap_too_large,0.0,gap_too_large,0.0,gap_too_large,0.0,gap_too_large,0.0,gap_too_large,0.0,gap_too_large,0.0,gap_too_large
3121482.0,,2025-01-01 21:00:00,WITEL_AHU_L8,0.0,0.0,0.0,0.0,0.0,0.0,0.0,0.0,0.0,,,,0.0,0.0,0.0,0.0,gap_too_large,0.0,gap_too_large,0.0,gap_too_large,0.0,gap_too_large,0.0,gap_too_large,0.0,gap_too_large,0.0,gap_too_large,0.0,gap_too_large,0.0,gap_too_large,0.0,gap_too_large,0.0,gap_too_large,0.0,gap_too_large,0.0,gap_too_large
3121482.0,,2025-01-01 21:20:00,WITEL_AHU_L8,0.0,0.0,0.0,0.0,0.0,0.0,0.0,0.0,0.0,,,,0.0,0.0,0.0,0.0,gap_too_large,0.0,gap_too_large,0.0,gap_too_large,0.0,gap_too_large,0.0,gap_too_large,0.0,gap_too_large,0.0,gap_too_large,0.0,gap_too_large,0.0,gap_too_large,0.0,gap_too_large,0.0,gap_too_large,0.0,gap_too_large,0.0,gap_too_large
3121482.0,,2025-01-01 21:40:00,WITEL_AHU_L8,0.0,0.0,0.0,0.0,0.0,0.0,0.0,0.0,0.0,,,,0.0,0.0,0.0,0.0,gap_too_large,0.0,gap_too_large,0.0,gap_too_large,0.0,gap_too_large,0.0,gap_too_large,0.0,gap_too_large,0.0,gap_too_large,0.0,gap_too_large,0.0,gap_too_large,0.0,gap_too_large,0.0,gap_too_large,0.0,gap_too_large,0.0,gap_too_large
3121862.0,37.0,2025-01-01 22:00:00,WITEL_AHU_L8,31584800.0,231.0,231.0,233.0,0.0,0.0,0.0,50.02,1.0,2025-01-01 22:09:11.000,2025-01-01 22:09:11.000,2025-01-01 22:09:11.000,43315152.0,25627.0,54776845.0,231.0,original,231.0,original,233.0,original,0.0,gap_too_large,0.0,gap_too_large,0.0,gap_too_large,50.02,original,1.0,original,43315152.0,original,25627.0,original,54776845.0,original,31584800.0,original,-99.0,original
3122462.0,37.0,2025-01-01 22:20:00,WITEL_AHU_L8,31584800.0,231.0,231.0,233.0,0.0,0.0,0.0,49.96,1.0,2025-01-01 22:29:21.000,2025-01-01 22:29:21.000,2025-01-01 22:29:21.000,43315152.0,25627.0,54776845.0,231.0,original,231.0,original,233.0,original,0.0,gap_too_large,0.0,gap_too_large,0.0,gap_too_large,49.96,original,1.0,original,43315152.0,original,25627.0,original,54776845.0,original,31584800.0,original,-105.0,original
3122762.0,37.0,2025-01-01 22:40:00,WITEL_AHU_L8,31584800.0,228.0,228.0,230.0,0.0,0.0,0.0,49.99,1.0,2025-01-01 22:39:24.000,2025-01-01 22:39:24.000,2025-01-01 22:39:24.000,43315152.0,25627.0,54776845.0,228.0,original,228.0,original,230.0,original,0.0,gap_too_large,0.0,gap_too_large,0.0,gap_too_large,49.99,original,1.0,original,43315152.0,original,25627.0,original,54776845.0,original,31584800.0,original,-119.0,original
3123194.0,37.0,2025-01-01 23:00:00,WITEL_AHU_L8,31584800.0,228.0,228.0,230.0,0.0,0.0,0.0,50.0,1.0,2025-01-01 22:59:08.000,2025-01-01 22:59:08.000,2025-01-01 22:59:08.000,43315152.0,25627.0,54776845.0,228.0,original,228.0,original,230.0,original,0.0,gap_too_large,0.0,gap_too_large,0.0,gap_too_large,50.0,original,1.0,original,43315152.0,original,25627.0,original,54776845.0,original,31584800.0,original,-117.0,original
3123746.0,37.0,2025-01-01 23:20:00,WITEL_AHU_L8,31584800.0,228.0,228.0,230.0,0.0,0.0,0.0,49.96,1.0,2025-01-01 23:19:13.000,2025-01-01 23:19:13.000,2025-01-01 23:19:13.000,43315152.0,25627.0,54776845.0,228.0,original,228.0,original,230.0,original,0.0,gap_too_large,0.0,gap_too_large,0.0,gap_too_large,49.96,original,1.0,original,43315152.0,original,25627.0,original,54776845.0,original,31584800.0,original,-120.0,original
3124514.0,37.0,2025-01-01 23:40:00,WITEL_AHU_L8,31584800.0,229.0,229.0,231.0,0.0,0.0,0.0,50.06,1.0,2025-01-01 23:49:08.000,2025-01-01 23:49:08.000,2025-01-01 23:49:08.000,43315152.0,25627.0,54776845.0,229.0,original,229.0,original,231.0,original,0.0,gap_too_large,0.0,gap_too_large,0.0,gap_too_large,50.06,original,1.0,original,43315152.0,original,25627.0,original,54776845.0,original,31584800.0,original,-117.0,original
3124910.0,37.0,2025-01-02 00:00:00,WITEL_AHU_L8,31584800.0,229.0,229.0,231.0,0.0,0.0,0.0,50.0,1.0,2025-01-01 23:59:21.000,2025-01-01 23:59:21.000,2025-01-01 23:59:21.000,43315152.0,25627.0,54776845.0,229.0,original,229.0,original,231.0,original,0.0,gap_too_large,0.0,gap_too_large,0.0,gap_too_large,50.0,original,1.0,original,43315152.0,original,25627.0,original,54776845.0,original,31584800.0,original,-117.0,original
3125630.0,37.0,2025-01-02 00:20:00,WITEL_AHU_L8,31584800.0,229.0,229.0,231.0,0.0,0.0,0.0,50.04,1.0,2025-01-02 00:29:14.000,2025-01-02 00:29:14.000,2025-01-02 00:29:14.000,43315152.0,25627.0,54776845.0,229.0,original,229.0,original,231.0,original,0.0,gap_too_large,0.0,gap_too_large,0.0,gap_too_large,50.04,original,1.0,original,43315152.0,original,25627.0,original,54776845.0,original,31584800.0,original,-117.0,original
3126230.0,37.0,2025-01-02 00:40:00,WITEL_AHU_L8,31584800.0,229.0,229.0,231.0,0.0,0.0,0.0,50.06,1.0,2025-01-02 00:46:50.000,2025-01-02 00:46:50.000,2025-01-02 00:46:50.000,43315152.0,25627.0,54776845.0,229.0,original,229.0,original,231.0,original,0.0,gap_too_large,0.0,gap_too_large,0.0,gap_too_large,50.06,original,1.0,original,43315152.0,original,25627.0,original,54776845.0,original,31584800.0,original,-105.0,original
3126746.0,37.0,2025-01-02 01:00:00,WITEL_AHU_L8,31584800.0,229.0,229.0,231.0,0.0,0.0,0.0,50.02,1.0,2025-01-02 00:59:21.000,2025-01-02 00:59:21.000,2025-01-02 00:59:21.000,43315152.0,25627.0,54776845.0,229.0,original,229.0,original,231.0,original,0.0,gap_too_large,0.0,gap_too_large,0.0,gap_too_large,50.02,original,1.0,original,43315152.0,original,25627.0,original,54776845.0,original,31584800.0,original,-102.0,original
3127610.0,37.0,2025-01-02 01:20:00,WITEL_AHU_L8,31584800.0,229.0,229.0,231.0,0.0,0.0,0.0,50.03,1.0,2025-01-02 01:30:13.000,2025-01-02 01:30:13.000,2025-01-02 01:30:13.000,43315152.0,25627.0,54776845.0,229.0,original,229.0,original,231.0,original,0.0,gap_too_large,0.0,gap_too_large,0.0,gap_too_large,50.03,original,1.0,original,43315152.0,original,25627.0,original,54776845.0,original,31584800.0,original,-118.0,original
3127886.0,37.0,2025-01-02 01:40:00,WITEL_AHU_L8,31584800.0,229.0,229.0,231.0,0.0,0.0,0.0,50.04,1.0,2025-01-02 01:39:19.000,2025-01-02 01:39:19.000,2025-01-02 01:39:19.000,43315152.0,25627.0,54776845.0,229.0,original,229.0,original,231.0,original,0.0,gap_too_large,0.0,gap_too_large,0.0,gap_too_large,50.04,original,1.0,original,43315152.0,original,25627.0,original,54776845.0,original,31584800.0,original,-109.0,original
3128378.0,37.0,2025-01-02 02:00:00,WITEL_AHU_L8,31584800.0,229.0,229.0,232.0,0.0,0.0,0.0,50.04,1.0,2025-01-02 01:59:07.000,2025-01-02 01:59:07.000,2025-01-02 01:59:07.000,43315152.0,25627.0,54776845.0,229.0,original,229.0,original,232.0,original,0.0,gap_too_large,0.0,gap_too_large,0.0,gap_too_large,50.04,original,1.0,original,43315152.0,original,25627.0,original,54776845.0,original,31584800.0,original,-101.0,original
3129026.0,37.0,2025-01-02 02:20:00,WITEL_AHU_L8,31584800.0,230.0,229.0,232.0,0.0,0.0,0.0,50.01,1.0,2025-01-02 02:19:22.000,2025-01-02 02:19:22.000,2025-01-02 02:19:22.000,43315152.0,25627.0,54776845.0,230.0,original,229.0,original,232.0,original,0.0,gap_too_large,0.0,gap_too_large,0.0,gap_too_large,50.01,original,1.0,original,43315152.0,original,25627.0,original,54776845.0,original,31584800.0,original,-99.0,original
3129410.0,37.0,2025-01-02 02:40:00,WITEL_AHU_L8,31584800.0,230.0,230.0,232.0,0.0,0.0,0.0,50.05,1.0,2025-01-02 02:39:07.000,2025-01-02 02:39:07.000,2025-01-02 02:39:07.000,43315152.0,25627.0,54776845.0,230.0,original,230.0,original,232.0,original,0.0,gap_too_large,0.0,gap_too_large,0.0,gap_too_large,50.05,original,1.0,original,43315152.0,original,25627.0,original,54776845.0,original,31584800.0,original,-119.0,original
3130406.0,37.0,2025-01-02 03:00:00,WITEL_AHU_L8,31584800.0,230.0,230.0,232.0,0.0,0.0,0.0,50.06,1.0,2025-01-02 03:09:26.000,2025-01-02 03:09:26.000,2025-01-02 03:09:26.000,43315152.0,25627.0,54776845.0,230.0,original,230.0,original,232.0,original,0.0,gap_too_large,0.0,gap_too_large,0.0,gap_too_large,50.06,original,1.0,original,43315152.0,original,25627.0,original,54776845.0,original,31584800.0,original,-93.0,original
3130646.0,37.0,2025-01-02 03:20:00,WITEL_AHU_L8,31584800.0,230.0,230.0,232.0,0.0,0.0,0.0,50.08,1.0,2025-01-02 03:19:16.000,2025-01-02 03:19:16.000,2025-01-02 03:19:16.000,43315152.0,25627.0,54776845.0,230.0,original,230.0,original,232.0,original,0.0,gap_too_large,0.0,gap_too_large,0.0,gap_too_large,50.08,original,1.0,original,43315152.0,original,25627.0,original,54776845.0,original,31584800.0,original,-101.0,original
3131378.0,37.0,2025-01-02 03:40:00,WITEL_AHU_L8,31584800.0,230.0,230.0,232.0,0.0,0.0,0.0,50.04,1.0,2025-01-02 03:49:09.000,2025-01-02 03:49:09.000,2025-01-02 03:49:09.000,43315152.0,25627.0,54776845.0,230.0,original,230.0,original,232.0,original,0.0,gap_too_large,0.0,gap_too_large,0.0,gap_too_large,50.04,original,1.0,original,43315152.0,original,25627.0,original,54776845.0,original,31584800.0,original,-118.0,original
3131714.0,37.0,2025-01-02 04:00:00,WITEL_AHU_L8,31584800.0,230.0,230.0,232.0,0.0,0.0,0.0,50.05,1.0,2025-01-02 03:59:10.000,2025-01-02 03:59:10.000,2025-01-02 03:59:10.000,43315152.0,25627.0,54776845.0,230.0,original,230.0,original,232.0,original,0.0,gap_too_large,0.0,gap_too_large,0.0,gap_too_large,50.05,original,1.0,original,43315152.0,original,25627.0,original,54776845.0,original,31584800.0,original,-120.0,original
3132302.0,37.0,2025-01-02 04:20:00,WITEL_AHU_L8,31584800.0,230.0,230.0,232.0,0.0,0.0,0.0,50.06,1.0,2025-01-02 04:19:21.000,2025-01-02 04:19:21.000,2025-01-02 04:19:21.000,43315152.0,25627.0,54776845.0,230.0,original,230.0,original,232.0,original,0.0,gap_too_large,0.0,gap_too_large,0.0,gap_too_large,50.06,original,1.0,original,43315152.0,original,25627.0,original,54776845.0,original,31584800.0,original,-120.0,original
3132890.0,37.0,2025-01-02 04:40:00,WITEL_AHU_L8,31584800.0,230.0,229.0,232.0,0.0,0.0,0.0,50.0,1.0,2025-01-02 04:39:24.000,2025-01-02 04:39:24.000,2025-01-02 04:39:24.000,43315152.0,25627.0,54776845.0,230.0,original,229.0,original,232.0,original,0.0,gap_too_large,0.0,gap_too_large,0.0,gap_too_large,50.0,original,1.0,original,43315152.0,original,25627.0,original,54776845.0,original,31584800.0,original,-116.0,original
3133466.0,37.0,2025-01-02 05:00:00,WITEL_AHU_L8,31584800.0,229.0,229.0,231.0,0.0,0.0,0.0,50.03,1.0,2025-01-02 04:59:19.000,2025-01-02 04:59:19.000,2025-01-02 04:59:19.000,43315152.0,25627.0,54776845.0,229.0,original,229.0,original,231.0,original,0.0,gap_too_large,0.0,gap_too_large,0.0,gap_too_large,50.03,original,1.0,original,43315152.0,original,25627.0,original,54776845.0,original,31584800.0,original,-115.0,original
3133922.0,37.0,2025-01-02 05:20:00,WITEL_AHU_L8,31584800.0,228.0,228.0,230.0,0.0,0.0,0.0,50.04,1.0,2025-01-02 05:19:05.000,2025-01-02 05:19:05.000,2025-01-02 05:19:05.000,43315152.0,25627.0,54776845.0,228.0,original,228.0,original,230.0,original,0.0,gap_too_large,0.0,gap_too_large,0.0,gap_too_large,50.04,original,1.0,original,43315152.0,original,25627.0,original,54776845.0,original,31584800.0,original,-99.0,original
3134654.0,37.0,2025-01-02 05:40:00,WITEL_AHU_L8,31584800.0,228.0,228.0,230.0,0.0,0.0,0.0,50.02,1.0,2025-01-02 05:39:21.000,2025-01-02 05:39:21.000,2025-01-02 05:39:21.000,43315152.0,25627.0,54776845.0,228.0,original,228.0,original,230.0,original,0.0,gap_too_large,0.0,gap_too_large,0.0,gap_too_large,50.02,original,1.0,original,43315152.0,original,25627.0,original,54776845.0,original,31584800.0,original,-115.0,original
3135278.0,37.0,2025-01-02 06:00:00,WITEL_AHU_L8,31584800.0,227.0,227.0,229.0,0.0,0.0,0.0,49.94,1.0,2025-01-02 05:59:20.000,2025-01-02 05:59:20.000,2025-01-02 05:59:20.000,43315152.0,25627.0,54776845.0,227.0,original,227.0,original,229.0,original,0.0,gap_too_large,0.0,gap_too_large,0.0,gap_too_large,49.94,original,1.0,original,43315152.0,original,25627.0,original,54776845.0,original,31584800.0,original,-109.0,original
3136118.0,37.0,2025-01-02 06:20:00,WITEL_AHU_L8,31584800.0,225.0,224.0,227.0,0.0,0.0,0.0,50.06,1.0,2025-01-02 06:29:26.000,2025-01-02 06:29:26.000,2025-01-02 06:29:26.000,43315152.0,25627.0,54776845.0,225.0,original,224.0,original,227.0,original,0.0,gap_too_large,0.0,gap_too_large,0.0,gap_too_large,50.06,original,1.0,original,43315152.0,original,25627.0,original,54776845.0,original,31584800.0,original,-119.0,original
3136622.0,37.0,2025-01-02 06:40:00,WITEL_AHU_L8,31584800.0,227.0,226.0,229.0,0.0,0.0,0.0,49.96,1.0,2025-01-02 06:49:16.000,2025-01-02 06:49:16.000,2025-01-02 06:49:16.000,43315152.0,25627.0,54776845.0,227.0,original,226.0,original,229.0,original,0.0,gap_too_large,0.0,gap_too_large,0.0,gap_too_large,49.96,original,1.0,original,43315152.0,original,25627.0,original,54776845.0,original,31584800.0,original,-118.0,original
3136898.0,37.0,2025-01-02 07:00:00,WITEL_AHU_L8,31584800.0,226.0,226.0,228.0,0.0,0.0,0.0,49.95,1.0,2025-01-02 06:59:15.000,2025-01-02 06:59:15.000,2025-01-02 06:59:15.000,43315152.0,25627.0,54776845.0,226.0,original,226.0,original,228.0,original,0.0,gap_too_large,0.0,gap_too_large,0.0,gap_too_large,49.95,original,1.0,original,43315152.0,original,25627.0,original,54776845.0,original,31584800.0,original,-119.0,original
3137390.0,37.0,2025-01-02 07:20:00,WITEL_AHU_L8,31584800.0,226.0,225.0,228.0,0.0,0.0,0.0,50.05,1.0,2025-01-02 07:19:08.000,2025-01-02 07:19:08.000,2025-01-02 07:19:08.000,43315152.0,25627.0,54776845.0,226.0,original,225.0,original,228.0,original,0.0,gap_too_large,0.0,gap_too_large,0.0,gap_too_large,50.05,original,1.0,original,43315152.0,original,25627.0,original,54776845.0,original,31584800.0,original,-119.0,original
3138374.0,37.0,2025-01-02 07:40:00,WITEL_AHU_L8,31584800.0,227.0,226.0,229.0,0.0,0.0,0.0,50.03,1.0,2025-01-02 07:49:27.000,2025-01-02 07:49:27.000,2025-01-02 07:49:27.000,43315152.0,25627.0,54776845.0,227.0,original,226.0,original,229.0,original,0.0,gap_too_large,0.0,gap_too_large,0.0,gap_too_large,50.03,original,1.0,original,43315152.0,original,25627.0,original,54776845.0,original,31584800.0,original,-121.0,original
3138890.0,37.0,2025-01-02 08:00:00,WITEL_AHU_L8,31584800.0,227.0,226.0,229.0,0.0,0.0,0.0,50.1,1.0,2025-01-02 08:09:13.000,2025-01-02 08:09:13.000,2025-01-02 08:09:13.000,43315152.0,25627.0,54776845.0,227.0,original,226.0,original,229.0,original,0.0,gap_too_large,0.0,gap_too_large,0.0,gap_too_large,50.1,original,1.0,original,43315152.0,original,25627.0,original,54776845.0,original,31584800.0,original,-107.0,original
3139130.0,37.0,2025-01-02 08:20:00,WITEL_AHU_L8,31584800.0,226.0,225.0,228.0,0.0,0.0,0.0,50.02,1.0,2025-01-02 08:19:05.000,2025-01-02 08:19:05.000,2025-01-02 08:19:05.000,43315152.0,25627.0,54776845.0,226.0,original,225.0,original,228.0,original,0.0,gap_too_large,0.0,gap_too_large,0.0,gap_too_large,50.02,original,1.0,original,43315152.0,original,25627.0,original,54776845.0,original,31584800.0,original,-99.0,original
3139130.0,,2025-01-02 08:40:00,WITEL_AHU_L8,0.0,0.0,0.0,0.0,0.0,0.0,0.0,0.0,0.0,,,,0.0,0.0,0.0,0.0,gap_too_large,0.0,gap_too_large,0.0,gap_too_large,0.0,gap_too_large,0.0,gap_too_large,0.0,gap_too_large,0.0,gap_too_large,0.0,gap_too_large,0.0,gap_too_large,0.0,gap_too_large,0.0,gap_too_large,0.0,gap_too_large,0.0,gap_too_large
3139130.0,,2025-01-02 09:00:00,WITEL_AHU_L8,0.0,0.0,0.0,0.0,0.0,0.0,0.0,0.0,0.0,,,,0.0,0.0,0.0,0.0,gap_too_large,0.0,gap_too_large,0.0,gap_too_large,0.0,gap_too_large,0.0,gap_too_large,0.0,gap_too_large,0.0,gap_too_large,0.0,gap_too_large,0.0,gap_too_large,0.0,gap_too_large,0.0,gap_too_large,0.0,gap_too_large,0.0,gap_too_large
3139130.0,,2025-01-02 09:20:00,WITEL_AHU_L8,0.0,0.0,0.0,0.0,0.0,0.0,0.0,0.0,0.0,,,,0.0,0.0,0.0,0.0,gap_too_large,0.0,gap_too_large,0.0,gap_too_large,0.0,gap_too_large,0.0,gap_too_large,0.0,gap_too_large,0.0,gap_too_large,0.0,gap_too_large,0.0,gap_too_large,0.0,gap_too_large,0.0,gap_too_large,0.0,gap_too_large,0.0,gap_too_large
3139130.0,,2025-01-02 09:40:00,WITEL_AHU_L8,0.0,0.0,0.0,0.0,0.0,0.0,0.0,0.0,0.0,,,,0.0,0.0,0.0,0.0,gap_too_large,0.0,gap_too_large,0.0,gap_too_large,0.0,gap_too_large,0.0,gap_too_large,0.0,gap_too_large,0.0,gap_too_large,0.0,gap_too_large,0.0,gap_too_large,0.0,gap_too_large,0.0,gap_too_large,0.0,gap_too_large,0.0,gap_too_large
3139130.0,,2025-01-02 10:00:00,WITEL_AHU_L8,0.0,0.0,0.0,0.0,0.0,0.0,0.0,0.0,0.0,,,,0.0,0.0,0.0,0.0,gap_too_large,0.0,gap_too_large,0.0,gap_too_large,0.0,gap_too_large,0.0,gap_too_large,0.0,gap_too_large,0.0,gap_too_large,0.0,gap_too_large,0.0,gap_too_large,0.0,gap_too_large,0.0,gap_too_large,0.0,gap_too_large,0.0,gap_too_large
3139130.0,,2025-01-02 10:20:00,WITEL_AHU_L8,0.0,0.0,0.0,0.0,0.0,0.0,0.0,0.0,0.0,,,,0.0,0.0,0.0,0.0,gap_too_large,0.0,gap_too_large,0.0,gap_too_large,0.0,gap_too_large,0.0,gap_too_large,0.0,gap_too_large,0.0,gap_too_large,0.0,gap_too_large,0.0,gap_too_large,0.0,gap_too_large,0.0,gap_too_large,0.0,gap_too_large,0.0,gap_too_large
3139130.0,,2025-01-02 10:40:00,WITEL_AHU_L8,0.0,0.0,0.0,0.0,0.0,0.0,0.0,0.0,0.0,,,,0.0,0.0,0.0,0.0,gap_too_large,0.0,gap_too_large,0.0,gap_too_large,0.0,gap_too_large,0.0,gap_too_large,0.0,gap_too_large,0.0,gap_too_large,0.0,gap_too_large,0.0,gap_too_large,0.0,gap_too_large,0.0,gap_too_large,0.0,gap_too_large,0.0,gap_too_large
3139130.0,,2025-01-02 11:00:00,WITEL_AHU_L8,0.0,0.0,0.0,0.0,0.0,0.0,0.0,0.0,0.0,,,,0.0,0.0,0.0,0.0,gap_too_large,0.0,gap_too_large,0.0,gap_too_large,0.0,gap_too_large,0.0,gap_too_large,0.0,gap_too_large,0.0,gap_too_large,0.0,gap_too_large,0.0,gap_too_large,0.0,gap_too_large,0.0,gap_too_large,0.0,gap_too_large,0.0,gap_too_large
3139130.0,,2025-01-02 11:20:00,WITEL_AHU_L8,0.0,0.0,0.0,0.0,0.0,0.0,0.0,0.0,0.0,,,,0.0,0.0,0.0,0.0,gap_too_large,0.0,gap_too_large,0.0,gap_too_large,0.0,gap_too_large,0.0,gap_too_large,0.0,gap_too_large,0.0,gap_too_large,0.0,gap_too_large,0.0,gap_too_large,0.0,gap_too_large,0.0,gap_too_large,0.0,gap_too_large,0.0,gap_too_large
3139130.0,,2025-01-02 11:40:00,WITEL_AHU_L8,0.0,0.0,0.0,0.0,0.0,0.0,0.0,0.0,0.0,,,,0.0,0.0,0.0,0.0,gap_too_large,0.0,gap_too_large,0.0,gap_too_large,0.0,gap_too_large,0.0,gap_too_large,0.0,gap_too_large,0.0,gap_too_large,0.0,gap_too_large,0.0,gap_too_large,0.0,gap_too_large,0.0,gap_too_large,0.0,gap_too_large,0.0,gap_too_large
3139130.0,,2025-01-02 12:00:00,WITEL_AHU_L8,0.0,0.0,0.0,0.0,0.0,0.0,0.0,0.0,0.0,,,,0.0,0.0,0.0,0.0,gap_too_large,0.0,gap_too_large,0.0,gap_too_large,0.0,gap_too_large,0.0,gap_too_large,0.0,gap_too_large,0.0,gap_too_large,0.0,gap_too_large,0.0,gap_too_large,0.0,gap_too_large,0.0,gap_too_large,0.0,gap_too_large,0.0,gap_too_large
3139130.0,,2025-01-02 12:20:00,WITEL_AHU_L8,0.0,0.0,0.0,0.0,0.0,0.0,0.0,0.0,0.0,,,,0.0,0.0,0.0,0.0,gap_too_large,0.0,gap_too_large,0.0,gap_too_large,0.0,gap_too_large,0.0,gap_too_large,0.0,gap_too_large,0.0,gap_too_large,0.0,gap_too_large,0.0,gap_too_large,0.0,gap_too_large,0.0,gap_too_large,0.0,gap_too_large,0.0,gap_too_large
3139130.0,,2025-01-02 12:40:00,WITEL_AHU_L8,0.0,0.0,0.0,0.0,0.0,0.0,0.0,0.0,0.0,,,,0.0,0.0,0.0,0.0,gap_too_large,0.0,gap_too_large,0.0,gap_too_large,0.0,gap_too_large,0.0,gap_too_large,0.0,gap_too_large,0.0,gap_too_large,0.0,gap_too_large,0.0,gap_too_large,0.0,gap_too_large,0.0,gap_too_large,0.0,gap_too_large,0.0,gap_too_large
3139130.0,,2025-01-02 13:00:00,WITEL_AHU_L8,0.0,0.0,0.0,0.0,0.0,0.0,0.0,0.0,0.0,,,,0.0,0.0,0.0,0.0,gap_too_large,0.0,gap_too_large,0.0,gap_too_large,0.0,gap_too_large,0.0,gap_too_large,0.0,gap_too_large,0.0,gap_too_large,0.0,gap_too_large,0.0,gap_too_large,0.0,gap_too_large,0.0,gap_too_large,0.0,gap_too_large,0.0,gap_too_large
3139130.0,,2025-01-02 13:20:00,WITEL_AHU_L8,0.0,0.0,0.0,0.0,0.0,0.0,0.0,0.0,0.0,,,,0.0,0.0,0.0,0.0,gap_too_large,0.0,gap_too_large,0.0,gap_too_large,0.0,gap_too_large,0.0,gap_too_large,0.0,gap_too_large,0.0,gap_too_large,0.0,gap_too_large,0.0,gap_too_large,0.0,gap_too_large,0.0,gap_too_large,0.0,gap_too_large,0.0,gap_too_large
3139130.0,,2025-01-02 13:40:00,WITEL_AHU_L8,0.0,0.0,0.0,0.0,0.0,0.0,0.0,0.0,0.0,,,,0.0,0.0,0.0,0.0,gap_too_large,0.0,gap_too_large,0.0,gap_too_large,0.0,gap_too_large,0.0,gap_too_large,0.0,gap_too_large,0.0,gap_too_large,0.0,gap_too_large,0.0,gap_too_large,0.0,gap_too_large,0.0,gap_too_large,0.0,gap_too_large,0.0,gap_too_large
3139130.0,,2025-01-02 14:00:00,WITEL_AHU_L8,0.0,0.0,0.0,0.0,0.0,0.0,0.0,0.0,0.0,,,,0.0,0.0,0.0,0.0,gap_too_large,0.0,gap_too_large,0.0,gap_too_large,0.0,gap_too_large,0.0,gap_too_large,0.0,gap_too_large,0.0,gap_too_large,0.0,gap_too_large,0.0,gap_too_large,0.0,gap_too_large,0.0,gap_too_large,0.0,gap_too_large,0.0,gap_too_large
3139130.0,,2025-01-02 14:20:00,WITEL_AHU_L8,0.0,0.0,0.0,0.0,0.0,0.0,0.0,0.0,0.0,,,,0.0,0.0,0.0,0.0,gap_too_large,0.0,gap_too_large,0.0,gap_too_large,0.0,gap_too_large,0.0,gap_too_large,0.0,gap_too_large,0.0,gap_too_large,0.0,gap_too_large,0.0,gap_too_large,0.0,gap_too_large,0.0,gap_too_large,0.0,gap_too_large,0.0,gap_too_large
3139130.0,,2025-01-02 14:40:00,WITEL_AHU_L8,0.0,0.0,0.0,0.0,0.0,0.0,0.0,0.0,0.0,,,,0.0,0.0,0.0,0.0,gap_too_large,0.0,gap_too_large,0.0,gap_too_large,0.0,gap_too_large,0.0,gap_too_large,0.0,gap_too_large,0.0,gap_too_large,0.0,gap_too_large,0.0,gap_too_large,0.0,gap_too_large,0.0,gap_too_large,0.0,gap_too_large,0.0,gap_too_large
3139130.0,,2025-01-02 15:00:00,WITEL_AHU_L8,0.0,0.0,0.0,0.0,0.0,0.0,0.0,0.0,0.0,,,,0.0,0.0,0.0,0.0,gap_too_large,0.0,gap_too_large,0.0,gap_too_large,0.0,gap_too_large,0.0,gap_too_large,0.0,gap_too_large,0.0,gap_too_large,0.0,gap_too_large,0.0,gap_too_large,0.0,gap_too_large,0.0,gap_too_large,0.0,gap_too_large,0.0,gap_too_large
3139130.0,,2025-01-02 15:20:00,WITEL_AHU_L8,0.0,0.0,0.0,0.0,0.0,0.0,0.0,0.0,0.0,,,,0.0,0.0,0.0,0.0,gap_too_large,0.0,gap_too_large,0.0,gap_too_large,0.0,gap_too_large,0.0,gap_too_large,0.0,gap_too_large,0.0,gap_too_large,0.0,gap_too_large,0.0,gap_too_large,0.0,gap_too_large,0.0,gap_too_large,0.0,gap_too_large,0.0,gap_too_large
3139130.0,,2025-01-02 15:40:00,WITEL_AHU_L8,0.0,0.0,0.0,0.0,0.0,0.0,0.0,0.0,0.0,,,,0.0,0.0,0.0,0.0,gap_too_large,0.0,gap_too_large,0.0,gap_too_large,0.0,gap_too_large,0.0,gap_too_large,0.0,gap_too_large,0.0,gap_too_large,0.0,gap_too_large,0.0,gap_too_large,0.0,gap_too_large,0.0,gap_too_large,0.0,gap_too_large,0.0,gap_too_large
3139130.0,,2025-01-02 16:00:00,WITEL_AHU_L8,0.0,0.0,0.0,0.0,0.0,0.0,0.0,0.0,0.0,,,,0.0,0.0,0.0,0.0,gap_too_large,0.0,gap_too_large,0.0,gap_too_large,0.0,gap_too_large,0.0,gap_too_large,0.0,gap_too_large,0.0,gap_too_large,0.0,gap_too_large,0.0,gap_too_large,0.0,gap_too_large,0.0,gap_too_large,0.0,gap_too_large,0.0,gap_too_large
3139130.0,,2025-01-02 16:20:00,WITEL_AHU_L8,0.0,0.0,0.0,0.0,0.0,0.0,0.0,0.0,0.0,,,,0.0,0.0,0.0,0.0,gap_too_large,0.0,gap_too_large,0.0,gap_too_large,0.0,gap_too_large,0.0,gap_too_large,0.0,gap_too_large,0.0,gap_too_large,0.0,gap_too_large,0.0,gap_too_large,0.0,gap_too_large,0.0,gap_too_large,0.0,gap_too_large,0.0,gap_too_large
3152774.0,37.0,2025-01-02 16:40:00,WITEL_AHU_L8,31584800.0,229.0,229.0,231.0,0.0,0.0,0.0,50.01,1.0,2025-01-02 16:50:03.000,2025-01-02 16:50:03.000,2025-01-02 16:50:03.000,43315152.0,25627.0,54776845.0,229.0,original,229.0,original,231.0,original,0.0,gap_too_large,0.0,gap_too_large,0.0,gap_too_large,50.01,original,1.0,original,43315152.0,original,25627.0,original,54776845.0,original,31584800.0,original,-99.0,original
3153086.0,37.0,2025-01-02 17:00:00,WITEL_AHU_L8,31584800.0,226.0,226.0,228.0,0.0,0.0,0.0,49.95,1.0,2025-01-02 16:59:14.000,2025-01-02 16:59:14.000,2025-01-02 16:59:14.000,43315152.0,25627.0,54776845.0,226.0,original,226.0,original,228.0,original,0.0,gap_too_large,0.0,gap_too_large,0.0,gap_too_large,49.95,original,1.0,original,43315152.0,original,25627.0,original,54776845.0,original,31584800.0,original,-104.0,original
3153602.0,37.0,2025-01-02 17:20:00,WITEL_AHU_L8,31584800.0,228.0,227.0,229.0,0.0,0.0,0.0,49.96,1.0,2025-01-02 17:19:07.000,2025-01-02 17:19:07.000,2025-01-02 17:19:07.000,43315152.0,25627.0,54776845.0,228.0,original,227.0,original,229.0,original,0.0,gap_too_large,0.0,gap_too_large,0.0,gap_too_large,49.96,original,1.0,original,43315152.0,original,25627.0,original,54776845.0,original,31584800.0,original,-115.0,original
3154250.0,37.0,2025-01-02 17:40:00,WITEL_AHU_L8,31584800.0,229.0,228.0,230.0,0.0,0.0,0.0,50.05,1.0,2025-01-02 17:39:22.000,2025-01-02 17:39:22.000,2025-01-02 17:39:22.000,43315152.0,25627.0,54776845.0,229.0,original,228.0,original,230.0,original,0.0,gap_too_large,0.0,gap_too_large,0.0,gap_too_large,50.05,original,1.0,original,43315152.0,original,25627.0,original,54776845.0,original,31584800.0,original,-118.0,original
3155186.0,37.0,2025-01-02 18:00:00,WITEL_AHU_L8,31584800.0,230.0,230.0,232.0,0.0,0.0,0.0,49.98,1.0,2025-01-02 18:09:25.000,2025-01-02 18:09:25.000,2025-01-02 18:09:25.000,43315152.0,25627.0,54776845.0,230.0,original,230.0,original,232.0,original,0.0,gap_too_large,0.0,gap_too_large,0.0,gap_too_large,49.98,original,1.0,original,43315152.0,original,25627.0,original,54776845.0,original,31584800.0,original,-101.0,original
3155678.0,37.0,2025-01-02 18:20:00,WITEL_AHU_L8,31584800.0,230.0,229.0,232.0,0.0,0.0,0.0,50.0,1.0,2025-01-02 18:29:07.000,2025-01-02 18:29:07.000,2025-01-02 18:29:07.000,43315152.0,25627.0,54776845.0,230.0,original,229.0,original,232.0,original,0.0,gap_too_large,0.0,gap_too_large,0.0,gap_too_large,50.0,original,1.0,original,43315152.0,original,25627.0,original,54776845.0,original,31584800.0,original,-100.0,original
3156026.0,37.0,2025-01-02 18:40:00,WITEL_AHU_L8,31584800.0,230.0,229.0,232.0,0.0,0.0,0.0,50.03,1.0,2025-01-02 18:39:10.000,2025-01-02 18:39:10.000,2025-01-02 18:39:10.000,43315152.0,25627.0,54776845.0,230.0,original,229.0,original,232.0,original,0.0,gap_too_large,0.0,gap_too_large,0.0,gap_too_large,50.03,original,1.0,original,43315152.0,original,25627.0,original,54776845.0,original,31584800.0,original,-118.0,original
3156590.0,37.0,2025-01-02 19:00:00,WITEL_AHU_L8,31584800.0,227.0,226.0,229.0,0.0,0.0,0.0,49.96,1.0,2025-01-02 18:59:11.000,2025-01-02 18:59:11.000,2025-01-02 18:59:11.000,43315152.0,25627.0,54776845.0,227.0,original,226.0,original,229.0,original,0.0,gap_too_large,0.0,gap_too_large,0.0,gap_too_large,49.96,original,1.0,original,43315152.0,original,25627.0,original,54776845.0,original,31584800.0,original,-119.0,original
3157166.0,37.0,2025-01-02 19:20:00,WITEL_AHU_L8,31584800.0,227.0,227.0,229.0,0.0,0.0,0.0,50.02,1.0,2025-01-02 19:19:10.000,2025-01-02 19:19:10.000,2025-01-02 19:19:10.000,43315152.0,25627.0,54776845.0,227.0,original,227.0,original,229.0,original,0.0,gap_too_large,0.0,gap_too_large,0.0,gap_too_large,50.02,original,1.0,original,43315152.0,original,25627.0,original,54776845.0,original,31584800.0,original,-105.0,original
3157814.0,37.0,2025-01-02 19:40:00,WITEL_AHU_L8,31584800.0,227.0,226.0,229.0,0.0,0.0,0.0,50.03,1.0,2025-01-02 19:39:26.000,2025-01-02 19:39:26.000,2025-01-02 19:39:26.000,43315152.0,25627.0,54776845.0,227.0,original,226.0,original,229.0,original,0.0,gap_too_large,0.0,gap_too_large,0.0,gap_too_large,50.03,original,1.0,original,43315152.0,original,25627.0,original,54776845.0,original,31584800.0,original,-100.0,original
3158522.0,37.0,2025-01-02 20:00:00,WITEL_AHU_L8,31584800.0,227.0,227.0,229.0,0.0,0.0,0.0,50.03,1.0,2025-01-02 20:09:06.000,2025-01-02 20:09:06.000,2025-01-02 20:09:06.000,43315152.0,25627.0,54776845.0,227.0,original,227.0,original,229.0,original,0.0,gap_too_large,0.0,gap_too_large,0.0,gap_too_large,50.03,original,1.0,original,43315152.0,original,25627.0,original,54776845.0,original,31584800.0,original,-118.0,original
3158858.0,37.0,2025-01-02 20:20:00,WITEL_AHU_L8,31584800.0,228.0,227.0,229.0,0.0,0.0,0.0,50.04,1.0,2025-01-02 20:19:14.000,2025-01-02 20:19:14.000,2025-01-02 20:19:14.000,43315152.0,25627.0,54776845.0,228.0,original,227.0,original,229.0,original,0.0,gap_too_large,0.0,gap_too_large,0.0,gap_too_large,50.04,original,1.0,original,43315152.0,original,25627.0,original,54776845.0,original,31584800.0,original,-103.0,original
3159722.0,37.0,2025-01-02 20:40:00,WITEL_AHU_L8,31584800.0,228.0,227.0,230.0,0.0,0.0,0.0,50.0,1.0,2025-01-02 20:49:04.000,2025-01-02 20:49:04.000,2025-01-02 20:49:04.000,43315152.0,25627.0,54776845.0,228.0,original,227.0,original,230.0,original,0.0,gap_too_large,0.0,gap_too_large,0.0,gap_too_large,50.0,original,1.0,original,43315152.0,original,25627.0,original,54776845.0,original,31584800.0,original,-101.0,original
3160118.0,37.0,2025-01-02 21:00:00,WITEL_AHU_L8,31584800.0,228.0,228.0,230.0,0.0,0.0,0.0,50.0,1.0,2025-01-02 20:59:18.000,2025-01-02 20:59:18.000,2025-01-02 20:59:18.000,43315152.0,25627.0,54776845.0,228.0,original,228.0,original,230.0,original,0.0,gap_too_large,0.0,gap_too_large,0.0,gap_too_large,50.0,original,1.0,original,43315152.0,original,25627.0,original,54776845.0,original,31584800.0,original,-102.0,original
3160694.0,37.0,2025-01-02 21:20:00,WITEL_AHU_L8,31584800.0,228.0,228.0,230.0,0.0,0.0,0.0,49.98,1.0,2025-01-02 21:19:18.000,2025-01-02 21:19:18.000,2025-01-02 21:19:18.000,43315152.0,25627.0,54776845.0,228.0,original,228.0,original,230.0,original,0.0,gap_too_large,0.0,gap_too_large,0.0,gap_too_large,49.98,original,1.0,original,43315152.0,original,25627.0,original,54776845.0,original,31584800.0,original,-117.0,original
3161258.0,37.0,2025-01-02 21:40:00,WITEL_AHU_L8,31584800.0,229.0,229.0,231.0,0.0,0.0,0.0,50.0,1.0,2025-01-02 21:39:04.000,2025-01-02 21:39:04.000,2025-01-02 21:39:04.000,43315152.0,25627.0,54776845.0,229.0,original,229.0,original,231.0,original,0.0,gap_too_large,0.0,gap_too_large,0.0,gap_too_large,50.0,original,1.0,original,43315152.0,original,25627.0,original,54776845.0,original,31584800.0,original,-102.0,original
3161846.0,37.0,2025-01-02 22:00:00,WITEL_AHU_L8,31584800.0,230.0,230.0,232.0,0.0,0.0,0.0,50.02,1.0,2025-01-02 21:59:04.000,2025-01-02 21:59:04.000,2025-01-02 21:59:04.000,43315152.0,25627.0,54776845.0,230.0,original,230.0,original,232.0,original,0.0,gap_too_large,0.0,gap_too_large,0.0,gap_too_large,50.02,original,1.0,original,43315152.0,original,25627.0,original,54776845.0,original,31584800.0,original,-118.0,original
3162566.0,37.0,2025-01-02 22:20:00,WITEL_AHU_L8,31584800.0,230.0,230.0,232.0,0.0,0.0,0.0,50.04,1.0,2025-01-02 22:19:23.000,2025-01-02 22:19:23.000,2025-01-02 22:19:23.000,43315152.0,25627.0,54776845.0,230.0,original,230.0,original,232.0,original,0.0,gap_too_large,0.0,gap_too_large,0.0,gap_too_large,50.04,original,1.0,original,43315152.0,original,25627.0,original,54776845.0,original,31584800.0,original,-108.0,original
3163034.0,37.0,2025-01-02 22:40:00,WITEL_AHU_L8,31584800.0,227.0,227.0,229.0,0.0,0.0,0.0,50.0,1.0,2025-01-02 22:39:07.000,2025-01-02 22:39:07.000,2025-01-02 22:39:07.000,43315152.0,25627.0,54776845.0,227.0,original,227.0,original,229.0,original,0.0,gap_too_large,0.0,gap_too_large,0.0,gap_too_large,50.0,original,1.0,original,43315152.0,original,25627.0,original,54776845.0,original,31584800.0,original,-120.0,original
3163034.0,,2025-01-02 23:00:00,WITEL_AHU_L8,31584800.0,227.5,227.5,229.5,0.0,0.0,0.0,50.019999999999996,1.0,,,,43315152.0,25627.0,54776845.0,227.5,interpolated,227.5,interpolated,229.5,interpolated,0.0,gap_too_large,0.0,gap_too_large,0.0,gap_too_large,50.019999999999996,interpolated,1.0,interpolated,43315152.0,interpolated,25627.0,interpolated,54776845.0,interpolated,31584800.0,interpolated,-118.5,interpolated
3164282.0,37.0,2025-01-02 23:20:00,WITEL_AHU_L8,31584800.0,228.0,228.0,230.0,0.0,0.0,0.0,50.04,1.0,2025-01-02 23:19:23.000,2025-01-02 23:19:23.000,2025-01-02 23:19:23.000,43315152.0,25627.0,54776845.0,228.0,original,228.0,original,230.0,original,0.0,gap_too_large,0.0,gap_too_large,0.0,gap_too_large,50.04,original,1.0,original,43315152.0,original,25627.0,original,54776845.0,original,31584800.0,original,-117.0,original
3164774.0,37.0,2025-01-02 23:40:00,WITEL_AHU_L8,31584800.0,228.0,228.0,230.0,0.0,0.0,0.0,49.99,1.0,2025-01-02 23:39:08.000,2025-01-02 23:39:08.000,2025-01-02 23:39:08.000,43315152.0,25627.0,54776845.0,228.0,original,228.0,original,230.0,original,0.0,gap_too_large,0.0,gap_too_large,0.0,gap_too_large,49.99,original,1.0,original,43315152.0,original,25627.0,original,54776845.0,original,31584800.0,original,-105.0,original
3165770.0,37.0,2025-01-03 00:00:00,WITEL_AHU_L8,31584800.0,229.0,229.0,231.0,0.0,0.0,0.0,50.04,1.0,2025-01-03 00:09:20.000,2025-01-03 00:09:20.000,2025-01-03 00:09:20.000,43315152.0,25627.0,54776845.0,229.0,original,229.0,original,231.0,original,0.0,gap_too_large,0.0,gap_too_large,0.0,gap_too_large,50.04,original,1.0,original,43315152.0,original,25627.0,original,54776845.0,original,31584800.0,original,-101.0,original
3165998.0,37.0,2025-01-03 00:20:00,WITEL_AHU_L8,31584800.0,229.0,229.0,231.0,0.0,0.0,0.0,50.05,1.0,2025-01-03 00:19:09.000,2025-01-03 00:19:09.000,2025-01-03 00:19:09.000,43315152.0,25627.0,54776845.0,229.0,original,229.0,original,231.0,original,0.0,gap_too_large,0.0,gap_too_large,0.0,gap_too_large,50.05,original,1.0,original,43315152.0,original,25627.0,original,54776845.0,original,31584800.0,original,-119.0,original
3166550.0,37.0,2025-01-03 00:40:00,WITEL_AHU_L8,31584800.0,229.0,229.0,231.0,0.0,0.0,0.0,50.02,1.0,2025-01-03 00:39:06.000,2025-01-03 00:39:06.000,2025-01-03 00:39:06.000,43315152.0,25627.0,54776845.0,229.0,original,229.0,original,231.0,original,0.0,gap_too_large,0.0,gap_too_large,0.0,gap_too_large,50.02,original,1.0,original,43315152.0,original,25627.0,original,54776845.0,original,31584800.0,original,-105.0,original
3166550.0,,2025-01-03 01:00:00,WITEL_AHU_L8,31584800.0,229.0,229.0,231.0,0.0,0.0,0.0,50.025000000000006,1.0,,,,43315152.0,25627.0,54776845.0,229.0,interpolated,229.0,interpolated,231.0,interpolated,0.0,gap_too_large,0.0,gap_too_large,0.0,gap_too_large,50.025000000000006,interpolated,1.0,interpolated,43315152.0,interpolated,25627.0,interpolated,54776845.0,interpolated,31584800.0,interpolated,-102.0,interpolated
3167822.0,37.0,2025-01-03 01:20:00,WITEL_AHU_L8,31584800.0,229.0,229.0,231.0,0.0,0.0,0.0,50.03,1.0,2025-01-03 01:19:23.000,2025-01-03 01:19:23.000,2025-01-03 01:19:23.000,43315152.0,25627.0,54776845.0,229.0,original,229.0,original,231.0,original,0.0,gap_too_large,0.0,gap_too_large,0.0,gap_too_large,50.03,original,1.0,original,43315152.0,original,25627.0,original,54776845.0,original,31584800.0,original,-99.0,original
3168542.0,37.0,2025-01-03 01:40:00,WITEL_AHU_L8,31584800.0,229.0,229.0,231.0,0.0,0.0,0.0,50.01,1.0,2025-01-03 01:49:21.000,2025-01-03 01:49:21.000,2025-01-03 01:49:21.000,43315152.0,25627.0,54776845.0,229.0,original,229.0,original,231.0,original,0.0,gap_too_large,0.0,gap_too_large,0.0,gap_too_large,50.01,original,1.0,original,43315152.0,original,25627.0,original,54776845.0,original,31584800.0,original,-115.0,original
3168698.0,37.0,2025-01-03 02:00:00,WITEL_AHU_L8,31584800.0,230.0,229.0,232.0,0.0,0.0,0.0,50.07,1.0,2025-01-03 01:59:12.000,2025-01-03 01:59:12.000,2025-01-03 01:59:12.000,43315152.0,25627.0,54776845.0,230.0,original,229.0,original,232.0,original,0.0,gap_too_large,0.0,gap_too_large,0.0,gap_too_large,50.07,original,1.0,original,43315152.0,original,25627.0,original,54776845.0,original,31584800.0,original,-119.0,original
3169214.0,37.0,2025-01-03 02:20:00,WITEL_AHU_L8,31584800.0,230.0,230.0,232.0,0.0,0.0,0.0,50.04,1.0,2025-01-03 02:19:20.000,2025-01-03 02:19:20.000,2025-01-03 02:19:20.000,43315152.0,25627.0,54776845.0,230.0,original,230.0,original,232.0,original,0.0,gap_too_large,0.0,gap_too_large,0.0,gap_too_large,50.04,original,1.0,original,43315152.0,original,25627.0,original,54776845.0,original,31584800.0,original,-99.0,original
3169934.0,37.0,2025-01-03 02:40:00,WITEL_AHU_L8,31584800.0,230.0,230.0,232.0,0.0,0.0,0.0,50.07,1.0,2025-01-03 02:49:21.000,2025-01-03 02:49:21.000,2025-01-03 02:49:21.000,43315152.0,25627.0,54776845.0,230.0,original,230.0,original,232.0,original,0.0,gap_too_large,0.0,gap_too_large,0.0,gap_too_large,50.07,original,1.0,original,43315152.0,original,25627.0,original,54776845.0,original,31584800.0,original,-119.0,original
3170414.0,37.0,2025-01-03 03:00:00,WITEL_AHU_L8,31584800.0,228.0,227.0,230.0,0.0,0.0,0.0,50.01,1.0,2025-01-03 03:09:20.000,2025-01-03 03:09:20.000,2025-01-03 03:09:20.000,43315152.0,25627.0,54776845.0,228.0,original,227.0,original,230.0,original,0.0,gap_too_large,0.0,gap_too_large,0.0,gap_too_large,50.01,original,1.0,original,43315152.0,original,25627.0,original,54776845.0,original,31584800.0,original,-102.0,original
3170630.0,37.0,2025-01-03 03:20:00,WITEL_AHU_L8,31584800.0,228.0,228.0,230.0,0.0,0.0,0.0,49.98,1.0,2025-01-03 03:19:18.000,2025-01-03 03:19:18.000,2025-01-03 03:19:18.000,43315152.0,25627.0,54776845.0,228.0,original,228.0,original,230.0,original,0.0,gap_too_large,0.0,gap_too_large,0.0,gap_too_large,49.98,original,1.0,original,43315152.0,original,25627.0,original,54776845.0,original,31584800.0,original,-97.0,original
3171446.0,37.0,2025-01-03 03:40:00,WITEL_AHU_L8,31584800.0,228.0,228.0,230.0,0.0,0.0,0.0,50.06,1.0,2025-01-03 03:49:23.000,2025-01-03 03:49:23.000,2025-01-03 03:49:23.000,43315152.0,25627.0,54776845.0,228.0,original,228.0,original,230.0,original,0.0,gap_too_large,0.0,gap_too_large,0.0,gap_too_large,50.06,original,1.0,original,43315152.0,original,25627.0,original,54776845.0,original,31584800.0,original,-119.0,original
3171626.0,37.0,2025-01-03 04:00:00,WITEL_AHU_L8,31584800.0,228.0,228.0,230.0,0.0,0.0,0.0,50.0,1.0,2025-01-03 03:59:17.000,2025-01-03 03:59:17.000,2025-01-03 03:59:17.000,43315152.0,25627.0,54776845.0,228.0,original,228.0,original,230.0,original,0.0,gap_too_large,0.0,gap_too_large,0.0,gap_too_large,50.0,original,1.0,original,43315152.0,original,25627.0,original,54776845.0,original,31584800.0,original,-116.0,original
3172382.0,37.0,2025-01-03 04:20:00,WITEL_AHU_L8,31584800.0,228.0,227.0,230.0,0.0,0.0,0.0,50.0,1.0,2025-01-03 04:29:07.000,2025-01-03 04:29:07.000,2025-01-03 04:29:07.000,43315152.0,25627.0,54776845.0,228.0,original,227.0,original,230.0,original,0.0,gap_too_large,0.0,gap_too_large,0.0,gap_too_large,50.0,original,1.0,original,43315152.0,original,25627.0,original,54776845.0,original,31584800.0,original,-118.0,original
3172742.0,37.0,2025-01-03 04:40:00,WITEL_AHU_L8,31584800.0,228.0,227.0,230.0,0.0,0.0,0.0,50.05,1.0,2025-01-03 04:39:25.000,2025-01-03 04:39:25.000,2025-01-03 04:39:25.000,43315152.0,25627.0,54776845.0,228.0,original,227.0,original,230.0,original,0.0,gap_too_large,0.0,gap_too_large,0.0,gap_too_large,50.05,original,1.0,original,43315152.0,original,25627.0,original,54776845.0,original,31584800.0,original,-119.0,original
3173366.0,37.0,2025-01-03 05:00:00,WITEL_AHU_L8,31584800.0,227.0,227.0,229.0,0.0,0.0,0.0,50.08,1.0,2025-01-03 05:09:05.000,2025-01-03 05:09:05.000,2025-01-03 05:09:05.000,43315152.0,25627.0,54776845.0,227.0,original,227.0,original,229.0,original,0.0,gap_too_large,0.0,gap_too_large,0.0,gap_too_large,50.08,original,1.0,original,43315152.0,original,25627.0,original,54776845.0,original,31584800.0,original,-119.0,original
3173750.0,37.0,2025-01-03 05:20:00,WITEL_AHU_L8,31584800.0,226.0,226.0,228.0,0.0,0.0,0.0,49.97,1.0,2025-01-03 05:19:23.000,2025-01-03 05:19:23.000,2025-01-03 05:19:23.000,43315152.0,25627.0,54776845.0,226.0,original,226.0,original,228.0,original,0.0,gap_too_large,0.0,gap_too_large,0.0,gap_too_large,49.97,original,1.0,original,43315152.0,original,25627.0,original,54776845.0,original,31584800.0,original,-97.0,original
3174434.0,37.0,2025-01-03 05:40:00,WITEL_AHU_L8,31584800.0,226.0,226.0,228.0,0.0,0.0,0.0,49.99,1.0,2025-01-03 05:49:15.000,2025-01-03 05:49:15.000,2025-01-03 05:49:15.000,43315152.0,25627.0,54776845.0,226.0,original,226.0,original,228.0,original,0.0,gap_too_large,0.0,gap_too_large,0.0,gap_too_large,49.99,original,1.0,original,43315152.0,original,25627.0,original,54776845.0,original,31584800.0,original,-115.0,original
3174434.0,,2025-01-03 06:00:00,WITEL_AHU_L8,31584800.0,227.0,227.0,229.0,0.0,0.0,0.0,50.015,1.0,,,,43315152.0,25627.0,54776845.0,227.0,interpolated,227.0,interpolated,229.0,interpolated,0.0,gap_too_large,0.0,gap_too_large,0.0,gap_too_large,50.015,interpolated,1.0,interpolated,43315152.0,interpolated,25627.0,interpolated,54776845.0,interpolated,31584800.0,interpolated,-118.0,interpolated
3175082.0,37.0,2025-01-03 06:20:00,WITEL_AHU_L8,31584800.0,228.0,228.0,230.0,0.0,0.0,0.0,50.04,1.0,2025-01-03 06:19:11.000,2025-01-03 06:19:11.000,2025-01-03 06:19:11.000,43315152.0,25627.0,54776845.0,228.0,original,228.0,original,230.0,original,0.0,gap_too_large,0.0,gap_too_large,0.0,gap_too_large,50.04,original,1.0,original,43315152.0,original,25627.0,original,54776845.0,original,31584800.0,original,-121.0,original
3175838.0,37.0,2025-01-03 06:40:00,WITEL_AHU_L8,31584800.0,226.0,226.0,228.0,0.0,0.0,0.0,50.03,1.0,2025-01-03 06:49:19.000,2025-01-03 06:49:19.000,2025-01-03 06:49:19.000,43315152.0,25627.0,54776845.0,226.0,original,226.0,original,228.0,original,0.0,gap_too_large,0.0,gap_too_large,0.0,gap_too_large,50.03,original,1.0,original,43315152.0,original,25627.0,original,54776845.0,original,31584800.0,original,-119.0,original
3175838.0,,2025-01-03 07:00:00,WITEL_AHU_L8,31584800.0,226.5,226.0,228.0,0.0,0.0,0.0,50.015,1.0,,,,43315152.0,25627.0,54776845.0,226.5,interpolated,226.0,interpolated,228.0,interpolated,0.0,gap_too_large,0.0,gap_too_large,0.0,gap_too_large,50.015,interpolated,1.0,interpolated,43315152.0,interpolated,25627.0,interpolated,54776845.0,interpolated,31584800.0,interpolated,-109.0,interpolated
3176474.0,37.0,2025-01-03 07:20:00,WITEL_AHU_L8,31584800.0,227.0,226.0,228.0,0.0,0.0,0.0,50.0,1.0,2025-01-03 07:19:07.000,2025-01-03 07:19:07.000,2025-01-03 07:19:07.000,43315152.0,25627.0,54776845.0,227.0,original,226.0,original,228.0,original,0.0,gap_too_large,0.0,gap_too_large,0.0,gap_too_large,50.0,original,1.0,original,43315152.0,original,25627.0,original,54776845.0,original,31584800.0,original,-99.0,original
3177278.0,37.0,2025-01-03 07:40:00,WITEL_AHU_L8,31584800.0,226.0,225.0,227.0,0.0,0.0,0.0,50.01,1.0,2025-01-03 07:49:11.000,2025-01-03 07:49:11.000,2025-01-03 07:49:11.000,43315152.0,25627.0,54776845.0,226.0,original,225.0,original,227.0,original,0.0,gap_too_large,0.0,gap_too_large,0.0,gap_too_large,50.01,original,1.0,original,43315152.0,original,25627.0,original,54776845.0,original,31584800.0,original,-116.0,original
3177578.0,37.0,2025-01-03 08:00:00,WITEL_AHU_L8,31584800.0,225.0,224.0,227.0,0.0,0.0,0.0,49.98,1.0,2025-01-03 07:59:24.000,2025-01-03 07:59:24.000,2025-01-03 07:59:24.000,43315152.0,25627.0,54776845.0,225.0,original,224.0,original,227.0,original,0.0,gap_too_large,0.0,gap_too_large,0.0,gap_too_large,49.98,original,1.0,original,43315152.0,original,25627.0,original,54776845.0,original,31584800.0,original,-116.0,original
3178082.0,37.0,2025-01-03 08:20:00,WITEL_AHU_L8,31584800.0,224.0,222.0,225.0,0.0,0.0,0.0,50.0,1.0,2025-01-03 08:19:17.000,2025-01-03 08:19:17.000,2025-01-03 08:19:17.000,43315152.0,25627.0,54776845.0,224.0,original,222.0,original,225.0,original,0.0,gap_too_large,0.0,gap_too_large,0.0,gap_too_large,50.0,original,1.0,original,43315152.0,original,25627.0,original,54776845.0,original,31584800.0,original,-98.0,original
3178526.0,37.0,2025-01-03 08:40:00,WITEL_AHU_L8,31584800.0,223.0,222.0,224.0,0.0,0.0,0.0,49.96,1.0,2025-01-03 08:39:16.000,2025-01-03 08:39:16.000,2025-01-03 08:39:16.000,43315152.0,25627.0,54776845.0,223.0,original,222.0,original,224.0,original,0.0,gap_too_large,0.0,gap_too_large,0.0,gap_too_large,49.96,original,1.0,original,43315152.0,original,25627.0,original,54776845.0,original,31584800.0,original,-99.0,original
3179150.0,37.0,2025-01-03 09:00:00,WITEL_AHU_L8,31584800.0,222.0,220.0,223.0,0.0,0.0,0.0,50.01,1.0,2025-01-03 08:59:06.000,2025-01-03 08:59:06.000,2025-01-03 08:59:06.000,43315152.0,25627.0,54776845.0,222.0,original,220.0,original,223.0,original,0.0,gap_too_large,0.0,gap_too_large,0.0,gap_too_large,50.01,original,1.0,original,43315152.0,original,25627.0,original,54776845.0,original,31584800.0,original,-108.0,original
3180086.0,37.0,2025-01-03 09:20:00,WITEL_AHU_L8,31584800.0,225.0,224.0,227.0,0.0,0.0,0.0,50.09,1.0,2025-01-03 09:29:24.000,2025-01-03 09:29:24.000,2025-01-03 09:29:24.000,43315152.0,25627.0,54776845.0,225.0,original,224.0,original,227.0,original,0.0,gap_too_large,0.0,gap_too_large,0.0,gap_too_large,50.09,original,1.0,original,43315152.0,original,25627.0,original,54776845.0,original,31584800.0,original,-100.0,original
3180242.0,37.0,2025-01-03 09:40:00,WITEL_AHU_L8,31584800.0,226.0,225.0,228.0,0.0,0.0,0.0,50.08,1.0,2025-01-03 09:39:09.000,2025-01-03 09:39:09.000,2025-01-03 09:39:09.000,43315152.0,25627.0,54776845.0,226.0,original,225.0,original,228.0,original,0.0,gap_too_large,0.0,gap_too_large,0.0,gap_too_large,50.08,original,1.0,original,43315152.0,original,25627.0,original,54776845.0,original,31584800.0,original,-117.0,original
3180866.0,37.0,2025-01-03 10:00:00,WITEL_AHU_L8,31592200.0,224.0,223.0,226.0,11.0,10.0,11.0,50.06,0.5606,2025-01-03 09:59:20.000,2025-01-03 09:59:20.000,2025-01-03 09:59:20.000,43325863.0,25627.0,54789906.0,224.0,original,223.0,original,226.0,original,11.0,original,10.0,original,11.0,original,50.06,original,0.5606,original,43325863.0,original,25627.0,original,54789906.0,original,31592200.0,original,-109.0,original
3180866.0,,2025-01-03 10:20:00,WITEL_AHU_L8,31605900.0,223.5,222.5,225.5,11.0,10.0,11.0,50.040000000000006,0.5688,,,,43345865.5,25627.0,54814224.0,223.5,interpolated,222.5,interpolated,225.5,interpolated,11.0,interpolated,10.0,interpolated,11.0,interpolated,50.040000000000006,interpolated,0.5688,interpolated,43345865.5,interpolated,25627.0,interpolated,54814224.0,interpolated,31605900.0,interpolated,-109.0,interpolated
3181802.0,37.0,2025-01-03 10:40:00,WITEL_AHU_L8,31619600.0,223.0,222.0,225.0,11.0,10.0,11.0,50.02,0.577,2025-01-03 10:39:13.000,2025-01-03 10:39:13.000,2025-01-03 10:39:13.000,43365868.0,25627.0,54838542.0,223.0,original,222.0,original,225.0,original,11.0,original,10.0,original,11.0,original,50.02,original,0.577,original,43365868.0,original,25627.0,original,54838542.0,original,31619600.0,original,-109.0,original
3182294.0,37.0,2025-01-03 11:00:00,WITEL_AHU_L8,31633400.0,224.0,222.0,225.0,11.0,10.0,11.0,49.98,0.5738,2025-01-03 10:59:08.000,2025-01-03 10:59:08.000,2025-01-03 10:59:08.000,43385699.0,25627.0,54862794.0,224.0,original,222.0,original,225.0,original,11.0,original,10.0,original,11.0,original,49.98,original,0.5738,original,43385699.0,original,25627.0,original,54862794.0,original,31633400.0,original,-112.0,original
3182798.0,37.0,2025-01-03 11:20:00,WITEL_AHU_L8,31647300.0,224.0,222.0,225.0,11.0,10.0,12.0,50.0,0.5687,2025-01-03 11:19:04.000,2025-01-03 11:19:04.000,2025-01-03 11:19:04.000,43405540.0,25627.0,54887077.0,224.0,original,222.0,original,225.0,original,11.0,original,10.0,original,12.0,original,50.0,original,0.5687,original,43405540.0,original,25627.0,original,54887077.0,original,31647300.0,original,-115.0,original
3183374.0,37.0,2025-01-03 11:40:00,WITEL_AHU_L8,31661200.0,226.0,225.0,228.0,11.0,10.0,12.0,50.02,0.5565,2025-01-03 11:39:11.000,2025-01-03 11:39:11.000,2025-01-03 11:39:11.000,43425888.0,25627.0,54911798.0,226.0,original,225.0,original,228.0,original,11.0,original,10.0,original,12.0,original,50.02,original,0.5565,original,43425888.0,original,25627.0,original,54911798.0,original,31661200.0,original,-101.0,original
3183962.0,37.0,2025-01-03 12:00:00,WITEL_AHU_L8,31675200.0,224.0,222.0,226.0,11.0,10.0,12.0,49.99,0.5764999999999999,2025-01-03 11:59:10.000,2025-01-03 11:59:10.000,2025-01-03 11:59:10.000,43445838.0,25627.0,54936205.0,224.0,original,222.0,original,226.0,original,11.0,original,10.0,original,12.0,original,49.99,original,0.5764999999999999,original,43445838.0,original,25627.0,original,54936205.0,original,31675200.0,original,-107.0,original
3184598.0,37.0,2025-01-03 12:20:00,WITEL_AHU_L8,31689000.0,224.0,223.0,226.0,11.0,10.0,12.0,50.01,0.5680999999999999,2025-01-03 12:19:27.000,2025-01-03 12:19:27.000,2025-01-03 12:19:27.000,43465742.0,25627.0,54960545.0,224.0,original,223.0,original,226.0,original,11.0,original,10.0,original,12.0,original,50.01,original,0.5680999999999999,original,43465742.0,original,25627.0,original,54960545.0,original,31689000.0,original,-119.0,original
3185330.0,37.0,2025-01-03 12:40:00,WITEL_AHU_L8,31709900.0,223.0,222.0,225.0,11.0,10.0,11.0,50.0,0.5777,2025-01-03 12:49:25.000,2025-01-03 12:49:25.000,2025-01-03 12:49:25.000,43495501.0,25627.0,54996962.0,223.0,original,222.0,original,225.0,original,11.0,original,10.0,original,11.0,original,50.0,original,0.5777,original,43495501.0,original,25627.0,original,54996962.0,original,31709900.0,original,-97.0,original
3185510.0,37.0,2025-01-03 13:00:00,WITEL_AHU_L8,31716800.0,222.0,220.0,223.0,11.0,10.0,11.0,49.95,0.5908,2025-01-03 12:59:10.000,2025-01-03 12:59:10.000,2025-01-03 12:59:10.000,43505215.0,25627.0,55008936.0,222.0,original,220.0,original,223.0,original,11.0,original,10.0,original,11.0,original,49.95,original,0.5908,original,43505215.0,original,25627.0,original,55008936.0,original,31716800.0,original,-111.0,original
3186074.0,37.0,2025-01-03 13:20:00,WITEL_AHU_L8,31730600.0,223.0,221.0,224.0,11.0,10.0,11.0,49.99,0.5788,2025-01-03 13:19:20.000,2025-01-03 13:19:20.000,2025-01-03 13:19:20.000,43524620.0,25627.0,55032801.0,223.0,original,221.0,original,224.0,original,11.0,original,10.0,original,11.0,original,49.99,original,0.5788,original,43524620.0,original,25627.0,original,55032801.0,original,31730600.0,original,-115.0,original
3186590.0,37.0,2025-01-03 13:40:00,WITEL_AHU_L8,31744500.0,222.0,220.0,223.0,11.0,10.0,11.0,50.04,0.5875999999999999,2025-01-03 13:39:16.000,2025-01-03 13:39:16.000,2025-01-03 13:39:16.000,43544032.0,25627.0,55056729.0,222.0,original,220.0,original,223.0,original,11.0,original,10.0,original,11.0,original,50.04,original,0.5875999999999999,original,43544032.0,original,25627.0,original,55056729.0,original,31744500.0,original,-114.0,original
3187082.0,37.0,2025-01-03 14:00:00,WITEL_AHU_L8,31758400.0,222.0,220.0,223.0,11.0,10.0,11.0,50.07,0.5814999999999999,2025-01-03 13:59:05.000,2025-01-03 13:59:05.000,2025-01-03 13:59:05.000,43563129.0,25627.0,55080399.0,222.0,original,220.0,original,223.0,original,11.0,original,10.0,original,11.0,original,50.07,original,0.5814999999999999,original,43563129.0,original,25627.0,original,55080399.0,original,31758400.0,original,-106.0,original
3187742.0,37.0,2025-01-03 14:20:00,WITEL_AHU_L8,31772200.0,222.0,220.0,223.0,11.0,10.0,11.0,50.04,0.5756,2025-01-03 14:19:19.000,2025-01-03 14:19:19.000,2025-01-03 14:19:19.000,43582233.0,25627.0,55104053.0,222.0,original,220.0,original,223.0,original,11.0,original,10.0,original,11.0,original,50.04,original,0.5756,original,43582233.0,original,25627.0,original,55104053.0,original,31772200.0,original,-100.0,original
3188186.0,37.0,2025-01-03 14:40:00,WITEL_AHU_L8,31786000.0,222.0,221.0,224.0,11.0,10.0,11.0,50.0,0.566,2025-01-03 14:39:11.000,2025-01-03 14:39:11.000,2025-01-03 14:39:11.000,43601432.0,25627.0,55127767.0,222.0,original,221.0,original,224.0,original,11.0,original,10.0,original,11.0,original,50.0,original,0.566,original,43601432.0,original,25627.0,original,55127767.0,original,31786000.0,original,-114.0,original
3188786.0,37.0,2025-01-03 15:00:00,WITEL_AHU_L8,31799900.0,223.0,221.0,224.0,11.0,10.0,11.0,50.05,0.5861,2025-01-03 14:59:19.000,2025-01-03 14:59:19.000,2025-01-03 14:59:19.000,43620749.0,25627.0,55151592.0,223.0,original,221.0,original,224.0,original,11.0,original,10.0,original,11.0,original,50.05,original,0.5861,original,43620749.0,original,25627.0,original,55151592.0,original,31799900.0,original,-107.0,original
3189290.0,37.0,2025-01-03 15:20:00,WITEL_AHU_L8,31807600.0,222.0,221.0,224.0,0.0,0.0,0.0,50.03,1.0,2025-01-03 15:19:10.000,2025-01-03 15:19:10.000,2025-01-03 15:19:10.000,43631586.0,25627.0,55164933.0,222.0,original,221.0,original,224.0,original,0.0,gap_too_large,0.0,gap_too_large,0.0,gap_too_large,50.03,original,1.0,original,43631586.0,original,25627.0,original,55164933.0,original,31807600.0,original,-117.0,original
3189866.0,37.0,2025-01-03 15:40:00,WITEL_AHU_L8,31807600.0,223.0,221.0,224.0,0.0,0.0,0.0,50.02,1.0,2025-01-03 15:39:22.000,2025-01-03 15:39:22.000,2025-01-03 15:39:22.000,43631586.0,25627.0,55164933.0,223.0,original,221.0,original,224.0,original,0.0,gap_too_large,0.0,gap_too_large,0.0,gap_too_large,50.02,original,1.0,original,43631586.0,original,25627.0,original,55164933.0,original,31807600.0,original,-119.0,original
3190322.0,37.0,2025-01-03 16:00:00,WITEL_AHU_L8,31807600.0,223.0,222.0,225.0,0.0,0.0,0.0,50.0,1.0,2025-01-03 15:59:19.000,2025-01-03 15:59:19.000,2025-01-03 15:59:19.000,43631586.0,25627.0,55164933.0,223.0,original,222.0,original,225.0,original,0.0,gap_too_large,0.0,gap_too_large,0.0,gap_too_large,50.0,original,1.0,original,43631586.0,original,25627.0,original,55164933.0,original,31807600.0,original,-115.0,original
3190322.0,,2025-01-03 16:20:00,WITEL_AHU_L8,0.0,0.0,0.0,0.0,0.0,0.0,0.0,0.0,0.0,,,,0.0,0.0,0.0,0.0,gap_too_large,0.0,gap_too_large,0.0,gap_too_large,0.0,gap_too_large,0.0,gap_too_large,0.0,gap_too_large,0.0,gap_too_large,0.0,gap_too_large,0.0,gap_too_large,0.0,gap_too_large,0.0,gap_too_large,0.0,gap_too_large,0.0,gap_too_large
3190322.0,,2025-01-03 16:40:00,WITEL_AHU_L8,0.0,0.0,0.0,0.0,0.0,0.0,0.0,0.0,0.0,,,,0.0,0.0,0.0,0.0,gap_too_large,0.0,gap_too_large,0.0,gap_too_large,0.0,gap_too_large,0.0,gap_too_large,0.0,gap_too_large,0.0,gap_too_large,0.0,gap_too_large,0.0,gap_too_large,0.0,gap_too_large,0.0,gap_too_large,0.0,gap_too_large,0.0,gap_too_large
3190322.0,,2025-01-03 17:00:00,WITEL_AHU_L8,0.0,0.0,0.0,0.0,0.0,0.0,0.0,0.0,0.0,,,,0.0,0.0,0.0,0.0,gap_too_large,0.0,gap_too_large,0.0,gap_too_large,0.0,gap_too_large,0.0,gap_too_large,0.0,gap_too_large,0.0,gap_too_large,0.0,gap_too_large,0.0,gap_too_large,0.0,gap_too_large,0.0,gap_too_large,0.0,gap_too_large,0.0,gap_too_large
3190322.0,,2025-01-03 17:20:00,WITEL_AHU_L8,0.0,0.0,0.0,0.0,0.0,0.0,0.0,0.0,0.0,,,,0.0,0.0,0.0,0.0,gap_too_large,0.0,gap_too_large,0.0,gap_too_large,0.0,gap_too_large,0.0,gap_too_large,0.0,gap_too_large,0.0,gap_too_large,0.0,gap_too_large,0.0,gap_too_large,0.0,gap_too_large,0.0,gap_too_large,0.0,gap_too_large,0.0,gap_too_large
3190322.0,,2025-01-03 17:40:00,WITEL_AHU_L8,0.0,0.0,0.0,0.0,0.0,0.0,0.0,0.0,0.0,,,,0.0,0.0,0.0,0.0,gap_too_large,0.0,gap_too_large,0.0,gap_too_large,0.0,gap_too_large,0.0,gap_too_large,0.0,gap_too_large,0.0,gap_too_large,0.0,gap_too_large,0.0,gap_too_large,0.0,gap_too_large,0.0,gap_too_large,0.0,gap_too_large,0.0,gap_too_large
3190322.0,,2025-01-03 18:00:00,WITEL_AHU_L8,0.0,0.0,0.0,0.0,0.0,0.0,0.0,0.0,0.0,,,,0.0,0.0,0.0,0.0,gap_too_large,0.0,gap_too_large,0.0,gap_too_large,0.0,gap_too_large,0.0,gap_too_large,0.0,gap_too_large,0.0,gap_too_large,0.0,gap_too_large,0.0,gap_too_large,0.0,gap_too_large,0.0,gap_too_large,0.0,gap_too_large,0.0,gap_too_large
3190322.0,,2025-01-03 18:20:00,WITEL_AHU_L8,0.0,0.0,0.0,0.0,0.0,0.0,0.0,0.0,0.0,,,,0.0,0.0,0.0,0.0,gap_too_large,0.0,gap_too_large,0.0,gap_too_large,0.0,gap_too_large,0.0,gap_too_large,0.0,gap_too_large,0.0,gap_too_large,0.0,gap_too_large,0.0,gap_too_large,0.0,gap_too_large,0.0,gap_too_large,0.0,gap_too_large,0.0,gap_too_large
3190322.0,,2025-01-03 18:40:00,WITEL_AHU_L8,0.0,0.0,0.0,0.0,0.0,0.0,0.0,0.0,0.0,,,,0.0,0.0,0.0,0.0,gap_too_large,0.0,gap_too_large,0.0,gap_too_large,0.0,gap_too_large,0.0,gap_too_large,0.0,gap_too_large,0.0,gap_too_large,0.0,gap_too_large,0.0,gap_too_large,0.0,gap_too_large,0.0,gap_too_large,0.0,gap_too_large,0.0,gap_too_large
3190322.0,,2025-01-03 19:00:00,WITEL_AHU_L8,0.0,0.0,0.0,0.0,0.0,0.0,0.0,0.0,0.0,,,,0.0,0.0,0.0,0.0,gap_too_large,0.0,gap_too_large,0.0,gap_too_large,0.0,gap_too_large,0.0,gap_too_large,0.0,gap_too_large,0.0,gap_too_large,0.0,gap_too_large,0.0,gap_too_large,0.0,gap_too_large,0.0,gap_too_large,0.0,gap_too_large,0.0,gap_too_large
3190322.0,,2025-01-03 19:20:00,WITEL_AHU_L8,0.0,0.0,0.0,0.0,0.0,0.0,0.0,0.0,0.0,,,,0.0,0.0,0.0,0.0,gap_too_large,0.0,gap_too_large,0.0,gap_too_large,0.0,gap_too_large,0.0,gap_too_large,0.0,gap_too_large,0.0,gap_too_large,0.0,gap_too_large,0.0,gap_too_large,0.0,gap_too_large,0.0,gap_too_large,0.0,gap_too_large,0.0,gap_too_large
3190322.0,,2025-01-03 19:40:00,WITEL_AHU_L8,0.0,0.0,0.0,0.0,0.0,0.0,0.0,0.0,0.0,,,,0.0,0.0,0.0,0.0,gap_too_large,0.0,gap_too_large,0.0,gap_too_large,0.0,gap_too_large,0.0,gap_too_large,0.0,gap_too_large,0.0,gap_too_large,0.0,gap_too_large,0.0,gap_too_large,0.0,gap_too_large,0.0,gap_too_large,0.0,gap_too_large,0.0,gap_too_large
3190322.0,,2025-01-03 20:00:00,WITEL_AHU_L8,0.0,0.0,0.0,0.0,0.0,0.0,0.0,0.0,0.0,,,,0.0,0.0,0.0,0.0,gap_too_large,0.0,gap_too_large,0.0,gap_too_large,0.0,gap_too_large,0.0,gap_too_large,0.0,gap_too_large,0.0,gap_too_large,0.0,gap_too_large,0.0,gap_too_large,0.0,gap_too_large,0.0,gap_too_large,0.0,gap_too_large,0.0,gap_too_large
3190322.0,,2025-01-03 20:20:00,WITEL_AHU_L8,0.0,0.0,0.0,0.0,0.0,0.0,0.0,0.0,0.0,,,,0.0,0.0,0.0,0.0,gap_too_large,0.0,gap_too_large,0.0,gap_too_large,0.0,gap_too_large,0.0,gap_too_large,0.0,gap_too_large,0.0,gap_too_large,0.0,gap_too_large,0.0,gap_too_large,0.0,gap_too_large,0.0,gap_too_large,0.0,gap_too_large,0.0,gap_too_large
3190322.0,,2025-01-03 20:40:00,WITEL_AHU_L8,0.0,0.0,0.0,0.0,0.0,0.0,0.0,0.0,0.0,,,,0.0,0.0,0.0,0.0,gap_too_large,0.0,gap_too_large,0.0,gap_too_large,0.0,gap_too_large,0.0,gap_too_large,0.0,gap_too_large,0.0,gap_too_large,0.0,gap_too_large,0.0,gap_too_large,0.0,gap_too_large,0.0,gap_too_large,0.0,gap_too_large,0.0,gap_too_large
3190322.0,,2025-01-03 21:00:00,WITEL_AHU_L8,0.0,0.0,0.0,0.0,0.0,0.0,0.0,0.0,0.0,,,,0.0,0.0,0.0,0.0,gap_too_large,0.0,gap_too_large,0.0,gap_too_large,0.0,gap_too_large,0.0,gap_too_large,0.0,gap_too_large,0.0,gap_too_large,0.0,gap_too_large,0.0,gap_too_large,0.0,gap_too_large,0.0,gap_too_large,0.0,gap_too_large,0.0,gap_too_large
3190322.0,,2025-01-03 21:20:00,WITEL_AHU_L8,0.0,0.0,0.0,0.0,0.0,0.0,0.0,0.0,0.0,,,,0.0,0.0,0.0,0.0,gap_too_large,0.0,gap_too_large,0.0,gap_too_large,0.0,gap_too_large,0.0,gap_too_large,0.0,gap_too_large,0.0,gap_too_large,0.0,gap_too_large,0.0,gap_too_large,0.0,gap_too_large,0.0,gap_too_large,0.0,gap_too_large,0.0,gap_too_large
3190322.0,,2025-01-03 21:40:00,WITEL_AHU_L8,0.0,0.0,0.0,0.0,0.0,0.0,0.0,0.0,0.0,,,,0.0,0.0,0.0,0.0,gap_too_large,0.0,gap_too_large,0.0,gap_too_large,0.0,gap_too_large,0.0,gap_too_large,0.0,gap_too_large,0.0,gap_too_large,0.0,gap_too_large,0.0,gap_too_large,0.0,gap_too_large,0.0,gap_too_large,0.0,gap_too_large,0.0,gap_too_large
3190322.0,,2025-01-03 22:00:00,WITEL_AHU_L8,0.0,0.0,0.0,0.0,0.0,0.0,0.0,0.0,0.0,,,,0.0,0.0,0.0,0.0,gap_too_large,0.0,gap_too_large,0.0,gap_too_large,0.0,gap_too_large,0.0,gap_too_large,0.0,gap_too_large,0.0,gap_too_large,0.0,gap_too_large,0.0,gap_too_large,0.0,gap_too_large,0.0,gap_too_large,0.0,gap_too_large,0.0,gap_too_large
3190322.0,,2025-01-03 22:20:00,WITEL_AHU_L8,0.0,0.0,0.0,0.0,0.0,0.0,0.0,0.0,0.0,,,,0.0,0.0,0.0,0.0,gap_too_large,0.0,gap_too_large,0.0,gap_too_large,0.0,gap_too_large,0.0,gap_too_large,0.0,gap_too_large,0.0,gap_too_large,0.0,gap_too_large,0.0,gap_too_large,0.0,gap_too_large,0.0,gap_too_large,0.0,gap_too_large,0.0,gap_too_large
3190322.0,,2025-01-03 22:40:00,WITEL_AHU_L8,0.0,0.0,0.0,0.0,0.0,0.0,0.0,0.0,0.0,,,,0.0,0.0,0.0,0.0,gap_too_large,0.0,gap_too_large,0.0,gap_too_large,0.0,gap_too_large,0.0,gap_too_large,0.0,gap_too_large,0.0,gap_too_large,0.0,gap_too_large,0.0,gap_too_large,0.0,gap_too_large,0.0,gap_too_large,0.0,gap_too_large,0.0,gap_too_large
3190322.0,,2025-01-03 23:00:00,WITEL_AHU_L8,0.0,0.0,0.0,0.0,0.0,0.0,0.0,0.0,0.0,,,,0.0,0.0,0.0,0.0,gap_too_large,0.0,gap_too_large,0.0,gap_too_large,0.0,gap_too_large,0.0,gap_too_large,0.0,gap_too_large,0.0,gap_too_large,0.0,gap_too_large,0.0,gap_too_large,0.0,gap_too_large,0.0,gap_too_large,0.0,gap_too_large,0.0,gap_too_large
3190322.0,,2025-01-03 23:20:00,WITEL_AHU_L8,0.0,0.0,0.0,0.0,0.0,0.0,0.0,0.0,0.0,,,,0.0,0.0,0.0,0.0,gap_too_large,0.0,gap_too_large,0.0,gap_too_large,0.0,gap_too_large,0.0,gap_too_large,0.0,gap_too_large,0.0,gap_too_large,0.0,gap_too_large,0.0,gap_too_large,0.0,gap_too_large,0.0,gap_too_large,0.0,gap_too_large,0.0,gap_too_large
3190322.0,,2025-01-03 23:40:00,WITEL_AHU_L8,0.0,0.0,0.0,0.0,0.0,0.0,0.0,0.0,0.0,,,,0.0,0.0,0.0,0.0,gap_too_large,0.0,gap_too_large,0.0,gap_too_large,0.0,gap_too_large,0.0,gap_too_large,0.0,gap_too_large,0.0,gap_too_large,0.0,gap_too_large,0.0,gap_too_large,0.0,gap_too_large,0.0,gap_too_large,0.0,gap_too_large,0.0,gap_too_large
3190322.0,,2025-01-04 00:00:00,WITEL_AHU_L8,0.0,0.0,0.0,0.0,0.0,0.0,0.0,0.0,0.0,,,,0.0,0.0,0.0,0.0,gap_too_large,0.0,gap_too_large,0.0,gap_too_large,0.0,gap_too_large,0.0,gap_too_large,0.0,gap_too_large,0.0,gap_too_large,0.0,gap_too_large,0.0,gap_too_large,0.0,gap_too_large,0.0,gap_too_large,0.0,gap_too_large,0.0,gap_too_large
3190322.0,,2025-01-04 00:20:00,WITEL_AHU_L8,0.0,0.0,0.0,0.0,0.0,0.0,0.0,0.0,0.0,,,,0.0,0.0,0.0,0.0,gap_too_large,0.0,gap_too_large,0.0,gap_too_large,0.0,gap_too_large,0.0,gap_too_large,0.0,gap_too_large,0.0,gap_too_large,0.0,gap_too_large,0.0,gap_too_large,0.0,gap_too_large,0.0,gap_too_large,0.0,gap_too_large,0.0,gap_too_large
3190322.0,,2025-01-04 00:40:00,WITEL_AHU_L8,0.0,0.0,0.0,0.0,0.0,0.0,0.0,0.0,0.0,,,,0.0,0.0,0.0,0.0,gap_too_large,0.0,gap_too_large,0.0,gap_too_large,0.0,gap_too_large,0.0,gap_too_large,0.0,gap_too_large,0.0,gap_too_large,0.0,gap_too_large,0.0,gap_too_large,0.0,gap_too_large,0.0,gap_too_large,0.0,gap_too_large,0.0,gap_too_large
3190322.0,,2025-01-04 01:00:00,WITEL_AHU_L8,0.0,0.0,0.0,0.0,0.0,0.0,0.0,0.0,0.0,,,,0.0,0.0,0.0,0.0,gap_too_large,0.0,gap_too_large,0.0,gap_too_large,0.0,gap_too_large,0.0,gap_too_large,0.0,gap_too_large,0.0,gap_too_large,0.0,gap_too_large,0.0,gap_too_large,0.0,gap_too_large,0.0,gap_too_large,0.0,gap_too_large,0.0,gap_too_large
3190322.0,,2025-01-04 01:20:00,WITEL_AHU_L8,0.0,0.0,0.0,0.0,0.0,0.0,0.0,0.0,0.0,,,,0.0,0.0,0.0,0.0,gap_too_large,0.0,gap_too_large,0.0,gap_too_large,0.0,gap_too_large,0.0,gap_too_large,0.0,gap_too_large,0.0,gap_too_large,0.0,gap_too_large,0.0,gap_too_large,0.0,gap_too_large,0.0,gap_too_large,0.0,gap_too_large,0.0,gap_too_large
3190322.0,,2025-01-04 01:40:00,WITEL_AHU_L8,0.0,0.0,0.0,0.0,0.0,0.0,0.0,0.0,0.0,,,,0.0,0.0,0.0,0.0,gap_too_large,0.0,gap_too_large,0.0,gap_too_large,0.0,gap_too_large,0.0,gap_too_large,0.0,gap_too_large,0.0,gap_too_large,0.0,gap_too_large,0.0,gap_too_large,0.0,gap_too_large,0.0,gap_too_large,0.0,gap_too_large,0.0,gap_too_large
3190322.0,,2025-01-04 02:00:00,WITEL_AHU_L8,0.0,0.0,0.0,0.0,0.0,0.0,0.0,0.0,0.0,,,,0.0,0.0,0.0,0.0,gap_too_large,0.0,gap_too_large,0.0,gap_too_large,0.0,gap_too_large,0.0,gap_too_large,0.0,gap_too_large,0.0,gap_too_large,0.0,gap_too_large,0.0,gap_too_large,0.0,gap_too_large,0.0,gap_too_large,0.0,gap_too_large,0.0,gap_too_large
3190322.0,,2025-01-04 02:20:00,WITEL_AHU_L8,0.0,0.0,0.0,0.0,0.0,0.0,0.0,0.0,0.0,,,,0.0,0.0,0.0,0.0,gap_too_large,0.0,gap_too_large,0.0,gap_too_large,0.0,gap_too_large,0.0,gap_too_large,0.0,gap_too_large,0.0,gap_too_large,0.0,gap_too_large,0.0,gap_too_large,0.0,gap_too_large,0.0,gap_too_large,0.0,gap_too_large,0.0,gap_too_large
3190322.0,,2025-01-04 02:40:00,WITEL_AHU_L8,0.0,0.0,0.0,0.0,0.0,0.0,0.0,0.0,0.0,,,,0.0,0.0,0.0,0.0,gap_too_large,0.0,gap_too_large,0.0,gap_too_large,0.0,gap_too_large,0.0,gap_too_large,0.0,gap_too_large,0.0,gap_too_large,0.0,gap_too_large,0.0,gap_too_large,0.0,gap_too_large,0.0,gap_too_large,0.0,gap_too_large,0.0,gap_too_large
3190322.0,,2025-01-04 03:00:00,WITEL_AHU_L8,0.0,0.0,0.0,0.0,0.0,0.0,0.0,0.0,0.0,,,,0.0,0.0,0.0,0.0,gap_too_large,0.0,gap_too_large,0.0,gap_too_large,0.0,gap_too_large,0.0,gap_too_large,0.0,gap_too_large,0.0,gap_too_large,0.0,gap_too_large,0.0,gap_too_large,0.0,gap_too_large,0.0,gap_too_large,0.0,gap_too_large,0.0,gap_too_large
3190322.0,,2025-01-04 03:20:00,WITEL_AHU_L8,0.0,0.0,0.0,0.0,0.0,0.0,0.0,0.0,0.0,,,,0.0,0.0,0.0,0.0,gap_too_large,0.0,gap_too_large,0.0,gap_too_large,0.0,gap_too_large,0.0,gap_too_large,0.0,gap_too_large,0.0,gap_too_large,0.0,gap_too_large,0.0,gap_too_large,0.0,gap_too_large,0.0,gap_too_large,0.0,gap_too_large,0.0,gap_too_large
3190322.0,,2025-01-04 03:40:00,WITEL_AHU_L8,0.0,0.0,0.0,0.0,0.0,0.0,0.0,0.0,0.0,,,,0.0,0.0,0.0,0.0,gap_too_large,0.0,gap_too_large,0.0,gap_too_large,0.0,gap_too_large,0.0,gap_too_large,0.0,gap_too_large,0.0,gap_too_large,0.0,gap_too_large,0.0,gap_too_large,0.0,gap_too_large,0.0,gap_too_large,0.0,gap_too_large,0.0,gap_too_large
3190322.0,,2025-01-04 04:00:00,WITEL_AHU_L8,0.0,0.0,0.0,0.0,0.0,0.0,0.0,0.0,0.0,,,,0.0,0.0,0.0,0.0,gap_too_large,0.0,gap_too_large,0.0,gap_too_large,0.0,gap_too_large,0.0,gap_too_large,0.0,gap_too_large,0.0,gap_too_large,0.0,gap_too_large,0.0,gap_too_large,0.0,gap_too_large,0.0,gap_too_large,0.0,gap_too_large,0.0,gap_too_large
3190322.0,,2025-01-04 04:20:00,WITEL_AHU_L8,0.0,0.0,0.0,0.0,0.0,0.0,0.0,0.0,0.0,,,,0.0,0.0,0.0,0.0,gap_too_large,0.0,gap_too_large,0.0,gap_too_large,0.0,gap_too_large,0.0,gap_too_large,0.0,gap_too_large,0.0,gap_too_large,0.0,gap_too_large,0.0,gap_too_large,0.0,gap_too_large,0.0,gap_too_large,0.0,gap_too_large,0.0,gap_too_large
3190322.0,,2025-01-04 04:40:00,WITEL_AHU_L8,0.0,0.0,0.0,0.0,0.0,0.0,0.0,0.0,0.0,,,,0.0,0.0,0.0,0.0,gap_too_large,0.0,gap_too_large,0.0,gap_too_large,0.0,gap_too_large,0.0,gap_too_large,0.0,gap_too_large,0.0,gap_too_large,0.0,gap_too_large,0.0,gap_too_large,0.0,gap_too_large,0.0,gap_too_large,0.0,gap_too_large,0.0,gap_too_large
3190322.0,,2025-01-04 05:00:00,WITEL_AHU_L8,0.0,0.0,0.0,0.0,0.0,0.0,0.0,0.0,0.0,,,,0.0,0.0,0.0,0.0,gap_too_large,0.0,gap_too_large,0.0,gap_too_large,0.0,gap_too_large,0.0,gap_too_large,0.0,gap_too_large,0.0,gap_too_large,0.0,gap_too_large,0.0,gap_too_large,0.0,gap_too_large,0.0,gap_too_large,0.0,gap_too_large,0.0,gap_too_large
3190322.0,,2025-01-04 05:20:00,WITEL_AHU_L8,0.0,0.0,0.0,0.0,0.0,0.0,0.0,0.0,0.0,,,,0.0,0.0,0.0,0.0,gap_too_large,0.0,gap_too_large,0.0,gap_too_large,0.0,gap_too_large,0.0,gap_too_large,0.0,gap_too_large,0.0,gap_too_large,0.0,gap_too_large,0.0,gap_too_large,0.0,gap_too_large,0.0,gap_too_large,0.0,gap_too_large,0.0,gap_too_large
3190322.0,,2025-01-04 05:40:00,WITEL_AHU_L8,0.0,0.0,0.0,0.0,0.0,0.0,0.0,0.0,0.0,,,,0.0,0.0,0.0,0.0,gap_too_large,0.0,gap_too_large,0.0,gap_too_large,0.0,gap_too_large,0.0,gap_too_large,0.0,gap_too_large,0.0,gap_too_large,0.0,gap_too_large,0.0,gap_too_large,0.0,gap_too_large,0.0,gap_too_large,0.0,gap_too_large,0.0,gap_too_large
3190322.0,,2025-01-04 06:00:00,WITEL_AHU_L8,0.0,0.0,0.0,0.0,0.0,0.0,0.0,0.0,0.0,,,,0.0,0.0,0.0,0.0,gap_too_large,0.0,gap_too_large,0.0,gap_too_large,0.0,gap_too_large,0.0,gap_too_large,0.0,gap_too_large,0.0,gap_too_large,0.0,gap_too_large,0.0,gap_too_large,0.0,gap_too_large,0.0,gap_too_large,0.0,gap_too_large,0.0,gap_too_large
3190322.0,,2025-01-04 06:20:00,WITEL_AHU_L8,0.0,0.0,0.0,0.0,0.0,0.0,0.0,0.0,0.0,,,,0.0,0.0,0.0,0.0,gap_too_large,0.0,gap_too_large,0.0,gap_too_large,0.0,gap_too_large,0.0,gap_too_large,0.0,gap_too_large,0.0,gap_too_large,0.0,gap_too_large,0.0,gap_too_large,0.0,gap_too_large,0.0,gap_too_large,0.0,gap_too_large,0.0,gap_too_large
3190322.0,,2025-01-04 06:40:00,WITEL_AHU_L8,0.0,0.0,0.0,0.0,0.0,0.0,0.0,0.0,0.0,,,,0.0,0.0,0.0,0.0,gap_too_large,0.0,gap_too_large,0.0,gap_too_large,0.0,gap_too_large,0.0,gap_too_large,0.0,gap_too_large,0.0,gap_too_large,0.0,gap_too_large,0.0,gap_too_large,0.0,gap_too_large,0.0,gap_too_large,0.0,gap_too_large,0.0,gap_too_large
3190322.0,,2025-01-04 07:00:00,WITEL_AHU_L8,0.0,0.0,0.0,0.0,0.0,0.0,0.0,0.0,0.0,,,,0.0,0.0,0.0,0.0,gap_too_large,0.0,gap_too_large,0.0,gap_too_large,0.0,gap_too_large,0.0,gap_too_large,0.0,gap_too_large,0.0,gap_too_large,0.0,gap_too_large,0.0,gap_too_large,0.0,gap_too_large,0.0,gap_too_large,0.0,gap_too_large,0.0,gap_too_large
3190322.0,,2025-01-04 07:20:00,WITEL_AHU_L8,0.0,0.0,0.0,0.0,0.0,0.0,0.0,0.0,0.0,,,,0.0,0.0,0.0,0.0,gap_too_large,0.0,gap_too_large,0.0,gap_too_large,0.0,gap_too_large,0.0,gap_too_large,0.0,gap_too_large,0.0,gap_too_large,0.0,gap_too_large,0.0,gap_too_large,0.0,gap_too_large,0.0,gap_too_large,0.0,gap_too_large,0.0,gap_too_large
3190322.0,,2025-01-04 07:40:00,WITEL_AHU_L8,0.0,0.0,0.0,0.0,0.0,0.0,0.0,0.0,0.0,,,,0.0,0.0,0.0,0.0,gap_too_large,0.0,gap_too_large,0.0,gap_too_large,0.0,gap_too_large,0.0,gap_too_large,0.0,gap_too_large,0.0,gap_too_large,0.0,gap_too_large,0.0,gap_too_large,0.0,gap_too_large,0.0,gap_too_large,0.0,gap_too_large,0.0,gap_too_large
3190322.0,,2025-01-04 08:00:00,WITEL_AHU_L8,0.0,0.0,0.0,0.0,0.0,0.0,0.0,0.0,0.0,,,,0.0,0.0,0.0,0.0,gap_too_large,0.0,gap_too_large,0.0,gap_too_large,0.0,gap_too_large,0.0,gap_too_large,0.0,gap_too_large,0.0,gap_too_large,0.0,gap_too_large,0.0,gap_too_large,0.0,gap_too_large,0.0,gap_too_large,0.0,gap_too_large,0.0,gap_too_large
3190322.0,,2025-01-04 08:20:00,WITEL_AHU_L8,0.0,0.0,0.0,0.0,0.0,0.0,0.0,0.0,0.0,,,,0.0,0.0,0.0,0.0,gap_too_large,0.0,gap_too_large,0.0,gap_too_large,0.0,gap_too_large,0.0,gap_too_large,0.0,gap_too_large,0.0,gap_too_large,0.0,gap_too_large,0.0,gap_too_large,0.0,gap_too_large,0.0,gap_too_large,0.0,gap_too_large,0.0,gap_too_large
3190322.0,,2025-01-04 08:40:00,WITEL_AHU_L8,0.0,0.0,0.0,0.0,0.0,0.0,0.0,0.0,0.0,,,,0.0,0.0,0.0,0.0,gap_too_large,0.0,gap_too_large,0.0,gap_too_large,0.0,gap_too_large,0.0,gap_too_large,0.0,gap_too_large,0.0,gap_too_large,0.0,gap_too_large,0.0,gap_too_large,0.0,gap_too_large,0.0,gap_too_large,0.0,gap_too_large,0.0,gap_too_large
3190322.0,,2025-01-04 09:00:00,WITEL_AHU_L8,0.0,0.0,0.0,0.0,0.0,0.0,0.0,0.0,0.0,,,,0.0,0.0,0.0,0.0,gap_too_large,0.0,gap_too_large,0.0,gap_too_large,0.0,gap_too_large,0.0,gap_too_large,0.0,gap_too_large,0.0,gap_too_large,0.0,gap_too_large,0.0,gap_too_large,0.0,gap_too_large,0.0,gap_too_large,0.0,gap_too_large,0.0,gap_too_large
3190322.0,,2025-01-04 09:20:00,WITEL_AHU_L8,0.0,0.0,0.0,0.0,0.0,0.0,0.0,0.0,0.0,,,,0.0,0.0,0.0,0.0,gap_too_large,0.0,gap_too_large,0.0,gap_too_large,0.0,gap_too_large,0.0,gap_too_large,0.0,gap_too_large,0.0,gap_too_large,0.0,gap_too_large,0.0,gap_too_large,0.0,gap_too_large,0.0,gap_too_large,0.0,gap_too_large,0.0,gap_too_large
3190322.0,,2025-01-04 09:40:00,WITEL_AHU_L8,0.0,0.0,0.0,0.0,0.0,0.0,0.0,0.0,0.0,,,,0.0,0.0,0.0,0.0,gap_too_large,0.0,gap_too_large,0.0,gap_too_large,0.0,gap_too_large,0.0,gap_too_large,0.0,gap_too_large,0.0,gap_too_large,0.0,gap_too_large,0.0,gap_too_large,0.0,gap_too_large,0.0,gap_too_large,0.0,gap_too_large,0.0,gap_too_large
3190322.0,,2025-01-04 10:00:00,WITEL_AHU_L8,0.0,0.0,0.0,0.0,0.0,0.0,0.0,0.0,0.0,,,,0.0,0.0,0.0,0.0,gap_too_large,0.0,gap_too_large,0.0,gap_too_large,0.0,gap_too_large,0.0,gap_too_large,0.0,gap_too_large,0.0,gap_too_large,0.0,gap_too_large,0.0,gap_too_large,0.0,gap_too_large,0.0,gap_too_large,0.0,gap_too_large,0.0,gap_too_large
3190322.0,,2025-01-04 10:20:00,WITEL_AHU_L8,0.0,0.0,0.0,0.0,0.0,0.0,0.0,0.0,0.0,,,,0.0,0.0,0.0,0.0,gap_too_large,0.0,gap_too_large,0.0,gap_too_large,0.0,gap_too_large,0.0,gap_too_large,0.0,gap_too_large,0.0,gap_too_large,0.0,gap_too_large,0.0,gap_too_large,0.0,gap_too_large,0.0,gap_too_large,0.0,gap_too_large,0.0,gap_too_large
3190322.0,,2025-01-04 10:40:00,WITEL_AHU_L8,0.0,0.0,0.0,0.0,0.0,0.0,0.0,0.0,0.0,,,,0.0,0.0,0.0,0.0,gap_too_large,0.0,gap_too_large,0.0,gap_too_large,0.0,gap_too_large,0.0,gap_too_large,0.0,gap_too_large,0.0,gap_too_large,0.0,gap_too_large,0.0,gap_too_large,0.0,gap_too_large,0.0,gap_too_large,0.0,gap_too_large,0.0,gap_too_large
3190322.0,,2025-01-04 11:00:00,WITEL_AHU_L8,0.0,0.0,0.0,0.0,0.0,0.0,0.0,0.0,0.0,,,,0.0,0.0,0.0,0.0,gap_too_large,0.0,gap_too_large,0.0,gap_too_large,0.0,gap_too_large,0.0,gap_too_large,0.0,gap_too_large,0.0,gap_too_large,0.0,gap_too_large,0.0,gap_too_large,0.0,gap_too_large,0.0,gap_too_large,0.0,gap_too_large,0.0,gap_too_large
3190322.0,,2025-01-04 11:20:00,WITEL_AHU_L8,0.0,0.0,0.0,0.0,0.0,0.0,0.0,0.0,0.0,,,,0.0,0.0,0.0,0.0,gap_too_large,0.0,gap_too_large,0.0,gap_too_large,0.0,gap_too_large,0.0,gap_too_large,0.0,gap_too_large,0.0,gap_too_large,0.0,gap_too_large,0.0,gap_too_large,0.0,gap_too_large,0.0,gap_too_large,0.0,gap_too_large,0.0,gap_too_large
3190322.0,,2025-01-04 11:40:00,WITEL_AHU_L8,0.0,0.0,0.0,0.0,0.0,0.0,0.0,0.0,0.0,,,,0.0,0.0,0.0,0.0,gap_too_large,0.0,gap_too_large,0.0,gap_too_large,0.0,gap_too_large,0.0,gap_too_large,0.0,gap_too_large,0.0,gap_too_large,0.0,gap_too_large,0.0,gap_too_large,0.0,gap_too_large,0.0,gap_too_large,0.0,gap_too_large,0.0,gap_too_large
3190322.0,,2025-01-04 12:00:00,WITEL_AHU_L8,0.0,0.0,0.0,0.0,0.0,0.0,0.0,0.0,0.0,,,,0.0,0.0,0.0,0.0,gap_too_large,0.0,gap_too_large,0.0,gap_too_large,0.0,gap_too_large,0.0,gap_too_large,0.0,gap_too_large,0.0,gap_too_large,0.0,gap_too_large,0.0,gap_too_large,0.0,gap_too_large,0.0,gap_too_large,0.0,gap_too_large,0.0,gap_too_large
3190322.0,,2025-01-04 12:20:00,WITEL_AHU_L8,0.0,0.0,0.0,0.0,0.0,0.0,0.0,0.0,0.0,,,,0.0,0.0,0.0,0.0,gap_too_large,0.0,gap_too_large,0.0,gap_too_large,0.0,gap_too_large,0.0,gap_too_large,0.0,gap_too_large,0.0,gap_too_large,0.0,gap_too_large,0.0,gap_too_large,0.0,gap_too_large,0.0,gap_too_large,0.0,gap_too_large,0.0,gap_too_large
3190322.0,,2025-01-04 12:40:00,WITEL_AHU_L8,0.0,0.0,0.0,0.0,0.0,0.0,0.0,0.0,0.0,,,,0.0,0.0,0.0,0.0,gap_too_large,0.0,gap_too_large,0.0,gap_too_large,0.0,gap_too_large,0.0,gap_too_large,0.0,gap_too_large,0.0,gap_too_large,0.0,gap_too_large,0.0,gap_too_large,0.0,gap_too_large,0.0,gap_too_large,0.0,gap_too_large,0.0,gap_too_large
3190322.0,,2025-01-04 13:00:00,WITEL_AHU_L8,0.0,0.0,0.0,0.0,0.0,0.0,0.0,0.0,0.0,,,,0.0,0.0,0.0,0.0,gap_too_large,0.0,gap_too_large,0.0,gap_too_large,0.0,gap_too_large,0.0,gap_too_large,0.0,gap_too_large,0.0,gap_too_large,0.0,gap_too_large,0.0,gap_too_large,0.0,gap_too_large,0.0,gap_too_large,0.0,gap_too_large,0.0,gap_too_large
3190322.0,,2025-01-04 13:20:00,WITEL_AHU_L8,0.0,0.0,0.0,0.0,0.0,0.0,0.0,0.0,0.0,,,,0.0,0.0,0.0,0.0,gap_too_large,0.0,gap_too_large,0.0,gap_too_large,0.0,gap_too_large,0.0,gap_too_large,0.0,gap_too_large,0.0,gap_too_large,0.0,gap_too_large,0.0,gap_too_large,0.0,gap_too_large,0.0,gap_too_large,0.0,gap_too_large,0.0,gap_too_large
3190322.0,,2025-01-04 13:40:00,WITEL_AHU_L8,0.0,0.0,0.0,0.0,0.0,0.0,0.0,0.0,0.0,,,,0.0,0.0,0.0,0.0,gap_too_large,0.0,gap_too_large,0.0,gap_too_large,0.0,gap_too_large,0.0,gap_too_large,0.0,gap_too_large,0.0,gap_too_large,0.0,gap_too_large,0.0,gap_too_large,0.0,gap_too_large,0.0,gap_too_large,0.0,gap_too_large,0.0,gap_too_large
3190322.0,,2025-01-04 14:00:00,WITEL_AHU_L8,0.0,0.0,0.0,0.0,0.0,0.0,0.0,0.0,0.0,,,,0.0,0.0,0.0,0.0,gap_too_large,0.0,gap_too_large,0.0,gap_too_large,0.0,gap_too_large,0.0,gap_too_large,0.0,gap_too_large,0.0,gap_too_large,0.0,gap_too_large,0.0,gap_too_large,0.0,gap_too_large,0.0,gap_too_large,0.0,gap_too_large,0.0,gap_too_large
3190322.0,,2025-01-04 14:20:00,WITEL_AHU_L8,0.0,0.0,0.0,0.0,0.0,0.0,0.0,0.0,0.0,,,,0.0,0.0,0.0,0.0,gap_too_large,0.0,gap_too_large,0.0,gap_too_large,0.0,gap_too_large,0.0,gap_too_large,0.0,gap_too_large,0.0,gap_too_large,0.0,gap_too_large,0.0,gap_too_large,0.0,gap_too_large,0.0,gap_too_large,0.0,gap_too_large,0.0,gap_too_large
3190322.0,,2025-01-04 14:40:00,WITEL_AHU_L8,0.0,0.0,0.0,0.0,0.0,0.0,0.0,0.0,0.0,,,,0.0,0.0,0.0,0.0,gap_too_large,0.0,gap_too_large,0.0,gap_too_large,0.0,gap_too_large,0.0,gap_too_large,0.0,gap_too_large,0.0,gap_too_large,0.0,gap_too_large,0.0,gap_too_large,0.0,gap_too_large,0.0,gap_too_large,0.0,gap_too_large,0.0,gap_too_large
3190322.0,,2025-01-04 15:00:00,WITEL_AHU_L8,0.0,0.0,0.0,0.0,0.0,0.0,0.0,0.0,0.0,,,,0.0,0.0,0.0,0.0,gap_too_large,0.0,gap_too_large,0.0,gap_too_large,0.0,gap_too_large,0.0,gap_too_large,0.0,gap_too_large,0.0,gap_too_large,0.0,gap_too_large,0.0,gap_too_large,0.0,gap_too_large,0.0,gap_too_large,0.0,gap_too_large,0.0,gap_too_large
3190322.0,,2025-01-04 15:20:00,WITEL_AHU_L8,0.0,0.0,0.0,0.0,0.0,0.0,0.0,0.0,0.0,,,,0.0,0.0,0.0,0.0,gap_too_large,0.0,gap_too_large,0.0,gap_too_large,0.0,gap_too_large,0.0,gap_too_large,0.0,gap_too_large,0.0,gap_too_large,0.0,gap_too_large,0.0,gap_too_large,0.0,gap_too_large,0.0,gap_too_large,0.0,gap_too_large,0.0,gap_too_large
3190322.0,,2025-01-04 15:40:00,WITEL_AHU_L8,0.0,0.0,0.0,0.0,0.0,0.0,0.0,0.0,0.0,,,,0.0,0.0,0.0,0.0,gap_too_large,0.0,gap_too_large,0.0,gap_too_large,0.0,gap_too_large,0.0,gap_too_large,0.0,gap_too_large,0.0,gap_too_large,0.0,gap_too_large,0.0,gap_too_large,0.0,gap_too_large,0.0,gap_too_large,0.0,gap_too_large,0.0,gap_too_large
3190322.0,,2025-01-04 16:00:00,WITEL_AHU_L8,0.0,0.0,0.0,0.0,0.0,0.0,0.0,0.0,0.0,,,,0.0,0.0,0.0,0.0,gap_too_large,0.0,gap_too_large,0.0,gap_too_large,0.0,gap_too_large,0.0,gap_too_large,0.0,gap_too_large,0.0,gap_too_large,0.0,gap_too_large,0.0,gap_too_large,0.0,gap_too_large,0.0,gap_too_large,0.0,gap_too_large,0.0,gap_too_large
3190322.0,,2025-01-04 16:20:00,WITEL_AHU_L8,0.0,0.0,0.0,0.0,0.0,0.0,0.0,0.0,0.0,,,,0.0,0.0,0.0,0.0,gap_too_large,0.0,gap_too_large,0.0,gap_too_large,0.0,gap_too_large,0.0,gap_too_large,0.0,gap_too_large,0.0,gap_too_large,0.0,gap_too_large,0.0,gap_too_large,0.0,gap_too_large,0.0,gap_too_large,0.0,gap_too_large,0.0,gap_too_large
3229622.0,37.0,2025-01-04 16:40:00,WITEL_AHU_L8,31807600.0,229.0,229.0,231.0,0.0,0.0,0.0,49.99,1.0,2025-01-04 16:47:47.000,2025-01-04 16:47:47.000,2025-01-04 16:47:47.000,43631586.0,25627.0,55164933.0,229.0,original,229.0,original,231.0,original,0.0,gap_too_large,0.0,gap_too_large,0.0,gap_too_large,49.99,original,1.0,original,43631586.0,original,25627.0,original,55164933.0,original,31807600.0,original,-101.0,original
3230066.0,37.0,2025-01-04 17:00:00,WITEL_AHU_L8,31807600.0,230.0,229.0,232.0,0.0,0.0,0.0,50.03,1.0,2025-01-04 16:59:18.000,2025-01-04 16:59:18.000,2025-01-04 16:59:18.000,43631586.0,25627.0,55164933.0,230.0,original,229.0,original,232.0,original,0.0,gap_too_large,0.0,gap_too_large,0.0,gap_too_large,50.03,original,1.0,original,43631586.0,original,25627.0,original,55164933.0,original,31807600.0,original,-117.0,original
3230642.0,37.0,2025-01-04 17:20:00,WITEL_AHU_L8,31807600.0,230.0,229.0,232.0,0.0,0.0,0.0,49.97,1.0,2025-01-04 17:19:23.000,2025-01-04 17:19:23.000,2025-01-04 17:19:23.000,43631586.0,25627.0,55164933.0,230.0,original,229.0,original,232.0,original,0.0,gap_too_large,0.0,gap_too_large,0.0,gap_too_large,49.97,original,1.0,original,43631586.0,original,25627.0,original,55164933.0,original,31807600.0,original,-101.0,original
3231074.0,37.0,2025-01-04 17:40:00,WITEL_AHU_L8,31807600.0,231.0,230.0,232.0,0.0,0.0,0.0,50.0,1.0,2025-01-04 17:39:07.000,2025-01-04 17:39:07.000,2025-01-04 17:39:07.000,43631586.0,25627.0,55164933.0,231.0,original,230.0,original,232.0,original,0.0,gap_too_large,0.0,gap_too_large,0.0,gap_too_large,50.0,original,1.0,original,43631586.0,original,25627.0,original,55164933.0,original,31807600.0,original,-101.0,original
3231602.0,37.0,2025-01-04 18:00:00,WITEL_AHU_L8,31807600.0,228.0,227.0,230.0,0.0,0.0,0.0,50.01,1.0,2025-01-04 17:59:04.000,2025-01-04 17:59:04.000,2025-01-04 17:59:04.000,43631586.0,25627.0,55164933.0,228.0,original,227.0,original,230.0,original,0.0,gap_too_large,0.0,gap_too_large,0.0,gap_too_large,50.01,original,1.0,original,43631586.0,original,25627.0,original,55164933.0,original,31807600.0,original,-121.0,original
3232226.0,37.0,2025-01-04 18:20:00,WITEL_AHU_L8,31807600.0,228.0,227.0,229.0,0.0,0.0,0.0,49.98,1.0,2025-01-04 18:19:22.000,2025-01-04 18:19:22.000,2025-01-04 18:19:22.000,43631586.0,25627.0,55164933.0,228.0,original,227.0,original,229.0,original,0.0,gap_too_large,0.0,gap_too_large,0.0,gap_too_large,49.98,original,1.0,original,43631586.0,original,25627.0,original,55164933.0,original,31807600.0,original,-102.0,original
3232826.0,37.0,2025-01-04 18:40:00,WITEL_AHU_L8,31807600.0,228.0,227.0,229.0,0.0,0.0,0.0,50.02,1.0,2025-01-04 18:39:21.000,2025-01-04 18:39:21.000,2025-01-04 18:39:21.000,43631586.0,25627.0,55164933.0,228.0,original,227.0,original,229.0,original,0.0,gap_too_large,0.0,gap_too_large,0.0,gap_too_large,50.02,original,1.0,original,43631586.0,original,25627.0,original,55164933.0,original,31807600.0,original,-101.0,original
3233618.0,37.0,2025-01-04 19:00:00,WITEL_AHU_L8,31807600.0,228.0,227.0,229.0,0.0,0.0,0.0,50.02,1.0,2025-01-04 19:09:22.000,2025-01-04 19:09:22.000,2025-01-04 19:09:22.000,43631586.0,25627.0,55164933.0,228.0,original,227.0,original,229.0,original,0.0,gap_too_large,0.0,gap_too_large,0.0,gap_too_large,50.02,original,1.0,original,43631586.0,original,25627.0,original,55164933.0,original,31807600.0,original,-118.0,original
3233846.0,37.0,2025-01-04 19:20:00,WITEL_AHU_L8,31807600.0,228.0,227.0,229.0,0.0,0.0,0.0,50.02,1.0,2025-01-04 19:19:16.000,2025-01-04 19:19:16.000,2025-01-04 19:19:16.000,43631586.0,25627.0,55164933.0,228.0,original,227.0,original,229.0,original,0.0,gap_too_large,0.0,gap_too_large,0.0,gap_too_large,50.02,original,1.0,original,43631586.0,original,25627.0,original,55164933.0,original,31807600.0,original,-120.0,original
3234302.0,37.0,2025-01-04 19:40:00,WITEL_AHU_L8,31807600.0,228.0,227.0,229.0,0.0,0.0,0.0,50.05,1.0,2025-01-04 19:39:07.000,2025-01-04 19:39:07.000,2025-01-04 19:39:07.000,43631586.0,25627.0,55164933.0,228.0,original,227.0,original,229.0,original,0.0,gap_too_large,0.0,gap_too_large,0.0,gap_too_large,50.05,original,1.0,original,43631586.0,original,25627.0,original,55164933.0,original,31807600.0,original,-120.0,original
3234986.0,37.0,2025-01-04 20:00:00,WITEL_AHU_L8,31807600.0,228.0,228.0,230.0,0.0,0.0,0.0,50.0,1.0,2025-01-04 19:59:25.000,2025-01-04 19:59:25.000,2025-01-04 19:59:25.000,43631586.0,25627.0,55164933.0,228.0,original,228.0,original,230.0,original,0.0,gap_too_large,0.0,gap_too_large,0.0,gap_too_large,50.0,original,1.0,original,43631586.0,original,25627.0,original,55164933.0,original,31807600.0,original,-97.0,original
3234986.0,,2025-01-04 20:20:00,WITEL_AHU_L8,31807600.0,228.5,228.0,230.0,0.0,0.0,0.0,50.025,1.0,,,,43631586.0,25627.0,55164933.0,228.5,interpolated,228.0,interpolated,230.0,interpolated,0.0,gap_too_large,0.0,gap_too_large,0.0,gap_too_large,50.025,interpolated,1.0,interpolated,43631586.0,interpolated,25627.0,interpolated,55164933.0,interpolated,31807600.0,interpolated,-98.5,interpolated
3235970.0,37.0,2025-01-04 20:40:00,WITEL_AHU_L8,31807600.0,229.0,228.0,230.0,0.0,0.0,0.0,50.05,1.0,2025-01-04 20:39:06.000,2025-01-04 20:39:06.000,2025-01-04 20:39:06.000,43631586.0,25627.0,55164933.0,229.0,original,228.0,original,230.0,original,0.0,gap_too_large,0.0,gap_too_large,0.0,gap_too_large,50.05,original,1.0,original,43631586.0,original,25627.0,original,55164933.0,original,31807600.0,original,-100.0,original
3236930.0,37.0,2025-01-04 21:00:00,WITEL_AHU_L8,31807600.0,229.0,229.0,231.0,0.0,0.0,0.0,49.98,1.0,2025-01-04 21:09:18.000,2025-01-04 21:09:18.000,2025-01-04 21:09:18.000,43631586.0,25627.0,55164933.0,229.0,original,229.0,original,231.0,original,0.0,gap_too_large,0.0,gap_too_large,0.0,gap_too_large,49.98,original,1.0,original,43631586.0,original,25627.0,original,55164933.0,original,31807600.0,original,-120.0,original
3237230.0,37.0,2025-01-04 21:20:00,WITEL_AHU_L8,31807600.0,229.0,229.0,231.0,0.0,0.0,0.0,50.0,1.0,2025-01-04 21:19:21.000,2025-01-04 21:19:21.000,2025-01-04 21:19:21.000,43631586.0,25627.0,55164933.0,229.0,original,229.0,original,231.0,original,0.0,gap_too_large,0.0,gap_too_large,0.0,gap_too_large,50.0,original,1.0,original,43631586.0,original,25627.0,original,55164933.0,original,31807600.0,original,-118.0,original
3237758.0,37.0,2025-01-04 21:40:00,WITEL_AHU_L8,31807600.0,230.0,230.0,232.0,0.0,0.0,0.0,50.0,1.0,2025-01-04 21:39:23.000,2025-01-04 21:39:23.000,2025-01-04 21:39:23.000,43631586.0,25627.0,55164933.0,230.0,original,230.0,original,232.0,original,0.0,gap_too_large,0.0,gap_too_large,0.0,gap_too_large,50.0,original,1.0,original,43631586.0,original,25627.0,original,55164933.0,original,31807600.0,original,-100.0,original
3238394.0,37.0,2025-01-04 22:00:00,WITEL_AHU_L8,31807600.0,228.0,228.0,230.0,0.0,0.0,0.0,50.05,1.0,2025-01-04 21:59:22.000,2025-01-04 21:59:22.000,2025-01-04 21:59:22.000,43631586.0,25627.0,55164933.0,228.0,original,228.0,original,230.0,original,0.0,gap_too_large,0.0,gap_too_large,0.0,gap_too_large,50.05,original,1.0,original,43631586.0,original,25627.0,original,55164933.0,original,31807600.0,original,-120.0,original
3238922.0,37.0,2025-01-04 22:20:00,WITEL_AHU_L8,31807600.0,228.0,228.0,230.0,0.0,0.0,0.0,50.09,1.0,2025-01-04 22:19:25.000,2025-01-04 22:19:25.000,2025-01-04 22:19:25.000,43631586.0,25627.0,55164933.0,228.0,original,228.0,original,230.0,original,0.0,gap_too_large,0.0,gap_too_large,0.0,gap_too_large,50.09,original,1.0,original,43631586.0,original,25627.0,original,55164933.0,original,31807600.0,original,-120.0,original
3239510.0,37.0,2025-01-04 22:40:00,WITEL_AHU_L8,31807600.0,228.0,228.0,230.0,0.0,0.0,0.0,50.07,1.0,2025-01-04 22:39:21.000,2025-01-04 22:39:21.000,2025-01-04 22:39:21.000,43631586.0,25627.0,55164933.0,228.0,original,228.0,original,230.0,original,0.0,gap_too_large,0.0,gap_too_large,0.0,gap_too_large,50.07,original,1.0,original,43631586.0,original,25627.0,original,55164933.0,original,31807600.0,original,-119.0,original
3239510.0,,2025-01-04 23:00:00,WITEL_AHU_L8,31807600.0,228.0,228.0,230.0,0.0,0.0,0.0,50.03,1.0,,,,43631586.0,25627.0,55164933.0,228.0,interpolated,228.0,interpolated,230.0,interpolated,0.0,gap_too_large,0.0,gap_too_large,0.0,gap_too_large,50.03,interpolated,1.0,interpolated,43631586.0,interpolated,25627.0,interpolated,55164933.0,interpolated,31807600.0,interpolated,-119.0,interpolated
3240434.0,37.0,2025-01-04 23:20:00,WITEL_AHU_L8,31807600.0,228.0,228.0,230.0,0.0,0.0,0.0,49.99,1.0,2025-01-04 23:19:15.000,2025-01-04 23:19:15.000,2025-01-04 23:19:15.000,43631586.0,25627.0,55164933.0,228.0,original,228.0,original,230.0,original,0.0,gap_too_large,0.0,gap_too_large,0.0,gap_too_large,49.99,original,1.0,original,43631586.0,original,25627.0,original,55164933.0,original,31807600.0,original,-119.0,original
3240434.0,,2025-01-04 23:40:00,WITEL_AHU_L8,31807600.0,228.0,228.0,230.0,0.0,0.0,0.0,49.985,1.0,,,,43631586.0,25627.0,55164933.0,228.0,interpolated,228.0,interpolated,230.0,interpolated,0.0,gap_too_large,0.0,gap_too_large,0.0,gap_too_large,49.985,interpolated,1.0,interpolated,43631586.0,interpolated,25627.0,interpolated,55164933.0,interpolated,31807600.0,interpolated,-110.0,interpolated
3241514.0,37.0,2025-01-05 00:00:00,WITEL_AHU_L8,31807600.0,228.0,228.0,230.0,0.0,0.0,0.0,49.98,1.0,2025-01-04 23:59:13.000,2025-01-04 23:59:13.000,2025-01-04 23:59:13.000,43631586.0,25627.0,55164933.0,228.0,original,228.0,original,230.0,original,0.0,gap_too_large,0.0,gap_too_large,0.0,gap_too_large,49.98,original,1.0,original,43631586.0,original,25627.0,original,55164933.0,original,31807600.0,original,-101.0,original
3242258.0,37.0,2025-01-05 00:20:00,WITEL_AHU_L8,31807600.0,229.0,229.0,231.0,0.0,0.0,0.0,50.07,1.0,2025-01-05 00:29:02.000,2025-01-05 00:29:02.000,2025-01-05 00:29:02.000,43631586.0,25627.0,55164933.0,229.0,original,229.0,original,231.0,original,0.0,gap_too_large,0.0,gap_too_large,0.0,gap_too_large,50.07,original,1.0,original,43631586.0,original,25627.0,original,55164933.0,original,31807600.0,original,-115.0,original
3242510.0,37.0,2025-01-05 00:40:00,WITEL_AHU_L8,31807600.0,229.0,229.0,231.0,0.0,0.0,0.0,50.06,1.0,2025-01-05 00:39:05.000,2025-01-05 00:39:05.000,2025-01-05 00:39:05.000,43631586.0,25627.0,55164933.0,229.0,original,229.0,original,231.0,original,0.0,gap_too_large,0.0,gap_too_large,0.0,gap_too_large,50.06,original,1.0,original,43631586.0,original,25627.0,original,55164933.0,original,31807600.0,original,-101.0,original
3243338.0,37.0,2025-01-05 01:00:00,WITEL_AHU_L8,31807600.0,229.0,229.0,231.0,0.0,0.0,0.0,50.02,1.0,2025-01-05 00:59:22.000,2025-01-05 00:59:22.000,2025-01-05 00:59:22.000,43631586.0,25627.0,55164933.0,229.0,original,229.0,original,231.0,original,0.0,gap_too_large,0.0,gap_too_large,0.0,gap_too_large,50.02,original,1.0,original,43631586.0,original,25627.0,original,55164933.0,original,31807600.0,original,-121.0,original
3243734.0,37.0,2025-01-05 01:20:00,WITEL_AHU_L8,31807600.0,229.0,229.0,231.0,0.0,0.0,0.0,50.05,1.0,2025-01-05 01:19:05.000,2025-01-05 01:19:05.000,2025-01-05 01:19:05.000,43631586.0,25627.0,55164933.0,229.0,original,229.0,original,231.0,original,0.0,gap_too_large,0.0,gap_too_large,0.0,gap_too_large,50.05,original,1.0,original,43631586.0,original,25627.0,original,55164933.0,original,31807600.0,original,-120.0,original
3244622.0,37.0,2025-01-05 01:40:00,WITEL_AHU_L8,31807600.0,230.0,229.0,232.0,0.0,0.0,0.0,50.05,1.0,2025-01-05 01:49:22.000,2025-01-05 01:49:22.000,2025-01-05 01:49:22.000,43631586.0,25627.0,55164933.0,230.0,original,229.0,original,232.0,original,0.0,gap_too_large,0.0,gap_too_large,0.0,gap_too_large,50.05,original,1.0,original,43631586.0,original,25627.0,original,55164933.0,original,31807600.0,original,-107.0,original
3244874.0,37.0,2025-01-05 02:00:00,WITEL_AHU_L8,31807600.0,230.0,229.0,232.0,0.0,0.0,0.0,50.03,1.0,2025-01-05 01:59:15.000,2025-01-05 01:59:15.000,2025-01-05 01:59:15.000,43631586.0,25627.0,55164933.0,230.0,original,229.0,original,232.0,original,0.0,gap_too_large,0.0,gap_too_large,0.0,gap_too_large,50.03,original,1.0,original,43631586.0,original,25627.0,original,55164933.0,original,31807600.0,original,-121.0,original
3245318.0,37.0,2025-01-05 02:20:00,WITEL_AHU_L8,31807600.0,230.0,229.0,232.0,0.0,0.0,0.0,49.99,1.0,2025-01-05 02:19:13.000,2025-01-05 02:19:13.000,2025-01-05 02:19:13.000,43631586.0,25627.0,55164933.0,230.0,original,229.0,original,232.0,original,0.0,gap_too_large,0.0,gap_too_large,0.0,gap_too_large,49.99,original,1.0,original,43631586.0,original,25627.0,original,55164933.0,original,31807600.0,original,-101.0,original
3245822.0,37.0,2025-01-05 02:40:00,WITEL_AHU_L8,31807600.0,230.0,230.0,232.0,0.0,0.0,0.0,50.06,1.0,2025-01-05 02:39:16.000,2025-01-05 02:39:16.000,2025-01-05 02:39:16.000,43631586.0,25627.0,55164933.0,230.0,original,230.0,original,232.0,original,0.0,gap_too_large,0.0,gap_too_large,0.0,gap_too_large,50.06,original,1.0,original,43631586.0,original,25627.0,original,55164933.0,original,31807600.0,original,-117.0,original
3246314.0,37.0,2025-01-05 03:00:00,WITEL_AHU_L8,31807600.0,230.0,230.0,232.0,0.0,0.0,0.0,50.01,1.0,2025-01-05 02:59:11.000,2025-01-05 02:59:11.000,2025-01-05 02:59:11.000,43631586.0,25627.0,55164933.0,230.0,original,230.0,original,232.0,original,0.0,gap_too_large,0.0,gap_too_large,0.0,gap_too_large,50.01,original,1.0,original,43631586.0,original,25627.0,original,55164933.0,original,31807600.0,original,-102.0,original
3246866.0,37.0,2025-01-05 03:20:00,WITEL_AHU_L8,31807600.0,230.0,230.0,232.0,0.0,0.0,0.0,49.94,1.0,2025-01-05 03:19:23.000,2025-01-05 03:19:23.000,2025-01-05 03:19:23.000,43631586.0,25627.0,55164933.0,230.0,original,230.0,original,232.0,original,0.0,gap_too_large,0.0,gap_too_large,0.0,gap_too_large,49.94,original,1.0,original,43631586.0,original,25627.0,original,55164933.0,original,31807600.0,original,-101.0,original
3247562.0,37.0,2025-01-05 03:40:00,WITEL_AHU_L8,31807600.0,230.0,230.0,232.0,0.0,0.0,0.0,49.96,1.0,2025-01-05 03:49:04.000,2025-01-05 03:49:04.000,2025-01-05 03:49:04.000,43631586.0,25627.0,55164933.0,230.0,original,230.0,original,232.0,original,0.0,gap_too_large,0.0,gap_too_large,0.0,gap_too_large,49.96,original,1.0,original,43631586.0,original,25627.0,original,55164933.0,original,31807600.0,original,-115.0,original
3247790.0,37.0,2025-01-05 04:00:00,WITEL_AHU_L8,31807600.0,231.0,230.0,233.0,0.0,0.0,0.0,50.01,1.0,2025-01-05 03:59:12.000,2025-01-05 03:59:12.000,2025-01-05 03:59:12.000,43631586.0,25627.0,55164933.0,231.0,original,230.0,original,233.0,original,0.0,gap_too_large,0.0,gap_too_large,0.0,gap_too_large,50.01,original,1.0,original,43631586.0,original,25627.0,original,55164933.0,original,31807600.0,original,-99.0,original
3248354.0,37.0,2025-01-05 04:20:00,WITEL_AHU_L8,31807600.0,230.0,230.0,232.0,0.0,0.0,0.0,50.07,1.0,2025-01-05 04:19:14.000,2025-01-05 04:19:14.000,2025-01-05 04:19:14.000,43631586.0,25627.0,55164933.0,230.0,original,230.0,original,232.0,original,0.0,gap_too_large,0.0,gap_too_large,0.0,gap_too_large,50.07,original,1.0,original,43631586.0,original,25627.0,original,55164933.0,original,31807600.0,original,-119.0,original
3249194.0,37.0,2025-01-05 04:40:00,WITEL_AHU_L8,31807600.0,230.0,230.0,232.0,0.0,0.0,0.0,50.04,1.0,2025-01-05 04:49:23.000,2025-01-05 04:49:23.000,2025-01-05 04:49:23.000,43631586.0,25627.0,55164933.0,230.0,original,230.0,original,232.0,original,0.0,gap_too_large,0.0,gap_too_large,0.0,gap_too_large,50.04,original,1.0,original,43631586.0,original,25627.0,original,55164933.0,original,31807600.0,original,-111.0,original
3249566.0,37.0,2025-01-05 05:00:00,WITEL_AHU_L8,31807600.0,230.0,230.0,232.0,0.0,0.0,0.0,50.04,1.0,2025-01-05 05:09:10.000,2025-01-05 05:09:10.000,2025-01-05 05:09:10.000,43631586.0,25627.0,55164933.0,230.0,original,230.0,original,232.0,original,0.0,gap_too_large,0.0,gap_too_large,0.0,gap_too_large,50.04,original,1.0,original,43631586.0,original,25627.0,original,55164933.0,original,31807600.0,original,-120.0,original
3249830.0,37.0,2025-01-05 05:20:00,WITEL_AHU_L8,31807600.0,230.0,230.0,232.0,0.0,0.0,0.0,50.05,1.0,2025-01-05 05:19:13.000,2025-01-05 05:19:13.000,2025-01-05 05:19:13.000,43631586.0,25627.0,55164933.0,230.0,original,230.0,original,232.0,original,0.0,gap_too_large,0.0,gap_too_large,0.0,gap_too_large,50.05,original,1.0,original,43631586.0,original,25627.0,original,55164933.0,original,31807600.0,original,-101.0,original
3249830.0,,2025-01-05 05:40:00,WITEL_AHU_L8,31807600.0,230.0,230.0,232.0,0.0,0.0,0.0,50.019999999999996,1.0,,,,43631586.0,25627.0,55164933.0,230.0,interpolated,230.0,interpolated,232.0,interpolated,0.0,gap_too_large,0.0,gap_too_large,0.0,gap_too_large,50.019999999999996,interpolated,1.0,interpolated,43631586.0,interpolated,25627.0,interpolated,55164933.0,interpolated,31807600.0,interpolated,-106.33333333333333,interpolated
3249830.0,,2025-01-05 06:00:00,WITEL_AHU_L8,31807600.0,230.0,230.0,232.0,0.0,0.0,0.0,49.99,1.0,,,,43631586.0,25627.0,55164933.0,230.0,interpolated,230.0,interpolated,232.0,interpolated,0.0,gap_too_large,0.0,gap_too_large,0.0,gap_too_large,49.99,interpolated,1.0,interpolated,43631586.0,interpolated,25627.0,interpolated,55164933.0,interpolated,31807600.0,interpolated,-111.66666666666667,interpolated
3251642.0,37.0,2025-01-05 06:20:00,WITEL_AHU_L8,31807600.0,230.0,230.0,232.0,0.0,0.0,0.0,49.96,1.0,2025-01-05 06:29:23.000,2025-01-05 06:29:23.000,2025-01-05 06:29:23.000,43631586.0,25627.0,55164933.0,230.0,original,230.0,original,232.0,original,0.0,gap_too_large,0.0,gap_too_large,0.0,gap_too_large,49.96,original,1.0,original,43631586.0,original,25627.0,original,55164933.0,original,31807600.0,original,-117.0,original
3251810.0,37.0,2025-01-05 06:40:00,WITEL_AHU_L8,31807600.0,231.0,230.0,232.0,0.0,0.0,0.0,50.03,1.0,2025-01-05 06:39:08.000,2025-01-05 06:39:08.000,2025-01-05 06:39:08.000,43631586.0,25627.0,55164933.0,231.0,original,230.0,original,232.0,original,0.0,gap_too_large,0.0,gap_too_large,0.0,gap_too_large,50.03,original,1.0,original,43631586.0,original,25627.0,original,55164933.0,original,31807600.0,original,-99.0,original
3252434.0,37.0,2025-01-05 07:00:00,WITEL_AHU_L8,31807600.0,231.0,230.0,233.0,0.0,0.0,0.0,50.0,1.0,2025-01-05 06:59:21.000,2025-01-05 06:59:21.000,2025-01-05 06:59:21.000,43631586.0,25627.0,55164933.0,231.0,original,230.0,original,233.0,original,0.0,gap_too_large,0.0,gap_too_large,0.0,gap_too_large,50.0,original,1.0,original,43631586.0,original,25627.0,original,55164933.0,original,31807600.0,original,-120.0,original
3252974.0,37.0,2025-01-05 07:20:00,WITEL_AHU_L8,31807600.0,230.0,230.0,232.0,0.0,0.0,0.0,50.07,1.0,2025-01-05 07:19:27.000,2025-01-05 07:19:27.000,2025-01-05 07:19:27.000,43631586.0,25627.0,55164933.0,230.0,original,230.0,original,232.0,original,0.0,gap_too_large,0.0,gap_too_large,0.0,gap_too_large,50.07,original,1.0,original,43631586.0,original,25627.0,original,55164933.0,original,31807600.0,original,-101.0,original
3253514.0,37.0,2025-01-05 07:40:00,WITEL_AHU_L8,31807600.0,230.0,229.0,231.0,0.0,0.0,0.0,50.04,1.0,2025-01-05 07:39:18.000,2025-01-05 07:39:18.000,2025-01-05 07:39:18.000,43631586.0,25627.0,55164933.0,230.0,original,229.0,original,231.0,original,0.0,gap_too_large,0.0,gap_too_large,0.0,gap_too_large,50.04,original,1.0,original,43631586.0,original,25627.0,original,55164933.0,original,31807600.0,original,-121.0,original
3253946.0,37.0,2025-01-05 08:00:00,WITEL_AHU_L8,31807600.0,229.0,229.0,231.0,0.0,0.0,0.0,50.04,1.0,2025-01-05 07:59:08.000,2025-01-05 07:59:08.000,2025-01-05 07:59:08.000,43631586.0,25627.0,55164933.0,229.0,original,229.0,original,231.0,original,0.0,gap_too_large,0.0,gap_too_large,0.0,gap_too_large,50.04,original,1.0,original,43631586.0,original,25627.0,original,55164933.0,original,31807600.0,original,-101.0,original
3254450.0,37.0,2025-01-05 08:20:00,WITEL_AHU_L8,31807600.0,228.0,228.0,230.0,0.0,0.0,0.0,50.01,1.0,2025-01-05 08:19:19.000,2025-01-05 08:19:19.000,2025-01-05 08:19:19.000,43631586.0,25627.0,55164933.0,228.0,original,228.0,original,230.0,original,0.0,gap_too_large,0.0,gap_too_large,0.0,gap_too_large,50.01,original,1.0,original,43631586.0,original,25627.0,original,55164933.0,original,31807600.0,original,-100.0,original
3254942.0,37.0,2025-01-05 08:40:00,WITEL_AHU_L8,31807600.0,227.0,227.0,229.0,0.0,0.0,0.0,50.0,1.0,2025-01-05 08:39:19.000,2025-01-05 08:39:19.000,2025-01-05 08:39:19.000,43631586.0,25627.0,55164933.0,227.0,original,227.0,original,229.0,original,0.0,gap_too_large,0.0,gap_too_large,0.0,gap_too_large,50.0,original,1.0,original,43631586.0,original,25627.0,original,55164933.0,original,31807600.0,original,-101.0,original
3255578.0,37.0,2025-01-05 09:00:00,WITEL_AHU_L8,31807600.0,227.0,226.0,228.0,0.0,0.0,0.0,50.0,1.0,2025-01-05 08:59:07.000,2025-01-05 08:59:07.000,2025-01-05 08:59:07.000,43631586.0,25627.0,55164933.0,227.0,original,226.0,original,228.0,original,0.0,gap_too_large,0.0,gap_too_large,0.0,gap_too_large,50.0,original,1.0,original,43631586.0,original,25627.0,original,55164933.0,original,31807600.0,original,-114.0,original
3256202.0,37.0,2025-01-05 09:20:00,WITEL_AHU_L8,31807600.0,226.0,226.0,228.0,0.0,0.0,0.0,50.02,1.0,2025-01-05 09:19:14.000,2025-01-05 09:19:14.000,2025-01-05 09:19:14.000,43631586.0,25627.0,55164933.0,226.0,original,226.0,original,228.0,original,0.0,gap_too_large,0.0,gap_too_large,0.0,gap_too_large,50.02,original,1.0,original,43631586.0,original,25627.0,original,55164933.0,original,31807600.0,original,-103.0,original
3256778.0,37.0,2025-01-05 09:40:00,WITEL_AHU_L8,31807600.0,225.0,225.0,227.0,0.0,0.0,0.0,50.01,1.0,2025-01-05 09:39:14.000,2025-01-05 09:39:14.000,2025-01-05 09:39:14.000,43631586.0,25627.0,55164933.0,225.0,original,225.0,original,227.0,original,0.0,gap_too_large,0.0,gap_too_large,0.0,gap_too_large,50.01,original,1.0,original,43631586.0,original,25627.0,original,55164933.0,original,31807600.0,original,-105.0,original
3257402.0,37.0,2025-01-05 10:00:00,WITEL_AHU_L8,31807600.0,227.0,226.0,228.0,0.0,0.0,0.0,49.98,1.0,2025-01-05 10:09:16.000,2025-01-05 10:09:16.000,2025-01-05 10:09:16.000,43631586.0,25627.0,55164933.0,227.0,original,226.0,original,228.0,original,0.0,gap_too_large,0.0,gap_too_large,0.0,gap_too_large,49.98,original,1.0,original,43631586.0,original,25627.0,original,55164933.0,original,31807600.0,original,-121.0,original
3257678.0,37.0,2025-01-05 10:20:00,WITEL_AHU_L8,31807600.0,227.0,226.0,229.0,0.0,0.0,0.0,50.05,1.0,2025-01-05 10:19:15.000,2025-01-05 10:19:15.000,2025-01-05 10:19:15.000,43631586.0,25627.0,55164933.0,227.0,original,226.0,original,229.0,original,0.0,gap_too_large,0.0,gap_too_large,0.0,gap_too_large,50.05,original,1.0,original,43631586.0,original,25627.0,original,55164933.0,original,31807600.0,original,-117.0,original
3258218.0,37.0,2025-01-05 10:40:00,WITEL_AHU_L8,31807600.0,226.0,226.0,228.0,0.0,0.0,0.0,49.97,1.0,2025-01-05 10:39:26.000,2025-01-05 10:39:26.000,2025-01-05 10:39:26.000,43631586.0,25627.0,55164933.0,226.0,original,226.0,original,228.0,original,0.0,gap_too_large,0.0,gap_too_large,0.0,gap_too_large,49.97,original,1.0,original,43631586.0,original,25627.0,original,55164933.0,original,31807600.0,original,-119.0,original
3258602.0,37.0,2025-01-05 11:00:00,WITEL_AHU_L8,31807600.0,226.0,226.0,228.0,0.0,0.0,0.0,50.02,1.0,2025-01-05 10:59:09.000,2025-01-05 10:59:09.000,2025-01-05 10:59:09.000,43631586.0,25627.0,55164933.0,226.0,original,226.0,original,228.0,original,0.0,gap_too_large,0.0,gap_too_large,0.0,gap_too_large,50.02,original,1.0,original,43631586.0,original,25627.0,original,55164933.0,original,31807600.0,original,-117.0,original
3259094.0,37.0,2025-01-05 11:20:00,WITEL_AHU_L8,31807600.0,226.0,226.0,228.0,0.0,0.0,0.0,50.07,1.0,2025-01-05 11:19:03.000,2025-01-05 11:19:03.000,2025-01-05 11:19:03.000,43631586.0,25627.0,55164933.0,226.0,original,226.0,original,228.0,original,0.0,gap_too_large,0.0,gap_too_large,0.0,gap_too_large,50.07,original,1.0,original,43631586.0,original,25627.0,original,55164933.0,original,31807600.0,original,-118.0,original
3259682.0,37.0,2025-01-05 11:40:00,WITEL_AHU_L8,31807600.0,227.0,226.0,228.0,0.0,0.0,0.0,50.04,1.0,2025-01-05 11:39:19.000,2025-01-05 11:39:19.000,2025-01-05 11:39:19.000,43631586.0,25627.0,55164933.0,227.0,original,226.0,original,228.0,original,0.0,gap_too_large,0.0,gap_too_large,0.0,gap_too_large,50.04,original,1.0,original,43631586.0,original,25627.0,original,55164933.0,original,31807600.0,original,-116.0,original
3260198.0,37.0,2025-01-05 12:00:00,WITEL_AHU_L8,31807600.0,227.0,227.0,229.0,0.0,0.0,0.0,50.04,1.0,2025-01-05 11:59:19.000,2025-01-05 11:59:19.000,2025-01-05 11:59:19.000,43631586.0,25627.0,55164933.0,227.0,original,227.0,original,229.0,original,0.0,gap_too_large,0.0,gap_too_large,0.0,gap_too_large,50.04,original,1.0,original,43631586.0,original,25627.0,original,55164933.0,original,31807600.0,original,-109.0,original
3260582.0,37.0,2025-01-05 12:20:00,WITEL_AHU_L8,31807600.0,227.0,226.0,228.0,0.0,0.0,0.0,50.06,1.0,2025-01-05 12:19:06.000,2025-01-05 12:19:06.000,2025-01-05 12:19:06.000,43631586.0,25627.0,55164933.0,227.0,original,226.0,original,228.0,original,0.0,gap_too_large,0.0,gap_too_large,0.0,gap_too_large,50.06,original,1.0,original,43631586.0,original,25627.0,original,55164933.0,original,31807600.0,original,-117.0,original
3261134.0,37.0,2025-01-05 12:40:00,WITEL_AHU_L8,31807600.0,226.0,226.0,228.0,0.0,0.0,0.0,50.03,1.0,2025-01-05 12:39:10.000,2025-01-05 12:39:10.000,2025-01-05 12:39:10.000,43631586.0,25627.0,55164933.0,226.0,original,226.0,original,228.0,original,0.0,gap_too_large,0.0,gap_too_large,0.0,gap_too_large,50.03,original,1.0,original,43631586.0,original,25627.0,original,55164933.0,original,31807600.0,original,-118.0,original
3261638.0,37.0,2025-01-05 13:00:00,WITEL_AHU_L8,31807600.0,226.0,226.0,228.0,0.0,0.0,0.0,50.05,1.0,2025-01-05 12:59:11.000,2025-01-05 12:59:11.000,2025-01-05 12:59:11.000,43631586.0,25627.0,55164933.0,226.0,original,226.0,original,228.0,original,0.0,gap_too_large,0.0,gap_too_large,0.0,gap_too_large,50.05,original,1.0,original,43631586.0,original,25627.0,original,55164933.0,original,31807600.0,original,-119.0,original
3262130.0,37.0,2025-01-05 13:20:00,WITEL_AHU_L8,31807600.0,226.0,225.0,228.0,0.0,0.0,0.0,50.08,1.0,2025-01-05 13:19:11.000,2025-01-05 13:19:11.000,2025-01-05 13:19:11.000,43631586.0,25627.0,55164933.0,226.0,original,225.0,original,228.0,original,0.0,gap_too_large,0.0,gap_too_large,0.0,gap_too_large,50.08,original,1.0,original,43631586.0,original,25627.0,original,55164933.0,original,31807600.0,original,-120.0,original
3262694.0,37.0,2025-01-05 13:40:00,WITEL_AHU_L8,31807600.0,226.0,225.0,227.0,0.0,0.0,0.0,50.01,1.0,2025-01-05 13:39:23.000,2025-01-05 13:39:23.000,2025-01-05 13:39:23.000,43631586.0,25627.0,55164933.0,226.0,original,225.0,original,227.0,original,0.0,gap_too_large,0.0,gap_too_large,0.0,gap_too_large,50.01,original,1.0,original,43631586.0,original,25627.0,original,55164933.0,original,31807600.0,original,-118.0,original
3263162.0,37.0,2025-01-05 14:00:00,WITEL_AHU_L8,31807600.0,226.0,225.0,227.0,0.0,0.0,0.0,50.01,1.0,2025-01-05 13:59:14.000,2025-01-05 13:59:14.000,2025-01-05 13:59:14.000,43631586.0,25627.0,55164933.0,226.0,original,225.0,original,227.0,original,0.0,gap_too_large,0.0,gap_too_large,0.0,gap_too_large,50.01,original,1.0,original,43631586.0,original,25627.0,original,55164933.0,original,31807600.0,original,-101.0,original
3263990.0,37.0,2025-01-05 14:20:00,WITEL_AHU_L8,31807600.0,226.0,226.0,228.0,0.0,0.0,0.0,50.05,1.0,2025-01-05 14:29:20.000,2025-01-05 14:29:20.000,2025-01-05 14:29:20.000,43631586.0,25627.0,55164933.0,226.0,original,226.0,original,228.0,original,0.0,gap_too_large,0.0,gap_too_large,0.0,gap_too_large,50.05,original,1.0,original,43631586.0,original,25627.0,original,55164933.0,original,31807600.0,original,-100.0,original
3264266.0,37.0,2025-01-05 14:40:00,WITEL_AHU_L8,31807600.0,226.0,226.0,228.0,0.0,0.0,0.0,49.96,1.0,2025-01-05 14:39:21.000,2025-01-05 14:39:21.000,2025-01-05 14:39:21.000,43631586.0,25627.0,55164933.0,226.0,original,226.0,original,228.0,original,0.0,gap_too_large,0.0,gap_too_large,0.0,gap_too_large,49.96,original,1.0,original,43631586.0,original,25627.0,original,55164933.0,original,31807600.0,original,-105.0,original
3264614.0,37.0,2025-01-05 15:00:00,WITEL_AHU_L8,31807600.0,227.0,226.0,228.0,0.0,0.0,0.0,50.01,1.0,2025-01-05 14:59:07.000,2025-01-05 14:59:07.000,2025-01-05 14:59:07.000,43631586.0,25627.0,55164933.0,227.0,original,226.0,original,228.0,original,0.0,gap_too_large,0.0,gap_too_large,0.0,gap_too_large,50.01,original,1.0,original,43631586.0,original,25627.0,original,55164933.0,original,31807600.0,original,-118.0,original
3265178.0,37.0,2025-01-05 15:20:00,WITEL_AHU_L8,31807600.0,227.0,226.0,228.0,0.0,0.0,0.0,50.06,1.0,2025-01-05 15:19:13.000,2025-01-05 15:19:13.000,2025-01-05 15:19:13.000,43631586.0,25627.0,55164933.0,227.0,original,226.0,original,228.0,original,0.0,gap_too_large,0.0,gap_too_large,0.0,gap_too_large,50.06,original,1.0,original,43631586.0,original,25627.0,original,55164933.0,original,31807600.0,original,-109.0,original
3265730.0,37.0,2025-01-05 15:40:00,WITEL_AHU_L8,31807600.0,227.0,227.0,229.0,0.0,0.0,0.0,50.04,1.0,2025-01-05 15:39:26.000,2025-01-05 15:39:26.000,2025-01-05 15:39:26.000,43631586.0,25627.0,55164933.0,227.0,original,227.0,original,229.0,original,0.0,gap_too_large,0.0,gap_too_large,0.0,gap_too_large,50.04,original,1.0,original,43631586.0,original,25627.0,original,55164933.0,original,31807600.0,original,-114.0,original
3266258.0,37.0,2025-01-05 16:00:00,WITEL_AHU_L8,31807600.0,227.0,227.0,229.0,0.0,0.0,0.0,50.06,1.0,2025-01-05 15:59:23.000,2025-01-05 15:59:23.000,2025-01-05 15:59:23.000,43631586.0,25627.0,55164933.0,227.0,original,227.0,original,229.0,original,0.0,gap_too_large,0.0,gap_too_large,0.0,gap_too_large,50.06,original,1.0,original,43631586.0,original,25627.0,original,55164933.0,original,31807600.0,original,-119.0,original
3267074.0,37.0,2025-01-05 16:20:00,WITEL_AHU_L8,31807600.0,227.0,227.0,229.0,0.0,0.0,0.0,50.01,1.0,2025-01-05 16:29:26.000,2025-01-05 16:29:26.000,2025-01-05 16:29:26.000,43631586.0,25627.0,55164933.0,227.0,original,227.0,original,229.0,original,0.0,gap_too_large,0.0,gap_too_large,0.0,gap_too_large,50.01,original,1.0,original,43631586.0,original,25627.0,original,55164933.0,original,31807600.0,original,-99.0,original
3267266.0,37.0,2025-01-05 16:40:00,WITEL_AHU_L8,31807600.0,227.0,227.0,229.0,0.0,0.0,0.0,50.05,1.0,2025-01-05 16:39:15.000,2025-01-05 16:39:15.000,2025-01-05 16:39:15.000,43631586.0,25627.0,55164933.0,227.0,original,227.0,original,229.0,original,0.0,gap_too_large,0.0,gap_too_large,0.0,gap_too_large,50.05,original,1.0,original,43631586.0,original,25627.0,original,55164933.0,original,31807600.0,original,-119.0,original
3268106.0,37.0,2025-01-05 17:00:00,WITEL_AHU_L8,31807600.0,228.0,227.0,229.0,0.0,0.0,0.0,50.0,1.0,2025-01-05 16:59:21.000,2025-01-05 16:59:21.000,2025-01-05 16:59:21.000,43631586.0,25627.0,55164933.0,228.0,original,227.0,original,229.0,original,0.0,gap_too_large,0.0,gap_too_large,0.0,gap_too_large,50.0,original,1.0,original,43631586.0,original,25627.0,original,55164933.0,original,31807600.0,original,-99.0,original
3268634.0,37.0,2025-01-05 17:20:00,WITEL_AHU_L8,31807600.0,228.0,227.0,229.0,0.0,0.0,0.0,49.97,1.0,2025-01-05 17:19:14.000,2025-01-05 17:19:14.000,2025-01-05 17:19:14.000,43631586.0,25627.0,55164933.0,228.0,original,227.0,original,229.0,original,0.0,gap_too_large,0.0,gap_too_large,0.0,gap_too_large,49.97,original,1.0,original,43631586.0,original,25627.0,original,55164933.0,original,31807600.0,original,-107.0,original
3269486.0,37.0,2025-01-05 17:40:00,WITEL_AHU_L8,31807600.0,228.0,228.0,230.0,0.0,0.0,0.0,49.96,1.0,2025-01-05 17:49:08.000,2025-01-05 17:49:08.000,2025-01-05 17:49:08.000,43631586.0,25627.0,55164933.0,228.0,original,228.0,original,230.0,original,0.0,gap_too_large,0.0,gap_too_large,0.0,gap_too_large,49.96,original,1.0,original,43631586.0,original,25627.0,original,55164933.0,original,31807600.0,original,-117.0,original
3269810.0,37.0,2025-01-05 18:00:00,WITEL_AHU_L8,31807600.0,228.0,228.0,230.0,0.0,0.0,0.0,49.98,1.0,2025-01-05 17:59:22.000,2025-01-05 17:59:22.000,2025-01-05 17:59:22.000,43631586.0,25627.0,55164933.0,228.0,original,228.0,original,230.0,original,0.0,gap_too_large,0.0,gap_too_large,0.0,gap_too_large,49.98,original,1.0,original,43631586.0,original,25627.0,original,55164933.0,original,31807600.0,original,-117.0,original
3270386.0,37.0,2025-01-05 18:20:00,WITEL_AHU_L8,31807600.0,229.0,228.0,230.0,0.0,0.0,0.0,50.04,1.0,2025-01-05 18:19:17.000,2025-01-05 18:19:17.000,2025-01-05 18:19:17.000,43631586.0,25627.0,55164933.0,229.0,original,228.0,original,230.0,original,0.0,gap_too_large,0.0,gap_too_large,0.0,gap_too_large,50.04,original,1.0,original,43631586.0,original,25627.0,original,55164933.0,original,31807600.0,original,-101.0,original
3270902.0,37.0,2025-01-05 18:40:00,WITEL_AHU_L8,31807600.0,228.0,228.0,230.0,0.0,0.0,0.0,49.96,1.0,2025-01-05 18:39:09.000,2025-01-05 18:39:09.000,2025-01-05 18:39:09.000,43631586.0,25627.0,55164933.0,228.0,original,228.0,original,230.0,original,0.0,gap_too_large,0.0,gap_too_large,0.0,gap_too_large,49.96,original,1.0,original,43631586.0,original,25627.0,original,55164933.0,original,31807600.0,original,-100.0,original
3271538.0,37.0,2025-01-05 19:00:00,WITEL_AHU_L8,31807600.0,229.0,228.0,230.0,0.0,0.0,0.0,50.01,1.0,2025-01-05 18:59:07.000,2025-01-05 18:59:07.000,2025-01-05 18:59:07.000,43631586.0,25627.0,55164933.0,229.0,original,228.0,original,230.0,original,0.0,gap_too_large,0.0,gap_too_large,0.0,gap_too_large,50.01,original,1.0,original,43631586.0,original,25627.0,original,55164933.0,original,31807600.0,original,-101.0,original
3272366.0,37.0,2025-01-05 19:20:00,WITEL_AHU_L8,31807600.0,229.0,228.0,230.0,0.0,0.0,0.0,49.97,1.0,2025-01-05 19:29:07.000,2025-01-05 19:29:07.000,2025-01-05 19:29:07.000,43631586.0,25627.0,55164933.0,229.0,original,228.0,original,230.0,original,0.0,gap_too_large,0.0,gap_too_large,0.0,gap_too_large,49.97,original,1.0,original,43631586.0,original,25627.0,original,55164933.0,original,31807600.0,original,-119.0,original
3273014.0,37.0,2025-01-05 19:40:00,WITEL_AHU_L8,31807600.0,229.0,228.0,231.0,0.0,0.0,0.0,49.99,1.0,2025-01-05 19:49:22.000,2025-01-05 19:49:22.000,2025-01-05 19:49:22.000,43631586.0,25627.0,55164933.0,229.0,original,228.0,original,231.0,original,0.0,gap_too_large,0.0,gap_too_large,0.0,gap_too_large,49.99,original,1.0,original,43631586.0,original,25627.0,original,55164933.0,original,31807600.0,original,-119.0,original
3273302.0,37.0,2025-01-05 20:00:00,WITEL_AHU_L8,31807600.0,229.0,229.0,231.0,0.0,0.0,0.0,50.02,1.0,2025-01-05 19:59:20.000,2025-01-05 19:59:20.000,2025-01-05 19:59:20.000,43631586.0,25627.0,55164933.0,229.0,original,229.0,original,231.0,original,0.0,gap_too_large,0.0,gap_too_large,0.0,gap_too_large,50.02,original,1.0,original,43631586.0,original,25627.0,original,55164933.0,original,31807600.0,original,-116.0,original
3273722.0,37.0,2025-01-05 20:20:00,WITEL_AHU_L8,31807600.0,229.0,229.0,231.0,0.0,0.0,0.0,50.02,1.0,2025-01-05 20:19:07.000,2025-01-05 20:19:07.000,2025-01-05 20:19:07.000,43631586.0,25627.0,55164933.0,229.0,original,229.0,original,231.0,original,0.0,gap_too_large,0.0,gap_too_large,0.0,gap_too_large,50.02,original,1.0,original,43631586.0,original,25627.0,original,55164933.0,original,31807600.0,original,-120.0,original
3274334.0,37.0,2025-01-05 20:40:00,WITEL_AHU_L8,31807600.0,229.0,229.0,231.0,0.0,0.0,0.0,50.02,1.0,2025-01-05 20:39:17.000,2025-01-05 20:39:17.000,2025-01-05 20:39:17.000,43631586.0,25627.0,55164933.0,229.0,original,229.0,original,231.0,original,0.0,gap_too_large,0.0,gap_too_large,0.0,gap_too_large,50.02,original,1.0,original,43631586.0,original,25627.0,original,55164933.0,original,31807600.0,original,-100.0,original
3274886.0,37.0,2025-01-05 21:00:00,WITEL_AHU_L8,31807600.0,229.0,229.0,231.0,0.0,0.0,0.0,50.02,1.0,2025-01-05 20:59:08.000,2025-01-05 20:59:08.000,2025-01-05 20:59:08.000,43631586.0,25627.0,55164933.0,229.0,original,229.0,original,231.0,original,0.0,gap_too_large,0.0,gap_too_large,0.0,gap_too_large,50.02,original,1.0,original,43631586.0,original,25627.0,original,55164933.0,original,31807600.0,original,-119.0,original
3275570.0,37.0,2025-01-05 21:20:00,WITEL_AHU_L8,31807600.0,230.0,230.0,232.0,0.0,0.0,0.0,50.05,1.0,2025-01-05 21:19:22.000,2025-01-05 21:19:22.000,2025-01-05 21:19:22.000,43631586.0,25627.0,55164933.0,230.0,original,230.0,original,232.0,original,0.0,gap_too_large,0.0,gap_too_large,0.0,gap_too_large,50.05,original,1.0,original,43631586.0,original,25627.0,original,55164933.0,original,31807600.0,original,-108.0,original
3276038.0,37.0,2025-01-05 21:40:00,WITEL_AHU_L8,31807600.0,231.0,230.0,232.0,0.0,0.0,0.0,50.05,1.0,2025-01-05 21:39:11.000,2025-01-05 21:39:11.000,2025-01-05 21:39:11.000,43631586.0,25627.0,55164933.0,231.0,original,230.0,original,232.0,original,0.0,gap_too_large,0.0,gap_too_large,0.0,gap_too_large,50.05,original,1.0,original,43631586.0,original,25627.0,original,55164933.0,original,31807600.0,original,-102.0,original
3276602.0,37.0,2025-01-05 22:00:00,WITEL_AHU_L8,31807600.0,228.0,227.0,229.0,0.0,0.0,0.0,50.0,1.0,2025-01-05 21:59:08.000,2025-01-05 21:59:08.000,2025-01-05 21:59:08.000,43631586.0,25627.0,55164933.0,228.0,original,227.0,original,229.0,original,0.0,gap_too_large,0.0,gap_too_large,0.0,gap_too_large,50.0,original,1.0,original,43631586.0,original,25627.0,original,55164933.0,original,31807600.0,original,-117.0,original
3277226.0,37.0,2025-01-05 22:20:00,WITEL_AHU_L8,31807600.0,228.0,227.0,230.0,0.0,0.0,0.0,50.0,1.0,2025-01-05 22:19:16.000,2025-01-05 22:19:16.000,2025-01-05 22:19:16.000,43631586.0,25627.0,55164933.0,228.0,original,227.0,original,230.0,original,0.0,gap_too_large,0.0,gap_too_large,0.0,gap_too_large,50.0,original,1.0,original,43631586.0,original,25627.0,original,55164933.0,original,31807600.0,original,-121.0,original
3277682.0,37.0,2025-01-05 22:40:00,WITEL_AHU_L8,31807600.0,228.0,228.0,230.0,0.0,0.0,0.0,49.99,1.0,2025-01-05 22:39:07.000,2025-01-05 22:39:07.000,2025-01-05 22:39:07.000,43631586.0,25627.0,55164933.0,228.0,original,228.0,original,230.0,original,0.0,gap_too_large,0.0,gap_too_large,0.0,gap_too_large,49.99,original,1.0,original,43631586.0,original,25627.0,original,55164933.0,original,31807600.0,original,-116.0,original
3278618.0,37.0,2025-01-05 23:00:00,WITEL_AHU_L8,31807600.0,228.0,228.0,230.0,0.0,0.0,0.0,49.98,1.0,2025-01-05 23:09:07.000,2025-01-05 23:09:07.000,2025-01-05 23:09:07.000,43631586.0,25627.0,55164933.0,228.0,original,228.0,original,230.0,original,0.0,gap_too_large,0.0,gap_too_large,0.0,gap_too_large,49.98,original,1.0,original,43631586.0,original,25627.0,original,55164933.0,original,31807600.0,original,-111.0,original
3278918.0,37.0,2025-01-05 23:20:00,WITEL_AHU_L8,31807600.0,228.0,228.0,230.0,0.0,0.0,0.0,49.97,1.0,2025-01-05 23:19:24.000,2025-01-05 23:19:24.000,2025-01-05 23:19:24.000,43631586.0,25627.0,55164933.0,228.0,original,228.0,original,230.0,original,0.0,gap_too_large,0.0,gap_too_large,0.0,gap_too_large,49.97,original,1.0,original,43631586.0,original,25627.0,original,55164933.0,original,31807600.0,original,-118.0,original
3279422.0,37.0,2025-01-05 23:40:00,WITEL_AHU_L8,31807600.0,228.0,228.0,230.0,0.0,0.0,0.0,49.97,1.0,2025-01-05 23:39:16.000,2025-01-05 23:39:16.000,2025-01-05 23:39:16.000,43631586.0,25627.0,55164933.0,228.0,original,228.0,original,230.0,original,0.0,gap_too_large,0.0,gap_too_large,0.0,gap_too_large,49.97,original,1.0,original,43631586.0,original,25627.0,original,55164933.0,original,31807600.0,original,-119.0,original
3280262.0,37.0,2025-01-06 00:00:00,WITEL_AHU_L8,31807600.0,229.0,229.0,231.0,0.0,0.0,0.0,50.0,1.0,2025-01-06 00:09:10.000,2025-01-06 00:09:10.000,2025-01-06 00:09:10.000,43631586.0,25627.0,55164933.0,229.0,original,229.0,original,231.0,original,0.0,gap_too_large,0.0,gap_too_large,0.0,gap_too_large,50.0,original,1.0,original,43631586.0,original,25627.0,original,55164933.0,original,31807600.0,original,-102.0,original
3280574.0,37.0,2025-01-06 00:20:00,WITEL_AHU_L8,31807600.0,229.0,228.0,231.0,0.0,0.0,0.0,49.96,1.0,2025-01-06 00:19:16.000,2025-01-06 00:19:16.000,2025-01-06 00:19:16.000,43631586.0,25627.0,55164933.0,229.0,original,228.0,original,231.0,original,0.0,gap_too_large,0.0,gap_too_large,0.0,gap_too_large,49.96,original,1.0,original,43631586.0,original,25627.0,original,55164933.0,original,31807600.0,original,-115.0,original
3281066.0,37.0,2025-01-06 00:40:00,WITEL_AHU_L8,31807600.0,229.0,229.0,231.0,0.0,0.0,0.0,50.03,1.0,2025-01-06 00:39:09.000,2025-01-06 00:39:09.000,2025-01-06 00:39:09.000,43631586.0,25627.0,55164933.0,229.0,original,229.0,original,231.0,original,0.0,gap_too_large,0.0,gap_too_large,0.0,gap_too_large,50.03,original,1.0,original,43631586.0,original,25627.0,original,55164933.0,original,31807600.0,original,-117.0,original
3281066.0,,2025-01-06 01:00:00,WITEL_AHU_L8,0.0,0.0,0.0,0.0,0.0,0.0,0.0,0.0,0.0,,,,0.0,0.0,0.0,0.0,gap_too_large,0.0,gap_too_large,0.0,gap_too_large,0.0,gap_too_large,0.0,gap_too_large,0.0,gap_too_large,0.0,gap_too_large,0.0,gap_too_large,0.0,gap_too_large,0.0,gap_too_large,0.0,gap_too_large,0.0,gap_too_large,0.0,gap_too_large
3281066.0,,2025-01-06 01:20:00,WITEL_AHU_L8,0.0,0.0,0.0,0.0,0.0,0.0,0.0,0.0,0.0,,,,0.0,0.0,0.0,0.0,gap_too_large,0.0,gap_too_large,0.0,gap_too_large,0.0,gap_too_large,0.0,gap_too_large,0.0,gap_too_large,0.0,gap_too_large,0.0,gap_too_large,0.0,gap_too_large,0.0,gap_too_large,0.0,gap_too_large,0.0,gap_too_large,0.0,gap_too_large
3281066.0,,2025-01-06 01:40:00,WITEL_AHU_L8,0.0,0.0,0.0,0.0,0.0,0.0,0.0,0.0,0.0,,,,0.0,0.0,0.0,0.0,gap_too_large,0.0,gap_too_large,0.0,gap_too_large,0.0,gap_too_large,0.0,gap_too_large,0.0,gap_too_large,0.0,gap_too_large,0.0,gap_too_large,0.0,gap_too_large,0.0,gap_too_large,0.0,gap_too_large,0.0,gap_too_large,0.0,gap_too_large
3281066.0,,2025-01-06 02:00:00,WITEL_AHU_L8,0.0,0.0,0.0,0.0,0.0,0.0,0.0,0.0,0.0,,,,0.0,0.0,0.0,0.0,gap_too_large,0.0,gap_too_large,0.0,gap_too_large,0.0,gap_too_large,0.0,gap_too_large,0.0,gap_too_large,0.0,gap_too_large,0.0,gap_too_large,0.0,gap_too_large,0.0,gap_too_large,0.0,gap_too_large,0.0,gap_too_large,0.0,gap_too_large
3281066.0,,2025-01-06 02:20:00,WITEL_AHU_L8,0.0,0.0,0.0,0.0,0.0,0.0,0.0,0.0,0.0,,,,0.0,0.0,0.0,0.0,gap_too_large,0.0,gap_too_large,0.0,gap_too_large,0.0,gap_too_large,0.0,gap_too_large,0.0,gap_too_large,0.0,gap_too_large,0.0,gap_too_large,0.0,gap_too_large,0.0,gap_too_large,0.0,gap_too_large,0.0,gap_too_large,0.0,gap_too_large
3281066.0,,2025-01-06 02:40:00,WITEL_AHU_L8,0.0,0.0,0.0,0.0,0.0,0.0,0.0,0.0,0.0,,,,0.0,0.0,0.0,0.0,gap_too_large,0.0,gap_too_large,0.0,gap_too_large,0.0,gap_too_large,0.0,gap_too_large,0.0,gap_too_large,0.0,gap_too_large,0.0,gap_too_large,0.0,gap_too_large,0.0,gap_too_large,0.0,gap_too_large,0.0,gap_too_large,0.0,gap_too_large
3281066.0,,2025-01-06 03:00:00,WITEL_AHU_L8,0.0,0.0,0.0,0.0,0.0,0.0,0.0,0.0,0.0,,,,0.0,0.0,0.0,0.0,gap_too_large,0.0,gap_too_large,0.0,gap_too_large,0.0,gap_too_large,0.0,gap_too_large,0.0,gap_too_large,0.0,gap_too_large,0.0,gap_too_large,0.0,gap_too_large,0.0,gap_too_large,0.0,gap_too_large,0.0,gap_too_large,0.0,gap_too_large
3281066.0,,2025-01-06 03:20:00,WITEL_AHU_L8,0.0,0.0,0.0,0.0,0.0,0.0,0.0,0.0,0.0,,,,0.0,0.0,0.0,0.0,gap_too_large,0.0,gap_too_large,0.0,gap_too_large,0.0,gap_too_large,0.0,gap_too_large,0.0,gap_too_large,0.0,gap_too_large,0.0,gap_too_large,0.0,gap_too_large,0.0,gap_too_large,0.0,gap_too_large,0.0,gap_too_large,0.0,gap_too_large
3281066.0,,2025-01-06 03:40:00,WITEL_AHU_L8,0.0,0.0,0.0,0.0,0.0,0.0,0.0,0.0,0.0,,,,0.0,0.0,0.0,0.0,gap_too_large,0.0,gap_too_large,0.0,gap_too_large,0.0,gap_too_large,0.0,gap_too_large,0.0,gap_too_large,0.0,gap_too_large,0.0,gap_too_large,0.0,gap_too_large,0.0,gap_too_large,0.0,gap_too_large,0.0,gap_too_large,0.0,gap_too_large
3281066.0,,2025-01-06 04:00:00,WITEL_AHU_L8,0.0,0.0,0.0,0.0,0.0,0.0,0.0,0.0,0.0,,,,0.0,0.0,0.0,0.0,gap_too_large,0.0,gap_too_large,0.0,gap_too_large,0.0,gap_too_large,0.0,gap_too_large,0.0,gap_too_large,0.0,gap_too_large,0.0,gap_too_large,0.0,gap_too_large,0.0,gap_too_large,0.0,gap_too_large,0.0,gap_too_large,0.0,gap_too_large
3281066.0,,2025-01-06 04:20:00,WITEL_AHU_L8,0.0,0.0,0.0,0.0,0.0,0.0,0.0,0.0,0.0,,,,0.0,0.0,0.0,0.0,gap_too_large,0.0,gap_too_large,0.0,gap_too_large,0.0,gap_too_large,0.0,gap_too_large,0.0,gap_too_large,0.0,gap_too_large,0.0,gap_too_large,0.0,gap_too_large,0.0,gap_too_large,0.0,gap_too_large,0.0,gap_too_large,0.0,gap_too_large
3281066.0,,2025-01-06 04:40:00,WITEL_AHU_L8,0.0,0.0,0.0,0.0,0.0,0.0,0.0,0.0,0.0,,,,0.0,0.0,0.0,0.0,gap_too_large,0.0,gap_too_large,0.0,gap_too_large,0.0,gap_too_large,0.0,gap_too_large,0.0,gap_too_large,0.0,gap_too_large,0.0,gap_too_large,0.0,gap_too_large,0.0,gap_too_large,0.0,gap_too_large,0.0,gap_too_large,0.0,gap_too_large
3281066.0,,2025-01-06 05:00:00,WITEL_AHU_L8,0.0,0.0,0.0,0.0,0.0,0.0,0.0,0.0,0.0,,,,0.0,0.0,0.0,0.0,gap_too_large,0.0,gap_too_large,0.0,gap_too_large,0.0,gap_too_large,0.0,gap_too_large,0.0,gap_too_large,0.0,gap_too_large,0.0,gap_too_large,0.0,gap_too_large,0.0,gap_too_large,0.0,gap_too_large,0.0,gap_too_large,0.0,gap_too_large
3281066.0,,2025-01-06 05:20:00,WITEL_AHU_L8,0.0,0.0,0.0,0.0,0.0,0.0,0.0,0.0,0.0,,,,0.0,0.0,0.0,0.0,gap_too_large,0.0,gap_too_large,0.0,gap_too_large,0.0,gap_too_large,0.0,gap_too_large,0.0,gap_too_large,0.0,gap_too_large,0.0,gap_too_large,0.0,gap_too_large,0.0,gap_too_large,0.0,gap_too_large,0.0,gap_too_large,0.0,gap_too_large
3281066.0,,2025-01-06 05:40:00,WITEL_AHU_L8,0.0,0.0,0.0,0.0,0.0,0.0,0.0,0.0,0.0,,,,0.0,0.0,0.0,0.0,gap_too_large,0.0,gap_too_large,0.0,gap_too_large,0.0,gap_too_large,0.0,gap_too_large,0.0,gap_too_large,0.0,gap_too_large,0.0,gap_too_large,0.0,gap_too_large,0.0,gap_too_large,0.0,gap_too_large,0.0,gap_too_large,0.0,gap_too_large
3281066.0,,2025-01-06 06:00:00,WITEL_AHU_L8,0.0,0.0,0.0,0.0,0.0,0.0,0.0,0.0,0.0,,,,0.0,0.0,0.0,0.0,gap_too_large,0.0,gap_too_large,0.0,gap_too_large,0.0,gap_too_large,0.0,gap_too_large,0.0,gap_too_large,0.0,gap_too_large,0.0,gap_too_large,0.0,gap_too_large,0.0,gap_too_large,0.0,gap_too_large,0.0,gap_too_large,0.0,gap_too_large
3281066.0,,2025-01-06 06:20:00,WITEL_AHU_L8,0.0,0.0,0.0,0.0,0.0,0.0,0.0,0.0,0.0,,,,0.0,0.0,0.0,0.0,gap_too_large,0.0,gap_too_large,0.0,gap_too_large,0.0,gap_too_large,0.0,gap_too_large,0.0,gap_too_large,0.0,gap_too_large,0.0,gap_too_large,0.0,gap_too_large,0.0,gap_too_large,0.0,gap_too_large,0.0,gap_too_large,0.0,gap_too_large
3281066.0,,2025-01-06 06:40:00,WITEL_AHU_L8,0.0,0.0,0.0,0.0,0.0,0.0,0.0,0.0,0.0,,,,0.0,0.0,0.0,0.0,gap_too_large,0.0,gap_too_large,0.0,gap_too_large,0.0,gap_too_large,0.0,gap_too_large,0.0,gap_too_large,0.0,gap_too_large,0.0,gap_too_large,0.0,gap_too_large,0.0,gap_too_large,0.0,gap_too_large,0.0,gap_too_large,0.0,gap_too_large
3281066.0,,2025-01-06 07:00:00,WITEL_AHU_L8,0.0,0.0,0.0,0.0,0.0,0.0,0.0,0.0,0.0,,,,0.0,0.0,0.0,0.0,gap_too_large,0.0,gap_too_large,0.0,gap_too_large,0.0,gap_too_large,0.0,gap_too_large,0.0,gap_too_large,0.0,gap_too_large,0.0,gap_too_large,0.0,gap_too_large,0.0,gap_too_large,0.0,gap_too_large,0.0,gap_too_large,0.0,gap_too_large
3281066.0,,2025-01-06 07:20:00,WITEL_AHU_L8,0.0,0.0,0.0,0.0,0.0,0.0,0.0,0.0,0.0,,,,0.0,0.0,0.0,0.0,gap_too_large,0.0,gap_too_large,0.0,gap_too_large,0.0,gap_too_large,0.0,gap_too_large,0.0,gap_too_large,0.0,gap_too_large,0.0,gap_too_large,0.0,gap_too_large,0.0,gap_too_large,0.0,gap_too_large,0.0,gap_too_large,0.0,gap_too_large
3281066.0,,2025-01-06 07:40:00,WITEL_AHU_L8,0.0,0.0,0.0,0.0,0.0,0.0,0.0,0.0,0.0,,,,0.0,0.0,0.0,0.0,gap_too_large,0.0,gap_too_large,0.0,gap_too_large,0.0,gap_too_large,0.0,gap_too_large,0.0,gap_too_large,0.0,gap_too_large,0.0,gap_too_large,0.0,gap_too_large,0.0,gap_too_large,0.0,gap_too_large,0.0,gap_too_large,0.0,gap_too_large
3281066.0,,2025-01-06 08:00:00,WITEL_AHU_L8,0.0,0.0,0.0,0.0,0.0,0.0,0.0,0.0,0.0,,,,0.0,0.0,0.0,0.0,gap_too_large,0.0,gap_too_large,0.0,gap_too_large,0.0,gap_too_large,0.0,gap_too_large,0.0,gap_too_large,0.0,gap_too_large,0.0,gap_too_large,0.0,gap_too_large,0.0,gap_too_large,0.0,gap_too_large,0.0,gap_too_large,0.0,gap_too_large
3281066.0,,2025-01-06 08:20:00,WITEL_AHU_L8,0.0,0.0,0.0,0.0,0.0,0.0,0.0,0.0,0.0,,,,0.0,0.0,0.0,0.0,gap_too_large,0.0,gap_too_large,0.0,gap_too_large,0.0,gap_too_large,0.0,gap_too_large,0.0,gap_too_large,0.0,gap_too_large,0.0,gap_too_large,0.0,gap_too_large,0.0,gap_too_large,0.0,gap_too_large,0.0,gap_too_large,0.0,gap_too_large
3281066.0,,2025-01-06 08:40:00,WITEL_AHU_L8,0.0,0.0,0.0,0.0,0.0,0.0,0.0,0.0,0.0,,,,0.0,0.0,0.0,0.0,gap_too_large,0.0,gap_too_large,0.0,gap_too_large,0.0,gap_too_large,0.0,gap_too_large,0.0,gap_too_large,0.0,gap_too_large,0.0,gap_too_large,0.0,gap_too_large,0.0,gap_too_large,0.0,gap_too_large,0.0,gap_too_large,0.0,gap_too_large
3281066.0,,2025-01-06 09:00:00,WITEL_AHU_L8,0.0,0.0,0.0,0.0,0.0,0.0,0.0,0.0,0.0,,,,0.0,0.0,0.0,0.0,gap_too_large,0.0,gap_too_large,0.0,gap_too_large,0.0,gap_too_large,0.0,gap_too_large,0.0,gap_too_large,0.0,gap_too_large,0.0,gap_too_large,0.0,gap_too_large,0.0,gap_too_large,0.0,gap_too_large,0.0,gap_too_large,0.0,gap_too_large
3281066.0,,2025-01-06 09:20:00,WITEL_AHU_L8,0.0,0.0,0.0,0.0,0.0,0.0,0.0,0.0,0.0,,,,0.0,0.0,0.0,0.0,gap_too_large,0.0,gap_too_large,0.0,gap_too_large,0.0,gap_too_large,0.0,gap_too_large,0.0,gap_too_large,0.0,gap_too_large,0.0,gap_too_large,0.0,gap_too_large,0.0,gap_too_large,0.0,gap_too_large,0.0,gap_too_large,0.0,gap_too_large
3281066.0,,2025-01-06 09:40:00,WITEL_AHU_L8,0.0,0.0,0.0,0.0,0.0,0.0,0.0,0.0,0.0,,,,0.0,0.0,0.0,0.0,gap_too_large,0.0,gap_too_large,0.0,gap_too_large,0.0,gap_too_large,0.0,gap_too_large,0.0,gap_too_large,0.0,gap_too_large,0.0,gap_too_large,0.0,gap_too_large,0.0,gap_too_large,0.0,gap_too_large,0.0,gap_too_large,0.0,gap_too_large
3281066.0,,2025-01-06 10:00:00,WITEL_AHU_L8,0.0,0.0,0.0,0.0,0.0,0.0,0.0,0.0,0.0,,,,0.0,0.0,0.0,0.0,gap_too_large,0.0,gap_too_large,0.0,gap_too_large,0.0,gap_too_large,0.0,gap_too_large,0.0,gap_too_large,0.0,gap_too_large,0.0,gap_too_large,0.0,gap_too_large,0.0,gap_too_large,0.0,gap_too_large,0.0,gap_too_large,0.0,gap_too_large
3281066.0,,2025-01-06 10:20:00,WITEL_AHU_L8,0.0,0.0,0.0,0.0,0.0,0.0,0.0,0.0,0.0,,,,0.0,0.0,0.0,0.0,gap_too_large,0.0,gap_too_large,0.0,gap_too_large,0.0,gap_too_large,0.0,gap_too_large,0.0,gap_too_large,0.0,gap_too_large,0.0,gap_too_large,0.0,gap_too_large,0.0,gap_too_large,0.0,gap_too_large,0.0,gap_too_large,0.0,gap_too_large
3281066.0,,2025-01-06 10:40:00,WITEL_AHU_L8,0.0,0.0,0.0,0.0,0.0,0.0,0.0,0.0,0.0,,,,0.0,0.0,0.0,0.0,gap_too_large,0.0,gap_too_large,0.0,gap_too_large,0.0,gap_too_large,0.0,gap_too_large,0.0,gap_too_large,0.0,gap_too_large,0.0,gap_too_large,0.0,gap_too_large,0.0,gap_too_large,0.0,gap_too_large,0.0,gap_too_large,0.0,gap_too_large
3281066.0,,2025-01-06 11:00:00,WITEL_AHU_L8,0.0,0.0,0.0,0.0,0.0,0.0,0.0,0.0,0.0,,,,0.0,0.0,0.0,0.0,gap_too_large,0.0,gap_too_large,0.0,gap_too_large,0.0,gap_too_large,0.0,gap_too_large,0.0,gap_too_large,0.0,gap_too_large,0.0,gap_too_large,0.0,gap_too_large,0.0,gap_too_large,0.0,gap_too_large,0.0,gap_too_large,0.0,gap_too_large
3281066.0,,2025-01-06 11:20:00,WITEL_AHU_L8,0.0,0.0,0.0,0.0,0.0,0.0,0.0,0.0,0.0,,,,0.0,0.0,0.0,0.0,gap_too_large,0.0,gap_too_large,0.0,gap_too_large,0.0,gap_too_large,0.0,gap_too_large,0.0,gap_too_large,0.0,gap_too_large,0.0,gap_too_large,0.0,gap_too_large,0.0,gap_too_large,0.0,gap_too_large,0.0,gap_too_large,0.0,gap_too_large
3281066.0,,2025-01-06 11:40:00,WITEL_AHU_L8,0.0,0.0,0.0,0.0,0.0,0.0,0.0,0.0,0.0,,,,0.0,0.0,0.0,0.0,gap_too_large,0.0,gap_too_large,0.0,gap_too_large,0.0,gap_too_large,0.0,gap_too_large,0.0,gap_too_large,0.0,gap_too_large,0.0,gap_too_large,0.0,gap_too_large,0.0,gap_too_large,0.0,gap_too_large,0.0,gap_too_large,0.0,gap_too_large
3281066.0,,2025-01-06 12:00:00,WITEL_AHU_L8,0.0,0.0,0.0,0.0,0.0,0.0,0.0,0.0,0.0,,,,0.0,0.0,0.0,0.0,gap_too_large,0.0,gap_too_large,0.0,gap_too_large,0.0,gap_too_large,0.0,gap_too_large,0.0,gap_too_large,0.0,gap_too_large,0.0,gap_too_large,0.0,gap_too_large,0.0,gap_too_large,0.0,gap_too_large,0.0,gap_too_large,0.0,gap_too_large
3281066.0,,2025-01-06 12:20:00,WITEL_AHU_L8,0.0,0.0,0.0,0.0,0.0,0.0,0.0,0.0,0.0,,,,0.0,0.0,0.0,0.0,gap_too_large,0.0,gap_too_large,0.0,gap_too_large,0.0,gap_too_large,0.0,gap_too_large,0.0,gap_too_large,0.0,gap_too_large,0.0,gap_too_large,0.0,gap_too_large,0.0,gap_too_large,0.0,gap_too_large,0.0,gap_too_large,0.0,gap_too_large
3281066.0,,2025-01-06 12:40:00,WITEL_AHU_L8,0.0,0.0,0.0,0.0,0.0,0.0,0.0,0.0,0.0,,,,0.0,0.0,0.0,0.0,gap_too_large,0.0,gap_too_large,0.0,gap_too_large,0.0,gap_too_large,0.0,gap_too_large,0.0,gap_too_large,0.0,gap_too_large,0.0,gap_too_large,0.0,gap_too_large,0.0,gap_too_large,0.0,gap_too_large,0.0,gap_too_large,0.0,gap_too_large
3281066.0,,2025-01-06 13:00:00,WITEL_AHU_L8,0.0,0.0,0.0,0.0,0.0,0.0,0.0,0.0,0.0,,,,0.0,0.0,0.0,0.0,gap_too_large,0.0,gap_too_large,0.0,gap_too_large,0.0,gap_too_large,0.0,gap_too_large,0.0,gap_too_large,0.0,gap_too_large,0.0,gap_too_large,0.0,gap_too_large,0.0,gap_too_large,0.0,gap_too_large,0.0,gap_too_large,0.0,gap_too_large
3281066.0,,2025-01-06 13:20:00,WITEL_AHU_L8,0.0,0.0,0.0,0.0,0.0,0.0,0.0,0.0,0.0,,,,0.0,0.0,0.0,0.0,gap_too_large,0.0,gap_too_large,0.0,gap_too_large,0.0,gap_too_large,0.0,gap_too_large,0.0,gap_too_large,0.0,gap_too_large,0.0,gap_too_large,0.0,gap_too_large,0.0,gap_too_large,0.0,gap_too_large,0.0,gap_too_large,0.0,gap_too_large
3281066.0,,2025-01-06 13:40:00,WITEL_AHU_L8,0.0,0.0,0.0,0.0,0.0,0.0,0.0,0.0,0.0,,,,0.0,0.0,0.0,0.0,gap_too_large,0.0,gap_too_large,0.0,gap_too_large,0.0,gap_too_large,0.0,gap_too_large,0.0,gap_too_large,0.0,gap_too_large,0.0,gap_too_large,0.0,gap_too_large,0.0,gap_too_large,0.0,gap_too_large,0.0,gap_too_large,0.0,gap_too_large
3281066.0,,2025-01-06 14:00:00,WITEL_AHU_L8,0.0,0.0,0.0,0.0,0.0,0.0,0.0,0.0,0.0,,,,0.0,0.0,0.0,0.0,gap_too_large,0.0,gap_too_large,0.0,gap_too_large,0.0,gap_too_large,0.0,gap_too_large,0.0,gap_too_large,0.0,gap_too_large,0.0,gap_too_large,0.0,gap_too_large,0.0,gap_too_large,0.0,gap_too_large,0.0,gap_too_large,0.0,gap_too_large
3281066.0,,2025-01-06 14:20:00,WITEL_AHU_L8,0.0,0.0,0.0,0.0,0.0,0.0,0.0,0.0,0.0,,,,0.0,0.0,0.0,0.0,gap_too_large,0.0,gap_too_large,0.0,gap_too_large,0.0,gap_too_large,0.0,gap_too_large,0.0,gap_too_large,0.0,gap_too_large,0.0,gap_too_large,0.0,gap_too_large,0.0,gap_too_large,0.0,gap_too_large,0.0,gap_too_large,0.0,gap_too_large
3281066.0,,2025-01-06 14:40:00,WITEL_AHU_L8,0.0,0.0,0.0,0.0,0.0,0.0,0.0,0.0,0.0,,,,0.0,0.0,0.0,0.0,gap_too_large,0.0,gap_too_large,0.0,gap_too_large,0.0,gap_too_large,0.0,gap_too_large,0.0,gap_too_large,0.0,gap_too_large,0.0,gap_too_large,0.0,gap_too_large,0.0,gap_too_large,0.0,gap_too_large,0.0,gap_too_large,0.0,gap_too_large
3281066.0,,2025-01-06 15:00:00,WITEL_AHU_L8,0.0,0.0,0.0,0.0,0.0,0.0,0.0,0.0,0.0,,,,0.0,0.0,0.0,0.0,gap_too_large,0.0,gap_too_large,0.0,gap_too_large,0.0,gap_too_large,0.0,gap_too_large,0.0,gap_too_large,0.0,gap_too_large,0.0,gap_too_large,0.0,gap_too_large,0.0,gap_too_large,0.0,gap_too_large,0.0,gap_too_large,0.0,gap_too_large
3281066.0,,2025-01-06 15:20:00,WITEL_AHU_L8,0.0,0.0,0.0,0.0,0.0,0.0,0.0,0.0,0.0,,,,0.0,0.0,0.0,0.0,gap_too_large,0.0,gap_too_large,0.0,gap_too_large,0.0,gap_too_large,0.0,gap_too_large,0.0,gap_too_large,0.0,gap_too_large,0.0,gap_too_large,0.0,gap_too_large,0.0,gap_too_large,0.0,gap_too_large,0.0,gap_too_large,0.0,gap_too_large
3281066.0,,2025-01-06 15:40:00,WITEL_AHU_L8,0.0,0.0,0.0,0.0,0.0,0.0,0.0,0.0,0.0,,,,0.0,0.0,0.0,0.0,gap_too_large,0.0,gap_too_large,0.0,gap_too_large,0.0,gap_too_large,0.0,gap_too_large,0.0,gap_too_large,0.0,gap_too_large,0.0,gap_too_large,0.0,gap_too_large,0.0,gap_too_large,0.0,gap_too_large,0.0,gap_too_large,0.0,gap_too_large
3281066.0,,2025-01-06 16:00:00,WITEL_AHU_L8,0.0,0.0,0.0,0.0,0.0,0.0,0.0,0.0,0.0,,,,0.0,0.0,0.0,0.0,gap_too_large,0.0,gap_too_large,0.0,gap_too_large,0.0,gap_too_large,0.0,gap_too_large,0.0,gap_too_large,0.0,gap_too_large,0.0,gap_too_large,0.0,gap_too_large,0.0,gap_too_large,0.0,gap_too_large,0.0,gap_too_large,0.0,gap_too_large
3281066.0,,2025-01-06 16:20:00,WITEL_AHU_L8,0.0,0.0,0.0,0.0,0.0,0.0,0.0,0.0,0.0,,,,0.0,0.0,0.0,0.0,gap_too_large,0.0,gap_too_large,0.0,gap_too_large,0.0,gap_too_large,0.0,gap_too_large,0.0,gap_too_large,0.0,gap_too_large,0.0,gap_too_large,0.0,gap_too_large,0.0,gap_too_large,0.0,gap_too_large,0.0,gap_too_large,0.0,gap_too_large
3281066.0,,2025-01-06 16:40:00,WITEL_AHU_L8,0.0,0.0,0.0,0.0,0.0,0.0,0.0,0.0,0.0,,,,0.0,0.0,0.0,0.0,gap_too_large,0.0,gap_too_large,0.0,gap_too_large,0.0,gap_too_large,0.0,gap_too_large,0.0,gap_too_large,0.0,gap_too_large,0.0,gap_too_large,0.0,gap_too_large,0.0,gap_too_large,0.0,gap_too_large,0.0,gap_too_large,0.0,gap_too_large
3281066.0,,2025-01-06 17:00:00,WITEL_AHU_L8,0.0,0.0,0.0,0.0,0.0,0.0,0.0,0.0,0.0,,,,0.0,0.0,0.0,0.0,gap_too_large,0.0,gap_too_large,0.0,gap_too_large,0.0,gap_too_large,0.0,gap_too_large,0.0,gap_too_large,0.0,gap_too_large,0.0,gap_too_large,0.0,gap_too_large,0.0,gap_too_large,0.0,gap_too_large,0.0,gap_too_large,0.0,gap_too_large
3281066.0,,2025-01-06 17:20:00,WITEL_AHU_L8,0.0,0.0,0.0,0.0,0.0,0.0,0.0,0.0,0.0,,,,0.0,0.0,0.0,0.0,gap_too_large,0.0,gap_too_large,0.0,gap_too_large,0.0,gap_too_large,0.0,gap_too_large,0.0,gap_too_large,0.0,gap_too_large,0.0,gap_too_large,0.0,gap_too_large,0.0,gap_too_large,0.0,gap_too_large,0.0,gap_too_large,0.0,gap_too_large
3281066.0,,2025-01-06 17:40:00,WITEL_AHU_L8,0.0,0.0,0.0,0.0,0.0,0.0,0.0,0.0,0.0,,,,0.0,0.0,0.0,0.0,gap_too_large,0.0,gap_too_large,0.0,gap_too_large,0.0,gap_too_large,0.0,gap_too_large,0.0,gap_too_large,0.0,gap_too_large,0.0,gap_too_large,0.0,gap_too_large,0.0,gap_too_large,0.0,gap_too_large,0.0,gap_too_large,0.0,gap_too_large
3281066.0,,2025-01-06 18:00:00,WITEL_AHU_L8,0.0,0.0,0.0,0.0,0.0,0.0,0.0,0.0,0.0,,,,0.0,0.0,0.0,0.0,gap_too_large,0.0,gap_too_large,0.0,gap_too_large,0.0,gap_too_large,0.0,gap_too_large,0.0,gap_too_large,0.0,gap_too_large,0.0,gap_too_large,0.0,gap_too_large,0.0,gap_too_large,0.0,gap_too_large,0.0,gap_too_large,0.0,gap_too_large
3281066.0,,2025-01-06 18:20:00,WITEL_AHU_L8,0.0,0.0,0.0,0.0,0.0,0.0,0.0,0.0,0.0,,,,0.0,0.0,0.0,0.0,gap_too_large,0.0,gap_too_large,0.0,gap_too_large,0.0,gap_too_large,0.0,gap_too_large,0.0,gap_too_large,0.0,gap_too_large,0.0,gap_too_large,0.0,gap_too_large,0.0,gap_too_large,0.0,gap_too_large,0.0,gap_too_large,0.0,gap_too_large
3281066.0,,2025-01-06 18:40:00,WITEL_AHU_L8,0.0,0.0,0.0,0.0,0.0,0.0,0.0,0.0,0.0,,,,0.0,0.0,0.0,0.0,gap_too_large,0.0,gap_too_large,0.0,gap_too_large,0.0,gap_too_large,0.0,gap_too_large,0.0,gap_too_large,0.0,gap_too_large,0.0,gap_too_large,0.0,gap_too_large,0.0,gap_too_large,0.0,gap_too_large,0.0,gap_too_large,0.0,gap_too_large
3281066.0,,2025-01-06 19:00:00,WITEL_AHU_L8,0.0,0.0,0.0,0.0,0.0,0.0,0.0,0.0,0.0,,,,0.0,0.0,0.0,0.0,gap_too_large,0.0,gap_too_large,0.0,gap_too_large,0.0,gap_too_large,0.0,gap_too_large,0.0,gap_too_large,0.0,gap_too_large,0.0,gap_too_large,0.0,gap_too_large,0.0,gap_too_large,0.0,gap_too_large,0.0,gap_too_large,0.0,gap_too_large
3281066.0,,2025-01-06 19:20:00,WITEL_AHU_L8,0.0,0.0,0.0,0.0,0.0,0.0,0.0,0.0,0.0,,,,0.0,0.0,0.0,0.0,gap_too_large,0.0,gap_too_large,0.0,gap_too_large,0.0,gap_too_large,0.0,gap_too_large,0.0,gap_too_large,0.0,gap_too_large,0.0,gap_too_large,0.0,gap_too_large,0.0,gap_too_large,0.0,gap_too_large,0.0,gap_too_large,0.0,gap_too_large
3281066.0,,2025-01-06 19:40:00,WITEL_AHU_L8,0.0,0.0,0.0,0.0,0.0,0.0,0.0,0.0,0.0,,,,0.0,0.0,0.0,0.0,gap_too_large,0.0,gap_too_large,0.0,gap_too_large,0.0,gap_too_large,0.0,gap_too_large,0.0,gap_too_large,0.0,gap_too_large,0.0,gap_too_large,0.0,gap_too_large,0.0,gap_too_large,0.0,gap_too_large,0.0,gap_too_large,0.0,gap_too_large
3281066.0,,2025-01-06 20:00:00,WITEL_AHU_L8,0.0,0.0,0.0,0.0,0.0,0.0,0.0,0.0,0.0,,,,0.0,0.0,0.0,0.0,gap_too_large,0.0,gap_too_large,0.0,gap_too_large,0.0,gap_too_large,0.0,gap_too_large,0.0,gap_too_large,0.0,gap_too_large,0.0,gap_too_large,0.0,gap_too_large,0.0,gap_too_large,0.0,gap_too_large,0.0,gap_too_large,0.0,gap_too_large
3281066.0,,2025-01-06 20:20:00,WITEL_AHU_L8,0.0,0.0,0.0,0.0,0.0,0.0,0.0,0.0,0.0,,,,0.0,0.0,0.0,0.0,gap_too_large,0.0,gap_too_large,0.0,gap_too_large,0.0,gap_too_large,0.0,gap_too_large,0.0,gap_too_large,0.0,gap_too_large,0.0,gap_too_large,0.0,gap_too_large,0.0,gap_too_large,0.0,gap_too_large,0.0,gap_too_large,0.0,gap_too_large
3281066.0,,2025-01-06 20:40:00,WITEL_AHU_L8,0.0,0.0,0.0,0.0,0.0,0.0,0.0,0.0,0.0,,,,0.0,0.0,0.0,0.0,gap_too_large,0.0,gap_too_large,0.0,gap_too_large,0.0,gap_too_large,0.0,gap_too_large,0.0,gap_too_large,0.0,gap_too_large,0.0,gap_too_large,0.0,gap_too_large,0.0,gap_too_large,0.0,gap_too_large,0.0,gap_too_large,0.0,gap_too_large
3281066.0,,2025-01-06 21:00:00,WITEL_AHU_L8,0.0,0.0,0.0,0.0,0.0,0.0,0.0,0.0,0.0,,,,0.0,0.0,0.0,0.0,gap_too_large,0.0,gap_too_large,0.0,gap_too_large,0.0,gap_too_large,0.0,gap_too_large,0.0,gap_too_large,0.0,gap_too_large,0.0,gap_too_large,0.0,gap_too_large,0.0,gap_too_large,0.0,gap_too_large,0.0,gap_too_large,0.0,gap_too_large
3281066.0,,2025-01-06 21:20:00,WITEL_AHU_L8,0.0,0.0,0.0,0.0,0.0,0.0,0.0,0.0,0.0,,,,0.0,0.0,0.0,0.0,gap_too_large,0.0,gap_too_large,0.0,gap_too_large,0.0,gap_too_large,0.0,gap_too_large,0.0,gap_too_large,0.0,gap_too_large,0.0,gap_too_large,0.0,gap_too_large,0.0,gap_too_large,0.0,gap_too_large,0.0,gap_too_large,0.0,gap_too_large
3281066.0,,2025-01-06 21:40:00,WITEL_AHU_L8,0.0,0.0,0.0,0.0,0.0,0.0,0.0,0.0,0.0,,,,0.0,0.0,0.0,0.0,gap_too_large,0.0,gap_too_large,0.0,gap_too_large,0.0,gap_too_large,0.0,gap_too_large,0.0,gap_too_large,0.0,gap_too_large,0.0,gap_too_large,0.0,gap_too_large,0.0,gap_too_large,0.0,gap_too_large,0.0,gap_too_large,0.0,gap_too_large
3281066.0,,2025-01-06 22:00:00,WITEL_AHU_L8,0.0,0.0,0.0,0.0,0.0,0.0,0.0,0.0,0.0,,,,0.0,0.0,0.0,0.0,gap_too_large,0.0,gap_too_large,0.0,gap_too_large,0.0,gap_too_large,0.0,gap_too_large,0.0,gap_too_large,0.0,gap_too_large,0.0,gap_too_large,0.0,gap_too_large,0.0,gap_too_large,0.0,gap_too_large,0.0,gap_too_large,0.0,gap_too_large
3281066.0,,2025-01-06 22:20:00,WITEL_AHU_L8,0.0,0.0,0.0,0.0,0.0,0.0,0.0,0.0,0.0,,,,0.0,0.0,0.0,0.0,gap_too_large,0.0,gap_too_large,0.0,gap_too_large,0.0,gap_too_large,0.0,gap_too_large,0.0,gap_too_large,0.0,gap_too_large,0.0,gap_too_large,0.0,gap_too_large,0.0,gap_too_large,0.0,gap_too_large,0.0,gap_too_large,0.0,gap_too_large
3281066.0,,2025-01-06 22:40:00,WITEL_AHU_L8,0.0,0.0,0.0,0.0,0.0,0.0,0.0,0.0,0.0,,,,0.0,0.0,0.0,0.0,gap_too_large,0.0,gap_too_large,0.0,gap_too_large,0.0,gap_too_large,0.0,gap_too_large,0.0,gap_too_large,0.0,gap_too_large,0.0,gap_too_large,0.0,gap_too_large,0.0,gap_too_large,0.0,gap_too_large,0.0,gap_too_large,0.0,gap_too_large
3281066.0,,2025-01-06 23:00:00,WITEL_AHU_L8,0.0,0.0,0.0,0.0,0.0,0.0,0.0,0.0,0.0,,,,0.0,0.0,0.0,0.0,gap_too_large,0.0,gap_too_large,0.0,gap_too_large,0.0,gap_too_large,0.0,gap_too_large,0.0,gap_too_large,0.0,gap_too_large,0.0,gap_too_large,0.0,gap_too_large,0.0,gap_too_large,0.0,gap_too_large,0.0,gap_too_large,0.0,gap_too_large
3281066.0,,2025-01-06 23:20:00,WITEL_AHU_L8,0.0,0.0,0.0,0.0,0.0,0.0,0.0,0.0,0.0,,,,0.0,0.0,0.0,0.0,gap_too_large,0.0,gap_too_large,0.0,gap_too_large,0.0,gap_too_large,0.0,gap_too_large,0.0,gap_too_large,0.0,gap_too_large,0.0,gap_too_large,0.0,gap_too_large,0.0,gap_too_large,0.0,gap_too_large,0.0,gap_too_large,0.0,gap_too_large
3281066.0,,2025-01-06 23:40:00,WITEL_AHU_L8,0.0,0.0,0.0,0.0,0.0,0.0,0.0,0.0,0.0,,,,0.0,0.0,0.0,0.0,gap_too_large,0.0,gap_too_large,0.0,gap_too_large,0.0,gap_too_large,0.0,gap_too_large,0.0,gap_too_large,0.0,gap_too_large,0.0,gap_too_large,0.0,gap_too_large,0.0,gap_too_large,0.0,gap_too_large,0.0,gap_too_large,0.0,gap_too_large
3281066.0,,2025-01-07 00:00:00,WITEL_AHU_L8,0.0,0.0,0.0,0.0,0.0,0.0,0.0,0.0,0.0,,,,0.0,0.0,0.0,0.0,gap_too_large,0.0,gap_too_large,0.0,gap_too_large,0.0,gap_too_large,0.0,gap_too_large,0.0,gap_too_large,0.0,gap_too_large,0.0,gap_too_large,0.0,gap_too_large,0.0,gap_too_large,0.0,gap_too_large,0.0,gap_too_large,0.0,gap_too_large
3281066.0,,2025-01-07 00:20:00,WITEL_AHU_L8,0.0,0.0,0.0,0.0,0.0,0.0,0.0,0.0,0.0,,,,0.0,0.0,0.0,0.0,gap_too_large,0.0,gap_too_large,0.0,gap_too_large,0.0,gap_too_large,0.0,gap_too_large,0.0,gap_too_large,0.0,gap_too_large,0.0,gap_too_large,0.0,gap_too_large,0.0,gap_too_large,0.0,gap_too_large,0.0,gap_too_large,0.0,gap_too_large
3317798.0,37.0,2025-01-07 00:40:00,WITEL_AHU_L8,32163600.0,228.0,228.0,230.0,0.0,0.0,0.0,50.02,1.0,2025-01-07 00:45:53.000,2025-01-07 00:45:53.000,2025-01-07 00:45:53.000,44137708.0,25627.0,55785661.0,228.0,original,228.0,original,230.0,original,0.0,gap_too_large,0.0,gap_too_large,0.0,gap_too_large,50.02,original,1.0,original,44137708.0,original,25627.0,original,55785661.0,original,32163600.0,original,-117.0,original
3318350.0,37.0,2025-01-07 01:00:00,WITEL_AHU_L8,32163600.0,228.0,228.0,230.0,0.0,0.0,0.0,49.99,1.0,2025-01-07 00:59:22.000,2025-01-07 00:59:22.000,2025-01-07 00:59:22.000,44137708.0,25627.0,55785661.0,228.0,original,228.0,original,230.0,original,0.0,gap_too_large,0.0,gap_too_large,0.0,gap_too_large,49.99,original,1.0,original,44137708.0,original,25627.0,original,55785661.0,original,32163600.0,original,-117.0,original
3318758.0,37.0,2025-01-07 01:20:00,WITEL_AHU_L8,32163600.0,228.0,228.0,230.0,0.0,0.0,0.0,50.0,1.0,2025-01-07 01:19:15.000,2025-01-07 01:19:15.000,2025-01-07 01:19:15.000,44137708.0,25627.0,55785661.0,228.0,original,228.0,original,230.0,original,0.0,gap_too_large,0.0,gap_too_large,0.0,gap_too_large,50.0,original,1.0,original,44137708.0,original,25627.0,original,55785661.0,original,32163600.0,original,-117.0,original
3319214.0,37.0,2025-01-07 01:40:00,WITEL_AHU_L8,32163600.0,228.0,228.0,230.0,0.0,0.0,0.0,49.96,1.0,2025-01-07 01:39:06.000,2025-01-07 01:39:06.000,2025-01-07 01:39:06.000,44137708.0,25627.0,55785661.0,228.0,original,228.0,original,230.0,original,0.0,gap_too_large,0.0,gap_too_large,0.0,gap_too_large,49.96,original,1.0,original,44137708.0,original,25627.0,original,55785661.0,original,32163600.0,original,-117.0,original
3319850.0,37.0,2025-01-07 02:00:00,WITEL_AHU_L8,32163600.0,228.0,228.0,230.0,0.0,0.0,0.0,49.97,1.0,2025-01-07 01:59:17.000,2025-01-07 01:59:17.000,2025-01-07 01:59:17.000,44137708.0,25627.0,55785661.0,228.0,original,228.0,original,230.0,original,0.0,gap_too_large,0.0,gap_too_large,0.0,gap_too_large,49.97,original,1.0,original,44137708.0,original,25627.0,original,55785661.0,original,32163600.0,original,-100.0,original
3320534.0,37.0,2025-01-07 02:20:00,WITEL_AHU_L8,32163600.0,229.0,229.0,231.0,0.0,0.0,0.0,49.97,1.0,2025-01-07 02:29:05.000,2025-01-07 02:29:05.000,2025-01-07 02:29:05.000,44137708.0,25627.0,55785661.0,229.0,original,229.0,original,231.0,original,0.0,gap_too_large,0.0,gap_too_large,0.0,gap_too_large,49.97,original,1.0,original,44137708.0,original,25627.0,original,55785661.0,original,32163600.0,original,-97.0,original
3320534.0,,2025-01-07 02:40:00,WITEL_AHU_L8,32163600.0,229.5,229.0,231.5,0.0,0.0,0.0,49.989999999999995,1.0,,,,44137708.0,25627.0,55785661.0,229.5,interpolated,229.0,interpolated,231.5,interpolated,0.0,gap_too_large,0.0,gap_too_large,0.0,gap_too_large,49.989999999999995,interpolated,1.0,interpolated,44137708.0,interpolated,25627.0,interpolated,55785661.0,interpolated,32163600.0,interpolated,-106.0,interpolated
3321458.0,37.0,2025-01-07 03:00:00,WITEL_AHU_L8,32163600.0,230.0,229.0,232.0,0.0,0.0,0.0,50.01,1.0,2025-01-07 02:59:15.000,2025-01-07 02:59:15.000,2025-01-07 02:59:15.000,44137708.0,25627.0,55785661.0,230.0,original,229.0,original,232.0,original,0.0,gap_too_large,0.0,gap_too_large,0.0,gap_too_large,50.01,original,1.0,original,44137708.0,original,25627.0,original,55785661.0,original,32163600.0,original,-115.0,original
3321890.0,37.0,2025-01-07 03:20:00,WITEL_AHU_L8,32163600.0,230.0,230.0,232.0,0.0,0.0,0.0,49.98,1.0,2025-01-07 03:19:08.000,2025-01-07 03:19:08.000,2025-01-07 03:19:08.000,44137708.0,25627.0,55785661.0,230.0,original,230.0,original,232.0,original,0.0,gap_too_large,0.0,gap_too_large,0.0,gap_too_large,49.98,original,1.0,original,44137708.0,original,25627.0,original,55785661.0,original,32163600.0,original,-119.0,original
3322694.0,37.0,2025-01-07 03:40:00,WITEL_AHU_L8,32163600.0,230.0,230.0,232.0,0.0,0.0,0.0,49.96,1.0,2025-01-07 03:49:09.000,2025-01-07 03:49:09.000,2025-01-07 03:49:09.000,44137708.0,25627.0,55785661.0,230.0,original,230.0,original,232.0,original,0.0,gap_too_large,0.0,gap_too_large,0.0,gap_too_large,49.96,original,1.0,original,44137708.0,original,25627.0,original,55785661.0,original,32163600.0,original,-119.0,original
3322694.0,,2025-01-07 04:00:00,WITEL_AHU_L8,32163600.0,230.0,229.5,231.5,0.0,0.0,0.0,49.975,1.0,,,,44137708.0,25627.0,55785661.0,230.0,interpolated,229.5,interpolated,231.5,interpolated,0.0,gap_too_large,0.0,gap_too_large,0.0,gap_too_large,49.975,interpolated,1.0,interpolated,44137708.0,interpolated,25627.0,interpolated,55785661.0,interpolated,32163600.0,interpolated,-119.0,interpolated
3323474.0,37.0,2025-01-07 04:20:00,WITEL_AHU_L8,32163600.0,230.0,229.0,231.0,0.0,0.0,0.0,49.99,1.0,2025-01-07 04:19:14.000,2025-01-07 04:19:14.000,2025-01-07 04:19:14.000,44137708.0,25627.0,55785661.0,230.0,original,229.0,original,231.0,original,0.0,gap_too_large,0.0,gap_too_large,0.0,gap_too_large,49.99,original,1.0,original,44137708.0,original,25627.0,original,55785661.0,original,32163600.0,original,-119.0,original
3323978.0,37.0,2025-01-07 04:40:00,WITEL_AHU_L8,32163600.0,229.0,229.0,231.0,0.0,0.0,0.0,49.99,1.0,2025-01-07 04:39:09.000,2025-01-07 04:39:09.000,2025-01-07 04:39:09.000,44137708.0,25627.0,55785661.0,229.0,original,229.0,original,231.0,original,0.0,gap_too_large,0.0,gap_too_large,0.0,gap_too_large,49.99,original,1.0,original,44137708.0,original,25627.0,original,55785661.0,original,32163600.0,original,-119.0,original
3324638.0,37.0,2025-01-07 05:00:00,WITEL_AHU_L8,32163600.0,229.0,229.0,231.0,0.0,0.0,0.0,50.0,1.0,2025-01-07 04:59:20.000,2025-01-07 04:59:20.000,2025-01-07 04:59:20.000,44137708.0,25627.0,55785661.0,229.0,original,229.0,original,231.0,original,0.0,gap_too_large,0.0,gap_too_large,0.0,gap_too_large,50.0,original,1.0,original,44137708.0,original,25627.0,original,55785661.0,original,32163600.0,original,-105.0,original
3324638.0,,2025-01-07 05:20:00,WITEL_AHU_L8,32163600.0,228.5,228.0,230.0,0.0,0.0,0.0,50.0,1.0,,,,44137708.0,25627.0,55785661.0,228.5,interpolated,228.0,interpolated,230.0,interpolated,0.0,gap_too_large,0.0,gap_too_large,0.0,gap_too_large,50.0,interpolated,1.0,interpolated,44137708.0,interpolated,25627.0,interpolated,55785661.0,interpolated,32163600.0,interpolated,-105.5,interpolated
3325550.0,37.0,2025-01-07 05:40:00,WITEL_AHU_L8,32163600.0,228.0,227.0,229.0,0.0,0.0,0.0,50.0,1.0,2025-01-07 05:39:10.000,2025-01-07 05:39:10.000,2025-01-07 05:39:10.000,44137708.0,25627.0,55785661.0,228.0,original,227.0,original,229.0,original,0.0,gap_too_large,0.0,gap_too_large,0.0,gap_too_large,50.0,original,1.0,original,44137708.0,original,25627.0,original,55785661.0,original,32163600.0,original,-106.0,original
3326114.0,37.0,2025-01-07 06:00:00,WITEL_AHU_L8,32163600.0,227.0,227.0,229.0,0.0,0.0,0.0,49.97,1.0,2025-01-07 05:59:12.000,2025-01-07 05:59:12.000,2025-01-07 05:59:12.000,44137708.0,25627.0,55785661.0,227.0,original,227.0,original,229.0,original,0.0,gap_too_large,0.0,gap_too_large,0.0,gap_too_large,49.97,original,1.0,original,44137708.0,original,25627.0,original,55785661.0,original,32163600.0,original,-103.0,original
3326642.0,37.0,2025-01-07 06:20:00,WITEL_AHU_L8,32163600.0,227.0,226.0,229.0,0.0,0.0,0.0,50.03,1.0,2025-01-07 06:19:13.000,2025-01-07 06:19:13.000,2025-01-07 06:19:13.000,44137708.0,25627.0,55785661.0,227.0,original,226.0,original,229.0,original,0.0,gap_too_large,0.0,gap_too_large,0.0,gap_too_large,50.03,original,1.0,original,44137708.0,original,25627.0,original,55785661.0,original,32163600.0,original,-114.0,original
3327170.0,37.0,2025-01-07 06:40:00,WITEL_AHU_L8,32163600.0,226.0,226.0,228.0,0.0,0.0,0.0,50.02,1.0,2025-01-07 06:39:11.000,2025-01-07 06:39:11.000,2025-01-07 06:39:11.000,44137708.0,25627.0,55785661.0,226.0,original,226.0,original,228.0,original,0.0,gap_too_large,0.0,gap_too_large,0.0,gap_too_large,50.02,original,1.0,original,44137708.0,original,25627.0,original,55785661.0,original,32163600.0,original,-116.0,original
3328022.0,37.0,2025-01-07 07:00:00,WITEL_AHU_L8,32163600.0,224.0,224.0,226.0,0.0,0.0,0.0,50.03,1.0,2025-01-07 07:09:16.000,2025-01-07 07:09:16.000,2025-01-07 07:09:16.000,44137708.0,25627.0,55785661.0,224.0,original,224.0,original,226.0,original,0.0,gap_too_large,0.0,gap_too_large,0.0,gap_too_large,50.03,original,1.0,original,44137708.0,original,25627.0,original,55785661.0,original,32163600.0,original,-115.0,original
3328310.0,37.0,2025-01-07 07:20:00,WITEL_AHU_L8,32163600.0,227.0,226.0,228.0,0.0,0.0,0.0,50.0,1.0,2025-01-07 07:19:16.000,2025-01-07 07:19:16.000,2025-01-07 07:19:16.000,44137708.0,25627.0,55785661.0,227.0,original,226.0,original,228.0,original,0.0,gap_too_large,0.0,gap_too_large,0.0,gap_too_large,50.0,original,1.0,original,44137708.0,original,25627.0,original,55785661.0,original,32163600.0,original,-117.0,original
3329042.0,37.0,2025-01-07 07:40:00,WITEL_AHU_L8,32163600.0,226.0,225.0,227.0,0.0,0.0,0.0,50.01,1.0,2025-01-07 07:49:06.000,2025-01-07 07:49:06.000,2025-01-07 07:49:06.000,44137708.0,25627.0,55785661.0,226.0,original,225.0,original,227.0,original,0.0,gap_too_large,0.0,gap_too_large,0.0,gap_too_large,50.01,original,1.0,original,44137708.0,original,25627.0,original,55785661.0,original,32163600.0,original,-99.0,original
3329354.0,37.0,2025-01-07 08:00:00,WITEL_AHU_L8,32163600.0,225.0,224.0,226.0,0.0,0.0,0.0,49.99,1.0,2025-01-07 07:59:10.000,2025-01-07 07:59:10.000,2025-01-07 07:59:10.000,44137708.0,25627.0,55785661.0,225.0,original,224.0,original,226.0,original,0.0,gap_too_large,0.0,gap_too_large,0.0,gap_too_large,49.99,original,1.0,original,44137708.0,original,25627.0,original,55785661.0,original,32163600.0,original,-102.0,original
3329822.0,37.0,2025-01-07 08:20:00,WITEL_AHU_L8,32163600.0,226.0,225.0,227.0,0.0,0.0,0.0,49.99,1.0,2025-01-07 08:19:05.000,2025-01-07 08:19:05.000,2025-01-07 08:19:05.000,44137708.0,25627.0,55785661.0,226.0,original,225.0,original,227.0,original,0.0,gap_too_large,0.0,gap_too_large,0.0,gap_too_large,49.99,original,1.0,original,44137708.0,original,25627.0,original,55785661.0,original,32163600.0,original,-118.0,original
3330374.0,37.0,2025-01-07 08:40:00,WITEL_AHU_L8,32163600.0,222.0,221.0,224.0,0.0,0.0,0.0,50.0,1.0,2025-01-07 08:39:23.000,2025-01-07 08:39:23.000,2025-01-07 08:39:23.000,44137708.0,25627.0,55785661.0,222.0,original,221.0,original,224.0,original,0.0,gap_too_large,0.0,gap_too_large,0.0,gap_too_large,50.0,original,1.0,original,44137708.0,original,25627.0,original,55785661.0,original,32163600.0,original,-117.0,original
3331022.0,37.0,2025-01-07 09:00:00,WITEL_AHU_L8,32163600.0,223.0,222.0,224.0,0.0,0.0,0.0,49.98,1.0,2025-01-07 08:59:11.000,2025-01-07 08:59:11.000,2025-01-07 08:59:11.000,44137708.0,25627.0,55785661.0,223.0,original,222.0,original,224.0,original,0.0,gap_too_large,0.0,gap_too_large,0.0,gap_too_large,49.98,original,1.0,original,44137708.0,original,25627.0,original,55785661.0,original,32163600.0,original,-115.0,original
3331562.0,37.0,2025-01-07 09:20:00,WITEL_AHU_L8,32163600.0,225.0,224.0,227.0,0.0,0.0,0.0,49.99,1.0,2025-01-07 09:19:15.000,2025-01-07 09:19:15.000,2025-01-07 09:19:15.000,44137708.0,25627.0,55785661.0,225.0,original,224.0,original,227.0,original,0.0,gap_too_large,0.0,gap_too_large,0.0,gap_too_large,49.99,original,1.0,original,44137708.0,original,25627.0,original,55785661.0,original,32163600.0,original,-118.0,original
3332114.0,37.0,2025-01-07 09:40:00,WITEL_AHU_L8,32163600.0,225.0,224.0,227.0,0.0,0.0,0.0,50.02,1.0,2025-01-07 09:39:25.000,2025-01-07 09:39:25.000,2025-01-07 09:39:25.000,44137708.0,25627.0,55785661.0,225.0,original,224.0,original,227.0,original,0.0,gap_too_large,0.0,gap_too_large,0.0,gap_too_large,50.02,original,1.0,original,44137708.0,original,25627.0,original,55785661.0,original,32163600.0,original,-111.0,original
3332534.0,37.0,2025-01-07 10:00:00,WITEL_AHU_L8,32163600.0,222.0,221.0,224.0,0.0,0.0,0.0,49.97,1.0,2025-01-07 09:59:09.000,2025-01-07 09:59:09.000,2025-01-07 09:59:09.000,44137708.0,25627.0,55785661.0,222.0,original,221.0,original,224.0,original,0.0,gap_too_large,0.0,gap_too_large,0.0,gap_too_large,49.97,original,1.0,original,44137708.0,original,25627.0,original,55785661.0,original,32163600.0,original,-117.0,original
3333182.0,37.0,2025-01-07 10:20:00,WITEL_AHU_L8,32163600.0,223.0,222.0,224.0,0.0,0.0,0.0,49.99,1.0,2025-01-07 10:19:19.000,2025-01-07 10:19:19.000,2025-01-07 10:19:19.000,44137708.0,25627.0,55785661.0,223.0,original,222.0,original,224.0,original,0.0,gap_too_large,0.0,gap_too_large,0.0,gap_too_large,49.99,original,1.0,original,44137708.0,original,25627.0,original,55785661.0,original,32163600.0,original,-102.0,original
3333950.0,37.0,2025-01-07 10:40:00,WITEL_AHU_L8,32163600.0,222.0,221.0,224.0,0.0,0.0,0.0,50.01,1.0,2025-01-07 10:49:15.000,2025-01-07 10:49:15.000,2025-01-07 10:49:15.000,44137708.0,25627.0,55785661.0,222.0,original,221.0,original,224.0,original,0.0,gap_too_large,0.0,gap_too_large,0.0,gap_too_large,50.01,original,1.0,original,44137708.0,original,25627.0,original,55785661.0,original,32163600.0,original,-120.0,original
3334202.0,37.0,2025-01-07 11:00:00,WITEL_AHU_L8,32163600.0,224.0,222.0,225.0,0.0,0.0,0.0,49.98,1.0,2025-01-07 10:59:11.000,2025-01-07 10:59:11.000,2025-01-07 10:59:11.000,44137708.0,25627.0,55785661.0,224.0,original,222.0,original,225.0,original,0.0,gap_too_large,0.0,gap_too_large,0.0,gap_too_large,49.98,original,1.0,original,44137708.0,original,25627.0,original,55785661.0,original,32163600.0,original,-101.0,original
3334718.0,37.0,2025-01-07 11:20:00,WITEL_AHU_L8,32163600.0,224.0,222.0,225.0,0.0,0.0,0.0,50.02,1.0,2025-01-07 11:19:13.000,2025-01-07 11:19:13.000,2025-01-07 11:19:13.000,44137708.0,25627.0,55785661.0,224.0,original,222.0,original,225.0,original,0.0,gap_too_large,0.0,gap_too_large,0.0,gap_too_large,50.02,original,1.0,original,44137708.0,original,25627.0,original,55785661.0,original,32163600.0,original,-115.0,original
3335246.0,37.0,2025-01-07 11:40:00,WITEL_AHU_L8,32163600.0,225.0,223.0,226.0,0.0,0.0,0.0,50.01,1.0,2025-01-07 11:39:23.000,2025-01-07 11:39:23.000,2025-01-07 11:39:23.000,44137708.0,25627.0,55785661.0,225.0,original,223.0,original,226.0,original,0.0,gap_too_large,0.0,gap_too_large,0.0,gap_too_large,50.01,original,1.0,original,44137708.0,original,25627.0,original,55785661.0,original,32163600.0,original,-113.0,original
3335678.0,37.0,2025-01-07 12:00:00,WITEL_AHU_L8,32163600.0,227.0,225.0,228.0,0.0,0.0,0.0,50.06,1.0,2025-01-07 11:59:10.000,2025-01-07 11:59:10.000,2025-01-07 11:59:10.000,44137708.0,25627.0,55785661.0,227.0,original,225.0,original,228.0,original,0.0,gap_too_large,0.0,gap_too_large,0.0,gap_too_large,50.06,original,1.0,original,44137708.0,original,25627.0,original,55785661.0,original,32163600.0,original,-114.0,original
3336230.0,37.0,2025-01-07 12:20:00,WITEL_AHU_L8,32163600.0,227.0,226.0,229.0,0.0,0.0,0.0,50.0,1.0,2025-01-07 12:19:11.000,2025-01-07 12:19:11.000,2025-01-07 12:19:11.000,44137708.0,25627.0,55785661.0,227.0,original,226.0,original,229.0,original,0.0,gap_too_large,0.0,gap_too_large,0.0,gap_too_large,50.0,original,1.0,original,44137708.0,original,25627.0,original,55785661.0,original,32163600.0,original,-115.0,original
3336746.0,37.0,2025-01-07 12:40:00,WITEL_AHU_L8,32163600.0,227.0,226.0,228.0,0.0,0.0,0.0,50.01,1.0,2025-01-07 12:39:14.000,2025-01-07 12:39:14.000,2025-01-07 12:39:14.000,44137708.0,25627.0,55785661.0,227.0,original,226.0,original,228.0,original,0.0,gap_too_large,0.0,gap_too_large,0.0,gap_too_large,50.01,original,1.0,original,44137708.0,original,25627.0,original,55785661.0,original,32163600.0,original,-118.0,original
3337262.0,37.0,2025-01-07 13:00:00,WITEL_AHU_L8,32163600.0,226.0,224.0,227.0,0.0,0.0,0.0,50.03,1.0,2025-01-07 12:59:12.000,2025-01-07 12:59:12.000,2025-01-07 12:59:12.000,44137708.0,25627.0,55785661.0,226.0,original,224.0,original,227.0,original,0.0,gap_too_large,0.0,gap_too_large,0.0,gap_too_large,50.03,original,1.0,original,44137708.0,original,25627.0,original,55785661.0,original,32163600.0,original,-116.0,original
3337862.0,37.0,2025-01-07 13:20:00,WITEL_AHU_L8,32163600.0,223.0,222.0,225.0,0.0,0.0,0.0,50.0,1.0,2025-01-07 13:19:17.000,2025-01-07 13:19:17.000,2025-01-07 13:19:17.000,44137708.0,25627.0,55785661.0,223.0,original,222.0,original,225.0,original,0.0,gap_too_large,0.0,gap_too_large,0.0,gap_too_large,50.0,original,1.0,original,44137708.0,original,25627.0,original,55785661.0,original,32163600.0,original,-119.0,original
3338342.0,37.0,2025-01-07 13:40:00,WITEL_AHU_L8,32163600.0,223.0,221.0,224.0,0.0,0.0,0.0,49.98,1.0,2025-01-07 13:39:16.000,2025-01-07 13:39:16.000,2025-01-07 13:39:16.000,44137708.0,25627.0,55785661.0,223.0,original,221.0,original,224.0,original,0.0,gap_too_large,0.0,gap_too_large,0.0,gap_too_large,49.98,original,1.0,original,44137708.0,original,25627.0,original,55785661.0,original,32163600.0,original,-116.0,original
3338918.0,37.0,2025-01-07 14:00:00,WITEL_AHU_L8,32163600.0,226.0,225.0,227.0,0.0,0.0,0.0,50.02,1.0,2025-01-07 13:59:23.000,2025-01-07 13:59:23.000,2025-01-07 13:59:23.000,44137708.0,25627.0,55785661.0,226.0,original,225.0,original,227.0,original,0.0,gap_too_large,0.0,gap_too_large,0.0,gap_too_large,50.02,original,1.0,original,44137708.0,original,25627.0,original,55785661.0,original,32163600.0,original,-120.0,original
3339434.0,37.0,2025-01-07 14:20:00,WITEL_AHU_L8,32163600.0,226.0,225.0,227.0,11.0,10.0,12.0,49.97,1.0,2025-01-07 14:19:18.000,2025-01-07 14:19:18.000,2025-01-07 14:19:18.000,44137708.0,25627.0,55785661.0,226.0,original,225.0,original,227.0,original,11.0,original,10.0,original,12.0,original,49.97,original,1.0,original,44137708.0,original,25627.0,original,55785661.0,original,32163600.0,original,-117.0,original
3339434.0,,2025-01-07 14:40:00,WITEL_AHU_L8,32176400.0,226.5,225.5,227.5,11.0,10.5,12.0,50.01,0.77695,,,,44156733.0,25627.0,55808684.5,226.5,interpolated,225.5,interpolated,227.5,interpolated,11.0,interpolated,10.5,interpolated,12.0,interpolated,50.01,interpolated,0.77695,interpolated,44156733.0,interpolated,25627.0,interpolated,55808684.5,interpolated,32176400.0,interpolated,-117.5,interpolated
3340478.0,37.0,2025-01-07 15:00:00,WITEL_AHU_L8,32189200.0,227.0,226.0,228.0,11.0,11.0,12.0,50.05,0.5539,2025-01-07 14:59:07.000,2025-01-07 14:59:07.000,2025-01-07 14:59:07.000,44175758.0,25627.0,55831708.0,227.0,original,226.0,original,228.0,original,11.0,original,11.0,original,12.0,original,50.05,original,0.5539,original,44175758.0,original,25627.0,original,55831708.0,original,32189200.0,original,-118.0,original
3341138.0,37.0,2025-01-07 15:20:00,WITEL_AHU_L8,32203100.0,226.0,225.0,227.0,11.0,10.0,12.0,50.02,0.5600999999999999,2025-01-07 15:19:17.000,2025-01-07 15:19:17.000,2025-01-07 15:19:17.000,44196473.0,25627.0,55856733.0,226.0,original,225.0,original,227.0,original,11.0,original,10.0,original,12.0,original,50.02,original,0.5600999999999999,original,44196473.0,original,25627.0,original,55856733.0,original,32203100.0,original,-100.0,original
3341582.0,37.0,2025-01-07 15:40:00,WITEL_AHU_L8,32216900.0,226.0,225.0,228.0,11.0,10.0,12.0,49.98,0.5629,2025-01-07 15:39:15.000,2025-01-07 15:39:15.000,2025-01-07 15:39:15.000,44217046.0,25627.0,55881635.0,226.0,original,225.0,original,228.0,original,11.0,original,10.0,original,12.0,original,49.98,original,0.5629,original,44217046.0,original,25627.0,original,55881635.0,original,32216900.0,original,-99.0,original
3342098.0,37.0,2025-01-07 16:00:00,WITEL_AHU_L8,32230800.0,227.0,225.0,228.0,11.0,11.0,12.0,50.02,0.5569999999999999,2025-01-07 15:59:18.000,2025-01-07 15:59:18.000,2025-01-07 15:59:18.000,44237747.0,25627.0,55906651.0,227.0,original,225.0,original,228.0,original,11.0,original,11.0,original,12.0,original,50.02,original,0.5569999999999999,original,44237747.0,original,25627.0,original,55906651.0,original,32230800.0,original,-118.0,original
3342518.0,37.0,2025-01-07 16:20:00,WITEL_AHU_L8,32244700.0,223.0,222.0,225.0,11.0,10.0,11.0,50.01,0.5618,2025-01-07 16:19:06.000,2025-01-07 16:19:06.000,2025-01-07 16:19:06.000,44258597.0,25627.0,55931801.0,223.0,original,222.0,original,225.0,original,11.0,original,10.0,original,11.0,original,50.01,original,0.5618,original,44258597.0,original,25627.0,original,55931801.0,original,32244700.0,original,-98.0,original
3343166.0,37.0,2025-01-07 16:40:00,WITEL_AHU_L8,32257700.0,226.0,225.0,228.0,0.0,0.0,0.0,49.96,1.0,2025-01-07 16:39:17.000,2025-01-07 16:39:17.000,2025-01-07 16:39:17.000,44277514.0,25627.0,55954795.0,226.0,original,225.0,original,228.0,original,0.0,gap_too_large,0.0,gap_too_large,0.0,gap_too_large,49.96,original,1.0,original,44277514.0,original,25627.0,original,55954795.0,original,32257700.0,original,-99.0,original
3343850.0,37.0,2025-01-07 17:00:00,WITEL_AHU_L8,32257700.0,228.0,227.0,230.0,0.0,0.0,0.0,50.01,1.0,2025-01-07 16:59:23.000,2025-01-07 16:59:23.000,2025-01-07 16:59:23.000,44277514.0,25627.0,55954795.0,228.0,original,227.0,original,230.0,original,0.0,gap_too_large,0.0,gap_too_large,0.0,gap_too_large,50.01,original,1.0,original,44277514.0,original,25627.0,original,55954795.0,original,32257700.0,original,-114.0,original
3344342.0,37.0,2025-01-07 17:20:00,WITEL_AHU_L8,32257700.0,230.0,228.0,231.0,0.0,0.0,0.0,49.98,1.0,2025-01-07 17:19:11.000,2025-01-07 17:19:11.000,2025-01-07 17:19:11.000,44277514.0,25627.0,55954795.0,230.0,original,228.0,original,231.0,original,0.0,gap_too_large,0.0,gap_too_large,0.0,gap_too_large,49.98,original,1.0,original,44277514.0,original,25627.0,original,55954795.0,original,32257700.0,original,-114.0,original
3344906.0,37.0,2025-01-07 17:40:00,WITEL_AHU_L8,32257700.0,227.0,226.0,228.0,0.0,0.0,0.0,49.98,1.0,2025-01-07 17:39:15.000,2025-01-07 17:39:15.000,2025-01-07 17:39:15.000,44277514.0,25627.0,55954795.0,227.0,original,226.0,original,228.0,original,0.0,gap_too_large,0.0,gap_too_large,0.0,gap_too_large,49.98,original,1.0,original,44277514.0,original,25627.0,original,55954795.0,original,32257700.0,original,-107.0,original
3345362.0,37.0,2025-01-07 18:00:00,WITEL_AHU_L8,32257700.0,229.0,228.0,230.0,0.0,0.0,0.0,50.04,1.0,2025-01-07 17:59:05.000,2025-01-07 17:59:05.000,2025-01-07 17:59:05.000,44277514.0,25627.0,55954795.0,229.0,original,228.0,original,230.0,original,0.0,gap_too_large,0.0,gap_too_large,0.0,gap_too_large,50.04,original,1.0,original,44277514.0,original,25627.0,original,55954795.0,original,32257700.0,original,-101.0,original
3346334.0,37.0,2025-01-07 18:20:00,WITEL_AHU_L8,32257700.0,229.0,229.0,231.0,0.0,0.0,0.0,50.0,1.0,2025-01-07 18:29:26.000,2025-01-07 18:29:26.000,2025-01-07 18:29:26.000,44277514.0,25627.0,55954795.0,229.0,original,229.0,original,231.0,original,0.0,gap_too_large,0.0,gap_too_large,0.0,gap_too_large,50.0,original,1.0,original,44277514.0,original,25627.0,original,55954795.0,original,32257700.0,original,-99.0,original
3346514.0,37.0,2025-01-07 18:40:00,WITEL_AHU_L8,32257700.0,230.0,229.0,231.0,0.0,0.0,0.0,50.05,1.0,2025-01-07 18:39:09.000,2025-01-07 18:39:09.000,2025-01-07 18:39:09.000,44277514.0,25627.0,55954795.0,230.0,original,229.0,original,231.0,original,0.0,gap_too_large,0.0,gap_too_large,0.0,gap_too_large,50.05,original,1.0,original,44277514.0,original,25627.0,original,55954795.0,original,32257700.0,original,-100.0,original
3347150.0,37.0,2025-01-07 19:00:00,WITEL_AHU_L8,32257700.0,229.0,229.0,231.0,0.0,0.0,0.0,49.99,1.0,2025-01-07 18:59:19.000,2025-01-07 18:59:19.000,2025-01-07 18:59:19.000,44277514.0,25627.0,55954795.0,229.0,original,229.0,original,231.0,original,0.0,gap_too_large,0.0,gap_too_large,0.0,gap_too_large,49.99,original,1.0,original,44277514.0,original,25627.0,original,55954795.0,original,32257700.0,original,-107.0,original
3347702.0,37.0,2025-01-07 19:20:00,WITEL_AHU_L8,32257700.0,229.0,228.0,231.0,0.0,0.0,0.0,49.96,1.0,2025-01-07 19:19:20.000,2025-01-07 19:19:20.000,2025-01-07 19:19:20.000,44277514.0,25627.0,55954795.0,229.0,original,228.0,original,231.0,original,0.0,gap_too_large,0.0,gap_too_large,0.0,gap_too_large,49.96,original,1.0,original,44277514.0,original,25627.0,original,55954795.0,original,32257700.0,original,-103.0,original
3348230.0,37.0,2025-01-07 19:40:00,WITEL_AHU_L8,32257700.0,229.0,228.0,230.0,0.0,0.0,0.0,50.0,1.0,2025-01-07 19:39:17.000,2025-01-07 19:39:17.000,2025-01-07 19:39:17.000,44277514.0,25627.0,55954795.0,229.0,original,228.0,original,230.0,original,0.0,gap_too_large,0.0,gap_too_large,0.0,gap_too_large,50.0,original,1.0,original,44277514.0,original,25627.0,original,55954795.0,original,32257700.0,original,-106.0,original
3348794.0,37.0,2025-01-07 20:00:00,WITEL_AHU_L8,32257700.0,229.0,229.0,231.0,0.0,0.0,0.0,50.0,1.0,2025-01-07 19:59:23.000,2025-01-07 19:59:23.000,2025-01-07 19:59:23.000,44277514.0,25627.0,55954795.0,229.0,original,229.0,original,231.0,original,0.0,gap_too_large,0.0,gap_too_large,0.0,gap_too_large,50.0,original,1.0,original,44277514.0,original,25627.0,original,55954795.0,original,32257700.0,original,-109.0,original
3349370.0,37.0,2025-01-07 20:20:00,WITEL_AHU_L8,32257700.0,229.0,229.0,231.0,0.0,0.0,0.0,50.0,1.0,2025-01-07 20:19:26.000,2025-01-07 20:19:26.000,2025-01-07 20:19:26.000,44277514.0,25627.0,55954795.0,229.0,original,229.0,original,231.0,original,0.0,gap_too_large,0.0,gap_too_large,0.0,gap_too_large,50.0,original,1.0,original,44277514.0,original,25627.0,original,55954795.0,original,32257700.0,original,-117.0,original
3349850.0,37.0,2025-01-07 20:40:00,WITEL_AHU_L8,32257700.0,230.0,229.0,231.0,0.0,0.0,0.0,49.97,1.0,2025-01-07 20:39:09.000,2025-01-07 20:39:09.000,2025-01-07 20:39:09.000,44277514.0,25627.0,55954795.0,230.0,original,229.0,original,231.0,original,0.0,gap_too_large,0.0,gap_too_large,0.0,gap_too_large,49.97,original,1.0,original,44277514.0,original,25627.0,original,55954795.0,original,32257700.0,original,-115.0,original
3350450.0,37.0,2025-01-07 21:00:00,WITEL_AHU_L8,32257700.0,230.0,230.0,232.0,0.0,0.0,0.0,50.01,1.0,2025-01-07 20:59:15.000,2025-01-07 20:59:15.000,2025-01-07 20:59:15.000,44277514.0,25627.0,55954795.0,230.0,original,230.0,original,232.0,original,0.0,gap_too_large,0.0,gap_too_large,0.0,gap_too_large,50.01,original,1.0,original,44277514.0,original,25627.0,original,55954795.0,original,32257700.0,original,-118.0,original
3350966.0,37.0,2025-01-07 21:20:00,WITEL_AHU_L8,32257700.0,227.0,227.0,229.0,0.0,0.0,0.0,49.98,1.0,2025-01-07 21:19:14.000,2025-01-07 21:19:14.000,2025-01-07 21:19:14.000,44277514.0,25627.0,55954795.0,227.0,original,227.0,original,229.0,original,0.0,gap_too_large,0.0,gap_too_large,0.0,gap_too_large,49.98,original,1.0,original,44277514.0,original,25627.0,original,55954795.0,original,32257700.0,original,-117.0,original
3351494.0,37.0,2025-01-07 21:40:00,WITEL_AHU_L8,32257700.0,228.0,227.0,229.0,0.0,0.0,0.0,49.98,1.0,2025-01-07 21:39:14.000,2025-01-07 21:39:14.000,2025-01-07 21:39:14.000,44277514.0,25627.0,55954795.0,228.0,original,227.0,original,229.0,original,0.0,gap_too_large,0.0,gap_too_large,0.0,gap_too_large,49.98,original,1.0,original,44277514.0,original,25627.0,original,55954795.0,original,32257700.0,original,-112.0,original
3352118.0,37.0,2025-01-07 22:00:00,WITEL_AHU_L8,32257700.0,229.0,229.0,231.0,0.0,0.0,0.0,50.01,1.0,2025-01-07 21:59:20.000,2025-01-07 21:59:20.000,2025-01-07 21:59:20.000,44277514.0,25627.0,55954795.0,229.0,original,229.0,original,231.0,original,0.0,gap_too_large,0.0,gap_too_large,0.0,gap_too_large,50.01,original,1.0,original,44277514.0,original,25627.0,original,55954795.0,original,32257700.0,original,-118.0,original
3352550.0,37.0,2025-01-07 22:20:00,WITEL_AHU_L8,32257700.0,229.0,229.0,231.0,0.0,0.0,0.0,49.97,1.0,2025-01-07 22:19:11.000,2025-01-07 22:19:11.000,2025-01-07 22:19:11.000,44277514.0,25627.0,55954795.0,229.0,original,229.0,original,231.0,original,0.0,gap_too_large,0.0,gap_too_large,0.0,gap_too_large,49.97,original,1.0,original,44277514.0,original,25627.0,original,55954795.0,original,32257700.0,original,-117.0,original
3353174.0,37.0,2025-01-07 22:40:00,WITEL_AHU_L8,32257700.0,230.0,229.0,232.0,0.0,0.0,0.0,50.03,1.0,2025-01-07 22:39:18.000,2025-01-07 22:39:18.000,2025-01-07 22:39:18.000,44277514.0,25627.0,55954795.0,230.0,original,229.0,original,232.0,original,0.0,gap_too_large,0.0,gap_too_large,0.0,gap_too_large,50.03,original,1.0,original,44277514.0,original,25627.0,original,55954795.0,original,32257700.0,original,-105.0,original
3353762.0,37.0,2025-01-07 23:00:00,WITEL_AHU_L8,32257700.0,231.0,230.0,232.0,0.0,0.0,0.0,50.03,1.0,2025-01-07 22:59:23.000,2025-01-07 22:59:23.000,2025-01-07 22:59:23.000,44277514.0,25627.0,55954795.0,231.0,original,230.0,original,232.0,original,0.0,gap_too_large,0.0,gap_too_large,0.0,gap_too_large,50.03,original,1.0,original,44277514.0,original,25627.0,original,55954795.0,original,32257700.0,original,-101.0,original
3354302.0,37.0,2025-01-07 23:20:00,WITEL_AHU_L8,32257700.0,230.0,230.0,232.0,0.0,0.0,0.0,50.01,1.0,2025-01-07 23:19:18.000,2025-01-07 23:19:18.000,2025-01-07 23:19:18.000,44277514.0,25627.0,55954795.0,230.0,original,230.0,original,232.0,original,0.0,gap_too_large,0.0,gap_too_large,0.0,gap_too_large,50.01,original,1.0,original,44277514.0,original,25627.0,original,55954795.0,original,32257700.0,original,-105.0,original
3354878.0,37.0,2025-01-07 23:40:00,WITEL_AHU_L8,32257700.0,227.0,227.0,229.0,0.0,0.0,0.0,50.0,1.0,2025-01-07 23:39:21.000,2025-01-07 23:39:21.000,2025-01-07 23:39:21.000,44277514.0,25627.0,55954795.0,227.0,original,227.0,original,229.0,original,0.0,gap_too_large,0.0,gap_too_large,0.0,gap_too_large,50.0,original,1.0,original,44277514.0,original,25627.0,original,55954795.0,original,32257700.0,original,-115.0,original
3355370.0,37.0,2025-01-08 00:00:00,WITEL_AHU_L8,32257700.0,228.0,228.0,230.0,0.0,0.0,0.0,49.99,1.0,2025-01-07 23:59:09.000,2025-01-07 23:59:09.000,2025-01-07 23:59:09.000,44277514.0,25627.0,55954795.0,228.0,original,228.0,original,230.0,original,0.0,gap_too_large,0.0,gap_too_large,0.0,gap_too_large,49.99,original,1.0,original,44277514.0,original,25627.0,original,55954795.0,original,32257700.0,original,-113.0,original
3356078.0,37.0,2025-01-08 00:20:00,WITEL_AHU_L8,32257700.0,228.0,228.0,230.0,0.0,0.0,0.0,50.01,1.0,2025-01-08 00:19:21.000,2025-01-08 00:19:21.000,2025-01-08 00:19:21.000,44277514.0,25627.0,55954795.0,228.0,original,228.0,original,230.0,original,0.0,gap_too_large,0.0,gap_too_large,0.0,gap_too_large,50.01,original,1.0,original,44277514.0,original,25627.0,original,55954795.0,original,32257700.0,original,-117.0,original
3356726.0,37.0,2025-01-08 00:40:00,WITEL_AHU_L8,32257700.0,229.0,228.0,230.0,0.0,0.0,0.0,50.0,1.0,2025-01-08 00:46:26.000,2025-01-08 00:46:26.000,2025-01-08 00:46:26.000,44277514.0,25627.0,55954795.0,229.0,original,228.0,original,230.0,original,0.0,gap_too_large,0.0,gap_too_large,0.0,gap_too_large,50.0,original,1.0,original,44277514.0,original,25627.0,original,55954795.0,original,32257700.0,original,-111.0,original
3357266.0,37.0,2025-01-08 01:00:00,WITEL_AHU_L8,32257700.0,229.0,228.0,231.0,0.0,0.0,0.0,50.01,1.0,2025-01-08 00:59:08.000,2025-01-08 00:59:08.000,2025-01-08 00:59:08.000,44277514.0,25627.0,55954795.0,229.0,original,228.0,original,231.0,original,0.0,gap_too_large,0.0,gap_too_large,0.0,gap_too_large,50.01,original,1.0,original,44277514.0,original,25627.0,original,55954795.0,original,32257700.0,original,-113.0,original
3357878.0,37.0,2025-01-08 01:20:00,WITEL_AHU_L8,32257700.0,229.0,228.0,230.0,0.0,0.0,0.0,50.0,1.0,2025-01-08 01:19:16.000,2025-01-08 01:19:16.000,2025-01-08 01:19:16.000,44277514.0,25627.0,55954795.0,229.0,original,228.0,original,230.0,original,0.0,gap_too_large,0.0,gap_too_large,0.0,gap_too_large,50.0,original,1.0,original,44277514.0,original,25627.0,original,55954795.0,original,32257700.0,original,-117.0,original
3358574.0,37.0,2025-01-08 01:40:00,WITEL_AHU_L8,32257700.0,229.0,228.0,230.0,0.0,0.0,0.0,49.95,1.0,2025-01-08 01:39:23.000,2025-01-08 01:39:23.000,2025-01-08 01:39:23.000,44277514.0,25627.0,55954795.0,229.0,original,228.0,original,230.0,original,0.0,gap_too_large,0.0,gap_too_large,0.0,gap_too_large,49.95,original,1.0,original,44277514.0,original,25627.0,original,55954795.0,original,32257700.0,original,-119.0,original
3359174.0,37.0,2025-01-08 02:00:00,WITEL_AHU_L8,32257700.0,229.0,228.0,231.0,0.0,0.0,0.0,50.0,1.0,2025-01-08 01:59:17.000,2025-01-08 01:59:17.000,2025-01-08 01:59:17.000,44277514.0,25627.0,55954795.0,229.0,original,228.0,original,231.0,original,0.0,gap_too_large,0.0,gap_too_large,0.0,gap_too_large,50.0,original,1.0,original,44277514.0,original,25627.0,original,55954795.0,original,32257700.0,original,-101.0,original
3359786.0,37.0,2025-01-08 02:20:00,WITEL_AHU_L8,32257700.0,229.0,229.0,231.0,0.0,0.0,0.0,50.05,1.0,2025-01-08 02:19:21.000,2025-01-08 02:19:21.000,2025-01-08 02:19:21.000,44277514.0,25627.0,55954795.0,229.0,original,229.0,original,231.0,original,0.0,gap_too_large,0.0,gap_too_large,0.0,gap_too_large,50.05,original,1.0,original,44277514.0,original,25627.0,original,55954795.0,original,32257700.0,original,-115.0,original
3360242.0,37.0,2025-01-08 02:40:00,WITEL_AHU_L8,32257700.0,229.0,229.0,231.0,0.0,0.0,0.0,50.01,1.0,2025-01-08 02:39:05.000,2025-01-08 02:39:05.000,2025-01-08 02:39:05.000,44277514.0,25627.0,55954795.0,229.0,original,229.0,original,231.0,original,0.0,gap_too_large,0.0,gap_too_large,0.0,gap_too_large,50.01,original,1.0,original,44277514.0,original,25627.0,original,55954795.0,original,32257700.0,original,-119.0,original
3360962.0,37.0,2025-01-08 03:00:00,WITEL_AHU_L8,32257700.0,230.0,229.0,231.0,0.0,0.0,0.0,50.01,1.0,2025-01-08 02:59:13.000,2025-01-08 02:59:13.000,2025-01-08 02:59:13.000,44277514.0,25627.0,55954795.0,230.0,original,229.0,original,231.0,original,0.0,gap_too_large,0.0,gap_too_large,0.0,gap_too_large,50.01,original,1.0,original,44277514.0,original,25627.0,original,55954795.0,original,32257700.0,original,-114.0,original
3361646.0,37.0,2025-01-08 03:20:00,WITEL_AHU_L8,32257700.0,230.0,230.0,232.0,0.0,0.0,0.0,49.94,1.0,2025-01-08 03:19:20.000,2025-01-08 03:19:20.000,2025-01-08 03:19:20.000,44277514.0,25627.0,55954795.0,230.0,original,230.0,original,232.0,original,0.0,gap_too_large,0.0,gap_too_large,0.0,gap_too_large,49.94,original,1.0,original,44277514.0,original,25627.0,original,55954795.0,original,32257700.0,original,-118.0,original
3362150.0,37.0,2025-01-08 03:40:00,WITEL_AHU_L8,32257700.0,230.0,230.0,232.0,0.0,0.0,0.0,50.01,1.0,2025-01-08 03:39:10.000,2025-01-08 03:39:10.000,2025-01-08 03:39:10.000,44277514.0,25627.0,55954795.0,230.0,original,230.0,original,232.0,original,0.0,gap_too_large,0.0,gap_too_large,0.0,gap_too_large,50.01,original,1.0,original,44277514.0,original,25627.0,original,55954795.0,original,32257700.0,original,-119.0,original
3362726.0,37.0,2025-01-08 04:00:00,WITEL_AHU_L8,32257700.0,230.0,230.0,232.0,0.0,0.0,0.0,49.96,1.0,2025-01-08 03:59:14.000,2025-01-08 03:59:14.000,2025-01-08 03:59:14.000,44277514.0,25627.0,55954795.0,230.0,original,230.0,original,232.0,original,0.0,gap_too_large,0.0,gap_too_large,0.0,gap_too_large,49.96,original,1.0,original,44277514.0,original,25627.0,original,55954795.0,original,32257700.0,original,-101.0,original
3363338.0,37.0,2025-01-08 04:20:00,WITEL_AHU_L8,32257700.0,230.0,229.0,231.0,0.0,0.0,0.0,50.0,1.0,2025-01-08 04:19:20.000,2025-01-08 04:19:20.000,2025-01-08 04:19:20.000,44277514.0,25627.0,55954795.0,230.0,original,229.0,original,231.0,original,0.0,gap_too_large,0.0,gap_too_large,0.0,gap_too_large,50.0,original,1.0,original,44277514.0,original,25627.0,original,55954795.0,original,32257700.0,original,-120.0,original
3363890.0,37.0,2025-01-08 04:40:00,WITEL_AHU_L8,32257700.0,230.0,229.0,231.0,0.0,0.0,0.0,50.03,1.0,2025-01-08 04:39:13.000,2025-01-08 04:39:13.000,2025-01-08 04:39:13.000,44277514.0,25627.0,55954795.0,230.0,original,229.0,original,231.0,original,0.0,gap_too_large,0.0,gap_too_large,0.0,gap_too_large,50.03,original,1.0,original,44277514.0,original,25627.0,original,55954795.0,original,32257700.0,original,-119.0,original
3364562.0,37.0,2025-01-08 05:00:00,WITEL_AHU_L8,32257700.0,229.0,229.0,231.0,0.0,0.0,0.0,50.07,1.0,2025-01-08 04:59:21.000,2025-01-08 04:59:21.000,2025-01-08 04:59:21.000,44277514.0,25627.0,55954795.0,229.0,original,229.0,original,231.0,original,0.0,gap_too_large,0.0,gap_too_large,0.0,gap_too_large,50.07,original,1.0,original,44277514.0,original,25627.0,original,55954795.0,original,32257700.0,original,-119.0,original
3365198.0,37.0,2025-01-08 05:20:00,WITEL_AHU_L8,32257700.0,229.0,228.0,230.0,0.0,0.0,0.0,49.97,1.0,2025-01-08 05:19:25.000,2025-01-08 05:19:25.000,2025-01-08 05:19:25.000,44277514.0,25627.0,55954795.0,229.0,original,228.0,original,230.0,original,0.0,gap_too_large,0.0,gap_too_large,0.0,gap_too_large,49.97,original,1.0,original,44277514.0,original,25627.0,original,55954795.0,original,32257700.0,original,-94.0,original
3366038.0,37.0,2025-01-08 05:40:00,WITEL_AHU_L8,32257700.0,228.0,228.0,230.0,0.0,0.0,0.0,50.01,1.0,2025-01-08 05:49:14.000,2025-01-08 05:49:14.000,2025-01-08 05:49:14.000,44277514.0,25627.0,55954795.0,228.0,original,228.0,original,230.0,original,0.0,gap_too_large,0.0,gap_too_large,0.0,gap_too_large,50.01,original,1.0,original,44277514.0,original,25627.0,original,55954795.0,original,32257700.0,original,-103.0,original
3366362.0,37.0,2025-01-08 06:00:00,WITEL_AHU_L8,32257700.0,228.0,227.0,229.0,0.0,0.0,0.0,50.05,1.0,2025-01-08 05:59:15.000,2025-01-08 05:59:15.000,2025-01-08 05:59:15.000,44277514.0,25627.0,55954795.0,228.0,original,227.0,original,229.0,original,0.0,gap_too_large,0.0,gap_too_large,0.0,gap_too_large,50.05,original,1.0,original,44277514.0,original,25627.0,original,55954795.0,original,32257700.0,original,-118.0,original
3366950.0,37.0,2025-01-08 06:20:00,WITEL_AHU_L8,32257700.0,227.0,226.0,228.0,0.0,0.0,0.0,50.0,1.0,2025-01-08 06:19:21.000,2025-01-08 06:19:21.000,2025-01-08 06:19:21.000,44277514.0,25627.0,55954795.0,227.0,original,226.0,original,228.0,original,0.0,gap_too_large,0.0,gap_too_large,0.0,gap_too_large,50.0,original,1.0,original,44277514.0,original,25627.0,original,55954795.0,original,32257700.0,original,-118.0,original
3367598.0,37.0,2025-01-08 06:40:00,WITEL_AHU_L8,32257700.0,226.0,225.0,227.0,11.0,10.0,11.0,50.05,1.0,2025-01-08 06:39:20.000,2025-01-08 06:39:20.000,2025-01-08 06:39:20.000,44277514.0,25627.0,55954795.0,226.0,original,225.0,original,227.0,original,11.0,original,10.0,original,11.0,original,50.05,original,1.0,original,44277514.0,original,25627.0,original,55954795.0,original,32257700.0,original,-119.0,original
3368138.0,37.0,2025-01-08 07:00:00,WITEL_AHU_L8,32271400.0,222.0,221.0,224.0,11.0,10.0,11.0,50.05,0.5766,2025-01-08 06:59:09.000,2025-01-08 06:59:09.000,2025-01-08 06:59:09.000,44297136.0,25627.0,55978840.0,222.0,original,221.0,original,224.0,original,11.0,original,10.0,original,11.0,original,50.05,original,0.5766,original,44297136.0,original,25627.0,original,55978840.0,original,32271400.0,original,-107.0,original
3368810.0,37.0,2025-01-08 07:20:00,WITEL_AHU_L8,32285200.0,224.0,223.0,226.0,11.0,10.0,12.0,49.99,0.5666,2025-01-08 07:19:23.000,2025-01-08 07:19:23.000,2025-01-08 07:19:23.000,44317064.0,25627.0,56003180.0,224.0,original,223.0,original,226.0,original,11.0,original,10.0,original,12.0,original,49.99,original,0.5666,original,44317064.0,original,25627.0,original,56003180.0,original,32285200.0,original,-116.0,original
3369410.0,37.0,2025-01-08 07:40:00,WITEL_AHU_L8,32299000.0,224.0,223.0,225.0,11.0,10.0,12.0,49.93,0.5707,2025-01-08 07:39:21.000,2025-01-08 07:39:21.000,2025-01-08 07:39:21.000,44337218.0,25627.0,56027733.0,224.0,original,223.0,original,225.0,original,11.0,original,10.0,original,12.0,original,49.93,original,0.5707,original,44337218.0,original,25627.0,original,56027733.0,original,32299000.0,original,-120.0,original
3369974.0,37.0,2025-01-08 08:00:00,WITEL_AHU_L8,32312900.0,223.0,222.0,225.0,11.0,10.0,11.0,50.04,0.5651999999999999,2025-01-08 07:59:11.000,2025-01-08 07:59:11.000,2025-01-08 07:59:11.000,44357056.0,25627.0,56052014.0,223.0,original,222.0,original,225.0,original,11.0,original,10.0,original,11.0,original,50.04,original,0.5651999999999999,original,44357056.0,original,25627.0,original,56052014.0,original,32312900.0,original,-115.0,original
3370622.0,37.0,2025-01-08 08:20:00,WITEL_AHU_L8,32326800.0,224.0,223.0,226.0,11.0,10.0,11.0,50.03,0.5630999999999999,2025-01-08 08:19:08.000,2025-01-08 08:19:08.000,2025-01-08 08:19:08.000,44376884.0,25627.0,56076298.0,224.0,original,223.0,original,226.0,original,11.0,original,10.0,original,11.0,original,50.03,original,0.5630999999999999,original,44376884.0,original,25627.0,original,56076298.0,original,32326800.0,original,-118.0,original
3371186.0,37.0,2025-01-08 08:40:00,WITEL_AHU_L8,32340700.0,224.0,223.0,225.0,11.0,10.0,11.0,50.02,0.5756,2025-01-08 08:39:12.000,2025-01-08 08:39:12.000,2025-01-08 08:39:12.000,44397104.0,25627.0,56100925.0,224.0,original,223.0,original,225.0,original,11.0,original,10.0,original,11.0,original,50.02,original,0.5756,original,44397104.0,original,25627.0,original,56100925.0,original,32340700.0,original,-118.0,original
3371186.0,,2025-01-08 09:00:00,WITEL_AHU_L8,0.0,0.0,0.0,0.0,0.0,0.0,0.0,0.0,0.0,,,,0.0,0.0,0.0,0.0,gap_too_large,0.0,gap_too_large,0.0,gap_too_large,0.0,gap_too_large,0.0,gap_too_large,0.0,gap_too_large,0.0,gap_too_large,0.0,gap_too_large,0.0,gap_too_large,0.0,gap_too_large,0.0,gap_too_large,0.0,gap_too_large,0.0,gap_too_large
3371186.0,,2025-01-08 09:20:00,WITEL_AHU_L8,0.0,0.0,0.0,0.0,0.0,0.0,0.0,0.0,0.0,,,,0.0,0.0,0.0,0.0,gap_too_large,0.0,gap_too_large,0.0,gap_too_large,0.0,gap_too_large,0.0,gap_too_large,0.0,gap_too_large,0.0,gap_too_large,0.0,gap_too_large,0.0,gap_too_large,0.0,gap_too_large,0.0,gap_too_large,0.0,gap_too_large,0.0,gap_too_large
3371186.0,,2025-01-08 09:40:00,WITEL_AHU_L8,0.0,0.0,0.0,0.0,0.0,0.0,0.0,0.0,0.0,,,,0.0,0.0,0.0,0.0,gap_too_large,0.0,gap_too_large,0.0,gap_too_large,0.0,gap_too_large,0.0,gap_too_large,0.0,gap_too_large,0.0,gap_too_large,0.0,gap_too_large,0.0,gap_too_large,0.0,gap_too_large,0.0,gap_too_large,0.0,gap_too_large,0.0,gap_too_large
3371186.0,,2025-01-08 10:00:00,WITEL_AHU_L8,0.0,0.0,0.0,0.0,0.0,0.0,0.0,0.0,0.0,,,,0.0,0.0,0.0,0.0,gap_too_large,0.0,gap_too_large,0.0,gap_too_large,0.0,gap_too_large,0.0,gap_too_large,0.0,gap_too_large,0.0,gap_too_large,0.0,gap_too_large,0.0,gap_too_large,0.0,gap_too_large,0.0,gap_too_large,0.0,gap_too_large,0.0,gap_too_large
3371186.0,,2025-01-08 10:20:00,WITEL_AHU_L8,0.0,0.0,0.0,0.0,0.0,0.0,0.0,0.0,0.0,,,,0.0,0.0,0.0,0.0,gap_too_large,0.0,gap_too_large,0.0,gap_too_large,0.0,gap_too_large,0.0,gap_too_large,0.0,gap_too_large,0.0,gap_too_large,0.0,gap_too_large,0.0,gap_too_large,0.0,gap_too_large,0.0,gap_too_large,0.0,gap_too_large,0.0,gap_too_large
3371186.0,,2025-01-08 10:40:00,WITEL_AHU_L8,0.0,0.0,0.0,0.0,0.0,0.0,0.0,0.0,0.0,,,,0.0,0.0,0.0,0.0,gap_too_large,0.0,gap_too_large,0.0,gap_too_large,0.0,gap_too_large,0.0,gap_too_large,0.0,gap_too_large,0.0,gap_too_large,0.0,gap_too_large,0.0,gap_too_large,0.0,gap_too_large,0.0,gap_too_large,0.0,gap_too_large,0.0,gap_too_large
3371186.0,,2025-01-08 11:00:00,WITEL_AHU_L8,0.0,0.0,0.0,0.0,0.0,0.0,0.0,0.0,0.0,,,,0.0,0.0,0.0,0.0,gap_too_large,0.0,gap_too_large,0.0,gap_too_large,0.0,gap_too_large,0.0,gap_too_large,0.0,gap_too_large,0.0,gap_too_large,0.0,gap_too_large,0.0,gap_too_large,0.0,gap_too_large,0.0,gap_too_large,0.0,gap_too_large,0.0,gap_too_large
3371186.0,,2025-01-08 11:20:00,WITEL_AHU_L8,0.0,0.0,0.0,0.0,0.0,0.0,0.0,0.0,0.0,,,,0.0,0.0,0.0,0.0,gap_too_large,0.0,gap_too_large,0.0,gap_too_large,0.0,gap_too_large,0.0,gap_too_large,0.0,gap_too_large,0.0,gap_too_large,0.0,gap_too_large,0.0,gap_too_large,0.0,gap_too_large,0.0,gap_too_large,0.0,gap_too_large,0.0,gap_too_large
3371186.0,,2025-01-08 11:40:00,WITEL_AHU_L8,0.0,0.0,0.0,0.0,0.0,0.0,0.0,0.0,0.0,,,,0.0,0.0,0.0,0.0,gap_too_large,0.0,gap_too_large,0.0,gap_too_large,0.0,gap_too_large,0.0,gap_too_large,0.0,gap_too_large,0.0,gap_too_large,0.0,gap_too_large,0.0,gap_too_large,0.0,gap_too_large,0.0,gap_too_large,0.0,gap_too_large,0.0,gap_too_large
3371186.0,,2025-01-08 12:00:00,WITEL_AHU_L8,0.0,0.0,0.0,0.0,0.0,0.0,0.0,0.0,0.0,,,,0.0,0.0,0.0,0.0,gap_too_large,0.0,gap_too_large,0.0,gap_too_large,0.0,gap_too_large,0.0,gap_too_large,0.0,gap_too_large,0.0,gap_too_large,0.0,gap_too_large,0.0,gap_too_large,0.0,gap_too_large,0.0,gap_too_large,0.0,gap_too_large,0.0,gap_too_large
3371186.0,,2025-01-08 12:20:00,WITEL_AHU_L8,0.0,0.0,0.0,0.0,0.0,0.0,0.0,0.0,0.0,,,,0.0,0.0,0.0,0.0,gap_too_large,0.0,gap_too_large,0.0,gap_too_large,0.0,gap_too_large,0.0,gap_too_large,0.0,gap_too_large,0.0,gap_too_large,0.0,gap_too_large,0.0,gap_too_large,0.0,gap_too_large,0.0,gap_too_large,0.0,gap_too_large,0.0,gap_too_large
3371186.0,,2025-01-08 12:40:00,WITEL_AHU_L8,0.0,0.0,0.0,0.0,0.0,0.0,0.0,0.0,0.0,,,,0.0,0.0,0.0,0.0,gap_too_large,0.0,gap_too_large,0.0,gap_too_large,0.0,gap_too_large,0.0,gap_too_large,0.0,gap_too_large,0.0,gap_too_large,0.0,gap_too_large,0.0,gap_too_large,0.0,gap_too_large,0.0,gap_too_large,0.0,gap_too_large,0.0,gap_too_large
3371186.0,,2025-01-08 13:00:00,WITEL_AHU_L8,0.0,0.0,0.0,0.0,0.0,0.0,0.0,0.0,0.0,,,,0.0,0.0,0.0,0.0,gap_too_large,0.0,gap_too_large,0.0,gap_too_large,0.0,gap_too_large,0.0,gap_too_large,0.0,gap_too_large,0.0,gap_too_large,0.0,gap_too_large,0.0,gap_too_large,0.0,gap_too_large,0.0,gap_too_large,0.0,gap_too_large,0.0,gap_too_large
3371186.0,,2025-01-08 13:20:00,WITEL_AHU_L8,0.0,0.0,0.0,0.0,0.0,0.0,0.0,0.0,0.0,,,,0.0,0.0,0.0,0.0,gap_too_large,0.0,gap_too_large,0.0,gap_too_large,0.0,gap_too_large,0.0,gap_too_large,0.0,gap_too_large,0.0,gap_too_large,0.0,gap_too_large,0.0,gap_too_large,0.0,gap_too_large,0.0,gap_too_large,0.0,gap_too_large,0.0,gap_too_large
3371186.0,,2025-01-08 13:40:00,WITEL_AHU_L8,0.0,0.0,0.0,0.0,0.0,0.0,0.0,0.0,0.0,,,,0.0,0.0,0.0,0.0,gap_too_large,0.0,gap_too_large,0.0,gap_too_large,0.0,gap_too_large,0.0,gap_too_large,0.0,gap_too_large,0.0,gap_too_large,0.0,gap_too_large,0.0,gap_too_large,0.0,gap_too_large,0.0,gap_too_large,0.0,gap_too_large,0.0,gap_too_large
3371186.0,,2025-01-08 14:00:00,WITEL_AHU_L8,0.0,0.0,0.0,0.0,0.0,0.0,0.0,0.0,0.0,,,,0.0,0.0,0.0,0.0,gap_too_large,0.0,gap_too_large,0.0,gap_too_large,0.0,gap_too_large,0.0,gap_too_large,0.0,gap_too_large,0.0,gap_too_large,0.0,gap_too_large,0.0,gap_too_large,0.0,gap_too_large,0.0,gap_too_large,0.0,gap_too_large,0.0,gap_too_large
3371186.0,,2025-01-08 14:20:00,WITEL_AHU_L8,0.0,0.0,0.0,0.0,0.0,0.0,0.0,0.0,0.0,,,,0.0,0.0,0.0,0.0,gap_too_large,0.0,gap_too_large,0.0,gap_too_large,0.0,gap_too_large,0.0,gap_too_large,0.0,gap_too_large,0.0,gap_too_large,0.0,gap_too_large,0.0,gap_too_large,0.0,gap_too_large,0.0,gap_too_large,0.0,gap_too_large,0.0,gap_too_large
3371186.0,,2025-01-08 14:40:00,WITEL_AHU_L8,0.0,0.0,0.0,0.0,0.0,0.0,0.0,0.0,0.0,,,,0.0,0.0,0.0,0.0,gap_too_large,0.0,gap_too_large,0.0,gap_too_large,0.0,gap_too_large,0.0,gap_too_large,0.0,gap_too_large,0.0,gap_too_large,0.0,gap_too_large,0.0,gap_too_large,0.0,gap_too_large,0.0,gap_too_large,0.0,gap_too_large,0.0,gap_too_large
3371186.0,,2025-01-08 15:00:00,WITEL_AHU_L8,0.0,0.0,0.0,0.0,0.0,0.0,0.0,0.0,0.0,,,,0.0,0.0,0.0,0.0,gap_too_large,0.0,gap_too_large,0.0,gap_too_large,0.0,gap_too_large,0.0,gap_too_large,0.0,gap_too_large,0.0,gap_too_large,0.0,gap_too_large,0.0,gap_too_large,0.0,gap_too_large,0.0,gap_too_large,0.0,gap_too_large,0.0,gap_too_large
3371186.0,,2025-01-08 15:20:00,WITEL_AHU_L8,0.0,0.0,0.0,0.0,0.0,0.0,0.0,0.0,0.0,,,,0.0,0.0,0.0,0.0,gap_too_large,0.0,gap_too_large,0.0,gap_too_large,0.0,gap_too_large,0.0,gap_too_large,0.0,gap_too_large,0.0,gap_too_large,0.0,gap_too_large,0.0,gap_too_large,0.0,gap_too_large,0.0,gap_too_large,0.0,gap_too_large,0.0,gap_too_large
3371186.0,,2025-01-08 15:40:00,WITEL_AHU_L8,0.0,0.0,0.0,0.0,0.0,0.0,0.0,0.0,0.0,,,,0.0,0.0,0.0,0.0,gap_too_large,0.0,gap_too_large,0.0,gap_too_large,0.0,gap_too_large,0.0,gap_too_large,0.0,gap_too_large,0.0,gap_too_large,0.0,gap_too_large,0.0,gap_too_large,0.0,gap_too_large,0.0,gap_too_large,0.0,gap_too_large,0.0,gap_too_large
3371186.0,,2025-01-08 16:00:00,WITEL_AHU_L8,0.0,0.0,0.0,0.0,0.0,0.0,0.0,0.0,0.0,,,,0.0,0.0,0.0,0.0,gap_too_large,0.0,gap_too_large,0.0,gap_too_large,0.0,gap_too_large,0.0,gap_too_large,0.0,gap_too_large,0.0,gap_too_large,0.0,gap_too_large,0.0,gap_too_large,0.0,gap_too_large,0.0,gap_too_large,0.0,gap_too_large,0.0,gap_too_large
3371186.0,,2025-01-08 16:20:00,WITEL_AHU_L8,0.0,0.0,0.0,0.0,0.0,0.0,0.0,0.0,0.0,,,,0.0,0.0,0.0,0.0,gap_too_large,0.0,gap_too_large,0.0,gap_too_large,0.0,gap_too_large,0.0,gap_too_large,0.0,gap_too_large,0.0,gap_too_large,0.0,gap_too_large,0.0,gap_too_large,0.0,gap_too_large,0.0,gap_too_large,0.0,gap_too_large,0.0,gap_too_large
3371186.0,,2025-01-08 16:40:00,WITEL_AHU_L8,0.0,0.0,0.0,0.0,0.0,0.0,0.0,0.0,0.0,,,,0.0,0.0,0.0,0.0,gap_too_large,0.0,gap_too_large,0.0,gap_too_large,0.0,gap_too_large,0.0,gap_too_large,0.0,gap_too_large,0.0,gap_too_large,0.0,gap_too_large,0.0,gap_too_large,0.0,gap_too_large,0.0,gap_too_large,0.0,gap_too_large,0.0,gap_too_large
3385904.0,37.0,2025-01-08 17:00:00,WITEL_AHU_L8,32687100.0,228.0,227.0,229.0,11.0,11.0,12.0,50.02,0.5409999999999999,2025-01-08 16:59:06.000,2025-01-08 16:59:06.000,2025-01-08 16:59:06.000,44898628.0,25627.0,56712376.0,228.0,original,227.0,original,229.0,original,11.0,original,11.0,original,12.0,original,50.02,original,0.5409999999999999,original,44898628.0,original,25627.0,original,56712376.0,original,32687100.0,original,-118.0,original
3386567.0,37.0,2025-01-08 17:20:00,WITEL_AHU_L8,32697200.0,230.0,229.0,231.0,0.0,0.0,0.0,49.98,1.0,2025-01-08 17:19:18.000,2025-01-08 17:19:18.000,2025-01-08 17:19:18.000,44914485.0,25627.0,56731228.0,230.0,original,229.0,original,231.0,original,0.0,gap_too_large,0.0,gap_too_large,0.0,gap_too_large,49.98,original,1.0,original,44914485.0,original,25627.0,original,56731228.0,original,32697200.0,original,-118.0,original
3387152.0,37.0,2025-01-08 17:40:00,WITEL_AHU_L8,32697200.0,227.0,226.0,228.0,0.0,0.0,0.0,50.05,1.0,2025-01-08 17:39:12.000,2025-01-08 17:39:12.000,2025-01-08 17:39:12.000,44914485.0,25627.0,56731228.0,227.0,original,226.0,original,228.0,original,0.0,gap_too_large,0.0,gap_too_large,0.0,gap_too_large,50.05,original,1.0,original,44914485.0,original,25627.0,original,56731228.0,original,32697200.0,original,-114.0,original
3387711.0,37.0,2025-01-08 18:00:00,WITEL_AHU_L8,32697200.0,229.0,228.0,230.0,0.0,0.0,0.0,50.06,1.0,2025-01-08 17:59:04.000,2025-01-08 17:59:04.000,2025-01-08 17:59:04.000,44914485.0,25627.0,56731228.0,229.0,original,228.0,original,230.0,original,0.0,gap_too_large,0.0,gap_too_large,0.0,gap_too_large,50.06,original,1.0,original,44914485.0,original,25627.0,original,56731228.0,original,32697200.0,original,-118.0,original
3388283.0,37.0,2025-01-08 18:20:00,WITEL_AHU_L8,32697200.0,230.0,229.0,231.0,0.0,0.0,0.0,50.02,1.0,2025-01-08 18:19:07.000,2025-01-08 18:19:07.000,2025-01-08 18:19:07.000,44914485.0,25627.0,56731228.0,230.0,original,229.0,original,231.0,original,0.0,gap_too_large,0.0,gap_too_large,0.0,gap_too_large,50.02,original,1.0,original,44914485.0,original,25627.0,original,56731228.0,original,32697200.0,original,-119.0,original
3388868.0,37.0,2025-01-08 18:40:00,WITEL_AHU_L8,32697200.0,230.0,229.0,231.0,0.0,0.0,0.0,50.0,1.0,2025-01-08 18:39:07.000,2025-01-08 18:39:07.000,2025-01-08 18:39:07.000,44914485.0,25627.0,56731228.0,230.0,original,229.0,original,231.0,original,0.0,gap_too_large,0.0,gap_too_large,0.0,gap_too_large,50.0,original,1.0,original,44914485.0,original,25627.0,original,56731228.0,original,32697200.0,original,-118.0,original
3389492.0,37.0,2025-01-08 19:00:00,WITEL_AHU_L8,32697200.0,230.0,229.0,231.0,0.0,0.0,0.0,49.99,1.0,2025-01-08 18:59:18.000,2025-01-08 18:59:18.000,2025-01-08 18:59:18.000,44914485.0,25627.0,56731228.0,230.0,original,229.0,original,231.0,original,0.0,gap_too_large,0.0,gap_too_large,0.0,gap_too_large,49.99,original,1.0,original,44914485.0,original,25627.0,original,56731228.0,original,32697200.0,original,-115.0,original
3390090.0,37.0,2025-01-08 19:20:00,WITEL_AHU_L8,32697200.0,229.0,229.0,230.0,0.0,0.0,0.0,49.99,1.0,2025-01-08 19:19:16.000,2025-01-08 19:19:16.000,2025-01-08 19:19:16.000,44914485.0,25627.0,56731228.0,229.0,original,229.0,original,230.0,original,0.0,gap_too_large,0.0,gap_too_large,0.0,gap_too_large,49.99,original,1.0,original,44914485.0,original,25627.0,original,56731228.0,original,32697200.0,original,-111.0,original
3390597.0,37.0,2025-01-08 19:40:00,WITEL_AHU_L8,32697200.0,229.0,229.0,230.0,0.0,0.0,0.0,50.01,1.0,2025-01-08 19:39:08.000,2025-01-08 19:39:08.000,2025-01-08 19:39:08.000,44914485.0,25627.0,56731228.0,229.0,original,229.0,original,230.0,original,0.0,gap_too_large,0.0,gap_too_large,0.0,gap_too_large,50.01,original,1.0,original,44914485.0,original,25627.0,original,56731228.0,original,32697200.0,original,-119.0,original
3391364.0,37.0,2025-01-08 20:00:00,WITEL_AHU_L8,32697200.0,229.0,229.0,230.0,0.0,0.0,0.0,49.99,1.0,2025-01-08 19:59:22.000,2025-01-08 19:59:22.000,2025-01-08 19:59:22.000,44914485.0,25627.0,56731228.0,229.0,original,229.0,original,230.0,original,0.0,gap_too_large,0.0,gap_too_large,0.0,gap_too_large,49.99,original,1.0,original,44914485.0,original,25627.0,original,56731228.0,original,32697200.0,original,-118.0,original
3391962.0,37.0,2025-01-08 20:20:00,WITEL_AHU_L8,32697200.0,229.0,228.0,230.0,0.0,0.0,0.0,49.99,1.0,2025-01-08 20:19:20.000,2025-01-08 20:19:20.000,2025-01-08 20:19:20.000,44914485.0,25627.0,56731228.0,229.0,original,228.0,original,230.0,original,0.0,gap_too_large,0.0,gap_too_large,0.0,gap_too_large,49.99,original,1.0,original,44914485.0,original,25627.0,original,56731228.0,original,32697200.0,original,-115.0,original
3391962.0,,2025-01-08 20:40:00,WITEL_AHU_L8,32697200.0,229.5,229.0,230.5,0.0,0.0,0.0,49.995000000000005,1.0,,,,44914485.0,25627.0,56731228.0,229.5,interpolated,229.0,interpolated,230.5,interpolated,0.0,gap_too_large,0.0,gap_too_large,0.0,gap_too_large,49.995000000000005,interpolated,1.0,interpolated,44914485.0,interpolated,25627.0,interpolated,56731228.0,interpolated,32697200.0,interpolated,-117.0,interpolated
3393028.0,37.0,2025-01-08 21:00:00,WITEL_AHU_L8,32697200.0,230.0,230.0,231.0,0.0,0.0,0.0,50.0,1.0,2025-01-08 20:59:06.000,2025-01-08 20:59:06.000,2025-01-08 20:59:06.000,44914485.0,25627.0,56731228.0,230.0,original,230.0,original,231.0,original,0.0,gap_too_large,0.0,gap_too_large,0.0,gap_too_large,50.0,original,1.0,original,44914485.0,original,25627.0,original,56731228.0,original,32697200.0,original,-119.0,original
3393678.0,37.0,2025-01-08 21:20:00,WITEL_AHU_L8,32697200.0,231.0,230.0,232.0,0.0,0.0,0.0,50.01,1.0,2025-01-08 21:19:08.000,2025-01-08 21:19:08.000,2025-01-08 21:19:08.000,44914485.0,25627.0,56731228.0,231.0,original,230.0,original,232.0,original,0.0,gap_too_large,0.0,gap_too_large,0.0,gap_too_large,50.01,original,1.0,original,44914485.0,original,25627.0,original,56731228.0,original,32697200.0,original,-118.0,original
3394302.0,37.0,2025-01-08 21:40:00,WITEL_AHU_L8,32697200.0,228.0,228.0,229.0,0.0,0.0,0.0,49.98,1.0,2025-01-08 21:39:17.000,2025-01-08 21:39:17.000,2025-01-08 21:39:17.000,44914485.0,25627.0,56731228.0,228.0,original,228.0,original,229.0,original,0.0,gap_too_large,0.0,gap_too_large,0.0,gap_too_large,49.98,original,1.0,original,44914485.0,original,25627.0,original,56731228.0,original,32697200.0,original,-118.0,original
3394861.0,37.0,2025-01-08 22:00:00,WITEL_AHU_L8,32697200.0,229.0,229.0,230.0,0.0,0.0,0.0,50.02,1.0,2025-01-08 21:59:12.000,2025-01-08 21:59:12.000,2025-01-08 21:59:12.000,44914485.0,25627.0,56731228.0,229.0,original,229.0,original,230.0,original,0.0,gap_too_large,0.0,gap_too_large,0.0,gap_too_large,50.02,original,1.0,original,44914485.0,original,25627.0,original,56731228.0,original,32697200.0,original,-107.0,original
3395537.0,37.0,2025-01-08 22:20:00,WITEL_AHU_L8,32697200.0,230.0,229.0,231.0,0.0,0.0,0.0,50.02,1.0,2025-01-08 22:19:25.000,2025-01-08 22:19:25.000,2025-01-08 22:19:25.000,44914485.0,25627.0,56731228.0,230.0,original,229.0,original,231.0,original,0.0,gap_too_large,0.0,gap_too_large,0.0,gap_too_large,50.02,original,1.0,original,44914485.0,original,25627.0,original,56731228.0,original,32697200.0,original,-105.0,original
3395537.0,,2025-01-08 22:40:00,WITEL_AHU_L8,32697200.0,229.0,228.5,230.0,0.0,0.0,0.0,50.05,1.0,,,,44914485.0,25627.0,56731228.0,229.0,interpolated,228.5,interpolated,230.0,interpolated,0.0,gap_too_large,0.0,gap_too_large,0.0,gap_too_large,50.05,interpolated,1.0,interpolated,44914485.0,interpolated,25627.0,interpolated,56731228.0,interpolated,32697200.0,interpolated,-112.0,interpolated
3396707.0,37.0,2025-01-08 23:00:00,WITEL_AHU_L8,32697200.0,228.0,228.0,229.0,0.0,0.0,0.0,50.08,1.0,2025-01-08 22:59:21.000,2025-01-08 22:59:21.000,2025-01-08 22:59:21.000,44914485.0,25627.0,56731228.0,228.0,original,228.0,original,229.0,original,0.0,gap_too_large,0.0,gap_too_large,0.0,gap_too_large,50.08,original,1.0,original,44914485.0,original,25627.0,original,56731228.0,original,32697200.0,original,-119.0,original
3397188.0,37.0,2025-01-08 23:20:00,WITEL_AHU_L8,32697200.0,228.0,228.0,230.0,0.0,0.0,0.0,50.06,1.0,2025-01-08 23:19:06.000,2025-01-08 23:19:06.000,2025-01-08 23:19:06.000,44914485.0,25627.0,56731228.0,228.0,original,228.0,original,230.0,original,0.0,gap_too_large,0.0,gap_too_large,0.0,gap_too_large,50.06,original,1.0,original,44914485.0,original,25627.0,original,56731228.0,original,32697200.0,original,-118.0,original
3397760.0,37.0,2025-01-08 23:40:00,WITEL_AHU_L8,32697200.0,228.0,228.0,230.0,0.0,0.0,0.0,50.08,1.0,2025-01-08 23:39:04.000,2025-01-08 23:39:04.000,2025-01-08 23:39:04.000,44914485.0,25627.0,56731228.0,228.0,original,228.0,original,230.0,original,0.0,gap_too_large,0.0,gap_too_large,0.0,gap_too_large,50.08,original,1.0,original,44914485.0,original,25627.0,original,56731228.0,original,32697200.0,original,-114.0,original
3398358.0,37.0,2025-01-09 00:00:00,WITEL_AHU_L8,32697200.0,229.0,229.0,231.0,0.0,0.0,0.0,50.04,1.0,2025-01-08 23:59:04.000,2025-01-08 23:59:04.000,2025-01-08 23:59:04.000,44914485.0,25627.0,56731228.0,229.0,original,229.0,original,231.0,original,0.0,gap_too_large,0.0,gap_too_large,0.0,gap_too_large,50.04,original,1.0,original,44914485.0,original,25627.0,original,56731228.0,original,32697200.0,original,-103.0,original
3398995.0,37.0,2025-01-09 00:20:00,WITEL_AHU_L8,32697200.0,229.0,229.0,230.0,0.0,0.0,0.0,50.01,1.0,2025-01-09 00:19:03.000,2025-01-09 00:19:03.000,2025-01-09 00:19:03.000,44914485.0,25627.0,56731228.0,229.0,original,229.0,original,230.0,original,0.0,gap_too_large,0.0,gap_too_large,0.0,gap_too_large,50.01,original,1.0,original,44914485.0,original,25627.0,original,56731228.0,original,32697200.0,original,-107.0,original
3399684.0,37.0,2025-01-09 00:40:00,WITEL_AHU_L8,32697200.0,229.0,229.0,231.0,0.0,0.0,0.0,49.94,1.0,2025-01-09 00:39:05.000,2025-01-09 00:39:05.000,2025-01-09 00:39:05.000,44914485.0,25627.0,56731228.0,229.0,original,229.0,original,231.0,original,0.0,gap_too_large,0.0,gap_too_large,0.0,gap_too_large,49.94,original,1.0,original,44914485.0,original,25627.0,original,56731228.0,original,32697200.0,original,-118.0,original
3400581.0,37.0,2025-01-09 01:00:00,WITEL_AHU_L8,32697200.0,229.0,229.0,231.0,0.0,0.0,0.0,49.99,1.0,2025-01-09 00:59:17.000,2025-01-09 00:59:17.000,2025-01-09 00:59:17.000,44914485.0,25627.0,56731228.0,229.0,original,229.0,original,231.0,original,0.0,gap_too_large,0.0,gap_too_large,0.0,gap_too_large,49.99,original,1.0,original,44914485.0,original,25627.0,original,56731228.0,original,32697200.0,original,-107.0,original
3401257.0,37.0,2025-01-09 01:20:00,WITEL_AHU_L8,32697200.0,229.0,229.0,231.0,0.0,0.0,0.0,49.97,1.0,2025-01-09 01:19:24.000,2025-01-09 01:19:24.000,2025-01-09 01:19:24.000,44914485.0,25627.0,56731228.0,229.0,original,229.0,original,231.0,original,0.0,gap_too_large,0.0,gap_too_large,0.0,gap_too_large,49.97,original,1.0,original,44914485.0,original,25627.0,original,56731228.0,original,32697200.0,original,-120.0,original
3401751.0,37.0,2025-01-09 01:40:00,WITEL_AHU_L8,32697200.0,229.0,229.0,231.0,0.0,0.0,0.0,49.99,1.0,2025-01-09 01:39:12.000,2025-01-09 01:39:12.000,2025-01-09 01:39:12.000,44914485.0,25627.0,56731228.0,229.0,original,229.0,original,231.0,original,0.0,gap_too_large,0.0,gap_too_large,0.0,gap_too_large,49.99,original,1.0,original,44914485.0,original,25627.0,original,56731228.0,original,32697200.0,original,-116.0,original
3401751.0,,2025-01-09 02:00:00,WITEL_AHU_L8,32697200.0,229.5,229.0,231.5,0.0,0.0,0.0,50.015,1.0,,,,44914485.0,25627.0,56731228.0,229.5,interpolated,229.0,interpolated,231.5,interpolated,0.0,gap_too_large,0.0,gap_too_large,0.0,gap_too_large,50.015,interpolated,1.0,interpolated,44914485.0,interpolated,25627.0,interpolated,56731228.0,interpolated,32697200.0,interpolated,-108.0,interpolated
3402986.0,37.0,2025-01-09 02:20:00,WITEL_AHU_L8,32697200.0,230.0,229.0,232.0,0.0,0.0,0.0,50.04,1.0,2025-01-09 02:19:17.000,2025-01-09 02:19:17.000,2025-01-09 02:19:17.000,44914485.0,25627.0,56731228.0,230.0,original,229.0,original,232.0,original,0.0,gap_too_large,0.0,gap_too_large,0.0,gap_too_large,50.04,original,1.0,original,44914485.0,original,25627.0,original,56731228.0,original,32697200.0,original,-100.0,original
3402986.0,,2025-01-09 02:40:00,WITEL_AHU_L8,32697200.0,230.0,229.5,232.0,0.0,0.0,0.0,50.055,1.0,,,,44914485.0,25627.0,56731228.0,230.0,interpolated,229.5,interpolated,232.0,interpolated,0.0,gap_too_large,0.0,gap_too_large,0.0,gap_too_large,50.055,interpolated,1.0,interpolated,44914485.0,interpolated,25627.0,interpolated,56731228.0,interpolated,32697200.0,interpolated,-108.0,interpolated
3404182.0,37.0,2025-01-09 03:00:00,WITEL_AHU_L8,32697200.0,230.0,230.0,232.0,0.0,0.0,0.0,50.07,1.0,2025-01-09 02:59:15.000,2025-01-09 02:59:15.000,2025-01-09 02:59:15.000,44914485.0,25627.0,56731228.0,230.0,original,230.0,original,232.0,original,0.0,gap_too_large,0.0,gap_too_large,0.0,gap_too_large,50.07,original,1.0,original,44914485.0,original,25627.0,original,56731228.0,original,32697200.0,original,-116.0,original
3404741.0,37.0,2025-01-09 03:20:00,WITEL_AHU_L8,32697200.0,228.0,227.0,229.0,0.0,0.0,0.0,50.05,1.0,2025-01-09 03:19:04.000,2025-01-09 03:19:04.000,2025-01-09 03:19:04.000,44914485.0,25627.0,56731228.0,228.0,original,227.0,original,229.0,original,0.0,gap_too_large,0.0,gap_too_large,0.0,gap_too_large,50.05,original,1.0,original,44914485.0,original,25627.0,original,56731228.0,original,32697200.0,original,-118.0,original
3405456.0,37.0,2025-01-09 03:40:00,WITEL_AHU_L8,32697200.0,227.0,227.0,229.0,0.0,0.0,0.0,49.99,1.0,2025-01-09 03:39:21.000,2025-01-09 03:39:21.000,2025-01-09 03:39:21.000,44914485.0,25627.0,56731228.0,227.0,original,227.0,original,229.0,original,0.0,gap_too_large,0.0,gap_too_large,0.0,gap_too_large,49.99,original,1.0,original,44914485.0,original,25627.0,original,56731228.0,original,32697200.0,original,-118.0,original
3406054.0,37.0,2025-01-09 04:00:00,WITEL_AHU_L8,32697200.0,227.0,227.0,229.0,0.0,0.0,0.0,49.96,1.0,2025-01-09 03:59:18.000,2025-01-09 03:59:18.000,2025-01-09 03:59:18.000,44914485.0,25627.0,56731228.0,227.0,original,227.0,original,229.0,original,0.0,gap_too_large,0.0,gap_too_large,0.0,gap_too_large,49.96,original,1.0,original,44914485.0,original,25627.0,original,56731228.0,original,32697200.0,original,-111.0,original
3406743.0,37.0,2025-01-09 04:20:00,WITEL_AHU_L8,32697200.0,226.0,225.0,227.0,0.0,0.0,0.0,50.0,1.0,2025-01-09 04:19:24.000,2025-01-09 04:19:24.000,2025-01-09 04:19:24.000,44914485.0,25627.0,56731228.0,226.0,original,225.0,original,227.0,original,0.0,gap_too_large,0.0,gap_too_large,0.0,gap_too_large,50.0,original,1.0,original,44914485.0,original,25627.0,original,56731228.0,original,32697200.0,original,-101.0,original
3407250.0,37.0,2025-01-09 04:40:00,WITEL_AHU_L8,32697200.0,226.0,226.0,227.0,0.0,0.0,0.0,49.96,1.0,2025-01-09 04:39:05.000,2025-01-09 04:39:05.000,2025-01-09 04:39:05.000,44914485.0,25627.0,56731228.0,226.0,original,226.0,original,227.0,original,0.0,gap_too_large,0.0,gap_too_large,0.0,gap_too_large,49.96,original,1.0,original,44914485.0,original,25627.0,original,56731228.0,original,32697200.0,original,-118.0,original
3407874.0,37.0,2025-01-09 05:00:00,WITEL_AHU_L8,32697200.0,226.0,225.0,227.0,0.0,0.0,0.0,49.99,1.0,2025-01-09 04:59:05.000,2025-01-09 04:59:05.000,2025-01-09 04:59:05.000,44914485.0,25627.0,56731228.0,226.0,original,225.0,original,227.0,original,0.0,gap_too_large,0.0,gap_too_large,0.0,gap_too_large,49.99,original,1.0,original,44914485.0,original,25627.0,original,56731228.0,original,32697200.0,original,-116.0,original
3408524.0,37.0,2025-01-09 05:20:00,WITEL_AHU_L8,32697200.0,225.0,225.0,227.0,0.0,0.0,0.0,49.98,1.0,2025-01-09 05:19:11.000,2025-01-09 05:19:11.000,2025-01-09 05:19:11.000,44914485.0,25627.0,56731228.0,225.0,original,225.0,original,227.0,original,0.0,gap_too_large,0.0,gap_too_large,0.0,gap_too_large,49.98,original,1.0,original,44914485.0,original,25627.0,original,56731228.0,original,32697200.0,original,-118.0,original
3409252.0,37.0,2025-01-09 05:40:00,WITEL_AHU_L8,32697200.0,228.0,228.0,230.0,0.0,0.0,0.0,50.08,1.0,2025-01-09 05:39:19.000,2025-01-09 05:39:19.000,2025-01-09 05:39:19.000,44914485.0,25627.0,56731228.0,228.0,original,228.0,original,230.0,original,0.0,gap_too_large,0.0,gap_too_large,0.0,gap_too_large,50.08,original,1.0,original,44914485.0,original,25627.0,original,56731228.0,original,32697200.0,original,-118.0,original
3409811.0,37.0,2025-01-09 06:00:00,WITEL_AHU_L8,32697200.0,227.0,227.0,229.0,0.0,0.0,0.0,50.02,1.0,2025-01-09 05:59:20.000,2025-01-09 05:59:20.000,2025-01-09 05:59:20.000,44914485.0,25627.0,56731228.0,227.0,original,227.0,original,229.0,original,0.0,gap_too_large,0.0,gap_too_large,0.0,gap_too_large,50.02,original,1.0,original,44914485.0,original,25627.0,original,56731228.0,original,32697200.0,original,-119.0,original
3410396.0,37.0,2025-01-09 06:20:00,WITEL_AHU_L8,32697200.0,227.0,226.0,228.0,0.0,0.0,0.0,50.06,1.0,2025-01-09 06:19:09.000,2025-01-09 06:19:09.000,2025-01-09 06:19:09.000,44914485.0,25627.0,56731228.0,227.0,original,226.0,original,228.0,original,0.0,gap_too_large,0.0,gap_too_large,0.0,gap_too_large,50.06,original,1.0,original,44914485.0,original,25627.0,original,56731228.0,original,32697200.0,original,-108.0,original
3410981.0,37.0,2025-01-09 06:40:00,WITEL_AHU_L8,32697200.0,226.0,225.0,227.0,0.0,0.0,0.0,50.06,1.0,2025-01-09 06:39:05.000,2025-01-09 06:39:05.000,2025-01-09 06:39:05.000,44914485.0,25627.0,56731228.0,226.0,original,225.0,original,227.0,original,0.0,gap_too_large,0.0,gap_too_large,0.0,gap_too_large,50.06,original,1.0,original,44914485.0,original,25627.0,original,56731228.0,original,32697200.0,original,-120.0,original
3411657.0,37.0,2025-01-09 07:00:00,WITEL_AHU_L8,32697200.0,225.0,224.0,226.0,0.0,0.0,0.0,50.0,1.0,2025-01-09 06:59:10.000,2025-01-09 06:59:10.000,2025-01-09 06:59:10.000,44914485.0,25627.0,56731228.0,225.0,original,224.0,original,226.0,original,0.0,gap_too_large,0.0,gap_too_large,0.0,gap_too_large,50.0,original,1.0,original,44914485.0,original,25627.0,original,56731228.0,original,32697200.0,original,-101.0,original
3412281.0,37.0,2025-01-09 07:20:00,WITEL_AHU_L8,32697200.0,227.0,226.0,228.0,0.0,0.0,0.0,49.96,1.0,2025-01-09 07:19:18.000,2025-01-09 07:19:18.000,2025-01-09 07:19:18.000,44914485.0,25627.0,56731228.0,227.0,original,226.0,original,228.0,original,0.0,gap_too_large,0.0,gap_too_large,0.0,gap_too_large,49.96,original,1.0,original,44914485.0,original,25627.0,original,56731228.0,original,32697200.0,original,-100.0,original
3412723.0,37.0,2025-01-09 07:40:00,WITEL_AHU_L8,32697200.0,225.0,224.0,226.0,0.0,0.0,0.0,50.03,1.0,2025-01-09 07:39:10.000,2025-01-09 07:39:10.000,2025-01-09 07:39:10.000,44914485.0,25627.0,56731228.0,225.0,original,224.0,original,226.0,original,0.0,gap_too_large,0.0,gap_too_large,0.0,gap_too_large,50.03,original,1.0,original,44914485.0,original,25627.0,original,56731228.0,original,32697200.0,original,-117.0,original
3413438.0,37.0,2025-01-09 08:00:00,WITEL_AHU_L8,32697200.0,222.0,221.0,224.0,0.0,0.0,0.0,50.0,1.0,2025-01-09 07:59:19.000,2025-01-09 07:59:19.000,2025-01-09 07:59:19.000,44914485.0,25627.0,56731228.0,222.0,original,221.0,original,224.0,original,0.0,gap_too_large,0.0,gap_too_large,0.0,gap_too_large,50.0,original,1.0,original,44914485.0,original,25627.0,original,56731228.0,original,32697200.0,original,-118.0,original
3413997.0,37.0,2025-01-09 08:20:00,WITEL_AHU_L8,32697200.0,225.0,224.0,226.0,0.0,0.0,0.0,50.02,1.0,2025-01-09 08:19:13.000,2025-01-09 08:19:13.000,2025-01-09 08:19:13.000,44914485.0,25627.0,56731228.0,225.0,original,224.0,original,226.0,original,0.0,gap_too_large,0.0,gap_too_large,0.0,gap_too_large,50.02,original,1.0,original,44914485.0,original,25627.0,original,56731228.0,original,32697200.0,original,-101.0,original
3414517.0,37.0,2025-01-09 08:40:00,WITEL_AHU_L8,32697200.0,226.0,225.0,227.0,0.0,0.0,0.0,50.0,1.0,2025-01-09 08:39:09.000,2025-01-09 08:39:09.000,2025-01-09 08:39:09.000,44914485.0,25627.0,56731228.0,226.0,original,225.0,original,227.0,original,0.0,gap_too_large,0.0,gap_too_large,0.0,gap_too_large,50.0,original,1.0,original,44914485.0,original,25627.0,original,56731228.0,original,32697200.0,original,-102.0,original
3415271.0,37.0,2025-01-09 09:00:00,WITEL_AHU_L8,32697200.0,224.0,223.0,225.0,0.0,0.0,0.0,49.86,1.0,2025-01-09 08:59:08.000,2025-01-09 08:59:08.000,2025-01-09 08:59:08.000,44914485.0,25627.0,56731228.0,224.0,original,223.0,original,225.0,original,0.0,gap_too_large,0.0,gap_too_large,0.0,gap_too_large,49.86,original,1.0,original,44914485.0,original,25627.0,original,56731228.0,original,32697200.0,original,-115.0,original
3416129.0,37.0,2025-01-09 09:20:00,WITEL_AHU_L8,32697200.0,224.0,222.0,225.0,0.0,0.0,0.0,49.93,1.0,2025-01-09 09:19:23.000,2025-01-09 09:19:23.000,2025-01-09 09:19:23.000,44914485.0,25627.0,56731228.0,224.0,original,222.0,original,225.0,original,0.0,gap_too_large,0.0,gap_too_large,0.0,gap_too_large,49.93,original,1.0,original,44914485.0,original,25627.0,original,56731228.0,original,32697200.0,original,-102.0,original
3416961.0,37.0,2025-01-09 09:40:00,WITEL_AHU_L8,32697200.0,223.0,222.0,224.0,0.0,0.0,0.0,50.0,1.0,2025-01-09 09:49:11.000,2025-01-09 09:49:11.000,2025-01-09 09:49:11.000,44914485.0,25627.0,56731228.0,223.0,original,222.0,original,224.0,original,0.0,gap_too_large,0.0,gap_too_large,0.0,gap_too_large,50.0,original,1.0,original,44914485.0,original,25627.0,original,56731228.0,original,32697200.0,original,-118.0,original
3417299.0,37.0,2025-01-09 10:00:00,WITEL_AHU_L8,32697200.0,222.0,221.0,224.0,0.0,0.0,0.0,49.99,1.0,2025-01-09 09:59:08.000,2025-01-09 09:59:08.000,2025-01-09 09:59:08.000,44914485.0,25627.0,56731228.0,222.0,original,221.0,original,224.0,original,0.0,gap_too_large,0.0,gap_too_large,0.0,gap_too_large,49.99,original,1.0,original,44914485.0,original,25627.0,original,56731228.0,original,32697200.0,original,-117.0,original
3417923.0,37.0,2025-01-09 10:20:00,WITEL_AHU_L8,32697200.0,225.0,224.0,226.0,0.0,0.0,0.0,50.0,1.0,2025-01-09 10:19:08.000,2025-01-09 10:19:08.000,2025-01-09 10:19:08.000,44914485.0,25627.0,56731228.0,225.0,original,224.0,original,226.0,original,0.0,gap_too_large,0.0,gap_too_large,0.0,gap_too_large,50.0,original,1.0,original,44914485.0,original,25627.0,original,56731228.0,original,32697200.0,original,-109.0,original
3418625.0,37.0,2025-01-09 10:40:00,WITEL_AHU_L8,32697200.0,225.0,223.0,226.0,0.0,0.0,0.0,49.98,1.0,2025-01-09 10:39:15.000,2025-01-09 10:39:15.000,2025-01-09 10:39:15.000,44914485.0,25627.0,56731228.0,225.0,original,223.0,original,226.0,original,0.0,gap_too_large,0.0,gap_too_large,0.0,gap_too_large,49.98,original,1.0,original,44914485.0,original,25627.0,original,56731228.0,original,32697200.0,original,-103.0,original
3419288.0,37.0,2025-01-09 11:00:00,WITEL_AHU_L8,32697200.0,225.0,223.0,226.0,0.0,0.0,0.0,49.98,1.0,2025-01-09 10:59:12.000,2025-01-09 10:59:12.000,2025-01-09 10:59:12.000,44914485.0,25627.0,56731228.0,225.0,original,223.0,original,226.0,original,0.0,gap_too_large,0.0,gap_too_large,0.0,gap_too_large,49.98,original,1.0,original,44914485.0,original,25627.0,original,56731228.0,original,32697200.0,original,-114.0,original
3420224.0,37.0,2025-01-09 11:20:00,WITEL_AHU_L8,32697200.0,225.0,224.0,227.0,0.0,0.0,0.0,49.99,1.0,2025-01-09 11:29:07.000,2025-01-09 11:29:07.000,2025-01-09 11:29:07.000,44914485.0,25627.0,56731228.0,225.0,original,224.0,original,227.0,original,0.0,gap_too_large,0.0,gap_too_large,0.0,gap_too_large,49.99,original,1.0,original,44914485.0,original,25627.0,original,56731228.0,original,32697200.0,original,-118.0,original
3420744.0,37.0,2025-01-09 11:40:00,WITEL_AHU_L8,32697200.0,226.0,225.0,227.0,0.0,0.0,0.0,50.03,1.0,2025-01-09 11:39:21.000,2025-01-09 11:39:21.000,2025-01-09 11:39:21.000,44914485.0,25627.0,56731228.0,226.0,original,225.0,original,227.0,original,0.0,gap_too_large,0.0,gap_too_large,0.0,gap_too_large,50.03,original,1.0,original,44914485.0,original,25627.0,original,56731228.0,original,32697200.0,original,-115.0,original
3421238.0,37.0,2025-01-09 12:00:00,WITEL_AHU_L8,32697200.0,227.0,226.0,228.0,0.0,0.0,0.0,50.04,1.0,2025-01-09 11:59:05.000,2025-01-09 11:59:05.000,2025-01-09 11:59:05.000,44914485.0,25627.0,56731228.0,227.0,original,226.0,original,228.0,original,0.0,gap_too_large,0.0,gap_too_large,0.0,gap_too_large,50.04,original,1.0,original,44914485.0,original,25627.0,original,56731228.0,original,32697200.0,original,-103.0,original
3422057.0,37.0,2025-01-09 12:20:00,WITEL_AHU_L8,32697200.0,228.0,227.0,229.0,0.0,0.0,0.0,49.96,1.0,2025-01-09 12:19:19.000,2025-01-09 12:19:19.000,2025-01-09 12:19:19.000,44914485.0,25627.0,56731228.0,228.0,original,227.0,original,229.0,original,0.0,gap_too_large,0.0,gap_too_large,0.0,gap_too_large,49.96,original,1.0,original,44914485.0,original,25627.0,original,56731228.0,original,32697200.0,original,-107.0,original
3422759.0,37.0,2025-01-09 12:40:00,WITEL_AHU_L8,32697200.0,228.0,227.0,229.0,0.0,0.0,0.0,50.02,1.0,2025-01-09 12:39:17.000,2025-01-09 12:39:17.000,2025-01-09 12:39:17.000,44914485.0,25627.0,56731228.0,228.0,original,227.0,original,229.0,original,0.0,gap_too_large,0.0,gap_too_large,0.0,gap_too_large,50.02,original,1.0,original,44914485.0,original,25627.0,original,56731228.0,original,32697200.0,original,-117.0,original
3423409.0,37.0,2025-01-09 13:00:00,WITEL_AHU_L8,32697200.0,226.0,225.0,227.0,0.0,0.0,0.0,50.01,1.0,2025-01-09 12:59:14.000,2025-01-09 12:59:14.000,2025-01-09 12:59:14.000,44914485.0,25627.0,56731228.0,226.0,original,225.0,original,227.0,original,0.0,gap_too_large,0.0,gap_too_large,0.0,gap_too_large,50.01,original,1.0,original,44914485.0,original,25627.0,original,56731228.0,original,32697200.0,original,-115.0,original
3423409.0,,2025-01-09 13:20:00,WITEL_AHU_L8,32697200.0,226.5,225.5,227.5,0.0,0.0,0.0,50.0,1.0,,,,44914485.0,25627.0,56731228.0,226.5,interpolated,225.5,interpolated,227.5,interpolated,0.0,gap_too_large,0.0,gap_too_large,0.0,gap_too_large,50.0,interpolated,1.0,interpolated,44914485.0,interpolated,25627.0,interpolated,56731228.0,interpolated,32697200.0,interpolated,-116.0,interpolated
3424735.0,37.0,2025-01-09 13:40:00,WITEL_AHU_L8,32697200.0,227.0,226.0,228.0,0.0,0.0,0.0,49.99,1.0,2025-01-09 13:39:13.000,2025-01-09 13:39:13.000,2025-01-09 13:39:13.000,44914485.0,25627.0,56731228.0,227.0,original,226.0,original,228.0,original,0.0,gap_too_large,0.0,gap_too_large,0.0,gap_too_large,49.99,original,1.0,original,44914485.0,original,25627.0,original,56731228.0,original,32697200.0,original,-117.0,original
3425307.0,37.0,2025-01-09 14:00:00,WITEL_AHU_L8,32697200.0,227.0,226.0,228.0,0.0,0.0,0.0,49.99,1.0,2025-01-09 13:59:08.000,2025-01-09 13:59:08.000,2025-01-09 13:59:08.000,44914485.0,25627.0,56731228.0,227.0,original,226.0,original,228.0,original,0.0,gap_too_large,0.0,gap_too_large,0.0,gap_too_large,49.99,original,1.0,original,44914485.0,original,25627.0,original,56731228.0,original,32697200.0,original,-102.0,original
3426061.0,37.0,2025-01-09 14:20:00,WITEL_AHU_L8,32697200.0,227.0,226.0,228.0,0.0,0.0,0.0,50.01,1.0,2025-01-09 14:19:14.000,2025-01-09 14:19:14.000,2025-01-09 14:19:14.000,44914485.0,25627.0,56731228.0,227.0,original,226.0,original,228.0,original,0.0,gap_too_large,0.0,gap_too_large,0.0,gap_too_large,50.01,original,1.0,original,44914485.0,original,25627.0,original,56731228.0,original,32697200.0,original,-118.0,original
3426061.0,,2025-01-09 14:40:00,WITEL_AHU_L8,32697200.0,227.5,226.5,228.0,0.0,0.0,0.0,49.995,1.0,,,,44914485.0,25627.0,56731228.0,227.5,interpolated,226.5,interpolated,228.0,interpolated,0.0,gap_too_large,0.0,gap_too_large,0.0,gap_too_large,49.995,interpolated,1.0,interpolated,44914485.0,interpolated,25627.0,interpolated,56731228.0,interpolated,32697200.0,interpolated,-116.0,interpolated
3427478.0,37.0,2025-01-09 15:00:00,WITEL_AHU_L8,32697200.0,228.0,227.0,228.0,0.0,0.0,0.0,49.98,1.0,2025-01-09 14:59:20.000,2025-01-09 14:59:20.000,2025-01-09 14:59:20.000,44914485.0,25627.0,56731228.0,228.0,original,227.0,original,228.0,original,0.0,gap_too_large,0.0,gap_too_large,0.0,gap_too_large,49.98,original,1.0,original,44914485.0,original,25627.0,original,56731228.0,original,32697200.0,original,-114.0,original
3427959.0,37.0,2025-01-09 15:20:00,WITEL_AHU_L8,32697200.0,228.0,226.0,228.0,0.0,0.0,0.0,49.98,1.0,2025-01-09 15:19:05.000,2025-01-09 15:19:05.000,2025-01-09 15:19:05.000,44914485.0,25627.0,56731228.0,228.0,original,226.0,original,228.0,original,0.0,gap_too_large,0.0,gap_too_large,0.0,gap_too_large,49.98,original,1.0,original,44914485.0,original,25627.0,original,56731228.0,original,32697200.0,original,-117.0,original
3428752.0,37.0,2025-01-09 15:40:00,WITEL_AHU_L8,32697200.0,228.0,227.0,229.0,0.0,0.0,0.0,50.02,1.0,2025-01-09 15:39:06.000,2025-01-09 15:39:06.000,2025-01-09 15:39:06.000,44914485.0,25627.0,56731228.0,228.0,original,227.0,original,229.0,original,0.0,gap_too_large,0.0,gap_too_large,0.0,gap_too_large,50.02,original,1.0,original,44914485.0,original,25627.0,original,56731228.0,original,32697200.0,original,-105.0,original
3429818.0,37.0,2025-01-09 16:00:00,WITEL_AHU_L8,32697200.0,229.0,227.0,229.0,0.0,0.0,0.0,50.01,1.0,2025-01-09 16:09:10.000,2025-01-09 16:09:10.000,2025-01-09 16:09:10.000,44914485.0,25627.0,56731228.0,229.0,original,227.0,original,229.0,original,0.0,gap_too_large,0.0,gap_too_large,0.0,gap_too_large,50.01,original,1.0,original,44914485.0,original,25627.0,original,56731228.0,original,32697200.0,original,-120.0,original
3430312.0,37.0,2025-01-09 16:20:00,WITEL_AHU_L8,32697200.0,229.0,227.0,229.0,0.0,0.0,0.0,49.98,1.0,2025-01-09 16:19:20.000,2025-01-09 16:19:20.000,2025-01-09 16:19:20.000,44914485.0,25627.0,56731228.0,229.0,original,227.0,original,229.0,original,0.0,gap_too_large,0.0,gap_too_large,0.0,gap_too_large,49.98,original,1.0,original,44914485.0,original,25627.0,original,56731228.0,original,32697200.0,original,-103.0,original
3431001.0,37.0,2025-01-09 16:40:00,WITEL_AHU_L8,32697200.0,230.0,228.0,230.0,0.0,0.0,0.0,50.04,1.0,2025-01-09 16:39:20.000,2025-01-09 16:39:20.000,2025-01-09 16:39:20.000,44914485.0,25627.0,56731228.0,230.0,original,228.0,original,230.0,original,0.0,gap_too_large,0.0,gap_too_large,0.0,gap_too_large,50.04,original,1.0,original,44914485.0,original,25627.0,original,56731228.0,original,32697200.0,original,-117.0,original
3431001.0,,2025-01-09 17:00:00,WITEL_AHU_L8,0.0,0.0,0.0,0.0,0.0,0.0,0.0,0.0,0.0,,,,0.0,0.0,0.0,0.0,gap_too_large,0.0,gap_too_large,0.0,gap_too_large,0.0,gap_too_large,0.0,gap_too_large,0.0,gap_too_large,0.0,gap_too_large,0.0,gap_too_large,0.0,gap_too_large,0.0,gap_too_large,0.0,gap_too_large,0.0,gap_too_large,0.0,gap_too_large
3431001.0,,2025-01-09 17:20:00,WITEL_AHU_L8,0.0,0.0,0.0,0.0,0.0,0.0,0.0,0.0,0.0,,,,0.0,0.0,0.0,0.0,gap_too_large,0.0,gap_too_large,0.0,gap_too_large,0.0,gap_too_large,0.0,gap_too_large,0.0,gap_too_large,0.0,gap_too_large,0.0,gap_too_large,0.0,gap_too_large,0.0,gap_too_large,0.0,gap_too_large,0.0,gap_too_large,0.0,gap_too_large
3431001.0,,2025-01-09 17:40:00,WITEL_AHU_L8,0.0,0.0,0.0,0.0,0.0,0.0,0.0,0.0,0.0,,,,0.0,0.0,0.0,0.0,gap_too_large,0.0,gap_too_large,0.0,gap_too_large,0.0,gap_too_large,0.0,gap_too_large,0.0,gap_too_large,0.0,gap_too_large,0.0,gap_too_large,0.0,gap_too_large,0.0,gap_too_large,0.0,gap_too_large,0.0,gap_too_large,0.0,gap_too_large
3431001.0,,2025-01-09 18:00:00,WITEL_AHU_L8,0.0,0.0,0.0,0.0,0.0,0.0,0.0,0.0,0.0,,,,0.0,0.0,0.0,0.0,gap_too_large,0.0,gap_too_large,0.0,gap_too_large,0.0,gap_too_large,0.0,gap_too_large,0.0,gap_too_large,0.0,gap_too_large,0.0,gap_too_large,0.0,gap_too_large,0.0,gap_too_large,0.0,gap_too_large,0.0,gap_too_large,0.0,gap_too_large
3431001.0,,2025-01-09 18:20:00,WITEL_AHU_L8,0.0,0.0,0.0,0.0,0.0,0.0,0.0,0.0,0.0,,,,0.0,0.0,0.0,0.0,gap_too_large,0.0,gap_too_large,0.0,gap_too_large,0.0,gap_too_large,0.0,gap_too_large,0.0,gap_too_large,0.0,gap_too_large,0.0,gap_too_large,0.0,gap_too_large,0.0,gap_too_large,0.0,gap_too_large,0.0,gap_too_large,0.0,gap_too_large
3431001.0,,2025-01-09 18:40:00,WITEL_AHU_L8,0.0,0.0,0.0,0.0,0.0,0.0,0.0,0.0,0.0,,,,0.0,0.0,0.0,0.0,gap_too_large,0.0,gap_too_large,0.0,gap_too_large,0.0,gap_too_large,0.0,gap_too_large,0.0,gap_too_large,0.0,gap_too_large,0.0,gap_too_large,0.0,gap_too_large,0.0,gap_too_large,0.0,gap_too_large,0.0,gap_too_large,0.0,gap_too_large
3431001.0,,2025-01-09 19:00:00,WITEL_AHU_L8,0.0,0.0,0.0,0.0,0.0,0.0,0.0,0.0,0.0,,,,0.0,0.0,0.0,0.0,gap_too_large,0.0,gap_too_large,0.0,gap_too_large,0.0,gap_too_large,0.0,gap_too_large,0.0,gap_too_large,0.0,gap_too_large,0.0,gap_too_large,0.0,gap_too_large,0.0,gap_too_large,0.0,gap_too_large,0.0,gap_too_large,0.0,gap_too_large
3431001.0,,2025-01-09 19:20:00,WITEL_AHU_L8,0.0,0.0,0.0,0.0,0.0,0.0,0.0,0.0,0.0,,,,0.0,0.0,0.0,0.0,gap_too_large,0.0,gap_too_large,0.0,gap_too_large,0.0,gap_too_large,0.0,gap_too_large,0.0,gap_too_large,0.0,gap_too_large,0.0,gap_too_large,0.0,gap_too_large,0.0,gap_too_large,0.0,gap_too_large,0.0,gap_too_large,0.0,gap_too_large
3431001.0,,2025-01-09 19:40:00,WITEL_AHU_L8,0.0,0.0,0.0,0.0,0.0,0.0,0.0,0.0,0.0,,,,0.0,0.0,0.0,0.0,gap_too_large,0.0,gap_too_large,0.0,gap_too_large,0.0,gap_too_large,0.0,gap_too_large,0.0,gap_too_large,0.0,gap_too_large,0.0,gap_too_large,0.0,gap_too_large,0.0,gap_too_large,0.0,gap_too_large,0.0,gap_too_large,0.0,gap_too_large
3431001.0,,2025-01-09 20:00:00,WITEL_AHU_L8,0.0,0.0,0.0,0.0,0.0,0.0,0.0,0.0,0.0,,,,0.0,0.0,0.0,0.0,gap_too_large,0.0,gap_too_large,0.0,gap_too_large,0.0,gap_too_large,0.0,gap_too_large,0.0,gap_too_large,0.0,gap_too_large,0.0,gap_too_large,0.0,gap_too_large,0.0,gap_too_large,0.0,gap_too_large,0.0,gap_too_large,0.0,gap_too_large
3431001.0,,2025-01-09 20:20:00,WITEL_AHU_L8,0.0,0.0,0.0,0.0,0.0,0.0,0.0,0.0,0.0,,,,0.0,0.0,0.0,0.0,gap_too_large,0.0,gap_too_large,0.0,gap_too_large,0.0,gap_too_large,0.0,gap_too_large,0.0,gap_too_large,0.0,gap_too_large,0.0,gap_too_large,0.0,gap_too_large,0.0,gap_too_large,0.0,gap_too_large,0.0,gap_too_large,0.0,gap_too_large
3431001.0,,2025-01-09 20:40:00,WITEL_AHU_L8,0.0,0.0,0.0,0.0,0.0,0.0,0.0,0.0,0.0,,,,0.0,0.0,0.0,0.0,gap_too_large,0.0,gap_too_large,0.0,gap_too_large,0.0,gap_too_large,0.0,gap_too_large,0.0,gap_too_large,0.0,gap_too_large,0.0,gap_too_large,0.0,gap_too_large,0.0,gap_too_large,0.0,gap_too_large,0.0,gap_too_large,0.0,gap_too_large
3431001.0,,2025-01-09 21:00:00,WITEL_AHU_L8,0.0,0.0,0.0,0.0,0.0,0.0,0.0,0.0,0.0,,,,0.0,0.0,0.0,0.0,gap_too_large,0.0,gap_too_large,0.0,gap_too_large,0.0,gap_too_large,0.0,gap_too_large,0.0,gap_too_large,0.0,gap_too_large,0.0,gap_too_large,0.0,gap_too_large,0.0,gap_too_large,0.0,gap_too_large,0.0,gap_too_large,0.0,gap_too_large
3431001.0,,2025-01-09 21:20:00,WITEL_AHU_L8,0.0,0.0,0.0,0.0,0.0,0.0,0.0,0.0,0.0,,,,0.0,0.0,0.0,0.0,gap_too_large,0.0,gap_too_large,0.0,gap_too_large,0.0,gap_too_large,0.0,gap_too_large,0.0,gap_too_large,0.0,gap_too_large,0.0,gap_too_large,0.0,gap_too_large,0.0,gap_too_large,0.0,gap_too_large,0.0,gap_too_large,0.0,gap_too_large
3431001.0,,2025-01-09 21:40:00,WITEL_AHU_L8,0.0,0.0,0.0,0.0,0.0,0.0,0.0,0.0,0.0,,,,0.0,0.0,0.0,0.0,gap_too_large,0.0,gap_too_large,0.0,gap_too_large,0.0,gap_too_large,0.0,gap_too_large,0.0,gap_too_large,0.0,gap_too_large,0.0,gap_too_large,0.0,gap_too_large,0.0,gap_too_large,0.0,gap_too_large,0.0,gap_too_large,0.0,gap_too_large
3431001.0,,2025-01-09 22:00:00,WITEL_AHU_L8,0.0,0.0,0.0,0.0,0.0,0.0,0.0,0.0,0.0,,,,0.0,0.0,0.0,0.0,gap_too_large,0.0,gap_too_large,0.0,gap_too_large,0.0,gap_too_large,0.0,gap_too_large,0.0,gap_too_large,0.0,gap_too_large,0.0,gap_too_large,0.0,gap_too_large,0.0,gap_too_large,0.0,gap_too_large,0.0,gap_too_large,0.0,gap_too_large
3431001.0,,2025-01-09 22:20:00,WITEL_AHU_L8,0.0,0.0,0.0,0.0,0.0,0.0,0.0,0.0,0.0,,,,0.0,0.0,0.0,0.0,gap_too_large,0.0,gap_too_large,0.0,gap_too_large,0.0,gap_too_large,0.0,gap_too_large,0.0,gap_too_large,0.0,gap_too_large,0.0,gap_too_large,0.0,gap_too_large,0.0,gap_too_large,0.0,gap_too_large,0.0,gap_too_large,0.0,gap_too_large
3431001.0,,2025-01-09 22:40:00,WITEL_AHU_L8,0.0,0.0,0.0,0.0,0.0,0.0,0.0,0.0,0.0,,,,0.0,0.0,0.0,0.0,gap_too_large,0.0,gap_too_large,0.0,gap_too_large,0.0,gap_too_large,0.0,gap_too_large,0.0,gap_too_large,0.0,gap_too_large,0.0,gap_too_large,0.0,gap_too_large,0.0,gap_too_large,0.0,gap_too_large,0.0,gap_too_large,0.0,gap_too_large
3431001.0,,2025-01-09 23:00:00,WITEL_AHU_L8,0.0,0.0,0.0,0.0,0.0,0.0,0.0,0.0,0.0,,,,0.0,0.0,0.0,0.0,gap_too_large,0.0,gap_too_large,0.0,gap_too_large,0.0,gap_too_large,0.0,gap_too_large,0.0,gap_too_large,0.0,gap_too_large,0.0,gap_too_large,0.0,gap_too_large,0.0,gap_too_large,0.0,gap_too_large,0.0,gap_too_large,0.0,gap_too_large
3431001.0,,2025-01-09 23:20:00,WITEL_AHU_L8,0.0,0.0,0.0,0.0,0.0,0.0,0.0,0.0,0.0,,,,0.0,0.0,0.0,0.0,gap_too_large,0.0,gap_too_large,0.0,gap_too_large,0.0,gap_too_large,0.0,gap_too_large,0.0,gap_too_large,0.0,gap_too_large,0.0,gap_too_large,0.0,gap_too_large,0.0,gap_too_large,0.0,gap_too_large,0.0,gap_too_large,0.0,gap_too_large
3431001.0,,2025-01-09 23:40:00,WITEL_AHU_L8,0.0,0.0,0.0,0.0,0.0,0.0,0.0,0.0,0.0,,,,0.0,0.0,0.0,0.0,gap_too_large,0.0,gap_too_large,0.0,gap_too_large,0.0,gap_too_large,0.0,gap_too_large,0.0,gap_too_large,0.0,gap_too_large,0.0,gap_too_large,0.0,gap_too_large,0.0,gap_too_large,0.0,gap_too_large,0.0,gap_too_large,0.0,gap_too_large
3431001.0,,2025-01-10 00:00:00,WITEL_AHU_L8,0.0,0.0,0.0,0.0,0.0,0.0,0.0,0.0,0.0,,,,0.0,0.0,0.0,0.0,gap_too_large,0.0,gap_too_large,0.0,gap_too_large,0.0,gap_too_large,0.0,gap_too_large,0.0,gap_too_large,0.0,gap_too_large,0.0,gap_too_large,0.0,gap_too_large,0.0,gap_too_large,0.0,gap_too_large,0.0,gap_too_large,0.0,gap_too_large
3431001.0,,2025-01-10 00:20:00,WITEL_AHU_L8,0.0,0.0,0.0,0.0,0.0,0.0,0.0,0.0,0.0,,,,0.0,0.0,0.0,0.0,gap_too_large,0.0,gap_too_large,0.0,gap_too_large,0.0,gap_too_large,0.0,gap_too_large,0.0,gap_too_large,0.0,gap_too_large,0.0,gap_too_large,0.0,gap_too_large,0.0,gap_too_large,0.0,gap_too_large,0.0,gap_too_large,0.0,gap_too_large
3446991.0,37.0,2025-01-10 00:40:00,WITEL_AHU_L8,32697200.0,228.0,228.0,230.0,0.0,0.0,0.0,50.05,1.0,2025-01-10 00:46:13.000,2025-01-10 00:46:13.000,2025-01-10 00:46:13.000,44914485.0,25627.0,56731228.0,228.0,original,228.0,original,230.0,original,0.0,gap_too_large,0.0,gap_too_large,0.0,gap_too_large,50.05,original,1.0,original,44914485.0,original,25627.0,original,56731228.0,original,32697200.0,original,-108.0,original
3447485.0,37.0,2025-01-10 01:00:00,WITEL_AHU_L8,32697200.0,228.0,228.0,230.0,0.0,0.0,0.0,50.03,1.0,2025-01-10 00:59:09.000,2025-01-10 00:59:09.000,2025-01-10 00:59:09.000,44914485.0,25627.0,56731228.0,228.0,original,228.0,original,230.0,original,0.0,gap_too_large,0.0,gap_too_large,0.0,gap_too_large,50.03,original,1.0,original,44914485.0,original,25627.0,original,56731228.0,original,32697200.0,original,-115.0,original
3448161.0,37.0,2025-01-10 01:20:00,WITEL_AHU_L8,32697200.0,228.0,228.0,230.0,0.0,0.0,0.0,49.96,1.0,2025-01-10 01:19:16.000,2025-01-10 01:19:16.000,2025-01-10 01:19:16.000,44914485.0,25627.0,56731228.0,228.0,original,228.0,original,230.0,original,0.0,gap_too_large,0.0,gap_too_large,0.0,gap_too_large,49.96,original,1.0,original,44914485.0,original,25627.0,original,56731228.0,original,32697200.0,original,-107.0,original
3448746.0,37.0,2025-01-10 01:40:00,WITEL_AHU_L8,32697200.0,228.0,228.0,230.0,0.0,0.0,0.0,49.97,1.0,2025-01-10 01:39:24.000,2025-01-10 01:39:24.000,2025-01-10 01:39:24.000,44914485.0,25627.0,56731228.0,228.0,original,228.0,original,230.0,original,0.0,gap_too_large,0.0,gap_too_large,0.0,gap_too_large,49.97,original,1.0,original,44914485.0,original,25627.0,original,56731228.0,original,32697200.0,original,-108.0,original
3449292.0,37.0,2025-01-10 02:00:00,WITEL_AHU_L8,32697200.0,229.0,229.0,231.0,0.0,0.0,0.0,50.03,1.0,2025-01-10 01:59:13.000,2025-01-10 01:59:13.000,2025-01-10 01:59:13.000,44914485.0,25627.0,56731228.0,229.0,original,229.0,original,231.0,original,0.0,gap_too_large,0.0,gap_too_large,0.0,gap_too_large,50.03,original,1.0,original,44914485.0,original,25627.0,original,56731228.0,original,32697200.0,original,-117.0,original
3450124.0,37.0,2025-01-10 02:20:00,WITEL_AHU_L8,32697200.0,229.0,229.0,231.0,0.0,0.0,0.0,50.1,1.0,2025-01-10 02:29:09.000,2025-01-10 02:29:09.000,2025-01-10 02:29:09.000,44914485.0,25627.0,56731228.0,229.0,original,229.0,original,231.0,original,0.0,gap_too_large,0.0,gap_too_large,0.0,gap_too_large,50.1,original,1.0,original,44914485.0,original,25627.0,original,56731228.0,original,32697200.0,original,-117.0,original
3450475.0,37.0,2025-01-10 02:40:00,WITEL_AHU_L8,32697200.0,229.0,229.0,231.0,0.0,0.0,0.0,50.02,1.0,2025-01-10 02:39:18.000,2025-01-10 02:39:18.000,2025-01-10 02:39:18.000,44914485.0,25627.0,56731228.0,229.0,original,229.0,original,231.0,original,0.0,gap_too_large,0.0,gap_too_large,0.0,gap_too_large,50.02,original,1.0,original,44914485.0,original,25627.0,original,56731228.0,original,32697200.0,original,-101.0,original
3451008.0,37.0,2025-01-10 03:00:00,WITEL_AHU_L8,32697200.0,230.0,229.0,231.0,0.0,0.0,0.0,50.01,1.0,2025-01-10 02:59:12.000,2025-01-10 02:59:12.000,2025-01-10 02:59:12.000,44914485.0,25627.0,56731228.0,230.0,original,229.0,original,231.0,original,0.0,gap_too_large,0.0,gap_too_large,0.0,gap_too_large,50.01,original,1.0,original,44914485.0,original,25627.0,original,56731228.0,original,32697200.0,original,-108.0,original
3451606.0,37.0,2025-01-10 03:20:00,WITEL_AHU_L8,32697200.0,230.0,230.0,232.0,0.0,0.0,0.0,50.03,1.0,2025-01-10 03:19:04.000,2025-01-10 03:19:04.000,2025-01-10 03:19:04.000,44914485.0,25627.0,56731228.0,230.0,original,230.0,original,232.0,original,0.0,gap_too_large,0.0,gap_too_large,0.0,gap_too_large,50.03,original,1.0,original,44914485.0,original,25627.0,original,56731228.0,original,32697200.0,original,-118.0,original
3452191.0,37.0,2025-01-10 03:40:00,WITEL_AHU_L8,32697200.0,230.0,230.0,232.0,0.0,0.0,0.0,50.02,1.0,2025-01-10 03:39:07.000,2025-01-10 03:39:07.000,2025-01-10 03:39:07.000,44914485.0,25627.0,56731228.0,230.0,original,230.0,original,232.0,original,0.0,gap_too_large,0.0,gap_too_large,0.0,gap_too_large,50.02,original,1.0,original,44914485.0,original,25627.0,original,56731228.0,original,32697200.0,original,-119.0,original
3452906.0,37.0,2025-01-10 04:00:00,WITEL_AHU_L8,32697200.0,230.0,229.0,232.0,0.0,0.0,0.0,49.99,1.0,2025-01-10 03:59:16.000,2025-01-10 03:59:16.000,2025-01-10 03:59:16.000,44914485.0,25627.0,56731228.0,230.0,original,229.0,original,232.0,original,0.0,gap_too_large,0.0,gap_too_large,0.0,gap_too_large,49.99,original,1.0,original,44914485.0,original,25627.0,original,56731228.0,original,32697200.0,original,-100.0,original
3453452.0,37.0,2025-01-10 04:20:00,WITEL_AHU_L8,32697200.0,230.0,230.0,232.0,0.0,0.0,0.0,50.0,1.0,2025-01-10 04:19:10.000,2025-01-10 04:19:10.000,2025-01-10 04:19:10.000,44914485.0,25627.0,56731228.0,230.0,original,230.0,original,232.0,original,0.0,gap_too_large,0.0,gap_too_large,0.0,gap_too_large,50.0,original,1.0,original,44914485.0,original,25627.0,original,56731228.0,original,32697200.0,original,-105.0,original
3454102.0,37.0,2025-01-10 04:40:00,WITEL_AHU_L8,32697200.0,230.0,229.0,231.0,0.0,0.0,0.0,49.96,1.0,2025-01-10 04:39:03.000,2025-01-10 04:39:03.000,2025-01-10 04:39:03.000,44914485.0,25627.0,56731228.0,230.0,original,229.0,original,231.0,original,0.0,gap_too_large,0.0,gap_too_large,0.0,gap_too_large,49.96,original,1.0,original,44914485.0,original,25627.0,original,56731228.0,original,32697200.0,original,-115.0,original
3454817.0,37.0,2025-01-10 05:00:00,WITEL_AHU_L8,32697200.0,229.0,229.0,231.0,0.0,0.0,0.0,49.95,1.0,2025-01-10 04:59:21.000,2025-01-10 04:59:21.000,2025-01-10 04:59:21.000,44914485.0,25627.0,56731228.0,229.0,original,229.0,original,231.0,original,0.0,gap_too_large,0.0,gap_too_large,0.0,gap_too_large,49.95,original,1.0,original,44914485.0,original,25627.0,original,56731228.0,original,32697200.0,original,-111.0,original
3455428.0,37.0,2025-01-10 05:20:00,WITEL_AHU_L8,32697200.0,229.0,229.0,231.0,0.0,0.0,0.0,50.01,1.0,2025-01-10 05:19:18.000,2025-01-10 05:19:18.000,2025-01-10 05:19:18.000,44914485.0,25627.0,56731228.0,229.0,original,229.0,original,231.0,original,0.0,gap_too_large,0.0,gap_too_large,0.0,gap_too_large,50.01,original,1.0,original,44914485.0,original,25627.0,original,56731228.0,original,32697200.0,original,-102.0,original
3456000.0,37.0,2025-01-10 05:40:00,WITEL_AHU_L8,32697200.0,228.0,228.0,230.0,0.0,0.0,0.0,50.01,1.0,2025-01-10 05:39:19.000,2025-01-10 05:39:19.000,2025-01-10 05:39:19.000,44914485.0,25627.0,56731228.0,228.0,original,228.0,original,230.0,original,0.0,gap_too_large,0.0,gap_too_large,0.0,gap_too_large,50.01,original,1.0,original,44914485.0,original,25627.0,original,56731228.0,original,32697200.0,original,-107.0,original
3456676.0,37.0,2025-01-10 06:00:00,WITEL_AHU_L8,32697200.0,228.0,227.0,229.0,11.0,11.0,12.0,50.06,1.0,2025-01-10 05:59:24.000,2025-01-10 05:59:24.000,2025-01-10 05:59:24.000,44914485.0,25627.0,56731228.0,228.0,original,227.0,original,229.0,original,11.0,original,11.0,original,12.0,original,50.06,original,1.0,original,44914485.0,original,25627.0,original,56731228.0,original,32697200.0,original,-117.0,original
3457430.0,37.0,2025-01-10 06:20:00,WITEL_AHU_L8,32714600.0,223.0,223.0,226.0,11.0,10.0,12.0,50.07,0.5661999999999999,2025-01-10 06:29:09.000,2025-01-10 06:29:09.000,2025-01-10 06:29:09.000,44940880.0,25627.0,56763035.0,223.0,original,223.0,original,226.0,original,11.0,original,10.0,original,12.0,original,50.07,original,0.5661999999999999,original,44940880.0,original,25627.0,original,56763035.0,original,32714600.0,original,-99.0,original
3457716.0,37.0,2025-01-10 06:40:00,WITEL_AHU_L8,32721500.0,222.0,222.0,224.0,11.0,10.0,11.0,50.08,0.5689,2025-01-10 06:39:12.000,2025-01-10 06:39:12.000,2025-01-10 06:39:12.000,44950690.0,25627.0,56775038.0,222.0,original,222.0,original,224.0,original,11.0,original,10.0,original,11.0,original,50.08,original,0.5689,original,44950690.0,original,25627.0,original,56775038.0,original,32721500.0,original,-118.0,original
3458301.0,37.0,2025-01-10 07:00:00,WITEL_AHU_L8,32735100.0,222.0,222.0,224.0,11.0,10.0,11.0,50.09,0.5586,2025-01-10 06:59:17.000,2025-01-10 06:59:17.000,2025-01-10 06:59:17.000,44970149.0,25627.0,56798857.0,222.0,original,222.0,original,224.0,original,11.0,original,10.0,original,11.0,original,50.09,original,0.5586,original,44970149.0,original,25627.0,original,56798857.0,original,32735100.0,original,-120.0,original
3458938.0,37.0,2025-01-10 07:20:00,WITEL_AHU_L8,32748600.0,224.0,223.0,226.0,11.0,10.0,11.0,49.98,0.5474,2025-01-10 07:19:22.000,2025-01-10 07:19:22.000,2025-01-10 07:19:22.000,44989715.0,25627.0,56822752.0,224.0,original,223.0,original,226.0,original,11.0,original,10.0,original,11.0,original,49.98,original,0.5474,original,44989715.0,original,25627.0,original,56822752.0,original,32748600.0,original,-116.0,original
3459432.0,37.0,2025-01-10 07:40:00,WITEL_AHU_L8,32762300.0,222.0,221.0,224.0,11.0,10.0,11.0,49.95,0.5686,2025-01-10 07:39:09.000,2025-01-10 07:39:09.000,2025-01-10 07:39:09.000,45009476.0,25627.0,56846840.0,222.0,original,221.0,original,224.0,original,11.0,original,10.0,original,11.0,original,49.95,original,0.5686,original,45009476.0,original,25627.0,original,56846840.0,original,32762300.0,original,-120.0,original
3460030.0,37.0,2025-01-10 08:00:00,WITEL_AHU_L8,32776000.0,224.0,223.0,226.0,11.0,10.0,12.0,50.03,0.5729,2025-01-10 07:59:07.000,2025-01-10 07:59:07.000,2025-01-10 07:59:07.000,45028827.0,25627.0,56870626.0,224.0,original,223.0,original,226.0,original,11.0,original,10.0,original,12.0,original,50.03,original,0.5729,original,45028827.0,original,25627.0,original,56870626.0,original,32776000.0,original,-118.0,original
3460628.0,37.0,2025-01-10 08:20:00,WITEL_AHU_L8,32789800.0,223.0,222.0,225.0,11.0,10.0,11.0,50.02,0.5817,2025-01-10 08:19:13.000,2025-01-10 08:19:13.000,2025-01-10 08:19:13.000,45048678.0,25627.0,56894894.0,223.0,original,222.0,original,225.0,original,11.0,original,10.0,original,11.0,original,50.02,original,0.5817,original,45048678.0,original,25627.0,original,56894894.0,original,32789800.0,original,-115.0,original
3461213.0,37.0,2025-01-10 08:40:00,WITEL_AHU_L8,32803700.0,223.0,222.0,224.0,11.0,10.0,11.0,49.99,0.572,2025-01-10 08:39:13.000,2025-01-10 08:39:13.000,2025-01-10 08:39:13.000,45068423.0,25627.0,56919108.0,223.0,original,222.0,original,224.0,original,11.0,original,10.0,original,11.0,original,49.99,original,0.572,original,45068423.0,original,25627.0,original,56919108.0,original,32803700.0,original,-118.0,original
3462006.0,37.0,2025-01-10 09:00:00,WITEL_AHU_L8,32817600.0,222.0,221.0,223.0,11.0,10.0,11.0,49.99,0.5771,2025-01-10 08:59:15.000,2025-01-10 08:59:15.000,2025-01-10 08:59:15.000,45087840.0,25627.0,56943069.0,222.0,original,221.0,original,223.0,original,11.0,original,10.0,original,11.0,original,49.99,original,0.5771,original,45087840.0,original,25627.0,original,56943069.0,original,32817600.0,original,-108.0,original
3462578.0,37.0,2025-01-10 09:20:00,WITEL_AHU_L8,32831400.0,225.0,223.0,226.0,11.0,10.0,12.0,50.02,0.5819,2025-01-10 09:19:16.000,2025-01-10 09:19:16.000,2025-01-10 09:19:16.000,45106963.0,25627.0,56966770.0,225.0,original,223.0,original,226.0,original,11.0,original,10.0,original,12.0,original,50.02,original,0.5819,original,45106963.0,original,25627.0,original,56966770.0,original,32831400.0,original,-118.0,original
3463241.0,37.0,2025-01-10 09:40:00,WITEL_AHU_L8,32845400.0,224.0,223.0,226.0,11.0,10.0,12.0,50.01,0.5718,2025-01-10 09:39:18.000,2025-01-10 09:39:18.000,2025-01-10 09:39:18.000,45127053.0,25627.0,56991312.0,224.0,original,223.0,original,226.0,original,11.0,original,10.0,original,12.0,original,50.01,original,0.5718,original,45127053.0,original,25627.0,original,56991312.0,original,32845400.0,original,-118.0,original
3463787.0,37.0,2025-01-10 10:00:00,WITEL_AHU_L8,32859200.0,223.0,221.0,224.0,11.0,10.0,11.0,49.97,0.5741999999999999,2025-01-10 09:59:10.000,2025-01-10 09:59:10.000,2025-01-10 09:59:10.000,45146841.0,25627.0,57015560.0,223.0,original,221.0,original,224.0,original,11.0,original,10.0,original,11.0,original,49.97,original,0.5741999999999999,original,45146841.0,original,25627.0,original,57015560.0,original,32859200.0,original,-118.0,original
3464398.0,37.0,2025-01-10 10:20:00,WITEL_AHU_L8,32873000.0,222.0,220.0,223.0,11.0,10.0,11.0,49.99,0.5873999999999999,2025-01-10 10:19:21.000,2025-01-10 10:19:21.000,2025-01-10 10:19:21.000,45166108.0,25627.0,57039340.0,222.0,original,220.0,original,223.0,original,11.0,original,10.0,original,11.0,original,49.99,original,0.5873999999999999,original,45166108.0,original,25627.0,original,57039340.0,original,32873000.0,original,-118.0,original
3464996.0,37.0,2025-01-10 10:40:00,WITEL_AHU_L8,32886900.0,222.0,221.0,223.0,11.0,10.0,11.0,50.0,0.5801999999999999,2025-01-10 10:39:19.000,2025-01-10 10:39:19.000,2025-01-10 10:39:19.000,45185283.0,25627.0,57063050.0,222.0,original,221.0,original,223.0,original,11.0,original,10.0,original,11.0,original,50.0,original,0.5801999999999999,original,45185283.0,original,25627.0,original,57063050.0,original,32886900.0,original,-117.0,original
3465750.0,37.0,2025-01-10 11:00:00,WITEL_AHU_L8,32907600.0,222.0,221.0,224.0,11.0,10.0,11.0,50.0,0.5867,2025-01-10 11:09:10.000,2025-01-10 11:09:10.000,2025-01-10 11:09:10.000,45214194.0,25627.0,57098752.0,222.0,original,221.0,original,224.0,original,11.0,original,10.0,original,11.0,original,50.0,original,0.5867,original,45214194.0,original,25627.0,original,57098752.0,original,32907600.0,original,-117.0,original
3466361.0,37.0,2025-01-10 11:20:00,WITEL_AHU_L8,32921500.0,225.0,223.0,226.0,11.0,10.0,12.0,50.09,0.5702999999999999,2025-01-10 11:29:04.000,2025-01-10 11:29:04.000,2025-01-10 11:29:04.000,45233758.0,25627.0,57122818.0,225.0,original,223.0,original,226.0,original,11.0,original,10.0,original,12.0,original,50.09,original,0.5702999999999999,original,45233758.0,original,25627.0,original,57122818.0,original,32921500.0,original,-120.0,original
3466361.0,,2025-01-10 11:40:00,WITEL_AHU_L8,32932000.0,225.5,224.0,227.0,11.0,10.5,12.0,50.045,0.564,,,,45249178.0,25627.0,57141525.5,225.5,interpolated,224.0,interpolated,227.0,interpolated,11.0,interpolated,10.5,interpolated,12.0,interpolated,50.045,interpolated,0.564,interpolated,45249178.0,interpolated,25627.0,interpolated,57141525.5,interpolated,32932000.0,interpolated,-110.5,interpolated
3467232.0,37.0,2025-01-10 12:00:00,WITEL_AHU_L8,32942500.0,226.0,225.0,228.0,11.0,11.0,12.0,50.0,0.5577,2025-01-10 11:59:07.000,2025-01-10 11:59:07.000,2025-01-10 11:59:07.000,45264598.0,25627.0,57160233.0,226.0,original,225.0,original,228.0,original,11.0,original,11.0,original,12.0,original,50.0,original,0.5577,original,45264598.0,original,25627.0,original,57160233.0,original,32942500.0,original,-101.0,original
3467817.0,37.0,2025-01-10 12:20:00,WITEL_AHU_L8,32956500.0,224.0,222.0,225.0,11.0,10.0,12.0,50.01,0.5769,2025-01-10 12:19:07.000,2025-01-10 12:19:07.000,2025-01-10 12:19:07.000,45284679.0,25627.0,57184768.0,224.0,original,222.0,original,225.0,original,11.0,original,10.0,original,12.0,original,50.01,original,0.5769,original,45284679.0,original,25627.0,original,57184768.0,original,32956500.0,original,-118.0,original
3468402.0,37.0,2025-01-10 12:40:00,WITEL_AHU_L8,32970400.0,223.0,222.0,225.0,11.0,10.0,11.0,49.99,0.5748,2025-01-10 12:39:05.000,2025-01-10 12:39:05.000,2025-01-10 12:39:05.000,45304458.0,25627.0,57209042.0,223.0,original,222.0,original,225.0,original,11.0,original,10.0,original,11.0,original,49.99,original,0.5748,original,45304458.0,original,25627.0,original,57209042.0,original,32970400.0,original,-99.0,original
3468402.0,,2025-01-10 13:00:00,WITEL_AHU_L8,32984350.0,222.5,221.5,224.5,11.0,10.0,11.0,50.0,0.5796999999999999,,,,45324018.5,25627.0,57233119.0,222.5,interpolated,221.5,interpolated,224.5,interpolated,11.0,interpolated,10.0,interpolated,11.0,interpolated,50.0,interpolated,0.5796999999999999,interpolated,45324018.5,interpolated,25627.0,interpolated,57233119.0,interpolated,32984350.0,interpolated,-108.5,interpolated
3469572.0,37.0,2025-01-10 13:20:00,WITEL_AHU_L8,32998300.0,222.0,221.0,224.0,11.0,10.0,11.0,50.01,0.5845999999999999,2025-01-10 13:19:06.000,2025-01-10 13:19:06.000,2025-01-10 13:19:06.000,45343579.0,25627.0,57257196.0,222.0,original,221.0,original,224.0,original,11.0,original,10.0,original,11.0,original,50.01,original,0.5845999999999999,original,45343579.0,original,25627.0,original,57257196.0,original,32998300.0,original,-118.0,original
3469572.0,,2025-01-10 13:40:00,WITEL_AHU_L8,33012200.0,221.5,220.5,223.5,11.0,10.0,11.0,50.004999999999995,0.5892,,,,45362806.5,25627.0,57280987.5,221.5,interpolated,220.5,interpolated,223.5,interpolated,11.0,interpolated,10.0,interpolated,11.0,interpolated,50.004999999999995,interpolated,0.5892,interpolated,45362806.5,interpolated,25627.0,interpolated,57280987.5,interpolated,33012200.0,interpolated,-105.5,interpolated
3470755.0,37.0,2025-01-10 14:00:00,WITEL_AHU_L8,33026100.0,221.0,220.0,223.0,11.0,10.0,11.0,50.0,0.5938,2025-01-10 13:59:12.000,2025-01-10 13:59:12.000,2025-01-10 13:59:12.000,45382034.0,25627.0,57304779.0,221.0,original,220.0,original,223.0,original,11.0,original,10.0,original,11.0,original,50.0,original,0.5938,original,45382034.0,original,25627.0,original,57304779.0,original,33026100.0,original,-93.0,original
3471639.0,37.0,2025-01-10 14:20:00,WITEL_AHU_L8,33046900.0,222.0,221.0,223.0,11.0,10.0,11.0,49.99,0.5751999999999999,2025-01-10 14:29:09.000,2025-01-10 14:29:09.000,2025-01-10 14:29:09.000,45410899.0,25627.0,57340489.0,222.0,original,221.0,original,223.0,original,11.0,original,10.0,original,11.0,original,49.99,original,0.5751999999999999,original,45410899.0,original,25627.0,original,57340489.0,original,33046900.0,original,-107.0,original
3472211.0,37.0,2025-01-10 14:40:00,WITEL_AHU_L8,33060800.0,222.0,221.0,224.0,11.0,10.0,11.0,49.98,0.5835999999999999,2025-01-10 14:49:16.000,2025-01-10 14:49:16.000,2025-01-10 14:49:16.000,45430230.0,25627.0,57364355.0,222.0,original,221.0,original,224.0,original,11.0,original,10.0,original,11.0,original,49.98,original,0.5835999999999999,original,45430230.0,original,25627.0,original,57364355.0,original,33060800.0,original,-111.0,original
3472692.0,37.0,2025-01-10 15:00:00,WITEL_AHU_L8,33074600.0,222.0,221.0,224.0,11.0,10.0,11.0,49.99,0.5782999999999999,2025-01-10 15:09:04.000,2025-01-10 15:09:04.000,2025-01-10 15:09:04.000,45449626.0,25627.0,57388256.0,222.0,original,221.0,original,224.0,original,11.0,original,10.0,original,11.0,original,49.99,original,0.5782999999999999,original,45449626.0,original,25627.0,original,57388256.0,original,33074600.0,original,-100.0,original
3473069.0,37.0,2025-01-10 15:20:00,WITEL_AHU_L8,33081600.0,223.0,221.0,224.0,11.0,10.0,11.0,49.99,0.5803999999999999,2025-01-10 15:19:18.000,2025-01-10 15:19:18.000,2025-01-10 15:19:18.000,45459336.0,25627.0,57400225.0,223.0,original,221.0,original,224.0,original,11.0,original,10.0,original,11.0,original,49.99,original,0.5803999999999999,original,45459336.0,original,25627.0,original,57400225.0,original,33081600.0,original,-101.0,original
3473745.0,37.0,2025-01-10 15:40:00,WITEL_AHU_L8,33095400.0,223.0,222.0,224.0,11.0,10.0,11.0,50.01,0.5859,2025-01-10 15:39:19.000,2025-01-10 15:39:19.000,2025-01-10 15:39:19.000,45478758.0,25627.0,57424168.0,223.0,original,222.0,original,224.0,original,11.0,original,10.0,original,11.0,original,50.01,original,0.5859,original,45478758.0,original,25627.0,original,57424168.0,original,33095400.0,original,-109.0,original
3474239.0,37.0,2025-01-10 16:00:00,WITEL_AHU_L8,33109300.0,223.0,222.0,225.0,11.0,10.0,11.0,50.04,0.5730999999999999,2025-01-10 15:59:11.000,2025-01-10 15:59:11.000,2025-01-10 15:59:11.000,45498212.0,25627.0,57448146.0,223.0,original,222.0,original,225.0,original,11.0,original,10.0,original,11.0,original,50.04,original,0.5730999999999999,original,45498212.0,original,25627.0,original,57448146.0,original,33109300.0,original,-120.0,original
3475175.0,37.0,2025-01-10 16:20:00,WITEL_AHU_L8,33118500.0,227.0,226.0,229.0,0.0,0.0,0.0,50.0,1.0,2025-01-10 16:29:21.000,2025-01-10 16:29:21.000,2025-01-10 16:29:21.000,45511529.0,25627.0,57464360.0,227.0,original,226.0,original,229.0,original,0.0,gap_too_large,0.0,gap_too_large,0.0,gap_too_large,50.0,original,1.0,original,45511529.0,original,25627.0,original,57464360.0,original,33118500.0,original,-115.0,original
3475474.0,37.0,2025-01-10 16:40:00,WITEL_AHU_L8,33118500.0,228.0,227.0,229.0,0.0,0.0,0.0,49.98,1.0,2025-01-10 16:39:18.000,2025-01-10 16:39:18.000,2025-01-10 16:39:18.000,45511529.0,25627.0,57464360.0,228.0,original,227.0,original,229.0,original,0.0,gap_too_large,0.0,gap_too_large,0.0,gap_too_large,49.98,original,1.0,original,45511529.0,original,25627.0,original,57464360.0,original,33118500.0,original,-119.0,original
3476163.0,37.0,2025-01-10 17:00:00,WITEL_AHU_L8,33118500.0,228.0,228.0,230.0,0.0,0.0,0.0,50.01,1.0,2025-01-10 16:59:10.000,2025-01-10 16:59:10.000,2025-01-10 16:59:10.000,45511529.0,25627.0,57464360.0,228.0,original,228.0,original,230.0,original,0.0,gap_too_large,0.0,gap_too_large,0.0,gap_too_large,50.01,original,1.0,original,45511529.0,original,25627.0,original,57464360.0,original,33118500.0,original,-97.0,original
3476917.0,37.0,2025-01-10 17:20:00,WITEL_AHU_L8,33118500.0,230.0,229.0,231.0,0.0,0.0,0.0,50.04,1.0,2025-01-10 17:19:19.000,2025-01-10 17:19:19.000,2025-01-10 17:19:19.000,45511529.0,25627.0,57464360.0,230.0,original,229.0,original,231.0,original,0.0,gap_too_large,0.0,gap_too_large,0.0,gap_too_large,50.04,original,1.0,original,45511529.0,original,25627.0,original,57464360.0,original,33118500.0,original,-101.0,original
3477463.0,37.0,2025-01-10 17:40:00,WITEL_AHU_L8,33118500.0,227.0,227.0,229.0,0.0,0.0,0.0,50.05,1.0,2025-01-10 17:39:14.000,2025-01-10 17:39:14.000,2025-01-10 17:39:14.000,45511529.0,25627.0,57464360.0,227.0,original,227.0,original,229.0,original,0.0,gap_too_large,0.0,gap_too_large,0.0,gap_too_large,50.05,original,1.0,original,45511529.0,original,25627.0,original,57464360.0,original,33118500.0,original,-120.0,original
3477957.0,37.0,2025-01-10 18:00:00,WITEL_AHU_L8,33118500.0,229.0,228.0,230.0,0.0,0.0,0.0,49.97,1.0,2025-01-10 17:59:03.000,2025-01-10 17:59:03.000,2025-01-10 17:59:03.000,45511529.0,25627.0,57464360.0,229.0,original,228.0,original,230.0,original,0.0,gap_too_large,0.0,gap_too_large,0.0,gap_too_large,49.97,original,1.0,original,45511529.0,original,25627.0,original,57464360.0,original,33118500.0,original,-119.0,original
3478971.0,37.0,2025-01-10 18:20:00,WITEL_AHU_L8,33118500.0,230.0,229.0,231.0,0.0,0.0,0.0,50.0,1.0,2025-01-10 18:29:07.000,2025-01-10 18:29:07.000,2025-01-10 18:29:07.000,45511529.0,25627.0,57464360.0,230.0,original,229.0,original,231.0,original,0.0,gap_too_large,0.0,gap_too_large,0.0,gap_too_large,50.0,original,1.0,original,45511529.0,original,25627.0,original,57464360.0,original,33118500.0,original,-116.0,original
3479413.0,37.0,2025-01-10 18:40:00,WITEL_AHU_L8,33118500.0,230.0,229.0,231.0,0.0,0.0,0.0,49.99,1.0,2025-01-10 18:39:17.000,2025-01-10 18:39:17.000,2025-01-10 18:39:17.000,45511529.0,25627.0,57464360.0,230.0,original,229.0,original,231.0,original,0.0,gap_too_large,0.0,gap_too_large,0.0,gap_too_large,49.99,original,1.0,original,45511529.0,original,25627.0,original,57464360.0,original,33118500.0,original,-119.0,original
3479933.0,37.0,2025-01-10 19:00:00,WITEL_AHU_L8,33118500.0,230.0,230.0,232.0,0.0,0.0,0.0,50.06,1.0,2025-01-10 18:59:07.000,2025-01-10 18:59:07.000,2025-01-10 18:59:07.000,45511529.0,25627.0,57464360.0,230.0,original,230.0,original,232.0,original,0.0,gap_too_large,0.0,gap_too_large,0.0,gap_too_large,50.06,original,1.0,original,45511529.0,original,25627.0,original,57464360.0,original,33118500.0,original,-100.0,original
3480739.0,37.0,2025-01-10 19:20:00,WITEL_AHU_L8,33118500.0,230.0,230.0,232.0,0.0,0.0,0.0,50.01,1.0,2025-01-10 19:19:21.000,2025-01-10 19:19:21.000,2025-01-10 19:19:21.000,45511529.0,25627.0,57464360.0,230.0,original,230.0,original,232.0,original,0.0,gap_too_large,0.0,gap_too_large,0.0,gap_too_large,50.01,original,1.0,original,45511529.0,original,25627.0,original,57464360.0,original,33118500.0,original,-117.0,original
3481662.0,37.0,2025-01-10 19:40:00,WITEL_AHU_L8,33118500.0,230.0,230.0,232.0,0.0,0.0,0.0,49.97,1.0,2025-01-10 19:49:18.000,2025-01-10 19:49:18.000,2025-01-10 19:49:18.000,45511529.0,25627.0,57464360.0,230.0,original,230.0,original,232.0,original,0.0,gap_too_large,0.0,gap_too_large,0.0,gap_too_large,49.97,original,1.0,original,45511529.0,original,25627.0,original,57464360.0,original,33118500.0,original,-114.0,original
3482143.0,37.0,2025-01-10 20:00:00,WITEL_AHU_L8,33118500.0,231.0,230.0,232.0,0.0,0.0,0.0,50.06,1.0,2025-01-10 20:09:04.000,2025-01-10 20:09:04.000,2025-01-10 20:09:04.000,45511529.0,25627.0,57464360.0,231.0,original,230.0,original,232.0,original,0.0,gap_too_large,0.0,gap_too_large,0.0,gap_too_large,50.06,original,1.0,original,45511529.0,original,25627.0,original,57464360.0,original,33118500.0,original,-118.0,original
3482598.0,37.0,2025-01-10 20:20:00,WITEL_AHU_L8,33118500.0,231.0,230.0,232.0,0.0,0.0,0.0,50.02,1.0,2025-01-10 20:19:23.000,2025-01-10 20:19:23.000,2025-01-10 20:19:23.000,45511529.0,25627.0,57464360.0,231.0,original,230.0,original,232.0,original,0.0,gap_too_large,0.0,gap_too_large,0.0,gap_too_large,50.02,original,1.0,original,45511529.0,original,25627.0,original,57464360.0,original,33118500.0,original,-120.0,original
3483222.0,37.0,2025-01-10 20:40:00,WITEL_AHU_L8,33118500.0,227.0,227.0,229.0,0.0,0.0,0.0,50.01,1.0,2025-01-10 20:39:14.000,2025-01-10 20:39:14.000,2025-01-10 20:39:14.000,45511529.0,25627.0,57464360.0,227.0,original,227.0,original,229.0,original,0.0,gap_too_large,0.0,gap_too_large,0.0,gap_too_large,50.01,original,1.0,original,45511529.0,original,25627.0,original,57464360.0,original,33118500.0,original,-100.0,original
3483950.0,37.0,2025-01-10 21:00:00,WITEL_AHU_L8,33118500.0,228.0,228.0,230.0,0.0,0.0,0.0,50.03,1.0,2025-01-10 20:59:23.000,2025-01-10 20:59:23.000,2025-01-10 20:59:23.000,45511529.0,25627.0,57464360.0,228.0,original,228.0,original,230.0,original,0.0,gap_too_large,0.0,gap_too_large,0.0,gap_too_large,50.03,original,1.0,original,45511529.0,original,25627.0,original,57464360.0,original,33118500.0,original,-121.0,original
3484470.0,37.0,2025-01-10 21:20:00,WITEL_AHU_L8,33118500.0,227.0,226.0,228.0,0.0,0.0,0.0,50.03,1.0,2025-01-10 21:19:15.000,2025-01-10 21:19:15.000,2025-01-10 21:19:15.000,45511529.0,25627.0,57464360.0,227.0,original,226.0,original,228.0,original,0.0,gap_too_large,0.0,gap_too_large,0.0,gap_too_large,50.03,original,1.0,original,45511529.0,original,25627.0,original,57464360.0,original,33118500.0,original,-103.0,original
3485055.0,37.0,2025-01-10 21:40:00,WITEL_AHU_L8,33118500.0,228.0,228.0,230.0,0.0,0.0,0.0,49.99,1.0,2025-01-10 21:39:07.000,2025-01-10 21:39:07.000,2025-01-10 21:39:07.000,45511529.0,25627.0,57464360.0,228.0,original,228.0,original,230.0,original,0.0,gap_too_large,0.0,gap_too_large,0.0,gap_too_large,49.99,original,1.0,original,45511529.0,original,25627.0,original,57464360.0,original,33118500.0,original,-100.0,original
3485679.0,37.0,2025-01-10 22:00:00,WITEL_AHU_L8,33118500.0,229.0,228.0,230.0,0.0,0.0,0.0,50.02,1.0,2025-01-10 21:59:10.000,2025-01-10 21:59:10.000,2025-01-10 21:59:10.000,45511529.0,25627.0,57464360.0,229.0,original,228.0,original,230.0,original,0.0,gap_too_large,0.0,gap_too_large,0.0,gap_too_large,50.02,original,1.0,original,45511529.0,original,25627.0,original,57464360.0,original,33118500.0,original,-119.0,original
3486381.0,37.0,2025-01-10 22:20:00,WITEL_AHU_L8,33118500.0,229.0,229.0,231.0,0.0,0.0,0.0,50.01,1.0,2025-01-10 22:19:17.000,2025-01-10 22:19:17.000,2025-01-10 22:19:17.000,45511529.0,25627.0,57464360.0,229.0,original,229.0,original,231.0,original,0.0,gap_too_large,0.0,gap_too_large,0.0,gap_too_large,50.01,original,1.0,original,45511529.0,original,25627.0,original,57464360.0,original,33118500.0,original,-101.0,original
3487252.0,37.0,2025-01-10 22:40:00,WITEL_AHU_L8,33118500.0,230.0,229.0,231.0,0.0,0.0,0.0,50.01,1.0,2025-01-10 22:49:09.000,2025-01-10 22:49:09.000,2025-01-10 22:49:09.000,45511529.0,25627.0,57464360.0,230.0,original,229.0,original,231.0,original,0.0,gap_too_large,0.0,gap_too_large,0.0,gap_too_large,50.01,original,1.0,original,45511529.0,original,25627.0,original,57464360.0,original,33118500.0,original,-106.0,original
3487902.0,37.0,2025-01-10 23:00:00,WITEL_AHU_L8,33118500.0,229.0,228.0,230.0,0.0,0.0,0.0,50.01,1.0,2025-01-10 23:09:11.000,2025-01-10 23:09:11.000,2025-01-10 23:09:11.000,45511529.0,25627.0,57464360.0,229.0,original,228.0,original,230.0,original,0.0,gap_too_large,0.0,gap_too_large,0.0,gap_too_large,50.01,original,1.0,original,45511529.0,original,25627.0,original,57464360.0,original,33118500.0,original,-114.0,original
3488292.0,37.0,2025-01-10 23:20:00,WITEL_AHU_L8,33118500.0,229.0,229.0,231.0,0.0,0.0,0.0,50.01,1.0,2025-01-10 23:19:12.000,2025-01-10 23:19:12.000,2025-01-10 23:19:12.000,45511529.0,25627.0,57464360.0,229.0,original,229.0,original,231.0,original,0.0,gap_too_large,0.0,gap_too_large,0.0,gap_too_large,50.01,original,1.0,original,45511529.0,original,25627.0,original,57464360.0,original,33118500.0,original,-117.0,original
3488877.0,37.0,2025-01-10 23:40:00,WITEL_AHU_L8,33118500.0,229.0,229.0,231.0,0.0,0.0,0.0,49.96,1.0,2025-01-10 23:39:10.000,2025-01-10 23:39:10.000,2025-01-10 23:39:10.000,45511529.0,25627.0,57464360.0,229.0,original,229.0,original,231.0,original,0.0,gap_too_large,0.0,gap_too_large,0.0,gap_too_large,49.96,original,1.0,original,45511529.0,original,25627.0,original,57464360.0,original,33118500.0,original,-101.0,original
3489566.0,37.0,2025-01-11 00:00:00,WITEL_AHU_L8,33118500.0,229.0,229.0,231.0,0.0,0.0,0.0,50.05,1.0,2025-01-10 23:59:18.000,2025-01-10 23:59:18.000,2025-01-10 23:59:18.000,45511529.0,25627.0,57464360.0,229.0,original,229.0,original,231.0,original,0.0,gap_too_large,0.0,gap_too_large,0.0,gap_too_large,50.05,original,1.0,original,45511529.0,original,25627.0,original,57464360.0,original,33118500.0,original,-103.0,original
3490437.0,37.0,2025-01-11 00:20:00,WITEL_AHU_L8,33118500.0,230.0,230.0,232.0,0.0,0.0,0.0,49.97,1.0,2025-01-11 00:29:18.000,2025-01-11 00:29:18.000,2025-01-11 00:29:18.000,45511529.0,25627.0,57464360.0,230.0,original,230.0,original,232.0,original,0.0,gap_too_large,0.0,gap_too_large,0.0,gap_too_large,49.97,original,1.0,original,45511529.0,original,25627.0,original,57464360.0,original,33118500.0,original,-114.0,original
3490736.0,37.0,2025-01-11 00:40:00,WITEL_AHU_L8,33118500.0,230.0,230.0,232.0,0.0,0.0,0.0,50.03,1.0,2025-01-11 00:39:22.000,2025-01-11 00:39:22.000,2025-01-11 00:39:22.000,45511529.0,25627.0,57464360.0,230.0,original,230.0,original,232.0,original,0.0,gap_too_large,0.0,gap_too_large,0.0,gap_too_large,50.03,original,1.0,original,45511529.0,original,25627.0,original,57464360.0,original,33118500.0,original,-118.0,original
3491620.0,37.0,2025-01-11 01:00:00,WITEL_AHU_L8,33118500.0,230.0,230.0,232.0,0.0,0.0,0.0,50.01,1.0,2025-01-11 01:09:06.000,2025-01-11 01:09:06.000,2025-01-11 01:09:06.000,45511529.0,25627.0,57464360.0,230.0,original,230.0,original,232.0,original,0.0,gap_too_large,0.0,gap_too_large,0.0,gap_too_large,50.01,original,1.0,original,45511529.0,original,25627.0,original,57464360.0,original,33118500.0,original,-119.0,original
3491945.0,37.0,2025-01-11 01:20:00,WITEL_AHU_L8,33118500.0,230.0,229.0,232.0,0.0,0.0,0.0,50.01,1.0,2025-01-11 01:19:06.000,2025-01-11 01:19:06.000,2025-01-11 01:19:06.000,45511529.0,25627.0,57464360.0,230.0,original,229.0,original,232.0,original,0.0,gap_too_large,0.0,gap_too_large,0.0,gap_too_large,50.01,original,1.0,original,45511529.0,original,25627.0,original,57464360.0,original,33118500.0,original,-101.0,original
3492673.0,37.0,2025-01-11 01:40:00,WITEL_AHU_L8,33118500.0,230.0,229.0,231.0,0.0,0.0,0.0,49.98,1.0,2025-01-11 01:39:22.000,2025-01-11 01:39:22.000,2025-01-11 01:39:22.000,45511529.0,25627.0,57464360.0,230.0,original,229.0,original,231.0,original,0.0,gap_too_large,0.0,gap_too_large,0.0,gap_too_large,49.98,original,1.0,original,45511529.0,original,25627.0,original,57464360.0,original,33118500.0,original,-105.0,original
3493180.0,37.0,2025-01-11 02:00:00,WITEL_AHU_L8,33118500.0,230.0,230.0,232.0,0.0,0.0,0.0,50.07,1.0,2025-01-11 01:59:08.000,2025-01-11 01:59:08.000,2025-01-11 01:59:08.000,45511529.0,25627.0,57464360.0,230.0,original,230.0,original,232.0,original,0.0,gap_too_large,0.0,gap_too_large,0.0,gap_too_large,50.07,original,1.0,original,45511529.0,original,25627.0,original,57464360.0,original,33118500.0,original,-100.0,original
3493700.0,37.0,2025-01-11 02:20:00,WITEL_AHU_L8,33118500.0,230.0,230.0,232.0,0.0,0.0,0.0,50.03,1.0,2025-01-11 02:19:05.000,2025-01-11 02:19:05.000,2025-01-11 02:19:05.000,45511529.0,25627.0,57464360.0,230.0,original,230.0,original,232.0,original,0.0,gap_too_large,0.0,gap_too_large,0.0,gap_too_large,50.03,original,1.0,original,45511529.0,original,25627.0,original,57464360.0,original,33118500.0,original,-117.0,original
3494727.0,37.0,2025-01-11 02:40:00,WITEL_AHU_L8,33118500.0,231.0,230.0,233.0,0.0,0.0,0.0,50.05,1.0,2025-01-11 02:49:19.000,2025-01-11 02:49:19.000,2025-01-11 02:49:19.000,45511529.0,25627.0,57464360.0,231.0,original,230.0,original,233.0,original,0.0,gap_too_large,0.0,gap_too_large,0.0,gap_too_large,50.05,original,1.0,original,45511529.0,original,25627.0,original,57464360.0,original,33118500.0,original,-115.0,original
3495377.0,37.0,2025-01-11 03:00:00,WITEL_AHU_L8,33118500.0,228.0,228.0,230.0,0.0,0.0,0.0,50.07,1.0,2025-01-11 03:09:20.000,2025-01-11 03:09:20.000,2025-01-11 03:09:20.000,45511529.0,25627.0,57464360.0,228.0,original,228.0,original,230.0,original,0.0,gap_too_large,0.0,gap_too_large,0.0,gap_too_large,50.07,original,1.0,original,45511529.0,original,25627.0,original,57464360.0,original,33118500.0,original,-117.0,original
3495962.0,37.0,2025-01-11 03:20:00,WITEL_AHU_L8,33118500.0,228.0,228.0,230.0,0.0,0.0,0.0,50.06,1.0,2025-01-11 03:29:19.000,2025-01-11 03:29:19.000,2025-01-11 03:29:19.000,45511529.0,25627.0,57464360.0,228.0,original,228.0,original,230.0,original,0.0,gap_too_large,0.0,gap_too_large,0.0,gap_too_large,50.06,original,1.0,original,45511529.0,original,25627.0,original,57464360.0,original,33118500.0,original,-119.0,original
3496261.0,37.0,2025-01-11 03:40:00,WITEL_AHU_L8,33118500.0,228.0,228.0,230.0,0.0,0.0,0.0,50.11,1.0,2025-01-11 03:39:16.000,2025-01-11 03:39:16.000,2025-01-11 03:39:16.000,45511529.0,25627.0,57464360.0,228.0,original,228.0,original,230.0,original,0.0,gap_too_large,0.0,gap_too_large,0.0,gap_too_large,50.11,original,1.0,original,45511529.0,original,25627.0,original,57464360.0,original,33118500.0,original,-102.0,original
3497236.0,37.0,2025-01-11 04:00:00,WITEL_AHU_L8,33118500.0,229.0,228.0,230.0,0.0,0.0,0.0,50.04,1.0,2025-01-11 04:09:24.000,2025-01-11 04:09:24.000,2025-01-11 04:09:24.000,45511529.0,25627.0,57464360.0,229.0,original,228.0,original,230.0,original,0.0,gap_too_large,0.0,gap_too_large,0.0,gap_too_large,50.04,original,1.0,original,45511529.0,original,25627.0,original,57464360.0,original,33118500.0,original,-120.0,original
3497782.0,37.0,2025-01-11 04:20:00,WITEL_AHU_L8,33118500.0,228.0,228.0,230.0,0.0,0.0,0.0,50.03,1.0,2025-01-11 04:29:16.000,2025-01-11 04:29:16.000,2025-01-11 04:29:16.000,45511529.0,25627.0,57464360.0,228.0,original,228.0,original,230.0,original,0.0,gap_too_large,0.0,gap_too_large,0.0,gap_too_large,50.03,original,1.0,original,45511529.0,original,25627.0,original,57464360.0,original,33118500.0,original,-103.0,original
3498120.0,37.0,2025-01-11 04:40:00,WITEL_AHU_L8,33118500.0,228.0,228.0,230.0,0.0,0.0,0.0,50.01,1.0,2025-01-11 04:39:23.000,2025-01-11 04:39:23.000,2025-01-11 04:39:23.000,45511529.0,25627.0,57464360.0,228.0,original,228.0,original,230.0,original,0.0,gap_too_large,0.0,gap_too_large,0.0,gap_too_large,50.01,original,1.0,original,45511529.0,original,25627.0,original,57464360.0,original,33118500.0,original,-119.0,original
3498770.0,37.0,2025-01-11 05:00:00,WITEL_AHU_L8,33118500.0,228.0,227.0,230.0,0.0,0.0,0.0,50.06,1.0,2025-01-11 04:59:19.000,2025-01-11 04:59:19.000,2025-01-11 04:59:19.000,45511529.0,25627.0,57464360.0,228.0,original,227.0,original,230.0,original,0.0,gap_too_large,0.0,gap_too_large,0.0,gap_too_large,50.06,original,1.0,original,45511529.0,original,25627.0,original,57464360.0,original,33118500.0,original,-102.0,original
3499641.0,37.0,2025-01-11 05:20:00,WITEL_AHU_L8,33118500.0,228.0,228.0,230.0,0.0,0.0,0.0,50.05,1.0,2025-01-11 05:29:14.000,2025-01-11 05:29:14.000,2025-01-11 05:29:14.000,45511529.0,25627.0,57464360.0,228.0,original,228.0,original,230.0,original,0.0,gap_too_large,0.0,gap_too_large,0.0,gap_too_large,50.05,original,1.0,original,45511529.0,original,25627.0,original,57464360.0,original,33118500.0,original,-119.0,original
3499927.0,37.0,2025-01-11 05:40:00,WITEL_AHU_L8,33118500.0,228.0,227.0,229.0,0.0,0.0,0.0,50.0,1.0,2025-01-11 05:39:13.000,2025-01-11 05:39:13.000,2025-01-11 05:39:13.000,45511529.0,25627.0,57464360.0,228.0,original,227.0,original,229.0,original,0.0,gap_too_large,0.0,gap_too_large,0.0,gap_too_large,50.0,original,1.0,original,45511529.0,original,25627.0,original,57464360.0,original,33118500.0,original,-118.0,original
3500694.0,37.0,2025-01-11 06:00:00,WITEL_AHU_L8,33118500.0,227.0,227.0,229.0,0.0,0.0,0.0,50.06,1.0,2025-01-11 05:59:20.000,2025-01-11 05:59:20.000,2025-01-11 05:59:20.000,45511529.0,25627.0,57464360.0,227.0,original,227.0,original,229.0,original,0.0,gap_too_large,0.0,gap_too_large,0.0,gap_too_large,50.06,original,1.0,original,45511529.0,original,25627.0,original,57464360.0,original,33118500.0,original,-101.0,original
3501110.0,37.0,2025-01-11 06:20:00,WITEL_AHU_L8,33118500.0,227.0,227.0,229.0,0.0,0.0,0.0,50.03,1.0,2025-01-11 06:19:06.000,2025-01-11 06:19:06.000,2025-01-11 06:19:06.000,45511529.0,25627.0,57464360.0,227.0,original,227.0,original,229.0,original,0.0,gap_too_large,0.0,gap_too_large,0.0,gap_too_large,50.03,original,1.0,original,45511529.0,original,25627.0,original,57464360.0,original,33118500.0,original,-117.0,original
3501799.0,37.0,2025-01-11 06:40:00,WITEL_AHU_L8,33118500.0,227.0,227.0,229.0,0.0,0.0,0.0,50.06,1.0,2025-01-11 06:39:13.000,2025-01-11 06:39:13.000,2025-01-11 06:39:13.000,45511529.0,25627.0,57464360.0,227.0,original,227.0,original,229.0,original,0.0,gap_too_large,0.0,gap_too_large,0.0,gap_too_large,50.06,original,1.0,original,45511529.0,original,25627.0,original,57464360.0,original,33118500.0,original,-100.0,original
3502358.0,37.0,2025-01-11 07:00:00,WITEL_AHU_L8,33118500.0,227.0,227.0,229.0,0.0,0.0,0.0,50.07,1.0,2025-01-11 06:59:09.000,2025-01-11 06:59:09.000,2025-01-11 06:59:09.000,45511529.0,25627.0,57464360.0,227.0,original,227.0,original,229.0,original,0.0,gap_too_large,0.0,gap_too_large,0.0,gap_too_large,50.07,original,1.0,original,45511529.0,original,25627.0,original,57464360.0,original,33118500.0,original,-120.0,original
3503424.0,37.0,2025-01-11 07:20:00,WITEL_AHU_L8,33118500.0,229.0,228.0,230.0,0.0,0.0,0.0,50.05,1.0,2025-01-11 07:29:19.000,2025-01-11 07:29:19.000,2025-01-11 07:29:19.000,45511529.0,25627.0,57464360.0,229.0,original,228.0,original,230.0,original,0.0,gap_too_large,0.0,gap_too_large,0.0,gap_too_large,50.05,original,1.0,original,45511529.0,original,25627.0,original,57464360.0,original,33118500.0,original,-120.0,original
3503645.0,37.0,2025-01-11 07:40:00,WITEL_AHU_L8,33118500.0,228.0,227.0,229.0,0.0,0.0,0.0,50.01,1.0,2025-01-11 07:39:18.000,2025-01-11 07:39:18.000,2025-01-11 07:39:18.000,45511529.0,25627.0,57464360.0,228.0,original,227.0,original,229.0,original,0.0,gap_too_large,0.0,gap_too_large,0.0,gap_too_large,50.01,original,1.0,original,45511529.0,original,25627.0,original,57464360.0,original,33118500.0,original,-101.0,original
3504412.0,37.0,2025-01-11 08:00:00,WITEL_AHU_L8,33118500.0,227.0,226.0,228.0,0.0,0.0,0.0,49.94,1.0,2025-01-11 07:59:19.000,2025-01-11 07:59:19.000,2025-01-11 07:59:19.000,45511529.0,25627.0,57464360.0,227.0,original,226.0,original,228.0,original,0.0,gap_too_large,0.0,gap_too_large,0.0,gap_too_large,49.94,original,1.0,original,45511529.0,original,25627.0,original,57464360.0,original,33118500.0,original,-102.0,original
3505023.0,37.0,2025-01-11 08:20:00,WITEL_AHU_L8,33118500.0,225.0,225.0,227.0,0.0,0.0,0.0,49.96,1.0,2025-01-11 08:19:20.000,2025-01-11 08:19:20.000,2025-01-11 08:19:20.000,45511529.0,25627.0,57464360.0,225.0,original,225.0,original,227.0,original,0.0,gap_too_large,0.0,gap_too_large,0.0,gap_too_large,49.96,original,1.0,original,45511529.0,original,25627.0,original,57464360.0,original,33118500.0,original,-102.0,original
3505530.0,37.0,2025-01-11 08:40:00,WITEL_AHU_L8,33118500.0,228.0,228.0,230.0,0.0,0.0,0.0,50.02,1.0,2025-01-11 08:39:12.000,2025-01-11 08:39:12.000,2025-01-11 08:39:12.000,45511529.0,25627.0,57464360.0,228.0,original,228.0,original,230.0,original,0.0,gap_too_large,0.0,gap_too_large,0.0,gap_too_large,50.02,original,1.0,original,45511529.0,original,25627.0,original,57464360.0,original,33118500.0,original,-121.0,original
3505530.0,,2025-01-11 09:00:00,WITEL_AHU_L8,0.0,0.0,0.0,0.0,0.0,0.0,0.0,0.0,0.0,,,,0.0,0.0,0.0,0.0,gap_too_large,0.0,gap_too_large,0.0,gap_too_large,0.0,gap_too_large,0.0,gap_too_large,0.0,gap_too_large,0.0,gap_too_large,0.0,gap_too_large,0.0,gap_too_large,0.0,gap_too_large,0.0,gap_too_large,0.0,gap_too_large,0.0,gap_too_large
3505530.0,,2025-01-11 09:20:00,WITEL_AHU_L8,0.0,0.0,0.0,0.0,0.0,0.0,0.0,0.0,0.0,,,,0.0,0.0,0.0,0.0,gap_too_large,0.0,gap_too_large,0.0,gap_too_large,0.0,gap_too_large,0.0,gap_too_large,0.0,gap_too_large,0.0,gap_too_large,0.0,gap_too_large,0.0,gap_too_large,0.0,gap_too_large,0.0,gap_too_large,0.0,gap_too_large,0.0,gap_too_large
3505530.0,,2025-01-11 09:40:00,WITEL_AHU_L8,0.0,0.0,0.0,0.0,0.0,0.0,0.0,0.0,0.0,,,,0.0,0.0,0.0,0.0,gap_too_large,0.0,gap_too_large,0.0,gap_too_large,0.0,gap_too_large,0.0,gap_too_large,0.0,gap_too_large,0.0,gap_too_large,0.0,gap_too_large,0.0,gap_too_large,0.0,gap_too_large,0.0,gap_too_large,0.0,gap_too_large,0.0,gap_too_large
3505530.0,,2025-01-11 10:00:00,WITEL_AHU_L8,0.0,0.0,0.0,0.0,0.0,0.0,0.0,0.0,0.0,,,,0.0,0.0,0.0,0.0,gap_too_large,0.0,gap_too_large,0.0,gap_too_large,0.0,gap_too_large,0.0,gap_too_large,0.0,gap_too_large,0.0,gap_too_large,0.0,gap_too_large,0.0,gap_too_large,0.0,gap_too_large,0.0,gap_too_large,0.0,gap_too_large,0.0,gap_too_large
3505530.0,,2025-01-11 10:20:00,WITEL_AHU_L8,0.0,0.0,0.0,0.0,0.0,0.0,0.0,0.0,0.0,,,,0.0,0.0,0.0,0.0,gap_too_large,0.0,gap_too_large,0.0,gap_too_large,0.0,gap_too_large,0.0,gap_too_large,0.0,gap_too_large,0.0,gap_too_large,0.0,gap_too_large,0.0,gap_too_large,0.0,gap_too_large,0.0,gap_too_large,0.0,gap_too_large,0.0,gap_too_large
3505530.0,,2025-01-11 10:40:00,WITEL_AHU_L8,0.0,0.0,0.0,0.0,0.0,0.0,0.0,0.0,0.0,,,,0.0,0.0,0.0,0.0,gap_too_large,0.0,gap_too_large,0.0,gap_too_large,0.0,gap_too_large,0.0,gap_too_large,0.0,gap_too_large,0.0,gap_too_large,0.0,gap_too_large,0.0,gap_too_large,0.0,gap_too_large,0.0,gap_too_large,0.0,gap_too_large,0.0,gap_too_large
3505530.0,,2025-01-11 11:00:00,WITEL_AHU_L8,0.0,0.0,0.0,0.0,0.0,0.0,0.0,0.0,0.0,,,,0.0,0.0,0.0,0.0,gap_too_large,0.0,gap_too_large,0.0,gap_too_large,0.0,gap_too_large,0.0,gap_too_large,0.0,gap_too_large,0.0,gap_too_large,0.0,gap_too_large,0.0,gap_too_large,0.0,gap_too_large,0.0,gap_too_large,0.0,gap_too_large,0.0,gap_too_large
3505530.0,,2025-01-11 11:20:00,WITEL_AHU_L8,0.0,0.0,0.0,0.0,0.0,0.0,0.0,0.0,0.0,,,,0.0,0.0,0.0,0.0,gap_too_large,0.0,gap_too_large,0.0,gap_too_large,0.0,gap_too_large,0.0,gap_too_large,0.0,gap_too_large,0.0,gap_too_large,0.0,gap_too_large,0.0,gap_too_large,0.0,gap_too_large,0.0,gap_too_large,0.0,gap_too_large,0.0,gap_too_large
3505530.0,,2025-01-11 11:40:00,WITEL_AHU_L8,0.0,0.0,0.0,0.0,0.0,0.0,0.0,0.0,0.0,,,,0.0,0.0,0.0,0.0,gap_too_large,0.0,gap_too_large,0.0,gap_too_large,0.0,gap_too_large,0.0,gap_too_large,0.0,gap_too_large,0.0,gap_too_large,0.0,gap_too_large,0.0,gap_too_large,0.0,gap_too_large,0.0,gap_too_large,0.0,gap_too_large,0.0,gap_too_large
3505530.0,,2025-01-11 12:00:00,WITEL_AHU_L8,0.0,0.0,0.0,0.0,0.0,0.0,0.0,0.0,0.0,,,,0.0,0.0,0.0,0.0,gap_too_large,0.0,gap_too_large,0.0,gap_too_large,0.0,gap_too_large,0.0,gap_too_large,0.0,gap_too_large,0.0,gap_too_large,0.0,gap_too_large,0.0,gap_too_large,0.0,gap_too_large,0.0,gap_too_large,0.0,gap_too_large,0.0,gap_too_large
3505530.0,,2025-01-11 12:20:00,WITEL_AHU_L8,0.0,0.0,0.0,0.0,0.0,0.0,0.0,0.0,0.0,,,,0.0,0.0,0.0,0.0,gap_too_large,0.0,gap_too_large,0.0,gap_too_large,0.0,gap_too_large,0.0,gap_too_large,0.0,gap_too_large,0.0,gap_too_large,0.0,gap_too_large,0.0,gap_too_large,0.0,gap_too_large,0.0,gap_too_large,0.0,gap_too_large,0.0,gap_too_large
3505530.0,,2025-01-11 12:40:00,WITEL_AHU_L8,0.0,0.0,0.0,0.0,0.0,0.0,0.0,0.0,0.0,,,,0.0,0.0,0.0,0.0,gap_too_large,0.0,gap_too_large,0.0,gap_too_large,0.0,gap_too_large,0.0,gap_too_large,0.0,gap_too_large,0.0,gap_too_large,0.0,gap_too_large,0.0,gap_too_large,0.0,gap_too_large,0.0,gap_too_large,0.0,gap_too_large,0.0,gap_too_large
3505530.0,,2025-01-11 13:00:00,WITEL_AHU_L8,0.0,0.0,0.0,0.0,0.0,0.0,0.0,0.0,0.0,,,,0.0,0.0,0.0,0.0,gap_too_large,0.0,gap_too_large,0.0,gap_too_large,0.0,gap_too_large,0.0,gap_too_large,0.0,gap_too_large,0.0,gap_too_large,0.0,gap_too_large,0.0,gap_too_large,0.0,gap_too_large,0.0,gap_too_large,0.0,gap_too_large,0.0,gap_too_large
3505530.0,,2025-01-11 13:20:00,WITEL_AHU_L8,0.0,0.0,0.0,0.0,0.0,0.0,0.0,0.0,0.0,,,,0.0,0.0,0.0,0.0,gap_too_large,0.0,gap_too_large,0.0,gap_too_large,0.0,gap_too_large,0.0,gap_too_large,0.0,gap_too_large,0.0,gap_too_large,0.0,gap_too_large,0.0,gap_too_large,0.0,gap_too_large,0.0,gap_too_large,0.0,gap_too_large,0.0,gap_too_large
3505530.0,,2025-01-11 13:40:00,WITEL_AHU_L8,0.0,0.0,0.0,0.0,0.0,0.0,0.0,0.0,0.0,,,,0.0,0.0,0.0,0.0,gap_too_large,0.0,gap_too_large,0.0,gap_too_large,0.0,gap_too_large,0.0,gap_too_large,0.0,gap_too_large,0.0,gap_too_large,0.0,gap_too_large,0.0,gap_too_large,0.0,gap_too_large,0.0,gap_too_large,0.0,gap_too_large,0.0,gap_too_large
3505530.0,,2025-01-11 14:00:00,WITEL_AHU_L8,0.0,0.0,0.0,0.0,0.0,0.0,0.0,0.0,0.0,,,,0.0,0.0,0.0,0.0,gap_too_large,0.0,gap_too_large,0.0,gap_too_large,0.0,gap_too_large,0.0,gap_too_large,0.0,gap_too_large,0.0,gap_too_large,0.0,gap_too_large,0.0,gap_too_large,0.0,gap_too_large,0.0,gap_too_large,0.0,gap_too_large,0.0,gap_too_large
3505530.0,,2025-01-11 14:20:00,WITEL_AHU_L8,0.0,0.0,0.0,0.0,0.0,0.0,0.0,0.0,0.0,,,,0.0,0.0,0.0,0.0,gap_too_large,0.0,gap_too_large,0.0,gap_too_large,0.0,gap_too_large,0.0,gap_too_large,0.0,gap_too_large,0.0,gap_too_large,0.0,gap_too_large,0.0,gap_too_large,0.0,gap_too_large,0.0,gap_too_large,0.0,gap_too_large,0.0,gap_too_large
3505530.0,,2025-01-11 14:40:00,WITEL_AHU_L8,0.0,0.0,0.0,0.0,0.0,0.0,0.0,0.0,0.0,,,,0.0,0.0,0.0,0.0,gap_too_large,0.0,gap_too_large,0.0,gap_too_large,0.0,gap_too_large,0.0,gap_too_large,0.0,gap_too_large,0.0,gap_too_large,0.0,gap_too_large,0.0,gap_too_large,0.0,gap_too_large,0.0,gap_too_large,0.0,gap_too_large,0.0,gap_too_large
3505530.0,,2025-01-11 15:00:00,WITEL_AHU_L8,0.0,0.0,0.0,0.0,0.0,0.0,0.0,0.0,0.0,,,,0.0,0.0,0.0,0.0,gap_too_large,0.0,gap_too_large,0.0,gap_too_large,0.0,gap_too_large,0.0,gap_too_large,0.0,gap_too_large,0.0,gap_too_large,0.0,gap_too_large,0.0,gap_too_large,0.0,gap_too_large,0.0,gap_too_large,0.0,gap_too_large,0.0,gap_too_large
3505530.0,,2025-01-11 15:20:00,WITEL_AHU_L8,0.0,0.0,0.0,0.0,0.0,0.0,0.0,0.0,0.0,,,,0.0,0.0,0.0,0.0,gap_too_large,0.0,gap_too_large,0.0,gap_too_large,0.0,gap_too_large,0.0,gap_too_large,0.0,gap_too_large,0.0,gap_too_large,0.0,gap_too_large,0.0,gap_too_large,0.0,gap_too_large,0.0,gap_too_large,0.0,gap_too_large,0.0,gap_too_large
3505530.0,,2025-01-11 15:40:00,WITEL_AHU_L8,0.0,0.0,0.0,0.0,0.0,0.0,0.0,0.0,0.0,,,,0.0,0.0,0.0,0.0,gap_too_large,0.0,gap_too_large,0.0,gap_too_large,0.0,gap_too_large,0.0,gap_too_large,0.0,gap_too_large,0.0,gap_too_large,0.0,gap_too_large,0.0,gap_too_large,0.0,gap_too_large,0.0,gap_too_large,0.0,gap_too_large,0.0,gap_too_large
3505530.0,,2025-01-11 16:00:00,WITEL_AHU_L8,0.0,0.0,0.0,0.0,0.0,0.0,0.0,0.0,0.0,,,,0.0,0.0,0.0,0.0,gap_too_large,0.0,gap_too_large,0.0,gap_too_large,0.0,gap_too_large,0.0,gap_too_large,0.0,gap_too_large,0.0,gap_too_large,0.0,gap_too_large,0.0,gap_too_large,0.0,gap_too_large,0.0,gap_too_large,0.0,gap_too_large,0.0,gap_too_large
3505530.0,,2025-01-11 16:20:00,WITEL_AHU_L8,0.0,0.0,0.0,0.0,0.0,0.0,0.0,0.0,0.0,,,,0.0,0.0,0.0,0.0,gap_too_large,0.0,gap_too_large,0.0,gap_too_large,0.0,gap_too_large,0.0,gap_too_large,0.0,gap_too_large,0.0,gap_too_large,0.0,gap_too_large,0.0,gap_too_large,0.0,gap_too_large,0.0,gap_too_large,0.0,gap_too_large,0.0,gap_too_large
3519687.0,37.0,2025-01-11 16:40:00,WITEL_AHU_L8,33118500.0,228.0,227.0,229.0,0.0,0.0,0.0,50.0,1.0,2025-01-11 16:49:19.000,2025-01-11 16:49:19.000,2025-01-11 16:49:19.000,45511529.0,25627.0,57464360.0,228.0,original,227.0,original,229.0,original,0.0,gap_too_large,0.0,gap_too_large,0.0,gap_too_large,50.0,original,1.0,original,45511529.0,original,25627.0,original,57464360.0,original,33118500.0,original,-120.0,original
3520025.0,37.0,2025-01-11 17:00:00,WITEL_AHU_L8,33118500.0,228.0,228.0,230.0,0.0,0.0,0.0,50.03,1.0,2025-01-11 16:59:17.000,2025-01-11 16:59:17.000,2025-01-11 16:59:17.000,45511529.0,25627.0,57464360.0,228.0,original,228.0,original,230.0,original,0.0,gap_too_large,0.0,gap_too_large,0.0,gap_too_large,50.03,original,1.0,original,45511529.0,original,25627.0,original,57464360.0,original,33118500.0,original,-117.0,original
3520623.0,37.0,2025-01-11 17:20:00,WITEL_AHU_L8,33118500.0,229.0,228.0,230.0,0.0,0.0,0.0,50.05,1.0,2025-01-11 17:19:09.000,2025-01-11 17:19:09.000,2025-01-11 17:19:09.000,45511529.0,25627.0,57464360.0,229.0,original,228.0,original,230.0,original,0.0,gap_too_large,0.0,gap_too_large,0.0,gap_too_large,50.05,original,1.0,original,45511529.0,original,25627.0,original,57464360.0,original,33118500.0,original,-119.0,original
3521364.0,37.0,2025-01-11 17:40:00,WITEL_AHU_L8,33118500.0,229.0,228.0,230.0,0.0,0.0,0.0,50.05,1.0,2025-01-11 17:39:18.000,2025-01-11 17:39:18.000,2025-01-11 17:39:18.000,45511529.0,25627.0,57464360.0,229.0,original,228.0,original,230.0,original,0.0,gap_too_large,0.0,gap_too_large,0.0,gap_too_large,50.05,original,1.0,original,45511529.0,original,25627.0,original,57464360.0,original,33118500.0,original,-102.0,original
3522183.0,37.0,2025-01-11 18:00:00,WITEL_AHU_L8,33118500.0,229.0,229.0,231.0,0.0,0.0,0.0,49.97,1.0,2025-01-11 18:09:17.000,2025-01-11 18:09:17.000,2025-01-11 18:09:17.000,45511529.0,25627.0,57464360.0,229.0,original,229.0,original,231.0,original,0.0,gap_too_large,0.0,gap_too_large,0.0,gap_too_large,49.97,original,1.0,original,45511529.0,original,25627.0,original,57464360.0,original,33118500.0,original,-107.0,original
3522430.0,37.0,2025-01-11 18:20:00,WITEL_AHU_L8,33118500.0,230.0,229.0,231.0,0.0,0.0,0.0,49.98,1.0,2025-01-11 18:19:03.000,2025-01-11 18:19:03.000,2025-01-11 18:19:03.000,45511529.0,25627.0,57464360.0,230.0,original,229.0,original,231.0,original,0.0,gap_too_large,0.0,gap_too_large,0.0,gap_too_large,49.98,original,1.0,original,45511529.0,original,25627.0,original,57464360.0,original,33118500.0,original,-102.0,original
3523522.0,37.0,2025-01-11 18:40:00,WITEL_AHU_L8,33118500.0,230.0,229.0,231.0,0.0,0.0,0.0,50.01,1.0,2025-01-11 18:49:20.000,2025-01-11 18:49:20.000,2025-01-11 18:49:20.000,45511529.0,25627.0,57464360.0,230.0,original,229.0,original,231.0,original,0.0,gap_too_large,0.0,gap_too_large,0.0,gap_too_large,50.01,original,1.0,original,45511529.0,original,25627.0,original,57464360.0,original,33118500.0,original,-100.0,original
3523860.0,37.0,2025-01-11 19:00:00,WITEL_AHU_L8,33118500.0,230.0,230.0,232.0,0.0,0.0,0.0,50.03,1.0,2025-01-11 18:59:23.000,2025-01-11 18:59:23.000,2025-01-11 18:59:23.000,45511529.0,25627.0,57464360.0,230.0,original,230.0,original,232.0,original,0.0,gap_too_large,0.0,gap_too_large,0.0,gap_too_large,50.03,original,1.0,original,45511529.0,original,25627.0,original,57464360.0,original,33118500.0,original,-99.0,original
3524588.0,37.0,2025-01-11 19:20:00,WITEL_AHU_L8,33118500.0,230.0,230.0,232.0,0.0,0.0,0.0,50.0,1.0,2025-01-11 19:29:03.000,2025-01-11 19:29:03.000,2025-01-11 19:29:03.000,45511529.0,25627.0,57464360.0,230.0,original,230.0,original,232.0,original,0.0,gap_too_large,0.0,gap_too_large,0.0,gap_too_large,50.0,original,1.0,original,45511529.0,original,25627.0,original,57464360.0,original,33118500.0,original,-117.0,original
3525004.0,37.0,2025-01-11 19:40:00,WITEL_AHU_L8,33118500.0,231.0,230.0,232.0,0.0,0.0,0.0,50.04,1.0,2025-01-11 19:39:12.000,2025-01-11 19:39:12.000,2025-01-11 19:39:12.000,45511529.0,25627.0,57464360.0,231.0,original,230.0,original,232.0,original,0.0,gap_too_large,0.0,gap_too_large,0.0,gap_too_large,50.04,original,1.0,original,45511529.0,original,25627.0,original,57464360.0,original,33118500.0,original,-101.0,original
3525654.0,37.0,2025-01-11 20:00:00,WITEL_AHU_L8,33118500.0,231.0,230.0,232.0,0.0,0.0,0.0,50.01,1.0,2025-01-11 19:59:20.000,2025-01-11 19:59:20.000,2025-01-11 19:59:20.000,45511529.0,25627.0,57464360.0,231.0,original,230.0,original,232.0,original,0.0,gap_too_large,0.0,gap_too_large,0.0,gap_too_large,50.01,original,1.0,original,45511529.0,original,25627.0,original,57464360.0,original,33118500.0,original,-112.0,original
3526226.0,37.0,2025-01-11 20:20:00,WITEL_AHU_L8,33118500.0,231.0,230.0,232.0,0.0,0.0,0.0,49.96,1.0,2025-01-11 20:19:13.000,2025-01-11 20:19:13.000,2025-01-11 20:19:13.000,45511529.0,25627.0,57464360.0,231.0,original,230.0,original,232.0,original,0.0,gap_too_large,0.0,gap_too_large,0.0,gap_too_large,49.96,original,1.0,original,45511529.0,original,25627.0,original,57464360.0,original,33118500.0,original,-101.0,original
3526226.0,,2025-01-11 20:40:00,WITEL_AHU_L8,33118500.0,229.5,228.5,230.5,0.0,0.0,0.0,50.010000000000005,1.0,,,,45511529.0,25627.0,57464360.0,229.5,interpolated,228.5,interpolated,230.5,interpolated,0.0,gap_too_large,0.0,gap_too_large,0.0,gap_too_large,50.010000000000005,interpolated,1.0,interpolated,45511529.0,interpolated,25627.0,interpolated,57464360.0,interpolated,33118500.0,interpolated,-110.0,interpolated
3527357.0,37.0,2025-01-11 21:00:00,WITEL_AHU_L8,33118500.0,228.0,227.0,229.0,0.0,0.0,0.0,50.06,1.0,2025-01-11 20:59:04.000,2025-01-11 20:59:04.000,2025-01-11 20:59:04.000,45511529.0,25627.0,57464360.0,228.0,original,227.0,original,229.0,original,0.0,gap_too_large,0.0,gap_too_large,0.0,gap_too_large,50.06,original,1.0,original,45511529.0,original,25627.0,original,57464360.0,original,33118500.0,original,-119.0,original
3528007.0,37.0,2025-01-11 21:20:00,WITEL_AHU_L8,33118500.0,228.0,228.0,230.0,0.0,0.0,0.0,50.0,1.0,2025-01-11 21:19:14.000,2025-01-11 21:19:14.000,2025-01-11 21:19:14.000,45511529.0,25627.0,57464360.0,228.0,original,228.0,original,230.0,original,0.0,gap_too_large,0.0,gap_too_large,0.0,gap_too_large,50.0,original,1.0,original,45511529.0,original,25627.0,original,57464360.0,original,33118500.0,original,-118.0,original
3528683.0,37.0,2025-01-11 21:40:00,WITEL_AHU_L8,33118500.0,229.0,229.0,231.0,0.0,0.0,0.0,50.01,1.0,2025-01-11 21:39:19.000,2025-01-11 21:39:19.000,2025-01-11 21:39:19.000,45511529.0,25627.0,57464360.0,229.0,original,229.0,original,231.0,original,0.0,gap_too_large,0.0,gap_too_large,0.0,gap_too_large,50.01,original,1.0,original,45511529.0,original,25627.0,original,57464360.0,original,33118500.0,original,-102.0,original
3529619.0,37.0,2025-01-11 22:00:00,WITEL_AHU_L8,33118500.0,230.0,230.0,232.0,0.0,0.0,0.0,50.0,1.0,2025-01-11 22:09:16.000,2025-01-11 22:09:16.000,2025-01-11 22:09:16.000,45511529.0,25627.0,57464360.0,230.0,original,230.0,original,232.0,original,0.0,gap_too_large,0.0,gap_too_large,0.0,gap_too_large,50.0,original,1.0,original,45511529.0,original,25627.0,original,57464360.0,original,33118500.0,original,-108.0,original
3529918.0,37.0,2025-01-11 22:20:00,WITEL_AHU_L8,33118500.0,230.0,230.0,232.0,0.0,0.0,0.0,50.02,1.0,2025-01-11 22:19:16.000,2025-01-11 22:19:16.000,2025-01-11 22:19:16.000,45511529.0,25627.0,57464360.0,230.0,original,230.0,original,232.0,original,0.0,gap_too_large,0.0,gap_too_large,0.0,gap_too_large,50.02,original,1.0,original,45511529.0,original,25627.0,original,57464360.0,original,33118500.0,original,-118.0,original
3530867.0,37.0,2025-01-11 22:40:00,WITEL_AHU_L8,33118500.0,228.0,227.0,229.0,0.0,0.0,0.0,50.04,1.0,2025-01-11 22:49:22.000,2025-01-11 22:49:22.000,2025-01-11 22:49:22.000,45511529.0,25627.0,57464360.0,228.0,original,227.0,original,229.0,original,0.0,gap_too_large,0.0,gap_too_large,0.0,gap_too_large,50.04,original,1.0,original,45511529.0,original,25627.0,original,57464360.0,original,33118500.0,original,-101.0,original
3531075.0,37.0,2025-01-11 23:00:00,WITEL_AHU_L8,33118500.0,228.0,228.0,230.0,0.0,0.0,0.0,50.03,1.0,2025-01-11 22:59:04.000,2025-01-11 22:59:04.000,2025-01-11 22:59:04.000,45511529.0,25627.0,57464360.0,228.0,original,228.0,original,230.0,original,0.0,gap_too_large,0.0,gap_too_large,0.0,gap_too_large,50.03,original,1.0,original,45511529.0,original,25627.0,original,57464360.0,original,33118500.0,original,-119.0,original
3532063.0,37.0,2025-01-11 23:20:00,WITEL_AHU_L8,33118500.0,228.0,228.0,230.0,0.0,0.0,0.0,49.97,1.0,2025-01-11 23:29:18.000,2025-01-11 23:29:18.000,2025-01-11 23:29:18.000,45511529.0,25627.0,57464360.0,228.0,original,228.0,original,230.0,original,0.0,gap_too_large,0.0,gap_too_large,0.0,gap_too_large,49.97,original,1.0,original,45511529.0,original,25627.0,original,57464360.0,original,33118500.0,original,-117.0,original
3532284.0,37.0,2025-01-11 23:40:00,WITEL_AHU_L8,33118500.0,228.0,228.0,230.0,0.0,0.0,0.0,49.98,1.0,2025-01-11 23:39:07.000,2025-01-11 23:39:07.000,2025-01-11 23:39:07.000,45511529.0,25627.0,57464360.0,228.0,original,228.0,original,230.0,original,0.0,gap_too_large,0.0,gap_too_large,0.0,gap_too_large,49.98,original,1.0,original,45511529.0,original,25627.0,original,57464360.0,original,33118500.0,original,-87.0,original
3533207.0,37.0,2025-01-12 00:00:00,WITEL_AHU_L8,33118500.0,227.0,227.0,228.0,0.0,0.0,0.0,49.97,1.0,2025-01-12 00:09:22.000,2025-01-12 00:09:22.000,2025-01-12 00:09:22.000,45511529.0,25627.0,57464360.0,227.0,original,227.0,original,228.0,original,0.0,gap_too_large,0.0,gap_too_large,0.0,gap_too_large,49.97,original,1.0,original,45511529.0,original,25627.0,original,57464360.0,original,33118500.0,original,-118.0,original
3533441.0,37.0,2025-01-12 00:20:00,WITEL_AHU_L8,33118500.0,227.0,227.0,228.0,0.0,0.0,0.0,50.02,1.0,2025-01-12 00:19:09.000,2025-01-12 00:19:09.000,2025-01-12 00:19:09.000,45511529.0,25627.0,57464360.0,227.0,original,227.0,original,228.0,original,0.0,gap_too_large,0.0,gap_too_large,0.0,gap_too_large,50.02,original,1.0,original,45511529.0,original,25627.0,original,57464360.0,original,33118500.0,original,-100.0,original
3534078.0,37.0,2025-01-12 00:40:00,WITEL_AHU_L8,33118500.0,226.0,226.0,228.0,0.0,0.0,0.0,50.04,1.0,2025-01-12 00:39:12.000,2025-01-12 00:39:12.000,2025-01-12 00:39:12.000,45511529.0,25627.0,57464360.0,226.0,original,226.0,original,228.0,original,0.0,gap_too_large,0.0,gap_too_large,0.0,gap_too_large,50.04,original,1.0,original,45511529.0,original,25627.0,original,57464360.0,original,33118500.0,original,-119.0,original
3535053.0,37.0,2025-01-12 01:00:00,WITEL_AHU_L8,33118500.0,227.0,227.0,229.0,0.0,0.0,0.0,50.03,1.0,2025-01-12 01:09:10.000,2025-01-12 01:09:10.000,2025-01-12 01:09:10.000,45511529.0,25627.0,57464360.0,227.0,original,227.0,original,229.0,original,0.0,gap_too_large,0.0,gap_too_large,0.0,gap_too_large,50.03,original,1.0,original,45511529.0,original,25627.0,original,57464360.0,original,33118500.0,original,-116.0,original
3535365.0,37.0,2025-01-12 01:20:00,WITEL_AHU_L8,33118500.0,227.0,227.0,229.0,0.0,0.0,0.0,49.99,1.0,2025-01-12 01:19:12.000,2025-01-12 01:19:12.000,2025-01-12 01:19:12.000,45511529.0,25627.0,57464360.0,227.0,original,227.0,original,229.0,original,0.0,gap_too_large,0.0,gap_too_large,0.0,gap_too_large,49.99,original,1.0,original,45511529.0,original,25627.0,original,57464360.0,original,33118500.0,original,-100.0,original
3535976.0,37.0,2025-01-12 01:40:00,WITEL_AHU_L8,33118500.0,227.0,227.0,229.0,0.0,0.0,0.0,49.95,1.0,2025-01-12 01:39:16.000,2025-01-12 01:39:16.000,2025-01-12 01:39:16.000,45511529.0,25627.0,57464360.0,227.0,original,227.0,original,229.0,original,0.0,gap_too_large,0.0,gap_too_large,0.0,gap_too_large,49.95,original,1.0,original,45511529.0,original,25627.0,original,57464360.0,original,33118500.0,original,-117.0,original
3536470.0,37.0,2025-01-12 02:00:00,WITEL_AHU_L8,33118500.0,227.0,227.0,229.0,0.0,0.0,0.0,49.96,1.0,2025-01-12 01:59:07.000,2025-01-12 01:59:07.000,2025-01-12 01:59:07.000,45511529.0,25627.0,57464360.0,227.0,original,227.0,original,229.0,original,0.0,gap_too_large,0.0,gap_too_large,0.0,gap_too_large,49.96,original,1.0,original,45511529.0,original,25627.0,original,57464360.0,original,33118500.0,original,-119.0,original
3537120.0,37.0,2025-01-12 02:20:00,WITEL_AHU_L8,33118500.0,227.0,227.0,229.0,0.0,0.0,0.0,49.97,1.0,2025-01-12 02:19:15.000,2025-01-12 02:19:15.000,2025-01-12 02:19:15.000,45511529.0,25627.0,57464360.0,227.0,original,227.0,original,229.0,original,0.0,gap_too_large,0.0,gap_too_large,0.0,gap_too_large,49.97,original,1.0,original,45511529.0,original,25627.0,original,57464360.0,original,33118500.0,original,-108.0,original
3537744.0,37.0,2025-01-12 02:40:00,WITEL_AHU_L8,33118500.0,228.0,228.0,230.0,0.0,0.0,0.0,50.05,1.0,2025-01-12 02:39:21.000,2025-01-12 02:39:21.000,2025-01-12 02:39:21.000,45511529.0,25627.0,57464360.0,228.0,original,228.0,original,230.0,original,0.0,gap_too_large,0.0,gap_too_large,0.0,gap_too_large,50.05,original,1.0,original,45511529.0,original,25627.0,original,57464360.0,original,33118500.0,original,-102.0,original
3538303.0,37.0,2025-01-12 03:00:00,WITEL_AHU_L8,33118500.0,228.0,228.0,230.0,0.0,0.0,0.0,50.05,1.0,2025-01-12 02:59:20.000,2025-01-12 02:59:20.000,2025-01-12 02:59:20.000,45511529.0,25627.0,57464360.0,228.0,original,228.0,original,230.0,original,0.0,gap_too_large,0.0,gap_too_large,0.0,gap_too_large,50.05,original,1.0,original,45511529.0,original,25627.0,original,57464360.0,original,33118500.0,original,-118.0,original
3538745.0,37.0,2025-01-12 03:20:00,WITEL_AHU_L8,33118500.0,228.0,228.0,230.0,0.0,0.0,0.0,50.06,1.0,2025-01-12 03:19:03.000,2025-01-12 03:19:03.000,2025-01-12 03:19:03.000,45511529.0,25627.0,57464360.0,228.0,original,228.0,original,230.0,original,0.0,gap_too_large,0.0,gap_too_large,0.0,gap_too_large,50.06,original,1.0,original,45511529.0,original,25627.0,original,57464360.0,original,33118500.0,original,-117.0,original
3539720.0,37.0,2025-01-12 03:40:00,WITEL_AHU_L8,33118500.0,229.0,229.0,230.0,0.0,0.0,0.0,50.0,1.0,2025-01-12 03:49:22.000,2025-01-12 03:49:22.000,2025-01-12 03:49:22.000,45511529.0,25627.0,57464360.0,229.0,original,229.0,original,230.0,original,0.0,gap_too_large,0.0,gap_too_large,0.0,gap_too_large,50.0,original,1.0,original,45511529.0,original,25627.0,original,57464360.0,original,33118500.0,original,-117.0,original
3539954.0,37.0,2025-01-12 04:00:00,WITEL_AHU_L8,33118500.0,229.0,229.0,230.0,0.0,0.0,0.0,50.04,1.0,2025-01-12 03:59:19.000,2025-01-12 03:59:19.000,2025-01-12 03:59:19.000,45511529.0,25627.0,57464360.0,229.0,original,229.0,original,230.0,original,0.0,gap_too_large,0.0,gap_too_large,0.0,gap_too_large,50.04,original,1.0,original,45511529.0,original,25627.0,original,57464360.0,original,33118500.0,original,-100.0,original
3540461.0,37.0,2025-01-12 04:20:00,WITEL_AHU_L8,33118500.0,228.0,228.0,230.0,0.0,0.0,0.0,49.96,1.0,2025-01-12 04:19:12.000,2025-01-12 04:19:12.000,2025-01-12 04:19:12.000,45511529.0,25627.0,57464360.0,228.0,original,228.0,original,230.0,original,0.0,gap_too_large,0.0,gap_too_large,0.0,gap_too_large,49.96,original,1.0,original,45511529.0,original,25627.0,original,57464360.0,original,33118500.0,original,-119.0,original
3541163.0,37.0,2025-01-12 04:40:00,WITEL_AHU_L8,33118500.0,228.0,228.0,230.0,0.0,0.0,0.0,49.97,1.0,2025-01-12 04:39:21.000,2025-01-12 04:39:21.000,2025-01-12 04:39:21.000,45511529.0,25627.0,57464360.0,228.0,original,228.0,original,230.0,original,0.0,gap_too_large,0.0,gap_too_large,0.0,gap_too_large,49.97,original,1.0,original,45511529.0,original,25627.0,original,57464360.0,original,33118500.0,original,-117.0,original
3541644.0,37.0,2025-01-12 05:00:00,WITEL_AHU_L8,33118500.0,228.0,228.0,230.0,0.0,0.0,0.0,50.05,1.0,2025-01-12 04:59:05.000,2025-01-12 04:59:05.000,2025-01-12 04:59:05.000,45511529.0,25627.0,57464360.0,228.0,original,228.0,original,230.0,original,0.0,gap_too_large,0.0,gap_too_large,0.0,gap_too_large,50.05,original,1.0,original,45511529.0,original,25627.0,original,57464360.0,original,33118500.0,original,-117.0,original
3542242.0,37.0,2025-01-12 05:20:00,WITEL_AHU_L8,33118500.0,228.0,228.0,230.0,0.0,0.0,0.0,50.04,1.0,2025-01-12 05:19:14.000,2025-01-12 05:19:14.000,2025-01-12 05:19:14.000,45511529.0,25627.0,57464360.0,228.0,original,228.0,original,230.0,original,0.0,gap_too_large,0.0,gap_too_large,0.0,gap_too_large,50.04,original,1.0,original,45511529.0,original,25627.0,original,57464360.0,original,33118500.0,original,-102.0,original
3543269.0,37.0,2025-01-12 05:40:00,WITEL_AHU_L8,33118500.0,228.0,228.0,229.0,0.0,0.0,0.0,50.03,1.0,2025-01-12 05:49:23.000,2025-01-12 05:49:23.000,2025-01-12 05:49:23.000,45511529.0,25627.0,57464360.0,228.0,original,228.0,original,229.0,original,0.0,gap_too_large,0.0,gap_too_large,0.0,gap_too_large,50.03,original,1.0,original,45511529.0,original,25627.0,original,57464360.0,original,33118500.0,original,-117.0,original
3543425.0,37.0,2025-01-12 06:00:00,WITEL_AHU_L8,33118500.0,228.0,228.0,230.0,0.0,0.0,0.0,50.06,1.0,2025-01-12 05:59:05.000,2025-01-12 05:59:05.000,2025-01-12 05:59:05.000,45511529.0,25627.0,57464360.0,228.0,original,228.0,original,230.0,original,0.0,gap_too_large,0.0,gap_too_large,0.0,gap_too_large,50.06,original,1.0,original,45511529.0,original,25627.0,original,57464360.0,original,33118500.0,original,-120.0,original
3544270.0,37.0,2025-01-12 06:20:00,WITEL_AHU_L8,33118500.0,228.0,228.0,229.0,0.0,0.0,0.0,50.07,1.0,2025-01-12 06:29:04.000,2025-01-12 06:29:04.000,2025-01-12 06:29:04.000,45511529.0,25627.0,57464360.0,228.0,original,228.0,original,229.0,original,0.0,gap_too_large,0.0,gap_too_large,0.0,gap_too_large,50.07,original,1.0,original,45511529.0,original,25627.0,original,57464360.0,original,33118500.0,original,-117.0,original
3544582.0,37.0,2025-01-12 06:40:00,WITEL_AHU_L8,33118500.0,228.0,228.0,230.0,0.0,0.0,0.0,50.07,1.0,2025-01-12 06:39:16.000,2025-01-12 06:39:16.000,2025-01-12 06:39:16.000,45511529.0,25627.0,57464360.0,228.0,original,228.0,original,230.0,original,0.0,gap_too_large,0.0,gap_too_large,0.0,gap_too_large,50.07,original,1.0,original,45511529.0,original,25627.0,original,57464360.0,original,33118500.0,original,-101.0,original
3545180.0,37.0,2025-01-12 07:00:00,WITEL_AHU_L8,33118500.0,227.0,227.0,229.0,0.0,0.0,0.0,49.98,1.0,2025-01-12 06:59:14.000,2025-01-12 06:59:14.000,2025-01-12 06:59:14.000,45511529.0,25627.0,57464360.0,227.0,original,227.0,original,229.0,original,0.0,gap_too_large,0.0,gap_too_large,0.0,gap_too_large,49.98,original,1.0,original,45511529.0,original,25627.0,original,57464360.0,original,33118500.0,original,-120.0,original
3545752.0,37.0,2025-01-12 07:20:00,WITEL_AHU_L8,33118500.0,227.0,227.0,229.0,0.0,0.0,0.0,50.05,1.0,2025-01-12 07:19:14.000,2025-01-12 07:19:14.000,2025-01-12 07:19:14.000,45511529.0,25627.0,57464360.0,227.0,original,227.0,original,229.0,original,0.0,gap_too_large,0.0,gap_too_large,0.0,gap_too_large,50.05,original,1.0,original,45511529.0,original,25627.0,original,57464360.0,original,33118500.0,original,-100.0,original
3546545.0,37.0,2025-01-12 07:40:00,WITEL_AHU_L8,33118500.0,227.0,226.0,228.0,0.0,0.0,0.0,50.06,1.0,2025-01-12 07:49:06.000,2025-01-12 07:49:06.000,2025-01-12 07:49:06.000,45511529.0,25627.0,57464360.0,227.0,original,226.0,original,228.0,original,0.0,gap_too_large,0.0,gap_too_large,0.0,gap_too_large,50.06,original,1.0,original,45511529.0,original,25627.0,original,57464360.0,original,33118500.0,original,-119.0,original
3546831.0,37.0,2025-01-12 08:00:00,WITEL_AHU_L8,33118500.0,226.0,226.0,228.0,0.0,0.0,0.0,50.0,1.0,2025-01-12 07:59:03.000,2025-01-12 07:59:03.000,2025-01-12 07:59:03.000,45511529.0,25627.0,57464360.0,226.0,original,226.0,original,228.0,original,0.0,gap_too_large,0.0,gap_too_large,0.0,gap_too_large,50.0,original,1.0,original,45511529.0,original,25627.0,original,57464360.0,original,33118500.0,original,-115.0,original
3547780.0,37.0,2025-01-12 08:20:00,WITEL_AHU_L8,33118500.0,226.0,225.0,227.0,0.0,0.0,0.0,49.97,1.0,2025-01-12 08:29:14.000,2025-01-12 08:29:14.000,2025-01-12 08:29:14.000,45511529.0,25627.0,57464360.0,226.0,original,225.0,original,227.0,original,0.0,gap_too_large,0.0,gap_too_large,0.0,gap_too_large,49.97,original,1.0,original,45511529.0,original,25627.0,original,57464360.0,original,33118500.0,original,-117.0,original
3548066.0,37.0,2025-01-12 08:40:00,WITEL_AHU_L8,33118500.0,225.0,225.0,227.0,0.0,0.0,0.0,50.01,1.0,2025-01-12 08:39:10.000,2025-01-12 08:39:10.000,2025-01-12 08:39:10.000,45511529.0,25627.0,57464360.0,225.0,original,225.0,original,227.0,original,0.0,gap_too_large,0.0,gap_too_large,0.0,gap_too_large,50.01,original,1.0,original,45511529.0,original,25627.0,original,57464360.0,original,33118500.0,original,-119.0,original
3548911.0,37.0,2025-01-12 09:00:00,WITEL_AHU_L8,33118500.0,225.0,225.0,227.0,0.0,0.0,0.0,49.98,1.0,2025-01-12 08:59:22.000,2025-01-12 08:59:22.000,2025-01-12 08:59:22.000,45511529.0,25627.0,57464360.0,225.0,original,225.0,original,227.0,original,0.0,gap_too_large,0.0,gap_too_large,0.0,gap_too_large,49.98,original,1.0,original,45511529.0,original,25627.0,original,57464360.0,original,33118500.0,original,-99.0,original
3549496.0,37.0,2025-01-12 09:20:00,WITEL_AHU_L8,33118500.0,224.0,224.0,226.0,0.0,0.0,0.0,49.99,1.0,2025-01-12 09:19:20.000,2025-01-12 09:19:20.000,2025-01-12 09:19:20.000,45511529.0,25627.0,57464360.0,224.0,original,224.0,original,226.0,original,0.0,gap_too_large,0.0,gap_too_large,0.0,gap_too_large,49.99,original,1.0,original,45511529.0,original,25627.0,original,57464360.0,original,33118500.0,original,-121.0,original
3549938.0,37.0,2025-01-12 09:40:00,WITEL_AHU_L8,33118500.0,224.0,224.0,226.0,0.0,0.0,0.0,49.98,1.0,2025-01-12 09:39:04.000,2025-01-12 09:39:04.000,2025-01-12 09:39:04.000,45511529.0,25627.0,57464360.0,224.0,original,224.0,original,226.0,original,0.0,gap_too_large,0.0,gap_too_large,0.0,gap_too_large,49.98,original,1.0,original,45511529.0,original,25627.0,original,57464360.0,original,33118500.0,original,-100.0,original
3550666.0,37.0,2025-01-12 10:00:00,WITEL_AHU_L8,33118500.0,224.0,223.0,225.0,0.0,0.0,0.0,50.0,1.0,2025-01-12 09:59:16.000,2025-01-12 09:59:16.000,2025-01-12 09:59:16.000,45511529.0,25627.0,57464360.0,224.0,original,223.0,original,225.0,original,0.0,gap_too_large,0.0,gap_too_large,0.0,gap_too_large,50.0,original,1.0,original,45511529.0,original,25627.0,original,57464360.0,original,33118500.0,original,-109.0,original
3551446.0,37.0,2025-01-12 10:20:00,WITEL_AHU_L8,33118500.0,223.0,223.0,225.0,0.0,0.0,0.0,49.97,1.0,2025-01-12 10:29:15.000,2025-01-12 10:29:15.000,2025-01-12 10:29:15.000,45511529.0,25627.0,57464360.0,223.0,original,223.0,original,225.0,original,0.0,gap_too_large,0.0,gap_too_large,0.0,gap_too_large,49.97,original,1.0,original,45511529.0,original,25627.0,original,57464360.0,original,33118500.0,original,-100.0,original
3551641.0,37.0,2025-01-12 10:40:00,WITEL_AHU_L8,33118500.0,223.0,223.0,224.0,0.0,0.0,0.0,49.99,1.0,2025-01-12 10:39:04.000,2025-01-12 10:39:04.000,2025-01-12 10:39:04.000,45511529.0,25627.0,57464360.0,223.0,original,223.0,original,224.0,original,0.0,gap_too_large,0.0,gap_too_large,0.0,gap_too_large,49.99,original,1.0,original,45511529.0,original,25627.0,original,57464360.0,original,33118500.0,original,-117.0,original
3552265.0,37.0,2025-01-12 11:00:00,WITEL_AHU_L8,33118500.0,223.0,223.0,224.0,0.0,0.0,0.0,49.96,1.0,2025-01-12 10:59:11.000,2025-01-12 10:59:11.000,2025-01-12 10:59:11.000,45511529.0,25627.0,57464360.0,223.0,original,223.0,original,224.0,original,0.0,gap_too_large,0.0,gap_too_large,0.0,gap_too_large,49.96,original,1.0,original,45511529.0,original,25627.0,original,57464360.0,original,33118500.0,original,-100.0,original
3552785.0,37.0,2025-01-12 11:20:00,WITEL_AHU_L8,33118500.0,223.0,223.0,224.0,0.0,0.0,0.0,49.95,1.0,2025-01-12 11:19:13.000,2025-01-12 11:19:13.000,2025-01-12 11:19:13.000,45511529.0,25627.0,57464360.0,223.0,original,223.0,original,224.0,original,0.0,gap_too_large,0.0,gap_too_large,0.0,gap_too_large,49.95,original,1.0,original,45511529.0,original,25627.0,original,57464360.0,original,33118500.0,original,-113.0,original
3553279.0,37.0,2025-01-12 11:40:00,WITEL_AHU_L8,33118500.0,222.0,222.0,224.0,0.0,0.0,0.0,50.0,1.0,2025-01-12 11:39:10.000,2025-01-12 11:39:10.000,2025-01-12 11:39:10.000,45511529.0,25627.0,57464360.0,222.0,original,222.0,original,224.0,original,0.0,gap_too_large,0.0,gap_too_large,0.0,gap_too_large,50.0,original,1.0,original,45511529.0,original,25627.0,original,57464360.0,original,33118500.0,original,-117.0,original
3554059.0,37.0,2025-01-12 12:00:00,WITEL_AHU_L8,33118500.0,223.0,222.0,224.0,0.0,0.0,0.0,50.04,1.0,2025-01-12 12:09:06.000,2025-01-12 12:09:06.000,2025-01-12 12:09:06.000,45511529.0,25627.0,57464360.0,223.0,original,222.0,original,224.0,original,0.0,gap_too_large,0.0,gap_too_large,0.0,gap_too_large,50.04,original,1.0,original,45511529.0,original,25627.0,original,57464360.0,original,33118500.0,original,-117.0,original
3554462.0,37.0,2025-01-12 12:20:00,WITEL_AHU_L8,33118500.0,223.0,222.0,224.0,0.0,0.0,0.0,49.98,1.0,2025-01-12 12:19:19.000,2025-01-12 12:19:19.000,2025-01-12 12:19:19.000,45511529.0,25627.0,57464360.0,223.0,original,222.0,original,224.0,original,0.0,gap_too_large,0.0,gap_too_large,0.0,gap_too_large,49.98,original,1.0,original,45511529.0,original,25627.0,original,57464360.0,original,33118500.0,original,-115.0,original
3554995.0,37.0,2025-01-12 12:40:00,WITEL_AHU_L8,33118500.0,222.0,222.0,224.0,0.0,0.0,0.0,49.97,1.0,2025-01-12 12:39:11.000,2025-01-12 12:39:11.000,2025-01-12 12:39:11.000,45511529.0,25627.0,57464360.0,222.0,original,222.0,original,224.0,original,0.0,gap_too_large,0.0,gap_too_large,0.0,gap_too_large,49.97,original,1.0,original,45511529.0,original,25627.0,original,57464360.0,original,33118500.0,original,-101.0,original
3555944.0,37.0,2025-01-12 13:00:00,WITEL_AHU_L8,33118500.0,222.0,222.0,224.0,0.0,0.0,0.0,49.95,1.0,2025-01-12 13:09:16.000,2025-01-12 13:09:16.000,2025-01-12 13:09:16.000,45511529.0,25627.0,57464360.0,222.0,original,222.0,original,224.0,original,0.0,gap_too_large,0.0,gap_too_large,0.0,gap_too_large,49.95,original,1.0,original,45511529.0,original,25627.0,original,57464360.0,original,33118500.0,original,-103.0,original
3556113.0,37.0,2025-01-12 13:20:00,WITEL_AHU_L8,33118500.0,222.0,222.0,224.0,0.0,0.0,0.0,49.95,1.0,2025-01-12 13:19:06.000,2025-01-12 13:19:06.000,2025-01-12 13:19:06.000,45511529.0,25627.0,57464360.0,222.0,original,222.0,original,224.0,original,0.0,gap_too_large,0.0,gap_too_large,0.0,gap_too_large,49.95,original,1.0,original,45511529.0,original,25627.0,original,57464360.0,original,33118500.0,original,-108.0,original
3556789.0,37.0,2025-01-12 13:40:00,WITEL_AHU_L8,33118500.0,222.0,222.0,223.0,0.0,0.0,0.0,49.97,1.0,2025-01-12 13:39:19.000,2025-01-12 13:39:19.000,2025-01-12 13:39:19.000,45511529.0,25627.0,57464360.0,222.0,original,222.0,original,223.0,original,0.0,gap_too_large,0.0,gap_too_large,0.0,gap_too_large,49.97,original,1.0,original,45511529.0,original,25627.0,original,57464360.0,original,33118500.0,original,-117.0,original
3556789.0,,2025-01-12 14:00:00,WITEL_AHU_L8,33118500.0,222.0,222.0,223.0,0.0,0.0,0.0,49.98,1.0,,,,45511529.0,25627.0,57464360.0,222.0,interpolated,222.0,interpolated,223.0,interpolated,0.0,gap_too_large,0.0,gap_too_large,0.0,gap_too_large,49.98,interpolated,1.0,interpolated,45511529.0,interpolated,25627.0,interpolated,57464360.0,interpolated,33118500.0,interpolated,-116.5,interpolated
3557907.0,37.0,2025-01-12 14:20:00,WITEL_AHU_L8,33118500.0,222.0,222.0,223.0,0.0,0.0,0.0,49.99,1.0,2025-01-12 14:19:19.000,2025-01-12 14:19:19.000,2025-01-12 14:19:19.000,45511529.0,25627.0,57464360.0,222.0,original,222.0,original,223.0,original,0.0,gap_too_large,0.0,gap_too_large,0.0,gap_too_large,49.99,original,1.0,original,45511529.0,original,25627.0,original,57464360.0,original,33118500.0,original,-116.0,original
3558518.0,37.0,2025-01-12 14:40:00,WITEL_AHU_L8,33118500.0,222.0,222.0,223.0,0.0,0.0,0.0,49.99,1.0,2025-01-12 14:39:20.000,2025-01-12 14:39:20.000,2025-01-12 14:39:20.000,45511529.0,25627.0,57464360.0,222.0,original,222.0,original,223.0,original,0.0,gap_too_large,0.0,gap_too_large,0.0,gap_too_large,49.99,original,1.0,original,45511529.0,original,25627.0,original,57464360.0,original,33118500.0,original,-121.0,original
3558986.0,37.0,2025-01-12 15:00:00,WITEL_AHU_L8,33118500.0,222.0,222.0,223.0,0.0,0.0,0.0,49.98,1.0,2025-01-12 14:59:12.000,2025-01-12 14:59:12.000,2025-01-12 14:59:12.000,45511529.0,25627.0,57464360.0,222.0,original,222.0,original,223.0,original,0.0,gap_too_large,0.0,gap_too_large,0.0,gap_too_large,49.98,original,1.0,original,45511529.0,original,25627.0,original,57464360.0,original,33118500.0,original,-118.0,original
3559727.0,37.0,2025-01-12 15:20:00,WITEL_AHU_L8,33118500.0,222.0,222.0,224.0,0.0,0.0,0.0,49.99,1.0,2025-01-12 15:29:02.000,2025-01-12 15:29:02.000,2025-01-12 15:29:02.000,45511529.0,25627.0,57464360.0,222.0,original,222.0,original,224.0,original,0.0,gap_too_large,0.0,gap_too_large,0.0,gap_too_large,49.99,original,1.0,original,45511529.0,original,25627.0,original,57464360.0,original,33118500.0,original,-120.0,original
3560026.0,37.0,2025-01-12 15:40:00,WITEL_AHU_L8,33118500.0,222.0,222.0,223.0,0.0,0.0,0.0,49.99,1.0,2025-01-12 15:39:07.000,2025-01-12 15:39:07.000,2025-01-12 15:39:07.000,45511529.0,25627.0,57464360.0,222.0,original,222.0,original,223.0,original,0.0,gap_too_large,0.0,gap_too_large,0.0,gap_too_large,49.99,original,1.0,original,45511529.0,original,25627.0,original,57464360.0,original,33118500.0,original,-112.0,original
3560650.0,37.0,2025-01-12 16:00:00,WITEL_AHU_L8,33118500.0,222.0,222.0,224.0,0.0,0.0,0.0,49.98,1.0,2025-01-12 15:59:15.000,2025-01-12 15:59:15.000,2025-01-12 15:59:15.000,45511529.0,25627.0,57464360.0,222.0,original,222.0,original,224.0,original,0.0,gap_too_large,0.0,gap_too_large,0.0,gap_too_large,49.98,original,1.0,original,45511529.0,original,25627.0,original,57464360.0,original,33118500.0,original,-109.0,original
3561118.0,37.0,2025-01-12 16:20:00,WITEL_AHU_L8,33118500.0,222.0,222.0,224.0,0.0,0.0,0.0,50.03,1.0,2025-01-12 16:19:05.000,2025-01-12 16:19:05.000,2025-01-12 16:19:05.000,45511529.0,25627.0,57464360.0,222.0,original,222.0,original,224.0,original,0.0,gap_too_large,0.0,gap_too_large,0.0,gap_too_large,50.03,original,1.0,original,45511529.0,original,25627.0,original,57464360.0,original,33118500.0,original,-101.0,original
3561612.0,37.0,2025-01-12 16:40:00,WITEL_AHU_L8,33118500.0,222.0,222.0,224.0,0.0,0.0,0.0,50.0,1.0,2025-01-12 16:39:02.000,2025-01-12 16:39:02.000,2025-01-12 16:39:02.000,45511529.0,25627.0,57464360.0,222.0,original,222.0,original,224.0,original,0.0,gap_too_large,0.0,gap_too_large,0.0,gap_too_large,50.0,original,1.0,original,45511529.0,original,25627.0,original,57464360.0,original,33118500.0,original,-102.0,original
3562262.0,37.0,2025-01-12 17:00:00,WITEL_AHU_L8,33118500.0,223.0,223.0,225.0,0.0,0.0,0.0,50.06,1.0,2025-01-12 16:59:06.000,2025-01-12 16:59:06.000,2025-01-12 16:59:06.000,45511529.0,25627.0,57464360.0,223.0,original,223.0,original,225.0,original,0.0,gap_too_large,0.0,gap_too_large,0.0,gap_too_large,50.06,original,1.0,original,45511529.0,original,25627.0,original,57464360.0,original,33118500.0,original,-101.0,original
3563120.0,37.0,2025-01-12 17:20:00,WITEL_AHU_L8,33118500.0,223.0,223.0,224.0,0.0,0.0,0.0,50.06,1.0,2025-01-12 17:29:07.000,2025-01-12 17:29:07.000,2025-01-12 17:29:07.000,45511529.0,25627.0,57464360.0,223.0,original,223.0,original,224.0,original,0.0,gap_too_large,0.0,gap_too_large,0.0,gap_too_large,50.06,original,1.0,original,45511529.0,original,25627.0,original,57464360.0,original,33118500.0,original,-118.0,original
3563523.0,37.0,2025-01-12 17:40:00,WITEL_AHU_L8,33118500.0,223.0,222.0,224.0,0.0,0.0,0.0,50.03,1.0,2025-01-12 17:39:18.000,2025-01-12 17:39:18.000,2025-01-12 17:39:18.000,45511529.0,25627.0,57464360.0,223.0,original,222.0,original,224.0,original,0.0,gap_too_large,0.0,gap_too_large,0.0,gap_too_large,50.03,original,1.0,original,45511529.0,original,25627.0,original,57464360.0,original,33118500.0,original,-99.0,original
3564121.0,37.0,2025-01-12 18:00:00,WITEL_AHU_L8,33118500.0,222.0,222.0,224.0,0.0,0.0,0.0,50.03,1.0,2025-01-12 17:59:18.000,2025-01-12 17:59:18.000,2025-01-12 17:59:18.000,45511529.0,25627.0,57464360.0,222.0,original,222.0,original,224.0,original,0.0,gap_too_large,0.0,gap_too_large,0.0,gap_too_large,50.03,original,1.0,original,45511529.0,original,25627.0,original,57464360.0,original,33118500.0,original,-100.0,original
3564654.0,37.0,2025-01-12 18:20:00,WITEL_AHU_L8,33118500.0,222.0,222.0,224.0,0.0,0.0,0.0,49.95,1.0,2025-01-12 18:19:13.000,2025-01-12 18:19:13.000,2025-01-12 18:19:13.000,45511529.0,25627.0,57464360.0,222.0,original,222.0,original,224.0,original,0.0,gap_too_large,0.0,gap_too_large,0.0,gap_too_large,49.95,original,1.0,original,45511529.0,original,25627.0,original,57464360.0,original,33118500.0,original,-118.0,original
3565291.0,37.0,2025-01-12 18:40:00,WITEL_AHU_L8,33118500.0,222.0,222.0,224.0,0.0,0.0,0.0,49.96,1.0,2025-01-12 18:39:19.000,2025-01-12 18:39:19.000,2025-01-12 18:39:19.000,45511529.0,25627.0,57464360.0,222.0,original,222.0,original,224.0,original,0.0,gap_too_large,0.0,gap_too_large,0.0,gap_too_large,49.96,original,1.0,original,45511529.0,original,25627.0,original,57464360.0,original,33118500.0,original,-101.0,original
3566058.0,37.0,2025-01-12 19:00:00,WITEL_AHU_L8,33118500.0,222.0,222.0,224.0,0.0,0.0,0.0,49.99,1.0,2025-01-12 19:09:04.000,2025-01-12 19:09:04.000,2025-01-12 19:09:04.000,45511529.0,25627.0,57464360.0,222.0,original,222.0,original,224.0,original,0.0,gap_too_large,0.0,gap_too_large,0.0,gap_too_large,49.99,original,1.0,original,45511529.0,original,25627.0,original,57464360.0,original,33118500.0,original,-119.0,original
3566812.0,37.0,2025-01-12 19:20:00,WITEL_AHU_L8,33118500.0,222.0,222.0,224.0,0.0,0.0,0.0,49.97,1.0,2025-01-12 19:29:20.000,2025-01-12 19:29:20.000,2025-01-12 19:29:20.000,45511529.0,25627.0,57464360.0,222.0,original,222.0,original,224.0,original,0.0,gap_too_large,0.0,gap_too_large,0.0,gap_too_large,49.97,original,1.0,original,45511529.0,original,25627.0,original,57464360.0,original,33118500.0,original,-114.0,original
3567137.0,37.0,2025-01-12 19:40:00,WITEL_AHU_L8,33118500.0,223.0,223.0,224.0,0.0,0.0,0.0,50.05,1.0,2025-01-12 19:39:15.000,2025-01-12 19:39:15.000,2025-01-12 19:39:15.000,45511529.0,25627.0,57464360.0,223.0,original,223.0,original,224.0,original,0.0,gap_too_large,0.0,gap_too_large,0.0,gap_too_large,50.05,original,1.0,original,45511529.0,original,25627.0,original,57464360.0,original,33118500.0,original,-116.0,original
3567137.0,,2025-01-12 20:00:00,WITEL_AHU_L8,33118500.0,223.0,223.0,224.0,0.0,0.0,0.0,50.045,1.0,,,,45511529.0,25627.0,57464360.0,223.0,interpolated,223.0,interpolated,224.0,interpolated,0.0,gap_too_large,0.0,gap_too_large,0.0,gap_too_large,50.045,interpolated,1.0,interpolated,45511529.0,interpolated,25627.0,interpolated,57464360.0,interpolated,33118500.0,interpolated,-118.0,interpolated
3568255.0,37.0,2025-01-12 20:20:00,WITEL_AHU_L8,33118500.0,223.0,223.0,224.0,0.0,0.0,0.0,50.04,1.0,2025-01-12 20:19:05.000,2025-01-12 20:19:05.000,2025-01-12 20:19:05.000,45511529.0,25627.0,57464360.0,223.0,original,223.0,original,224.0,original,0.0,gap_too_large,0.0,gap_too_large,0.0,gap_too_large,50.04,original,1.0,original,45511529.0,original,25627.0,original,57464360.0,original,33118500.0,original,-120.0,original
3569282.0,37.0,2025-01-12 20:40:00,WITEL_AHU_L8,33118500.0,223.0,223.0,225.0,0.0,0.0,0.0,50.07,1.0,2025-01-12 20:49:14.000,2025-01-12 20:49:14.000,2025-01-12 20:49:14.000,45511529.0,25627.0,57464360.0,223.0,original,223.0,original,225.0,original,0.0,gap_too_large,0.0,gap_too_large,0.0,gap_too_large,50.07,original,1.0,original,45511529.0,original,25627.0,original,57464360.0,original,33118500.0,original,-105.0,original
3569958.0,37.0,2025-01-12 21:00:00,WITEL_AHU_L8,33118500.0,223.0,223.0,225.0,0.0,0.0,0.0,50.04,1.0,2025-01-12 21:09:18.000,2025-01-12 21:09:18.000,2025-01-12 21:09:18.000,45511529.0,25627.0,57464360.0,223.0,original,223.0,original,225.0,original,0.0,gap_too_large,0.0,gap_too_large,0.0,gap_too_large,50.04,original,1.0,original,45511529.0,original,25627.0,original,57464360.0,original,33118500.0,original,-105.0,original
3570491.0,37.0,2025-01-12 21:20:00,WITEL_AHU_L8,33118500.0,224.0,224.0,225.0,0.0,0.0,0.0,50.01,1.0,2025-01-12 21:29:04.000,2025-01-12 21:29:04.000,2025-01-12 21:29:04.000,45511529.0,25627.0,57464360.0,224.0,original,224.0,original,225.0,original,0.0,gap_too_large,0.0,gap_too_large,0.0,gap_too_large,50.01,original,1.0,original,45511529.0,original,25627.0,original,57464360.0,original,33118500.0,original,-119.0,original
3570920.0,37.0,2025-01-12 21:40:00,WITEL_AHU_L8,33118500.0,224.0,224.0,225.0,0.0,0.0,0.0,50.0,1.0,2025-01-12 21:39:23.000,2025-01-12 21:39:23.000,2025-01-12 21:39:23.000,45511529.0,25627.0,57464360.0,224.0,original,224.0,original,225.0,original,0.0,gap_too_large,0.0,gap_too_large,0.0,gap_too_large,50.0,original,1.0,original,45511529.0,original,25627.0,original,57464360.0,original,33118500.0,original,-118.0,original
3571492.0,37.0,2025-01-12 22:00:00,WITEL_AHU_L8,33118500.0,224.0,224.0,226.0,0.0,0.0,0.0,50.09,1.0,2025-01-12 21:59:21.000,2025-01-12 21:59:21.000,2025-01-12 21:59:21.000,45511529.0,25627.0,57464360.0,224.0,original,224.0,original,226.0,original,0.0,gap_too_large,0.0,gap_too_large,0.0,gap_too_large,50.09,original,1.0,original,45511529.0,original,25627.0,original,57464360.0,original,33118500.0,original,-98.0,original
3572337.0,37.0,2025-01-12 22:20:00,WITEL_AHU_L8,33118500.0,225.0,225.0,227.0,0.0,0.0,0.0,49.99,1.0,2025-01-12 22:29:15.000,2025-01-12 22:29:15.000,2025-01-12 22:29:15.000,45511529.0,25627.0,57464360.0,225.0,original,225.0,original,227.0,original,0.0,gap_too_large,0.0,gap_too_large,0.0,gap_too_large,49.99,original,1.0,original,45511529.0,original,25627.0,original,57464360.0,original,33118500.0,original,-116.0,original
3572623.0,37.0,2025-01-12 22:40:00,WITEL_AHU_L8,33118500.0,225.0,225.0,227.0,0.0,0.0,0.0,50.05,1.0,2025-01-12 22:39:07.000,2025-01-12 22:39:07.000,2025-01-12 22:39:07.000,45511529.0,25627.0,57464360.0,225.0,original,225.0,original,227.0,original,0.0,gap_too_large,0.0,gap_too_large,0.0,gap_too_large,50.05,original,1.0,original,45511529.0,original,25627.0,original,57464360.0,original,33118500.0,original,-97.0,original
3573403.0,37.0,2025-01-12 23:00:00,WITEL_AHU_L8,33118500.0,225.0,225.0,227.0,0.0,0.0,0.0,50.02,1.0,2025-01-12 22:59:23.000,2025-01-12 22:59:23.000,2025-01-12 22:59:23.000,45511529.0,25627.0,57464360.0,225.0,original,225.0,original,227.0,original,0.0,gap_too_large,0.0,gap_too_large,0.0,gap_too_large,50.02,original,1.0,original,45511529.0,original,25627.0,original,57464360.0,original,33118500.0,original,-119.0,original
3574261.0,37.0,2025-01-12 23:20:00,WITEL_AHU_L8,33118500.0,228.0,227.0,230.0,0.0,0.0,0.0,49.97,1.0,2025-01-12 23:29:16.000,2025-01-12 23:29:16.000,2025-01-12 23:29:16.000,45511529.0,25627.0,57464360.0,228.0,original,227.0,original,230.0,original,0.0,gap_too_large,0.0,gap_too_large,0.0,gap_too_large,49.97,original,1.0,original,45511529.0,original,25627.0,original,57464360.0,original,33118500.0,original,-114.0,original
3574547.0,37.0,2025-01-12 23:40:00,WITEL_AHU_L8,33118500.0,228.0,227.0,230.0,0.0,0.0,0.0,50.04,1.0,2025-01-12 23:39:16.000,2025-01-12 23:39:16.000,2025-01-12 23:39:16.000,45511529.0,25627.0,57464360.0,228.0,original,227.0,original,230.0,original,0.0,gap_too_large,0.0,gap_too_large,0.0,gap_too_large,50.04,original,1.0,original,45511529.0,original,25627.0,original,57464360.0,original,33118500.0,original,-99.0,original
3575067.0,37.0,2025-01-13 00:00:00,WITEL_AHU_L8,33118500.0,228.0,227.0,230.0,0.0,0.0,0.0,49.99,1.0,2025-01-12 23:59:08.000,2025-01-12 23:59:08.000,2025-01-12 23:59:08.000,45511529.0,25627.0,57464360.0,228.0,original,227.0,original,230.0,original,0.0,gap_too_large,0.0,gap_too_large,0.0,gap_too_large,49.99,original,1.0,original,45511529.0,original,25627.0,original,57464360.0,original,33118500.0,original,-100.0,original
3575795.0,37.0,2025-01-13 00:20:00,WITEL_AHU_L8,33118500.0,228.0,228.0,230.0,0.0,0.0,0.0,49.98,1.0,2025-01-13 00:19:19.000,2025-01-13 00:19:19.000,2025-01-13 00:19:19.000,45511529.0,25627.0,57464360.0,228.0,original,228.0,original,230.0,original,0.0,gap_too_large,0.0,gap_too_large,0.0,gap_too_large,49.98,original,1.0,original,45511529.0,original,25627.0,original,57464360.0,original,33118500.0,original,-100.0,original
3576575.0,37.0,2025-01-13 00:40:00,WITEL_AHU_L8,33118500.0,228.0,228.0,230.0,0.0,0.0,0.0,50.05,1.0,2025-01-13 00:46:35.000,2025-01-13 00:46:35.000,2025-01-13 00:46:35.000,45511529.0,25627.0,57464360.0,228.0,original,228.0,original,230.0,original,0.0,gap_too_large,0.0,gap_too_large,0.0,gap_too_large,50.05,original,1.0,original,45511529.0,original,25627.0,original,57464360.0,original,33118500.0,original,-119.0,original
3577212.0,37.0,2025-01-13 01:00:00,WITEL_AHU_L8,33118500.0,228.0,228.0,230.0,0.0,0.0,0.0,49.96,1.0,2025-01-13 00:59:17.000,2025-01-13 00:59:17.000,2025-01-13 00:59:17.000,45511529.0,25627.0,57464360.0,228.0,original,228.0,original,230.0,original,0.0,gap_too_large,0.0,gap_too_large,0.0,gap_too_large,49.96,original,1.0,original,45511529.0,original,25627.0,original,57464360.0,original,33118500.0,original,-119.0,original
3577849.0,37.0,2025-01-13 01:20:00,WITEL_AHU_L8,33118500.0,228.0,228.0,230.0,0.0,0.0,0.0,50.02,1.0,2025-01-13 01:19:10.000,2025-01-13 01:19:10.000,2025-01-13 01:19:10.000,45511529.0,25627.0,57464360.0,228.0,original,228.0,original,230.0,original,0.0,gap_too_large,0.0,gap_too_large,0.0,gap_too_large,50.02,original,1.0,original,45511529.0,original,25627.0,original,57464360.0,original,33118500.0,original,-119.0,original
3578564.0,37.0,2025-01-13 01:40:00,WITEL_AHU_L8,33118500.0,228.0,228.0,230.0,0.0,0.0,0.0,49.96,1.0,2025-01-13 01:39:23.000,2025-01-13 01:39:23.000,2025-01-13 01:39:23.000,45511529.0,25627.0,57464360.0,228.0,original,228.0,original,230.0,original,0.0,gap_too_large,0.0,gap_too_large,0.0,gap_too_large,49.96,original,1.0,original,45511529.0,original,25627.0,original,57464360.0,original,33118500.0,original,-102.0,original
3579110.0,37.0,2025-01-13 02:00:00,WITEL_AHU_L8,33118500.0,229.0,228.0,230.0,0.0,0.0,0.0,50.04,1.0,2025-01-13 01:59:09.000,2025-01-13 01:59:09.000,2025-01-13 01:59:09.000,45511529.0,25627.0,57464360.0,229.0,original,228.0,original,230.0,original,0.0,gap_too_large,0.0,gap_too_large,0.0,gap_too_large,50.04,original,1.0,original,45511529.0,original,25627.0,original,57464360.0,original,33118500.0,original,-112.0,original
3579812.0,37.0,2025-01-13 02:20:00,WITEL_AHU_L8,33118500.0,229.0,228.0,231.0,0.0,0.0,0.0,50.04,1.0,2025-01-13 02:19:14.000,2025-01-13 02:19:14.000,2025-01-13 02:19:14.000,45511529.0,25627.0,57464360.0,229.0,original,228.0,original,231.0,original,0.0,gap_too_large,0.0,gap_too_large,0.0,gap_too_large,50.04,original,1.0,original,45511529.0,original,25627.0,original,57464360.0,original,33118500.0,original,-101.0,original
3580436.0,37.0,2025-01-13 02:40:00,WITEL_AHU_L8,33118500.0,229.0,229.0,231.0,0.0,0.0,0.0,49.96,1.0,2025-01-13 02:39:11.000,2025-01-13 02:39:11.000,2025-01-13 02:39:11.000,45511529.0,25627.0,57464360.0,229.0,original,229.0,original,231.0,original,0.0,gap_too_large,0.0,gap_too_large,0.0,gap_too_large,49.96,original,1.0,original,45511529.0,original,25627.0,original,57464360.0,original,33118500.0,original,-108.0,original
3581112.0,37.0,2025-01-13 03:00:00,WITEL_AHU_L8,33118500.0,229.0,229.0,231.0,0.0,0.0,0.0,50.01,1.0,2025-01-13 02:59:10.000,2025-01-13 02:59:10.000,2025-01-13 02:59:10.000,45511529.0,25627.0,57464360.0,229.0,original,229.0,original,231.0,original,0.0,gap_too_large,0.0,gap_too_large,0.0,gap_too_large,50.01,original,1.0,original,45511529.0,original,25627.0,original,57464360.0,original,33118500.0,original,-119.0,original
3581697.0,37.0,2025-01-13 03:20:00,WITEL_AHU_L8,33118500.0,229.0,229.0,232.0,0.0,0.0,0.0,50.05,1.0,2025-01-13 03:19:04.000,2025-01-13 03:19:04.000,2025-01-13 03:19:04.000,45511529.0,25627.0,57464360.0,229.0,original,229.0,original,232.0,original,0.0,gap_too_large,0.0,gap_too_large,0.0,gap_too_large,50.05,original,1.0,original,45511529.0,original,25627.0,original,57464360.0,original,33118500.0,original,-109.0,original
3582451.0,37.0,2025-01-13 03:40:00,WITEL_AHU_L8,33118500.0,230.0,229.0,231.0,0.0,0.0,0.0,50.02,1.0,2025-01-13 03:39:15.000,2025-01-13 03:39:15.000,2025-01-13 03:39:15.000,45511529.0,25627.0,57464360.0,230.0,original,229.0,original,231.0,original,0.0,gap_too_large,0.0,gap_too_large,0.0,gap_too_large,50.02,original,1.0,original,45511529.0,original,25627.0,original,57464360.0,original,33118500.0,original,-94.0,original
3583166.0,37.0,2025-01-13 04:00:00,WITEL_AHU_L8,33118500.0,230.0,229.0,232.0,0.0,0.0,0.0,50.03,1.0,2025-01-13 03:59:18.000,2025-01-13 03:59:18.000,2025-01-13 03:59:18.000,45511529.0,25627.0,57464360.0,230.0,original,229.0,original,232.0,original,0.0,gap_too_large,0.0,gap_too_large,0.0,gap_too_large,50.03,original,1.0,original,45511529.0,original,25627.0,original,57464360.0,original,33118500.0,original,-107.0,original
3583777.0,37.0,2025-01-13 04:20:00,WITEL_AHU_L8,33118500.0,229.0,229.0,231.0,0.0,0.0,0.0,50.03,1.0,2025-01-13 04:19:15.000,2025-01-13 04:19:15.000,2025-01-13 04:19:15.000,45511529.0,25627.0,57464360.0,229.0,original,229.0,original,231.0,original,0.0,gap_too_large,0.0,gap_too_large,0.0,gap_too_large,50.03,original,1.0,original,45511529.0,original,25627.0,original,57464360.0,original,33118500.0,original,-118.0,original
3584362.0,37.0,2025-01-13 04:40:00,WITEL_AHU_L8,33118500.0,229.0,229.0,231.0,0.0,0.0,0.0,50.06,1.0,2025-01-13 04:39:05.000,2025-01-13 04:39:05.000,2025-01-13 04:39:05.000,45511529.0,25627.0,57464360.0,229.0,original,229.0,original,231.0,original,0.0,gap_too_large,0.0,gap_too_large,0.0,gap_too_large,50.06,original,1.0,original,45511529.0,original,25627.0,original,57464360.0,original,33118500.0,original,-115.0,original
3584947.0,37.0,2025-01-13 05:00:00,WITEL_AHU_L8,33118500.0,229.0,228.0,230.0,0.0,0.0,0.0,50.0,1.0,2025-01-13 04:59:03.000,2025-01-13 04:59:03.000,2025-01-13 04:59:03.000,45511529.0,25627.0,57464360.0,229.0,original,228.0,original,230.0,original,0.0,gap_too_large,0.0,gap_too_large,0.0,gap_too_large,50.0,original,1.0,original,45511529.0,original,25627.0,original,57464360.0,original,33118500.0,original,-120.0,original
3585649.0,37.0,2025-01-13 05:20:00,WITEL_AHU_L8,33118500.0,228.0,227.0,230.0,0.0,0.0,0.0,49.98,1.0,2025-01-13 05:19:05.000,2025-01-13 05:19:05.000,2025-01-13 05:19:05.000,45511529.0,25627.0,57464360.0,228.0,original,227.0,original,230.0,original,0.0,gap_too_large,0.0,gap_too_large,0.0,gap_too_large,49.98,original,1.0,original,45511529.0,original,25627.0,original,57464360.0,original,33118500.0,original,-115.0,original
3586429.0,37.0,2025-01-13 05:40:00,WITEL_AHU_L8,33118500.0,227.0,227.0,229.0,0.0,0.0,0.0,50.08,1.0,2025-01-13 05:39:23.000,2025-01-13 05:39:23.000,2025-01-13 05:39:23.000,45511529.0,25627.0,57464360.0,227.0,original,227.0,original,229.0,original,0.0,gap_too_large,0.0,gap_too_large,0.0,gap_too_large,50.08,original,1.0,original,45511529.0,original,25627.0,original,57464360.0,original,33118500.0,original,-102.0,original
3587079.0,37.0,2025-01-13 06:00:00,WITEL_AHU_L8,33118500.0,226.0,225.0,228.0,0.0,0.0,0.0,50.04,1.0,2025-01-13 05:59:18.000,2025-01-13 05:59:18.000,2025-01-13 05:59:18.000,45511529.0,25627.0,57464360.0,226.0,original,225.0,original,228.0,original,0.0,gap_too_large,0.0,gap_too_large,0.0,gap_too_large,50.04,original,1.0,original,45511529.0,original,25627.0,original,57464360.0,original,33118500.0,original,-111.0,original
3587651.0,37.0,2025-01-13 06:20:00,WITEL_AHU_L8,33118500.0,225.0,224.0,227.0,0.0,0.0,0.0,49.98,1.0,2025-01-13 06:19:16.000,2025-01-13 06:19:16.000,2025-01-13 06:19:16.000,45511529.0,25627.0,57464360.0,225.0,original,224.0,original,227.0,original,0.0,gap_too_large,0.0,gap_too_large,0.0,gap_too_large,49.98,original,1.0,original,45511529.0,original,25627.0,original,57464360.0,original,33118500.0,original,-100.0,original
3588392.0,37.0,2025-01-13 06:40:00,WITEL_AHU_L8,33118500.0,227.0,226.0,229.0,0.0,0.0,0.0,50.05,1.0,2025-01-13 06:39:21.000,2025-01-13 06:39:21.000,2025-01-13 06:39:21.000,45511529.0,25627.0,57464360.0,227.0,original,226.0,original,229.0,original,0.0,gap_too_large,0.0,gap_too_large,0.0,gap_too_large,50.05,original,1.0,original,45511529.0,original,25627.0,original,57464360.0,original,33118500.0,original,-113.0,original
3588990.0,37.0,2025-01-13 07:00:00,WITEL_AHU_L8,33118500.0,227.0,226.0,229.0,0.0,0.0,0.0,50.03,1.0,2025-01-13 06:59:10.000,2025-01-13 06:59:10.000,2025-01-13 06:59:10.000,45511529.0,25627.0,57464360.0,227.0,original,226.0,original,229.0,original,0.0,gap_too_large,0.0,gap_too_large,0.0,gap_too_large,50.03,original,1.0,original,45511529.0,original,25627.0,original,57464360.0,original,33118500.0,original,-118.0,original
3590030.0,37.0,2025-01-13 07:20:00,WITEL_AHU_L8,33118500.0,228.0,227.0,229.0,0.0,0.0,0.0,50.0,1.0,2025-01-13 07:29:08.000,2025-01-13 07:29:08.000,2025-01-13 07:29:08.000,45511529.0,25627.0,57464360.0,228.0,original,227.0,original,229.0,original,0.0,gap_too_large,0.0,gap_too_large,0.0,gap_too_large,50.0,original,1.0,original,45511529.0,original,25627.0,original,57464360.0,original,33118500.0,original,-121.0,original
3590368.0,37.0,2025-01-13 07:40:00,WITEL_AHU_L8,33118500.0,227.0,226.0,228.0,0.0,0.0,0.0,49.96,1.0,2025-01-13 07:39:09.000,2025-01-13 07:39:09.000,2025-01-13 07:39:09.000,45511529.0,25627.0,57464360.0,227.0,original,226.0,original,228.0,original,0.0,gap_too_large,0.0,gap_too_large,0.0,gap_too_large,49.96,original,1.0,original,45511529.0,original,25627.0,original,57464360.0,original,33118500.0,original,-118.0,original
3591148.0,37.0,2025-01-13 08:00:00,WITEL_AHU_L8,33118500.0,225.0,224.0,227.0,0.0,0.0,0.0,50.05,1.0,2025-01-13 07:59:25.000,2025-01-13 07:59:25.000,2025-01-13 07:59:25.000,45511529.0,25627.0,57464360.0,225.0,original,224.0,original,227.0,original,0.0,gap_too_large,0.0,gap_too_large,0.0,gap_too_large,50.05,original,1.0,original,45511529.0,original,25627.0,original,57464360.0,original,33118500.0,original,-117.0,original
3592201.0,37.0,2025-01-13 08:20:00,WITEL_AHU_L8,33118500.0,226.0,224.0,227.0,0.0,0.0,0.0,50.02,1.0,2025-01-13 08:29:22.000,2025-01-13 08:29:22.000,2025-01-13 08:29:22.000,45511529.0,25627.0,57464360.0,226.0,original,224.0,original,227.0,original,0.0,gap_too_large,0.0,gap_too_large,0.0,gap_too_large,50.02,original,1.0,original,45511529.0,original,25627.0,original,57464360.0,original,33118500.0,original,-101.0,original
3592448.0,37.0,2025-01-13 08:40:00,WITEL_AHU_L8,33118500.0,227.0,226.0,229.0,0.0,0.0,0.0,49.98,1.0,2025-01-13 08:39:09.000,2025-01-13 08:39:09.000,2025-01-13 08:39:09.000,45511529.0,25627.0,57464360.0,227.0,original,226.0,original,229.0,original,0.0,gap_too_large,0.0,gap_too_large,0.0,gap_too_large,49.98,original,1.0,original,45511529.0,original,25627.0,original,57464360.0,original,33118500.0,original,-117.0,original
3592448.0,,2025-01-13 09:00:00,WITEL_AHU_L8,0.0,0.0,0.0,0.0,0.0,0.0,0.0,0.0,0.0,,,,0.0,0.0,0.0,0.0,gap_too_large,0.0,gap_too_large,0.0,gap_too_large,0.0,gap_too_large,0.0,gap_too_large,0.0,gap_too_large,0.0,gap_too_large,0.0,gap_too_large,0.0,gap_too_large,0.0,gap_too_large,0.0,gap_too_large,0.0,gap_too_large,0.0,gap_too_large
3592448.0,,2025-01-13 09:20:00,WITEL_AHU_L8,0.0,0.0,0.0,0.0,0.0,0.0,0.0,0.0,0.0,,,,0.0,0.0,0.0,0.0,gap_too_large,0.0,gap_too_large,0.0,gap_too_large,0.0,gap_too_large,0.0,gap_too_large,0.0,gap_too_large,0.0,gap_too_large,0.0,gap_too_large,0.0,gap_too_large,0.0,gap_too_large,0.0,gap_too_large,0.0,gap_too_large,0.0,gap_too_large
3592448.0,,2025-01-13 09:40:00,WITEL_AHU_L8,0.0,0.0,0.0,0.0,0.0,0.0,0.0,0.0,0.0,,,,0.0,0.0,0.0,0.0,gap_too_large,0.0,gap_too_large,0.0,gap_too_large,0.0,gap_too_large,0.0,gap_too_large,0.0,gap_too_large,0.0,gap_too_large,0.0,gap_too_large,0.0,gap_too_large,0.0,gap_too_large,0.0,gap_too_large,0.0,gap_too_large,0.0,gap_too_large
3592448.0,,2025-01-13 10:00:00,WITEL_AHU_L8,0.0,0.0,0.0,0.0,0.0,0.0,0.0,0.0,0.0,,,,0.0,0.0,0.0,0.0,gap_too_large,0.0,gap_too_large,0.0,gap_too_large,0.0,gap_too_large,0.0,gap_too_large,0.0,gap_too_large,0.0,gap_too_large,0.0,gap_too_large,0.0,gap_too_large,0.0,gap_too_large,0.0,gap_too_large,0.0,gap_too_large,0.0,gap_too_large
3592448.0,,2025-01-13 10:20:00,WITEL_AHU_L8,0.0,0.0,0.0,0.0,0.0,0.0,0.0,0.0,0.0,,,,0.0,0.0,0.0,0.0,gap_too_large,0.0,gap_too_large,0.0,gap_too_large,0.0,gap_too_large,0.0,gap_too_large,0.0,gap_too_large,0.0,gap_too_large,0.0,gap_too_large,0.0,gap_too_large,0.0,gap_too_large,0.0,gap_too_large,0.0,gap_too_large,0.0,gap_too_large
3592448.0,,2025-01-13 10:40:00,WITEL_AHU_L8,0.0,0.0,0.0,0.0,0.0,0.0,0.0,0.0,0.0,,,,0.0,0.0,0.0,0.0,gap_too_large,0.0,gap_too_large,0.0,gap_too_large,0.0,gap_too_large,0.0,gap_too_large,0.0,gap_too_large,0.0,gap_too_large,0.0,gap_too_large,0.0,gap_too_large,0.0,gap_too_large,0.0,gap_too_large,0.0,gap_too_large,0.0,gap_too_large
3592448.0,,2025-01-13 11:00:00,WITEL_AHU_L8,0.0,0.0,0.0,0.0,0.0,0.0,0.0,0.0,0.0,,,,0.0,0.0,0.0,0.0,gap_too_large,0.0,gap_too_large,0.0,gap_too_large,0.0,gap_too_large,0.0,gap_too_large,0.0,gap_too_large,0.0,gap_too_large,0.0,gap_too_large,0.0,gap_too_large,0.0,gap_too_large,0.0,gap_too_large,0.0,gap_too_large,0.0,gap_too_large
3592448.0,,2025-01-13 11:20:00,WITEL_AHU_L8,0.0,0.0,0.0,0.0,0.0,0.0,0.0,0.0,0.0,,,,0.0,0.0,0.0,0.0,gap_too_large,0.0,gap_too_large,0.0,gap_too_large,0.0,gap_too_large,0.0,gap_too_large,0.0,gap_too_large,0.0,gap_too_large,0.0,gap_too_large,0.0,gap_too_large,0.0,gap_too_large,0.0,gap_too_large,0.0,gap_too_large,0.0,gap_too_large
3592448.0,,2025-01-13 11:40:00,WITEL_AHU_L8,0.0,0.0,0.0,0.0,0.0,0.0,0.0,0.0,0.0,,,,0.0,0.0,0.0,0.0,gap_too_large,0.0,gap_too_large,0.0,gap_too_large,0.0,gap_too_large,0.0,gap_too_large,0.0,gap_too_large,0.0,gap_too_large,0.0,gap_too_large,0.0,gap_too_large,0.0,gap_too_large,0.0,gap_too_large,0.0,gap_too_large,0.0,gap_too_large
3592448.0,,2025-01-13 12:00:00,WITEL_AHU_L8,0.0,0.0,0.0,0.0,0.0,0.0,0.0,0.0,0.0,,,,0.0,0.0,0.0,0.0,gap_too_large,0.0,gap_too_large,0.0,gap_too_large,0.0,gap_too_large,0.0,gap_too_large,0.0,gap_too_large,0.0,gap_too_large,0.0,gap_too_large,0.0,gap_too_large,0.0,gap_too_large,0.0,gap_too_large,0.0,gap_too_large,0.0,gap_too_large
3592448.0,,2025-01-13 12:20:00,WITEL_AHU_L8,0.0,0.0,0.0,0.0,0.0,0.0,0.0,0.0,0.0,,,,0.0,0.0,0.0,0.0,gap_too_large,0.0,gap_too_large,0.0,gap_too_large,0.0,gap_too_large,0.0,gap_too_large,0.0,gap_too_large,0.0,gap_too_large,0.0,gap_too_large,0.0,gap_too_large,0.0,gap_too_large,0.0,gap_too_large,0.0,gap_too_large,0.0,gap_too_large
3592448.0,,2025-01-13 12:40:00,WITEL_AHU_L8,0.0,0.0,0.0,0.0,0.0,0.0,0.0,0.0,0.0,,,,0.0,0.0,0.0,0.0,gap_too_large,0.0,gap_too_large,0.0,gap_too_large,0.0,gap_too_large,0.0,gap_too_large,0.0,gap_too_large,0.0,gap_too_large,0.0,gap_too_large,0.0,gap_too_large,0.0,gap_too_large,0.0,gap_too_large,0.0,gap_too_large,0.0,gap_too_large
3592448.0,,2025-01-13 13:00:00,WITEL_AHU_L8,0.0,0.0,0.0,0.0,0.0,0.0,0.0,0.0,0.0,,,,0.0,0.0,0.0,0.0,gap_too_large,0.0,gap_too_large,0.0,gap_too_large,0.0,gap_too_large,0.0,gap_too_large,0.0,gap_too_large,0.0,gap_too_large,0.0,gap_too_large,0.0,gap_too_large,0.0,gap_too_large,0.0,gap_too_large,0.0,gap_too_large,0.0,gap_too_large
3592448.0,,2025-01-13 13:20:00,WITEL_AHU_L8,0.0,0.0,0.0,0.0,0.0,0.0,0.0,0.0,0.0,,,,0.0,0.0,0.0,0.0,gap_too_large,0.0,gap_too_large,0.0,gap_too_large,0.0,gap_too_large,0.0,gap_too_large,0.0,gap_too_large,0.0,gap_too_large,0.0,gap_too_large,0.0,gap_too_large,0.0,gap_too_large,0.0,gap_too_large,0.0,gap_too_large,0.0,gap_too_large
3592448.0,,2025-01-13 13:40:00,WITEL_AHU_L8,0.0,0.0,0.0,0.0,0.0,0.0,0.0,0.0,0.0,,,,0.0,0.0,0.0,0.0,gap_too_large,0.0,gap_too_large,0.0,gap_too_large,0.0,gap_too_large,0.0,gap_too_large,0.0,gap_too_large,0.0,gap_too_large,0.0,gap_too_large,0.0,gap_too_large,0.0,gap_too_large,0.0,gap_too_large,0.0,gap_too_large,0.0,gap_too_large
3592448.0,,2025-01-13 14:00:00,WITEL_AHU_L8,0.0,0.0,0.0,0.0,0.0,0.0,0.0,0.0,0.0,,,,0.0,0.0,0.0,0.0,gap_too_large,0.0,gap_too_large,0.0,gap_too_large,0.0,gap_too_large,0.0,gap_too_large,0.0,gap_too_large,0.0,gap_too_large,0.0,gap_too_large,0.0,gap_too_large,0.0,gap_too_large,0.0,gap_too_large,0.0,gap_too_large,0.0,gap_too_large
3592448.0,,2025-01-13 14:20:00,WITEL_AHU_L8,0.0,0.0,0.0,0.0,0.0,0.0,0.0,0.0,0.0,,,,0.0,0.0,0.0,0.0,gap_too_large,0.0,gap_too_large,0.0,gap_too_large,0.0,gap_too_large,0.0,gap_too_large,0.0,gap_too_large,0.0,gap_too_large,0.0,gap_too_large,0.0,gap_too_large,0.0,gap_too_large,0.0,gap_too_large,0.0,gap_too_large,0.0,gap_too_large
3592448.0,,2025-01-13 14:40:00,WITEL_AHU_L8,0.0,0.0,0.0,0.0,0.0,0.0,0.0,0.0,0.0,,,,0.0,0.0,0.0,0.0,gap_too_large,0.0,gap_too_large,0.0,gap_too_large,0.0,gap_too_large,0.0,gap_too_large,0.0,gap_too_large,0.0,gap_too_large,0.0,gap_too_large,0.0,gap_too_large,0.0,gap_too_large,0.0,gap_too_large,0.0,gap_too_large,0.0,gap_too_large
3592448.0,,2025-01-13 15:00:00,WITEL_AHU_L8,0.0,0.0,0.0,0.0,0.0,0.0,0.0,0.0,0.0,,,,0.0,0.0,0.0,0.0,gap_too_large,0.0,gap_too_large,0.0,gap_too_large,0.0,gap_too_large,0.0,gap_too_large,0.0,gap_too_large,0.0,gap_too_large,0.0,gap_too_large,0.0,gap_too_large,0.0,gap_too_large,0.0,gap_too_large,0.0,gap_too_large,0.0,gap_too_large
3592448.0,,2025-01-13 15:20:00,WITEL_AHU_L8,0.0,0.0,0.0,0.0,0.0,0.0,0.0,0.0,0.0,,,,0.0,0.0,0.0,0.0,gap_too_large,0.0,gap_too_large,0.0,gap_too_large,0.0,gap_too_large,0.0,gap_too_large,0.0,gap_too_large,0.0,gap_too_large,0.0,gap_too_large,0.0,gap_too_large,0.0,gap_too_large,0.0,gap_too_large,0.0,gap_too_large,0.0,gap_too_large
3592448.0,,2025-01-13 15:40:00,WITEL_AHU_L8,0.0,0.0,0.0,0.0,0.0,0.0,0.0,0.0,0.0,,,,0.0,0.0,0.0,0.0,gap_too_large,0.0,gap_too_large,0.0,gap_too_large,0.0,gap_too_large,0.0,gap_too_large,0.0,gap_too_large,0.0,gap_too_large,0.0,gap_too_large,0.0,gap_too_large,0.0,gap_too_large,0.0,gap_too_large,0.0,gap_too_large,0.0,gap_too_large
3592448.0,,2025-01-13 16:00:00,WITEL_AHU_L8,0.0,0.0,0.0,0.0,0.0,0.0,0.0,0.0,0.0,,,,0.0,0.0,0.0,0.0,gap_too_large,0.0,gap_too_large,0.0,gap_too_large,0.0,gap_too_large,0.0,gap_too_large,0.0,gap_too_large,0.0,gap_too_large,0.0,gap_too_large,0.0,gap_too_large,0.0,gap_too_large,0.0,gap_too_large,0.0,gap_too_large,0.0,gap_too_large
3592448.0,,2025-01-13 16:20:00,WITEL_AHU_L8,0.0,0.0,0.0,0.0,0.0,0.0,0.0,0.0,0.0,,,,0.0,0.0,0.0,0.0,gap_too_large,0.0,gap_too_large,0.0,gap_too_large,0.0,gap_too_large,0.0,gap_too_large,0.0,gap_too_large,0.0,gap_too_large,0.0,gap_too_large,0.0,gap_too_large,0.0,gap_too_large,0.0,gap_too_large,0.0,gap_too_large,0.0,gap_too_large
3592448.0,,2025-01-13 16:40:00,WITEL_AHU_L8,0.0,0.0,0.0,0.0,0.0,0.0,0.0,0.0,0.0,,,,0.0,0.0,0.0,0.0,gap_too_large,0.0,gap_too_large,0.0,gap_too_large,0.0,gap_too_large,0.0,gap_too_large,0.0,gap_too_large,0.0,gap_too_large,0.0,gap_too_large,0.0,gap_too_large,0.0,gap_too_large,0.0,gap_too_large,0.0,gap_too_large,0.0,gap_too_large
3592448.0,,2025-01-13 17:00:00,WITEL_AHU_L8,0.0,0.0,0.0,0.0,0.0,0.0,0.0,0.0,0.0,,,,0.0,0.0,0.0,0.0,gap_too_large,0.0,gap_too_large,0.0,gap_too_large,0.0,gap_too_large,0.0,gap_too_large,0.0,gap_too_large,0.0,gap_too_large,0.0,gap_too_large,0.0,gap_too_large,0.0,gap_too_large,0.0,gap_too_large,0.0,gap_too_large,0.0,gap_too_large
3592448.0,,2025-01-13 17:20:00,WITEL_AHU_L8,0.0,0.0,0.0,0.0,0.0,0.0,0.0,0.0,0.0,,,,0.0,0.0,0.0,0.0,gap_too_large,0.0,gap_too_large,0.0,gap_too_large,0.0,gap_too_large,0.0,gap_too_large,0.0,gap_too_large,0.0,gap_too_large,0.0,gap_too_large,0.0,gap_too_large,0.0,gap_too_large,0.0,gap_too_large,0.0,gap_too_large,0.0,gap_too_large
3592448.0,,2025-01-13 17:40:00,WITEL_AHU_L8,0.0,0.0,0.0,0.0,0.0,0.0,0.0,0.0,0.0,,,,0.0,0.0,0.0,0.0,gap_too_large,0.0,gap_too_large,0.0,gap_too_large,0.0,gap_too_large,0.0,gap_too_large,0.0,gap_too_large,0.0,gap_too_large,0.0,gap_too_large,0.0,gap_too_large,0.0,gap_too_large,0.0,gap_too_large,0.0,gap_too_large,0.0,gap_too_large
3592448.0,,2025-01-13 18:00:00,WITEL_AHU_L8,0.0,0.0,0.0,0.0,0.0,0.0,0.0,0.0,0.0,,,,0.0,0.0,0.0,0.0,gap_too_large,0.0,gap_too_large,0.0,gap_too_large,0.0,gap_too_large,0.0,gap_too_large,0.0,gap_too_large,0.0,gap_too_large,0.0,gap_too_large,0.0,gap_too_large,0.0,gap_too_large,0.0,gap_too_large,0.0,gap_too_large,0.0,gap_too_large
3592448.0,,2025-01-13 18:20:00,WITEL_AHU_L8,0.0,0.0,0.0,0.0,0.0,0.0,0.0,0.0,0.0,,,,0.0,0.0,0.0,0.0,gap_too_large,0.0,gap_too_large,0.0,gap_too_large,0.0,gap_too_large,0.0,gap_too_large,0.0,gap_too_large,0.0,gap_too_large,0.0,gap_too_large,0.0,gap_too_large,0.0,gap_too_large,0.0,gap_too_large,0.0,gap_too_large,0.0,gap_too_large
3592448.0,,2025-01-13 18:40:00,WITEL_AHU_L8,0.0,0.0,0.0,0.0,0.0,0.0,0.0,0.0,0.0,,,,0.0,0.0,0.0,0.0,gap_too_large,0.0,gap_too_large,0.0,gap_too_large,0.0,gap_too_large,0.0,gap_too_large,0.0,gap_too_large,0.0,gap_too_large,0.0,gap_too_large,0.0,gap_too_large,0.0,gap_too_large,0.0,gap_too_large,0.0,gap_too_large,0.0,gap_too_large
3592448.0,,2025-01-13 19:00:00,WITEL_AHU_L8,0.0,0.0,0.0,0.0,0.0,0.0,0.0,0.0,0.0,,,,0.0,0.0,0.0,0.0,gap_too_large,0.0,gap_too_large,0.0,gap_too_large,0.0,gap_too_large,0.0,gap_too_large,0.0,gap_too_large,0.0,gap_too_large,0.0,gap_too_large,0.0,gap_too_large,0.0,gap_too_large,0.0,gap_too_large,0.0,gap_too_large,0.0,gap_too_large
3592448.0,,2025-01-13 19:20:00,WITEL_AHU_L8,0.0,0.0,0.0,0.0,0.0,0.0,0.0,0.0,0.0,,,,0.0,0.0,0.0,0.0,gap_too_large,0.0,gap_too_large,0.0,gap_too_large,0.0,gap_too_large,0.0,gap_too_large,0.0,gap_too_large,0.0,gap_too_large,0.0,gap_too_large,0.0,gap_too_large,0.0,gap_too_large,0.0,gap_too_large,0.0,gap_too_large,0.0,gap_too_large
3592448.0,,2025-01-13 19:40:00,WITEL_AHU_L8,0.0,0.0,0.0,0.0,0.0,0.0,0.0,0.0,0.0,,,,0.0,0.0,0.0,0.0,gap_too_large,0.0,gap_too_large,0.0,gap_too_large,0.0,gap_too_large,0.0,gap_too_large,0.0,gap_too_large,0.0,gap_too_large,0.0,gap_too_large,0.0,gap_too_large,0.0,gap_too_large,0.0,gap_too_large,0.0,gap_too_large,0.0,gap_too_large
3592448.0,,2025-01-13 20:00:00,WITEL_AHU_L8,0.0,0.0,0.0,0.0,0.0,0.0,0.0,0.0,0.0,,,,0.0,0.0,0.0,0.0,gap_too_large,0.0,gap_too_large,0.0,gap_too_large,0.0,gap_too_large,0.0,gap_too_large,0.0,gap_too_large,0.0,gap_too_large,0.0,gap_too_large,0.0,gap_too_large,0.0,gap_too_large,0.0,gap_too_large,0.0,gap_too_large,0.0,gap_too_large
3592448.0,,2025-01-13 20:20:00,WITEL_AHU_L8,0.0,0.0,0.0,0.0,0.0,0.0,0.0,0.0,0.0,,,,0.0,0.0,0.0,0.0,gap_too_large,0.0,gap_too_large,0.0,gap_too_large,0.0,gap_too_large,0.0,gap_too_large,0.0,gap_too_large,0.0,gap_too_large,0.0,gap_too_large,0.0,gap_too_large,0.0,gap_too_large,0.0,gap_too_large,0.0,gap_too_large,0.0,gap_too_large
3592448.0,,2025-01-13 20:40:00,WITEL_AHU_L8,0.0,0.0,0.0,0.0,0.0,0.0,0.0,0.0,0.0,,,,0.0,0.0,0.0,0.0,gap_too_large,0.0,gap_too_large,0.0,gap_too_large,0.0,gap_too_large,0.0,gap_too_large,0.0,gap_too_large,0.0,gap_too_large,0.0,gap_too_large,0.0,gap_too_large,0.0,gap_too_large,0.0,gap_too_large,0.0,gap_too_large,0.0,gap_too_large
3592448.0,,2025-01-13 21:00:00,WITEL_AHU_L8,0.0,0.0,0.0,0.0,0.0,0.0,0.0,0.0,0.0,,,,0.0,0.0,0.0,0.0,gap_too_large,0.0,gap_too_large,0.0,gap_too_large,0.0,gap_too_large,0.0,gap_too_large,0.0,gap_too_large,0.0,gap_too_large,0.0,gap_too_large,0.0,gap_too_large,0.0,gap_too_large,0.0,gap_too_large,0.0,gap_too_large,0.0,gap_too_large
3592448.0,,2025-01-13 21:20:00,WITEL_AHU_L8,0.0,0.0,0.0,0.0,0.0,0.0,0.0,0.0,0.0,,,,0.0,0.0,0.0,0.0,gap_too_large,0.0,gap_too_large,0.0,gap_too_large,0.0,gap_too_large,0.0,gap_too_large,0.0,gap_too_large,0.0,gap_too_large,0.0,gap_too_large,0.0,gap_too_large,0.0,gap_too_large,0.0,gap_too_large,0.0,gap_too_large,0.0,gap_too_large
3592448.0,,2025-01-13 21:40:00,WITEL_AHU_L8,0.0,0.0,0.0,0.0,0.0,0.0,0.0,0.0,0.0,,,,0.0,0.0,0.0,0.0,gap_too_large,0.0,gap_too_large,0.0,gap_too_large,0.0,gap_too_large,0.0,gap_too_large,0.0,gap_too_large,0.0,gap_too_large,0.0,gap_too_large,0.0,gap_too_large,0.0,gap_too_large,0.0,gap_too_large,0.0,gap_too_large,0.0,gap_too_large
3592448.0,,2025-01-13 22:00:00,WITEL_AHU_L8,0.0,0.0,0.0,0.0,0.0,0.0,0.0,0.0,0.0,,,,0.0,0.0,0.0,0.0,gap_too_large,0.0,gap_too_large,0.0,gap_too_large,0.0,gap_too_large,0.0,gap_too_large,0.0,gap_too_large,0.0,gap_too_large,0.0,gap_too_large,0.0,gap_too_large,0.0,gap_too_large,0.0,gap_too_large,0.0,gap_too_large,0.0,gap_too_large
3592448.0,,2025-01-13 22:20:00,WITEL_AHU_L8,0.0,0.0,0.0,0.0,0.0,0.0,0.0,0.0,0.0,,,,0.0,0.0,0.0,0.0,gap_too_large,0.0,gap_too_large,0.0,gap_too_large,0.0,gap_too_large,0.0,gap_too_large,0.0,gap_too_large,0.0,gap_too_large,0.0,gap_too_large,0.0,gap_too_large,0.0,gap_too_large,0.0,gap_too_large,0.0,gap_too_large,0.0,gap_too_large
3592448.0,,2025-01-13 22:40:00,WITEL_AHU_L8,0.0,0.0,0.0,0.0,0.0,0.0,0.0,0.0,0.0,,,,0.0,0.0,0.0,0.0,gap_too_large,0.0,gap_too_large,0.0,gap_too_large,0.0,gap_too_large,0.0,gap_too_large,0.0,gap_too_large,0.0,gap_too_large,0.0,gap_too_large,0.0,gap_too_large,0.0,gap_too_large,0.0,gap_too_large,0.0,gap_too_large,0.0,gap_too_large
3592448.0,,2025-01-13 23:00:00,WITEL_AHU_L8,0.0,0.0,0.0,0.0,0.0,0.0,0.0,0.0,0.0,,,,0.0,0.0,0.0,0.0,gap_too_large,0.0,gap_too_large,0.0,gap_too_large,0.0,gap_too_large,0.0,gap_too_large,0.0,gap_too_large,0.0,gap_too_large,0.0,gap_too_large,0.0,gap_too_large,0.0,gap_too_large,0.0,gap_too_large,0.0,gap_too_large,0.0,gap_too_large
3592448.0,,2025-01-13 23:20:00,WITEL_AHU_L8,0.0,0.0,0.0,0.0,0.0,0.0,0.0,0.0,0.0,,,,0.0,0.0,0.0,0.0,gap_too_large,0.0,gap_too_large,0.0,gap_too_large,0.0,gap_too_large,0.0,gap_too_large,0.0,gap_too_large,0.0,gap_too_large,0.0,gap_too_large,0.0,gap_too_large,0.0,gap_too_large,0.0,gap_too_large,0.0,gap_too_large,0.0,gap_too_large
3592448.0,,2025-01-13 23:40:00,WITEL_AHU_L8,0.0,0.0,0.0,0.0,0.0,0.0,0.0,0.0,0.0,,,,0.0,0.0,0.0,0.0,gap_too_large,0.0,gap_too_large,0.0,gap_too_large,0.0,gap_too_large,0.0,gap_too_large,0.0,gap_too_large,0.0,gap_too_large,0.0,gap_too_large,0.0,gap_too_large,0.0,gap_too_large,0.0,gap_too_large,0.0,gap_too_large,0.0,gap_too_large
3592448.0,,2025-01-14 00:00:00,WITEL_AHU_L8,0.0,0.0,0.0,0.0,0.0,0.0,0.0,0.0,0.0,,,,0.0,0.0,0.0,0.0,gap_too_large,0.0,gap_too_large,0.0,gap_too_large,0.0,gap_too_large,0.0,gap_too_large,0.0,gap_too_large,0.0,gap_too_large,0.0,gap_too_large,0.0,gap_too_large,0.0,gap_too_large,0.0,gap_too_large,0.0,gap_too_large,0.0,gap_too_large
3592448.0,,2025-01-14 00:20:00,WITEL_AHU_L8,0.0,0.0,0.0,0.0,0.0,0.0,0.0,0.0,0.0,,,,0.0,0.0,0.0,0.0,gap_too_large,0.0,gap_too_large,0.0,gap_too_large,0.0,gap_too_large,0.0,gap_too_large,0.0,gap_too_large,0.0,gap_too_large,0.0,gap_too_large,0.0,gap_too_large,0.0,gap_too_large,0.0,gap_too_large,0.0,gap_too_large,0.0,gap_too_large
3592448.0,,2025-01-14 00:40:00,WITEL_AHU_L8,0.0,0.0,0.0,0.0,0.0,0.0,0.0,0.0,0.0,,,,0.0,0.0,0.0,0.0,gap_too_large,0.0,gap_too_large,0.0,gap_too_large,0.0,gap_too_large,0.0,gap_too_large,0.0,gap_too_large,0.0,gap_too_large,0.0,gap_too_large,0.0,gap_too_large,0.0,gap_too_large,0.0,gap_too_large,0.0,gap_too_large,0.0,gap_too_large
3592448.0,,2025-01-14 01:00:00,WITEL_AHU_L8,0.0,0.0,0.0,0.0,0.0,0.0,0.0,0.0,0.0,,,,0.0,0.0,0.0,0.0,gap_too_large,0.0,gap_too_large,0.0,gap_too_large,0.0,gap_too_large,0.0,gap_too_large,0.0,gap_too_large,0.0,gap_too_large,0.0,gap_too_large,0.0,gap_too_large,0.0,gap_too_large,0.0,gap_too_large,0.0,gap_too_large,0.0,gap_too_large
3592448.0,,2025-01-14 01:20:00,WITEL_AHU_L8,0.0,0.0,0.0,0.0,0.0,0.0,0.0,0.0,0.0,,,,0.0,0.0,0.0,0.0,gap_too_large,0.0,gap_too_large,0.0,gap_too_large,0.0,gap_too_large,0.0,gap_too_large,0.0,gap_too_large,0.0,gap_too_large,0.0,gap_too_large,0.0,gap_too_large,0.0,gap_too_large,0.0,gap_too_large,0.0,gap_too_large,0.0,gap_too_large
3592448.0,,2025-01-14 01:40:00,WITEL_AHU_L8,0.0,0.0,0.0,0.0,0.0,0.0,0.0,0.0,0.0,,,,0.0,0.0,0.0,0.0,gap_too_large,0.0,gap_too_large,0.0,gap_too_large,0.0,gap_too_large,0.0,gap_too_large,0.0,gap_too_large,0.0,gap_too_large,0.0,gap_too_large,0.0,gap_too_large,0.0,gap_too_large,0.0,gap_too_large,0.0,gap_too_large,0.0,gap_too_large
3592448.0,,2025-01-14 02:00:00,WITEL_AHU_L8,0.0,0.0,0.0,0.0,0.0,0.0,0.0,0.0,0.0,,,,0.0,0.0,0.0,0.0,gap_too_large,0.0,gap_too_large,0.0,gap_too_large,0.0,gap_too_large,0.0,gap_too_large,0.0,gap_too_large,0.0,gap_too_large,0.0,gap_too_large,0.0,gap_too_large,0.0,gap_too_large,0.0,gap_too_large,0.0,gap_too_large,0.0,gap_too_large
3592448.0,,2025-01-14 02:20:00,WITEL_AHU_L8,0.0,0.0,0.0,0.0,0.0,0.0,0.0,0.0,0.0,,,,0.0,0.0,0.0,0.0,gap_too_large,0.0,gap_too_large,0.0,gap_too_large,0.0,gap_too_large,0.0,gap_too_large,0.0,gap_too_large,0.0,gap_too_large,0.0,gap_too_large,0.0,gap_too_large,0.0,gap_too_large,0.0,gap_too_large,0.0,gap_too_large,0.0,gap_too_large
3592448.0,,2025-01-14 02:40:00,WITEL_AHU_L8,0.0,0.0,0.0,0.0,0.0,0.0,0.0,0.0,0.0,,,,0.0,0.0,0.0,0.0,gap_too_large,0.0,gap_too_large,0.0,gap_too_large,0.0,gap_too_large,0.0,gap_too_large,0.0,gap_too_large,0.0,gap_too_large,0.0,gap_too_large,0.0,gap_too_large,0.0,gap_too_large,0.0,gap_too_large,0.0,gap_too_large,0.0,gap_too_large
3592448.0,,2025-01-14 03:00:00,WITEL_AHU_L8,0.0,0.0,0.0,0.0,0.0,0.0,0.0,0.0,0.0,,,,0.0,0.0,0.0,0.0,gap_too_large,0.0,gap_too_large,0.0,gap_too_large,0.0,gap_too_large,0.0,gap_too_large,0.0,gap_too_large,0.0,gap_too_large,0.0,gap_too_large,0.0,gap_too_large,0.0,gap_too_large,0.0,gap_too_large,0.0,gap_too_large,0.0,gap_too_large
3592448.0,,2025-01-14 03:20:00,WITEL_AHU_L8,0.0,0.0,0.0,0.0,0.0,0.0,0.0,0.0,0.0,,,,0.0,0.0,0.0,0.0,gap_too_large,0.0,gap_too_large,0.0,gap_too_large,0.0,gap_too_large,0.0,gap_too_large,0.0,gap_too_large,0.0,gap_too_large,0.0,gap_too_large,0.0,gap_too_large,0.0,gap_too_large,0.0,gap_too_large,0.0,gap_too_large,0.0,gap_too_large
3592448.0,,2025-01-14 03:40:00,WITEL_AHU_L8,0.0,0.0,0.0,0.0,0.0,0.0,0.0,0.0,0.0,,,,0.0,0.0,0.0,0.0,gap_too_large,0.0,gap_too_large,0.0,gap_too_large,0.0,gap_too_large,0.0,gap_too_large,0.0,gap_too_large,0.0,gap_too_large,0.0,gap_too_large,0.0,gap_too_large,0.0,gap_too_large,0.0,gap_too_large,0.0,gap_too_large,0.0,gap_too_large
3592448.0,,2025-01-14 04:00:00,WITEL_AHU_L8,0.0,0.0,0.0,0.0,0.0,0.0,0.0,0.0,0.0,,,,0.0,0.0,0.0,0.0,gap_too_large,0.0,gap_too_large,0.0,gap_too_large,0.0,gap_too_large,0.0,gap_too_large,0.0,gap_too_large,0.0,gap_too_large,0.0,gap_too_large,0.0,gap_too_large,0.0,gap_too_large,0.0,gap_too_large,0.0,gap_too_large,0.0,gap_too_large
3592448.0,,2025-01-14 04:20:00,WITEL_AHU_L8,0.0,0.0,0.0,0.0,0.0,0.0,0.0,0.0,0.0,,,,0.0,0.0,0.0,0.0,gap_too_large,0.0,gap_too_large,0.0,gap_too_large,0.0,gap_too_large,0.0,gap_too_large,0.0,gap_too_large,0.0,gap_too_large,0.0,gap_too_large,0.0,gap_too_large,0.0,gap_too_large,0.0,gap_too_large,0.0,gap_too_large,0.0,gap_too_large
3592448.0,,2025-01-14 04:40:00,WITEL_AHU_L8,0.0,0.0,0.0,0.0,0.0,0.0,0.0,0.0,0.0,,,,0.0,0.0,0.0,0.0,gap_too_large,0.0,gap_too_large,0.0,gap_too_large,0.0,gap_too_large,0.0,gap_too_large,0.0,gap_too_large,0.0,gap_too_large,0.0,gap_too_large,0.0,gap_too_large,0.0,gap_too_large,0.0,gap_too_large,0.0,gap_too_large,0.0,gap_too_large
3592448.0,,2025-01-14 05:00:00,WITEL_AHU_L8,0.0,0.0,0.0,0.0,0.0,0.0,0.0,0.0,0.0,,,,0.0,0.0,0.0,0.0,gap_too_large,0.0,gap_too_large,0.0,gap_too_large,0.0,gap_too_large,0.0,gap_too_large,0.0,gap_too_large,0.0,gap_too_large,0.0,gap_too_large,0.0,gap_too_large,0.0,gap_too_large,0.0,gap_too_large,0.0,gap_too_large,0.0,gap_too_large
3592448.0,,2025-01-14 05:20:00,WITEL_AHU_L8,0.0,0.0,0.0,0.0,0.0,0.0,0.0,0.0,0.0,,,,0.0,0.0,0.0,0.0,gap_too_large,0.0,gap_too_large,0.0,gap_too_large,0.0,gap_too_large,0.0,gap_too_large,0.0,gap_too_large,0.0,gap_too_large,0.0,gap_too_large,0.0,gap_too_large,0.0,gap_too_large,0.0,gap_too_large,0.0,gap_too_large,0.0,gap_too_large
3592448.0,,2025-01-14 05:40:00,WITEL_AHU_L8,0.0,0.0,0.0,0.0,0.0,0.0,0.0,0.0,0.0,,,,0.0,0.0,0.0,0.0,gap_too_large,0.0,gap_too_large,0.0,gap_too_large,0.0,gap_too_large,0.0,gap_too_large,0.0,gap_too_large,0.0,gap_too_large,0.0,gap_too_large,0.0,gap_too_large,0.0,gap_too_large,0.0,gap_too_large,0.0,gap_too_large,0.0,gap_too_large
3592448.0,,2025-01-14 06:00:00,WITEL_AHU_L8,0.0,0.0,0.0,0.0,0.0,0.0,0.0,0.0,0.0,,,,0.0,0.0,0.0,0.0,gap_too_large,0.0,gap_too_large,0.0,gap_too_large,0.0,gap_too_large,0.0,gap_too_large,0.0,gap_too_large,0.0,gap_too_large,0.0,gap_too_large,0.0,gap_too_large,0.0,gap_too_large,0.0,gap_too_large,0.0,gap_too_large,0.0,gap_too_large
3592448.0,,2025-01-14 06:20:00,WITEL_AHU_L8,0.0,0.0,0.0,0.0,0.0,0.0,0.0,0.0,0.0,,,,0.0,0.0,0.0,0.0,gap_too_large,0.0,gap_too_large,0.0,gap_too_large,0.0,gap_too_large,0.0,gap_too_large,0.0,gap_too_large,0.0,gap_too_large,0.0,gap_too_large,0.0,gap_too_large,0.0,gap_too_large,0.0,gap_too_large,0.0,gap_too_large,0.0,gap_too_large
3592448.0,,2025-01-14 06:40:00,WITEL_AHU_L8,0.0,0.0,0.0,0.0,0.0,0.0,0.0,0.0,0.0,,,,0.0,0.0,0.0,0.0,gap_too_large,0.0,gap_too_large,0.0,gap_too_large,0.0,gap_too_large,0.0,gap_too_large,0.0,gap_too_large,0.0,gap_too_large,0.0,gap_too_large,0.0,gap_too_large,0.0,gap_too_large,0.0,gap_too_large,0.0,gap_too_large,0.0,gap_too_large
3592448.0,,2025-01-14 07:00:00,WITEL_AHU_L8,0.0,0.0,0.0,0.0,0.0,0.0,0.0,0.0,0.0,,,,0.0,0.0,0.0,0.0,gap_too_large,0.0,gap_too_large,0.0,gap_too_large,0.0,gap_too_large,0.0,gap_too_large,0.0,gap_too_large,0.0,gap_too_large,0.0,gap_too_large,0.0,gap_too_large,0.0,gap_too_large,0.0,gap_too_large,0.0,gap_too_large,0.0,gap_too_large
3592448.0,,2025-01-14 07:20:00,WITEL_AHU_L8,0.0,0.0,0.0,0.0,0.0,0.0,0.0,0.0,0.0,,,,0.0,0.0,0.0,0.0,gap_too_large,0.0,gap_too_large,0.0,gap_too_large,0.0,gap_too_large,0.0,gap_too_large,0.0,gap_too_large,0.0,gap_too_large,0.0,gap_too_large,0.0,gap_too_large,0.0,gap_too_large,0.0,gap_too_large,0.0,gap_too_large,0.0,gap_too_large
3592448.0,,2025-01-14 07:40:00,WITEL_AHU_L8,0.0,0.0,0.0,0.0,0.0,0.0,0.0,0.0,0.0,,,,0.0,0.0,0.0,0.0,gap_too_large,0.0,gap_too_large,0.0,gap_too_large,0.0,gap_too_large,0.0,gap_too_large,0.0,gap_too_large,0.0,gap_too_large,0.0,gap_too_large,0.0,gap_too_large,0.0,gap_too_large,0.0,gap_too_large,0.0,gap_too_large,0.0,gap_too_large
3592448.0,,2025-01-14 08:00:00,WITEL_AHU_L8,0.0,0.0,0.0,0.0,0.0,0.0,0.0,0.0,0.0,,,,0.0,0.0,0.0,0.0,gap_too_large,0.0,gap_too_large,0.0,gap_too_large,0.0,gap_too_large,0.0,gap_too_large,0.0,gap_too_large,0.0,gap_too_large,0.0,gap_too_large,0.0,gap_too_large,0.0,gap_too_large,0.0,gap_too_large,0.0,gap_too_large,0.0,gap_too_large
3592448.0,,2025-01-14 08:20:00,WITEL_AHU_L8,0.0,0.0,0.0,0.0,0.0,0.0,0.0,0.0,0.0,,,,0.0,0.0,0.0,0.0,gap_too_large,0.0,gap_too_large,0.0,gap_too_large,0.0,gap_too_large,0.0,gap_too_large,0.0,gap_too_large,0.0,gap_too_large,0.0,gap_too_large,0.0,gap_too_large,0.0,gap_too_large,0.0,gap_too_large,0.0,gap_too_large,0.0,gap_too_large
3592448.0,,2025-01-14 08:40:00,WITEL_AHU_L8,0.0,0.0,0.0,0.0,0.0,0.0,0.0,0.0,0.0,,,,0.0,0.0,0.0,0.0,gap_too_large,0.0,gap_too_large,0.0,gap_too_large,0.0,gap_too_large,0.0,gap_too_large,0.0,gap_too_large,0.0,gap_too_large,0.0,gap_too_large,0.0,gap_too_large,0.0,gap_too_large,0.0,gap_too_large,0.0,gap_too_large,0.0,gap_too_large
3592448.0,,2025-01-14 09:00:00,WITEL_AHU_L8,0.0,0.0,0.0,0.0,0.0,0.0,0.0,0.0,0.0,,,,0.0,0.0,0.0,0.0,gap_too_large,0.0,gap_too_large,0.0,gap_too_large,0.0,gap_too_large,0.0,gap_too_large,0.0,gap_too_large,0.0,gap_too_large,0.0,gap_too_large,0.0,gap_too_large,0.0,gap_too_large,0.0,gap_too_large,0.0,gap_too_large,0.0,gap_too_large
3592448.0,,2025-01-14 09:20:00,WITEL_AHU_L8,0.0,0.0,0.0,0.0,0.0,0.0,0.0,0.0,0.0,,,,0.0,0.0,0.0,0.0,gap_too_large,0.0,gap_too_large,0.0,gap_too_large,0.0,gap_too_large,0.0,gap_too_large,0.0,gap_too_large,0.0,gap_too_large,0.0,gap_too_large,0.0,gap_too_large,0.0,gap_too_large,0.0,gap_too_large,0.0,gap_too_large,0.0,gap_too_large
3592448.0,,2025-01-14 09:40:00,WITEL_AHU_L8,0.0,0.0,0.0,0.0,0.0,0.0,0.0,0.0,0.0,,,,0.0,0.0,0.0,0.0,gap_too_large,0.0,gap_too_large,0.0,gap_too_large,0.0,gap_too_large,0.0,gap_too_large,0.0,gap_too_large,0.0,gap_too_large,0.0,gap_too_large,0.0,gap_too_large,0.0,gap_too_large,0.0,gap_too_large,0.0,gap_too_large,0.0,gap_too_large
3592448.0,,2025-01-14 10:00:00,WITEL_AHU_L8,0.0,0.0,0.0,0.0,0.0,0.0,0.0,0.0,0.0,,,,0.0,0.0,0.0,0.0,gap_too_large,0.0,gap_too_large,0.0,gap_too_large,0.0,gap_too_large,0.0,gap_too_large,0.0,gap_too_large,0.0,gap_too_large,0.0,gap_too_large,0.0,gap_too_large,0.0,gap_too_large,0.0,gap_too_large,0.0,gap_too_large,0.0,gap_too_large
3592448.0,,2025-01-14 10:20:00,WITEL_AHU_L8,0.0,0.0,0.0,0.0,0.0,0.0,0.0,0.0,0.0,,,,0.0,0.0,0.0,0.0,gap_too_large,0.0,gap_too_large,0.0,gap_too_large,0.0,gap_too_large,0.0,gap_too_large,0.0,gap_too_large,0.0,gap_too_large,0.0,gap_too_large,0.0,gap_too_large,0.0,gap_too_large,0.0,gap_too_large,0.0,gap_too_large,0.0,gap_too_large
3592448.0,,2025-01-14 10:40:00,WITEL_AHU_L8,0.0,0.0,0.0,0.0,0.0,0.0,0.0,0.0,0.0,,,,0.0,0.0,0.0,0.0,gap_too_large,0.0,gap_too_large,0.0,gap_too_large,0.0,gap_too_large,0.0,gap_too_large,0.0,gap_too_large,0.0,gap_too_large,0.0,gap_too_large,0.0,gap_too_large,0.0,gap_too_large,0.0,gap_too_large,0.0,gap_too_large,0.0,gap_too_large
3592448.0,,2025-01-14 11:00:00,WITEL_AHU_L8,0.0,0.0,0.0,0.0,0.0,0.0,0.0,0.0,0.0,,,,0.0,0.0,0.0,0.0,gap_too_large,0.0,gap_too_large,0.0,gap_too_large,0.0,gap_too_large,0.0,gap_too_large,0.0,gap_too_large,0.0,gap_too_large,0.0,gap_too_large,0.0,gap_too_large,0.0,gap_too_large,0.0,gap_too_large,0.0,gap_too_large,0.0,gap_too_large
3592448.0,,2025-01-14 11:20:00,WITEL_AHU_L8,0.0,0.0,0.0,0.0,0.0,0.0,0.0,0.0,0.0,,,,0.0,0.0,0.0,0.0,gap_too_large,0.0,gap_too_large,0.0,gap_too_large,0.0,gap_too_large,0.0,gap_too_large,0.0,gap_too_large,0.0,gap_too_large,0.0,gap_too_large,0.0,gap_too_large,0.0,gap_too_large,0.0,gap_too_large,0.0,gap_too_large,0.0,gap_too_large
3592448.0,,2025-01-14 11:40:00,WITEL_AHU_L8,0.0,0.0,0.0,0.0,0.0,0.0,0.0,0.0,0.0,,,,0.0,0.0,0.0,0.0,gap_too_large,0.0,gap_too_large,0.0,gap_too_large,0.0,gap_too_large,0.0,gap_too_large,0.0,gap_too_large,0.0,gap_too_large,0.0,gap_too_large,0.0,gap_too_large,0.0,gap_too_large,0.0,gap_too_large,0.0,gap_too_large,0.0,gap_too_large
3592448.0,,2025-01-14 12:00:00,WITEL_AHU_L8,0.0,0.0,0.0,0.0,0.0,0.0,0.0,0.0,0.0,,,,0.0,0.0,0.0,0.0,gap_too_large,0.0,gap_too_large,0.0,gap_too_large,0.0,gap_too_large,0.0,gap_too_large,0.0,gap_too_large,0.0,gap_too_large,0.0,gap_too_large,0.0,gap_too_large,0.0,gap_too_large,0.0,gap_too_large,0.0,gap_too_large,0.0,gap_too_large
3592448.0,,2025-01-14 12:20:00,WITEL_AHU_L8,0.0,0.0,0.0,0.0,0.0,0.0,0.0,0.0,0.0,,,,0.0,0.0,0.0,0.0,gap_too_large,0.0,gap_too_large,0.0,gap_too_large,0.0,gap_too_large,0.0,gap_too_large,0.0,gap_too_large,0.0,gap_too_large,0.0,gap_too_large,0.0,gap_too_large,0.0,gap_too_large,0.0,gap_too_large,0.0,gap_too_large,0.0,gap_too_large
3592448.0,,2025-01-14 12:40:00,WITEL_AHU_L8,0.0,0.0,0.0,0.0,0.0,0.0,0.0,0.0,0.0,,,,0.0,0.0,0.0,0.0,gap_too_large,0.0,gap_too_large,0.0,gap_too_large,0.0,gap_too_large,0.0,gap_too_large,0.0,gap_too_large,0.0,gap_too_large,0.0,gap_too_large,0.0,gap_too_large,0.0,gap_too_large,0.0,gap_too_large,0.0,gap_too_large,0.0,gap_too_large
3592448.0,,2025-01-14 13:00:00,WITEL_AHU_L8,0.0,0.0,0.0,0.0,0.0,0.0,0.0,0.0,0.0,,,,0.0,0.0,0.0,0.0,gap_too_large,0.0,gap_too_large,0.0,gap_too_large,0.0,gap_too_large,0.0,gap_too_large,0.0,gap_too_large,0.0,gap_too_large,0.0,gap_too_large,0.0,gap_too_large,0.0,gap_too_large,0.0,gap_too_large,0.0,gap_too_large,0.0,gap_too_large
3592448.0,,2025-01-14 13:20:00,WITEL_AHU_L8,0.0,0.0,0.0,0.0,0.0,0.0,0.0,0.0,0.0,,,,0.0,0.0,0.0,0.0,gap_too_large,0.0,gap_too_large,0.0,gap_too_large,0.0,gap_too_large,0.0,gap_too_large,0.0,gap_too_large,0.0,gap_too_large,0.0,gap_too_large,0.0,gap_too_large,0.0,gap_too_large,0.0,gap_too_large,0.0,gap_too_large,0.0,gap_too_large
3592448.0,,2025-01-14 13:40:00,WITEL_AHU_L8,0.0,0.0,0.0,0.0,0.0,0.0,0.0,0.0,0.0,,,,0.0,0.0,0.0,0.0,gap_too_large,0.0,gap_too_large,0.0,gap_too_large,0.0,gap_too_large,0.0,gap_too_large,0.0,gap_too_large,0.0,gap_too_large,0.0,gap_too_large,0.0,gap_too_large,0.0,gap_too_large,0.0,gap_too_large,0.0,gap_too_large,0.0,gap_too_large
3592448.0,,2025-01-14 14:00:00,WITEL_AHU_L8,0.0,0.0,0.0,0.0,0.0,0.0,0.0,0.0,0.0,,,,0.0,0.0,0.0,0.0,gap_too_large,0.0,gap_too_large,0.0,gap_too_large,0.0,gap_too_large,0.0,gap_too_large,0.0,gap_too_large,0.0,gap_too_large,0.0,gap_too_large,0.0,gap_too_large,0.0,gap_too_large,0.0,gap_too_large,0.0,gap_too_large,0.0,gap_too_large
3592448.0,,2025-01-14 14:20:00,WITEL_AHU_L8,0.0,0.0,0.0,0.0,0.0,0.0,0.0,0.0,0.0,,,,0.0,0.0,0.0,0.0,gap_too_large,0.0,gap_too_large,0.0,gap_too_large,0.0,gap_too_large,0.0,gap_too_large,0.0,gap_too_large,0.0,gap_too_large,0.0,gap_too_large,0.0,gap_too_large,0.0,gap_too_large,0.0,gap_too_large,0.0,gap_too_large,0.0,gap_too_large
3592448.0,,2025-01-14 14:40:00,WITEL_AHU_L8,0.0,0.0,0.0,0.0,0.0,0.0,0.0,0.0,0.0,,,,0.0,0.0,0.0,0.0,gap_too_large,0.0,gap_too_large,0.0,gap_too_large,0.0,gap_too_large,0.0,gap_too_large,0.0,gap_too_large,0.0,gap_too_large,0.0,gap_too_large,0.0,gap_too_large,0.0,gap_too_large,0.0,gap_too_large,0.0,gap_too_large,0.0,gap_too_large
3592448.0,,2025-01-14 15:00:00,WITEL_AHU_L8,0.0,0.0,0.0,0.0,0.0,0.0,0.0,0.0,0.0,,,,0.0,0.0,0.0,0.0,gap_too_large,0.0,gap_too_large,0.0,gap_too_large,0.0,gap_too_large,0.0,gap_too_large,0.0,gap_too_large,0.0,gap_too_large,0.0,gap_too_large,0.0,gap_too_large,0.0,gap_too_large,0.0,gap_too_large,0.0,gap_too_large,0.0,gap_too_large
3592448.0,,2025-01-14 15:20:00,WITEL_AHU_L8,0.0,0.0,0.0,0.0,0.0,0.0,0.0,0.0,0.0,,,,0.0,0.0,0.0,0.0,gap_too_large,0.0,gap_too_large,0.0,gap_too_large,0.0,gap_too_large,0.0,gap_too_large,0.0,gap_too_large,0.0,gap_too_large,0.0,gap_too_large,0.0,gap_too_large,0.0,gap_too_large,0.0,gap_too_large,0.0,gap_too_large,0.0,gap_too_large
3592448.0,,2025-01-14 15:40:00,WITEL_AHU_L8,0.0,0.0,0.0,0.0,0.0,0.0,0.0,0.0,0.0,,,,0.0,0.0,0.0,0.0,gap_too_large,0.0,gap_too_large,0.0,gap_too_large,0.0,gap_too_large,0.0,gap_too_large,0.0,gap_too_large,0.0,gap_too_large,0.0,gap_too_large,0.0,gap_too_large,0.0,gap_too_large,0.0,gap_too_large,0.0,gap_too_large,0.0,gap_too_large
3592448.0,,2025-01-14 16:00:00,WITEL_AHU_L8,0.0,0.0,0.0,0.0,0.0,0.0,0.0,0.0,0.0,,,,0.0,0.0,0.0,0.0,gap_too_large,0.0,gap_too_large,0.0,gap_too_large,0.0,gap_too_large,0.0,gap_too_large,0.0,gap_too_large,0.0,gap_too_large,0.0,gap_too_large,0.0,gap_too_large,0.0,gap_too_large,0.0,gap_too_large,0.0,gap_too_large,0.0,gap_too_large
3592448.0,,2025-01-14 16:20:00,WITEL_AHU_L8,0.0,0.0,0.0,0.0,0.0,0.0,0.0,0.0,0.0,,,,0.0,0.0,0.0,0.0,gap_too_large,0.0,gap_too_large,0.0,gap_too_large,0.0,gap_too_large,0.0,gap_too_large,0.0,gap_too_large,0.0,gap_too_large,0.0,gap_too_large,0.0,gap_too_large,0.0,gap_too_large,0.0,gap_too_large,0.0,gap_too_large,0.0,gap_too_large
3592448.0,,2025-01-14 16:40:00,WITEL_AHU_L8,0.0,0.0,0.0,0.0,0.0,0.0,0.0,0.0,0.0,,,,0.0,0.0,0.0,0.0,gap_too_large,0.0,gap_too_large,0.0,gap_too_large,0.0,gap_too_large,0.0,gap_too_large,0.0,gap_too_large,0.0,gap_too_large,0.0,gap_too_large,0.0,gap_too_large,0.0,gap_too_large,0.0,gap_too_large,0.0,gap_too_large,0.0,gap_too_large
3592448.0,,2025-01-14 17:00:00,WITEL_AHU_L8,0.0,0.0,0.0,0.0,0.0,0.0,0.0,0.0,0.0,,,,0.0,0.0,0.0,0.0,gap_too_large,0.0,gap_too_large,0.0,gap_too_large,0.0,gap_too_large,0.0,gap_too_large,0.0,gap_too_large,0.0,gap_too_large,0.0,gap_too_large,0.0,gap_too_large,0.0,gap_too_large,0.0,gap_too_large,0.0,gap_too_large,0.0,gap_too_large
3592448.0,,2025-01-14 17:20:00,WITEL_AHU_L8,0.0,0.0,0.0,0.0,0.0,0.0,0.0,0.0,0.0,,,,0.0,0.0,0.0,0.0,gap_too_large,0.0,gap_too_large,0.0,gap_too_large,0.0,gap_too_large,0.0,gap_too_large,0.0,gap_too_large,0.0,gap_too_large,0.0,gap_too_large,0.0,gap_too_large,0.0,gap_too_large,0.0,gap_too_large,0.0,gap_too_large,0.0,gap_too_large
3592448.0,,2025-01-14 17:40:00,WITEL_AHU_L8,0.0,0.0,0.0,0.0,0.0,0.0,0.0,0.0,0.0,,,,0.0,0.0,0.0,0.0,gap_too_large,0.0,gap_too_large,0.0,gap_too_large,0.0,gap_too_large,0.0,gap_too_large,0.0,gap_too_large,0.0,gap_too_large,0.0,gap_too_large,0.0,gap_too_large,0.0,gap_too_large,0.0,gap_too_large,0.0,gap_too_large,0.0,gap_too_large
3592448.0,,2025-01-14 18:00:00,WITEL_AHU_L8,0.0,0.0,0.0,0.0,0.0,0.0,0.0,0.0,0.0,,,,0.0,0.0,0.0,0.0,gap_too_large,0.0,gap_too_large,0.0,gap_too_large,0.0,gap_too_large,0.0,gap_too_large,0.0,gap_too_large,0.0,gap_too_large,0.0,gap_too_large,0.0,gap_too_large,0.0,gap_too_large,0.0,gap_too_large,0.0,gap_too_large,0.0,gap_too_large
3592448.0,,2025-01-14 18:20:00,WITEL_AHU_L8,0.0,0.0,0.0,0.0,0.0,0.0,0.0,0.0,0.0,,,,0.0,0.0,0.0,0.0,gap_too_large,0.0,gap_too_large,0.0,gap_too_large,0.0,gap_too_large,0.0,gap_too_large,0.0,gap_too_large,0.0,gap_too_large,0.0,gap_too_large,0.0,gap_too_large,0.0,gap_too_large,0.0,gap_too_large,0.0,gap_too_large,0.0,gap_too_large
3592448.0,,2025-01-14 18:40:00,WITEL_AHU_L8,0.0,0.0,0.0,0.0,0.0,0.0,0.0,0.0,0.0,,,,0.0,0.0,0.0,0.0,gap_too_large,0.0,gap_too_large,0.0,gap_too_large,0.0,gap_too_large,0.0,gap_too_large,0.0,gap_too_large,0.0,gap_too_large,0.0,gap_too_large,0.0,gap_too_large,0.0,gap_too_large,0.0,gap_too_large,0.0,gap_too_large,0.0,gap_too_large
3592448.0,,2025-01-14 19:00:00,WITEL_AHU_L8,0.0,0.0,0.0,0.0,0.0,0.0,0.0,0.0,0.0,,,,0.0,0.0,0.0,0.0,gap_too_large,0.0,gap_too_large,0.0,gap_too_large,0.0,gap_too_large,0.0,gap_too_large,0.0,gap_too_large,0.0,gap_too_large,0.0,gap_too_large,0.0,gap_too_large,0.0,gap_too_large,0.0,gap_too_large,0.0,gap_too_large,0.0,gap_too_large
3592448.0,,2025-01-14 19:20:00,WITEL_AHU_L8,0.0,0.0,0.0,0.0,0.0,0.0,0.0,0.0,0.0,,,,0.0,0.0,0.0,0.0,gap_too_large,0.0,gap_too_large,0.0,gap_too_large,0.0,gap_too_large,0.0,gap_too_large,0.0,gap_too_large,0.0,gap_too_large,0.0,gap_too_large,0.0,gap_too_large,0.0,gap_too_large,0.0,gap_too_large,0.0,gap_too_large,0.0,gap_too_large
3592448.0,,2025-01-14 19:40:00,WITEL_AHU_L8,0.0,0.0,0.0,0.0,0.0,0.0,0.0,0.0,0.0,,,,0.0,0.0,0.0,0.0,gap_too_large,0.0,gap_too_large,0.0,gap_too_large,0.0,gap_too_large,0.0,gap_too_large,0.0,gap_too_large,0.0,gap_too_large,0.0,gap_too_large,0.0,gap_too_large,0.0,gap_too_large,0.0,gap_too_large,0.0,gap_too_large,0.0,gap_too_large
3592448.0,,2025-01-14 20:00:00,WITEL_AHU_L8,0.0,0.0,0.0,0.0,0.0,0.0,0.0,0.0,0.0,,,,0.0,0.0,0.0,0.0,gap_too_large,0.0,gap_too_large,0.0,gap_too_large,0.0,gap_too_large,0.0,gap_too_large,0.0,gap_too_large,0.0,gap_too_large,0.0,gap_too_large,0.0,gap_too_large,0.0,gap_too_large,0.0,gap_too_large,0.0,gap_too_large,0.0,gap_too_large
3592448.0,,2025-01-14 20:20:00,WITEL_AHU_L8,0.0,0.0,0.0,0.0,0.0,0.0,0.0,0.0,0.0,,,,0.0,0.0,0.0,0.0,gap_too_large,0.0,gap_too_large,0.0,gap_too_large,0.0,gap_too_large,0.0,gap_too_large,0.0,gap_too_large,0.0,gap_too_large,0.0,gap_too_large,0.0,gap_too_large,0.0,gap_too_large,0.0,gap_too_large,0.0,gap_too_large,0.0,gap_too_large
3592448.0,,2025-01-14 20:40:00,WITEL_AHU_L8,0.0,0.0,0.0,0.0,0.0,0.0,0.0,0.0,0.0,,,,0.0,0.0,0.0,0.0,gap_too_large,0.0,gap_too_large,0.0,gap_too_large,0.0,gap_too_large,0.0,gap_too_large,0.0,gap_too_large,0.0,gap_too_large,0.0,gap_too_large,0.0,gap_too_large,0.0,gap_too_large,0.0,gap_too_large,0.0,gap_too_large,0.0,gap_too_large
3592448.0,,2025-01-14 21:00:00,WITEL_AHU_L8,0.0,0.0,0.0,0.0,0.0,0.0,0.0,0.0,0.0,,,,0.0,0.0,0.0,0.0,gap_too_large,0.0,gap_too_large,0.0,gap_too_large,0.0,gap_too_large,0.0,gap_too_large,0.0,gap_too_large,0.0,gap_too_large,0.0,gap_too_large,0.0,gap_too_large,0.0,gap_too_large,0.0,gap_too_large,0.0,gap_too_large,0.0,gap_too_large
3592448.0,,2025-01-14 21:20:00,WITEL_AHU_L8,0.0,0.0,0.0,0.0,0.0,0.0,0.0,0.0,0.0,,,,0.0,0.0,0.0,0.0,gap_too_large,0.0,gap_too_large,0.0,gap_too_large,0.0,gap_too_large,0.0,gap_too_large,0.0,gap_too_large,0.0,gap_too_large,0.0,gap_too_large,0.0,gap_too_large,0.0,gap_too_large,0.0,gap_too_large,0.0,gap_too_large,0.0,gap_too_large
3592448.0,,2025-01-14 21:40:00,WITEL_AHU_L8,0.0,0.0,0.0,0.0,0.0,0.0,0.0,0.0,0.0,,,,0.0,0.0,0.0,0.0,gap_too_large,0.0,gap_too_large,0.0,gap_too_large,0.0,gap_too_large,0.0,gap_too_large,0.0,gap_too_large,0.0,gap_too_large,0.0,gap_too_large,0.0,gap_too_large,0.0,gap_too_large,0.0,gap_too_large,0.0,gap_too_large,0.0,gap_too_large
3592448.0,,2025-01-14 22:00:00,WITEL_AHU_L8,0.0,0.0,0.0,0.0,0.0,0.0,0.0,0.0,0.0,,,,0.0,0.0,0.0,0.0,gap_too_large,0.0,gap_too_large,0.0,gap_too_large,0.0,gap_too_large,0.0,gap_too_large,0.0,gap_too_large,0.0,gap_too_large,0.0,gap_too_large,0.0,gap_too_large,0.0,gap_too_large,0.0,gap_too_large,0.0,gap_too_large,0.0,gap_too_large
3592448.0,,2025-01-14 22:20:00,WITEL_AHU_L8,0.0,0.0,0.0,0.0,0.0,0.0,0.0,0.0,0.0,,,,0.0,0.0,0.0,0.0,gap_too_large,0.0,gap_too_large,0.0,gap_too_large,0.0,gap_too_large,0.0,gap_too_large,0.0,gap_too_large,0.0,gap_too_large,0.0,gap_too_large,0.0,gap_too_large,0.0,gap_too_large,0.0,gap_too_large,0.0,gap_too_large,0.0,gap_too_large
3592448.0,,2025-01-14 22:40:00,WITEL_AHU_L8,0.0,0.0,0.0,0.0,0.0,0.0,0.0,0.0,0.0,,,,0.0,0.0,0.0,0.0,gap_too_large,0.0,gap_too_large,0.0,gap_too_large,0.0,gap_too_large,0.0,gap_too_large,0.0,gap_too_large,0.0,gap_too_large,0.0,gap_too_large,0.0,gap_too_large,0.0,gap_too_large,0.0,gap_too_large,0.0,gap_too_large,0.0,gap_too_large
3592448.0,,2025-01-14 23:00:00,WITEL_AHU_L8,0.0,0.0,0.0,0.0,0.0,0.0,0.0,0.0,0.0,,,,0.0,0.0,0.0,0.0,gap_too_large,0.0,gap_too_large,0.0,gap_too_large,0.0,gap_too_large,0.0,gap_too_large,0.0,gap_too_large,0.0,gap_too_large,0.0,gap_too_large,0.0,gap_too_large,0.0,gap_too_large,0.0,gap_too_large,0.0,gap_too_large,0.0,gap_too_large
3592448.0,,2025-01-14 23:20:00,WITEL_AHU_L8,0.0,0.0,0.0,0.0,0.0,0.0,0.0,0.0,0.0,,,,0.0,0.0,0.0,0.0,gap_too_large,0.0,gap_too_large,0.0,gap_too_large,0.0,gap_too_large,0.0,gap_too_large,0.0,gap_too_large,0.0,gap_too_large,0.0,gap_too_large,0.0,gap_too_large,0.0,gap_too_large,0.0,gap_too_large,0.0,gap_too_large,0.0,gap_too_large
3592448.0,,2025-01-14 23:40:00,WITEL_AHU_L8,0.0,0.0,0.0,0.0,0.0,0.0,0.0,0.0,0.0,,,,0.0,0.0,0.0,0.0,gap_too_large,0.0,gap_too_large,0.0,gap_too_large,0.0,gap_too_large,0.0,gap_too_large,0.0,gap_too_large,0.0,gap_too_large,0.0,gap_too_large,0.0,gap_too_large,0.0,gap_too_large,0.0,gap_too_large,0.0,gap_too_large,0.0,gap_too_large
3592448.0,,2025-01-15 00:00:00,WITEL_AHU_L8,0.0,0.0,0.0,0.0,0.0,0.0,0.0,0.0,0.0,,,,0.0,0.0,0.0,0.0,gap_too_large,0.0,gap_too_large,0.0,gap_too_large,0.0,gap_too_large,0.0,gap_too_large,0.0,gap_too_large,0.0,gap_too_large,0.0,gap_too_large,0.0,gap_too_large,0.0,gap_too_large,0.0,gap_too_large,0.0,gap_too_large,0.0,gap_too_large
3592448.0,,2025-01-15 00:20:00,WITEL_AHU_L8,0.0,0.0,0.0,0.0,0.0,0.0,0.0,0.0,0.0,,,,0.0,0.0,0.0,0.0,gap_too_large,0.0,gap_too_large,0.0,gap_too_large,0.0,gap_too_large,0.0,gap_too_large,0.0,gap_too_large,0.0,gap_too_large,0.0,gap_too_large,0.0,gap_too_large,0.0,gap_too_large,0.0,gap_too_large,0.0,gap_too_large,0.0,gap_too_large
3592448.0,,2025-01-15 00:40:00,WITEL_AHU_L8,0.0,0.0,0.0,0.0,0.0,0.0,0.0,0.0,0.0,,,,0.0,0.0,0.0,0.0,gap_too_large,0.0,gap_too_large,0.0,gap_too_large,0.0,gap_too_large,0.0,gap_too_large,0.0,gap_too_large,0.0,gap_too_large,0.0,gap_too_large,0.0,gap_too_large,0.0,gap_too_large,0.0,gap_too_large,0.0,gap_too_large,0.0,gap_too_large
3592448.0,,2025-01-15 01:00:00,WITEL_AHU_L8,0.0,0.0,0.0,0.0,0.0,0.0,0.0,0.0,0.0,,,,0.0,0.0,0.0,0.0,gap_too_large,0.0,gap_too_large,0.0,gap_too_large,0.0,gap_too_large,0.0,gap_too_large,0.0,gap_too_large,0.0,gap_too_large,0.0,gap_too_large,0.0,gap_too_large,0.0,gap_too_large,0.0,gap_too_large,0.0,gap_too_large,0.0,gap_too_large
3592448.0,,2025-01-15 01:20:00,WITEL_AHU_L8,0.0,0.0,0.0,0.0,0.0,0.0,0.0,0.0,0.0,,,,0.0,0.0,0.0,0.0,gap_too_large,0.0,gap_too_large,0.0,gap_too_large,0.0,gap_too_large,0.0,gap_too_large,0.0,gap_too_large,0.0,gap_too_large,0.0,gap_too_large,0.0,gap_too_large,0.0,gap_too_large,0.0,gap_too_large,0.0,gap_too_large,0.0,gap_too_large
3592448.0,,2025-01-15 01:40:00,WITEL_AHU_L8,0.0,0.0,0.0,0.0,0.0,0.0,0.0,0.0,0.0,,,,0.0,0.0,0.0,0.0,gap_too_large,0.0,gap_too_large,0.0,gap_too_large,0.0,gap_too_large,0.0,gap_too_large,0.0,gap_too_large,0.0,gap_too_large,0.0,gap_too_large,0.0,gap_too_large,0.0,gap_too_large,0.0,gap_too_large,0.0,gap_too_large,0.0,gap_too_large
3592448.0,,2025-01-15 02:00:00,WITEL_AHU_L8,0.0,0.0,0.0,0.0,0.0,0.0,0.0,0.0,0.0,,,,0.0,0.0,0.0,0.0,gap_too_large,0.0,gap_too_large,0.0,gap_too_large,0.0,gap_too_large,0.0,gap_too_large,0.0,gap_too_large,0.0,gap_too_large,0.0,gap_too_large,0.0,gap_too_large,0.0,gap_too_large,0.0,gap_too_large,0.0,gap_too_large,0.0,gap_too_large
3592448.0,,2025-01-15 02:20:00,WITEL_AHU_L8,0.0,0.0,0.0,0.0,0.0,0.0,0.0,0.0,0.0,,,,0.0,0.0,0.0,0.0,gap_too_large,0.0,gap_too_large,0.0,gap_too_large,0.0,gap_too_large,0.0,gap_too_large,0.0,gap_too_large,0.0,gap_too_large,0.0,gap_too_large,0.0,gap_too_large,0.0,gap_too_large,0.0,gap_too_large,0.0,gap_too_large,0.0,gap_too_large
3592448.0,,2025-01-15 02:40:00,WITEL_AHU_L8,0.0,0.0,0.0,0.0,0.0,0.0,0.0,0.0,0.0,,,,0.0,0.0,0.0,0.0,gap_too_large,0.0,gap_too_large,0.0,gap_too_large,0.0,gap_too_large,0.0,gap_too_large,0.0,gap_too_large,0.0,gap_too_large,0.0,gap_too_large,0.0,gap_too_large,0.0,gap_too_large,0.0,gap_too_large,0.0,gap_too_large,0.0,gap_too_large
3592448.0,,2025-01-15 03:00:00,WITEL_AHU_L8,0.0,0.0,0.0,0.0,0.0,0.0,0.0,0.0,0.0,,,,0.0,0.0,0.0,0.0,gap_too_large,0.0,gap_too_large,0.0,gap_too_large,0.0,gap_too_large,0.0,gap_too_large,0.0,gap_too_large,0.0,gap_too_large,0.0,gap_too_large,0.0,gap_too_large,0.0,gap_too_large,0.0,gap_too_large,0.0,gap_too_large,0.0,gap_too_large
3592448.0,,2025-01-15 03:20:00,WITEL_AHU_L8,0.0,0.0,0.0,0.0,0.0,0.0,0.0,0.0,0.0,,,,0.0,0.0,0.0,0.0,gap_too_large,0.0,gap_too_large,0.0,gap_too_large,0.0,gap_too_large,0.0,gap_too_large,0.0,gap_too_large,0.0,gap_too_large,0.0,gap_too_large,0.0,gap_too_large,0.0,gap_too_large,0.0,gap_too_large,0.0,gap_too_large,0.0,gap_too_large
3592448.0,,2025-01-15 03:40:00,WITEL_AHU_L8,0.0,0.0,0.0,0.0,0.0,0.0,0.0,0.0,0.0,,,,0.0,0.0,0.0,0.0,gap_too_large,0.0,gap_too_large,0.0,gap_too_large,0.0,gap_too_large,0.0,gap_too_large,0.0,gap_too_large,0.0,gap_too_large,0.0,gap_too_large,0.0,gap_too_large,0.0,gap_too_large,0.0,gap_too_large,0.0,gap_too_large,0.0,gap_too_large
3592448.0,,2025-01-15 04:00:00,WITEL_AHU_L8,0.0,0.0,0.0,0.0,0.0,0.0,0.0,0.0,0.0,,,,0.0,0.0,0.0,0.0,gap_too_large,0.0,gap_too_large,0.0,gap_too_large,0.0,gap_too_large,0.0,gap_too_large,0.0,gap_too_large,0.0,gap_too_large,0.0,gap_too_large,0.0,gap_too_large,0.0,gap_too_large,0.0,gap_too_large,0.0,gap_too_large,0.0,gap_too_large
3592448.0,,2025-01-15 04:20:00,WITEL_AHU_L8,0.0,0.0,0.0,0.0,0.0,0.0,0.0,0.0,0.0,,,,0.0,0.0,0.0,0.0,gap_too_large,0.0,gap_too_large,0.0,gap_too_large,0.0,gap_too_large,0.0,gap_too_large,0.0,gap_too_large,0.0,gap_too_large,0.0,gap_too_large,0.0,gap_too_large,0.0,gap_too_large,0.0,gap_too_large,0.0,gap_too_large,0.0,gap_too_large
3592448.0,,2025-01-15 04:40:00,WITEL_AHU_L8,0.0,0.0,0.0,0.0,0.0,0.0,0.0,0.0,0.0,,,,0.0,0.0,0.0,0.0,gap_too_large,0.0,gap_too_large,0.0,gap_too_large,0.0,gap_too_large,0.0,gap_too_large,0.0,gap_too_large,0.0,gap_too_large,0.0,gap_too_large,0.0,gap_too_large,0.0,gap_too_large,0.0,gap_too_large,0.0,gap_too_large,0.0,gap_too_large
3592448.0,,2025-01-15 05:00:00,WITEL_AHU_L8,0.0,0.0,0.0,0.0,0.0,0.0,0.0,0.0,0.0,,,,0.0,0.0,0.0,0.0,gap_too_large,0.0,gap_too_large,0.0,gap_too_large,0.0,gap_too_large,0.0,gap_too_large,0.0,gap_too_large,0.0,gap_too_large,0.0,gap_too_large,0.0,gap_too_large,0.0,gap_too_large,0.0,gap_too_large,0.0,gap_too_large,0.0,gap_too_large
3592448.0,,2025-01-15 05:20:00,WITEL_AHU_L8,0.0,0.0,0.0,0.0,0.0,0.0,0.0,0.0,0.0,,,,0.0,0.0,0.0,0.0,gap_too_large,0.0,gap_too_large,0.0,gap_too_large,0.0,gap_too_large,0.0,gap_too_large,0.0,gap_too_large,0.0,gap_too_large,0.0,gap_too_large,0.0,gap_too_large,0.0,gap_too_large,0.0,gap_too_large,0.0,gap_too_large,0.0,gap_too_large
3592448.0,,2025-01-15 05:40:00,WITEL_AHU_L8,0.0,0.0,0.0,0.0,0.0,0.0,0.0,0.0,0.0,,,,0.0,0.0,0.0,0.0,gap_too_large,0.0,gap_too_large,0.0,gap_too_large,0.0,gap_too_large,0.0,gap_too_large,0.0,gap_too_large,0.0,gap_too_large,0.0,gap_too_large,0.0,gap_too_large,0.0,gap_too_large,0.0,gap_too_large,0.0,gap_too_large,0.0,gap_too_large
3592448.0,,2025-01-15 06:00:00,WITEL_AHU_L8,0.0,0.0,0.0,0.0,0.0,0.0,0.0,0.0,0.0,,,,0.0,0.0,0.0,0.0,gap_too_large,0.0,gap_too_large,0.0,gap_too_large,0.0,gap_too_large,0.0,gap_too_large,0.0,gap_too_large,0.0,gap_too_large,0.0,gap_too_large,0.0,gap_too_large,0.0,gap_too_large,0.0,gap_too_large,0.0,gap_too_large,0.0,gap_too_large
3592448.0,,2025-01-15 06:20:00,WITEL_AHU_L8,0.0,0.0,0.0,0.0,0.0,0.0,0.0,0.0,0.0,,,,0.0,0.0,0.0,0.0,gap_too_large,0.0,gap_too_large,0.0,gap_too_large,0.0,gap_too_large,0.0,gap_too_large,0.0,gap_too_large,0.0,gap_too_large,0.0,gap_too_large,0.0,gap_too_large,0.0,gap_too_large,0.0,gap_too_large,0.0,gap_too_large,0.0,gap_too_large
3592448.0,,2025-01-15 06:40:00,WITEL_AHU_L8,0.0,0.0,0.0,0.0,0.0,0.0,0.0,0.0,0.0,,,,0.0,0.0,0.0,0.0,gap_too_large,0.0,gap_too_large,0.0,gap_too_large,0.0,gap_too_large,0.0,gap_too_large,0.0,gap_too_large,0.0,gap_too_large,0.0,gap_too_large,0.0,gap_too_large,0.0,gap_too_large,0.0,gap_too_large,0.0,gap_too_large,0.0,gap_too_large
3592448.0,,2025-01-15 07:00:00,WITEL_AHU_L8,0.0,0.0,0.0,0.0,0.0,0.0,0.0,0.0,0.0,,,,0.0,0.0,0.0,0.0,gap_too_large,0.0,gap_too_large,0.0,gap_too_large,0.0,gap_too_large,0.0,gap_too_large,0.0,gap_too_large,0.0,gap_too_large,0.0,gap_too_large,0.0,gap_too_large,0.0,gap_too_large,0.0,gap_too_large,0.0,gap_too_large,0.0,gap_too_large
3592448.0,,2025-01-15 07:20:00,WITEL_AHU_L8,0.0,0.0,0.0,0.0,0.0,0.0,0.0,0.0,0.0,,,,0.0,0.0,0.0,0.0,gap_too_large,0.0,gap_too_large,0.0,gap_too_large,0.0,gap_too_large,0.0,gap_too_large,0.0,gap_too_large,0.0,gap_too_large,0.0,gap_too_large,0.0,gap_too_large,0.0,gap_too_large,0.0,gap_too_large,0.0,gap_too_large,0.0,gap_too_large
3592448.0,,2025-01-15 07:40:00,WITEL_AHU_L8,0.0,0.0,0.0,0.0,0.0,0.0,0.0,0.0,0.0,,,,0.0,0.0,0.0,0.0,gap_too_large,0.0,gap_too_large,0.0,gap_too_large,0.0,gap_too_large,0.0,gap_too_large,0.0,gap_too_large,0.0,gap_too_large,0.0,gap_too_large,0.0,gap_too_large,0.0,gap_too_large,0.0,gap_too_large,0.0,gap_too_large,0.0,gap_too_large
3592448.0,,2025-01-15 08:00:00,WITEL_AHU_L8,0.0,0.0,0.0,0.0,0.0,0.0,0.0,0.0,0.0,,,,0.0,0.0,0.0,0.0,gap_too_large,0.0,gap_too_large,0.0,gap_too_large,0.0,gap_too_large,0.0,gap_too_large,0.0,gap_too_large,0.0,gap_too_large,0.0,gap_too_large,0.0,gap_too_large,0.0,gap_too_large,0.0,gap_too_large,0.0,gap_too_large,0.0,gap_too_large
3592448.0,,2025-01-15 08:20:00,WITEL_AHU_L8,0.0,0.0,0.0,0.0,0.0,0.0,0.0,0.0,0.0,,,,0.0,0.0,0.0,0.0,gap_too_large,0.0,gap_too_large,0.0,gap_too_large,0.0,gap_too_large,0.0,gap_too_large,0.0,gap_too_large,0.0,gap_too_large,0.0,gap_too_large,0.0,gap_too_large,0.0,gap_too_large,0.0,gap_too_large,0.0,gap_too_large,0.0,gap_too_large
3592448.0,,2025-01-15 08:40:00,WITEL_AHU_L8,0.0,0.0,0.0,0.0,0.0,0.0,0.0,0.0,0.0,,,,0.0,0.0,0.0,0.0,gap_too_large,0.0,gap_too_large,0.0,gap_too_large,0.0,gap_too_large,0.0,gap_too_large,0.0,gap_too_large,0.0,gap_too_large,0.0,gap_too_large,0.0,gap_too_large,0.0,gap_too_large,0.0,gap_too_large,0.0,gap_too_large,0.0,gap_too_large
3592448.0,,2025-01-15 09:00:00,WITEL_AHU_L8,0.0,0.0,0.0,0.0,0.0,0.0,0.0,0.0,0.0,,,,0.0,0.0,0.0,0.0,gap_too_large,0.0,gap_too_large,0.0,gap_too_large,0.0,gap_too_large,0.0,gap_too_large,0.0,gap_too_large,0.0,gap_too_large,0.0,gap_too_large,0.0,gap_too_large,0.0,gap_too_large,0.0,gap_too_large,0.0,gap_too_large,0.0,gap_too_large
3592448.0,,2025-01-15 09:20:00,WITEL_AHU_L8,0.0,0.0,0.0,0.0,0.0,0.0,0.0,0.0,0.0,,,,0.0,0.0,0.0,0.0,gap_too_large,0.0,gap_too_large,0.0,gap_too_large,0.0,gap_too_large,0.0,gap_too_large,0.0,gap_too_large,0.0,gap_too_large,0.0,gap_too_large,0.0,gap_too_large,0.0,gap_too_large,0.0,gap_too_large,0.0,gap_too_large,0.0,gap_too_large
3592448.0,,2025-01-15 09:40:00,WITEL_AHU_L8,0.0,0.0,0.0,0.0,0.0,0.0,0.0,0.0,0.0,,,,0.0,0.0,0.0,0.0,gap_too_large,0.0,gap_too_large,0.0,gap_too_large,0.0,gap_too_large,0.0,gap_too_large,0.0,gap_too_large,0.0,gap_too_large,0.0,gap_too_large,0.0,gap_too_large,0.0,gap_too_large,0.0,gap_too_large,0.0,gap_too_large,0.0,gap_too_large
3592448.0,,2025-01-15 10:00:00,WITEL_AHU_L8,0.0,0.0,0.0,0.0,0.0,0.0,0.0,0.0,0.0,,,,0.0,0.0,0.0,0.0,gap_too_large,0.0,gap_too_large,0.0,gap_too_large,0.0,gap_too_large,0.0,gap_too_large,0.0,gap_too_large,0.0,gap_too_large,0.0,gap_too_large,0.0,gap_too_large,0.0,gap_too_large,0.0,gap_too_large,0.0,gap_too_large,0.0,gap_too_large
3592448.0,,2025-01-15 10:20:00,WITEL_AHU_L8,0.0,0.0,0.0,0.0,0.0,0.0,0.0,0.0,0.0,,,,0.0,0.0,0.0,0.0,gap_too_large,0.0,gap_too_large,0.0,gap_too_large,0.0,gap_too_large,0.0,gap_too_large,0.0,gap_too_large,0.0,gap_too_large,0.0,gap_too_large,0.0,gap_too_large,0.0,gap_too_large,0.0,gap_too_large,0.0,gap_too_large,0.0,gap_too_large
3592448.0,,2025-01-15 10:40:00,WITEL_AHU_L8,0.0,0.0,0.0,0.0,0.0,0.0,0.0,0.0,0.0,,,,0.0,0.0,0.0,0.0,gap_too_large,0.0,gap_too_large,0.0,gap_too_large,0.0,gap_too_large,0.0,gap_too_large,0.0,gap_too_large,0.0,gap_too_large,0.0,gap_too_large,0.0,gap_too_large,0.0,gap_too_large,0.0,gap_too_large,0.0,gap_too_large,0.0,gap_too_large
3592448.0,,2025-01-15 11:00:00,WITEL_AHU_L8,0.0,0.0,0.0,0.0,0.0,0.0,0.0,0.0,0.0,,,,0.0,0.0,0.0,0.0,gap_too_large,0.0,gap_too_large,0.0,gap_too_large,0.0,gap_too_large,0.0,gap_too_large,0.0,gap_too_large,0.0,gap_too_large,0.0,gap_too_large,0.0,gap_too_large,0.0,gap_too_large,0.0,gap_too_large,0.0,gap_too_large,0.0,gap_too_large
3592448.0,,2025-01-15 11:20:00,WITEL_AHU_L8,0.0,0.0,0.0,0.0,0.0,0.0,0.0,0.0,0.0,,,,0.0,0.0,0.0,0.0,gap_too_large,0.0,gap_too_large,0.0,gap_too_large,0.0,gap_too_large,0.0,gap_too_large,0.0,gap_too_large,0.0,gap_too_large,0.0,gap_too_large,0.0,gap_too_large,0.0,gap_too_large,0.0,gap_too_large,0.0,gap_too_large,0.0,gap_too_large
3592448.0,,2025-01-15 11:40:00,WITEL_AHU_L8,0.0,0.0,0.0,0.0,0.0,0.0,0.0,0.0,0.0,,,,0.0,0.0,0.0,0.0,gap_too_large,0.0,gap_too_large,0.0,gap_too_large,0.0,gap_too_large,0.0,gap_too_large,0.0,gap_too_large,0.0,gap_too_large,0.0,gap_too_large,0.0,gap_too_large,0.0,gap_too_large,0.0,gap_too_large,0.0,gap_too_large,0.0,gap_too_large
3592448.0,,2025-01-15 12:00:00,WITEL_AHU_L8,0.0,0.0,0.0,0.0,0.0,0.0,0.0,0.0,0.0,,,,0.0,0.0,0.0,0.0,gap_too_large,0.0,gap_too_large,0.0,gap_too_large,0.0,gap_too_large,0.0,gap_too_large,0.0,gap_too_large,0.0,gap_too_large,0.0,gap_too_large,0.0,gap_too_large,0.0,gap_too_large,0.0,gap_too_large,0.0,gap_too_large,0.0,gap_too_large
3592448.0,,2025-01-15 12:20:00,WITEL_AHU_L8,0.0,0.0,0.0,0.0,0.0,0.0,0.0,0.0,0.0,,,,0.0,0.0,0.0,0.0,gap_too_large,0.0,gap_too_large,0.0,gap_too_large,0.0,gap_too_large,0.0,gap_too_large,0.0,gap_too_large,0.0,gap_too_large,0.0,gap_too_large,0.0,gap_too_large,0.0,gap_too_large,0.0,gap_too_large,0.0,gap_too_large,0.0,gap_too_large
3592448.0,,2025-01-15 12:40:00,WITEL_AHU_L8,0.0,0.0,0.0,0.0,0.0,0.0,0.0,0.0,0.0,,,,0.0,0.0,0.0,0.0,gap_too_large,0.0,gap_too_large,0.0,gap_too_large,0.0,gap_too_large,0.0,gap_too_large,0.0,gap_too_large,0.0,gap_too_large,0.0,gap_too_large,0.0,gap_too_large,0.0,gap_too_large,0.0,gap_too_large,0.0,gap_too_large,0.0,gap_too_large
3592448.0,,2025-01-15 13:00:00,WITEL_AHU_L8,0.0,0.0,0.0,0.0,0.0,0.0,0.0,0.0,0.0,,,,0.0,0.0,0.0,0.0,gap_too_large,0.0,gap_too_large,0.0,gap_too_large,0.0,gap_too_large,0.0,gap_too_large,0.0,gap_too_large,0.0,gap_too_large,0.0,gap_too_large,0.0,gap_too_large,0.0,gap_too_large,0.0,gap_too_large,0.0,gap_too_large,0.0,gap_too_large
3592448.0,,2025-01-15 13:20:00,WITEL_AHU_L8,0.0,0.0,0.0,0.0,0.0,0.0,0.0,0.0,0.0,,,,0.0,0.0,0.0,0.0,gap_too_large,0.0,gap_too_large,0.0,gap_too_large,0.0,gap_too_large,0.0,gap_too_large,0.0,gap_too_large,0.0,gap_too_large,0.0,gap_too_large,0.0,gap_too_large,0.0,gap_too_large,0.0,gap_too_large,0.0,gap_too_large,0.0,gap_too_large
3592448.0,,2025-01-15 13:40:00,WITEL_AHU_L8,0.0,0.0,0.0,0.0,0.0,0.0,0.0,0.0,0.0,,,,0.0,0.0,0.0,0.0,gap_too_large,0.0,gap_too_large,0.0,gap_too_large,0.0,gap_too_large,0.0,gap_too_large,0.0,gap_too_large,0.0,gap_too_large,0.0,gap_too_large,0.0,gap_too_large,0.0,gap_too_large,0.0,gap_too_large,0.0,gap_too_large,0.0,gap_too_large
3592448.0,,2025-01-15 14:00:00,WITEL_AHU_L8,0.0,0.0,0.0,0.0,0.0,0.0,0.0,0.0,0.0,,,,0.0,0.0,0.0,0.0,gap_too_large,0.0,gap_too_large,0.0,gap_too_large,0.0,gap_too_large,0.0,gap_too_large,0.0,gap_too_large,0.0,gap_too_large,0.0,gap_too_large,0.0,gap_too_large,0.0,gap_too_large,0.0,gap_too_large,0.0,gap_too_large,0.0,gap_too_large
3592448.0,,2025-01-15 14:20:00,WITEL_AHU_L8,0.0,0.0,0.0,0.0,0.0,0.0,0.0,0.0,0.0,,,,0.0,0.0,0.0,0.0,gap_too_large,0.0,gap_too_large,0.0,gap_too_large,0.0,gap_too_large,0.0,gap_too_large,0.0,gap_too_large,0.0,gap_too_large,0.0,gap_too_large,0.0,gap_too_large,0.0,gap_too_large,0.0,gap_too_large,0.0,gap_too_large,0.0,gap_too_large
3592448.0,,2025-01-15 14:40:00,WITEL_AHU_L8,0.0,0.0,0.0,0.0,0.0,0.0,0.0,0.0,0.0,,,,0.0,0.0,0.0,0.0,gap_too_large,0.0,gap_too_large,0.0,gap_too_large,0.0,gap_too_large,0.0,gap_too_large,0.0,gap_too_large,0.0,gap_too_large,0.0,gap_too_large,0.0,gap_too_large,0.0,gap_too_large,0.0,gap_too_large,0.0,gap_too_large,0.0,gap_too_large
3592448.0,,2025-01-15 15:00:00,WITEL_AHU_L8,0.0,0.0,0.0,0.0,0.0,0.0,0.0,0.0,0.0,,,,0.0,0.0,0.0,0.0,gap_too_large,0.0,gap_too_large,0.0,gap_too_large,0.0,gap_too_large,0.0,gap_too_large,0.0,gap_too_large,0.0,gap_too_large,0.0,gap_too_large,0.0,gap_too_large,0.0,gap_too_large,0.0,gap_too_large,0.0,gap_too_large,0.0,gap_too_large
3592448.0,,2025-01-15 15:20:00,WITEL_AHU_L8,0.0,0.0,0.0,0.0,0.0,0.0,0.0,0.0,0.0,,,,0.0,0.0,0.0,0.0,gap_too_large,0.0,gap_too_large,0.0,gap_too_large,0.0,gap_too_large,0.0,gap_too_large,0.0,gap_too_large,0.0,gap_too_large,0.0,gap_too_large,0.0,gap_too_large,0.0,gap_too_large,0.0,gap_too_large,0.0,gap_too_large,0.0,gap_too_large
3592448.0,,2025-01-15 15:40:00,WITEL_AHU_L8,0.0,0.0,0.0,0.0,0.0,0.0,0.0,0.0,0.0,,,,0.0,0.0,0.0,0.0,gap_too_large,0.0,gap_too_large,0.0,gap_too_large,0.0,gap_too_large,0.0,gap_too_large,0.0,gap_too_large,0.0,gap_too_large,0.0,gap_too_large,0.0,gap_too_large,0.0,gap_too_large,0.0,gap_too_large,0.0,gap_too_large,0.0,gap_too_large
3592448.0,,2025-01-15 16:00:00,WITEL_AHU_L8,0.0,0.0,0.0,0.0,0.0,0.0,0.0,0.0,0.0,,,,0.0,0.0,0.0,0.0,gap_too_large,0.0,gap_too_large,0.0,gap_too_large,0.0,gap_too_large,0.0,gap_too_large,0.0,gap_too_large,0.0,gap_too_large,0.0,gap_too_large,0.0,gap_too_large,0.0,gap_too_large,0.0,gap_too_large,0.0,gap_too_large,0.0,gap_too_large
3592448.0,,2025-01-15 16:20:00,WITEL_AHU_L8,0.0,0.0,0.0,0.0,0.0,0.0,0.0,0.0,0.0,,,,0.0,0.0,0.0,0.0,gap_too_large,0.0,gap_too_large,0.0,gap_too_large,0.0,gap_too_large,0.0,gap_too_large,0.0,gap_too_large,0.0,gap_too_large,0.0,gap_too_large,0.0,gap_too_large,0.0,gap_too_large,0.0,gap_too_large,0.0,gap_too_large,0.0,gap_too_large
3592448.0,,2025-01-15 16:40:00,WITEL_AHU_L8,0.0,0.0,0.0,0.0,0.0,0.0,0.0,0.0,0.0,,,,0.0,0.0,0.0,0.0,gap_too_large,0.0,gap_too_large,0.0,gap_too_large,0.0,gap_too_large,0.0,gap_too_large,0.0,gap_too_large,0.0,gap_too_large,0.0,gap_too_large,0.0,gap_too_large,0.0,gap_too_large,0.0,gap_too_large,0.0,gap_too_large,0.0,gap_too_large
3592448.0,,2025-01-15 17:00:00,WITEL_AHU_L8,0.0,0.0,0.0,0.0,0.0,0.0,0.0,0.0,0.0,,,,0.0,0.0,0.0,0.0,gap_too_large,0.0,gap_too_large,0.0,gap_too_large,0.0,gap_too_large,0.0,gap_too_large,0.0,gap_too_large,0.0,gap_too_large,0.0,gap_too_large,0.0,gap_too_large,0.0,gap_too_large,0.0,gap_too_large,0.0,gap_too_large,0.0,gap_too_large
3592448.0,,2025-01-15 17:20:00,WITEL_AHU_L8,0.0,0.0,0.0,0.0,0.0,0.0,0.0,0.0,0.0,,,,0.0,0.0,0.0,0.0,gap_too_large,0.0,gap_too_large,0.0,gap_too_large,0.0,gap_too_large,0.0,gap_too_large,0.0,gap_too_large,0.0,gap_too_large,0.0,gap_too_large,0.0,gap_too_large,0.0,gap_too_large,0.0,gap_too_large,0.0,gap_too_large,0.0,gap_too_large
3592448.0,,2025-01-15 17:40:00,WITEL_AHU_L8,0.0,0.0,0.0,0.0,0.0,0.0,0.0,0.0,0.0,,,,0.0,0.0,0.0,0.0,gap_too_large,0.0,gap_too_large,0.0,gap_too_large,0.0,gap_too_large,0.0,gap_too_large,0.0,gap_too_large,0.0,gap_too_large,0.0,gap_too_large,0.0,gap_too_large,0.0,gap_too_large,0.0,gap_too_large,0.0,gap_too_large,0.0,gap_too_large
3592448.0,,2025-01-15 18:00:00,WITEL_AHU_L8,0.0,0.0,0.0,0.0,0.0,0.0,0.0,0.0,0.0,,,,0.0,0.0,0.0,0.0,gap_too_large,0.0,gap_too_large,0.0,gap_too_large,0.0,gap_too_large,0.0,gap_too_large,0.0,gap_too_large,0.0,gap_too_large,0.0,gap_too_large,0.0,gap_too_large,0.0,gap_too_large,0.0,gap_too_large,0.0,gap_too_large,0.0,gap_too_large
3592448.0,,2025-01-15 18:20:00,WITEL_AHU_L8,0.0,0.0,0.0,0.0,0.0,0.0,0.0,0.0,0.0,,,,0.0,0.0,0.0,0.0,gap_too_large,0.0,gap_too_large,0.0,gap_too_large,0.0,gap_too_large,0.0,gap_too_large,0.0,gap_too_large,0.0,gap_too_large,0.0,gap_too_large,0.0,gap_too_large,0.0,gap_too_large,0.0,gap_too_large,0.0,gap_too_large,0.0,gap_too_large
3592448.0,,2025-01-15 18:40:00,WITEL_AHU_L8,0.0,0.0,0.0,0.0,0.0,0.0,0.0,0.0,0.0,,,,0.0,0.0,0.0,0.0,gap_too_large,0.0,gap_too_large,0.0,gap_too_large,0.0,gap_too_large,0.0,gap_too_large,0.0,gap_too_large,0.0,gap_too_large,0.0,gap_too_large,0.0,gap_too_large,0.0,gap_too_large,0.0,gap_too_large,0.0,gap_too_large,0.0,gap_too_large
3592448.0,,2025-01-15 19:00:00,WITEL_AHU_L8,0.0,0.0,0.0,0.0,0.0,0.0,0.0,0.0,0.0,,,,0.0,0.0,0.0,0.0,gap_too_large,0.0,gap_too_large,0.0,gap_too_large,0.0,gap_too_large,0.0,gap_too_large,0.0,gap_too_large,0.0,gap_too_large,0.0,gap_too_large,0.0,gap_too_large,0.0,gap_too_large,0.0,gap_too_large,0.0,gap_too_large,0.0,gap_too_large
3592448.0,,2025-01-15 19:20:00,WITEL_AHU_L8,0.0,0.0,0.0,0.0,0.0,0.0,0.0,0.0,0.0,,,,0.0,0.0,0.0,0.0,gap_too_large,0.0,gap_too_large,0.0,gap_too_large,0.0,gap_too_large,0.0,gap_too_large,0.0,gap_too_large,0.0,gap_too_large,0.0,gap_too_large,0.0,gap_too_large,0.0,gap_too_large,0.0,gap_too_large,0.0,gap_too_large,0.0,gap_too_large
3592448.0,,2025-01-15 19:40:00,WITEL_AHU_L8,0.0,0.0,0.0,0.0,0.0,0.0,0.0,0.0,0.0,,,,0.0,0.0,0.0,0.0,gap_too_large,0.0,gap_too_large,0.0,gap_too_large,0.0,gap_too_large,0.0,gap_too_large,0.0,gap_too_large,0.0,gap_too_large,0.0,gap_too_large,0.0,gap_too_large,0.0,gap_too_large,0.0,gap_too_large,0.0,gap_too_large,0.0,gap_too_large
3592448.0,,2025-01-15 20:00:00,WITEL_AHU_L8,0.0,0.0,0.0,0.0,0.0,0.0,0.0,0.0,0.0,,,,0.0,0.0,0.0,0.0,gap_too_large,0.0,gap_too_large,0.0,gap_too_large,0.0,gap_too_large,0.0,gap_too_large,0.0,gap_too_large,0.0,gap_too_large,0.0,gap_too_large,0.0,gap_too_large,0.0,gap_too_large,0.0,gap_too_large,0.0,gap_too_large,0.0,gap_too_large
3592448.0,,2025-01-15 20:20:00,WITEL_AHU_L8,0.0,0.0,0.0,0.0,0.0,0.0,0.0,0.0,0.0,,,,0.0,0.0,0.0,0.0,gap_too_large,0.0,gap_too_large,0.0,gap_too_large,0.0,gap_too_large,0.0,gap_too_large,0.0,gap_too_large,0.0,gap_too_large,0.0,gap_too_large,0.0,gap_too_large,0.0,gap_too_large,0.0,gap_too_large,0.0,gap_too_large,0.0,gap_too_large
3592448.0,,2025-01-15 20:40:00,WITEL_AHU_L8,0.0,0.0,0.0,0.0,0.0,0.0,0.0,0.0,0.0,,,,0.0,0.0,0.0,0.0,gap_too_large,0.0,gap_too_large,0.0,gap_too_large,0.0,gap_too_large,0.0,gap_too_large,0.0,gap_too_large,0.0,gap_too_large,0.0,gap_too_large,0.0,gap_too_large,0.0,gap_too_large,0.0,gap_too_large,0.0,gap_too_large,0.0,gap_too_large
3592448.0,,2025-01-15 21:00:00,WITEL_AHU_L8,0.0,0.0,0.0,0.0,0.0,0.0,0.0,0.0,0.0,,,,0.0,0.0,0.0,0.0,gap_too_large,0.0,gap_too_large,0.0,gap_too_large,0.0,gap_too_large,0.0,gap_too_large,0.0,gap_too_large,0.0,gap_too_large,0.0,gap_too_large,0.0,gap_too_large,0.0,gap_too_large,0.0,gap_too_large,0.0,gap_too_large,0.0,gap_too_large
3592448.0,,2025-01-15 21:20:00,WITEL_AHU_L8,0.0,0.0,0.0,0.0,0.0,0.0,0.0,0.0,0.0,,,,0.0,0.0,0.0,0.0,gap_too_large,0.0,gap_too_large,0.0,gap_too_large,0.0,gap_too_large,0.0,gap_too_large,0.0,gap_too_large,0.0,gap_too_large,0.0,gap_too_large,0.0,gap_too_large,0.0,gap_too_large,0.0,gap_too_large,0.0,gap_too_large,0.0,gap_too_large
3592448.0,,2025-01-15 21:40:00,WITEL_AHU_L8,0.0,0.0,0.0,0.0,0.0,0.0,0.0,0.0,0.0,,,,0.0,0.0,0.0,0.0,gap_too_large,0.0,gap_too_large,0.0,gap_too_large,0.0,gap_too_large,0.0,gap_too_large,0.0,gap_too_large,0.0,gap_too_large,0.0,gap_too_large,0.0,gap_too_large,0.0,gap_too_large,0.0,gap_too_large,0.0,gap_too_large,0.0,gap_too_large
3592448.0,,2025-01-15 22:00:00,WITEL_AHU_L8,0.0,0.0,0.0,0.0,0.0,0.0,0.0,0.0,0.0,,,,0.0,0.0,0.0,0.0,gap_too_large,0.0,gap_too_large,0.0,gap_too_large,0.0,gap_too_large,0.0,gap_too_large,0.0,gap_too_large,0.0,gap_too_large,0.0,gap_too_large,0.0,gap_too_large,0.0,gap_too_large,0.0,gap_too_large,0.0,gap_too_large,0.0,gap_too_large
3592448.0,,2025-01-15 22:20:00,WITEL_AHU_L8,0.0,0.0,0.0,0.0,0.0,0.0,0.0,0.0,0.0,,,,0.0,0.0,0.0,0.0,gap_too_large,0.0,gap_too_large,0.0,gap_too_large,0.0,gap_too_large,0.0,gap_too_large,0.0,gap_too_large,0.0,gap_too_large,0.0,gap_too_large,0.0,gap_too_large,0.0,gap_too_large,0.0,gap_too_large,0.0,gap_too_large,0.0,gap_too_large
3592448.0,,2025-01-15 22:40:00,WITEL_AHU_L8,0.0,0.0,0.0,0.0,0.0,0.0,0.0,0.0,0.0,,,,0.0,0.0,0.0,0.0,gap_too_large,0.0,gap_too_large,0.0,gap_too_large,0.0,gap_too_large,0.0,gap_too_large,0.0,gap_too_large,0.0,gap_too_large,0.0,gap_too_large,0.0,gap_too_large,0.0,gap_too_large,0.0,gap_too_large,0.0,gap_too_large,0.0,gap_too_large
3592448.0,,2025-01-15 23:00:00,WITEL_AHU_L8,0.0,0.0,0.0,0.0,0.0,0.0,0.0,0.0,0.0,,,,0.0,0.0,0.0,0.0,gap_too_large,0.0,gap_too_large,0.0,gap_too_large,0.0,gap_too_large,0.0,gap_too_large,0.0,gap_too_large,0.0,gap_too_large,0.0,gap_too_large,0.0,gap_too_large,0.0,gap_too_large,0.0,gap_too_large,0.0,gap_too_large,0.0,gap_too_large
3592448.0,,2025-01-15 23:20:00,WITEL_AHU_L8,0.0,0.0,0.0,0.0,0.0,0.0,0.0,0.0,0.0,,,,0.0,0.0,0.0,0.0,gap_too_large,0.0,gap_too_large,0.0,gap_too_large,0.0,gap_too_large,0.0,gap_too_large,0.0,gap_too_large,0.0,gap_too_large,0.0,gap_too_large,0.0,gap_too_large,0.0,gap_too_large,0.0,gap_too_large,0.0,gap_too_large,0.0,gap_too_large
3592448.0,,2025-01-15 23:40:00,WITEL_AHU_L8,0.0,0.0,0.0,0.0,0.0,0.0,0.0,0.0,0.0,,,,0.0,0.0,0.0,0.0,gap_too_large,0.0,gap_too_large,0.0,gap_too_large,0.0,gap_too_large,0.0,gap_too_large,0.0,gap_too_large,0.0,gap_too_large,0.0,gap_too_large,0.0,gap_too_large,0.0,gap_too_large,0.0,gap_too_large,0.0,gap_too_large,0.0,gap_too_large
3592448.0,,2025-01-16 00:00:00,WITEL_AHU_L8,0.0,0.0,0.0,0.0,0.0,0.0,0.0,0.0,0.0,,,,0.0,0.0,0.0,0.0,gap_too_large,0.0,gap_too_large,0.0,gap_too_large,0.0,gap_too_large,0.0,gap_too_large,0.0,gap_too_large,0.0,gap_too_large,0.0,gap_too_large,0.0,gap_too_large,0.0,gap_too_large,0.0,gap_too_large,0.0,gap_too_large,0.0,gap_too_large
3592448.0,,2025-01-16 00:20:00,WITEL_AHU_L8,0.0,0.0,0.0,0.0,0.0,0.0,0.0,0.0,0.0,,,,0.0,0.0,0.0,0.0,gap_too_large,0.0,gap_too_large,0.0,gap_too_large,0.0,gap_too_large,0.0,gap_too_large,0.0,gap_too_large,0.0,gap_too_large,0.0,gap_too_large,0.0,gap_too_large,0.0,gap_too_large,0.0,gap_too_large,0.0,gap_too_large,0.0,gap_too_large
3592448.0,,2025-01-16 00:40:00,WITEL_AHU_L8,0.0,0.0,0.0,0.0,0.0,0.0,0.0,0.0,0.0,,,,0.0,0.0,0.0,0.0,gap_too_large,0.0,gap_too_large,0.0,gap_too_large,0.0,gap_too_large,0.0,gap_too_large,0.0,gap_too_large,0.0,gap_too_large,0.0,gap_too_large,0.0,gap_too_large,0.0,gap_too_large,0.0,gap_too_large,0.0,gap_too_large,0.0,gap_too_large
3592448.0,,2025-01-16 01:00:00,WITEL_AHU_L8,0.0,0.0,0.0,0.0,0.0,0.0,0.0,0.0,0.0,,,,0.0,0.0,0.0,0.0,gap_too_large,0.0,gap_too_large,0.0,gap_too_large,0.0,gap_too_large,0.0,gap_too_large,0.0,gap_too_large,0.0,gap_too_large,0.0,gap_too_large,0.0,gap_too_large,0.0,gap_too_large,0.0,gap_too_large,0.0,gap_too_large,0.0,gap_too_large
3592448.0,,2025-01-16 01:20:00,WITEL_AHU_L8,0.0,0.0,0.0,0.0,0.0,0.0,0.0,0.0,0.0,,,,0.0,0.0,0.0,0.0,gap_too_large,0.0,gap_too_large,0.0,gap_too_large,0.0,gap_too_large,0.0,gap_too_large,0.0,gap_too_large,0.0,gap_too_large,0.0,gap_too_large,0.0,gap_too_large,0.0,gap_too_large,0.0,gap_too_large,0.0,gap_too_large,0.0,gap_too_large
3592448.0,,2025-01-16 01:40:00,WITEL_AHU_L8,0.0,0.0,0.0,0.0,0.0,0.0,0.0,0.0,0.0,,,,0.0,0.0,0.0,0.0,gap_too_large,0.0,gap_too_large,0.0,gap_too_large,0.0,gap_too_large,0.0,gap_too_large,0.0,gap_too_large,0.0,gap_too_large,0.0,gap_too_large,0.0,gap_too_large,0.0,gap_too_large,0.0,gap_too_large,0.0,gap_too_large,0.0,gap_too_large
3592448.0,,2025-01-16 02:00:00,WITEL_AHU_L8,0.0,0.0,0.0,0.0,0.0,0.0,0.0,0.0,0.0,,,,0.0,0.0,0.0,0.0,gap_too_large,0.0,gap_too_large,0.0,gap_too_large,0.0,gap_too_large,0.0,gap_too_large,0.0,gap_too_large,0.0,gap_too_large,0.0,gap_too_large,0.0,gap_too_large,0.0,gap_too_large,0.0,gap_too_large,0.0,gap_too_large,0.0,gap_too_large
3592448.0,,2025-01-16 02:20:00,WITEL_AHU_L8,0.0,0.0,0.0,0.0,0.0,0.0,0.0,0.0,0.0,,,,0.0,0.0,0.0,0.0,gap_too_large,0.0,gap_too_large,0.0,gap_too_large,0.0,gap_too_large,0.0,gap_too_large,0.0,gap_too_large,0.0,gap_too_large,0.0,gap_too_large,0.0,gap_too_large,0.0,gap_too_large,0.0,gap_too_large,0.0,gap_too_large,0.0,gap_too_large
3592448.0,,2025-01-16 02:40:00,WITEL_AHU_L8,0.0,0.0,0.0,0.0,0.0,0.0,0.0,0.0,0.0,,,,0.0,0.0,0.0,0.0,gap_too_large,0.0,gap_too_large,0.0,gap_too_large,0.0,gap_too_large,0.0,gap_too_large,0.0,gap_too_large,0.0,gap_too_large,0.0,gap_too_large,0.0,gap_too_large,0.0,gap_too_large,0.0,gap_too_large,0.0,gap_too_large,0.0,gap_too_large
3592448.0,,2025-01-16 03:00:00,WITEL_AHU_L8,0.0,0.0,0.0,0.0,0.0,0.0,0.0,0.0,0.0,,,,0.0,0.0,0.0,0.0,gap_too_large,0.0,gap_too_large,0.0,gap_too_large,0.0,gap_too_large,0.0,gap_too_large,0.0,gap_too_large,0.0,gap_too_large,0.0,gap_too_large,0.0,gap_too_large,0.0,gap_too_large,0.0,gap_too_large,0.0,gap_too_large,0.0,gap_too_large
3592448.0,,2025-01-16 03:20:00,WITEL_AHU_L8,0.0,0.0,0.0,0.0,0.0,0.0,0.0,0.0,0.0,,,,0.0,0.0,0.0,0.0,gap_too_large,0.0,gap_too_large,0.0,gap_too_large,0.0,gap_too_large,0.0,gap_too_large,0.0,gap_too_large,0.0,gap_too_large,0.0,gap_too_large,0.0,gap_too_large,0.0,gap_too_large,0.0,gap_too_large,0.0,gap_too_large,0.0,gap_too_large
3592448.0,,2025-01-16 03:40:00,WITEL_AHU_L8,0.0,0.0,0.0,0.0,0.0,0.0,0.0,0.0,0.0,,,,0.0,0.0,0.0,0.0,gap_too_large,0.0,gap_too_large,0.0,gap_too_large,0.0,gap_too_large,0.0,gap_too_large,0.0,gap_too_large,0.0,gap_too_large,0.0,gap_too_large,0.0,gap_too_large,0.0,gap_too_large,0.0,gap_too_large,0.0,gap_too_large,0.0,gap_too_large
3592448.0,,2025-01-16 04:00:00,WITEL_AHU_L8,0.0,0.0,0.0,0.0,0.0,0.0,0.0,0.0,0.0,,,,0.0,0.0,0.0,0.0,gap_too_large,0.0,gap_too_large,0.0,gap_too_large,0.0,gap_too_large,0.0,gap_too_large,0.0,gap_too_large,0.0,gap_too_large,0.0,gap_too_large,0.0,gap_too_large,0.0,gap_too_large,0.0,gap_too_large,0.0,gap_too_large,0.0,gap_too_large
3592448.0,,2025-01-16 04:20:00,WITEL_AHU_L8,0.0,0.0,0.0,0.0,0.0,0.0,0.0,0.0,0.0,,,,0.0,0.0,0.0,0.0,gap_too_large,0.0,gap_too_large,0.0,gap_too_large,0.0,gap_too_large,0.0,gap_too_large,0.0,gap_too_large,0.0,gap_too_large,0.0,gap_too_large,0.0,gap_too_large,0.0,gap_too_large,0.0,gap_too_large,0.0,gap_too_large,0.0,gap_too_large
3592448.0,,2025-01-16 04:40:00,WITEL_AHU_L8,0.0,0.0,0.0,0.0,0.0,0.0,0.0,0.0,0.0,,,,0.0,0.0,0.0,0.0,gap_too_large,0.0,gap_too_large,0.0,gap_too_large,0.0,gap_too_large,0.0,gap_too_large,0.0,gap_too_large,0.0,gap_too_large,0.0,gap_too_large,0.0,gap_too_large,0.0,gap_too_large,0.0,gap_too_large,0.0,gap_too_large,0.0,gap_too_large
3592448.0,,2025-01-16 05:00:00,WITEL_AHU_L8,0.0,0.0,0.0,0.0,0.0,0.0,0.0,0.0,0.0,,,,0.0,0.0,0.0,0.0,gap_too_large,0.0,gap_too_large,0.0,gap_too_large,0.0,gap_too_large,0.0,gap_too_large,0.0,gap_too_large,0.0,gap_too_large,0.0,gap_too_large,0.0,gap_too_large,0.0,gap_too_large,0.0,gap_too_large,0.0,gap_too_large,0.0,gap_too_large
3592448.0,,2025-01-16 05:20:00,WITEL_AHU_L8,0.0,0.0,0.0,0.0,0.0,0.0,0.0,0.0,0.0,,,,0.0,0.0,0.0,0.0,gap_too_large,0.0,gap_too_large,0.0,gap_too_large,0.0,gap_too_large,0.0,gap_too_large,0.0,gap_too_large,0.0,gap_too_large,0.0,gap_too_large,0.0,gap_too_large,0.0,gap_too_large,0.0,gap_too_large,0.0,gap_too_large,0.0,gap_too_large
3592448.0,,2025-01-16 05:40:00,WITEL_AHU_L8,0.0,0.0,0.0,0.0,0.0,0.0,0.0,0.0,0.0,,,,0.0,0.0,0.0,0.0,gap_too_large,0.0,gap_too_large,0.0,gap_too_large,0.0,gap_too_large,0.0,gap_too_large,0.0,gap_too_large,0.0,gap_too_large,0.0,gap_too_large,0.0,gap_too_large,0.0,gap_too_large,0.0,gap_too_large,0.0,gap_too_large,0.0,gap_too_large
3592448.0,,2025-01-16 06:00:00,WITEL_AHU_L8,0.0,0.0,0.0,0.0,0.0,0.0,0.0,0.0,0.0,,,,0.0,0.0,0.0,0.0,gap_too_large,0.0,gap_too_large,0.0,gap_too_large,0.0,gap_too_large,0.0,gap_too_large,0.0,gap_too_large,0.0,gap_too_large,0.0,gap_too_large,0.0,gap_too_large,0.0,gap_too_large,0.0,gap_too_large,0.0,gap_too_large,0.0,gap_too_large
3592448.0,,2025-01-16 06:20:00,WITEL_AHU_L8,0.0,0.0,0.0,0.0,0.0,0.0,0.0,0.0,0.0,,,,0.0,0.0,0.0,0.0,gap_too_large,0.0,gap_too_large,0.0,gap_too_large,0.0,gap_too_large,0.0,gap_too_large,0.0,gap_too_large,0.0,gap_too_large,0.0,gap_too_large,0.0,gap_too_large,0.0,gap_too_large,0.0,gap_too_large,0.0,gap_too_large,0.0,gap_too_large
3592448.0,,2025-01-16 06:40:00,WITEL_AHU_L8,0.0,0.0,0.0,0.0,0.0,0.0,0.0,0.0,0.0,,,,0.0,0.0,0.0,0.0,gap_too_large,0.0,gap_too_large,0.0,gap_too_large,0.0,gap_too_large,0.0,gap_too_large,0.0,gap_too_large,0.0,gap_too_large,0.0,gap_too_large,0.0,gap_too_large,0.0,gap_too_large,0.0,gap_too_large,0.0,gap_too_large,0.0,gap_too_large
3592448.0,,2025-01-16 07:00:00,WITEL_AHU_L8,0.0,0.0,0.0,0.0,0.0,0.0,0.0,0.0,0.0,,,,0.0,0.0,0.0,0.0,gap_too_large,0.0,gap_too_large,0.0,gap_too_large,0.0,gap_too_large,0.0,gap_too_large,0.0,gap_too_large,0.0,gap_too_large,0.0,gap_too_large,0.0,gap_too_large,0.0,gap_too_large,0.0,gap_too_large,0.0,gap_too_large,0.0,gap_too_large
3592448.0,,2025-01-16 07:20:00,WITEL_AHU_L8,0.0,0.0,0.0,0.0,0.0,0.0,0.0,0.0,0.0,,,,0.0,0.0,0.0,0.0,gap_too_large,0.0,gap_too_large,0.0,gap_too_large,0.0,gap_too_large,0.0,gap_too_large,0.0,gap_too_large,0.0,gap_too_large,0.0,gap_too_large,0.0,gap_too_large,0.0,gap_too_large,0.0,gap_too_large,0.0,gap_too_large,0.0,gap_too_large
3592448.0,,2025-01-16 07:40:00,WITEL_AHU_L8,0.0,0.0,0.0,0.0,0.0,0.0,0.0,0.0,0.0,,,,0.0,0.0,0.0,0.0,gap_too_large,0.0,gap_too_large,0.0,gap_too_large,0.0,gap_too_large,0.0,gap_too_large,0.0,gap_too_large,0.0,gap_too_large,0.0,gap_too_large,0.0,gap_too_large,0.0,gap_too_large,0.0,gap_too_large,0.0,gap_too_large,0.0,gap_too_large
3592448.0,,2025-01-16 08:00:00,WITEL_AHU_L8,0.0,0.0,0.0,0.0,0.0,0.0,0.0,0.0,0.0,,,,0.0,0.0,0.0,0.0,gap_too_large,0.0,gap_too_large,0.0,gap_too_large,0.0,gap_too_large,0.0,gap_too_large,0.0,gap_too_large,0.0,gap_too_large,0.0,gap_too_large,0.0,gap_too_large,0.0,gap_too_large,0.0,gap_too_large,0.0,gap_too_large,0.0,gap_too_large
3592448.0,,2025-01-16 08:20:00,WITEL_AHU_L8,0.0,0.0,0.0,0.0,0.0,0.0,0.0,0.0,0.0,,,,0.0,0.0,0.0,0.0,gap_too_large,0.0,gap_too_large,0.0,gap_too_large,0.0,gap_too_large,0.0,gap_too_large,0.0,gap_too_large,0.0,gap_too_large,0.0,gap_too_large,0.0,gap_too_large,0.0,gap_too_large,0.0,gap_too_large,0.0,gap_too_large,0.0,gap_too_large
3592448.0,,2025-01-16 08:40:00,WITEL_AHU_L8,0.0,0.0,0.0,0.0,0.0,0.0,0.0,0.0,0.0,,,,0.0,0.0,0.0,0.0,gap_too_large,0.0,gap_too_large,0.0,gap_too_large,0.0,gap_too_large,0.0,gap_too_large,0.0,gap_too_large,0.0,gap_too_large,0.0,gap_too_large,0.0,gap_too_large,0.0,gap_too_large,0.0,gap_too_large,0.0,gap_too_large,0.0,gap_too_large
3601760.0,37.0,2025-01-16 09:00:00,WITEL_AHU_L8,34433900.0,223.0,222.0,224.0,0.0,0.0,0.0,50.06,1.0,2025-01-16 09:09:26.000,2025-01-16 09:09:26.000,2025-01-16 09:09:26.000,47497583.0,25627.0,59856315.0,223.0,original,222.0,original,224.0,original,0.0,gap_too_large,0.0,gap_too_large,0.0,gap_too_large,50.06,original,1.0,original,47497583.0,original,25627.0,original,59856315.0,original,34433900.0,original,-106.0,original
3601804.0,37.0,2025-01-16 09:20:00,WITEL_AHU_L8,34433900.0,223.0,223.0,225.0,0.0,0.0,0.0,50.07,1.0,2025-01-16 09:29:07.000,2025-01-16 09:29:07.000,2025-01-16 09:29:07.000,47497583.0,25627.0,59856315.0,223.0,original,223.0,original,225.0,original,0.0,gap_too_large,0.0,gap_too_large,0.0,gap_too_large,50.07,original,1.0,original,47497583.0,original,25627.0,original,59856315.0,original,34433900.0,original,-114.0,original
3601821.0,37.0,2025-01-16 09:40:00,WITEL_AHU_L8,34433900.0,224.0,223.0,226.0,0.0,0.0,0.0,49.99,1.0,2025-01-16 09:39:04.000,2025-01-16 09:39:04.000,2025-01-16 09:39:04.000,47497583.0,25627.0,59856315.0,224.0,original,223.0,original,226.0,original,0.0,gap_too_large,0.0,gap_too_large,0.0,gap_too_large,49.99,original,1.0,original,47497583.0,original,25627.0,original,59856315.0,original,34433900.0,original,-119.0,original
3601870.0,37.0,2025-01-16 10:00:00,WITEL_AHU_L8,34439200.0,222.0,221.0,223.0,11.0,10.0,11.0,49.97,0.5552999999999999,2025-01-16 09:59:11.000,2025-01-16 09:59:11.000,2025-01-16 09:59:11.000,47505668.0,25627.0,59866053.0,222.0,original,221.0,original,223.0,original,11.0,original,10.0,original,11.0,original,49.97,original,0.5552999999999999,original,47505668.0,original,25627.0,original,59866053.0,original,34439200.0,original,-96.0,original
3601917.0,37.0,2025-01-16 10:20:00,WITEL_AHU_L8,34451700.0,223.0,222.0,224.0,10.0,10.0,11.0,49.98,0.5209999999999999,2025-01-16 10:19:15.000,2025-01-16 10:19:15.000,2025-01-16 10:19:15.000,47525331.0,25627.0,59889508.0,223.0,original,222.0,original,224.0,original,10.0,original,10.0,original,11.0,original,49.98,original,0.5209999999999999,original,47525331.0,original,25627.0,original,59889508.0,original,34451700.0,original,-116.0,original
3601974.0,37.0,2025-01-16 10:40:00,WITEL_AHU_L8,34470600.0,221.0,220.0,223.0,10.0,10.0,11.0,50.02,0.5436,2025-01-16 10:49:11.000,2025-01-16 10:49:11.000,2025-01-16 10:49:11.000,47554395.0,25627.0,59924303.0,221.0,original,220.0,original,223.0,original,10.0,original,10.0,original,11.0,original,50.02,original,0.5436,original,47554395.0,original,25627.0,original,59924303.0,original,34470600.0,original,-97.0,original
3602015.0,37.0,2025-01-16 11:00:00,WITEL_AHU_L8,34483200.0,223.0,222.0,224.0,10.0,10.0,11.0,49.95,0.5323,2025-01-16 11:09:06.000,2025-01-16 11:09:06.000,2025-01-16 11:09:06.000,47573826.0,25627.0,59947558.0,223.0,original,222.0,original,224.0,original,10.0,original,10.0,original,11.0,original,49.95,original,0.5323,original,47573826.0,original,25627.0,original,59947558.0,original,34483200.0,original,-117.0,original
3602062.0,37.0,2025-01-16 11:20:00,WITEL_AHU_L8,34495800.0,223.0,222.0,224.0,10.0,10.0,11.0,50.0,0.5516,2025-01-16 11:29:14.000,2025-01-16 11:29:14.000,2025-01-16 11:29:14.000,47593181.0,25627.0,59970749.0,223.0,original,222.0,original,224.0,original,10.0,original,10.0,original,11.0,original,50.0,original,0.5516,original,47593181.0,original,25627.0,original,59970749.0,original,34495800.0,original,-115.0,original
3602082.0,37.0,2025-01-16 11:40:00,WITEL_AHU_L8,34502100.0,222.0,221.0,224.0,10.0,10.0,11.0,49.96,0.5310999999999999,2025-01-16 11:39:14.000,2025-01-16 11:39:14.000,2025-01-16 11:39:14.000,47602951.0,25627.0,59982424.0,222.0,original,221.0,original,224.0,original,10.0,original,10.0,original,11.0,original,49.96,original,0.5310999999999999,original,47602951.0,original,25627.0,original,59982424.0,original,34502100.0,original,-97.0,original
3602082.0,,2025-01-16 12:00:00,WITEL_AHU_L8,34514750.0,224.0,223.0,226.0,10.5,10.0,11.0,49.97,0.5238999999999999,,,,47623113.0,25627.0,60006331.0,224.0,interpolated,223.0,interpolated,226.0,interpolated,10.5,interpolated,10.0,interpolated,11.0,interpolated,49.97,interpolated,0.5238999999999999,interpolated,47623113.0,interpolated,25627.0,interpolated,60006331.0,interpolated,34514750.0,interpolated,-108.0,interpolated
3602168.0,37.0,2025-01-16 12:20:00,WITEL_AHU_L8,34527400.0,226.0,225.0,228.0,11.0,10.0,11.0,49.98,0.5166999999999999,2025-01-16 12:19:19.000,2025-01-16 12:19:19.000,2025-01-16 12:19:19.000,47643275.0,25627.0,60030238.0,226.0,original,225.0,original,228.0,original,11.0,original,10.0,original,11.0,original,49.98,original,0.5166999999999999,original,47643275.0,original,25627.0,original,60030238.0,original,34527400.0,original,-119.0,original
3602228.0,37.0,2025-01-16 12:40:00,WITEL_AHU_L8,34546300.0,221.0,220.0,223.0,10.0,10.0,11.0,50.03,0.5454,2025-01-16 12:49:20.000,2025-01-16 12:49:20.000,2025-01-16 12:49:20.000,47672813.0,25627.0,60065448.0,221.0,original,220.0,original,223.0,original,10.0,original,10.0,original,11.0,original,50.03,original,0.5454,original,47672813.0,original,25627.0,original,60065448.0,original,34546300.0,original,-99.0,original
3602243.0,37.0,2025-01-16 13:00:00,WITEL_AHU_L8,34552600.0,222.0,221.0,224.0,10.0,10.0,11.0,49.98,0.5380999999999999,2025-01-16 12:59:13.000,2025-01-16 12:59:13.000,2025-01-16 12:59:13.000,47682444.0,25627.0,60077002.0,222.0,original,221.0,original,224.0,original,10.0,original,10.0,original,11.0,original,49.98,original,0.5380999999999999,original,47682444.0,original,25627.0,original,60077002.0,original,34552600.0,original,-99.0,original
3602303.0,37.0,2025-01-16 13:20:00,WITEL_AHU_L8,34571500.0,221.0,220.0,222.0,10.0,10.0,11.0,50.03,0.5567,2025-01-16 13:29:05.000,2025-01-16 13:29:05.000,2025-01-16 13:29:05.000,47711313.0,25627.0,60111612.0,221.0,original,220.0,original,222.0,original,10.0,original,10.0,original,11.0,original,50.03,original,0.5567,original,47711313.0,original,25627.0,original,60111612.0,original,34571500.0,original,-119.0,original
3602344.0,37.0,2025-01-16 13:40:00,WITEL_AHU_L8,34584100.0,222.0,221.0,223.0,10.0,10.0,11.0,50.05,0.5471999999999999,2025-01-16 13:49:07.000,2025-01-16 13:49:07.000,2025-01-16 13:49:07.000,47730367.0,25627.0,60134527.0,222.0,original,221.0,original,223.0,original,10.0,original,10.0,original,11.0,original,50.05,original,0.5471999999999999,original,47730367.0,original,25627.0,original,60134527.0,original,34584100.0,original,-100.0,original
3602344.0,,2025-01-16 14:00:00,WITEL_AHU_L8,34593450.0,221.5,220.5,222.5,10.0,10.0,11.0,50.045,0.54545,,,,47744724.5,25627.0,60151752.5,221.5,interpolated,220.5,interpolated,222.5,interpolated,10.0,interpolated,10.0,interpolated,11.0,interpolated,50.045,interpolated,0.54545,interpolated,47744724.5,interpolated,25627.0,interpolated,60151752.5,interpolated,34593450.0,interpolated,-110.0,interpolated
3602408.0,37.0,2025-01-16 14:20:00,WITEL_AHU_L8,34602800.0,221.0,220.0,222.0,10.0,10.0,11.0,50.04,0.5437,2025-01-16 14:19:11.000,2025-01-16 14:19:11.000,2025-01-16 14:19:11.000,47759082.0,25627.0,60168978.0,221.0,original,220.0,original,222.0,original,10.0,original,10.0,original,11.0,original,50.04,original,0.5437,original,47759082.0,original,25627.0,original,60168978.0,original,34602800.0,original,-120.0,original
3602474.0,37.0,2025-01-16 14:40:00,WITEL_AHU_L8,34621700.0,223.0,222.0,224.0,10.0,10.0,11.0,50.0,0.5306,2025-01-16 14:49:19.000,2025-01-16 14:49:19.000,2025-01-16 14:49:19.000,47788029.0,25627.0,60203618.0,223.0,original,222.0,original,224.0,original,10.0,original,10.0,original,11.0,original,50.0,original,0.5306,original,47788029.0,original,25627.0,original,60203618.0,original,34621700.0,original,-100.0,original
3602488.0,37.0,2025-01-16 15:00:00,WITEL_AHU_L8,34628000.0,223.0,222.0,224.0,10.0,10.0,11.0,50.04,0.5346,2025-01-16 14:59:08.000,2025-01-16 14:59:08.000,2025-01-16 14:59:08.000,47797709.0,25627.0,60215223.0,223.0,original,222.0,original,224.0,original,10.0,original,10.0,original,11.0,original,50.04,original,0.5346,original,47797709.0,original,25627.0,original,60215223.0,original,34628000.0,original,-119.0,original
3602533.0,37.0,2025-01-16 15:20:00,WITEL_AHU_L8,34640600.0,222.0,221.0,223.0,10.0,10.0,11.0,50.01,0.5416,2025-01-16 15:19:11.000,2025-01-16 15:19:11.000,2025-01-16 15:19:11.000,47817158.0,25627.0,60238483.0,222.0,original,221.0,original,223.0,original,10.0,original,10.0,original,11.0,original,50.01,original,0.5416,original,47817158.0,original,25627.0,original,60238483.0,original,34640600.0,original,-101.0,original
3602533.0,,2025-01-16 15:40:00,WITEL_AHU_L8,0.0,0.0,0.0,0.0,0.0,0.0,0.0,0.0,0.0,,,,0.0,0.0,0.0,0.0,gap_too_large,0.0,gap_too_large,0.0,gap_too_large,0.0,gap_too_large,0.0,gap_too_large,0.0,gap_too_large,0.0,gap_too_large,0.0,gap_too_large,0.0,gap_too_large,0.0,gap_too_large,0.0,gap_too_large,0.0,gap_too_large,0.0,gap_too_large
3602533.0,,2025-01-16 16:00:00,WITEL_AHU_L8,0.0,0.0,0.0,0.0,0.0,0.0,0.0,0.0,0.0,,,,0.0,0.0,0.0,0.0,gap_too_large,0.0,gap_too_large,0.0,gap_too_large,0.0,gap_too_large,0.0,gap_too_large,0.0,gap_too_large,0.0,gap_too_large,0.0,gap_too_large,0.0,gap_too_large,0.0,gap_too_large,0.0,gap_too_large,0.0,gap_too_large,0.0,gap_too_large
3602533.0,,2025-01-16 16:20:00,WITEL_AHU_L8,0.0,0.0,0.0,0.0,0.0,0.0,0.0,0.0,0.0,,,,0.0,0.0,0.0,0.0,gap_too_large,0.0,gap_too_large,0.0,gap_too_large,0.0,gap_too_large,0.0,gap_too_large,0.0,gap_too_large,0.0,gap_too_large,0.0,gap_too_large,0.0,gap_too_large,0.0,gap_too_large,0.0,gap_too_large,0.0,gap_too_large,0.0,gap_too_large
3602533.0,,2025-01-16 16:40:00,WITEL_AHU_L8,0.0,0.0,0.0,0.0,0.0,0.0,0.0,0.0,0.0,,,,0.0,0.0,0.0,0.0,gap_too_large,0.0,gap_too_large,0.0,gap_too_large,0.0,gap_too_large,0.0,gap_too_large,0.0,gap_too_large,0.0,gap_too_large,0.0,gap_too_large,0.0,gap_too_large,0.0,gap_too_large,0.0,gap_too_large,0.0,gap_too_large,0.0,gap_too_large
3602533.0,,2025-01-16 17:00:00,WITEL_AHU_L8,0.0,0.0,0.0,0.0,0.0,0.0,0.0,0.0,0.0,,,,0.0,0.0,0.0,0.0,gap_too_large,0.0,gap_too_large,0.0,gap_too_large,0.0,gap_too_large,0.0,gap_too_large,0.0,gap_too_large,0.0,gap_too_large,0.0,gap_too_large,0.0,gap_too_large,0.0,gap_too_large,0.0,gap_too_large,0.0,gap_too_large,0.0,gap_too_large
3602533.0,,2025-01-16 17:20:00,WITEL_AHU_L8,0.0,0.0,0.0,0.0,0.0,0.0,0.0,0.0,0.0,,,,0.0,0.0,0.0,0.0,gap_too_large,0.0,gap_too_large,0.0,gap_too_large,0.0,gap_too_large,0.0,gap_too_large,0.0,gap_too_large,0.0,gap_too_large,0.0,gap_too_large,0.0,gap_too_large,0.0,gap_too_large,0.0,gap_too_large,0.0,gap_too_large,0.0,gap_too_large
3602533.0,,2025-01-16 17:40:00,WITEL_AHU_L8,0.0,0.0,0.0,0.0,0.0,0.0,0.0,0.0,0.0,,,,0.0,0.0,0.0,0.0,gap_too_large,0.0,gap_too_large,0.0,gap_too_large,0.0,gap_too_large,0.0,gap_too_large,0.0,gap_too_large,0.0,gap_too_large,0.0,gap_too_large,0.0,gap_too_large,0.0,gap_too_large,0.0,gap_too_large,0.0,gap_too_large,0.0,gap_too_large
3602533.0,,2025-01-16 18:00:00,WITEL_AHU_L8,0.0,0.0,0.0,0.0,0.0,0.0,0.0,0.0,0.0,,,,0.0,0.0,0.0,0.0,gap_too_large,0.0,gap_too_large,0.0,gap_too_large,0.0,gap_too_large,0.0,gap_too_large,0.0,gap_too_large,0.0,gap_too_large,0.0,gap_too_large,0.0,gap_too_large,0.0,gap_too_large,0.0,gap_too_large,0.0,gap_too_large,0.0,gap_too_large
3602533.0,,2025-01-16 18:20:00,WITEL_AHU_L8,0.0,0.0,0.0,0.0,0.0,0.0,0.0,0.0,0.0,,,,0.0,0.0,0.0,0.0,gap_too_large,0.0,gap_too_large,0.0,gap_too_large,0.0,gap_too_large,0.0,gap_too_large,0.0,gap_too_large,0.0,gap_too_large,0.0,gap_too_large,0.0,gap_too_large,0.0,gap_too_large,0.0,gap_too_large,0.0,gap_too_large,0.0,gap_too_large
3602533.0,,2025-01-16 18:40:00,WITEL_AHU_L8,0.0,0.0,0.0,0.0,0.0,0.0,0.0,0.0,0.0,,,,0.0,0.0,0.0,0.0,gap_too_large,0.0,gap_too_large,0.0,gap_too_large,0.0,gap_too_large,0.0,gap_too_large,0.0,gap_too_large,0.0,gap_too_large,0.0,gap_too_large,0.0,gap_too_large,0.0,gap_too_large,0.0,gap_too_large,0.0,gap_too_large,0.0,gap_too_large
3602533.0,,2025-01-16 19:00:00,WITEL_AHU_L8,0.0,0.0,0.0,0.0,0.0,0.0,0.0,0.0,0.0,,,,0.0,0.0,0.0,0.0,gap_too_large,0.0,gap_too_large,0.0,gap_too_large,0.0,gap_too_large,0.0,gap_too_large,0.0,gap_too_large,0.0,gap_too_large,0.0,gap_too_large,0.0,gap_too_large,0.0,gap_too_large,0.0,gap_too_large,0.0,gap_too_large,0.0,gap_too_large
3602533.0,,2025-01-16 19:20:00,WITEL_AHU_L8,0.0,0.0,0.0,0.0,0.0,0.0,0.0,0.0,0.0,,,,0.0,0.0,0.0,0.0,gap_too_large,0.0,gap_too_large,0.0,gap_too_large,0.0,gap_too_large,0.0,gap_too_large,0.0,gap_too_large,0.0,gap_too_large,0.0,gap_too_large,0.0,gap_too_large,0.0,gap_too_large,0.0,gap_too_large,0.0,gap_too_large,0.0,gap_too_large
3602533.0,,2025-01-16 19:40:00,WITEL_AHU_L8,0.0,0.0,0.0,0.0,0.0,0.0,0.0,0.0,0.0,,,,0.0,0.0,0.0,0.0,gap_too_large,0.0,gap_too_large,0.0,gap_too_large,0.0,gap_too_large,0.0,gap_too_large,0.0,gap_too_large,0.0,gap_too_large,0.0,gap_too_large,0.0,gap_too_large,0.0,gap_too_large,0.0,gap_too_large,0.0,gap_too_large,0.0,gap_too_large
3602533.0,,2025-01-16 20:00:00,WITEL_AHU_L8,0.0,0.0,0.0,0.0,0.0,0.0,0.0,0.0,0.0,,,,0.0,0.0,0.0,0.0,gap_too_large,0.0,gap_too_large,0.0,gap_too_large,0.0,gap_too_large,0.0,gap_too_large,0.0,gap_too_large,0.0,gap_too_large,0.0,gap_too_large,0.0,gap_too_large,0.0,gap_too_large,0.0,gap_too_large,0.0,gap_too_large,0.0,gap_too_large
3602533.0,,2025-01-16 20:20:00,WITEL_AHU_L8,0.0,0.0,0.0,0.0,0.0,0.0,0.0,0.0,0.0,,,,0.0,0.0,0.0,0.0,gap_too_large,0.0,gap_too_large,0.0,gap_too_large,0.0,gap_too_large,0.0,gap_too_large,0.0,gap_too_large,0.0,gap_too_large,0.0,gap_too_large,0.0,gap_too_large,0.0,gap_too_large,0.0,gap_too_large,0.0,gap_too_large,0.0,gap_too_large
3602533.0,,2025-01-16 20:40:00,WITEL_AHU_L8,0.0,0.0,0.0,0.0,0.0,0.0,0.0,0.0,0.0,,,,0.0,0.0,0.0,0.0,gap_too_large,0.0,gap_too_large,0.0,gap_too_large,0.0,gap_too_large,0.0,gap_too_large,0.0,gap_too_large,0.0,gap_too_large,0.0,gap_too_large,0.0,gap_too_large,0.0,gap_too_large,0.0,gap_too_large,0.0,gap_too_large,0.0,gap_too_large
3602533.0,,2025-01-16 21:00:00,WITEL_AHU_L8,0.0,0.0,0.0,0.0,0.0,0.0,0.0,0.0,0.0,,,,0.0,0.0,0.0,0.0,gap_too_large,0.0,gap_too_large,0.0,gap_too_large,0.0,gap_too_large,0.0,gap_too_large,0.0,gap_too_large,0.0,gap_too_large,0.0,gap_too_large,0.0,gap_too_large,0.0,gap_too_large,0.0,gap_too_large,0.0,gap_too_large,0.0,gap_too_large
3602533.0,,2025-01-16 21:20:00,WITEL_AHU_L8,0.0,0.0,0.0,0.0,0.0,0.0,0.0,0.0,0.0,,,,0.0,0.0,0.0,0.0,gap_too_large,0.0,gap_too_large,0.0,gap_too_large,0.0,gap_too_large,0.0,gap_too_large,0.0,gap_too_large,0.0,gap_too_large,0.0,gap_too_large,0.0,gap_too_large,0.0,gap_too_large,0.0,gap_too_large,0.0,gap_too_large,0.0,gap_too_large
3602533.0,,2025-01-16 21:40:00,WITEL_AHU_L8,0.0,0.0,0.0,0.0,0.0,0.0,0.0,0.0,0.0,,,,0.0,0.0,0.0,0.0,gap_too_large,0.0,gap_too_large,0.0,gap_too_large,0.0,gap_too_large,0.0,gap_too_large,0.0,gap_too_large,0.0,gap_too_large,0.0,gap_too_large,0.0,gap_too_large,0.0,gap_too_large,0.0,gap_too_large,0.0,gap_too_large,0.0,gap_too_large
3602533.0,,2025-01-16 22:00:00,WITEL_AHU_L8,0.0,0.0,0.0,0.0,0.0,0.0,0.0,0.0,0.0,,,,0.0,0.0,0.0,0.0,gap_too_large,0.0,gap_too_large,0.0,gap_too_large,0.0,gap_too_large,0.0,gap_too_large,0.0,gap_too_large,0.0,gap_too_large,0.0,gap_too_large,0.0,gap_too_large,0.0,gap_too_large,0.0,gap_too_large,0.0,gap_too_large,0.0,gap_too_large
3602533.0,,2025-01-16 22:20:00,WITEL_AHU_L8,0.0,0.0,0.0,0.0,0.0,0.0,0.0,0.0,0.0,,,,0.0,0.0,0.0,0.0,gap_too_large,0.0,gap_too_large,0.0,gap_too_large,0.0,gap_too_large,0.0,gap_too_large,0.0,gap_too_large,0.0,gap_too_large,0.0,gap_too_large,0.0,gap_too_large,0.0,gap_too_large,0.0,gap_too_large,0.0,gap_too_large,0.0,gap_too_large
3602533.0,,2025-01-16 22:40:00,WITEL_AHU_L8,0.0,0.0,0.0,0.0,0.0,0.0,0.0,0.0,0.0,,,,0.0,0.0,0.0,0.0,gap_too_large,0.0,gap_too_large,0.0,gap_too_large,0.0,gap_too_large,0.0,gap_too_large,0.0,gap_too_large,0.0,gap_too_large,0.0,gap_too_large,0.0,gap_too_large,0.0,gap_too_large,0.0,gap_too_large,0.0,gap_too_large,0.0,gap_too_large
3602533.0,,2025-01-16 23:00:00,WITEL_AHU_L8,0.0,0.0,0.0,0.0,0.0,0.0,0.0,0.0,0.0,,,,0.0,0.0,0.0,0.0,gap_too_large,0.0,gap_too_large,0.0,gap_too_large,0.0,gap_too_large,0.0,gap_too_large,0.0,gap_too_large,0.0,gap_too_large,0.0,gap_too_large,0.0,gap_too_large,0.0,gap_too_large,0.0,gap_too_large,0.0,gap_too_large,0.0,gap_too_large
3602533.0,,2025-01-16 23:20:00,WITEL_AHU_L8,0.0,0.0,0.0,0.0,0.0,0.0,0.0,0.0,0.0,,,,0.0,0.0,0.0,0.0,gap_too_large,0.0,gap_too_large,0.0,gap_too_large,0.0,gap_too_large,0.0,gap_too_large,0.0,gap_too_large,0.0,gap_too_large,0.0,gap_too_large,0.0,gap_too_large,0.0,gap_too_large,0.0,gap_too_large,0.0,gap_too_large,0.0,gap_too_large
3602533.0,,2025-01-16 23:40:00,WITEL_AHU_L8,0.0,0.0,0.0,0.0,0.0,0.0,0.0,0.0,0.0,,,,0.0,0.0,0.0,0.0,gap_too_large,0.0,gap_too_large,0.0,gap_too_large,0.0,gap_too_large,0.0,gap_too_large,0.0,gap_too_large,0.0,gap_too_large,0.0,gap_too_large,0.0,gap_too_large,0.0,gap_too_large,0.0,gap_too_large,0.0,gap_too_large,0.0,gap_too_large
3602533.0,,2025-01-17 00:00:00,WITEL_AHU_L8,0.0,0.0,0.0,0.0,0.0,0.0,0.0,0.0,0.0,,,,0.0,0.0,0.0,0.0,gap_too_large,0.0,gap_too_large,0.0,gap_too_large,0.0,gap_too_large,0.0,gap_too_large,0.0,gap_too_large,0.0,gap_too_large,0.0,gap_too_large,0.0,gap_too_large,0.0,gap_too_large,0.0,gap_too_large,0.0,gap_too_large,0.0,gap_too_large
3602533.0,,2025-01-17 00:20:00,WITEL_AHU_L8,0.0,0.0,0.0,0.0,0.0,0.0,0.0,0.0,0.0,,,,0.0,0.0,0.0,0.0,gap_too_large,0.0,gap_too_large,0.0,gap_too_large,0.0,gap_too_large,0.0,gap_too_large,0.0,gap_too_large,0.0,gap_too_large,0.0,gap_too_large,0.0,gap_too_large,0.0,gap_too_large,0.0,gap_too_large,0.0,gap_too_large,0.0,gap_too_large
3602533.0,,2025-01-17 00:40:00,WITEL_AHU_L8,0.0,0.0,0.0,0.0,0.0,0.0,0.0,0.0,0.0,,,,0.0,0.0,0.0,0.0,gap_too_large,0.0,gap_too_large,0.0,gap_too_large,0.0,gap_too_large,0.0,gap_too_large,0.0,gap_too_large,0.0,gap_too_large,0.0,gap_too_large,0.0,gap_too_large,0.0,gap_too_large,0.0,gap_too_large,0.0,gap_too_large,0.0,gap_too_large
3602533.0,,2025-01-17 01:00:00,WITEL_AHU_L8,0.0,0.0,0.0,0.0,0.0,0.0,0.0,0.0,0.0,,,,0.0,0.0,0.0,0.0,gap_too_large,0.0,gap_too_large,0.0,gap_too_large,0.0,gap_too_large,0.0,gap_too_large,0.0,gap_too_large,0.0,gap_too_large,0.0,gap_too_large,0.0,gap_too_large,0.0,gap_too_large,0.0,gap_too_large,0.0,gap_too_large,0.0,gap_too_large
3602533.0,,2025-01-17 01:20:00,WITEL_AHU_L8,0.0,0.0,0.0,0.0,0.0,0.0,0.0,0.0,0.0,,,,0.0,0.0,0.0,0.0,gap_too_large,0.0,gap_too_large,0.0,gap_too_large,0.0,gap_too_large,0.0,gap_too_large,0.0,gap_too_large,0.0,gap_too_large,0.0,gap_too_large,0.0,gap_too_large,0.0,gap_too_large,0.0,gap_too_large,0.0,gap_too_large,0.0,gap_too_large
3602533.0,,2025-01-17 01:40:00,WITEL_AHU_L8,0.0,0.0,0.0,0.0,0.0,0.0,0.0,0.0,0.0,,,,0.0,0.0,0.0,0.0,gap_too_large,0.0,gap_too_large,0.0,gap_too_large,0.0,gap_too_large,0.0,gap_too_large,0.0,gap_too_large,0.0,gap_too_large,0.0,gap_too_large,0.0,gap_too_large,0.0,gap_too_large,0.0,gap_too_large,0.0,gap_too_large,0.0,gap_too_large
3602533.0,,2025-01-17 02:00:00,WITEL_AHU_L8,0.0,0.0,0.0,0.0,0.0,0.0,0.0,0.0,0.0,,,,0.0,0.0,0.0,0.0,gap_too_large,0.0,gap_too_large,0.0,gap_too_large,0.0,gap_too_large,0.0,gap_too_large,0.0,gap_too_large,0.0,gap_too_large,0.0,gap_too_large,0.0,gap_too_large,0.0,gap_too_large,0.0,gap_too_large,0.0,gap_too_large,0.0,gap_too_large
3602533.0,,2025-01-17 02:20:00,WITEL_AHU_L8,0.0,0.0,0.0,0.0,0.0,0.0,0.0,0.0,0.0,,,,0.0,0.0,0.0,0.0,gap_too_large,0.0,gap_too_large,0.0,gap_too_large,0.0,gap_too_large,0.0,gap_too_large,0.0,gap_too_large,0.0,gap_too_large,0.0,gap_too_large,0.0,gap_too_large,0.0,gap_too_large,0.0,gap_too_large,0.0,gap_too_large,0.0,gap_too_large
3602533.0,,2025-01-17 02:40:00,WITEL_AHU_L8,0.0,0.0,0.0,0.0,0.0,0.0,0.0,0.0,0.0,,,,0.0,0.0,0.0,0.0,gap_too_large,0.0,gap_too_large,0.0,gap_too_large,0.0,gap_too_large,0.0,gap_too_large,0.0,gap_too_large,0.0,gap_too_large,0.0,gap_too_large,0.0,gap_too_large,0.0,gap_too_large,0.0,gap_too_large,0.0,gap_too_large,0.0,gap_too_large
3602533.0,,2025-01-17 03:00:00,WITEL_AHU_L8,0.0,0.0,0.0,0.0,0.0,0.0,0.0,0.0,0.0,,,,0.0,0.0,0.0,0.0,gap_too_large,0.0,gap_too_large,0.0,gap_too_large,0.0,gap_too_large,0.0,gap_too_large,0.0,gap_too_large,0.0,gap_too_large,0.0,gap_too_large,0.0,gap_too_large,0.0,gap_too_large,0.0,gap_too_large,0.0,gap_too_large,0.0,gap_too_large
3602533.0,,2025-01-17 03:20:00,WITEL_AHU_L8,0.0,0.0,0.0,0.0,0.0,0.0,0.0,0.0,0.0,,,,0.0,0.0,0.0,0.0,gap_too_large,0.0,gap_too_large,0.0,gap_too_large,0.0,gap_too_large,0.0,gap_too_large,0.0,gap_too_large,0.0,gap_too_large,0.0,gap_too_large,0.0,gap_too_large,0.0,gap_too_large,0.0,gap_too_large,0.0,gap_too_large,0.0,gap_too_large
3602533.0,,2025-01-17 03:40:00,WITEL_AHU_L8,0.0,0.0,0.0,0.0,0.0,0.0,0.0,0.0,0.0,,,,0.0,0.0,0.0,0.0,gap_too_large,0.0,gap_too_large,0.0,gap_too_large,0.0,gap_too_large,0.0,gap_too_large,0.0,gap_too_large,0.0,gap_too_large,0.0,gap_too_large,0.0,gap_too_large,0.0,gap_too_large,0.0,gap_too_large,0.0,gap_too_large,0.0,gap_too_large
3602533.0,,2025-01-17 04:00:00,WITEL_AHU_L8,0.0,0.0,0.0,0.0,0.0,0.0,0.0,0.0,0.0,,,,0.0,0.0,0.0,0.0,gap_too_large,0.0,gap_too_large,0.0,gap_too_large,0.0,gap_too_large,0.0,gap_too_large,0.0,gap_too_large,0.0,gap_too_large,0.0,gap_too_large,0.0,gap_too_large,0.0,gap_too_large,0.0,gap_too_large,0.0,gap_too_large,0.0,gap_too_large
3602533.0,,2025-01-17 04:20:00,WITEL_AHU_L8,0.0,0.0,0.0,0.0,0.0,0.0,0.0,0.0,0.0,,,,0.0,0.0,0.0,0.0,gap_too_large,0.0,gap_too_large,0.0,gap_too_large,0.0,gap_too_large,0.0,gap_too_large,0.0,gap_too_large,0.0,gap_too_large,0.0,gap_too_large,0.0,gap_too_large,0.0,gap_too_large,0.0,gap_too_large,0.0,gap_too_large,0.0,gap_too_large
3602533.0,,2025-01-17 04:40:00,WITEL_AHU_L8,0.0,0.0,0.0,0.0,0.0,0.0,0.0,0.0,0.0,,,,0.0,0.0,0.0,0.0,gap_too_large,0.0,gap_too_large,0.0,gap_too_large,0.0,gap_too_large,0.0,gap_too_large,0.0,gap_too_large,0.0,gap_too_large,0.0,gap_too_large,0.0,gap_too_large,0.0,gap_too_large,0.0,gap_too_large,0.0,gap_too_large,0.0,gap_too_large
3602533.0,,2025-01-17 05:00:00,WITEL_AHU_L8,0.0,0.0,0.0,0.0,0.0,0.0,0.0,0.0,0.0,,,,0.0,0.0,0.0,0.0,gap_too_large,0.0,gap_too_large,0.0,gap_too_large,0.0,gap_too_large,0.0,gap_too_large,0.0,gap_too_large,0.0,gap_too_large,0.0,gap_too_large,0.0,gap_too_large,0.0,gap_too_large,0.0,gap_too_large,0.0,gap_too_large,0.0,gap_too_large
3602533.0,,2025-01-17 05:20:00,WITEL_AHU_L8,0.0,0.0,0.0,0.0,0.0,0.0,0.0,0.0,0.0,,,,0.0,0.0,0.0,0.0,gap_too_large,0.0,gap_too_large,0.0,gap_too_large,0.0,gap_too_large,0.0,gap_too_large,0.0,gap_too_large,0.0,gap_too_large,0.0,gap_too_large,0.0,gap_too_large,0.0,gap_too_large,0.0,gap_too_large,0.0,gap_too_large,0.0,gap_too_large
3602533.0,,2025-01-17 05:40:00,WITEL_AHU_L8,0.0,0.0,0.0,0.0,0.0,0.0,0.0,0.0,0.0,,,,0.0,0.0,0.0,0.0,gap_too_large,0.0,gap_too_large,0.0,gap_too_large,0.0,gap_too_large,0.0,gap_too_large,0.0,gap_too_large,0.0,gap_too_large,0.0,gap_too_large,0.0,gap_too_large,0.0,gap_too_large,0.0,gap_too_large,0.0,gap_too_large,0.0,gap_too_large
3602533.0,,2025-01-17 06:00:00,WITEL_AHU_L8,0.0,0.0,0.0,0.0,0.0,0.0,0.0,0.0,0.0,,,,0.0,0.0,0.0,0.0,gap_too_large,0.0,gap_too_large,0.0,gap_too_large,0.0,gap_too_large,0.0,gap_too_large,0.0,gap_too_large,0.0,gap_too_large,0.0,gap_too_large,0.0,gap_too_large,0.0,gap_too_large,0.0,gap_too_large,0.0,gap_too_large,0.0,gap_too_large
3602533.0,,2025-01-17 06:20:00,WITEL_AHU_L8,0.0,0.0,0.0,0.0,0.0,0.0,0.0,0.0,0.0,,,,0.0,0.0,0.0,0.0,gap_too_large,0.0,gap_too_large,0.0,gap_too_large,0.0,gap_too_large,0.0,gap_too_large,0.0,gap_too_large,0.0,gap_too_large,0.0,gap_too_large,0.0,gap_too_large,0.0,gap_too_large,0.0,gap_too_large,0.0,gap_too_large,0.0,gap_too_large
3602533.0,,2025-01-17 06:40:00,WITEL_AHU_L8,0.0,0.0,0.0,0.0,0.0,0.0,0.0,0.0,0.0,,,,0.0,0.0,0.0,0.0,gap_too_large,0.0,gap_too_large,0.0,gap_too_large,0.0,gap_too_large,0.0,gap_too_large,0.0,gap_too_large,0.0,gap_too_large,0.0,gap_too_large,0.0,gap_too_large,0.0,gap_too_large,0.0,gap_too_large,0.0,gap_too_large,0.0,gap_too_large
3602533.0,,2025-01-17 07:00:00,WITEL_AHU_L8,0.0,0.0,0.0,0.0,0.0,0.0,0.0,0.0,0.0,,,,0.0,0.0,0.0,0.0,gap_too_large,0.0,gap_too_large,0.0,gap_too_large,0.0,gap_too_large,0.0,gap_too_large,0.0,gap_too_large,0.0,gap_too_large,0.0,gap_too_large,0.0,gap_too_large,0.0,gap_too_large,0.0,gap_too_large,0.0,gap_too_large,0.0,gap_too_large
3602533.0,,2025-01-17 07:20:00,WITEL_AHU_L8,0.0,0.0,0.0,0.0,0.0,0.0,0.0,0.0,0.0,,,,0.0,0.0,0.0,0.0,gap_too_large,0.0,gap_too_large,0.0,gap_too_large,0.0,gap_too_large,0.0,gap_too_large,0.0,gap_too_large,0.0,gap_too_large,0.0,gap_too_large,0.0,gap_too_large,0.0,gap_too_large,0.0,gap_too_large,0.0,gap_too_large,0.0,gap_too_large
3602533.0,,2025-01-17 07:40:00,WITEL_AHU_L8,0.0,0.0,0.0,0.0,0.0,0.0,0.0,0.0,0.0,,,,0.0,0.0,0.0,0.0,gap_too_large,0.0,gap_too_large,0.0,gap_too_large,0.0,gap_too_large,0.0,gap_too_large,0.0,gap_too_large,0.0,gap_too_large,0.0,gap_too_large,0.0,gap_too_large,0.0,gap_too_large,0.0,gap_too_large,0.0,gap_too_large,0.0,gap_too_large
3602533.0,,2025-01-17 08:00:00,WITEL_AHU_L8,0.0,0.0,0.0,0.0,0.0,0.0,0.0,0.0,0.0,,,,0.0,0.0,0.0,0.0,gap_too_large,0.0,gap_too_large,0.0,gap_too_large,0.0,gap_too_large,0.0,gap_too_large,0.0,gap_too_large,0.0,gap_too_large,0.0,gap_too_large,0.0,gap_too_large,0.0,gap_too_large,0.0,gap_too_large,0.0,gap_too_large,0.0,gap_too_large
3602533.0,,2025-01-17 08:20:00,WITEL_AHU_L8,0.0,0.0,0.0,0.0,0.0,0.0,0.0,0.0,0.0,,,,0.0,0.0,0.0,0.0,gap_too_large,0.0,gap_too_large,0.0,gap_too_large,0.0,gap_too_large,0.0,gap_too_large,0.0,gap_too_large,0.0,gap_too_large,0.0,gap_too_large,0.0,gap_too_large,0.0,gap_too_large,0.0,gap_too_large,0.0,gap_too_large,0.0,gap_too_large
3602533.0,,2025-01-17 08:40:00,WITEL_AHU_L8,0.0,0.0,0.0,0.0,0.0,0.0,0.0,0.0,0.0,,,,0.0,0.0,0.0,0.0,gap_too_large,0.0,gap_too_large,0.0,gap_too_large,0.0,gap_too_large,0.0,gap_too_large,0.0,gap_too_large,0.0,gap_too_large,0.0,gap_too_large,0.0,gap_too_large,0.0,gap_too_large,0.0,gap_too_large,0.0,gap_too_large,0.0,gap_too_large
3602533.0,,2025-01-17 09:00:00,WITEL_AHU_L8,0.0,0.0,0.0,0.0,0.0,0.0,0.0,0.0,0.0,,,,0.0,0.0,0.0,0.0,gap_too_large,0.0,gap_too_large,0.0,gap_too_large,0.0,gap_too_large,0.0,gap_too_large,0.0,gap_too_large,0.0,gap_too_large,0.0,gap_too_large,0.0,gap_too_large,0.0,gap_too_large,0.0,gap_too_large,0.0,gap_too_large,0.0,gap_too_large
3602547.0,37.0,2025-01-17 09:20:00,WITEL_AHU_L8,34704100.0,222.0,222.0,224.0,0.0,0.0,0.0,50.06,1.0,2025-01-17 09:19:11.000,2025-01-17 09:19:11.000,2025-01-17 09:19:11.000,47919686.0,25627.0,60359613.0,222.0,original,222.0,original,224.0,original,0.0,gap_too_large,0.0,gap_too_large,0.0,gap_too_large,50.06,original,1.0,original,47919686.0,original,25627.0,original,60359613.0,original,34704100.0,original,-120.0,original
3602575.0,37.0,2025-01-17 09:40:00,WITEL_AHU_L8,34704100.0,221.0,221.0,223.0,0.0,0.0,0.0,49.97,1.0,2025-01-17 09:39:03.000,2025-01-17 09:39:03.000,2025-01-17 09:39:03.000,47919686.0,25627.0,60359613.0,221.0,original,221.0,original,223.0,original,0.0,gap_too_large,0.0,gap_too_large,0.0,gap_too_large,49.97,original,1.0,original,47919686.0,original,25627.0,original,60359613.0,original,34704100.0,original,-99.0,original
3602620.0,37.0,2025-01-17 10:00:00,WITEL_AHU_L8,34704100.0,223.0,222.0,225.0,0.0,0.0,0.0,50.03,1.0,2025-01-17 09:59:19.000,2025-01-17 09:59:19.000,2025-01-17 09:59:19.000,47919686.0,25627.0,60359613.0,223.0,original,222.0,original,225.0,original,0.0,gap_too_large,0.0,gap_too_large,0.0,gap_too_large,50.03,original,1.0,original,47919686.0,original,25627.0,original,60359613.0,original,34704100.0,original,-118.0,original
3602648.0,37.0,2025-01-17 10:20:00,WITEL_AHU_L8,34704100.0,223.0,222.0,224.0,0.0,0.0,0.0,50.01,1.0,2025-01-17 10:19:11.000,2025-01-17 10:19:11.000,2025-01-17 10:19:11.000,47919686.0,25627.0,60359613.0,223.0,original,222.0,original,224.0,original,0.0,gap_too_large,0.0,gap_too_large,0.0,gap_too_large,50.01,original,1.0,original,47919686.0,original,25627.0,original,60359613.0,original,34704100.0,original,-101.0,original
3602682.0,37.0,2025-01-17 10:40:00,WITEL_AHU_L8,34704100.0,223.0,222.0,225.0,0.0,0.0,0.0,50.04,1.0,2025-01-17 10:39:16.000,2025-01-17 10:39:16.000,2025-01-17 10:39:16.000,47919686.0,25627.0,60359613.0,223.0,original,222.0,original,225.0,original,0.0,gap_too_large,0.0,gap_too_large,0.0,gap_too_large,50.04,original,1.0,original,47919686.0,original,25627.0,original,60359613.0,original,34704100.0,original,-101.0,original
3602726.0,37.0,2025-01-17 11:00:00,WITEL_AHU_L8,34704100.0,223.0,222.0,225.0,0.0,0.0,0.0,50.0,1.0,2025-01-17 11:09:08.000,2025-01-17 11:09:08.000,2025-01-17 11:09:08.000,47919686.0,25627.0,60359613.0,223.0,original,222.0,original,225.0,original,0.0,gap_too_large,0.0,gap_too_large,0.0,gap_too_large,50.0,original,1.0,original,47919686.0,original,25627.0,original,60359613.0,original,34704100.0,original,-102.0,original
3602742.0,37.0,2025-01-17 11:20:00,WITEL_AHU_L8,34704100.0,224.0,223.0,226.0,0.0,0.0,0.0,50.02,1.0,2025-01-17 11:19:11.000,2025-01-17 11:19:11.000,2025-01-17 11:19:11.000,47919686.0,25627.0,60359613.0,224.0,original,223.0,original,226.0,original,0.0,gap_too_large,0.0,gap_too_large,0.0,gap_too_large,50.02,original,1.0,original,47919686.0,original,25627.0,original,60359613.0,original,34704100.0,original,-120.0,original
3602779.0,37.0,2025-01-17 11:40:00,WITEL_AHU_L8,34704100.0,224.0,223.0,226.0,0.0,0.0,0.0,49.99,1.0,2025-01-17 11:39:17.000,2025-01-17 11:39:17.000,2025-01-17 11:39:17.000,47919686.0,25627.0,60359613.0,224.0,original,223.0,original,226.0,original,0.0,gap_too_large,0.0,gap_too_large,0.0,gap_too_large,49.99,original,1.0,original,47919686.0,original,25627.0,original,60359613.0,original,34704100.0,original,-119.0,original
3602779.0,,2025-01-17 12:00:00,WITEL_AHU_L8,34704100.0,225.0,224.0,227.0,0.0,0.0,0.0,50.019999999999996,1.0,,,,47919686.0,25627.0,60359613.0,225.0,interpolated,224.0,interpolated,227.0,interpolated,0.0,gap_too_large,0.0,gap_too_large,0.0,gap_too_large,50.019999999999996,interpolated,1.0,interpolated,47919686.0,interpolated,25627.0,interpolated,60359613.0,interpolated,34704100.0,interpolated,-109.0,interpolated
3602849.0,37.0,2025-01-17 12:20:00,WITEL_AHU_L8,34704100.0,226.0,225.0,228.0,0.0,0.0,0.0,50.05,1.0,2025-01-17 12:19:19.000,2025-01-17 12:19:19.000,2025-01-17 12:19:19.000,47919686.0,25627.0,60359613.0,226.0,original,225.0,original,228.0,original,0.0,gap_too_large,0.0,gap_too_large,0.0,gap_too_large,50.05,original,1.0,original,47919686.0,original,25627.0,original,60359613.0,original,34704100.0,original,-99.0,original
3602881.0,37.0,2025-01-17 12:40:00,WITEL_AHU_L8,34704100.0,226.0,225.0,228.0,0.0,0.0,0.0,50.0,1.0,2025-01-17 12:39:15.000,2025-01-17 12:39:15.000,2025-01-17 12:39:15.000,47919686.0,25627.0,60359613.0,226.0,original,225.0,original,228.0,original,0.0,gap_too_large,0.0,gap_too_large,0.0,gap_too_large,50.0,original,1.0,original,47919686.0,original,25627.0,original,60359613.0,original,34704100.0,original,-102.0,original
3602910.0,37.0,2025-01-17 13:00:00,WITEL_AHU_L8,34704100.0,224.0,223.0,226.0,0.0,0.0,0.0,50.03,1.0,2025-01-17 12:59:03.000,2025-01-17 12:59:03.000,2025-01-17 12:59:03.000,47919686.0,25627.0,60359613.0,224.0,original,223.0,original,226.0,original,0.0,gap_too_large,0.0,gap_too_large,0.0,gap_too_large,50.03,original,1.0,original,47919686.0,original,25627.0,original,60359613.0,original,34704100.0,original,-96.0,original
3602950.0,37.0,2025-01-17 13:20:00,WITEL_AHU_L8,34704100.0,223.0,222.0,225.0,0.0,0.0,0.0,50.06,1.0,2025-01-17 13:19:11.000,2025-01-17 13:19:11.000,2025-01-17 13:19:11.000,47919686.0,25627.0,60359613.0,223.0,original,222.0,original,225.0,original,0.0,gap_too_large,0.0,gap_too_large,0.0,gap_too_large,50.06,original,1.0,original,47919686.0,original,25627.0,original,60359613.0,original,34704100.0,original,-117.0,original
3603000.0,37.0,2025-01-17 13:40:00,WITEL_AHU_L8,34704100.0,222.0,222.0,224.0,0.0,0.0,0.0,50.05,1.0,2025-01-17 13:49:14.000,2025-01-17 13:49:14.000,2025-01-17 13:49:14.000,47919686.0,25627.0,60359613.0,222.0,original,222.0,original,224.0,original,0.0,gap_too_large,0.0,gap_too_large,0.0,gap_too_large,50.05,original,1.0,original,47919686.0,original,25627.0,original,60359613.0,original,34704100.0,original,-120.0,original
3603011.0,37.0,2025-01-17 14:00:00,WITEL_AHU_L8,34704100.0,222.0,221.0,224.0,0.0,0.0,0.0,50.05,1.0,2025-01-17 13:59:04.000,2025-01-17 13:59:04.000,2025-01-17 13:59:04.000,47919686.0,25627.0,60359613.0,222.0,original,221.0,original,224.0,original,0.0,gap_too_large,0.0,gap_too_large,0.0,gap_too_large,50.05,original,1.0,original,47919686.0,original,25627.0,original,60359613.0,original,34704100.0,original,-117.0,original
3603045.0,37.0,2025-01-17 14:20:00,WITEL_AHU_L8,34704100.0,222.0,221.0,224.0,0.0,0.0,0.0,50.05,1.0,2025-01-17 14:19:11.000,2025-01-17 14:19:11.000,2025-01-17 14:19:11.000,47919686.0,25627.0,60359613.0,222.0,original,221.0,original,224.0,original,0.0,gap_too_large,0.0,gap_too_large,0.0,gap_too_large,50.05,original,1.0,original,47919686.0,original,25627.0,original,60359613.0,original,34704100.0,original,-96.0,original
3603090.0,37.0,2025-01-17 14:40:00,WITEL_AHU_L8,34719500.0,222.0,222.0,224.0,10.0,10.0,11.0,50.07,0.5284,2025-01-17 14:49:16.000,2025-01-17 14:49:16.000,2025-01-17 14:49:16.000,47943312.0,25627.0,60387967.0,222.0,original,222.0,original,224.0,original,10.0,original,10.0,original,11.0,original,50.07,original,0.5284,original,47943312.0,original,25627.0,original,60387967.0,original,34719500.0,original,-118.0,original
3603108.0,37.0,2025-01-17 15:00:00,WITEL_AHU_L8,34725800.0,222.0,221.0,224.0,10.0,10.0,11.0,50.02,0.5309999999999999,2025-01-17 14:59:21.000,2025-01-17 14:59:21.000,2025-01-17 14:59:21.000,47953075.0,25627.0,60399612.0,222.0,original,221.0,original,224.0,original,10.0,original,10.0,original,11.0,original,50.02,original,0.5309999999999999,original,47953075.0,original,25627.0,original,60399612.0,original,34725800.0,original,-101.0,original
3603139.0,37.0,2025-01-17 15:20:00,WITEL_AHU_L8,34738300.0,222.0,221.0,224.0,10.0,10.0,11.0,50.0,0.5542999999999999,2025-01-17 15:19:10.000,2025-01-17 15:19:10.000,2025-01-17 15:19:10.000,47972623.0,25627.0,60422934.0,222.0,original,221.0,original,224.0,original,10.0,original,10.0,original,11.0,original,50.0,original,0.5542999999999999,original,47972623.0,original,25627.0,original,60422934.0,original,34738300.0,original,-99.0,original
3603187.0,37.0,2025-01-17 15:40:00,WITEL_AHU_L8,34750900.0,223.0,222.0,224.0,10.0,10.0,11.0,50.03,0.5486,2025-01-17 15:39:14.000,2025-01-17 15:39:14.000,2025-01-17 15:39:14.000,47992179.0,25627.0,60446279.0,223.0,original,222.0,original,224.0,original,10.0,original,10.0,original,11.0,original,50.03,original,0.5486,original,47992179.0,original,25627.0,original,60446279.0,original,34750900.0,original,-120.0,original
3603235.0,37.0,2025-01-17 16:00:00,WITEL_AHU_L8,34763500.0,223.0,222.0,225.0,10.0,10.0,11.0,50.03,0.5500999999999999,2025-01-17 15:59:18.000,2025-01-17 15:59:18.000,2025-01-17 15:59:18.000,48011754.0,25627.0,60469643.0,223.0,original,222.0,original,225.0,original,10.0,original,10.0,original,11.0,original,50.03,original,0.5500999999999999,original,48011754.0,original,25627.0,original,60469643.0,original,34763500.0,original,-116.0,original
3603300.0,37.0,2025-01-17 16:20:00,WITEL_AHU_L8,34782500.0,225.0,224.0,226.0,11.0,10.0,11.0,50.0,0.5314,2025-01-17 16:29:21.000,2025-01-17 16:29:21.000,2025-01-17 16:29:21.000,48041462.0,25627.0,60505018.0,225.0,original,224.0,original,226.0,original,11.0,original,10.0,original,11.0,original,50.0,original,0.5314,original,48041462.0,original,25627.0,original,60505018.0,original,34782500.0,original,-103.0,original
3603317.0,37.0,2025-01-17 16:40:00,WITEL_AHU_L8,34788800.0,225.0,224.0,227.0,11.0,10.0,11.0,50.05,0.5428,2025-01-17 16:39:13.000,2025-01-17 16:39:13.000,2025-01-17 16:39:13.000,48051596.0,25627.0,60517000.0,225.0,original,224.0,original,227.0,original,11.0,original,10.0,original,11.0,original,50.05,original,0.5428,original,48051596.0,original,25627.0,original,60517000.0,original,34788800.0,original,-119.0,original
3603354.0,37.0,2025-01-17 17:00:00,WITEL_AHU_L8,34801500.0,230.0,229.0,231.0,11.0,11.0,12.0,50.05,0.51,2025-01-17 16:59:09.000,2025-01-17 16:59:09.000,2025-01-17 16:59:09.000,48072159.0,25627.0,60541312.0,230.0,original,229.0,original,231.0,original,11.0,original,11.0,original,12.0,original,50.05,original,0.51,original,48072159.0,original,25627.0,original,60541312.0,original,34801500.0,original,-105.0,original
3603416.0,37.0,2025-01-17 17:20:00,WITEL_AHU_L8,34820500.0,229.0,228.0,230.0,11.0,11.0,12.0,50.04,0.4964999999999999,2025-01-17 17:29:11.000,2025-01-17 17:29:11.000,2025-01-17 17:29:11.000,48104200.0,25627.0,60578695.0,229.0,original,228.0,original,230.0,original,11.0,original,11.0,original,12.0,original,50.04,original,0.4964999999999999,original,48104200.0,original,25627.0,original,60578695.0,original,34820500.0,original,-119.0,original
3603440.0,37.0,2025-01-17 17:40:00,WITEL_AHU_L8,34823900.0,230.0,229.0,231.0,0.0,0.0,0.0,50.04,1.0,2025-01-17 17:39:19.000,2025-01-17 17:39:19.000,2025-01-17 17:39:19.000,48110054.0,25627.0,60585476.0,230.0,original,229.0,original,231.0,original,0.0,gap_too_large,0.0,gap_too_large,0.0,gap_too_large,50.04,original,1.0,original,48110054.0,original,25627.0,original,60585476.0,original,34823900.0,original,-103.0,original
3603479.0,37.0,2025-01-17 18:00:00,WITEL_AHU_L8,34823900.0,228.0,228.0,230.0,0.0,0.0,0.0,50.06,1.0,2025-01-17 17:59:17.000,2025-01-17 17:59:17.000,2025-01-17 17:59:17.000,48110054.0,25627.0,60585476.0,228.0,original,228.0,original,230.0,original,0.0,gap_too_large,0.0,gap_too_large,0.0,gap_too_large,50.06,original,1.0,original,48110054.0,original,25627.0,original,60585476.0,original,34823900.0,original,-115.0,original
3603527.0,37.0,2025-01-17 18:20:00,WITEL_AHU_L8,34823900.0,229.0,229.0,231.0,0.0,0.0,0.0,49.98,1.0,2025-01-17 18:19:13.000,2025-01-17 18:19:13.000,2025-01-17 18:19:13.000,48110054.0,25627.0,60585476.0,229.0,original,229.0,original,231.0,original,0.0,gap_too_large,0.0,gap_too_large,0.0,gap_too_large,49.98,original,1.0,original,48110054.0,original,25627.0,original,60585476.0,original,34823900.0,original,-119.0,original
3603571.0,37.0,2025-01-17 18:40:00,WITEL_AHU_L8,34823900.0,230.0,229.0,232.0,0.0,0.0,0.0,49.99,1.0,2025-01-17 18:39:07.000,2025-01-17 18:39:07.000,2025-01-17 18:39:07.000,48110054.0,25627.0,60585476.0,230.0,original,229.0,original,232.0,original,0.0,gap_too_large,0.0,gap_too_large,0.0,gap_too_large,49.99,original,1.0,original,48110054.0,original,25627.0,original,60585476.0,original,34823900.0,original,-118.0,original
3603620.0,37.0,2025-01-17 19:00:00,WITEL_AHU_L8,34823900.0,230.0,230.0,232.0,0.0,0.0,0.0,50.02,1.0,2025-01-17 18:59:19.000,2025-01-17 18:59:19.000,2025-01-17 18:59:19.000,48110054.0,25627.0,60585476.0,230.0,original,230.0,original,232.0,original,0.0,gap_too_large,0.0,gap_too_large,0.0,gap_too_large,50.02,original,1.0,original,48110054.0,original,25627.0,original,60585476.0,original,34823900.0,original,-97.0,original
3603664.0,37.0,2025-01-17 19:20:00,WITEL_AHU_L8,34823900.0,228.0,227.0,229.0,0.0,0.0,0.0,50.01,1.0,2025-01-17 19:19:14.000,2025-01-17 19:19:14.000,2025-01-17 19:19:14.000,48110054.0,25627.0,60585476.0,228.0,original,227.0,original,229.0,original,0.0,gap_too_large,0.0,gap_too_large,0.0,gap_too_large,50.01,original,1.0,original,48110054.0,original,25627.0,original,60585476.0,original,34823900.0,original,-118.0,original
3603707.0,37.0,2025-01-17 19:40:00,WITEL_AHU_L8,34823900.0,227.0,227.0,229.0,0.0,0.0,0.0,49.99,1.0,2025-01-17 19:39:13.000,2025-01-17 19:39:13.000,2025-01-17 19:39:13.000,48110054.0,25627.0,60585476.0,227.0,original,227.0,original,229.0,original,0.0,gap_too_large,0.0,gap_too_large,0.0,gap_too_large,49.99,original,1.0,original,48110054.0,original,25627.0,original,60585476.0,original,34823900.0,original,-120.0,original
3603757.0,37.0,2025-01-17 20:00:00,WITEL_AHU_L8,34823900.0,228.0,227.0,230.0,0.0,0.0,0.0,50.04,1.0,2025-01-17 19:59:21.000,2025-01-17 19:59:21.000,2025-01-17 19:59:21.000,48110054.0,25627.0,60585476.0,228.0,original,227.0,original,230.0,original,0.0,gap_too_large,0.0,gap_too_large,0.0,gap_too_large,50.04,original,1.0,original,48110054.0,original,25627.0,original,60585476.0,original,34823900.0,original,-118.0,original
3603800.0,37.0,2025-01-17 20:20:00,WITEL_AHU_L8,34823900.0,228.0,227.0,229.0,0.0,0.0,0.0,50.02,1.0,2025-01-17 20:19:21.000,2025-01-17 20:19:21.000,2025-01-17 20:19:21.000,48110054.0,25627.0,60585476.0,228.0,original,227.0,original,229.0,original,0.0,gap_too_large,0.0,gap_too_large,0.0,gap_too_large,50.02,original,1.0,original,48110054.0,original,25627.0,original,60585476.0,original,34823900.0,original,-110.0,original
3603844.0,37.0,2025-01-17 20:40:00,WITEL_AHU_L8,34823900.0,228.0,228.0,230.0,0.0,0.0,0.0,50.02,1.0,2025-01-17 20:39:21.000,2025-01-17 20:39:21.000,2025-01-17 20:39:21.000,48110054.0,25627.0,60585476.0,228.0,original,228.0,original,230.0,original,0.0,gap_too_large,0.0,gap_too_large,0.0,gap_too_large,50.02,original,1.0,original,48110054.0,original,25627.0,original,60585476.0,original,34823900.0,original,-101.0,original
3603881.0,37.0,2025-01-17 21:00:00,WITEL_AHU_L8,34823900.0,228.0,228.0,230.0,0.0,0.0,0.0,49.98,1.0,2025-01-17 20:59:03.000,2025-01-17 20:59:03.000,2025-01-17 20:59:03.000,48110054.0,25627.0,60585476.0,228.0,original,228.0,original,230.0,original,0.0,gap_too_large,0.0,gap_too_large,0.0,gap_too_large,49.98,original,1.0,original,48110054.0,original,25627.0,original,60585476.0,original,34823900.0,original,-120.0,original
3603925.0,37.0,2025-01-17 21:20:00,WITEL_AHU_L8,34823900.0,228.0,228.0,230.0,0.0,0.0,0.0,49.99,1.0,2025-01-17 21:19:10.000,2025-01-17 21:19:10.000,2025-01-17 21:19:10.000,48110054.0,25627.0,60585476.0,228.0,original,228.0,original,230.0,original,0.0,gap_too_large,0.0,gap_too_large,0.0,gap_too_large,49.99,original,1.0,original,48110054.0,original,25627.0,original,60585476.0,original,34823900.0,original,-119.0,original
3603973.0,37.0,2025-01-17 21:40:00,WITEL_AHU_L8,34823900.0,229.0,229.0,231.0,0.0,0.0,0.0,50.02,1.0,2025-01-17 21:39:12.000,2025-01-17 21:39:12.000,2025-01-17 21:39:12.000,48110054.0,25627.0,60585476.0,229.0,original,229.0,original,231.0,original,0.0,gap_too_large,0.0,gap_too_large,0.0,gap_too_large,50.02,original,1.0,original,48110054.0,original,25627.0,original,60585476.0,original,34823900.0,original,-102.0,original
3604021.0,37.0,2025-01-17 22:00:00,WITEL_AHU_L8,34823900.0,230.0,229.0,231.0,0.0,0.0,0.0,49.98,1.0,2025-01-17 21:59:23.000,2025-01-17 21:59:23.000,2025-01-17 21:59:23.000,48110054.0,25627.0,60585476.0,230.0,original,229.0,original,231.0,original,0.0,gap_too_large,0.0,gap_too_large,0.0,gap_too_large,49.98,original,1.0,original,48110054.0,original,25627.0,original,60585476.0,original,34823900.0,original,-117.0,original
3604056.0,37.0,2025-01-17 22:20:00,WITEL_AHU_L8,34823900.0,230.0,229.0,232.0,0.0,0.0,0.0,49.99,1.0,2025-01-17 22:19:04.000,2025-01-17 22:19:04.000,2025-01-17 22:19:04.000,48110054.0,25627.0,60585476.0,230.0,original,229.0,original,232.0,original,0.0,gap_too_large,0.0,gap_too_large,0.0,gap_too_large,49.99,original,1.0,original,48110054.0,original,25627.0,original,60585476.0,original,34823900.0,original,-111.0,original
3604103.0,37.0,2025-01-17 22:40:00,WITEL_AHU_L8,34823900.0,230.0,229.0,232.0,0.0,0.0,0.0,50.02,1.0,2025-01-17 22:39:14.000,2025-01-17 22:39:14.000,2025-01-17 22:39:14.000,48110054.0,25627.0,60585476.0,230.0,original,229.0,original,232.0,original,0.0,gap_too_large,0.0,gap_too_large,0.0,gap_too_large,50.02,original,1.0,original,48110054.0,original,25627.0,original,60585476.0,original,34823900.0,original,-103.0,original
3604149.0,37.0,2025-01-17 23:00:00,WITEL_AHU_L8,34823900.0,230.0,229.0,232.0,0.0,0.0,0.0,49.96,1.0,2025-01-17 22:59:22.000,2025-01-17 22:59:22.000,2025-01-17 22:59:22.000,48110054.0,25627.0,60585476.0,230.0,original,229.0,original,232.0,original,0.0,gap_too_large,0.0,gap_too_large,0.0,gap_too_large,49.96,original,1.0,original,48110054.0,original,25627.0,original,60585476.0,original,34823900.0,original,-119.0,original
3604194.0,37.0,2025-01-17 23:20:00,WITEL_AHU_L8,34823900.0,230.0,229.0,232.0,0.0,0.0,0.0,49.96,1.0,2025-01-17 23:19:18.000,2025-01-17 23:19:18.000,2025-01-17 23:19:18.000,48110054.0,25627.0,60585476.0,230.0,original,229.0,original,232.0,original,0.0,gap_too_large,0.0,gap_too_large,0.0,gap_too_large,49.96,original,1.0,original,48110054.0,original,25627.0,original,60585476.0,original,34823900.0,original,-118.0,original
3604261.0,37.0,2025-01-17 23:40:00,WITEL_AHU_L8,34823900.0,230.0,230.0,232.0,0.0,0.0,0.0,50.05,1.0,2025-01-17 23:39:10.000,2025-01-17 23:39:10.000,2025-01-17 23:39:10.000,48110054.0,25627.0,60585476.0,230.0,original,230.0,original,232.0,original,0.0,gap_too_large,0.0,gap_too_large,0.0,gap_too_large,50.05,original,1.0,original,48110054.0,original,25627.0,original,60585476.0,original,34823900.0,original,-121.0,original
3604337.0,37.0,2025-01-18 00:00:00,WITEL_AHU_L8,34823900.0,229.0,228.0,231.0,0.0,0.0,0.0,50.04,1.0,2025-01-18 00:09:08.000,2025-01-18 00:09:08.000,2025-01-18 00:09:08.000,48110054.0,25627.0,60585476.0,229.0,original,228.0,original,231.0,original,0.0,gap_too_large,0.0,gap_too_large,0.0,gap_too_large,50.04,original,1.0,original,48110054.0,original,25627.0,original,60585476.0,original,34823900.0,original,-117.0,original
3604383.0,37.0,2025-01-18 00:20:00,WITEL_AHU_L8,34823900.0,229.0,229.0,231.0,0.0,0.0,0.0,50.07,1.0,2025-01-18 00:29:08.000,2025-01-18 00:29:08.000,2025-01-18 00:29:08.000,48110054.0,25627.0,60585476.0,229.0,original,229.0,original,231.0,original,0.0,gap_too_large,0.0,gap_too_large,0.0,gap_too_large,50.07,original,1.0,original,48110054.0,original,25627.0,original,60585476.0,original,34823900.0,original,-121.0,original
3604402.0,37.0,2025-01-18 00:40:00,WITEL_AHU_L8,34823900.0,229.0,229.0,232.0,0.0,0.0,0.0,50.04,1.0,2025-01-18 00:39:01.000,2025-01-18 00:39:01.000,2025-01-18 00:39:01.000,48110054.0,25627.0,60585476.0,229.0,original,229.0,original,232.0,original,0.0,gap_too_large,0.0,gap_too_large,0.0,gap_too_large,50.04,original,1.0,original,48110054.0,original,25627.0,original,60585476.0,original,34823900.0,original,-118.0,original
3604452.0,37.0,2025-01-18 01:00:00,WITEL_AHU_L8,34823900.0,229.0,229.0,232.0,0.0,0.0,0.0,50.05,1.0,2025-01-18 00:59:04.000,2025-01-18 00:59:04.000,2025-01-18 00:59:04.000,48110054.0,25627.0,60585476.0,229.0,original,229.0,original,232.0,original,0.0,gap_too_large,0.0,gap_too_large,0.0,gap_too_large,50.05,original,1.0,original,48110054.0,original,25627.0,original,60585476.0,original,34823900.0,original,-100.0,original
3604500.0,37.0,2025-01-18 01:20:00,WITEL_AHU_L8,34823900.0,229.0,229.0,231.0,0.0,0.0,0.0,50.06,1.0,2025-01-18 01:19:08.000,2025-01-18 01:19:08.000,2025-01-18 01:19:08.000,48110054.0,25627.0,60585476.0,229.0,original,229.0,original,231.0,original,0.0,gap_too_large,0.0,gap_too_large,0.0,gap_too_large,50.06,original,1.0,original,48110054.0,original,25627.0,original,60585476.0,original,34823900.0,original,-117.0,original
3604500.0,,2025-01-18 01:40:00,WITEL_AHU_L8,34823900.0,229.5,229.5,231.5,0.0,0.0,0.0,50.075,1.0,,,,48110054.0,25627.0,60585476.0,229.5,interpolated,229.5,interpolated,231.5,interpolated,0.0,gap_too_large,0.0,gap_too_large,0.0,gap_too_large,50.075,interpolated,1.0,interpolated,48110054.0,interpolated,25627.0,interpolated,60585476.0,interpolated,34823900.0,interpolated,-119.0,interpolated
3604592.0,37.0,2025-01-18 02:00:00,WITEL_AHU_L8,34823900.0,230.0,230.0,232.0,0.0,0.0,0.0,50.09,1.0,2025-01-18 01:59:05.000,2025-01-18 01:59:05.000,2025-01-18 01:59:05.000,48110054.0,25627.0,60585476.0,230.0,original,230.0,original,232.0,original,0.0,gap_too_large,0.0,gap_too_large,0.0,gap_too_large,50.09,original,1.0,original,48110054.0,original,25627.0,original,60585476.0,original,34823900.0,original,-121.0,original
3604647.0,37.0,2025-01-18 02:20:00,WITEL_AHU_L8,34823900.0,230.0,230.0,232.0,0.0,0.0,0.0,49.99,1.0,2025-01-18 02:19:17.000,2025-01-18 02:19:17.000,2025-01-18 02:19:17.000,48110054.0,25627.0,60585476.0,230.0,original,230.0,original,232.0,original,0.0,gap_too_large,0.0,gap_too_large,0.0,gap_too_large,49.99,original,1.0,original,48110054.0,original,25627.0,original,60585476.0,original,34823900.0,original,-100.0,original
3604684.0,37.0,2025-01-18 02:40:00,WITEL_AHU_L8,34823900.0,231.0,230.0,233.0,0.0,0.0,0.0,50.06,1.0,2025-01-18 02:39:03.000,2025-01-18 02:39:03.000,2025-01-18 02:39:03.000,48110054.0,25627.0,60585476.0,231.0,original,230.0,original,233.0,original,0.0,gap_too_large,0.0,gap_too_large,0.0,gap_too_large,50.06,original,1.0,original,48110054.0,original,25627.0,original,60585476.0,original,34823900.0,original,-100.0,original
3604745.0,37.0,2025-01-18 03:00:00,WITEL_AHU_L8,34823900.0,228.0,228.0,230.0,0.0,0.0,0.0,50.05,1.0,2025-01-18 02:59:23.000,2025-01-18 02:59:23.000,2025-01-18 02:59:23.000,48110054.0,25627.0,60585476.0,228.0,original,228.0,original,230.0,original,0.0,gap_too_large,0.0,gap_too_large,0.0,gap_too_large,50.05,original,1.0,original,48110054.0,original,25627.0,original,60585476.0,original,34823900.0,original,-119.0,original
3604787.0,37.0,2025-01-18 03:20:00,WITEL_AHU_L8,34823900.0,228.0,228.0,230.0,0.0,0.0,0.0,49.99,1.0,2025-01-18 03:19:08.000,2025-01-18 03:19:08.000,2025-01-18 03:19:08.000,48110054.0,25627.0,60585476.0,228.0,original,228.0,original,230.0,original,0.0,gap_too_large,0.0,gap_too_large,0.0,gap_too_large,49.99,original,1.0,original,48110054.0,original,25627.0,original,60585476.0,original,34823900.0,original,-117.0,original
3604865.0,37.0,2025-01-18 03:40:00,WITEL_AHU_L8,34823900.0,229.0,229.0,231.0,0.0,0.0,0.0,50.06,1.0,2025-01-18 03:49:10.000,2025-01-18 03:49:10.000,2025-01-18 03:49:10.000,48110054.0,25627.0,60585476.0,229.0,original,229.0,original,231.0,original,0.0,gap_too_large,0.0,gap_too_large,0.0,gap_too_large,50.06,original,1.0,original,48110054.0,original,25627.0,original,60585476.0,original,34823900.0,original,-121.0,original
3604890.0,37.0,2025-01-18 04:00:00,WITEL_AHU_L8,34823900.0,229.0,228.0,231.0,0.0,0.0,0.0,50.03,1.0,2025-01-18 03:59:10.000,2025-01-18 03:59:10.000,2025-01-18 03:59:10.000,48110054.0,25627.0,60585476.0,229.0,original,228.0,original,231.0,original,0.0,gap_too_large,0.0,gap_too_large,0.0,gap_too_large,50.03,original,1.0,original,48110054.0,original,25627.0,original,60585476.0,original,34823900.0,original,-120.0,original
3604936.0,37.0,2025-01-18 04:20:00,WITEL_AHU_L8,34823900.0,229.0,228.0,231.0,0.0,0.0,0.0,50.08,1.0,2025-01-18 04:19:02.000,2025-01-18 04:19:02.000,2025-01-18 04:19:02.000,48110054.0,25627.0,60585476.0,229.0,original,228.0,original,231.0,original,0.0,gap_too_large,0.0,gap_too_large,0.0,gap_too_large,50.08,original,1.0,original,48110054.0,original,25627.0,original,60585476.0,original,34823900.0,original,-102.0,original
3604981.0,37.0,2025-01-18 04:40:00,WITEL_AHU_L8,34823900.0,229.0,228.0,230.0,0.0,0.0,0.0,50.08,1.0,2025-01-18 04:39:05.000,2025-01-18 04:39:05.000,2025-01-18 04:39:05.000,48110054.0,25627.0,60585476.0,229.0,original,228.0,original,230.0,original,0.0,gap_too_large,0.0,gap_too_large,0.0,gap_too_large,50.08,original,1.0,original,48110054.0,original,25627.0,original,60585476.0,original,34823900.0,original,-121.0,original
3605049.0,37.0,2025-01-18 05:00:00,WITEL_AHU_L8,34823900.0,228.0,228.0,230.0,0.0,0.0,0.0,50.04,1.0,2025-01-18 05:09:06.000,2025-01-18 05:09:06.000,2025-01-18 05:09:06.000,48110054.0,25627.0,60585476.0,228.0,original,228.0,original,230.0,original,0.0,gap_too_large,0.0,gap_too_large,0.0,gap_too_large,50.04,original,1.0,original,48110054.0,original,25627.0,original,60585476.0,original,34823900.0,original,-105.0,original
3605084.0,37.0,2025-01-18 05:20:00,WITEL_AHU_L8,34823900.0,228.0,228.0,230.0,0.0,0.0,0.0,50.07,1.0,2025-01-18 05:19:21.000,2025-01-18 05:19:21.000,2025-01-18 05:19:21.000,48110054.0,25627.0,60585476.0,228.0,original,228.0,original,230.0,original,0.0,gap_too_large,0.0,gap_too_large,0.0,gap_too_large,50.07,original,1.0,original,48110054.0,original,25627.0,original,60585476.0,original,34823900.0,original,-120.0,original
3605149.0,37.0,2025-01-18 05:40:00,WITEL_AHU_L8,34823900.0,228.0,228.0,230.0,0.0,0.0,0.0,50.06,1.0,2025-01-18 05:49:10.000,2025-01-18 05:49:10.000,2025-01-18 05:49:10.000,48110054.0,25627.0,60585476.0,228.0,original,228.0,original,230.0,original,0.0,gap_too_large,0.0,gap_too_large,0.0,gap_too_large,50.06,original,1.0,original,48110054.0,original,25627.0,original,60585476.0,original,34823900.0,original,-117.0,original
3605183.0,37.0,2025-01-18 06:00:00,WITEL_AHU_L8,34823900.0,228.0,228.0,230.0,0.0,0.0,0.0,50.09,1.0,2025-01-18 05:59:22.000,2025-01-18 05:59:22.000,2025-01-18 05:59:22.000,48110054.0,25627.0,60585476.0,228.0,original,228.0,original,230.0,original,0.0,gap_too_large,0.0,gap_too_large,0.0,gap_too_large,50.09,original,1.0,original,48110054.0,original,25627.0,original,60585476.0,original,34823900.0,original,-119.0,original
3605183.0,,2025-01-18 06:20:00,WITEL_AHU_L8,34823900.0,227.5,227.0,229.5,0.0,0.0,0.0,50.095,1.0,,,,48110054.0,25627.0,60585476.0,227.5,interpolated,227.0,interpolated,229.5,interpolated,0.0,gap_too_large,0.0,gap_too_large,0.0,gap_too_large,50.095,interpolated,1.0,interpolated,48110054.0,interpolated,25627.0,interpolated,60585476.0,interpolated,34823900.0,interpolated,-120.0,interpolated
3605272.0,37.0,2025-01-18 06:40:00,WITEL_AHU_L8,34823900.0,227.0,226.0,229.0,0.0,0.0,0.0,50.1,1.0,2025-01-18 06:39:11.000,2025-01-18 06:39:11.000,2025-01-18 06:39:11.000,48110054.0,25627.0,60585476.0,227.0,original,226.0,original,229.0,original,0.0,gap_too_large,0.0,gap_too_large,0.0,gap_too_large,50.1,original,1.0,original,48110054.0,original,25627.0,original,60585476.0,original,34823900.0,original,-121.0,original
3605316.0,37.0,2025-01-18 07:00:00,WITEL_AHU_L8,34823900.0,227.0,226.0,229.0,10.0,10.0,12.0,50.01,1.0,2025-01-18 06:59:05.000,2025-01-18 06:59:05.000,2025-01-18 06:59:05.000,48110054.0,25627.0,60585476.0,227.0,original,226.0,original,229.0,original,10.0,original,10.0,original,12.0,original,50.01,original,1.0,original,48110054.0,original,25627.0,original,60585476.0,original,34823900.0,original,-116.0,original
3605373.0,37.0,2025-01-18 07:20:00,WITEL_AHU_L8,34830400.0,225.0,225.0,227.0,11.0,10.0,11.0,49.99,0.5283,2025-01-18 07:19:13.000,2025-01-18 07:19:13.000,2025-01-18 07:19:13.000,48120618.0,25627.0,60597970.0,225.0,original,225.0,original,227.0,original,11.0,original,10.0,original,11.0,original,49.99,original,0.5283,original,48120618.0,original,25627.0,original,60597970.0,original,34830400.0,original,-101.0,original
3605373.0,,2025-01-18 07:40:00,WITEL_AHU_L8,0.0,0.0,0.0,0.0,0.0,0.0,0.0,0.0,0.0,,,,0.0,0.0,0.0,0.0,gap_too_large,0.0,gap_too_large,0.0,gap_too_large,0.0,gap_too_large,0.0,gap_too_large,0.0,gap_too_large,0.0,gap_too_large,0.0,gap_too_large,0.0,gap_too_large,0.0,gap_too_large,0.0,gap_too_large,0.0,gap_too_large,0.0,gap_too_large
3605373.0,,2025-01-18 08:00:00,WITEL_AHU_L8,0.0,0.0,0.0,0.0,0.0,0.0,0.0,0.0,0.0,,,,0.0,0.0,0.0,0.0,gap_too_large,0.0,gap_too_large,0.0,gap_too_large,0.0,gap_too_large,0.0,gap_too_large,0.0,gap_too_large,0.0,gap_too_large,0.0,gap_too_large,0.0,gap_too_large,0.0,gap_too_large,0.0,gap_too_large,0.0,gap_too_large,0.0,gap_too_large
3605373.0,,2025-01-18 08:20:00,WITEL_AHU_L8,0.0,0.0,0.0,0.0,0.0,0.0,0.0,0.0,0.0,,,,0.0,0.0,0.0,0.0,gap_too_large,0.0,gap_too_large,0.0,gap_too_large,0.0,gap_too_large,0.0,gap_too_large,0.0,gap_too_large,0.0,gap_too_large,0.0,gap_too_large,0.0,gap_too_large,0.0,gap_too_large,0.0,gap_too_large,0.0,gap_too_large,0.0,gap_too_large
3605373.0,,2025-01-18 08:40:00,WITEL_AHU_L8,0.0,0.0,0.0,0.0,0.0,0.0,0.0,0.0,0.0,,,,0.0,0.0,0.0,0.0,gap_too_large,0.0,gap_too_large,0.0,gap_too_large,0.0,gap_too_large,0.0,gap_too_large,0.0,gap_too_large,0.0,gap_too_large,0.0,gap_too_large,0.0,gap_too_large,0.0,gap_too_large,0.0,gap_too_large,0.0,gap_too_large,0.0,gap_too_large
3605373.0,,2025-01-18 09:00:00,WITEL_AHU_L8,0.0,0.0,0.0,0.0,0.0,0.0,0.0,0.0,0.0,,,,0.0,0.0,0.0,0.0,gap_too_large,0.0,gap_too_large,0.0,gap_too_large,0.0,gap_too_large,0.0,gap_too_large,0.0,gap_too_large,0.0,gap_too_large,0.0,gap_too_large,0.0,gap_too_large,0.0,gap_too_large,0.0,gap_too_large,0.0,gap_too_large,0.0,gap_too_large
3605373.0,,2025-01-18 09:20:00,WITEL_AHU_L8,0.0,0.0,0.0,0.0,0.0,0.0,0.0,0.0,0.0,,,,0.0,0.0,0.0,0.0,gap_too_large,0.0,gap_too_large,0.0,gap_too_large,0.0,gap_too_large,0.0,gap_too_large,0.0,gap_too_large,0.0,gap_too_large,0.0,gap_too_large,0.0,gap_too_large,0.0,gap_too_large,0.0,gap_too_large,0.0,gap_too_large,0.0,gap_too_large
3605373.0,,2025-01-18 09:40:00,WITEL_AHU_L8,0.0,0.0,0.0,0.0,0.0,0.0,0.0,0.0,0.0,,,,0.0,0.0,0.0,0.0,gap_too_large,0.0,gap_too_large,0.0,gap_too_large,0.0,gap_too_large,0.0,gap_too_large,0.0,gap_too_large,0.0,gap_too_large,0.0,gap_too_large,0.0,gap_too_large,0.0,gap_too_large,0.0,gap_too_large,0.0,gap_too_large,0.0,gap_too_large
3605373.0,,2025-01-18 10:00:00,WITEL_AHU_L8,0.0,0.0,0.0,0.0,0.0,0.0,0.0,0.0,0.0,,,,0.0,0.0,0.0,0.0,gap_too_large,0.0,gap_too_large,0.0,gap_too_large,0.0,gap_too_large,0.0,gap_too_large,0.0,gap_too_large,0.0,gap_too_large,0.0,gap_too_large,0.0,gap_too_large,0.0,gap_too_large,0.0,gap_too_large,0.0,gap_too_large,0.0,gap_too_large
3605373.0,,2025-01-18 10:20:00,WITEL_AHU_L8,0.0,0.0,0.0,0.0,0.0,0.0,0.0,0.0,0.0,,,,0.0,0.0,0.0,0.0,gap_too_large,0.0,gap_too_large,0.0,gap_too_large,0.0,gap_too_large,0.0,gap_too_large,0.0,gap_too_large,0.0,gap_too_large,0.0,gap_too_large,0.0,gap_too_large,0.0,gap_too_large,0.0,gap_too_large,0.0,gap_too_large,0.0,gap_too_large
3605373.0,,2025-01-18 10:40:00,WITEL_AHU_L8,0.0,0.0,0.0,0.0,0.0,0.0,0.0,0.0,0.0,,,,0.0,0.0,0.0,0.0,gap_too_large,0.0,gap_too_large,0.0,gap_too_large,0.0,gap_too_large,0.0,gap_too_large,0.0,gap_too_large,0.0,gap_too_large,0.0,gap_too_large,0.0,gap_too_large,0.0,gap_too_large,0.0,gap_too_large,0.0,gap_too_large,0.0,gap_too_large
3605373.0,,2025-01-18 11:00:00,WITEL_AHU_L8,0.0,0.0,0.0,0.0,0.0,0.0,0.0,0.0,0.0,,,,0.0,0.0,0.0,0.0,gap_too_large,0.0,gap_too_large,0.0,gap_too_large,0.0,gap_too_large,0.0,gap_too_large,0.0,gap_too_large,0.0,gap_too_large,0.0,gap_too_large,0.0,gap_too_large,0.0,gap_too_large,0.0,gap_too_large,0.0,gap_too_large,0.0,gap_too_large
3605373.0,,2025-01-18 11:20:00,WITEL_AHU_L8,0.0,0.0,0.0,0.0,0.0,0.0,0.0,0.0,0.0,,,,0.0,0.0,0.0,0.0,gap_too_large,0.0,gap_too_large,0.0,gap_too_large,0.0,gap_too_large,0.0,gap_too_large,0.0,gap_too_large,0.0,gap_too_large,0.0,gap_too_large,0.0,gap_too_large,0.0,gap_too_large,0.0,gap_too_large,0.0,gap_too_large,0.0,gap_too_large
3605373.0,,2025-01-18 11:40:00,WITEL_AHU_L8,0.0,0.0,0.0,0.0,0.0,0.0,0.0,0.0,0.0,,,,0.0,0.0,0.0,0.0,gap_too_large,0.0,gap_too_large,0.0,gap_too_large,0.0,gap_too_large,0.0,gap_too_large,0.0,gap_too_large,0.0,gap_too_large,0.0,gap_too_large,0.0,gap_too_large,0.0,gap_too_large,0.0,gap_too_large,0.0,gap_too_large,0.0,gap_too_large
3605373.0,,2025-01-18 12:00:00,WITEL_AHU_L8,0.0,0.0,0.0,0.0,0.0,0.0,0.0,0.0,0.0,,,,0.0,0.0,0.0,0.0,gap_too_large,0.0,gap_too_large,0.0,gap_too_large,0.0,gap_too_large,0.0,gap_too_large,0.0,gap_too_large,0.0,gap_too_large,0.0,gap_too_large,0.0,gap_too_large,0.0,gap_too_large,0.0,gap_too_large,0.0,gap_too_large,0.0,gap_too_large
3605373.0,,2025-01-18 12:20:00,WITEL_AHU_L8,0.0,0.0,0.0,0.0,0.0,0.0,0.0,0.0,0.0,,,,0.0,0.0,0.0,0.0,gap_too_large,0.0,gap_too_large,0.0,gap_too_large,0.0,gap_too_large,0.0,gap_too_large,0.0,gap_too_large,0.0,gap_too_large,0.0,gap_too_large,0.0,gap_too_large,0.0,gap_too_large,0.0,gap_too_large,0.0,gap_too_large,0.0,gap_too_large
3605373.0,,2025-01-18 12:40:00,WITEL_AHU_L8,0.0,0.0,0.0,0.0,0.0,0.0,0.0,0.0,0.0,,,,0.0,0.0,0.0,0.0,gap_too_large,0.0,gap_too_large,0.0,gap_too_large,0.0,gap_too_large,0.0,gap_too_large,0.0,gap_too_large,0.0,gap_too_large,0.0,gap_too_large,0.0,gap_too_large,0.0,gap_too_large,0.0,gap_too_large,0.0,gap_too_large,0.0,gap_too_large
3605373.0,,2025-01-18 13:00:00,WITEL_AHU_L8,0.0,0.0,0.0,0.0,0.0,0.0,0.0,0.0,0.0,,,,0.0,0.0,0.0,0.0,gap_too_large,0.0,gap_too_large,0.0,gap_too_large,0.0,gap_too_large,0.0,gap_too_large,0.0,gap_too_large,0.0,gap_too_large,0.0,gap_too_large,0.0,gap_too_large,0.0,gap_too_large,0.0,gap_too_large,0.0,gap_too_large,0.0,gap_too_large
3605373.0,,2025-01-18 13:20:00,WITEL_AHU_L8,0.0,0.0,0.0,0.0,0.0,0.0,0.0,0.0,0.0,,,,0.0,0.0,0.0,0.0,gap_too_large,0.0,gap_too_large,0.0,gap_too_large,0.0,gap_too_large,0.0,gap_too_large,0.0,gap_too_large,0.0,gap_too_large,0.0,gap_too_large,0.0,gap_too_large,0.0,gap_too_large,0.0,gap_too_large,0.0,gap_too_large,0.0,gap_too_large
3605373.0,,2025-01-18 13:40:00,WITEL_AHU_L8,0.0,0.0,0.0,0.0,0.0,0.0,0.0,0.0,0.0,,,,0.0,0.0,0.0,0.0,gap_too_large,0.0,gap_too_large,0.0,gap_too_large,0.0,gap_too_large,0.0,gap_too_large,0.0,gap_too_large,0.0,gap_too_large,0.0,gap_too_large,0.0,gap_too_large,0.0,gap_too_large,0.0,gap_too_large,0.0,gap_too_large,0.0,gap_too_large
3605373.0,,2025-01-18 14:00:00,WITEL_AHU_L8,0.0,0.0,0.0,0.0,0.0,0.0,0.0,0.0,0.0,,,,0.0,0.0,0.0,0.0,gap_too_large,0.0,gap_too_large,0.0,gap_too_large,0.0,gap_too_large,0.0,gap_too_large,0.0,gap_too_large,0.0,gap_too_large,0.0,gap_too_large,0.0,gap_too_large,0.0,gap_too_large,0.0,gap_too_large,0.0,gap_too_large,0.0,gap_too_large
3605373.0,,2025-01-18 14:20:00,WITEL_AHU_L8,0.0,0.0,0.0,0.0,0.0,0.0,0.0,0.0,0.0,,,,0.0,0.0,0.0,0.0,gap_too_large,0.0,gap_too_large,0.0,gap_too_large,0.0,gap_too_large,0.0,gap_too_large,0.0,gap_too_large,0.0,gap_too_large,0.0,gap_too_large,0.0,gap_too_large,0.0,gap_too_large,0.0,gap_too_large,0.0,gap_too_large,0.0,gap_too_large
3605373.0,,2025-01-18 14:40:00,WITEL_AHU_L8,0.0,0.0,0.0,0.0,0.0,0.0,0.0,0.0,0.0,,,,0.0,0.0,0.0,0.0,gap_too_large,0.0,gap_too_large,0.0,gap_too_large,0.0,gap_too_large,0.0,gap_too_large,0.0,gap_too_large,0.0,gap_too_large,0.0,gap_too_large,0.0,gap_too_large,0.0,gap_too_large,0.0,gap_too_large,0.0,gap_too_large,0.0,gap_too_large
3605373.0,,2025-01-18 15:00:00,WITEL_AHU_L8,0.0,0.0,0.0,0.0,0.0,0.0,0.0,0.0,0.0,,,,0.0,0.0,0.0,0.0,gap_too_large,0.0,gap_too_large,0.0,gap_too_large,0.0,gap_too_large,0.0,gap_too_large,0.0,gap_too_large,0.0,gap_too_large,0.0,gap_too_large,0.0,gap_too_large,0.0,gap_too_large,0.0,gap_too_large,0.0,gap_too_large,0.0,gap_too_large
3605373.0,,2025-01-18 15:20:00,WITEL_AHU_L8,0.0,0.0,0.0,0.0,0.0,0.0,0.0,0.0,0.0,,,,0.0,0.0,0.0,0.0,gap_too_large,0.0,gap_too_large,0.0,gap_too_large,0.0,gap_too_large,0.0,gap_too_large,0.0,gap_too_large,0.0,gap_too_large,0.0,gap_too_large,0.0,gap_too_large,0.0,gap_too_large,0.0,gap_too_large,0.0,gap_too_large,0.0,gap_too_large
3605373.0,,2025-01-18 15:40:00,WITEL_AHU_L8,0.0,0.0,0.0,0.0,0.0,0.0,0.0,0.0,0.0,,,,0.0,0.0,0.0,0.0,gap_too_large,0.0,gap_too_large,0.0,gap_too_large,0.0,gap_too_large,0.0,gap_too_large,0.0,gap_too_large,0.0,gap_too_large,0.0,gap_too_large,0.0,gap_too_large,0.0,gap_too_large,0.0,gap_too_large,0.0,gap_too_large,0.0,gap_too_large
3605373.0,,2025-01-18 16:00:00,WITEL_AHU_L8,0.0,0.0,0.0,0.0,0.0,0.0,0.0,0.0,0.0,,,,0.0,0.0,0.0,0.0,gap_too_large,0.0,gap_too_large,0.0,gap_too_large,0.0,gap_too_large,0.0,gap_too_large,0.0,gap_too_large,0.0,gap_too_large,0.0,gap_too_large,0.0,gap_too_large,0.0,gap_too_large,0.0,gap_too_large,0.0,gap_too_large,0.0,gap_too_large
3605373.0,,2025-01-18 16:20:00,WITEL_AHU_L8,0.0,0.0,0.0,0.0,0.0,0.0,0.0,0.0,0.0,,,,0.0,0.0,0.0,0.0,gap_too_large,0.0,gap_too_large,0.0,gap_too_large,0.0,gap_too_large,0.0,gap_too_large,0.0,gap_too_large,0.0,gap_too_large,0.0,gap_too_large,0.0,gap_too_large,0.0,gap_too_large,0.0,gap_too_large,0.0,gap_too_large,0.0,gap_too_large
3605373.0,,2025-01-18 16:40:00,WITEL_AHU_L8,0.0,0.0,0.0,0.0,0.0,0.0,0.0,0.0,0.0,,,,0.0,0.0,0.0,0.0,gap_too_large,0.0,gap_too_large,0.0,gap_too_large,0.0,gap_too_large,0.0,gap_too_large,0.0,gap_too_large,0.0,gap_too_large,0.0,gap_too_large,0.0,gap_too_large,0.0,gap_too_large,0.0,gap_too_large,0.0,gap_too_large,0.0,gap_too_large
3605373.0,,2025-01-18 17:00:00,WITEL_AHU_L8,0.0,0.0,0.0,0.0,0.0,0.0,0.0,0.0,0.0,,,,0.0,0.0,0.0,0.0,gap_too_large,0.0,gap_too_large,0.0,gap_too_large,0.0,gap_too_large,0.0,gap_too_large,0.0,gap_too_large,0.0,gap_too_large,0.0,gap_too_large,0.0,gap_too_large,0.0,gap_too_large,0.0,gap_too_large,0.0,gap_too_large,0.0,gap_too_large
3605373.0,,2025-01-18 17:20:00,WITEL_AHU_L8,0.0,0.0,0.0,0.0,0.0,0.0,0.0,0.0,0.0,,,,0.0,0.0,0.0,0.0,gap_too_large,0.0,gap_too_large,0.0,gap_too_large,0.0,gap_too_large,0.0,gap_too_large,0.0,gap_too_large,0.0,gap_too_large,0.0,gap_too_large,0.0,gap_too_large,0.0,gap_too_large,0.0,gap_too_large,0.0,gap_too_large,0.0,gap_too_large
3605373.0,,2025-01-18 17:40:00,WITEL_AHU_L8,0.0,0.0,0.0,0.0,0.0,0.0,0.0,0.0,0.0,,,,0.0,0.0,0.0,0.0,gap_too_large,0.0,gap_too_large,0.0,gap_too_large,0.0,gap_too_large,0.0,gap_too_large,0.0,gap_too_large,0.0,gap_too_large,0.0,gap_too_large,0.0,gap_too_large,0.0,gap_too_large,0.0,gap_too_large,0.0,gap_too_large,0.0,gap_too_large
3605373.0,,2025-01-18 18:00:00,WITEL_AHU_L8,0.0,0.0,0.0,0.0,0.0,0.0,0.0,0.0,0.0,,,,0.0,0.0,0.0,0.0,gap_too_large,0.0,gap_too_large,0.0,gap_too_large,0.0,gap_too_large,0.0,gap_too_large,0.0,gap_too_large,0.0,gap_too_large,0.0,gap_too_large,0.0,gap_too_large,0.0,gap_too_large,0.0,gap_too_large,0.0,gap_too_large,0.0,gap_too_large
3605373.0,,2025-01-18 18:20:00,WITEL_AHU_L8,0.0,0.0,0.0,0.0,0.0,0.0,0.0,0.0,0.0,,,,0.0,0.0,0.0,0.0,gap_too_large,0.0,gap_too_large,0.0,gap_too_large,0.0,gap_too_large,0.0,gap_too_large,0.0,gap_too_large,0.0,gap_too_large,0.0,gap_too_large,0.0,gap_too_large,0.0,gap_too_large,0.0,gap_too_large,0.0,gap_too_large,0.0,gap_too_large
3605373.0,,2025-01-18 18:40:00,WITEL_AHU_L8,0.0,0.0,0.0,0.0,0.0,0.0,0.0,0.0,0.0,,,,0.0,0.0,0.0,0.0,gap_too_large,0.0,gap_too_large,0.0,gap_too_large,0.0,gap_too_large,0.0,gap_too_large,0.0,gap_too_large,0.0,gap_too_large,0.0,gap_too_large,0.0,gap_too_large,0.0,gap_too_large,0.0,gap_too_large,0.0,gap_too_large,0.0,gap_too_large
3605373.0,,2025-01-18 19:00:00,WITEL_AHU_L8,0.0,0.0,0.0,0.0,0.0,0.0,0.0,0.0,0.0,,,,0.0,0.0,0.0,0.0,gap_too_large,0.0,gap_too_large,0.0,gap_too_large,0.0,gap_too_large,0.0,gap_too_large,0.0,gap_too_large,0.0,gap_too_large,0.0,gap_too_large,0.0,gap_too_large,0.0,gap_too_large,0.0,gap_too_large,0.0,gap_too_large,0.0,gap_too_large
3605373.0,,2025-01-18 19:20:00,WITEL_AHU_L8,0.0,0.0,0.0,0.0,0.0,0.0,0.0,0.0,0.0,,,,0.0,0.0,0.0,0.0,gap_too_large,0.0,gap_too_large,0.0,gap_too_large,0.0,gap_too_large,0.0,gap_too_large,0.0,gap_too_large,0.0,gap_too_large,0.0,gap_too_large,0.0,gap_too_large,0.0,gap_too_large,0.0,gap_too_large,0.0,gap_too_large,0.0,gap_too_large
3605373.0,,2025-01-18 19:40:00,WITEL_AHU_L8,0.0,0.0,0.0,0.0,0.0,0.0,0.0,0.0,0.0,,,,0.0,0.0,0.0,0.0,gap_too_large,0.0,gap_too_large,0.0,gap_too_large,0.0,gap_too_large,0.0,gap_too_large,0.0,gap_too_large,0.0,gap_too_large,0.0,gap_too_large,0.0,gap_too_large,0.0,gap_too_large,0.0,gap_too_large,0.0,gap_too_large,0.0,gap_too_large
3605373.0,,2025-01-18 20:00:00,WITEL_AHU_L8,0.0,0.0,0.0,0.0,0.0,0.0,0.0,0.0,0.0,,,,0.0,0.0,0.0,0.0,gap_too_large,0.0,gap_too_large,0.0,gap_too_large,0.0,gap_too_large,0.0,gap_too_large,0.0,gap_too_large,0.0,gap_too_large,0.0,gap_too_large,0.0,gap_too_large,0.0,gap_too_large,0.0,gap_too_large,0.0,gap_too_large,0.0,gap_too_large
3605373.0,,2025-01-18 20:20:00,WITEL_AHU_L8,0.0,0.0,0.0,0.0,0.0,0.0,0.0,0.0,0.0,,,,0.0,0.0,0.0,0.0,gap_too_large,0.0,gap_too_large,0.0,gap_too_large,0.0,gap_too_large,0.0,gap_too_large,0.0,gap_too_large,0.0,gap_too_large,0.0,gap_too_large,0.0,gap_too_large,0.0,gap_too_large,0.0,gap_too_large,0.0,gap_too_large,0.0,gap_too_large
3605373.0,,2025-01-18 20:40:00,WITEL_AHU_L8,0.0,0.0,0.0,0.0,0.0,0.0,0.0,0.0,0.0,,,,0.0,0.0,0.0,0.0,gap_too_large,0.0,gap_too_large,0.0,gap_too_large,0.0,gap_too_large,0.0,gap_too_large,0.0,gap_too_large,0.0,gap_too_large,0.0,gap_too_large,0.0,gap_too_large,0.0,gap_too_large,0.0,gap_too_large,0.0,gap_too_large,0.0,gap_too_large
3605373.0,,2025-01-18 21:00:00,WITEL_AHU_L8,0.0,0.0,0.0,0.0,0.0,0.0,0.0,0.0,0.0,,,,0.0,0.0,0.0,0.0,gap_too_large,0.0,gap_too_large,0.0,gap_too_large,0.0,gap_too_large,0.0,gap_too_large,0.0,gap_too_large,0.0,gap_too_large,0.0,gap_too_large,0.0,gap_too_large,0.0,gap_too_large,0.0,gap_too_large,0.0,gap_too_large,0.0,gap_too_large
3605373.0,,2025-01-18 21:20:00,WITEL_AHU_L8,0.0,0.0,0.0,0.0,0.0,0.0,0.0,0.0,0.0,,,,0.0,0.0,0.0,0.0,gap_too_large,0.0,gap_too_large,0.0,gap_too_large,0.0,gap_too_large,0.0,gap_too_large,0.0,gap_too_large,0.0,gap_too_large,0.0,gap_too_large,0.0,gap_too_large,0.0,gap_too_large,0.0,gap_too_large,0.0,gap_too_large,0.0,gap_too_large
3605373.0,,2025-01-18 21:40:00,WITEL_AHU_L8,0.0,0.0,0.0,0.0,0.0,0.0,0.0,0.0,0.0,,,,0.0,0.0,0.0,0.0,gap_too_large,0.0,gap_too_large,0.0,gap_too_large,0.0,gap_too_large,0.0,gap_too_large,0.0,gap_too_large,0.0,gap_too_large,0.0,gap_too_large,0.0,gap_too_large,0.0,gap_too_large,0.0,gap_too_large,0.0,gap_too_large,0.0,gap_too_large
3605373.0,,2025-01-18 22:00:00,WITEL_AHU_L8,0.0,0.0,0.0,0.0,0.0,0.0,0.0,0.0,0.0,,,,0.0,0.0,0.0,0.0,gap_too_large,0.0,gap_too_large,0.0,gap_too_large,0.0,gap_too_large,0.0,gap_too_large,0.0,gap_too_large,0.0,gap_too_large,0.0,gap_too_large,0.0,gap_too_large,0.0,gap_too_large,0.0,gap_too_large,0.0,gap_too_large,0.0,gap_too_large
3605373.0,,2025-01-18 22:20:00,WITEL_AHU_L8,0.0,0.0,0.0,0.0,0.0,0.0,0.0,0.0,0.0,,,,0.0,0.0,0.0,0.0,gap_too_large,0.0,gap_too_large,0.0,gap_too_large,0.0,gap_too_large,0.0,gap_too_large,0.0,gap_too_large,0.0,gap_too_large,0.0,gap_too_large,0.0,gap_too_large,0.0,gap_too_large,0.0,gap_too_large,0.0,gap_too_large,0.0,gap_too_large
3605373.0,,2025-01-18 22:40:00,WITEL_AHU_L8,0.0,0.0,0.0,0.0,0.0,0.0,0.0,0.0,0.0,,,,0.0,0.0,0.0,0.0,gap_too_large,0.0,gap_too_large,0.0,gap_too_large,0.0,gap_too_large,0.0,gap_too_large,0.0,gap_too_large,0.0,gap_too_large,0.0,gap_too_large,0.0,gap_too_large,0.0,gap_too_large,0.0,gap_too_large,0.0,gap_too_large,0.0,gap_too_large
3605373.0,,2025-01-18 23:00:00,WITEL_AHU_L8,0.0,0.0,0.0,0.0,0.0,0.0,0.0,0.0,0.0,,,,0.0,0.0,0.0,0.0,gap_too_large,0.0,gap_too_large,0.0,gap_too_large,0.0,gap_too_large,0.0,gap_too_large,0.0,gap_too_large,0.0,gap_too_large,0.0,gap_too_large,0.0,gap_too_large,0.0,gap_too_large,0.0,gap_too_large,0.0,gap_too_large,0.0,gap_too_large
3605373.0,,2025-01-18 23:20:00,WITEL_AHU_L8,0.0,0.0,0.0,0.0,0.0,0.0,0.0,0.0,0.0,,,,0.0,0.0,0.0,0.0,gap_too_large,0.0,gap_too_large,0.0,gap_too_large,0.0,gap_too_large,0.0,gap_too_large,0.0,gap_too_large,0.0,gap_too_large,0.0,gap_too_large,0.0,gap_too_large,0.0,gap_too_large,0.0,gap_too_large,0.0,gap_too_large,0.0,gap_too_large
3605373.0,,2025-01-18 23:40:00,WITEL_AHU_L8,0.0,0.0,0.0,0.0,0.0,0.0,0.0,0.0,0.0,,,,0.0,0.0,0.0,0.0,gap_too_large,0.0,gap_too_large,0.0,gap_too_large,0.0,gap_too_large,0.0,gap_too_large,0.0,gap_too_large,0.0,gap_too_large,0.0,gap_too_large,0.0,gap_too_large,0.0,gap_too_large,0.0,gap_too_large,0.0,gap_too_large,0.0,gap_too_large
3605373.0,,2025-01-19 00:00:00,WITEL_AHU_L8,0.0,0.0,0.0,0.0,0.0,0.0,0.0,0.0,0.0,,,,0.0,0.0,0.0,0.0,gap_too_large,0.0,gap_too_large,0.0,gap_too_large,0.0,gap_too_large,0.0,gap_too_large,0.0,gap_too_large,0.0,gap_too_large,0.0,gap_too_large,0.0,gap_too_large,0.0,gap_too_large,0.0,gap_too_large,0.0,gap_too_large,0.0,gap_too_large
3605373.0,,2025-01-19 00:20:00,WITEL_AHU_L8,0.0,0.0,0.0,0.0,0.0,0.0,0.0,0.0,0.0,,,,0.0,0.0,0.0,0.0,gap_too_large,0.0,gap_too_large,0.0,gap_too_large,0.0,gap_too_large,0.0,gap_too_large,0.0,gap_too_large,0.0,gap_too_large,0.0,gap_too_large,0.0,gap_too_large,0.0,gap_too_large,0.0,gap_too_large,0.0,gap_too_large,0.0,gap_too_large
3605373.0,,2025-01-19 00:40:00,WITEL_AHU_L8,0.0,0.0,0.0,0.0,0.0,0.0,0.0,0.0,0.0,,,,0.0,0.0,0.0,0.0,gap_too_large,0.0,gap_too_large,0.0,gap_too_large,0.0,gap_too_large,0.0,gap_too_large,0.0,gap_too_large,0.0,gap_too_large,0.0,gap_too_large,0.0,gap_too_large,0.0,gap_too_large,0.0,gap_too_large,0.0,gap_too_large,0.0,gap_too_large
3605373.0,,2025-01-19 01:00:00,WITEL_AHU_L8,0.0,0.0,0.0,0.0,0.0,0.0,0.0,0.0,0.0,,,,0.0,0.0,0.0,0.0,gap_too_large,0.0,gap_too_large,0.0,gap_too_large,0.0,gap_too_large,0.0,gap_too_large,0.0,gap_too_large,0.0,gap_too_large,0.0,gap_too_large,0.0,gap_too_large,0.0,gap_too_large,0.0,gap_too_large,0.0,gap_too_large,0.0,gap_too_large
3605373.0,,2025-01-19 01:20:00,WITEL_AHU_L8,0.0,0.0,0.0,0.0,0.0,0.0,0.0,0.0,0.0,,,,0.0,0.0,0.0,0.0,gap_too_large,0.0,gap_too_large,0.0,gap_too_large,0.0,gap_too_large,0.0,gap_too_large,0.0,gap_too_large,0.0,gap_too_large,0.0,gap_too_large,0.0,gap_too_large,0.0,gap_too_large,0.0,gap_too_large,0.0,gap_too_large,0.0,gap_too_large
3605373.0,,2025-01-19 01:40:00,WITEL_AHU_L8,0.0,0.0,0.0,0.0,0.0,0.0,0.0,0.0,0.0,,,,0.0,0.0,0.0,0.0,gap_too_large,0.0,gap_too_large,0.0,gap_too_large,0.0,gap_too_large,0.0,gap_too_large,0.0,gap_too_large,0.0,gap_too_large,0.0,gap_too_large,0.0,gap_too_large,0.0,gap_too_large,0.0,gap_too_large,0.0,gap_too_large,0.0,gap_too_large
3605373.0,,2025-01-19 02:00:00,WITEL_AHU_L8,0.0,0.0,0.0,0.0,0.0,0.0,0.0,0.0,0.0,,,,0.0,0.0,0.0,0.0,gap_too_large,0.0,gap_too_large,0.0,gap_too_large,0.0,gap_too_large,0.0,gap_too_large,0.0,gap_too_large,0.0,gap_too_large,0.0,gap_too_large,0.0,gap_too_large,0.0,gap_too_large,0.0,gap_too_large,0.0,gap_too_large,0.0,gap_too_large
3605373.0,,2025-01-19 02:20:00,WITEL_AHU_L8,0.0,0.0,0.0,0.0,0.0,0.0,0.0,0.0,0.0,,,,0.0,0.0,0.0,0.0,gap_too_large,0.0,gap_too_large,0.0,gap_too_large,0.0,gap_too_large,0.0,gap_too_large,0.0,gap_too_large,0.0,gap_too_large,0.0,gap_too_large,0.0,gap_too_large,0.0,gap_too_large,0.0,gap_too_large,0.0,gap_too_large,0.0,gap_too_large
3605373.0,,2025-01-19 02:40:00,WITEL_AHU_L8,0.0,0.0,0.0,0.0,0.0,0.0,0.0,0.0,0.0,,,,0.0,0.0,0.0,0.0,gap_too_large,0.0,gap_too_large,0.0,gap_too_large,0.0,gap_too_large,0.0,gap_too_large,0.0,gap_too_large,0.0,gap_too_large,0.0,gap_too_large,0.0,gap_too_large,0.0,gap_too_large,0.0,gap_too_large,0.0,gap_too_large,0.0,gap_too_large
3605373.0,,2025-01-19 03:00:00,WITEL_AHU_L8,0.0,0.0,0.0,0.0,0.0,0.0,0.0,0.0,0.0,,,,0.0,0.0,0.0,0.0,gap_too_large,0.0,gap_too_large,0.0,gap_too_large,0.0,gap_too_large,0.0,gap_too_large,0.0,gap_too_large,0.0,gap_too_large,0.0,gap_too_large,0.0,gap_too_large,0.0,gap_too_large,0.0,gap_too_large,0.0,gap_too_large,0.0,gap_too_large
3605373.0,,2025-01-19 03:20:00,WITEL_AHU_L8,0.0,0.0,0.0,0.0,0.0,0.0,0.0,0.0,0.0,,,,0.0,0.0,0.0,0.0,gap_too_large,0.0,gap_too_large,0.0,gap_too_large,0.0,gap_too_large,0.0,gap_too_large,0.0,gap_too_large,0.0,gap_too_large,0.0,gap_too_large,0.0,gap_too_large,0.0,gap_too_large,0.0,gap_too_large,0.0,gap_too_large,0.0,gap_too_large
3605373.0,,2025-01-19 03:40:00,WITEL_AHU_L8,0.0,0.0,0.0,0.0,0.0,0.0,0.0,0.0,0.0,,,,0.0,0.0,0.0,0.0,gap_too_large,0.0,gap_too_large,0.0,gap_too_large,0.0,gap_too_large,0.0,gap_too_large,0.0,gap_too_large,0.0,gap_too_large,0.0,gap_too_large,0.0,gap_too_large,0.0,gap_too_large,0.0,gap_too_large,0.0,gap_too_large,0.0,gap_too_large
3605373.0,,2025-01-19 04:00:00,WITEL_AHU_L8,0.0,0.0,0.0,0.0,0.0,0.0,0.0,0.0,0.0,,,,0.0,0.0,0.0,0.0,gap_too_large,0.0,gap_too_large,0.0,gap_too_large,0.0,gap_too_large,0.0,gap_too_large,0.0,gap_too_large,0.0,gap_too_large,0.0,gap_too_large,0.0,gap_too_large,0.0,gap_too_large,0.0,gap_too_large,0.0,gap_too_large,0.0,gap_too_large
3605373.0,,2025-01-19 04:20:00,WITEL_AHU_L8,0.0,0.0,0.0,0.0,0.0,0.0,0.0,0.0,0.0,,,,0.0,0.0,0.0,0.0,gap_too_large,0.0,gap_too_large,0.0,gap_too_large,0.0,gap_too_large,0.0,gap_too_large,0.0,gap_too_large,0.0,gap_too_large,0.0,gap_too_large,0.0,gap_too_large,0.0,gap_too_large,0.0,gap_too_large,0.0,gap_too_large,0.0,gap_too_large
3605373.0,,2025-01-19 04:40:00,WITEL_AHU_L8,0.0,0.0,0.0,0.0,0.0,0.0,0.0,0.0,0.0,,,,0.0,0.0,0.0,0.0,gap_too_large,0.0,gap_too_large,0.0,gap_too_large,0.0,gap_too_large,0.0,gap_too_large,0.0,gap_too_large,0.0,gap_too_large,0.0,gap_too_large,0.0,gap_too_large,0.0,gap_too_large,0.0,gap_too_large,0.0,gap_too_large,0.0,gap_too_large
3605373.0,,2025-01-19 05:00:00,WITEL_AHU_L8,0.0,0.0,0.0,0.0,0.0,0.0,0.0,0.0,0.0,,,,0.0,0.0,0.0,0.0,gap_too_large,0.0,gap_too_large,0.0,gap_too_large,0.0,gap_too_large,0.0,gap_too_large,0.0,gap_too_large,0.0,gap_too_large,0.0,gap_too_large,0.0,gap_too_large,0.0,gap_too_large,0.0,gap_too_large,0.0,gap_too_large,0.0,gap_too_large
3605373.0,,2025-01-19 05:20:00,WITEL_AHU_L8,0.0,0.0,0.0,0.0,0.0,0.0,0.0,0.0,0.0,,,,0.0,0.0,0.0,0.0,gap_too_large,0.0,gap_too_large,0.0,gap_too_large,0.0,gap_too_large,0.0,gap_too_large,0.0,gap_too_large,0.0,gap_too_large,0.0,gap_too_large,0.0,gap_too_large,0.0,gap_too_large,0.0,gap_too_large,0.0,gap_too_large,0.0,gap_too_large
3605373.0,,2025-01-19 05:40:00,WITEL_AHU_L8,0.0,0.0,0.0,0.0,0.0,0.0,0.0,0.0,0.0,,,,0.0,0.0,0.0,0.0,gap_too_large,0.0,gap_too_large,0.0,gap_too_large,0.0,gap_too_large,0.0,gap_too_large,0.0,gap_too_large,0.0,gap_too_large,0.0,gap_too_large,0.0,gap_too_large,0.0,gap_too_large,0.0,gap_too_large,0.0,gap_too_large,0.0,gap_too_large
3605373.0,,2025-01-19 06:00:00,WITEL_AHU_L8,0.0,0.0,0.0,0.0,0.0,0.0,0.0,0.0,0.0,,,,0.0,0.0,0.0,0.0,gap_too_large,0.0,gap_too_large,0.0,gap_too_large,0.0,gap_too_large,0.0,gap_too_large,0.0,gap_too_large,0.0,gap_too_large,0.0,gap_too_large,0.0,gap_too_large,0.0,gap_too_large,0.0,gap_too_large,0.0,gap_too_large,0.0,gap_too_large
3605373.0,,2025-01-19 06:20:00,WITEL_AHU_L8,0.0,0.0,0.0,0.0,0.0,0.0,0.0,0.0,0.0,,,,0.0,0.0,0.0,0.0,gap_too_large,0.0,gap_too_large,0.0,gap_too_large,0.0,gap_too_large,0.0,gap_too_large,0.0,gap_too_large,0.0,gap_too_large,0.0,gap_too_large,0.0,gap_too_large,0.0,gap_too_large,0.0,gap_too_large,0.0,gap_too_large,0.0,gap_too_large
3605373.0,,2025-01-19 06:40:00,WITEL_AHU_L8,0.0,0.0,0.0,0.0,0.0,0.0,0.0,0.0,0.0,,,,0.0,0.0,0.0,0.0,gap_too_large,0.0,gap_too_large,0.0,gap_too_large,0.0,gap_too_large,0.0,gap_too_large,0.0,gap_too_large,0.0,gap_too_large,0.0,gap_too_large,0.0,gap_too_large,0.0,gap_too_large,0.0,gap_too_large,0.0,gap_too_large,0.0,gap_too_large
3605373.0,,2025-01-19 07:00:00,WITEL_AHU_L8,0.0,0.0,0.0,0.0,0.0,0.0,0.0,0.0,0.0,,,,0.0,0.0,0.0,0.0,gap_too_large,0.0,gap_too_large,0.0,gap_too_large,0.0,gap_too_large,0.0,gap_too_large,0.0,gap_too_large,0.0,gap_too_large,0.0,gap_too_large,0.0,gap_too_large,0.0,gap_too_large,0.0,gap_too_large,0.0,gap_too_large,0.0,gap_too_large
3605373.0,,2025-01-19 07:20:00,WITEL_AHU_L8,0.0,0.0,0.0,0.0,0.0,0.0,0.0,0.0,0.0,,,,0.0,0.0,0.0,0.0,gap_too_large,0.0,gap_too_large,0.0,gap_too_large,0.0,gap_too_large,0.0,gap_too_large,0.0,gap_too_large,0.0,gap_too_large,0.0,gap_too_large,0.0,gap_too_large,0.0,gap_too_large,0.0,gap_too_large,0.0,gap_too_large,0.0,gap_too_large
3608247.0,37.0,2025-01-19 07:40:00,WITEL_AHU_L8,35246300.0,228.0,227.0,229.0,0.0,0.0,0.0,50.04,1.0,2025-01-19 07:49:03.000,2025-01-19 07:49:03.000,2025-01-19 07:49:03.000,48798963.0,25627.0,61397485.0,228.0,original,227.0,original,229.0,original,0.0,gap_too_large,0.0,gap_too_large,0.0,gap_too_large,50.04,original,1.0,original,48798963.0,original,25627.0,original,61397485.0,original,35246300.0,original,-121.0,original
3608269.0,37.0,2025-01-19 08:00:00,WITEL_AHU_L8,35246300.0,227.0,227.0,229.0,0.0,0.0,0.0,50.06,1.0,2025-01-19 07:59:02.000,2025-01-19 07:59:02.000,2025-01-19 07:59:02.000,48798963.0,25627.0,61397485.0,227.0,original,227.0,original,229.0,original,0.0,gap_too_large,0.0,gap_too_large,0.0,gap_too_large,50.06,original,1.0,original,48798963.0,original,25627.0,original,61397485.0,original,35246300.0,original,-102.0,original
3608304.0,37.0,2025-01-19 08:20:00,WITEL_AHU_L8,35246300.0,226.0,226.0,228.0,0.0,0.0,0.0,49.99,1.0,2025-01-19 08:19:05.000,2025-01-19 08:19:05.000,2025-01-19 08:19:05.000,48798963.0,25627.0,61397485.0,226.0,original,226.0,original,228.0,original,0.0,gap_too_large,0.0,gap_too_large,0.0,gap_too_large,49.99,original,1.0,original,48798963.0,original,25627.0,original,61397485.0,original,35246300.0,original,-117.0,original
3608348.0,37.0,2025-01-19 08:40:00,WITEL_AHU_L8,35246300.0,225.0,225.0,227.0,0.0,0.0,0.0,49.94,1.0,2025-01-19 08:39:04.000,2025-01-19 08:39:04.000,2025-01-19 08:39:04.000,48798963.0,25627.0,61397485.0,225.0,original,225.0,original,227.0,original,0.0,gap_too_large,0.0,gap_too_large,0.0,gap_too_large,49.94,original,1.0,original,48798963.0,original,25627.0,original,61397485.0,original,35246300.0,original,-113.0,original
3608390.0,37.0,2025-01-19 09:00:00,WITEL_AHU_L8,35246300.0,228.0,227.0,229.0,0.0,0.0,0.0,50.04,1.0,2025-01-19 08:59:12.000,2025-01-19 08:59:12.000,2025-01-19 08:59:12.000,48798963.0,25627.0,61397485.0,228.0,original,227.0,original,229.0,original,0.0,gap_too_large,0.0,gap_too_large,0.0,gap_too_large,50.04,original,1.0,original,48798963.0,original,25627.0,original,61397485.0,original,35246300.0,original,-101.0,original
3608390.0,,2025-01-19 09:20:00,WITEL_AHU_L8,35246300.0,227.5,227.0,229.0,0.0,0.0,0.0,50.004999999999995,1.0,,,,48798963.0,25627.0,61397485.0,227.5,interpolated,227.0,interpolated,229.0,interpolated,0.0,gap_too_large,0.0,gap_too_large,0.0,gap_too_large,50.004999999999995,interpolated,1.0,interpolated,48798963.0,interpolated,25627.0,interpolated,61397485.0,interpolated,35246300.0,interpolated,-110.0,interpolated
3608490.0,37.0,2025-01-19 09:40:00,WITEL_AHU_L8,35246300.0,227.0,227.0,229.0,0.0,0.0,0.0,49.97,1.0,2025-01-19 09:49:12.000,2025-01-19 09:49:12.000,2025-01-19 09:49:12.000,48798963.0,25627.0,61397485.0,227.0,original,227.0,original,229.0,original,0.0,gap_too_large,0.0,gap_too_large,0.0,gap_too_large,49.97,original,1.0,original,48798963.0,original,25627.0,original,61397485.0,original,35246300.0,original,-119.0,original
3608513.0,37.0,2025-01-19 10:00:00,WITEL_AHU_L8,35246300.0,227.0,226.0,229.0,0.0,0.0,0.0,50.04,1.0,2025-01-19 09:59:09.000,2025-01-19 09:59:09.000,2025-01-19 09:59:09.000,48798963.0,25627.0,61397485.0,227.0,original,226.0,original,229.0,original,0.0,gap_too_large,0.0,gap_too_large,0.0,gap_too_large,50.04,original,1.0,original,48798963.0,original,25627.0,original,61397485.0,original,35246300.0,original,-118.0,original
3608561.0,37.0,2025-01-19 10:20:00,WITEL_AHU_L8,35246300.0,226.0,225.0,227.0,0.0,0.0,0.0,50.01,1.0,2025-01-19 10:19:20.000,2025-01-19 10:19:20.000,2025-01-19 10:19:20.000,48798963.0,25627.0,61397485.0,226.0,original,225.0,original,227.0,original,0.0,gap_too_large,0.0,gap_too_large,0.0,gap_too_large,50.01,original,1.0,original,48798963.0,original,25627.0,original,61397485.0,original,35246300.0,original,-114.0,original
3608601.0,37.0,2025-01-19 10:40:00,WITEL_AHU_L8,35246300.0,226.0,225.0,227.0,0.0,0.0,0.0,50.04,1.0,2025-01-19 10:39:11.000,2025-01-19 10:39:11.000,2025-01-19 10:39:11.000,48798963.0,25627.0,61397485.0,226.0,original,225.0,original,227.0,original,0.0,gap_too_large,0.0,gap_too_large,0.0,gap_too_large,50.04,original,1.0,original,48798963.0,original,25627.0,original,61397485.0,original,35246300.0,original,-120.0,original
3608644.0,37.0,2025-01-19 11:00:00,WITEL_AHU_L8,35246300.0,225.0,225.0,227.0,0.0,0.0,0.0,50.08,1.0,2025-01-19 10:59:06.000,2025-01-19 10:59:06.000,2025-01-19 10:59:06.000,48798963.0,25627.0,61397485.0,225.0,original,225.0,original,227.0,original,0.0,gap_too_large,0.0,gap_too_large,0.0,gap_too_large,50.08,original,1.0,original,48798963.0,original,25627.0,original,61397485.0,original,35246300.0,original,-117.0,original
3608697.0,37.0,2025-01-19 11:20:00,WITEL_AHU_L8,35246300.0,225.0,225.0,227.0,0.0,0.0,0.0,49.99,1.0,2025-01-19 11:19:21.000,2025-01-19 11:19:21.000,2025-01-19 11:19:21.000,48798963.0,25627.0,61397485.0,225.0,original,225.0,original,227.0,original,0.0,gap_too_large,0.0,gap_too_large,0.0,gap_too_large,49.99,original,1.0,original,48798963.0,original,25627.0,original,61397485.0,original,35246300.0,original,-107.0,original
3608730.0,37.0,2025-01-19 11:40:00,WITEL_AHU_L8,35246300.0,225.0,225.0,227.0,0.0,0.0,0.0,50.0,1.0,2025-01-19 11:39:10.000,2025-01-19 11:39:10.000,2025-01-19 11:39:10.000,48798963.0,25627.0,61397485.0,225.0,original,225.0,original,227.0,original,0.0,gap_too_large,0.0,gap_too_large,0.0,gap_too_large,50.0,original,1.0,original,48798963.0,original,25627.0,original,61397485.0,original,35246300.0,original,-107.0,original
3608768.0,37.0,2025-01-19 12:00:00,WITEL_AHU_L8,35246300.0,226.0,225.0,227.0,0.0,0.0,0.0,50.05,1.0,2025-01-19 11:59:12.000,2025-01-19 11:59:12.000,2025-01-19 11:59:12.000,48798963.0,25627.0,61397485.0,226.0,original,225.0,original,227.0,original,0.0,gap_too_large,0.0,gap_too_large,0.0,gap_too_large,50.05,original,1.0,original,48798963.0,original,25627.0,original,61397485.0,original,35246300.0,original,-102.0,original
3608815.0,37.0,2025-01-19 12:20:00,WITEL_AHU_L8,35246300.0,226.0,225.0,227.0,0.0,0.0,0.0,49.99,1.0,2025-01-19 12:19:20.000,2025-01-19 12:19:20.000,2025-01-19 12:19:20.000,48798963.0,25627.0,61397485.0,226.0,original,225.0,original,227.0,original,0.0,gap_too_large,0.0,gap_too_large,0.0,gap_too_large,49.99,original,1.0,original,48798963.0,original,25627.0,original,61397485.0,original,35246300.0,original,-101.0,original
3608858.0,37.0,2025-01-19 12:40:00,WITEL_AHU_L8,35246300.0,226.0,226.0,228.0,0.0,0.0,0.0,50.06,1.0,2025-01-19 12:39:18.000,2025-01-19 12:39:18.000,2025-01-19 12:39:18.000,48798963.0,25627.0,61397485.0,226.0,original,226.0,original,228.0,original,0.0,gap_too_large,0.0,gap_too_large,0.0,gap_too_large,50.06,original,1.0,original,48798963.0,original,25627.0,original,61397485.0,original,35246300.0,original,-115.0,original
3608901.0,37.0,2025-01-19 13:00:00,WITEL_AHU_L8,35246300.0,226.0,225.0,227.0,0.0,0.0,0.0,49.99,1.0,2025-01-19 12:59:18.000,2025-01-19 12:59:18.000,2025-01-19 12:59:18.000,48798963.0,25627.0,61397485.0,226.0,original,225.0,original,227.0,original,0.0,gap_too_large,0.0,gap_too_large,0.0,gap_too_large,49.99,original,1.0,original,48798963.0,original,25627.0,original,61397485.0,original,35246300.0,original,-119.0,original
3608939.0,37.0,2025-01-19 13:20:00,WITEL_AHU_L8,35246300.0,228.0,227.0,229.0,0.0,0.0,0.0,49.98,1.0,2025-01-19 13:19:01.000,2025-01-19 13:19:01.000,2025-01-19 13:19:01.000,48798963.0,25627.0,61397485.0,228.0,original,227.0,original,229.0,original,0.0,gap_too_large,0.0,gap_too_large,0.0,gap_too_large,49.98,original,1.0,original,48798963.0,original,25627.0,original,61397485.0,original,35246300.0,original,-118.0,original
3608988.0,37.0,2025-01-19 13:40:00,WITEL_AHU_L8,35246300.0,228.0,227.0,229.0,0.0,0.0,0.0,50.04,1.0,2025-01-19 13:39:21.000,2025-01-19 13:39:21.000,2025-01-19 13:39:21.000,48798963.0,25627.0,61397485.0,228.0,original,227.0,original,229.0,original,0.0,gap_too_large,0.0,gap_too_large,0.0,gap_too_large,50.04,original,1.0,original,48798963.0,original,25627.0,original,61397485.0,original,35246300.0,original,-117.0,original
3609053.0,37.0,2025-01-19 14:00:00,WITEL_AHU_L8,35246300.0,227.0,227.0,229.0,0.0,0.0,0.0,49.98,1.0,2025-01-19 14:09:06.000,2025-01-19 14:09:06.000,2025-01-19 14:09:06.000,48798963.0,25627.0,61397485.0,227.0,original,227.0,original,229.0,original,0.0,gap_too_large,0.0,gap_too_large,0.0,gap_too_large,49.98,original,1.0,original,48798963.0,original,25627.0,original,61397485.0,original,35246300.0,original,-119.0,original
3609070.0,37.0,2025-01-19 14:20:00,WITEL_AHU_L8,35246300.0,227.0,227.0,229.0,0.0,0.0,0.0,50.03,1.0,2025-01-19 14:19:07.000,2025-01-19 14:19:07.000,2025-01-19 14:19:07.000,48798963.0,25627.0,61397485.0,227.0,original,227.0,original,229.0,original,0.0,gap_too_large,0.0,gap_too_large,0.0,gap_too_large,50.03,original,1.0,original,48798963.0,original,25627.0,original,61397485.0,original,35246300.0,original,-115.0,original
3609115.0,37.0,2025-01-19 14:40:00,WITEL_AHU_L8,35246300.0,227.0,227.0,229.0,0.0,0.0,0.0,50.05,1.0,2025-01-19 14:39:11.000,2025-01-19 14:39:11.000,2025-01-19 14:39:11.000,48798963.0,25627.0,61397485.0,227.0,original,227.0,original,229.0,original,0.0,gap_too_large,0.0,gap_too_large,0.0,gap_too_large,50.05,original,1.0,original,48798963.0,original,25627.0,original,61397485.0,original,35246300.0,original,-107.0,original
3609158.0,37.0,2025-01-19 15:00:00,WITEL_AHU_L8,35246300.0,228.0,227.0,229.0,0.0,0.0,0.0,50.05,1.0,2025-01-19 14:59:18.000,2025-01-19 14:59:18.000,2025-01-19 14:59:18.000,48798963.0,25627.0,61397485.0,228.0,original,227.0,original,229.0,original,0.0,gap_too_large,0.0,gap_too_large,0.0,gap_too_large,50.05,original,1.0,original,48798963.0,original,25627.0,original,61397485.0,original,35246300.0,original,-103.0,original
3609195.0,37.0,2025-01-19 15:20:00,WITEL_AHU_L8,35246300.0,228.0,227.0,229.0,0.0,0.0,0.0,50.03,1.0,2025-01-19 15:19:14.000,2025-01-19 15:19:14.000,2025-01-19 15:19:14.000,48798963.0,25627.0,61397485.0,228.0,original,227.0,original,229.0,original,0.0,gap_too_large,0.0,gap_too_large,0.0,gap_too_large,50.03,original,1.0,original,48798963.0,original,25627.0,original,61397485.0,original,35246300.0,original,-119.0,original
3609195.0,,2025-01-19 15:40:00,WITEL_AHU_L8,0.0,0.0,0.0,0.0,0.0,0.0,0.0,0.0,0.0,,,,0.0,0.0,0.0,0.0,gap_too_large,0.0,gap_too_large,0.0,gap_too_large,0.0,gap_too_large,0.0,gap_too_large,0.0,gap_too_large,0.0,gap_too_large,0.0,gap_too_large,0.0,gap_too_large,0.0,gap_too_large,0.0,gap_too_large,0.0,gap_too_large,0.0,gap_too_large
3609195.0,,2025-01-19 16:00:00,WITEL_AHU_L8,0.0,0.0,0.0,0.0,0.0,0.0,0.0,0.0,0.0,,,,0.0,0.0,0.0,0.0,gap_too_large,0.0,gap_too_large,0.0,gap_too_large,0.0,gap_too_large,0.0,gap_too_large,0.0,gap_too_large,0.0,gap_too_large,0.0,gap_too_large,0.0,gap_too_large,0.0,gap_too_large,0.0,gap_too_large,0.0,gap_too_large,0.0,gap_too_large
3609195.0,,2025-01-19 16:20:00,WITEL_AHU_L8,0.0,0.0,0.0,0.0,0.0,0.0,0.0,0.0,0.0,,,,0.0,0.0,0.0,0.0,gap_too_large,0.0,gap_too_large,0.0,gap_too_large,0.0,gap_too_large,0.0,gap_too_large,0.0,gap_too_large,0.0,gap_too_large,0.0,gap_too_large,0.0,gap_too_large,0.0,gap_too_large,0.0,gap_too_large,0.0,gap_too_large,0.0,gap_too_large
3609195.0,,2025-01-19 16:40:00,WITEL_AHU_L8,0.0,0.0,0.0,0.0,0.0,0.0,0.0,0.0,0.0,,,,0.0,0.0,0.0,0.0,gap_too_large,0.0,gap_too_large,0.0,gap_too_large,0.0,gap_too_large,0.0,gap_too_large,0.0,gap_too_large,0.0,gap_too_large,0.0,gap_too_large,0.0,gap_too_large,0.0,gap_too_large,0.0,gap_too_large,0.0,gap_too_large,0.0,gap_too_large
3609195.0,,2025-01-19 17:00:00,WITEL_AHU_L8,0.0,0.0,0.0,0.0,0.0,0.0,0.0,0.0,0.0,,,,0.0,0.0,0.0,0.0,gap_too_large,0.0,gap_too_large,0.0,gap_too_large,0.0,gap_too_large,0.0,gap_too_large,0.0,gap_too_large,0.0,gap_too_large,0.0,gap_too_large,0.0,gap_too_large,0.0,gap_too_large,0.0,gap_too_large,0.0,gap_too_large,0.0,gap_too_large
3609195.0,,2025-01-19 17:20:00,WITEL_AHU_L8,0.0,0.0,0.0,0.0,0.0,0.0,0.0,0.0,0.0,,,,0.0,0.0,0.0,0.0,gap_too_large,0.0,gap_too_large,0.0,gap_too_large,0.0,gap_too_large,0.0,gap_too_large,0.0,gap_too_large,0.0,gap_too_large,0.0,gap_too_large,0.0,gap_too_large,0.0,gap_too_large,0.0,gap_too_large,0.0,gap_too_large,0.0,gap_too_large
3609195.0,,2025-01-19 17:40:00,WITEL_AHU_L8,0.0,0.0,0.0,0.0,0.0,0.0,0.0,0.0,0.0,,,,0.0,0.0,0.0,0.0,gap_too_large,0.0,gap_too_large,0.0,gap_too_large,0.0,gap_too_large,0.0,gap_too_large,0.0,gap_too_large,0.0,gap_too_large,0.0,gap_too_large,0.0,gap_too_large,0.0,gap_too_large,0.0,gap_too_large,0.0,gap_too_large,0.0,gap_too_large
3609195.0,,2025-01-19 18:00:00,WITEL_AHU_L8,0.0,0.0,0.0,0.0,0.0,0.0,0.0,0.0,0.0,,,,0.0,0.0,0.0,0.0,gap_too_large,0.0,gap_too_large,0.0,gap_too_large,0.0,gap_too_large,0.0,gap_too_large,0.0,gap_too_large,0.0,gap_too_large,0.0,gap_too_large,0.0,gap_too_large,0.0,gap_too_large,0.0,gap_too_large,0.0,gap_too_large,0.0,gap_too_large
3609195.0,,2025-01-19 18:20:00,WITEL_AHU_L8,0.0,0.0,0.0,0.0,0.0,0.0,0.0,0.0,0.0,,,,0.0,0.0,0.0,0.0,gap_too_large,0.0,gap_too_large,0.0,gap_too_large,0.0,gap_too_large,0.0,gap_too_large,0.0,gap_too_large,0.0,gap_too_large,0.0,gap_too_large,0.0,gap_too_large,0.0,gap_too_large,0.0,gap_too_large,0.0,gap_too_large,0.0,gap_too_large
3609195.0,,2025-01-19 18:40:00,WITEL_AHU_L8,0.0,0.0,0.0,0.0,0.0,0.0,0.0,0.0,0.0,,,,0.0,0.0,0.0,0.0,gap_too_large,0.0,gap_too_large,0.0,gap_too_large,0.0,gap_too_large,0.0,gap_too_large,0.0,gap_too_large,0.0,gap_too_large,0.0,gap_too_large,0.0,gap_too_large,0.0,gap_too_large,0.0,gap_too_large,0.0,gap_too_large,0.0,gap_too_large
3609195.0,,2025-01-19 19:00:00,WITEL_AHU_L8,0.0,0.0,0.0,0.0,0.0,0.0,0.0,0.0,0.0,,,,0.0,0.0,0.0,0.0,gap_too_large,0.0,gap_too_large,0.0,gap_too_large,0.0,gap_too_large,0.0,gap_too_large,0.0,gap_too_large,0.0,gap_too_large,0.0,gap_too_large,0.0,gap_too_large,0.0,gap_too_large,0.0,gap_too_large,0.0,gap_too_large,0.0,gap_too_large
3609195.0,,2025-01-19 19:20:00,WITEL_AHU_L8,0.0,0.0,0.0,0.0,0.0,0.0,0.0,0.0,0.0,,,,0.0,0.0,0.0,0.0,gap_too_large,0.0,gap_too_large,0.0,gap_too_large,0.0,gap_too_large,0.0,gap_too_large,0.0,gap_too_large,0.0,gap_too_large,0.0,gap_too_large,0.0,gap_too_large,0.0,gap_too_large,0.0,gap_too_large,0.0,gap_too_large,0.0,gap_too_large
3609195.0,,2025-01-19 19:40:00,WITEL_AHU_L8,0.0,0.0,0.0,0.0,0.0,0.0,0.0,0.0,0.0,,,,0.0,0.0,0.0,0.0,gap_too_large,0.0,gap_too_large,0.0,gap_too_large,0.0,gap_too_large,0.0,gap_too_large,0.0,gap_too_large,0.0,gap_too_large,0.0,gap_too_large,0.0,gap_too_large,0.0,gap_too_large,0.0,gap_too_large,0.0,gap_too_large,0.0,gap_too_large
3609195.0,,2025-01-19 20:00:00,WITEL_AHU_L8,0.0,0.0,0.0,0.0,0.0,0.0,0.0,0.0,0.0,,,,0.0,0.0,0.0,0.0,gap_too_large,0.0,gap_too_large,0.0,gap_too_large,0.0,gap_too_large,0.0,gap_too_large,0.0,gap_too_large,0.0,gap_too_large,0.0,gap_too_large,0.0,gap_too_large,0.0,gap_too_large,0.0,gap_too_large,0.0,gap_too_large,0.0,gap_too_large
3609195.0,,2025-01-19 20:20:00,WITEL_AHU_L8,0.0,0.0,0.0,0.0,0.0,0.0,0.0,0.0,0.0,,,,0.0,0.0,0.0,0.0,gap_too_large,0.0,gap_too_large,0.0,gap_too_large,0.0,gap_too_large,0.0,gap_too_large,0.0,gap_too_large,0.0,gap_too_large,0.0,gap_too_large,0.0,gap_too_large,0.0,gap_too_large,0.0,gap_too_large,0.0,gap_too_large,0.0,gap_too_large
3609195.0,,2025-01-19 20:40:00,WITEL_AHU_L8,0.0,0.0,0.0,0.0,0.0,0.0,0.0,0.0,0.0,,,,0.0,0.0,0.0,0.0,gap_too_large,0.0,gap_too_large,0.0,gap_too_large,0.0,gap_too_large,0.0,gap_too_large,0.0,gap_too_large,0.0,gap_too_large,0.0,gap_too_large,0.0,gap_too_large,0.0,gap_too_large,0.0,gap_too_large,0.0,gap_too_large,0.0,gap_too_large
3609195.0,,2025-01-19 21:00:00,WITEL_AHU_L8,0.0,0.0,0.0,0.0,0.0,0.0,0.0,0.0,0.0,,,,0.0,0.0,0.0,0.0,gap_too_large,0.0,gap_too_large,0.0,gap_too_large,0.0,gap_too_large,0.0,gap_too_large,0.0,gap_too_large,0.0,gap_too_large,0.0,gap_too_large,0.0,gap_too_large,0.0,gap_too_large,0.0,gap_too_large,0.0,gap_too_large,0.0,gap_too_large
3609195.0,,2025-01-19 21:20:00,WITEL_AHU_L8,0.0,0.0,0.0,0.0,0.0,0.0,0.0,0.0,0.0,,,,0.0,0.0,0.0,0.0,gap_too_large,0.0,gap_too_large,0.0,gap_too_large,0.0,gap_too_large,0.0,gap_too_large,0.0,gap_too_large,0.0,gap_too_large,0.0,gap_too_large,0.0,gap_too_large,0.0,gap_too_large,0.0,gap_too_large,0.0,gap_too_large,0.0,gap_too_large
3609195.0,,2025-01-19 21:40:00,WITEL_AHU_L8,0.0,0.0,0.0,0.0,0.0,0.0,0.0,0.0,0.0,,,,0.0,0.0,0.0,0.0,gap_too_large,0.0,gap_too_large,0.0,gap_too_large,0.0,gap_too_large,0.0,gap_too_large,0.0,gap_too_large,0.0,gap_too_large,0.0,gap_too_large,0.0,gap_too_large,0.0,gap_too_large,0.0,gap_too_large,0.0,gap_too_large,0.0,gap_too_large
3609195.0,,2025-01-19 22:00:00,WITEL_AHU_L8,0.0,0.0,0.0,0.0,0.0,0.0,0.0,0.0,0.0,,,,0.0,0.0,0.0,0.0,gap_too_large,0.0,gap_too_large,0.0,gap_too_large,0.0,gap_too_large,0.0,gap_too_large,0.0,gap_too_large,0.0,gap_too_large,0.0,gap_too_large,0.0,gap_too_large,0.0,gap_too_large,0.0,gap_too_large,0.0,gap_too_large,0.0,gap_too_large
3609195.0,,2025-01-19 22:20:00,WITEL_AHU_L8,0.0,0.0,0.0,0.0,0.0,0.0,0.0,0.0,0.0,,,,0.0,0.0,0.0,0.0,gap_too_large,0.0,gap_too_large,0.0,gap_too_large,0.0,gap_too_large,0.0,gap_too_large,0.0,gap_too_large,0.0,gap_too_large,0.0,gap_too_large,0.0,gap_too_large,0.0,gap_too_large,0.0,gap_too_large,0.0,gap_too_large,0.0,gap_too_large
3609195.0,,2025-01-19 22:40:00,WITEL_AHU_L8,0.0,0.0,0.0,0.0,0.0,0.0,0.0,0.0,0.0,,,,0.0,0.0,0.0,0.0,gap_too_large,0.0,gap_too_large,0.0,gap_too_large,0.0,gap_too_large,0.0,gap_too_large,0.0,gap_too_large,0.0,gap_too_large,0.0,gap_too_large,0.0,gap_too_large,0.0,gap_too_large,0.0,gap_too_large,0.0,gap_too_large,0.0,gap_too_large
3609195.0,,2025-01-19 23:00:00,WITEL_AHU_L8,0.0,0.0,0.0,0.0,0.0,0.0,0.0,0.0,0.0,,,,0.0,0.0,0.0,0.0,gap_too_large,0.0,gap_too_large,0.0,gap_too_large,0.0,gap_too_large,0.0,gap_too_large,0.0,gap_too_large,0.0,gap_too_large,0.0,gap_too_large,0.0,gap_too_large,0.0,gap_too_large,0.0,gap_too_large,0.0,gap_too_large,0.0,gap_too_large
3609195.0,,2025-01-19 23:20:00,WITEL_AHU_L8,0.0,0.0,0.0,0.0,0.0,0.0,0.0,0.0,0.0,,,,0.0,0.0,0.0,0.0,gap_too_large,0.0,gap_too_large,0.0,gap_too_large,0.0,gap_too_large,0.0,gap_too_large,0.0,gap_too_large,0.0,gap_too_large,0.0,gap_too_large,0.0,gap_too_large,0.0,gap_too_large,0.0,gap_too_large,0.0,gap_too_large,0.0,gap_too_large
3610180.0,37.0,2025-01-19 23:40:00,WITEL_AHU_L8,35246300.0,228.0,227.0,230.0,0.0,0.0,0.0,50.05,1.0,2025-01-19 23:41:59.000,2025-01-19 23:41:59.000,2025-01-19 23:41:59.000,48798963.0,25627.0,61397485.0,228.0,original,227.0,original,230.0,original,0.0,gap_too_large,0.0,gap_too_large,0.0,gap_too_large,50.05,original,1.0,original,48798963.0,original,25627.0,original,61397485.0,original,35246300.0,original,-115.0,original
3610222.0,37.0,2025-01-20 00:00:00,WITEL_AHU_L8,35246300.0,228.0,228.0,230.0,0.0,0.0,0.0,50.08,1.0,2025-01-19 23:59:21.000,2025-01-19 23:59:21.000,2025-01-19 23:59:21.000,48798963.0,25627.0,61397485.0,228.0,original,228.0,original,230.0,original,0.0,gap_too_large,0.0,gap_too_large,0.0,gap_too_large,50.08,original,1.0,original,48798963.0,original,25627.0,original,61397485.0,original,35246300.0,original,-106.0,original
3610265.0,37.0,2025-01-20 00:20:00,WITEL_AHU_L8,35246300.0,228.0,228.0,230.0,0.0,0.0,0.0,50.02,1.0,2025-01-20 00:19:20.000,2025-01-20 00:19:20.000,2025-01-20 00:19:20.000,48798963.0,25627.0,61397485.0,228.0,original,228.0,original,230.0,original,0.0,gap_too_large,0.0,gap_too_large,0.0,gap_too_large,50.02,original,1.0,original,48798963.0,original,25627.0,original,61397485.0,original,35246300.0,original,-120.0,original
3610306.0,37.0,2025-01-20 00:40:00,WITEL_AHU_L8,35246300.0,228.0,228.0,230.0,0.0,0.0,0.0,49.98,1.0,2025-01-20 00:39:11.000,2025-01-20 00:39:11.000,2025-01-20 00:39:11.000,48798963.0,25627.0,61397485.0,228.0,original,228.0,original,230.0,original,0.0,gap_too_large,0.0,gap_too_large,0.0,gap_too_large,49.98,original,1.0,original,48798963.0,original,25627.0,original,61397485.0,original,35246300.0,original,-103.0,original
3610351.0,37.0,2025-01-20 01:00:00,WITEL_AHU_L8,35246300.0,229.0,228.0,231.0,0.0,0.0,0.0,50.01,1.0,2025-01-20 00:59:10.000,2025-01-20 00:59:10.000,2025-01-20 00:59:10.000,48798963.0,25627.0,61397485.0,229.0,original,228.0,original,231.0,original,0.0,gap_too_large,0.0,gap_too_large,0.0,gap_too_large,50.01,original,1.0,original,48798963.0,original,25627.0,original,61397485.0,original,35246300.0,original,-121.0,original
3610388.0,37.0,2025-01-20 01:20:00,WITEL_AHU_L8,35246300.0,229.0,228.0,231.0,0.0,0.0,0.0,49.99,1.0,2025-01-20 01:19:05.000,2025-01-20 01:19:05.000,2025-01-20 01:19:05.000,48798963.0,25627.0,61397485.0,229.0,original,228.0,original,231.0,original,0.0,gap_too_large,0.0,gap_too_large,0.0,gap_too_large,49.99,original,1.0,original,48798963.0,original,25627.0,original,61397485.0,original,35246300.0,original,-117.0,original
3610436.0,37.0,2025-01-20 01:40:00,WITEL_AHU_L8,35246300.0,229.0,229.0,231.0,0.0,0.0,0.0,50.05,1.0,2025-01-20 01:39:10.000,2025-01-20 01:39:10.000,2025-01-20 01:39:10.000,48798963.0,25627.0,61397485.0,229.0,original,229.0,original,231.0,original,0.0,gap_too_large,0.0,gap_too_large,0.0,gap_too_large,50.05,original,1.0,original,48798963.0,original,25627.0,original,61397485.0,original,35246300.0,original,-101.0,original
3610479.0,37.0,2025-01-20 02:00:00,WITEL_AHU_L8,35246300.0,230.0,229.0,232.0,0.0,0.0,0.0,50.04,1.0,2025-01-20 01:59:16.000,2025-01-20 01:59:16.000,2025-01-20 01:59:16.000,48798963.0,25627.0,61397485.0,230.0,original,229.0,original,232.0,original,0.0,gap_too_large,0.0,gap_too_large,0.0,gap_too_large,50.04,original,1.0,original,48798963.0,original,25627.0,original,61397485.0,original,35246300.0,original,-119.0,original
3610519.0,37.0,2025-01-20 02:20:00,WITEL_AHU_L8,35246300.0,230.0,230.0,232.0,0.0,0.0,0.0,50.07,1.0,2025-01-20 02:19:16.000,2025-01-20 02:19:16.000,2025-01-20 02:19:16.000,48798963.0,25627.0,61397485.0,230.0,original,230.0,original,232.0,original,0.0,gap_too_large,0.0,gap_too_large,0.0,gap_too_large,50.07,original,1.0,original,48798963.0,original,25627.0,original,61397485.0,original,35246300.0,original,-109.0,original
3610581.0,37.0,2025-01-20 02:40:00,WITEL_AHU_L8,35246300.0,230.0,230.0,232.0,0.0,0.0,0.0,50.06,1.0,2025-01-20 02:49:11.000,2025-01-20 02:49:11.000,2025-01-20 02:49:11.000,48798963.0,25627.0,61397485.0,230.0,original,230.0,original,232.0,original,0.0,gap_too_large,0.0,gap_too_large,0.0,gap_too_large,50.06,original,1.0,original,48798963.0,original,25627.0,original,61397485.0,original,35246300.0,original,-118.0,original
3610600.0,37.0,2025-01-20 03:00:00,WITEL_AHU_L8,35246300.0,230.0,230.0,232.0,0.0,0.0,0.0,50.07,1.0,2025-01-20 02:59:04.000,2025-01-20 02:59:04.000,2025-01-20 02:59:04.000,48798963.0,25627.0,61397485.0,230.0,original,230.0,original,232.0,original,0.0,gap_too_large,0.0,gap_too_large,0.0,gap_too_large,50.07,original,1.0,original,48798963.0,original,25627.0,original,61397485.0,original,35246300.0,original,-117.0,original
3610643.0,37.0,2025-01-20 03:20:00,WITEL_AHU_L8,35246300.0,230.0,230.0,232.0,0.0,0.0,0.0,50.08,1.0,2025-01-20 03:19:02.000,2025-01-20 03:19:02.000,2025-01-20 03:19:02.000,48798963.0,25627.0,61397485.0,230.0,original,230.0,original,232.0,original,0.0,gap_too_large,0.0,gap_too_large,0.0,gap_too_large,50.08,original,1.0,original,48798963.0,original,25627.0,original,61397485.0,original,35246300.0,original,-118.0,original
3610684.0,37.0,2025-01-20 03:40:00,WITEL_AHU_L8,35246300.0,231.0,230.0,233.0,0.0,0.0,0.0,50.0,1.0,2025-01-20 03:39:08.000,2025-01-20 03:39:08.000,2025-01-20 03:39:08.000,48798963.0,25627.0,61397485.0,231.0,original,230.0,original,233.0,original,0.0,gap_too_large,0.0,gap_too_large,0.0,gap_too_large,50.0,original,1.0,original,48798963.0,original,25627.0,original,61397485.0,original,35246300.0,original,-120.0,original
3610757.0,37.0,2025-01-20 04:00:00,WITEL_AHU_L8,35246300.0,230.0,230.0,232.0,0.0,0.0,0.0,49.99,1.0,2025-01-20 04:09:24.000,2025-01-20 04:09:24.000,2025-01-20 04:09:24.000,48798963.0,25627.0,61397485.0,230.0,original,230.0,original,232.0,original,0.0,gap_too_large,0.0,gap_too_large,0.0,gap_too_large,49.99,original,1.0,original,48798963.0,original,25627.0,original,61397485.0,original,35246300.0,original,-118.0,original
3610779.0,37.0,2025-01-20 04:20:00,WITEL_AHU_L8,35246300.0,230.0,230.0,232.0,0.0,0.0,0.0,50.06,1.0,2025-01-20 04:19:19.000,2025-01-20 04:19:19.000,2025-01-20 04:19:19.000,48798963.0,25627.0,61397485.0,230.0,original,230.0,original,232.0,original,0.0,gap_too_large,0.0,gap_too_large,0.0,gap_too_large,50.06,original,1.0,original,48798963.0,original,25627.0,original,61397485.0,original,35246300.0,original,-121.0,original
3610812.0,37.0,2025-01-20 04:40:00,WITEL_AHU_L8,35246300.0,230.0,229.0,232.0,0.0,0.0,0.0,50.0,1.0,2025-01-20 04:39:07.000,2025-01-20 04:39:07.000,2025-01-20 04:39:07.000,48798963.0,25627.0,61397485.0,230.0,original,229.0,original,232.0,original,0.0,gap_too_large,0.0,gap_too_large,0.0,gap_too_large,50.0,original,1.0,original,48798963.0,original,25627.0,original,61397485.0,original,35246300.0,original,-100.0,original
3610856.0,37.0,2025-01-20 05:00:00,WITEL_AHU_L8,35246300.0,230.0,229.0,232.0,0.0,0.0,0.0,50.06,1.0,2025-01-20 04:59:20.000,2025-01-20 04:59:20.000,2025-01-20 04:59:20.000,48798963.0,25627.0,61397485.0,230.0,original,229.0,original,232.0,original,0.0,gap_too_large,0.0,gap_too_large,0.0,gap_too_large,50.06,original,1.0,original,48798963.0,original,25627.0,original,61397485.0,original,35246300.0,original,-117.0,original
3610894.0,37.0,2025-01-20 05:20:00,WITEL_AHU_L8,35246300.0,228.0,228.0,230.0,0.0,0.0,0.0,50.01,1.0,2025-01-20 05:19:10.000,2025-01-20 05:19:10.000,2025-01-20 05:19:10.000,48798963.0,25627.0,61397485.0,228.0,original,228.0,original,230.0,original,0.0,gap_too_large,0.0,gap_too_large,0.0,gap_too_large,50.01,original,1.0,original,48798963.0,original,25627.0,original,61397485.0,original,35246300.0,original,-101.0,original
3610946.0,37.0,2025-01-20 05:40:00,WITEL_AHU_L8,35246300.0,227.0,227.0,229.0,0.0,0.0,0.0,50.08,1.0,2025-01-20 05:39:19.000,2025-01-20 05:39:19.000,2025-01-20 05:39:19.000,48798963.0,25627.0,61397485.0,227.0,original,227.0,original,229.0,original,0.0,gap_too_large,0.0,gap_too_large,0.0,gap_too_large,50.08,original,1.0,original,48798963.0,original,25627.0,original,61397485.0,original,35246300.0,original,-112.0,original
3610994.0,37.0,2025-01-20 06:00:00,WITEL_AHU_L8,35246300.0,227.0,226.0,228.0,0.0,0.0,0.0,50.06,1.0,2025-01-20 05:59:22.000,2025-01-20 05:59:22.000,2025-01-20 05:59:22.000,48798963.0,25627.0,61397485.0,227.0,original,226.0,original,228.0,original,0.0,gap_too_large,0.0,gap_too_large,0.0,gap_too_large,50.06,original,1.0,original,48798963.0,original,25627.0,original,61397485.0,original,35246300.0,original,-101.0,original
3611030.0,37.0,2025-01-20 06:20:00,WITEL_AHU_L8,35246300.0,226.0,225.0,227.0,0.0,0.0,0.0,50.07,1.0,2025-01-20 06:19:13.000,2025-01-20 06:19:13.000,2025-01-20 06:19:13.000,48798963.0,25627.0,61397485.0,226.0,original,225.0,original,227.0,original,0.0,gap_too_large,0.0,gap_too_large,0.0,gap_too_large,50.07,original,1.0,original,48798963.0,original,25627.0,original,61397485.0,original,35246300.0,original,-121.0,original
3611077.0,37.0,2025-01-20 06:40:00,WITEL_AHU_L8,35246300.0,226.0,226.0,228.0,0.0,0.0,0.0,50.05,1.0,2025-01-20 06:39:14.000,2025-01-20 06:39:14.000,2025-01-20 06:39:14.000,48798963.0,25627.0,61397485.0,226.0,original,226.0,original,228.0,original,0.0,gap_too_large,0.0,gap_too_large,0.0,gap_too_large,50.05,original,1.0,original,48798963.0,original,25627.0,original,61397485.0,original,35246300.0,original,-119.0,original
3611121.0,37.0,2025-01-20 07:00:00,WITEL_AHU_L8,35246300.0,226.0,225.0,228.0,0.0,0.0,0.0,50.09,1.0,2025-01-20 06:59:18.000,2025-01-20 06:59:18.000,2025-01-20 06:59:18.000,48798963.0,25627.0,61397485.0,226.0,original,225.0,original,228.0,original,0.0,gap_too_large,0.0,gap_too_large,0.0,gap_too_large,50.09,original,1.0,original,48798963.0,original,25627.0,original,61397485.0,original,35246300.0,original,-109.0,original
3611153.0,37.0,2025-01-20 07:20:00,WITEL_AHU_L8,35246300.0,226.0,225.0,228.0,0.0,0.0,0.0,50.06,1.0,2025-01-20 07:19:04.000,2025-01-20 07:19:04.000,2025-01-20 07:19:04.000,48798963.0,25627.0,61397485.0,226.0,original,225.0,original,228.0,original,0.0,gap_too_large,0.0,gap_too_large,0.0,gap_too_large,50.06,original,1.0,original,48798963.0,original,25627.0,original,61397485.0,original,35246300.0,original,-102.0,original
3611216.0,37.0,2025-01-20 07:40:00,WITEL_AHU_L8,35246300.0,226.0,225.0,227.0,0.0,0.0,0.0,50.01,1.0,2025-01-20 07:39:16.000,2025-01-20 07:39:16.000,2025-01-20 07:39:16.000,48798963.0,25627.0,61397485.0,226.0,original,225.0,original,227.0,original,0.0,gap_too_large,0.0,gap_too_large,0.0,gap_too_large,50.01,original,1.0,original,48798963.0,original,25627.0,original,61397485.0,original,35246300.0,original,-120.0,original
3611253.0,37.0,2025-01-20 08:00:00,WITEL_AHU_L8,35246300.0,226.0,225.0,227.0,0.0,0.0,0.0,50.04,1.0,2025-01-20 07:59:03.000,2025-01-20 07:59:03.000,2025-01-20 07:59:03.000,48798963.0,25627.0,61397485.0,226.0,original,225.0,original,227.0,original,0.0,gap_too_large,0.0,gap_too_large,0.0,gap_too_large,50.04,original,1.0,original,48798963.0,original,25627.0,original,61397485.0,original,35246300.0,original,-100.0,original
3611330.0,37.0,2025-01-20 08:20:00,WITEL_AHU_L8,35246300.0,222.0,221.0,224.0,0.0,0.0,0.0,50.06,1.0,2025-01-20 08:29:21.000,2025-01-20 08:29:21.000,2025-01-20 08:29:21.000,48798963.0,25627.0,61397485.0,222.0,original,221.0,original,224.0,original,0.0,gap_too_large,0.0,gap_too_large,0.0,gap_too_large,50.06,original,1.0,original,48798963.0,original,25627.0,original,61397485.0,original,35246300.0,original,-105.0,original
3611349.0,37.0,2025-01-20 08:40:00,WITEL_AHU_L8,35246300.0,223.0,222.0,225.0,0.0,0.0,0.0,50.06,1.0,2025-01-20 08:39:16.000,2025-01-20 08:39:16.000,2025-01-20 08:39:16.000,48798963.0,25627.0,61397485.0,223.0,original,222.0,original,225.0,original,0.0,gap_too_large,0.0,gap_too_large,0.0,gap_too_large,50.06,original,1.0,original,48798963.0,original,25627.0,original,61397485.0,original,35246300.0,original,-101.0,original
3611414.0,37.0,2025-01-20 09:00:00,WITEL_AHU_L8,35246300.0,224.0,223.0,226.0,0.0,0.0,0.0,50.02,1.0,2025-01-20 09:09:16.000,2025-01-20 09:09:16.000,2025-01-20 09:09:16.000,48798963.0,25627.0,61397485.0,224.0,original,223.0,original,226.0,original,0.0,gap_too_large,0.0,gap_too_large,0.0,gap_too_large,50.02,original,1.0,original,48798963.0,original,25627.0,original,61397485.0,original,35246300.0,original,-113.0,original
3611434.0,37.0,2025-01-20 09:20:00,WITEL_AHU_L8,35246300.0,222.0,222.0,224.0,0.0,0.0,0.0,50.03,1.0,2025-01-20 09:19:09.000,2025-01-20 09:19:09.000,2025-01-20 09:19:09.000,48798963.0,25627.0,61397485.0,222.0,original,222.0,original,224.0,original,0.0,gap_too_large,0.0,gap_too_large,0.0,gap_too_large,50.03,original,1.0,original,48798963.0,original,25627.0,original,61397485.0,original,35246300.0,original,-118.0,original
3611434.0,,2025-01-20 09:40:00,WITEL_AHU_L8,35246300.0,223.5,223.0,225.5,0.0,0.0,0.0,50.04,1.0,,,,48798963.0,25627.0,61397485.0,223.5,interpolated,223.0,interpolated,225.5,interpolated,0.0,gap_too_large,0.0,gap_too_large,0.0,gap_too_large,50.04,interpolated,1.0,interpolated,48798963.0,interpolated,25627.0,interpolated,61397485.0,interpolated,35246300.0,interpolated,-107.5,interpolated
3611531.0,37.0,2025-01-20 10:00:00,WITEL_AHU_L8,35246300.0,225.0,224.0,227.0,0.0,0.0,0.0,50.05,1.0,2025-01-20 09:59:23.000,2025-01-20 09:59:23.000,2025-01-20 09:59:23.000,48798963.0,25627.0,61397485.0,225.0,original,224.0,original,227.0,original,0.0,gap_too_large,0.0,gap_too_large,0.0,gap_too_large,50.05,original,1.0,original,48798963.0,original,25627.0,original,61397485.0,original,35246300.0,original,-97.0,original
3611531.0,,2025-01-20 10:20:00,WITEL_AHU_L8,35246300.0,224.0,223.0,226.0,0.0,0.0,0.0,50.0,1.0,,,,48798963.0,25627.0,61397485.0,224.0,interpolated,223.0,interpolated,226.0,interpolated,0.0,gap_too_large,0.0,gap_too_large,0.0,gap_too_large,50.0,interpolated,1.0,interpolated,48798963.0,interpolated,25627.0,interpolated,61397485.0,interpolated,35246300.0,interpolated,-97.0,interpolated
3611617.0,37.0,2025-01-20 10:40:00,WITEL_AHU_L8,35246300.0,223.0,222.0,225.0,0.0,0.0,0.0,49.95,1.0,2025-01-20 10:39:19.000,2025-01-20 10:39:19.000,2025-01-20 10:39:19.000,48798963.0,25627.0,61397485.0,223.0,original,222.0,original,225.0,original,0.0,gap_too_large,0.0,gap_too_large,0.0,gap_too_large,49.95,original,1.0,original,48798963.0,original,25627.0,original,61397485.0,original,35246300.0,original,-97.0,original
3611650.0,37.0,2025-01-20 11:00:00,WITEL_AHU_L8,35246300.0,224.0,223.0,226.0,0.0,0.0,0.0,49.97,1.0,2025-01-20 10:59:00.000,2025-01-20 10:59:00.000,2025-01-20 10:59:00.000,48798963.0,25627.0,61397485.0,224.0,original,223.0,original,226.0,original,0.0,gap_too_large,0.0,gap_too_large,0.0,gap_too_large,49.97,original,1.0,original,48798963.0,original,25627.0,original,61397485.0,original,35246300.0,original,-97.0,original
3611697.0,37.0,2025-01-20 11:20:00,WITEL_AHU_L8,35246300.0,224.0,223.0,226.0,0.0,0.0,0.0,49.99,1.0,2025-01-20 11:19:05.000,2025-01-20 11:19:05.000,2025-01-20 11:19:05.000,48798963.0,25627.0,61397485.0,224.0,original,223.0,original,226.0,original,0.0,gap_too_large,0.0,gap_too_large,0.0,gap_too_large,49.99,original,1.0,original,48798963.0,original,25627.0,original,61397485.0,original,35246300.0,original,-119.0,original
3611742.0,37.0,2025-01-20 11:40:00,WITEL_AHU_L8,35246300.0,224.0,223.0,226.0,0.0,0.0,0.0,49.99,1.0,2025-01-20 11:39:12.000,2025-01-20 11:39:12.000,2025-01-20 11:39:12.000,48798963.0,25627.0,61397485.0,224.0,original,223.0,original,226.0,original,0.0,gap_too_large,0.0,gap_too_large,0.0,gap_too_large,49.99,original,1.0,original,48798963.0,original,25627.0,original,61397485.0,original,35246300.0,original,-120.0,original
3611782.0,37.0,2025-01-20 12:00:00,WITEL_AHU_L8,35246300.0,228.0,227.0,229.0,0.0,0.0,0.0,50.11,1.0,2025-01-20 11:59:02.000,2025-01-20 11:59:02.000,2025-01-20 11:59:02.000,48798963.0,25627.0,61397485.0,228.0,original,227.0,original,229.0,original,0.0,gap_too_large,0.0,gap_too_large,0.0,gap_too_large,50.11,original,1.0,original,48798963.0,original,25627.0,original,61397485.0,original,35246300.0,original,-116.0,original
3611829.0,37.0,2025-01-20 12:20:00,WITEL_AHU_L8,35246300.0,226.0,225.0,228.0,0.0,0.0,0.0,49.99,1.0,2025-01-20 12:19:13.000,2025-01-20 12:19:13.000,2025-01-20 12:19:13.000,48798963.0,25627.0,61397485.0,226.0,original,225.0,original,228.0,original,0.0,gap_too_large,0.0,gap_too_large,0.0,gap_too_large,49.99,original,1.0,original,48798963.0,original,25627.0,original,61397485.0,original,35246300.0,original,-99.0,original
3611864.0,37.0,2025-01-20 12:40:00,WITEL_AHU_L8,35246300.0,226.0,225.0,228.0,0.0,0.0,0.0,49.96,1.0,2025-01-20 12:39:01.000,2025-01-20 12:39:01.000,2025-01-20 12:39:01.000,48798963.0,25627.0,61397485.0,226.0,original,225.0,original,228.0,original,0.0,gap_too_large,0.0,gap_too_large,0.0,gap_too_large,49.96,original,1.0,original,48798963.0,original,25627.0,original,61397485.0,original,35246300.0,original,-99.0,original
3611915.0,37.0,2025-01-20 13:00:00,WITEL_AHU_L8,35246300.0,225.0,224.0,227.0,0.0,0.0,0.0,50.02,1.0,2025-01-20 12:59:14.000,2025-01-20 12:59:14.000,2025-01-20 12:59:14.000,48798963.0,25627.0,61397485.0,225.0,original,224.0,original,227.0,original,0.0,gap_too_large,0.0,gap_too_large,0.0,gap_too_large,50.02,original,1.0,original,48798963.0,original,25627.0,original,61397485.0,original,35246300.0,original,-100.0,original
3611959.0,37.0,2025-01-20 13:20:00,WITEL_AHU_L8,35246300.0,225.0,224.0,226.0,0.0,0.0,0.0,49.95,1.0,2025-01-20 13:19:17.000,2025-01-20 13:19:17.000,2025-01-20 13:19:17.000,48798963.0,25627.0,61397485.0,225.0,original,224.0,original,226.0,original,0.0,gap_too_large,0.0,gap_too_large,0.0,gap_too_large,49.95,original,1.0,original,48798963.0,original,25627.0,original,61397485.0,original,35246300.0,original,-99.0,original
3611992.0,37.0,2025-01-20 13:40:00,WITEL_AHU_L8,35246300.0,225.0,224.0,226.0,0.0,0.0,0.0,49.98,1.0,2025-01-20 13:39:05.000,2025-01-20 13:39:05.000,2025-01-20 13:39:05.000,48798963.0,25627.0,61397485.0,225.0,original,224.0,original,226.0,original,0.0,gap_too_large,0.0,gap_too_large,0.0,gap_too_large,49.98,original,1.0,original,48798963.0,original,25627.0,original,61397485.0,original,35246300.0,original,-100.0,original
3612045.0,37.0,2025-01-20 14:00:00,WITEL_AHU_L8,35246300.0,225.0,224.0,226.0,0.0,0.0,0.0,50.01,1.0,2025-01-20 13:59:23.000,2025-01-20 13:59:23.000,2025-01-20 13:59:23.000,48798963.0,25627.0,61397485.0,225.0,original,224.0,original,226.0,original,0.0,gap_too_large,0.0,gap_too_large,0.0,gap_too_large,50.01,original,1.0,original,48798963.0,original,25627.0,original,61397485.0,original,35246300.0,original,-98.0,original
3612103.0,37.0,2025-01-20 14:20:00,WITEL_AHU_L8,35246300.0,225.0,224.0,226.0,0.0,0.0,0.0,50.01,1.0,2025-01-20 14:29:07.000,2025-01-20 14:29:07.000,2025-01-20 14:29:07.000,48798963.0,25627.0,61397485.0,225.0,original,224.0,original,226.0,original,0.0,gap_too_large,0.0,gap_too_large,0.0,gap_too_large,50.01,original,1.0,original,48798963.0,original,25627.0,original,61397485.0,original,35246300.0,original,-115.0,original
3612127.0,37.0,2025-01-20 14:40:00,WITEL_AHU_L8,35246300.0,225.0,225.0,227.0,0.0,0.0,0.0,50.06,1.0,2025-01-20 14:39:14.000,2025-01-20 14:39:14.000,2025-01-20 14:39:14.000,48798963.0,25627.0,61397485.0,225.0,original,225.0,original,227.0,original,0.0,gap_too_large,0.0,gap_too_large,0.0,gap_too_large,50.06,original,1.0,original,48798963.0,original,25627.0,original,61397485.0,original,35246300.0,original,-100.0,original
3612199.0,37.0,2025-01-20 15:00:00,WITEL_AHU_L8,35246300.0,226.0,225.0,227.0,0.0,0.0,0.0,49.95,1.0,2025-01-20 15:09:19.000,2025-01-20 15:09:19.000,2025-01-20 15:09:19.000,48798963.0,25627.0,61397485.0,226.0,original,225.0,original,227.0,original,0.0,gap_too_large,0.0,gap_too_large,0.0,gap_too_large,49.95,original,1.0,original,48798963.0,original,25627.0,original,61397485.0,original,35246300.0,original,-105.0,original
3612217.0,37.0,2025-01-20 15:20:00,WITEL_AHU_L8,35246300.0,225.0,225.0,227.0,0.0,0.0,0.0,50.05,1.0,2025-01-20 15:19:10.000,2025-01-20 15:19:10.000,2025-01-20 15:19:10.000,48798963.0,25627.0,61397485.0,225.0,original,225.0,original,227.0,original,0.0,gap_too_large,0.0,gap_too_large,0.0,gap_too_large,50.05,original,1.0,original,48798963.0,original,25627.0,original,61397485.0,original,35246300.0,original,-118.0,original
3612295.0,37.0,2025-01-20 15:40:00,WITEL_AHU_L8,35246300.0,226.0,225.0,228.0,0.0,0.0,0.0,49.98,1.0,2025-01-20 15:49:10.000,2025-01-20 15:49:10.000,2025-01-20 15:49:10.000,48798963.0,25627.0,61397485.0,226.0,original,225.0,original,228.0,original,0.0,gap_too_large,0.0,gap_too_large,0.0,gap_too_large,49.98,original,1.0,original,48798963.0,original,25627.0,original,61397485.0,original,35246300.0,original,-115.0,original
3612315.0,37.0,2025-01-20 16:00:00,WITEL_AHU_L8,35246300.0,226.0,226.0,228.0,0.0,0.0,0.0,50.01,1.0,2025-01-20 15:59:18.000,2025-01-20 15:59:18.000,2025-01-20 15:59:18.000,48798963.0,25627.0,61397485.0,226.0,original,226.0,original,228.0,original,0.0,gap_too_large,0.0,gap_too_large,0.0,gap_too_large,50.01,original,1.0,original,48798963.0,original,25627.0,original,61397485.0,original,35246300.0,original,-119.0,original
3612383.0,37.0,2025-01-20 16:20:00,WITEL_AHU_L8,35246300.0,228.0,227.0,229.0,0.0,0.0,0.0,50.01,1.0,2025-01-20 16:29:18.000,2025-01-20 16:29:18.000,2025-01-20 16:29:18.000,48798963.0,25627.0,61397485.0,228.0,original,227.0,original,229.0,original,0.0,gap_too_large,0.0,gap_too_large,0.0,gap_too_large,50.01,original,1.0,original,48798963.0,original,25627.0,original,61397485.0,original,35246300.0,original,-102.0,original
3612422.0,37.0,2025-01-20 16:40:00,WITEL_AHU_L8,35246300.0,226.0,225.0,228.0,0.0,0.0,0.0,49.99,1.0,2025-01-20 16:49:22.000,2025-01-20 16:49:22.000,2025-01-20 16:49:22.000,48798963.0,25627.0,61397485.0,226.0,original,225.0,original,228.0,original,0.0,gap_too_large,0.0,gap_too_large,0.0,gap_too_large,49.99,original,1.0,original,48798963.0,original,25627.0,original,61397485.0,original,35246300.0,original,-107.0,original
3612444.0,37.0,2025-01-20 17:00:00,WITEL_AHU_L8,35246300.0,228.0,228.0,230.0,0.0,0.0,0.0,50.05,1.0,2025-01-20 16:59:17.000,2025-01-20 16:59:17.000,2025-01-20 16:59:17.000,48798963.0,25627.0,61397485.0,228.0,original,228.0,original,230.0,original,0.0,gap_too_large,0.0,gap_too_large,0.0,gap_too_large,50.05,original,1.0,original,48798963.0,original,25627.0,original,61397485.0,original,35246300.0,original,-114.0,original
3612480.0,37.0,2025-01-20 17:20:00,WITEL_AHU_L8,35246300.0,228.0,227.0,229.0,0.0,0.0,0.0,50.04,1.0,2025-01-20 17:19:12.000,2025-01-20 17:19:12.000,2025-01-20 17:19:12.000,48798963.0,25627.0,61397485.0,228.0,original,227.0,original,229.0,original,0.0,gap_too_large,0.0,gap_too_large,0.0,gap_too_large,50.04,original,1.0,original,48798963.0,original,25627.0,original,61397485.0,original,35246300.0,original,-103.0,original
3612550.0,37.0,2025-01-20 17:40:00,WITEL_AHU_L8,35246300.0,228.0,228.0,230.0,0.0,0.0,0.0,50.04,1.0,2025-01-20 17:49:23.000,2025-01-20 17:49:23.000,2025-01-20 17:49:23.000,48798963.0,25627.0,61397485.0,228.0,original,228.0,original,230.0,original,0.0,gap_too_large,0.0,gap_too_large,0.0,gap_too_large,50.04,original,1.0,original,48798963.0,original,25627.0,original,61397485.0,original,35246300.0,original,-115.0,original
3612582.0,37.0,2025-01-20 18:00:00,WITEL_AHU_L8,35246300.0,229.0,229.0,231.0,0.0,0.0,0.0,50.04,1.0,2025-01-20 18:09:05.000,2025-01-20 18:09:05.000,2025-01-20 18:09:05.000,48798963.0,25627.0,61397485.0,229.0,original,229.0,original,231.0,original,0.0,gap_too_large,0.0,gap_too_large,0.0,gap_too_large,50.04,original,1.0,original,48798963.0,original,25627.0,original,61397485.0,original,35246300.0,original,-107.0,original
3612605.0,37.0,2025-01-20 18:20:00,WITEL_AHU_L8,35246300.0,230.0,229.0,231.0,0.0,0.0,0.0,50.0,1.0,2025-01-20 18:19:15.000,2025-01-20 18:19:15.000,2025-01-20 18:19:15.000,48798963.0,25627.0,61397485.0,230.0,original,229.0,original,231.0,original,0.0,gap_too_large,0.0,gap_too_large,0.0,gap_too_large,50.0,original,1.0,original,48798963.0,original,25627.0,original,61397485.0,original,35246300.0,original,-114.0,original
3612652.0,37.0,2025-01-20 18:40:00,WITEL_AHU_L8,35246300.0,230.0,229.0,231.0,0.0,0.0,0.0,50.02,1.0,2025-01-20 18:39:22.000,2025-01-20 18:39:22.000,2025-01-20 18:39:22.000,48798963.0,25627.0,61397485.0,230.0,original,229.0,original,231.0,original,0.0,gap_too_large,0.0,gap_too_large,0.0,gap_too_large,50.02,original,1.0,original,48798963.0,original,25627.0,original,61397485.0,original,35246300.0,original,-102.0,original
3612688.0,37.0,2025-01-20 19:00:00,WITEL_AHU_L8,35246300.0,230.0,229.0,231.0,0.0,0.0,0.0,50.0,1.0,2025-01-20 18:59:11.000,2025-01-20 18:59:11.000,2025-01-20 18:59:11.000,48798963.0,25627.0,61397485.0,230.0,original,229.0,original,231.0,original,0.0,gap_too_large,0.0,gap_too_large,0.0,gap_too_large,50.0,original,1.0,original,48798963.0,original,25627.0,original,61397485.0,original,35246300.0,original,-119.0,original
3612731.0,37.0,2025-01-20 19:20:00,WITEL_AHU_L8,35246300.0,229.0,229.0,231.0,0.0,0.0,0.0,49.97,1.0,2025-01-20 19:19:11.000,2025-01-20 19:19:11.000,2025-01-20 19:19:11.000,48798963.0,25627.0,61397485.0,229.0,original,229.0,original,231.0,original,0.0,gap_too_large,0.0,gap_too_large,0.0,gap_too_large,49.97,original,1.0,original,48798963.0,original,25627.0,original,61397485.0,original,35246300.0,original,-103.0,original
3612777.0,37.0,2025-01-20 19:40:00,WITEL_AHU_L8,35246300.0,226.0,226.0,228.0,0.0,0.0,0.0,49.99,1.0,2025-01-20 19:39:06.000,2025-01-20 19:39:06.000,2025-01-20 19:39:06.000,48798963.0,25627.0,61397485.0,226.0,original,226.0,original,228.0,original,0.0,gap_too_large,0.0,gap_too_large,0.0,gap_too_large,49.99,original,1.0,original,48798963.0,original,25627.0,original,61397485.0,original,35246300.0,original,-112.0,original
3612826.0,37.0,2025-01-20 20:00:00,WITEL_AHU_L8,35246300.0,227.0,227.0,229.0,0.0,0.0,0.0,50.05,1.0,2025-01-20 19:59:24.000,2025-01-20 19:59:24.000,2025-01-20 19:59:24.000,48798963.0,25627.0,61397485.0,227.0,original,227.0,original,229.0,original,0.0,gap_too_large,0.0,gap_too_large,0.0,gap_too_large,50.05,original,1.0,original,48798963.0,original,25627.0,original,61397485.0,original,35246300.0,original,-116.0,original
3612872.0,37.0,2025-01-20 20:20:00,WITEL_AHU_L8,35246300.0,227.0,227.0,229.0,0.0,0.0,0.0,49.99,1.0,2025-01-20 20:19:18.000,2025-01-20 20:19:18.000,2025-01-20 20:19:18.000,48798963.0,25627.0,61397485.0,227.0,original,227.0,original,229.0,original,0.0,gap_too_large,0.0,gap_too_large,0.0,gap_too_large,49.99,original,1.0,original,48798963.0,original,25627.0,original,61397485.0,original,35246300.0,original,-121.0,original
3612913.0,37.0,2025-01-20 20:40:00,WITEL_AHU_L8,35246300.0,227.0,227.0,229.0,0.0,0.0,0.0,50.04,1.0,2025-01-20 20:39:17.000,2025-01-20 20:39:17.000,2025-01-20 20:39:17.000,48798963.0,25627.0,61397485.0,227.0,original,227.0,original,229.0,original,0.0,gap_too_large,0.0,gap_too_large,0.0,gap_too_large,50.04,original,1.0,original,48798963.0,original,25627.0,original,61397485.0,original,35246300.0,original,-117.0,original
3612959.0,37.0,2025-01-20 21:00:00,WITEL_AHU_L8,35246300.0,228.0,227.0,230.0,0.0,0.0,0.0,50.04,1.0,2025-01-20 20:59:20.000,2025-01-20 20:59:20.000,2025-01-20 20:59:20.000,48798963.0,25627.0,61397485.0,228.0,original,227.0,original,230.0,original,0.0,gap_too_large,0.0,gap_too_large,0.0,gap_too_large,50.04,original,1.0,original,48798963.0,original,25627.0,original,61397485.0,original,35246300.0,original,-121.0,original
3613010.0,37.0,2025-01-20 21:20:00,WITEL_AHU_L8,35246300.0,228.0,228.0,230.0,0.0,0.0,0.0,50.05,1.0,2025-01-20 21:29:02.000,2025-01-20 21:29:02.000,2025-01-20 21:29:02.000,48798963.0,25627.0,61397485.0,228.0,original,228.0,original,230.0,original,0.0,gap_too_large,0.0,gap_too_large,0.0,gap_too_large,50.05,original,1.0,original,48798963.0,original,25627.0,original,61397485.0,original,35246300.0,original,-107.0,original
3613049.0,37.0,2025-01-20 21:40:00,WITEL_AHU_L8,35246300.0,227.0,227.0,229.0,0.0,0.0,0.0,49.99,1.0,2025-01-20 21:49:07.000,2025-01-20 21:49:07.000,2025-01-20 21:49:07.000,48798963.0,25627.0,61397485.0,227.0,original,227.0,original,229.0,original,0.0,gap_too_large,0.0,gap_too_large,0.0,gap_too_large,49.99,original,1.0,original,48798963.0,original,25627.0,original,61397485.0,original,35246300.0,original,-101.0,original
3613075.0,37.0,2025-01-20 22:00:00,WITEL_AHU_L8,35246300.0,227.0,227.0,229.0,0.0,0.0,0.0,50.06,1.0,2025-01-20 21:59:18.000,2025-01-20 21:59:18.000,2025-01-20 21:59:18.000,48798963.0,25627.0,61397485.0,227.0,original,227.0,original,229.0,original,0.0,gap_too_large,0.0,gap_too_large,0.0,gap_too_large,50.06,original,1.0,original,48798963.0,original,25627.0,original,61397485.0,original,35246300.0,original,-102.0,original
3613075.0,,2025-01-20 22:20:00,WITEL_AHU_L8,35246300.0,226.5,226.0,228.5,0.0,0.0,0.0,50.050000000000004,1.0,,,,48798963.0,25627.0,61397485.0,226.5,interpolated,226.0,interpolated,228.5,interpolated,0.0,gap_too_large,0.0,gap_too_large,0.0,gap_too_large,50.050000000000004,interpolated,1.0,interpolated,48798963.0,interpolated,25627.0,interpolated,61397485.0,interpolated,35246300.0,interpolated,-105.5,interpolated
3613158.0,37.0,2025-01-20 22:40:00,WITEL_AHU_L8,35246300.0,226.0,225.0,228.0,0.0,0.0,0.0,50.04,1.0,2025-01-20 22:39:00.000,2025-01-20 22:39:00.000,2025-01-20 22:39:00.000,48798963.0,25627.0,61397485.0,226.0,original,225.0,original,228.0,original,0.0,gap_too_large,0.0,gap_too_large,0.0,gap_too_large,50.04,original,1.0,original,48798963.0,original,25627.0,original,61397485.0,original,35246300.0,original,-109.0,original
3613213.0,37.0,2025-01-20 23:00:00,WITEL_AHU_L8,35246300.0,226.0,226.0,228.0,0.0,0.0,0.0,49.99,1.0,2025-01-20 22:59:18.000,2025-01-20 22:59:18.000,2025-01-20 22:59:18.000,48798963.0,25627.0,61397485.0,226.0,original,226.0,original,228.0,original,0.0,gap_too_large,0.0,gap_too_large,0.0,gap_too_large,49.99,original,1.0,original,48798963.0,original,25627.0,original,61397485.0,original,35246300.0,original,-120.0,original
3613250.0,37.0,2025-01-20 23:20:00,WITEL_AHU_L8,35246300.0,226.0,226.0,228.0,0.0,0.0,0.0,49.96,1.0,2025-01-20 23:19:15.000,2025-01-20 23:19:15.000,2025-01-20 23:19:15.000,48798963.0,25627.0,61397485.0,226.0,original,226.0,original,228.0,original,0.0,gap_too_large,0.0,gap_too_large,0.0,gap_too_large,49.96,original,1.0,original,48798963.0,original,25627.0,original,61397485.0,original,35246300.0,original,-108.0,original
3613250.0,,2025-01-20 23:40:00,WITEL_AHU_L8,0.0,0.0,0.0,0.0,0.0,0.0,0.0,0.0,0.0,,,,0.0,0.0,0.0,0.0,gap_too_large,0.0,gap_too_large,0.0,gap_too_large,0.0,gap_too_large,0.0,gap_too_large,0.0,gap_too_large,0.0,gap_too_large,0.0,gap_too_large,0.0,gap_too_large,0.0,gap_too_large,0.0,gap_too_large,0.0,gap_too_large,0.0,gap_too_large
3613250.0,,2025-01-21 00:00:00,WITEL_AHU_L8,0.0,0.0,0.0,0.0,0.0,0.0,0.0,0.0,0.0,,,,0.0,0.0,0.0,0.0,gap_too_large,0.0,gap_too_large,0.0,gap_too_large,0.0,gap_too_large,0.0,gap_too_large,0.0,gap_too_large,0.0,gap_too_large,0.0,gap_too_large,0.0,gap_too_large,0.0,gap_too_large,0.0,gap_too_large,0.0,gap_too_large,0.0,gap_too_large
3613250.0,,2025-01-21 00:20:00,WITEL_AHU_L8,0.0,0.0,0.0,0.0,0.0,0.0,0.0,0.0,0.0,,,,0.0,0.0,0.0,0.0,gap_too_large,0.0,gap_too_large,0.0,gap_too_large,0.0,gap_too_large,0.0,gap_too_large,0.0,gap_too_large,0.0,gap_too_large,0.0,gap_too_large,0.0,gap_too_large,0.0,gap_too_large,0.0,gap_too_large,0.0,gap_too_large,0.0,gap_too_large
3613250.0,,2025-01-21 00:40:00,WITEL_AHU_L8,0.0,0.0,0.0,0.0,0.0,0.0,0.0,0.0,0.0,,,,0.0,0.0,0.0,0.0,gap_too_large,0.0,gap_too_large,0.0,gap_too_large,0.0,gap_too_large,0.0,gap_too_large,0.0,gap_too_large,0.0,gap_too_large,0.0,gap_too_large,0.0,gap_too_large,0.0,gap_too_large,0.0,gap_too_large,0.0,gap_too_large,0.0,gap_too_large
3613250.0,,2025-01-21 01:00:00,WITEL_AHU_L8,0.0,0.0,0.0,0.0,0.0,0.0,0.0,0.0,0.0,,,,0.0,0.0,0.0,0.0,gap_too_large,0.0,gap_too_large,0.0,gap_too_large,0.0,gap_too_large,0.0,gap_too_large,0.0,gap_too_large,0.0,gap_too_large,0.0,gap_too_large,0.0,gap_too_large,0.0,gap_too_large,0.0,gap_too_large,0.0,gap_too_large,0.0,gap_too_large
3613250.0,,2025-01-21 01:20:00,WITEL_AHU_L8,0.0,0.0,0.0,0.0,0.0,0.0,0.0,0.0,0.0,,,,0.0,0.0,0.0,0.0,gap_too_large,0.0,gap_too_large,0.0,gap_too_large,0.0,gap_too_large,0.0,gap_too_large,0.0,gap_too_large,0.0,gap_too_large,0.0,gap_too_large,0.0,gap_too_large,0.0,gap_too_large,0.0,gap_too_large,0.0,gap_too_large,0.0,gap_too_large
3613250.0,,2025-01-21 01:40:00,WITEL_AHU_L8,0.0,0.0,0.0,0.0,0.0,0.0,0.0,0.0,0.0,,,,0.0,0.0,0.0,0.0,gap_too_large,0.0,gap_too_large,0.0,gap_too_large,0.0,gap_too_large,0.0,gap_too_large,0.0,gap_too_large,0.0,gap_too_large,0.0,gap_too_large,0.0,gap_too_large,0.0,gap_too_large,0.0,gap_too_large,0.0,gap_too_large,0.0,gap_too_large
3613250.0,,2025-01-21 02:00:00,WITEL_AHU_L8,0.0,0.0,0.0,0.0,0.0,0.0,0.0,0.0,0.0,,,,0.0,0.0,0.0,0.0,gap_too_large,0.0,gap_too_large,0.0,gap_too_large,0.0,gap_too_large,0.0,gap_too_large,0.0,gap_too_large,0.0,gap_too_large,0.0,gap_too_large,0.0,gap_too_large,0.0,gap_too_large,0.0,gap_too_large,0.0,gap_too_large,0.0,gap_too_large
3613250.0,,2025-01-21 02:20:00,WITEL_AHU_L8,0.0,0.0,0.0,0.0,0.0,0.0,0.0,0.0,0.0,,,,0.0,0.0,0.0,0.0,gap_too_large,0.0,gap_too_large,0.0,gap_too_large,0.0,gap_too_large,0.0,gap_too_large,0.0,gap_too_large,0.0,gap_too_large,0.0,gap_too_large,0.0,gap_too_large,0.0,gap_too_large,0.0,gap_too_large,0.0,gap_too_large,0.0,gap_too_large
3613250.0,,2025-01-21 02:40:00,WITEL_AHU_L8,0.0,0.0,0.0,0.0,0.0,0.0,0.0,0.0,0.0,,,,0.0,0.0,0.0,0.0,gap_too_large,0.0,gap_too_large,0.0,gap_too_large,0.0,gap_too_large,0.0,gap_too_large,0.0,gap_too_large,0.0,gap_too_large,0.0,gap_too_large,0.0,gap_too_large,0.0,gap_too_large,0.0,gap_too_large,0.0,gap_too_large,0.0,gap_too_large
3613250.0,,2025-01-21 03:00:00,WITEL_AHU_L8,0.0,0.0,0.0,0.0,0.0,0.0,0.0,0.0,0.0,,,,0.0,0.0,0.0,0.0,gap_too_large,0.0,gap_too_large,0.0,gap_too_large,0.0,gap_too_large,0.0,gap_too_large,0.0,gap_too_large,0.0,gap_too_large,0.0,gap_too_large,0.0,gap_too_large,0.0,gap_too_large,0.0,gap_too_large,0.0,gap_too_large,0.0,gap_too_large
3613250.0,,2025-01-21 03:20:00,WITEL_AHU_L8,0.0,0.0,0.0,0.0,0.0,0.0,0.0,0.0,0.0,,,,0.0,0.0,0.0,0.0,gap_too_large,0.0,gap_too_large,0.0,gap_too_large,0.0,gap_too_large,0.0,gap_too_large,0.0,gap_too_large,0.0,gap_too_large,0.0,gap_too_large,0.0,gap_too_large,0.0,gap_too_large,0.0,gap_too_large,0.0,gap_too_large,0.0,gap_too_large
3613250.0,,2025-01-21 03:40:00,WITEL_AHU_L8,0.0,0.0,0.0,0.0,0.0,0.0,0.0,0.0,0.0,,,,0.0,0.0,0.0,0.0,gap_too_large,0.0,gap_too_large,0.0,gap_too_large,0.0,gap_too_large,0.0,gap_too_large,0.0,gap_too_large,0.0,gap_too_large,0.0,gap_too_large,0.0,gap_too_large,0.0,gap_too_large,0.0,gap_too_large,0.0,gap_too_large,0.0,gap_too_large
3613250.0,,2025-01-21 04:00:00,WITEL_AHU_L8,0.0,0.0,0.0,0.0,0.0,0.0,0.0,0.0,0.0,,,,0.0,0.0,0.0,0.0,gap_too_large,0.0,gap_too_large,0.0,gap_too_large,0.0,gap_too_large,0.0,gap_too_large,0.0,gap_too_large,0.0,gap_too_large,0.0,gap_too_large,0.0,gap_too_large,0.0,gap_too_large,0.0,gap_too_large,0.0,gap_too_large,0.0,gap_too_large
3613250.0,,2025-01-21 04:20:00,WITEL_AHU_L8,0.0,0.0,0.0,0.0,0.0,0.0,0.0,0.0,0.0,,,,0.0,0.0,0.0,0.0,gap_too_large,0.0,gap_too_large,0.0,gap_too_large,0.0,gap_too_large,0.0,gap_too_large,0.0,gap_too_large,0.0,gap_too_large,0.0,gap_too_large,0.0,gap_too_large,0.0,gap_too_large,0.0,gap_too_large,0.0,gap_too_large,0.0,gap_too_large
3613250.0,,2025-01-21 04:40:00,WITEL_AHU_L8,0.0,0.0,0.0,0.0,0.0,0.0,0.0,0.0,0.0,,,,0.0,0.0,0.0,0.0,gap_too_large,0.0,gap_too_large,0.0,gap_too_large,0.0,gap_too_large,0.0,gap_too_large,0.0,gap_too_large,0.0,gap_too_large,0.0,gap_too_large,0.0,gap_too_large,0.0,gap_too_large,0.0,gap_too_large,0.0,gap_too_large,0.0,gap_too_large
3613250.0,,2025-01-21 05:00:00,WITEL_AHU_L8,0.0,0.0,0.0,0.0,0.0,0.0,0.0,0.0,0.0,,,,0.0,0.0,0.0,0.0,gap_too_large,0.0,gap_too_large,0.0,gap_too_large,0.0,gap_too_large,0.0,gap_too_large,0.0,gap_too_large,0.0,gap_too_large,0.0,gap_too_large,0.0,gap_too_large,0.0,gap_too_large,0.0,gap_too_large,0.0,gap_too_large,0.0,gap_too_large
3613250.0,,2025-01-21 05:20:00,WITEL_AHU_L8,0.0,0.0,0.0,0.0,0.0,0.0,0.0,0.0,0.0,,,,0.0,0.0,0.0,0.0,gap_too_large,0.0,gap_too_large,0.0,gap_too_large,0.0,gap_too_large,0.0,gap_too_large,0.0,gap_too_large,0.0,gap_too_large,0.0,gap_too_large,0.0,gap_too_large,0.0,gap_too_large,0.0,gap_too_large,0.0,gap_too_large,0.0,gap_too_large
3613250.0,,2025-01-21 05:40:00,WITEL_AHU_L8,0.0,0.0,0.0,0.0,0.0,0.0,0.0,0.0,0.0,,,,0.0,0.0,0.0,0.0,gap_too_large,0.0,gap_too_large,0.0,gap_too_large,0.0,gap_too_large,0.0,gap_too_large,0.0,gap_too_large,0.0,gap_too_large,0.0,gap_too_large,0.0,gap_too_large,0.0,gap_too_large,0.0,gap_too_large,0.0,gap_too_large,0.0,gap_too_large
3613250.0,,2025-01-21 06:00:00,WITEL_AHU_L8,0.0,0.0,0.0,0.0,0.0,0.0,0.0,0.0,0.0,,,,0.0,0.0,0.0,0.0,gap_too_large,0.0,gap_too_large,0.0,gap_too_large,0.0,gap_too_large,0.0,gap_too_large,0.0,gap_too_large,0.0,gap_too_large,0.0,gap_too_large,0.0,gap_too_large,0.0,gap_too_large,0.0,gap_too_large,0.0,gap_too_large,0.0,gap_too_large
3613250.0,,2025-01-21 06:20:00,WITEL_AHU_L8,0.0,0.0,0.0,0.0,0.0,0.0,0.0,0.0,0.0,,,,0.0,0.0,0.0,0.0,gap_too_large,0.0,gap_too_large,0.0,gap_too_large,0.0,gap_too_large,0.0,gap_too_large,0.0,gap_too_large,0.0,gap_too_large,0.0,gap_too_large,0.0,gap_too_large,0.0,gap_too_large,0.0,gap_too_large,0.0,gap_too_large,0.0,gap_too_large
3613250.0,,2025-01-21 06:40:00,WITEL_AHU_L8,0.0,0.0,0.0,0.0,0.0,0.0,0.0,0.0,0.0,,,,0.0,0.0,0.0,0.0,gap_too_large,0.0,gap_too_large,0.0,gap_too_large,0.0,gap_too_large,0.0,gap_too_large,0.0,gap_too_large,0.0,gap_too_large,0.0,gap_too_large,0.0,gap_too_large,0.0,gap_too_large,0.0,gap_too_large,0.0,gap_too_large,0.0,gap_too_large
3613250.0,,2025-01-21 07:00:00,WITEL_AHU_L8,0.0,0.0,0.0,0.0,0.0,0.0,0.0,0.0,0.0,,,,0.0,0.0,0.0,0.0,gap_too_large,0.0,gap_too_large,0.0,gap_too_large,0.0,gap_too_large,0.0,gap_too_large,0.0,gap_too_large,0.0,gap_too_large,0.0,gap_too_large,0.0,gap_too_large,0.0,gap_too_large,0.0,gap_too_large,0.0,gap_too_large,0.0,gap_too_large
3614482.0,37.0,2025-01-21 07:20:00,WITEL_AHU_L8,35246300.0,225.0,225.0,227.0,0.0,0.0,0.0,50.04,1.0,2025-01-21 07:34:40.000,2025-01-21 07:34:40.000,2025-01-21 07:34:40.000,48798963.0,25627.0,61397485.0,225.0,original,225.0,original,227.0,original,0.0,gap_too_large,0.0,gap_too_large,0.0,gap_too_large,50.04,original,1.0,original,48798963.0,original,25627.0,original,61397485.0,original,35246300.0,original,-115.0,original
3614500.0,37.0,2025-01-21 07:40:00,WITEL_AHU_L8,35246300.0,225.0,224.0,227.0,0.0,0.0,0.0,50.03,1.0,2025-01-21 07:39:02.000,2025-01-21 07:39:02.000,2025-01-21 07:39:02.000,48798963.0,25627.0,61397485.0,225.0,original,224.0,original,227.0,original,0.0,gap_too_large,0.0,gap_too_large,0.0,gap_too_large,50.03,original,1.0,original,48798963.0,original,25627.0,original,61397485.0,original,35246300.0,original,-117.0,original
3614500.0,,2025-01-21 08:00:00,WITEL_AHU_L8,35246300.0,225.5,224.5,227.5,0.0,0.0,0.0,50.0,1.0,,,,48798963.0,25627.0,61397485.0,225.5,interpolated,224.5,interpolated,227.5,interpolated,0.0,gap_too_large,0.0,gap_too_large,0.0,gap_too_large,50.0,interpolated,1.0,interpolated,48798963.0,interpolated,25627.0,interpolated,61397485.0,interpolated,35246300.0,interpolated,-118.0,interpolated
3614590.0,37.0,2025-01-21 08:20:00,WITEL_AHU_L8,35246300.0,226.0,225.0,228.0,0.0,0.0,0.0,49.97,1.0,2025-01-21 08:19:06.000,2025-01-21 08:19:06.000,2025-01-21 08:19:06.000,48798963.0,25627.0,61397485.0,226.0,original,225.0,original,228.0,original,0.0,gap_too_large,0.0,gap_too_large,0.0,gap_too_large,49.97,original,1.0,original,48798963.0,original,25627.0,original,61397485.0,original,35246300.0,original,-119.0,original
3614672.0,37.0,2025-01-21 08:40:00,WITEL_AHU_L8,35246300.0,223.0,222.0,224.0,0.0,0.0,0.0,49.99,1.0,2025-01-21 08:49:24.000,2025-01-21 08:49:24.000,2025-01-21 08:49:24.000,48798963.0,25627.0,61397485.0,223.0,original,222.0,original,224.0,original,0.0,gap_too_large,0.0,gap_too_large,0.0,gap_too_large,49.99,original,1.0,original,48798963.0,original,25627.0,original,61397485.0,original,35246300.0,original,-118.0,original
3614688.0,37.0,2025-01-21 09:00:00,WITEL_AHU_L8,35246300.0,225.0,224.0,227.0,0.0,0.0,0.0,50.05,1.0,2025-01-21 08:59:01.000,2025-01-21 08:59:01.000,2025-01-21 08:59:01.000,48798963.0,25627.0,61397485.0,225.0,original,224.0,original,227.0,original,0.0,gap_too_large,0.0,gap_too_large,0.0,gap_too_large,50.05,original,1.0,original,48798963.0,original,25627.0,original,61397485.0,original,35246300.0,original,-99.0,original
3614767.0,37.0,2025-01-21 09:20:00,WITEL_AHU_L8,35246300.0,224.0,223.0,226.0,0.0,0.0,0.0,50.01,1.0,2025-01-21 09:29:14.000,2025-01-21 09:29:14.000,2025-01-21 09:29:14.000,48798963.0,25627.0,61397485.0,224.0,original,223.0,original,226.0,original,0.0,gap_too_large,0.0,gap_too_large,0.0,gap_too_large,50.01,original,1.0,original,48798963.0,original,25627.0,original,61397485.0,original,35246300.0,original,-103.0,original
3614788.0,37.0,2025-01-21 09:40:00,WITEL_AHU_L8,35246300.0,225.0,224.0,226.0,0.0,0.0,0.0,50.07,1.0,2025-01-21 09:39:00.000,2025-01-21 09:39:00.000,2025-01-21 09:39:00.000,48798963.0,25627.0,61397485.0,225.0,original,224.0,original,226.0,original,0.0,gap_too_large,0.0,gap_too_large,0.0,gap_too_large,50.07,original,1.0,original,48798963.0,original,25627.0,original,61397485.0,original,35246300.0,original,-118.0,original
3614840.0,37.0,2025-01-21 10:00:00,WITEL_AHU_L8,35246300.0,225.0,223.0,226.0,0.0,0.0,0.0,50.04,1.0,2025-01-21 09:59:02.000,2025-01-21 09:59:02.000,2025-01-21 09:59:02.000,48798963.0,25627.0,61397485.0,225.0,original,223.0,original,226.0,original,0.0,gap_too_large,0.0,gap_too_large,0.0,gap_too_large,50.04,original,1.0,original,48798963.0,original,25627.0,original,61397485.0,original,35246300.0,original,-108.0,original
3614892.0,37.0,2025-01-21 10:20:00,WITEL_AHU_L8,35246300.0,223.0,222.0,225.0,0.0,0.0,0.0,50.03,1.0,2025-01-21 10:19:12.000,2025-01-21 10:19:12.000,2025-01-21 10:19:12.000,48798963.0,25627.0,61397485.0,223.0,original,222.0,original,225.0,original,0.0,gap_too_large,0.0,gap_too_large,0.0,gap_too_large,50.03,original,1.0,original,48798963.0,original,25627.0,original,61397485.0,original,35246300.0,original,-114.0,original
3614956.0,37.0,2025-01-21 10:40:00,WITEL_AHU_L8,35246300.0,224.0,223.0,226.0,0.0,0.0,0.0,50.04,1.0,2025-01-21 10:49:04.000,2025-01-21 10:49:04.000,2025-01-21 10:49:04.000,48798963.0,25627.0,61397485.0,224.0,original,223.0,original,226.0,original,0.0,gap_too_large,0.0,gap_too_large,0.0,gap_too_large,50.04,original,1.0,original,48798963.0,original,25627.0,original,61397485.0,original,35246300.0,original,-101.0,original
3614993.0,37.0,2025-01-21 11:00:00,WITEL_AHU_L8,35246300.0,224.0,223.0,225.0,0.0,0.0,0.0,49.99,1.0,2025-01-21 10:59:22.000,2025-01-21 10:59:22.000,2025-01-21 10:59:22.000,48798963.0,25627.0,61397485.0,224.0,original,223.0,original,225.0,original,0.0,gap_too_large,0.0,gap_too_large,0.0,gap_too_large,49.99,original,1.0,original,48798963.0,original,25627.0,original,61397485.0,original,35246300.0,original,-101.0,original
3615047.0,37.0,2025-01-21 11:20:00,WITEL_AHU_L8,35246300.0,224.0,222.0,225.0,0.0,0.0,0.0,49.99,1.0,2025-01-21 11:29:06.000,2025-01-21 11:29:06.000,2025-01-21 11:29:06.000,48798963.0,25627.0,61397485.0,224.0,original,222.0,original,225.0,original,0.0,gap_too_large,0.0,gap_too_large,0.0,gap_too_large,49.99,original,1.0,original,48798963.0,original,25627.0,original,61397485.0,original,35246300.0,original,-114.0,original
3615078.0,37.0,2025-01-21 11:40:00,WITEL_AHU_L8,35246300.0,225.0,223.0,226.0,0.0,0.0,0.0,50.03,1.0,2025-01-21 11:39:11.000,2025-01-21 11:39:11.000,2025-01-21 11:39:11.000,48798963.0,25627.0,61397485.0,225.0,original,223.0,original,226.0,original,0.0,gap_too_large,0.0,gap_too_large,0.0,gap_too_large,50.03,original,1.0,original,48798963.0,original,25627.0,original,61397485.0,original,35246300.0,original,-91.0,original
3615078.0,,2025-01-21 12:00:00,WITEL_AHU_L8,35246300.0,226.0,224.5,227.5,0.0,0.0,0.0,50.025000000000006,1.0,,,,48798963.0,25627.0,61397485.0,226.0,interpolated,224.5,interpolated,227.5,interpolated,0.0,gap_too_large,0.0,gap_too_large,0.0,gap_too_large,50.025000000000006,interpolated,1.0,interpolated,48798963.0,interpolated,25627.0,interpolated,61397485.0,interpolated,35246300.0,interpolated,-105.0,interpolated
3615173.0,37.0,2025-01-21 12:20:00,WITEL_AHU_L8,35246300.0,227.0,226.0,229.0,0.0,0.0,0.0,50.02,1.0,2025-01-21 12:19:14.000,2025-01-21 12:19:14.000,2025-01-21 12:19:14.000,48798963.0,25627.0,61397485.0,227.0,original,226.0,original,229.0,original,0.0,gap_too_large,0.0,gap_too_large,0.0,gap_too_large,50.02,original,1.0,original,48798963.0,original,25627.0,original,61397485.0,original,35246300.0,original,-119.0,original
3615232.0,37.0,2025-01-21 12:40:00,WITEL_AHU_L8,35246300.0,226.0,225.0,228.0,0.0,0.0,0.0,50.0,1.0,2025-01-21 12:49:07.000,2025-01-21 12:49:07.000,2025-01-21 12:49:07.000,48798963.0,25627.0,61397485.0,226.0,original,225.0,original,228.0,original,0.0,gap_too_large,0.0,gap_too_large,0.0,gap_too_large,50.0,original,1.0,original,48798963.0,original,25627.0,original,61397485.0,original,35246300.0,original,-98.0,original
3615261.0,37.0,2025-01-21 13:00:00,WITEL_AHU_L8,35246300.0,226.0,225.0,227.0,0.0,0.0,0.0,50.04,1.0,2025-01-21 12:59:14.000,2025-01-21 12:59:14.000,2025-01-21 12:59:14.000,48798963.0,25627.0,61397485.0,226.0,original,225.0,original,227.0,original,0.0,gap_too_large,0.0,gap_too_large,0.0,gap_too_large,50.04,original,1.0,original,48798963.0,original,25627.0,original,61397485.0,original,35246300.0,original,-117.0,original
3615300.0,37.0,2025-01-21 13:20:00,WITEL_AHU_L8,35246300.0,223.0,222.0,225.0,0.0,0.0,0.0,50.03,1.0,2025-01-21 13:19:06.000,2025-01-21 13:19:06.000,2025-01-21 13:19:06.000,48798963.0,25627.0,61397485.0,223.0,original,222.0,original,225.0,original,0.0,gap_too_large,0.0,gap_too_large,0.0,gap_too_large,50.03,original,1.0,original,48798963.0,original,25627.0,original,61397485.0,original,35246300.0,original,-114.0,original
3615348.0,37.0,2025-01-21 13:40:00,WITEL_AHU_L8,35246300.0,223.0,222.0,225.0,0.0,0.0,0.0,50.02,1.0,2025-01-21 13:39:22.000,2025-01-21 13:39:22.000,2025-01-21 13:39:22.000,48798963.0,25627.0,61397485.0,223.0,original,222.0,original,225.0,original,0.0,gap_too_large,0.0,gap_too_large,0.0,gap_too_large,50.02,original,1.0,original,48798963.0,original,25627.0,original,61397485.0,original,35246300.0,original,-102.0,original
3615398.0,37.0,2025-01-21 14:00:00,WITEL_AHU_L8,35246300.0,222.0,221.0,224.0,0.0,0.0,0.0,50.01,1.0,2025-01-21 14:09:02.000,2025-01-21 14:09:02.000,2025-01-21 14:09:02.000,48798963.0,25627.0,61397485.0,222.0,original,221.0,original,224.0,original,0.0,gap_too_large,0.0,gap_too_large,0.0,gap_too_large,50.01,original,1.0,original,48798963.0,original,25627.0,original,61397485.0,original,35246300.0,original,-103.0,original
3615453.0,37.0,2025-01-21 14:20:00,WITEL_AHU_L8,35246300.0,225.0,224.0,226.0,0.0,0.0,0.0,50.06,1.0,2025-01-21 14:29:20.000,2025-01-21 14:29:20.000,2025-01-21 14:29:20.000,48798963.0,25627.0,61397485.0,225.0,original,224.0,original,226.0,original,0.0,gap_too_large,0.0,gap_too_large,0.0,gap_too_large,50.06,original,1.0,original,48798963.0,original,25627.0,original,61397485.0,original,35246300.0,original,-107.0,original
3615473.0,37.0,2025-01-21 14:40:00,WITEL_AHU_L8,35246300.0,225.0,224.0,227.0,0.0,0.0,0.0,50.01,1.0,2025-01-21 14:39:18.000,2025-01-21 14:39:18.000,2025-01-21 14:39:18.000,48798963.0,25627.0,61397485.0,225.0,original,224.0,original,227.0,original,0.0,gap_too_large,0.0,gap_too_large,0.0,gap_too_large,50.01,original,1.0,original,48798963.0,original,25627.0,original,61397485.0,original,35246300.0,original,-106.0,original
3615525.0,37.0,2025-01-21 15:00:00,WITEL_AHU_L8,35246300.0,226.0,225.0,228.0,0.0,0.0,0.0,49.98,1.0,2025-01-21 14:59:20.000,2025-01-21 14:59:20.000,2025-01-21 14:59:20.000,48798963.0,25627.0,61397485.0,226.0,original,225.0,original,228.0,original,0.0,gap_too_large,0.0,gap_too_large,0.0,gap_too_large,49.98,original,1.0,original,48798963.0,original,25627.0,original,61397485.0,original,35246300.0,original,-119.0,original
3615561.0,37.0,2025-01-21 15:20:00,WITEL_AHU_L8,35246300.0,226.0,225.0,227.0,0.0,0.0,0.0,50.03,1.0,2025-01-21 15:19:03.000,2025-01-21 15:19:03.000,2025-01-21 15:19:03.000,48798963.0,25627.0,61397485.0,226.0,original,225.0,original,227.0,original,0.0,gap_too_large,0.0,gap_too_large,0.0,gap_too_large,50.03,original,1.0,original,48798963.0,original,25627.0,original,61397485.0,original,35246300.0,original,-108.0,original
3615561.0,,2025-01-21 15:40:00,WITEL_AHU_L8,0.0,0.0,0.0,0.0,0.0,0.0,0.0,0.0,0.0,,,,0.0,0.0,0.0,0.0,gap_too_large,0.0,gap_too_large,0.0,gap_too_large,0.0,gap_too_large,0.0,gap_too_large,0.0,gap_too_large,0.0,gap_too_large,0.0,gap_too_large,0.0,gap_too_large,0.0,gap_too_large,0.0,gap_too_large,0.0,gap_too_large,0.0,gap_too_large
3615561.0,,2025-01-21 16:00:00,WITEL_AHU_L8,0.0,0.0,0.0,0.0,0.0,0.0,0.0,0.0,0.0,,,,0.0,0.0,0.0,0.0,gap_too_large,0.0,gap_too_large,0.0,gap_too_large,0.0,gap_too_large,0.0,gap_too_large,0.0,gap_too_large,0.0,gap_too_large,0.0,gap_too_large,0.0,gap_too_large,0.0,gap_too_large,0.0,gap_too_large,0.0,gap_too_large,0.0,gap_too_large
3615561.0,,2025-01-21 16:20:00,WITEL_AHU_L8,0.0,0.0,0.0,0.0,0.0,0.0,0.0,0.0,0.0,,,,0.0,0.0,0.0,0.0,gap_too_large,0.0,gap_too_large,0.0,gap_too_large,0.0,gap_too_large,0.0,gap_too_large,0.0,gap_too_large,0.0,gap_too_large,0.0,gap_too_large,0.0,gap_too_large,0.0,gap_too_large,0.0,gap_too_large,0.0,gap_too_large,0.0,gap_too_large
3615561.0,,2025-01-21 16:40:00,WITEL_AHU_L8,0.0,0.0,0.0,0.0,0.0,0.0,0.0,0.0,0.0,,,,0.0,0.0,0.0,0.0,gap_too_large,0.0,gap_too_large,0.0,gap_too_large,0.0,gap_too_large,0.0,gap_too_large,0.0,gap_too_large,0.0,gap_too_large,0.0,gap_too_large,0.0,gap_too_large,0.0,gap_too_large,0.0,gap_too_large,0.0,gap_too_large,0.0,gap_too_large
3615561.0,,2025-01-21 17:00:00,WITEL_AHU_L8,0.0,0.0,0.0,0.0,0.0,0.0,0.0,0.0,0.0,,,,0.0,0.0,0.0,0.0,gap_too_large,0.0,gap_too_large,0.0,gap_too_large,0.0,gap_too_large,0.0,gap_too_large,0.0,gap_too_large,0.0,gap_too_large,0.0,gap_too_large,0.0,gap_too_large,0.0,gap_too_large,0.0,gap_too_large,0.0,gap_too_large,0.0,gap_too_large
3615561.0,,2025-01-21 17:20:00,WITEL_AHU_L8,0.0,0.0,0.0,0.0,0.0,0.0,0.0,0.0,0.0,,,,0.0,0.0,0.0,0.0,gap_too_large,0.0,gap_too_large,0.0,gap_too_large,0.0,gap_too_large,0.0,gap_too_large,0.0,gap_too_large,0.0,gap_too_large,0.0,gap_too_large,0.0,gap_too_large,0.0,gap_too_large,0.0,gap_too_large,0.0,gap_too_large,0.0,gap_too_large
3615561.0,,2025-01-21 17:40:00,WITEL_AHU_L8,0.0,0.0,0.0,0.0,0.0,0.0,0.0,0.0,0.0,,,,0.0,0.0,0.0,0.0,gap_too_large,0.0,gap_too_large,0.0,gap_too_large,0.0,gap_too_large,0.0,gap_too_large,0.0,gap_too_large,0.0,gap_too_large,0.0,gap_too_large,0.0,gap_too_large,0.0,gap_too_large,0.0,gap_too_large,0.0,gap_too_large,0.0,gap_too_large
3615561.0,,2025-01-21 18:00:00,WITEL_AHU_L8,0.0,0.0,0.0,0.0,0.0,0.0,0.0,0.0,0.0,,,,0.0,0.0,0.0,0.0,gap_too_large,0.0,gap_too_large,0.0,gap_too_large,0.0,gap_too_large,0.0,gap_too_large,0.0,gap_too_large,0.0,gap_too_large,0.0,gap_too_large,0.0,gap_too_large,0.0,gap_too_large,0.0,gap_too_large,0.0,gap_too_large,0.0,gap_too_large
3615561.0,,2025-01-21 18:20:00,WITEL_AHU_L8,0.0,0.0,0.0,0.0,0.0,0.0,0.0,0.0,0.0,,,,0.0,0.0,0.0,0.0,gap_too_large,0.0,gap_too_large,0.0,gap_too_large,0.0,gap_too_large,0.0,gap_too_large,0.0,gap_too_large,0.0,gap_too_large,0.0,gap_too_large,0.0,gap_too_large,0.0,gap_too_large,0.0,gap_too_large,0.0,gap_too_large,0.0,gap_too_large
3615561.0,,2025-01-21 18:40:00,WITEL_AHU_L8,0.0,0.0,0.0,0.0,0.0,0.0,0.0,0.0,0.0,,,,0.0,0.0,0.0,0.0,gap_too_large,0.0,gap_too_large,0.0,gap_too_large,0.0,gap_too_large,0.0,gap_too_large,0.0,gap_too_large,0.0,gap_too_large,0.0,gap_too_large,0.0,gap_too_large,0.0,gap_too_large,0.0,gap_too_large,0.0,gap_too_large,0.0,gap_too_large
3615561.0,,2025-01-21 19:00:00,WITEL_AHU_L8,0.0,0.0,0.0,0.0,0.0,0.0,0.0,0.0,0.0,,,,0.0,0.0,0.0,0.0,gap_too_large,0.0,gap_too_large,0.0,gap_too_large,0.0,gap_too_large,0.0,gap_too_large,0.0,gap_too_large,0.0,gap_too_large,0.0,gap_too_large,0.0,gap_too_large,0.0,gap_too_large,0.0,gap_too_large,0.0,gap_too_large,0.0,gap_too_large
3615561.0,,2025-01-21 19:20:00,WITEL_AHU_L8,0.0,0.0,0.0,0.0,0.0,0.0,0.0,0.0,0.0,,,,0.0,0.0,0.0,0.0,gap_too_large,0.0,gap_too_large,0.0,gap_too_large,0.0,gap_too_large,0.0,gap_too_large,0.0,gap_too_large,0.0,gap_too_large,0.0,gap_too_large,0.0,gap_too_large,0.0,gap_too_large,0.0,gap_too_large,0.0,gap_too_large,0.0,gap_too_large
3615561.0,,2025-01-21 19:40:00,WITEL_AHU_L8,0.0,0.0,0.0,0.0,0.0,0.0,0.0,0.0,0.0,,,,0.0,0.0,0.0,0.0,gap_too_large,0.0,gap_too_large,0.0,gap_too_large,0.0,gap_too_large,0.0,gap_too_large,0.0,gap_too_large,0.0,gap_too_large,0.0,gap_too_large,0.0,gap_too_large,0.0,gap_too_large,0.0,gap_too_large,0.0,gap_too_large,0.0,gap_too_large
3615561.0,,2025-01-21 20:00:00,WITEL_AHU_L8,0.0,0.0,0.0,0.0,0.0,0.0,0.0,0.0,0.0,,,,0.0,0.0,0.0,0.0,gap_too_large,0.0,gap_too_large,0.0,gap_too_large,0.0,gap_too_large,0.0,gap_too_large,0.0,gap_too_large,0.0,gap_too_large,0.0,gap_too_large,0.0,gap_too_large,0.0,gap_too_large,0.0,gap_too_large,0.0,gap_too_large,0.0,gap_too_large
3615561.0,,2025-01-21 20:20:00,WITEL_AHU_L8,0.0,0.0,0.0,0.0,0.0,0.0,0.0,0.0,0.0,,,,0.0,0.0,0.0,0.0,gap_too_large,0.0,gap_too_large,0.0,gap_too_large,0.0,gap_too_large,0.0,gap_too_large,0.0,gap_too_large,0.0,gap_too_large,0.0,gap_too_large,0.0,gap_too_large,0.0,gap_too_large,0.0,gap_too_large,0.0,gap_too_large,0.0,gap_too_large
3615561.0,,2025-01-21 20:40:00,WITEL_AHU_L8,0.0,0.0,0.0,0.0,0.0,0.0,0.0,0.0,0.0,,,,0.0,0.0,0.0,0.0,gap_too_large,0.0,gap_too_large,0.0,gap_too_large,0.0,gap_too_large,0.0,gap_too_large,0.0,gap_too_large,0.0,gap_too_large,0.0,gap_too_large,0.0,gap_too_large,0.0,gap_too_large,0.0,gap_too_large,0.0,gap_too_large,0.0,gap_too_large
3615561.0,,2025-01-21 21:00:00,WITEL_AHU_L8,0.0,0.0,0.0,0.0,0.0,0.0,0.0,0.0,0.0,,,,0.0,0.0,0.0,0.0,gap_too_large,0.0,gap_too_large,0.0,gap_too_large,0.0,gap_too_large,0.0,gap_too_large,0.0,gap_too_large,0.0,gap_too_large,0.0,gap_too_large,0.0,gap_too_large,0.0,gap_too_large,0.0,gap_too_large,0.0,gap_too_large,0.0,gap_too_large
3615561.0,,2025-01-21 21:20:00,WITEL_AHU_L8,0.0,0.0,0.0,0.0,0.0,0.0,0.0,0.0,0.0,,,,0.0,0.0,0.0,0.0,gap_too_large,0.0,gap_too_large,0.0,gap_too_large,0.0,gap_too_large,0.0,gap_too_large,0.0,gap_too_large,0.0,gap_too_large,0.0,gap_too_large,0.0,gap_too_large,0.0,gap_too_large,0.0,gap_too_large,0.0,gap_too_large,0.0,gap_too_large
3615561.0,,2025-01-21 21:40:00,WITEL_AHU_L8,0.0,0.0,0.0,0.0,0.0,0.0,0.0,0.0,0.0,,,,0.0,0.0,0.0,0.0,gap_too_large,0.0,gap_too_large,0.0,gap_too_large,0.0,gap_too_large,0.0,gap_too_large,0.0,gap_too_large,0.0,gap_too_large,0.0,gap_too_large,0.0,gap_too_large,0.0,gap_too_large,0.0,gap_too_large,0.0,gap_too_large,0.0,gap_too_large
3615561.0,,2025-01-21 22:00:00,WITEL_AHU_L8,0.0,0.0,0.0,0.0,0.0,0.0,0.0,0.0,0.0,,,,0.0,0.0,0.0,0.0,gap_too_large,0.0,gap_too_large,0.0,gap_too_large,0.0,gap_too_large,0.0,gap_too_large,0.0,gap_too_large,0.0,gap_too_large,0.0,gap_too_large,0.0,gap_too_large,0.0,gap_too_large,0.0,gap_too_large,0.0,gap_too_large,0.0,gap_too_large
3615561.0,,2025-01-21 22:20:00,WITEL_AHU_L8,0.0,0.0,0.0,0.0,0.0,0.0,0.0,0.0,0.0,,,,0.0,0.0,0.0,0.0,gap_too_large,0.0,gap_too_large,0.0,gap_too_large,0.0,gap_too_large,0.0,gap_too_large,0.0,gap_too_large,0.0,gap_too_large,0.0,gap_too_large,0.0,gap_too_large,0.0,gap_too_large,0.0,gap_too_large,0.0,gap_too_large,0.0,gap_too_large
3615561.0,,2025-01-21 22:40:00,WITEL_AHU_L8,0.0,0.0,0.0,0.0,0.0,0.0,0.0,0.0,0.0,,,,0.0,0.0,0.0,0.0,gap_too_large,0.0,gap_too_large,0.0,gap_too_large,0.0,gap_too_large,0.0,gap_too_large,0.0,gap_too_large,0.0,gap_too_large,0.0,gap_too_large,0.0,gap_too_large,0.0,gap_too_large,0.0,gap_too_large,0.0,gap_too_large,0.0,gap_too_large
3615561.0,,2025-01-21 23:00:00,WITEL_AHU_L8,0.0,0.0,0.0,0.0,0.0,0.0,0.0,0.0,0.0,,,,0.0,0.0,0.0,0.0,gap_too_large,0.0,gap_too_large,0.0,gap_too_large,0.0,gap_too_large,0.0,gap_too_large,0.0,gap_too_large,0.0,gap_too_large,0.0,gap_too_large,0.0,gap_too_large,0.0,gap_too_large,0.0,gap_too_large,0.0,gap_too_large,0.0,gap_too_large
3615561.0,,2025-01-21 23:20:00,WITEL_AHU_L8,0.0,0.0,0.0,0.0,0.0,0.0,0.0,0.0,0.0,,,,0.0,0.0,0.0,0.0,gap_too_large,0.0,gap_too_large,0.0,gap_too_large,0.0,gap_too_large,0.0,gap_too_large,0.0,gap_too_large,0.0,gap_too_large,0.0,gap_too_large,0.0,gap_too_large,0.0,gap_too_large,0.0,gap_too_large,0.0,gap_too_large,0.0,gap_too_large
3615561.0,,2025-01-21 23:40:00,WITEL_AHU_L8,0.0,0.0,0.0,0.0,0.0,0.0,0.0,0.0,0.0,,,,0.0,0.0,0.0,0.0,gap_too_large,0.0,gap_too_large,0.0,gap_too_large,0.0,gap_too_large,0.0,gap_too_large,0.0,gap_too_large,0.0,gap_too_large,0.0,gap_too_large,0.0,gap_too_large,0.0,gap_too_large,0.0,gap_too_large,0.0,gap_too_large,0.0,gap_too_large
3615561.0,,2025-01-22 00:00:00,WITEL_AHU_L8,0.0,0.0,0.0,0.0,0.0,0.0,0.0,0.0,0.0,,,,0.0,0.0,0.0,0.0,gap_too_large,0.0,gap_too_large,0.0,gap_too_large,0.0,gap_too_large,0.0,gap_too_large,0.0,gap_too_large,0.0,gap_too_large,0.0,gap_too_large,0.0,gap_too_large,0.0,gap_too_large,0.0,gap_too_large,0.0,gap_too_large,0.0,gap_too_large
3615561.0,,2025-01-22 00:20:00,WITEL_AHU_L8,0.0,0.0,0.0,0.0,0.0,0.0,0.0,0.0,0.0,,,,0.0,0.0,0.0,0.0,gap_too_large,0.0,gap_too_large,0.0,gap_too_large,0.0,gap_too_large,0.0,gap_too_large,0.0,gap_too_large,0.0,gap_too_large,0.0,gap_too_large,0.0,gap_too_large,0.0,gap_too_large,0.0,gap_too_large,0.0,gap_too_large,0.0,gap_too_large
3615561.0,,2025-01-22 00:40:00,WITEL_AHU_L8,0.0,0.0,0.0,0.0,0.0,0.0,0.0,0.0,0.0,,,,0.0,0.0,0.0,0.0,gap_too_large,0.0,gap_too_large,0.0,gap_too_large,0.0,gap_too_large,0.0,gap_too_large,0.0,gap_too_large,0.0,gap_too_large,0.0,gap_too_large,0.0,gap_too_large,0.0,gap_too_large,0.0,gap_too_large,0.0,gap_too_large,0.0,gap_too_large
3615561.0,,2025-01-22 01:00:00,WITEL_AHU_L8,0.0,0.0,0.0,0.0,0.0,0.0,0.0,0.0,0.0,,,,0.0,0.0,0.0,0.0,gap_too_large,0.0,gap_too_large,0.0,gap_too_large,0.0,gap_too_large,0.0,gap_too_large,0.0,gap_too_large,0.0,gap_too_large,0.0,gap_too_large,0.0,gap_too_large,0.0,gap_too_large,0.0,gap_too_large,0.0,gap_too_large,0.0,gap_too_large
3615561.0,,2025-01-22 01:20:00,WITEL_AHU_L8,0.0,0.0,0.0,0.0,0.0,0.0,0.0,0.0,0.0,,,,0.0,0.0,0.0,0.0,gap_too_large,0.0,gap_too_large,0.0,gap_too_large,0.0,gap_too_large,0.0,gap_too_large,0.0,gap_too_large,0.0,gap_too_large,0.0,gap_too_large,0.0,gap_too_large,0.0,gap_too_large,0.0,gap_too_large,0.0,gap_too_large,0.0,gap_too_large
3615561.0,,2025-01-22 01:40:00,WITEL_AHU_L8,0.0,0.0,0.0,0.0,0.0,0.0,0.0,0.0,0.0,,,,0.0,0.0,0.0,0.0,gap_too_large,0.0,gap_too_large,0.0,gap_too_large,0.0,gap_too_large,0.0,gap_too_large,0.0,gap_too_large,0.0,gap_too_large,0.0,gap_too_large,0.0,gap_too_large,0.0,gap_too_large,0.0,gap_too_large,0.0,gap_too_large,0.0,gap_too_large
3615561.0,,2025-01-22 02:00:00,WITEL_AHU_L8,0.0,0.0,0.0,0.0,0.0,0.0,0.0,0.0,0.0,,,,0.0,0.0,0.0,0.0,gap_too_large,0.0,gap_too_large,0.0,gap_too_large,0.0,gap_too_large,0.0,gap_too_large,0.0,gap_too_large,0.0,gap_too_large,0.0,gap_too_large,0.0,gap_too_large,0.0,gap_too_large,0.0,gap_too_large,0.0,gap_too_large,0.0,gap_too_large
3615561.0,,2025-01-22 02:20:00,WITEL_AHU_L8,0.0,0.0,0.0,0.0,0.0,0.0,0.0,0.0,0.0,,,,0.0,0.0,0.0,0.0,gap_too_large,0.0,gap_too_large,0.0,gap_too_large,0.0,gap_too_large,0.0,gap_too_large,0.0,gap_too_large,0.0,gap_too_large,0.0,gap_too_large,0.0,gap_too_large,0.0,gap_too_large,0.0,gap_too_large,0.0,gap_too_large,0.0,gap_too_large
3615561.0,,2025-01-22 02:40:00,WITEL_AHU_L8,0.0,0.0,0.0,0.0,0.0,0.0,0.0,0.0,0.0,,,,0.0,0.0,0.0,0.0,gap_too_large,0.0,gap_too_large,0.0,gap_too_large,0.0,gap_too_large,0.0,gap_too_large,0.0,gap_too_large,0.0,gap_too_large,0.0,gap_too_large,0.0,gap_too_large,0.0,gap_too_large,0.0,gap_too_large,0.0,gap_too_large,0.0,gap_too_large
3615561.0,,2025-01-22 03:00:00,WITEL_AHU_L8,0.0,0.0,0.0,0.0,0.0,0.0,0.0,0.0,0.0,,,,0.0,0.0,0.0,0.0,gap_too_large,0.0,gap_too_large,0.0,gap_too_large,0.0,gap_too_large,0.0,gap_too_large,0.0,gap_too_large,0.0,gap_too_large,0.0,gap_too_large,0.0,gap_too_large,0.0,gap_too_large,0.0,gap_too_large,0.0,gap_too_large,0.0,gap_too_large
3615561.0,,2025-01-22 03:20:00,WITEL_AHU_L8,0.0,0.0,0.0,0.0,0.0,0.0,0.0,0.0,0.0,,,,0.0,0.0,0.0,0.0,gap_too_large,0.0,gap_too_large,0.0,gap_too_large,0.0,gap_too_large,0.0,gap_too_large,0.0,gap_too_large,0.0,gap_too_large,0.0,gap_too_large,0.0,gap_too_large,0.0,gap_too_large,0.0,gap_too_large,0.0,gap_too_large,0.0,gap_too_large
3615561.0,,2025-01-22 03:40:00,WITEL_AHU_L8,0.0,0.0,0.0,0.0,0.0,0.0,0.0,0.0,0.0,,,,0.0,0.0,0.0,0.0,gap_too_large,0.0,gap_too_large,0.0,gap_too_large,0.0,gap_too_large,0.0,gap_too_large,0.0,gap_too_large,0.0,gap_too_large,0.0,gap_too_large,0.0,gap_too_large,0.0,gap_too_large,0.0,gap_too_large,0.0,gap_too_large,0.0,gap_too_large
3615561.0,,2025-01-22 04:00:00,WITEL_AHU_L8,0.0,0.0,0.0,0.0,0.0,0.0,0.0,0.0,0.0,,,,0.0,0.0,0.0,0.0,gap_too_large,0.0,gap_too_large,0.0,gap_too_large,0.0,gap_too_large,0.0,gap_too_large,0.0,gap_too_large,0.0,gap_too_large,0.0,gap_too_large,0.0,gap_too_large,0.0,gap_too_large,0.0,gap_too_large,0.0,gap_too_large,0.0,gap_too_large
3615561.0,,2025-01-22 04:20:00,WITEL_AHU_L8,0.0,0.0,0.0,0.0,0.0,0.0,0.0,0.0,0.0,,,,0.0,0.0,0.0,0.0,gap_too_large,0.0,gap_too_large,0.0,gap_too_large,0.0,gap_too_large,0.0,gap_too_large,0.0,gap_too_large,0.0,gap_too_large,0.0,gap_too_large,0.0,gap_too_large,0.0,gap_too_large,0.0,gap_too_large,0.0,gap_too_large,0.0,gap_too_large
3615561.0,,2025-01-22 04:40:00,WITEL_AHU_L8,0.0,0.0,0.0,0.0,0.0,0.0,0.0,0.0,0.0,,,,0.0,0.0,0.0,0.0,gap_too_large,0.0,gap_too_large,0.0,gap_too_large,0.0,gap_too_large,0.0,gap_too_large,0.0,gap_too_large,0.0,gap_too_large,0.0,gap_too_large,0.0,gap_too_large,0.0,gap_too_large,0.0,gap_too_large,0.0,gap_too_large,0.0,gap_too_large
3615561.0,,2025-01-22 05:00:00,WITEL_AHU_L8,0.0,0.0,0.0,0.0,0.0,0.0,0.0,0.0,0.0,,,,0.0,0.0,0.0,0.0,gap_too_large,0.0,gap_too_large,0.0,gap_too_large,0.0,gap_too_large,0.0,gap_too_large,0.0,gap_too_large,0.0,gap_too_large,0.0,gap_too_large,0.0,gap_too_large,0.0,gap_too_large,0.0,gap_too_large,0.0,gap_too_large,0.0,gap_too_large
3615561.0,,2025-01-22 05:20:00,WITEL_AHU_L8,0.0,0.0,0.0,0.0,0.0,0.0,0.0,0.0,0.0,,,,0.0,0.0,0.0,0.0,gap_too_large,0.0,gap_too_large,0.0,gap_too_large,0.0,gap_too_large,0.0,gap_too_large,0.0,gap_too_large,0.0,gap_too_large,0.0,gap_too_large,0.0,gap_too_large,0.0,gap_too_large,0.0,gap_too_large,0.0,gap_too_large,0.0,gap_too_large
3615561.0,,2025-01-22 05:40:00,WITEL_AHU_L8,0.0,0.0,0.0,0.0,0.0,0.0,0.0,0.0,0.0,,,,0.0,0.0,0.0,0.0,gap_too_large,0.0,gap_too_large,0.0,gap_too_large,0.0,gap_too_large,0.0,gap_too_large,0.0,gap_too_large,0.0,gap_too_large,0.0,gap_too_large,0.0,gap_too_large,0.0,gap_too_large,0.0,gap_too_large,0.0,gap_too_large,0.0,gap_too_large
3615561.0,,2025-01-22 06:00:00,WITEL_AHU_L8,0.0,0.0,0.0,0.0,0.0,0.0,0.0,0.0,0.0,,,,0.0,0.0,0.0,0.0,gap_too_large,0.0,gap_too_large,0.0,gap_too_large,0.0,gap_too_large,0.0,gap_too_large,0.0,gap_too_large,0.0,gap_too_large,0.0,gap_too_large,0.0,gap_too_large,0.0,gap_too_large,0.0,gap_too_large,0.0,gap_too_large,0.0,gap_too_large
3615561.0,,2025-01-22 06:20:00,WITEL_AHU_L8,0.0,0.0,0.0,0.0,0.0,0.0,0.0,0.0,0.0,,,,0.0,0.0,0.0,0.0,gap_too_large,0.0,gap_too_large,0.0,gap_too_large,0.0,gap_too_large,0.0,gap_too_large,0.0,gap_too_large,0.0,gap_too_large,0.0,gap_too_large,0.0,gap_too_large,0.0,gap_too_large,0.0,gap_too_large,0.0,gap_too_large,0.0,gap_too_large
3615561.0,,2025-01-22 06:40:00,WITEL_AHU_L8,0.0,0.0,0.0,0.0,0.0,0.0,0.0,0.0,0.0,,,,0.0,0.0,0.0,0.0,gap_too_large,0.0,gap_too_large,0.0,gap_too_large,0.0,gap_too_large,0.0,gap_too_large,0.0,gap_too_large,0.0,gap_too_large,0.0,gap_too_large,0.0,gap_too_large,0.0,gap_too_large,0.0,gap_too_large,0.0,gap_too_large,0.0,gap_too_large
3615561.0,,2025-01-22 07:00:00,WITEL_AHU_L8,0.0,0.0,0.0,0.0,0.0,0.0,0.0,0.0,0.0,,,,0.0,0.0,0.0,0.0,gap_too_large,0.0,gap_too_large,0.0,gap_too_large,0.0,gap_too_large,0.0,gap_too_large,0.0,gap_too_large,0.0,gap_too_large,0.0,gap_too_large,0.0,gap_too_large,0.0,gap_too_large,0.0,gap_too_large,0.0,gap_too_large,0.0,gap_too_large
3617634.0,37.0,2025-01-22 07:20:00,WITEL_AHU_L8,35246300.0,226.0,225.0,228.0,0.0,0.0,0.0,50.08,1.0,2025-01-22 07:34:53.000,2025-01-22 07:34:53.000,2025-01-22 07:34:53.000,48798963.0,25627.0,61397485.0,226.0,original,225.0,original,228.0,original,0.0,gap_too_large,0.0,gap_too_large,0.0,gap_too_large,50.08,original,1.0,original,48798963.0,original,25627.0,original,61397485.0,original,35246300.0,original,-102.0,original
3617661.0,37.0,2025-01-22 07:40:00,WITEL_AHU_L8,35246300.0,226.0,225.0,227.0,0.0,0.0,0.0,50.04,1.0,2025-01-22 07:39:21.000,2025-01-22 07:39:21.000,2025-01-22 07:39:21.000,48798963.0,25627.0,61397485.0,226.0,original,225.0,original,227.0,original,0.0,gap_too_large,0.0,gap_too_large,0.0,gap_too_large,50.04,original,1.0,original,48798963.0,original,25627.0,original,61397485.0,original,35246300.0,original,-99.0,original
3617703.0,37.0,2025-01-22 08:00:00,WITEL_AHU_L8,35246300.0,225.0,224.0,227.0,0.0,0.0,0.0,49.97,1.0,2025-01-22 07:59:03.000,2025-01-22 07:59:03.000,2025-01-22 07:59:03.000,48798963.0,25627.0,61397485.0,225.0,original,224.0,original,227.0,original,0.0,gap_too_large,0.0,gap_too_large,0.0,gap_too_large,49.97,original,1.0,original,48798963.0,original,25627.0,original,61397485.0,original,35246300.0,original,-120.0,original
3617754.0,37.0,2025-01-22 08:20:00,WITEL_AHU_L8,35246300.0,226.0,225.0,228.0,0.0,0.0,0.0,50.0,1.0,2025-01-22 08:19:14.000,2025-01-22 08:19:14.000,2025-01-22 08:19:14.000,48798963.0,25627.0,61397485.0,226.0,original,225.0,original,228.0,original,0.0,gap_too_large,0.0,gap_too_large,0.0,gap_too_large,50.0,original,1.0,original,48798963.0,original,25627.0,original,61397485.0,original,35246300.0,original,-100.0,original
3617817.0,37.0,2025-01-22 08:40:00,WITEL_AHU_L8,35246300.0,223.0,222.0,224.0,0.0,0.0,0.0,50.0,1.0,2025-01-22 08:49:01.000,2025-01-22 08:49:01.000,2025-01-22 08:49:01.000,48798963.0,25627.0,61397485.0,223.0,original,222.0,original,224.0,original,0.0,gap_too_large,0.0,gap_too_large,0.0,gap_too_large,50.0,original,1.0,original,48798963.0,original,25627.0,original,61397485.0,original,35246300.0,original,-119.0,original
3617850.0,37.0,2025-01-22 09:00:00,WITEL_AHU_L8,35246300.0,223.0,222.0,224.0,0.0,0.0,0.0,50.03,1.0,2025-01-22 08:59:08.000,2025-01-22 08:59:08.000,2025-01-22 08:59:08.000,48798963.0,25627.0,61397485.0,223.0,original,222.0,original,224.0,original,0.0,gap_too_large,0.0,gap_too_large,0.0,gap_too_large,50.03,original,1.0,original,48798963.0,original,25627.0,original,61397485.0,original,35246300.0,original,-118.0,original
3617910.0,37.0,2025-01-22 09:20:00,WITEL_AHU_L8,35246300.0,224.0,223.0,226.0,0.0,0.0,0.0,50.01,1.0,2025-01-22 09:29:00.000,2025-01-22 09:29:00.000,2025-01-22 09:29:00.000,48798963.0,25627.0,61397485.0,224.0,original,223.0,original,226.0,original,0.0,gap_too_large,0.0,gap_too_large,0.0,gap_too_large,50.01,original,1.0,original,48798963.0,original,25627.0,original,61397485.0,original,35246300.0,original,-115.0,original
3617944.0,37.0,2025-01-22 09:40:00,WITEL_AHU_L8,35246300.0,225.0,224.0,226.0,0.0,0.0,0.0,49.97,1.0,2025-01-22 09:39:13.000,2025-01-22 09:39:13.000,2025-01-22 09:39:13.000,48798963.0,25627.0,61397485.0,225.0,original,224.0,original,226.0,original,0.0,gap_too_large,0.0,gap_too_large,0.0,gap_too_large,49.97,original,1.0,original,48798963.0,original,25627.0,original,61397485.0,original,35246300.0,original,-115.0,original
3618015.0,37.0,2025-01-22 10:00:00,WITEL_AHU_L8,35246300.0,224.0,223.0,225.0,0.0,0.0,0.0,50.03,1.0,2025-01-22 10:09:16.000,2025-01-22 10:09:16.000,2025-01-22 10:09:16.000,48798963.0,25627.0,61397485.0,224.0,original,223.0,original,225.0,original,0.0,gap_too_large,0.0,gap_too_large,0.0,gap_too_large,50.03,original,1.0,original,48798963.0,original,25627.0,original,61397485.0,original,35246300.0,original,-115.0,original
3618032.0,37.0,2025-01-22 10:20:00,WITEL_AHU_L8,35246300.0,223.0,222.0,224.0,0.0,0.0,0.0,49.98,1.0,2025-01-22 10:19:05.000,2025-01-22 10:19:05.000,2025-01-22 10:19:05.000,48798963.0,25627.0,61397485.0,223.0,original,222.0,original,224.0,original,0.0,gap_too_large,0.0,gap_too_large,0.0,gap_too_large,49.98,original,1.0,original,48798963.0,original,25627.0,original,61397485.0,original,35246300.0,original,-117.0,original
3618105.0,37.0,2025-01-22 10:40:00,WITEL_AHU_L8,35246300.0,222.0,222.0,224.0,0.0,0.0,0.0,49.99,1.0,2025-01-22 10:49:12.000,2025-01-22 10:49:12.000,2025-01-22 10:49:12.000,48798963.0,25627.0,61397485.0,222.0,original,222.0,original,224.0,original,0.0,gap_too_large,0.0,gap_too_large,0.0,gap_too_large,49.99,original,1.0,original,48798963.0,original,25627.0,original,61397485.0,original,35246300.0,original,-115.0,original
3618132.0,37.0,2025-01-22 11:00:00,WITEL_AHU_L8,35246300.0,223.0,222.0,224.0,0.0,0.0,0.0,50.01,1.0,2025-01-22 10:59:16.000,2025-01-22 10:59:16.000,2025-01-22 10:59:16.000,48798963.0,25627.0,61397485.0,223.0,original,222.0,original,224.0,original,0.0,gap_too_large,0.0,gap_too_large,0.0,gap_too_large,50.01,original,1.0,original,48798963.0,original,25627.0,original,61397485.0,original,35246300.0,original,-117.0,original
3618196.0,37.0,2025-01-22 11:20:00,WITEL_AHU_L8,35246300.0,224.0,224.0,226.0,0.0,0.0,0.0,50.01,1.0,2025-01-22 11:29:13.000,2025-01-22 11:29:13.000,2025-01-22 11:29:13.000,48798963.0,25627.0,61397485.0,224.0,original,224.0,original,226.0,original,0.0,gap_too_large,0.0,gap_too_large,0.0,gap_too_large,50.01,original,1.0,original,48798963.0,original,25627.0,original,61397485.0,original,35246300.0,original,-99.0,original
3618215.0,37.0,2025-01-22 11:40:00,WITEL_AHU_L8,35246300.0,225.0,224.0,227.0,0.0,0.0,0.0,50.0,1.0,2025-01-22 11:39:16.000,2025-01-22 11:39:16.000,2025-01-22 11:39:16.000,48798963.0,25627.0,61397485.0,225.0,original,224.0,original,227.0,original,0.0,gap_too_large,0.0,gap_too_large,0.0,gap_too_large,50.0,original,1.0,original,48798963.0,original,25627.0,original,61397485.0,original,35246300.0,original,-115.0,original
3618259.0,37.0,2025-01-22 12:00:00,WITEL_AHU_L8,35246300.0,227.0,226.0,229.0,0.0,0.0,0.0,50.05,1.0,2025-01-22 11:59:16.000,2025-01-22 11:59:16.000,2025-01-22 11:59:16.000,48798963.0,25627.0,61397485.0,227.0,original,226.0,original,229.0,original,0.0,gap_too_large,0.0,gap_too_large,0.0,gap_too_large,50.05,original,1.0,original,48798963.0,original,25627.0,original,61397485.0,original,35246300.0,original,-108.0,original
3618301.0,37.0,2025-01-22 12:20:00,WITEL_AHU_L8,35246300.0,227.0,226.0,229.0,0.0,0.0,0.0,50.03,1.0,2025-01-22 12:19:06.000,2025-01-22 12:19:06.000,2025-01-22 12:19:06.000,48798963.0,25627.0,61397485.0,227.0,original,226.0,original,229.0,original,0.0,gap_too_large,0.0,gap_too_large,0.0,gap_too_large,50.03,original,1.0,original,48798963.0,original,25627.0,original,61397485.0,original,35246300.0,original,-99.0,original
3618377.0,37.0,2025-01-22 12:40:00,WITEL_AHU_L8,35246300.0,227.0,226.0,228.0,0.0,0.0,0.0,49.99,1.0,2025-01-22 12:49:10.000,2025-01-22 12:49:10.000,2025-01-22 12:49:10.000,48798963.0,25627.0,61397485.0,227.0,original,226.0,original,228.0,original,0.0,gap_too_large,0.0,gap_too_large,0.0,gap_too_large,49.99,original,1.0,original,48798963.0,original,25627.0,original,61397485.0,original,35246300.0,original,-100.0,original
3618396.0,37.0,2025-01-22 13:00:00,WITEL_AHU_L8,35246300.0,226.0,225.0,227.0,0.0,0.0,0.0,49.99,1.0,2025-01-22 12:59:05.000,2025-01-22 12:59:05.000,2025-01-22 12:59:05.000,48798963.0,25627.0,61397485.0,226.0,original,225.0,original,227.0,original,0.0,gap_too_large,0.0,gap_too_large,0.0,gap_too_large,49.99,original,1.0,original,48798963.0,original,25627.0,original,61397485.0,original,35246300.0,original,-101.0,original
3618460.0,37.0,2025-01-22 13:20:00,WITEL_AHU_L8,35246300.0,223.0,222.0,224.0,0.0,0.0,0.0,49.98,1.0,2025-01-22 13:29:04.000,2025-01-22 13:29:04.000,2025-01-22 13:29:04.000,48798963.0,25627.0,61397485.0,223.0,original,222.0,original,224.0,original,0.0,gap_too_large,0.0,gap_too_large,0.0,gap_too_large,49.98,original,1.0,original,48798963.0,original,25627.0,original,61397485.0,original,35246300.0,original,-117.0,original
3618483.0,37.0,2025-01-22 13:40:00,WITEL_AHU_L8,35246300.0,223.0,222.0,225.0,0.0,0.0,0.0,50.04,1.0,2025-01-22 13:39:12.000,2025-01-22 13:39:12.000,2025-01-22 13:39:12.000,48798963.0,25627.0,61397485.0,223.0,original,222.0,original,225.0,original,0.0,gap_too_large,0.0,gap_too_large,0.0,gap_too_large,50.04,original,1.0,original,48798963.0,original,25627.0,original,61397485.0,original,35246300.0,original,-119.0,original
3618534.0,37.0,2025-01-22 14:00:00,WITEL_AHU_L8,35246300.0,223.0,222.0,224.0,0.0,0.0,0.0,50.0,1.0,2025-01-22 13:59:19.000,2025-01-22 13:59:19.000,2025-01-22 13:59:19.000,48798963.0,25627.0,61397485.0,223.0,original,222.0,original,224.0,original,0.0,gap_too_large,0.0,gap_too_large,0.0,gap_too_large,50.0,original,1.0,original,48798963.0,original,25627.0,original,61397485.0,original,35246300.0,original,-109.0,original
3618572.0,37.0,2025-01-22 14:20:00,WITEL_AHU_L8,35246300.0,223.0,222.0,225.0,11.0,10.0,11.0,50.01,1.0,2025-01-22 14:19:00.000,2025-01-22 14:19:00.000,2025-01-22 14:19:00.000,48798963.0,25627.0,61397485.0,223.0,original,222.0,original,225.0,original,11.0,original,10.0,original,11.0,original,50.01,original,1.0,original,48798963.0,original,25627.0,original,61397485.0,original,35246300.0,original,-119.0,original
3618628.0,37.0,2025-01-22 14:40:00,WITEL_AHU_L8,35257300.0,224.0,223.0,225.0,10.0,10.0,11.0,50.0,0.5303,2025-01-22 14:39:06.000,2025-01-22 14:39:06.000,2025-01-22 14:39:06.000,48815900.0,25627.0,61417772.0,224.0,original,223.0,original,225.0,original,10.0,original,10.0,original,11.0,original,50.0,original,0.5303,original,48815900.0,original,25627.0,original,61417772.0,original,35257300.0,original,-107.0,original
3618702.0,37.0,2025-01-22 15:00:00,WITEL_AHU_L8,35276200.0,224.0,223.0,225.0,10.0,10.0,11.0,49.96,0.5143,2025-01-22 15:09:09.000,2025-01-22 15:09:09.000,2025-01-22 15:09:09.000,48845545.0,25627.0,61453097.0,224.0,original,223.0,original,225.0,original,10.0,original,10.0,original,11.0,original,49.96,original,0.5143,original,48845545.0,original,25627.0,original,61453097.0,original,35276200.0,original,-106.0,original
3618729.0,37.0,2025-01-22 15:20:00,WITEL_AHU_L8,35282500.0,223.0,222.0,225.0,10.0,10.0,11.0,49.98,0.5298999999999999,2025-01-22 15:19:13.000,2025-01-22 15:19:13.000,2025-01-22 15:19:13.000,48855452.0,25627.0,61464893.0,223.0,original,222.0,original,225.0,original,10.0,original,10.0,original,11.0,original,49.98,original,0.5298999999999999,original,48855452.0,original,25627.0,original,61464893.0,original,35282500.0,original,-109.0,original
3618794.0,37.0,2025-01-22 15:40:00,WITEL_AHU_L8,35295900.0,224.0,223.0,225.0,10.0,10.0,11.0,50.02,0.5315,2025-01-22 15:40:06.000,2025-01-22 15:40:06.000,2025-01-22 15:40:06.000,48876446.0,25627.0,61489870.0,224.0,original,223.0,original,225.0,original,10.0,original,10.0,original,11.0,original,50.02,original,0.5315,original,48876446.0,original,25627.0,original,61489870.0,original,35295900.0,original,-100.0,original
3618829.0,37.0,2025-01-22 16:00:00,WITEL_AHU_L8,35307800.0,225.0,224.0,226.0,10.0,10.0,11.0,50.06,0.5243,2025-01-22 15:59:06.000,2025-01-22 15:59:06.000,2025-01-22 15:59:06.000,48895239.0,25627.0,61512216.0,225.0,original,224.0,original,226.0,original,10.0,original,10.0,original,11.0,original,50.06,original,0.5243,original,48895239.0,original,25627.0,original,61512216.0,original,35307800.0,original,-101.0,original
3618905.0,37.0,2025-01-22 16:20:00,WITEL_AHU_L8,35326900.0,226.0,225.0,227.0,11.0,10.0,11.0,49.96,0.5267999999999999,2025-01-22 16:29:23.000,2025-01-22 16:29:23.000,2025-01-22 16:29:23.000,48925823.0,25627.0,61548430.0,226.0,original,225.0,original,227.0,original,11.0,original,10.0,original,11.0,original,49.96,original,0.5267999999999999,original,48925823.0,original,25627.0,original,61548430.0,original,35326900.0,original,-105.0,original
3618923.0,37.0,2025-01-22 16:40:00,WITEL_AHU_L8,35333300.0,226.0,225.0,227.0,11.0,10.0,11.0,49.98,0.5184,2025-01-22 16:39:19.000,2025-01-22 16:39:19.000,2025-01-22 16:39:19.000,48936207.0,25627.0,61560667.0,226.0,original,225.0,original,227.0,original,11.0,original,10.0,original,11.0,original,49.98,original,0.5184,original,48936207.0,original,25627.0,original,61560667.0,original,35333300.0,original,-101.0,original
3618961.0,37.0,2025-01-22 17:00:00,WITEL_AHU_L8,35346000.0,227.0,226.0,228.0,11.0,10.0,12.0,50.01,0.5312,2025-01-22 16:59:16.000,2025-01-22 16:59:16.000,2025-01-22 16:59:16.000,48956873.0,25627.0,61585056.0,227.0,original,226.0,original,228.0,original,11.0,original,10.0,original,12.0,original,50.01,original,0.5312,original,48956873.0,original,25627.0,original,61585056.0,original,35346000.0,original,-120.0,original
3619003.0,37.0,2025-01-22 17:20:00,WITEL_AHU_L8,35358800.0,227.0,227.0,228.0,11.0,10.0,12.0,50.05,0.5104,2025-01-22 17:19:18.000,2025-01-22 17:19:18.000,2025-01-22 17:19:18.000,48978038.0,25627.0,61609898.0,227.0,original,227.0,original,228.0,original,11.0,original,10.0,original,12.0,original,50.05,original,0.5104,original,48978038.0,original,25627.0,original,61609898.0,original,35358800.0,original,-99.0,original
3619046.0,37.0,2025-01-22 17:40:00,WITEL_AHU_L8,35371600.0,227.0,226.0,228.0,11.0,10.0,11.0,50.08,0.5206999999999999,2025-01-22 17:39:06.000,2025-01-22 17:39:06.000,2025-01-22 17:39:06.000,48998974.0,25627.0,61634543.0,227.0,original,226.0,original,228.0,original,11.0,original,10.0,original,11.0,original,50.08,original,0.5206999999999999,original,48998974.0,original,25627.0,original,61634543.0,original,35371600.0,original,-121.0,original
3619091.0,37.0,2025-01-22 18:00:00,WITEL_AHU_L8,35384400.0,229.0,228.0,230.0,11.0,11.0,12.0,50.04,0.5041,2025-01-22 17:59:02.000,2025-01-22 17:59:02.000,2025-01-22 17:59:02.000,49020258.0,25627.0,61659498.0,229.0,original,228.0,original,230.0,original,11.0,original,11.0,original,12.0,original,50.04,original,0.5041,original,49020258.0,original,25627.0,original,61659498.0,original,35384400.0,original,-101.0,original
3619156.0,37.0,2025-01-22 18:20:00,WITEL_AHU_L8,35403600.0,226.0,226.0,228.0,11.0,10.0,12.0,49.96,0.5255,2025-01-22 18:29:13.000,2025-01-22 18:29:13.000,2025-01-22 18:29:13.000,49052175.0,25627.0,61696914.0,226.0,original,226.0,original,228.0,original,11.0,original,10.0,original,12.0,original,49.96,original,0.5255,original,49052175.0,original,25627.0,original,61696914.0,original,35403600.0,original,-108.0,original
3619180.0,37.0,2025-01-22 18:40:00,WITEL_AHU_L8,35410000.0,226.0,226.0,227.0,11.0,10.0,11.0,49.97,0.5218999999999999,2025-01-22 18:39:18.000,2025-01-22 18:39:18.000,2025-01-22 18:39:18.000,49062669.0,25627.0,61709257.0,226.0,original,226.0,original,227.0,original,11.0,original,10.0,original,11.0,original,49.97,original,0.5218999999999999,original,49062669.0,original,25627.0,original,61709257.0,original,35410000.0,original,-102.0,original
3619218.0,37.0,2025-01-22 19:00:00,WITEL_AHU_L8,35422800.0,227.0,227.0,228.0,11.0,11.0,12.0,50.0,0.5136999999999999,2025-01-22 18:59:08.000,2025-01-22 18:59:08.000,2025-01-22 18:59:08.000,49083591.0,25627.0,61733880.0,227.0,original,227.0,original,228.0,original,11.0,original,11.0,original,12.0,original,50.0,original,0.5136999999999999,original,49083591.0,original,25627.0,original,61733880.0,original,35422800.0,original,-100.0,original
3619265.0,37.0,2025-01-22 19:20:00,WITEL_AHU_L8,35435500.0,227.0,226.0,228.0,11.0,10.0,12.0,50.04,0.5149999999999999,2025-01-22 19:19:16.000,2025-01-22 19:19:16.000,2025-01-22 19:19:16.000,49104375.0,25627.0,61758376.0,227.0,original,226.0,original,228.0,original,11.0,original,10.0,original,12.0,original,50.04,original,0.5149999999999999,original,49104375.0,original,25627.0,original,61758376.0,original,35435500.0,original,-101.0,original
3619336.0,37.0,2025-01-22 19:40:00,WITEL_AHU_L8,35454700.0,226.0,225.0,227.0,11.0,10.0,11.0,49.97,0.5339999999999999,2025-01-22 19:49:20.000,2025-01-22 19:49:20.000,2025-01-22 19:49:20.000,49135719.0,25627.0,61795294.0,226.0,original,225.0,original,227.0,original,11.0,original,10.0,original,11.0,original,49.97,original,0.5339999999999999,original,49135719.0,original,25627.0,original,61795294.0,original,35454700.0,original,-118.0,original
3619369.0,37.0,2025-01-22 20:00:00,WITEL_AHU_L8,35467500.0,228.0,227.0,229.0,11.0,10.0,12.0,50.01,0.5043,2025-01-22 20:09:08.000,2025-01-22 20:09:08.000,2025-01-22 20:09:08.000,49156717.0,25627.0,61820011.0,228.0,original,227.0,original,229.0,original,11.0,original,10.0,original,12.0,original,50.01,original,0.5043,original,49156717.0,original,25627.0,original,61820011.0,original,35467500.0,original,-109.0,original
3619398.0,37.0,2025-01-22 20:20:00,WITEL_AHU_L8,35473900.0,227.0,227.0,229.0,11.0,11.0,12.0,50.04,0.5107999999999999,2025-01-22 20:19:18.000,2025-01-22 20:19:18.000,2025-01-22 20:19:18.000,49167256.0,25627.0,61832400.0,227.0,original,227.0,original,229.0,original,11.0,original,11.0,original,12.0,original,50.04,original,0.5107999999999999,original,49167256.0,original,25627.0,original,61832400.0,original,35473900.0,original,-101.0,original
3619445.0,37.0,2025-01-22 20:40:00,WITEL_AHU_L8,35486700.0,228.0,228.0,229.0,11.0,11.0,12.0,50.01,0.5068999999999999,2025-01-22 20:39:18.000,2025-01-22 20:39:18.000,2025-01-22 20:39:18.000,49188333.0,25627.0,61857188.0,228.0,original,228.0,original,229.0,original,11.0,original,11.0,original,12.0,original,50.01,original,0.5068999999999999,original,49188333.0,original,25627.0,original,61857188.0,original,35486700.0,original,-101.0,original
3619504.0,37.0,2025-01-22 21:00:00,WITEL_AHU_L8,35505900.0,228.0,227.0,229.0,11.0,10.0,12.0,50.03,0.5116999999999999,2025-01-22 21:09:10.000,2025-01-22 21:09:10.000,2025-01-22 21:09:10.000,49220355.0,25627.0,61894745.0,228.0,original,227.0,original,229.0,original,11.0,original,10.0,original,12.0,original,50.03,original,0.5116999999999999,original,49220355.0,original,25627.0,original,61894745.0,original,35505900.0,original,-105.0,original
3619528.0,37.0,2025-01-22 21:20:00,WITEL_AHU_L8,35511700.0,228.0,228.0,230.0,0.0,0.0,0.0,50.0,1.0,2025-01-22 21:19:11.000,2025-01-22 21:19:11.000,2025-01-22 21:19:11.000,49229994.0,25627.0,61906030.0,228.0,original,228.0,original,230.0,original,0.0,gap_too_large,0.0,gap_too_large,0.0,gap_too_large,50.0,original,1.0,original,49229994.0,original,25627.0,original,61906030.0,original,35511700.0,original,-96.0,original
3619593.0,37.0,2025-01-22 21:40:00,WITEL_AHU_L8,35511700.0,229.0,229.0,231.0,0.0,0.0,0.0,50.02,1.0,2025-01-22 21:49:16.000,2025-01-22 21:49:16.000,2025-01-22 21:49:16.000,49229994.0,25627.0,61906030.0,229.0,original,229.0,original,231.0,original,0.0,gap_too_large,0.0,gap_too_large,0.0,gap_too_large,50.02,original,1.0,original,49229994.0,original,25627.0,original,61906030.0,original,35511700.0,original,-114.0,original
3619617.0,37.0,2025-01-22 22:00:00,WITEL_AHU_L8,35511700.0,229.0,229.0,231.0,0.0,0.0,0.0,50.03,1.0,2025-01-22 21:59:16.000,2025-01-22 21:59:16.000,2025-01-22 21:59:16.000,49229994.0,25627.0,61906030.0,229.0,original,229.0,original,231.0,original,0.0,gap_too_large,0.0,gap_too_large,0.0,gap_too_large,50.03,original,1.0,original,49229994.0,original,25627.0,original,61906030.0,original,35511700.0,original,-119.0,original
3619655.0,37.0,2025-01-22 22:20:00,WITEL_AHU_L8,35511700.0,229.0,229.0,231.0,0.0,0.0,0.0,49.99,1.0,2025-01-22 22:19:00.000,2025-01-22 22:19:00.000,2025-01-22 22:19:00.000,49229994.0,25627.0,61906030.0,229.0,original,229.0,original,231.0,original,0.0,gap_too_large,0.0,gap_too_large,0.0,gap_too_large,49.99,original,1.0,original,49229994.0,original,25627.0,original,61906030.0,original,35511700.0,original,-118.0,original
3619704.0,37.0,2025-01-22 22:40:00,WITEL_AHU_L8,35511700.0,226.0,225.0,227.0,0.0,0.0,0.0,50.05,1.0,2025-01-22 22:39:21.000,2025-01-22 22:39:21.000,2025-01-22 22:39:21.000,49229994.0,25627.0,61906030.0,226.0,original,225.0,original,227.0,original,0.0,gap_too_large,0.0,gap_too_large,0.0,gap_too_large,50.05,original,1.0,original,49229994.0,original,25627.0,original,61906030.0,original,35511700.0,original,-119.0,original
3619748.0,37.0,2025-01-22 23:00:00,WITEL_AHU_L8,35511700.0,226.0,226.0,228.0,0.0,0.0,0.0,50.01,1.0,2025-01-22 22:59:10.000,2025-01-22 22:59:10.000,2025-01-22 22:59:10.000,49229994.0,25627.0,61906030.0,226.0,original,226.0,original,228.0,original,0.0,gap_too_large,0.0,gap_too_large,0.0,gap_too_large,50.01,original,1.0,original,49229994.0,original,25627.0,original,61906030.0,original,35511700.0,original,-102.0,original
3619793.0,37.0,2025-01-22 23:20:00,WITEL_AHU_L8,35511700.0,226.0,226.0,228.0,0.0,0.0,0.0,50.06,1.0,2025-01-22 23:19:07.000,2025-01-22 23:19:07.000,2025-01-22 23:19:07.000,49229994.0,25627.0,61906030.0,226.0,original,226.0,original,228.0,original,0.0,gap_too_large,0.0,gap_too_large,0.0,gap_too_large,50.06,original,1.0,original,49229994.0,original,25627.0,original,61906030.0,original,35511700.0,original,-100.0,original
3619876.0,37.0,2025-01-22 23:40:00,WITEL_AHU_L8,35511700.0,226.0,226.0,228.0,0.0,0.0,0.0,49.99,1.0,2025-01-22 23:49:15.000,2025-01-22 23:49:15.000,2025-01-22 23:49:15.000,49229994.0,25627.0,61906030.0,226.0,original,226.0,original,228.0,original,0.0,gap_too_large,0.0,gap_too_large,0.0,gap_too_large,49.99,original,1.0,original,49229994.0,original,25627.0,original,61906030.0,original,35511700.0,original,-100.0,original
3619890.0,37.0,2025-01-23 00:00:00,WITEL_AHU_L8,35511700.0,227.0,227.0,229.0,0.0,0.0,0.0,49.98,1.0,2025-01-22 23:59:04.000,2025-01-22 23:59:04.000,2025-01-22 23:59:04.000,49229994.0,25627.0,61906030.0,227.0,original,227.0,original,229.0,original,0.0,gap_too_large,0.0,gap_too_large,0.0,gap_too_large,49.98,original,1.0,original,49229994.0,original,25627.0,original,61906030.0,original,35511700.0,original,-112.0,original
3619934.0,37.0,2025-01-23 00:20:00,WITEL_AHU_L8,35511700.0,226.0,226.0,228.0,0.0,0.0,0.0,50.02,1.0,2025-01-23 00:19:07.000,2025-01-23 00:19:07.000,2025-01-23 00:19:07.000,49229994.0,25627.0,61906030.0,226.0,original,226.0,original,228.0,original,0.0,gap_too_large,0.0,gap_too_large,0.0,gap_too_large,50.02,original,1.0,original,49229994.0,original,25627.0,original,61906030.0,original,35511700.0,original,-117.0,original
3619976.0,37.0,2025-01-23 00:40:00,WITEL_AHU_L8,35511700.0,228.0,227.0,229.0,0.0,0.0,0.0,50.0,1.0,2025-01-23 00:39:04.000,2025-01-23 00:39:04.000,2025-01-23 00:39:04.000,49229994.0,25627.0,61906030.0,228.0,original,227.0,original,229.0,original,0.0,gap_too_large,0.0,gap_too_large,0.0,gap_too_large,50.0,original,1.0,original,49229994.0,original,25627.0,original,61906030.0,original,35511700.0,original,-116.0,original
3620021.0,37.0,2025-01-23 01:00:00,WITEL_AHU_L8,35511700.0,228.0,228.0,230.0,0.0,0.0,0.0,50.06,1.0,2025-01-23 00:59:13.000,2025-01-23 00:59:13.000,2025-01-23 00:59:13.000,49229994.0,25627.0,61906030.0,228.0,original,228.0,original,230.0,original,0.0,gap_too_large,0.0,gap_too_large,0.0,gap_too_large,50.06,original,1.0,original,49229994.0,original,25627.0,original,61906030.0,original,35511700.0,original,-116.0,original
3620058.0,37.0,2025-01-23 01:20:00,WITEL_AHU_L8,35511700.0,228.0,228.0,230.0,0.0,0.0,0.0,50.05,1.0,2025-01-23 01:19:06.000,2025-01-23 01:19:06.000,2025-01-23 01:19:06.000,49229994.0,25627.0,61906030.0,228.0,original,228.0,original,230.0,original,0.0,gap_too_large,0.0,gap_too_large,0.0,gap_too_large,50.05,original,1.0,original,49229994.0,original,25627.0,original,61906030.0,original,35511700.0,original,-102.0,original
3620116.0,37.0,2025-01-23 01:40:00,WITEL_AHU_L8,35511700.0,228.0,228.0,230.0,0.0,0.0,0.0,50.04,1.0,2025-01-23 01:49:17.000,2025-01-23 01:49:17.000,2025-01-23 01:49:17.000,49229994.0,25627.0,61906030.0,228.0,original,228.0,original,230.0,original,0.0,gap_too_large,0.0,gap_too_large,0.0,gap_too_large,50.04,original,1.0,original,49229994.0,original,25627.0,original,61906030.0,original,35511700.0,original,-98.0,original
3620137.0,37.0,2025-01-23 02:00:00,WITEL_AHU_L8,35511700.0,228.0,228.0,230.0,0.0,0.0,0.0,50.06,1.0,2025-01-23 01:59:17.000,2025-01-23 01:59:17.000,2025-01-23 01:59:17.000,49229994.0,25627.0,61906030.0,228.0,original,228.0,original,230.0,original,0.0,gap_too_large,0.0,gap_too_large,0.0,gap_too_large,50.06,original,1.0,original,49229994.0,original,25627.0,original,61906030.0,original,35511700.0,original,-100.0,original
3620171.0,37.0,2025-01-23 02:20:00,WITEL_AHU_L8,35511700.0,228.0,227.0,230.0,0.0,0.0,0.0,49.95,1.0,2025-01-23 02:19:01.000,2025-01-23 02:19:01.000,2025-01-23 02:19:01.000,49229994.0,25627.0,61906030.0,228.0,original,227.0,original,230.0,original,0.0,gap_too_large,0.0,gap_too_large,0.0,gap_too_large,49.95,original,1.0,original,49229994.0,original,25627.0,original,61906030.0,original,35511700.0,original,-99.0,original
3620216.0,37.0,2025-01-23 02:40:00,WITEL_AHU_L8,35511700.0,229.0,228.0,230.0,0.0,0.0,0.0,49.97,1.0,2025-01-23 02:39:09.000,2025-01-23 02:39:09.000,2025-01-23 02:39:09.000,49229994.0,25627.0,61906030.0,229.0,original,228.0,original,230.0,original,0.0,gap_too_large,0.0,gap_too_large,0.0,gap_too_large,49.97,original,1.0,original,49229994.0,original,25627.0,original,61906030.0,original,35511700.0,original,-102.0,original
3620255.0,37.0,2025-01-23 03:00:00,WITEL_AHU_L8,35511700.0,229.0,229.0,231.0,0.0,0.0,0.0,50.05,1.0,2025-01-23 02:59:04.000,2025-01-23 02:59:04.000,2025-01-23 02:59:04.000,49229994.0,25627.0,61906030.0,229.0,original,229.0,original,231.0,original,0.0,gap_too_large,0.0,gap_too_large,0.0,gap_too_large,50.05,original,1.0,original,49229994.0,original,25627.0,original,61906030.0,original,35511700.0,original,-117.0,original
3620306.0,37.0,2025-01-23 03:20:00,WITEL_AHU_L8,35511700.0,229.0,229.0,231.0,0.0,0.0,0.0,50.05,1.0,2025-01-23 03:19:18.000,2025-01-23 03:19:18.000,2025-01-23 03:19:18.000,49229994.0,25627.0,61906030.0,229.0,original,229.0,original,231.0,original,0.0,gap_too_large,0.0,gap_too_large,0.0,gap_too_large,50.05,original,1.0,original,49229994.0,original,25627.0,original,61906030.0,original,35511700.0,original,-116.0,original
3620346.0,37.0,2025-01-23 03:40:00,WITEL_AHU_L8,35511700.0,230.0,229.0,231.0,0.0,0.0,0.0,50.0,1.0,2025-01-23 03:39:14.000,2025-01-23 03:39:14.000,2025-01-23 03:39:14.000,49229994.0,25627.0,61906030.0,230.0,original,229.0,original,231.0,original,0.0,gap_too_large,0.0,gap_too_large,0.0,gap_too_large,50.0,original,1.0,original,49229994.0,original,25627.0,original,61906030.0,original,35511700.0,original,-97.0,original
3620395.0,37.0,2025-01-23 04:00:00,WITEL_AHU_L8,35511700.0,229.0,230.0,232.0,0.0,0.0,0.0,50.06,1.0,2025-01-23 03:59:19.000,2025-01-23 03:59:19.000,2025-01-23 03:59:19.000,49229994.0,25627.0,61906030.0,229.0,original,230.0,original,232.0,original,0.0,gap_too_large,0.0,gap_too_large,0.0,gap_too_large,50.06,original,1.0,original,49229994.0,original,25627.0,original,61906030.0,original,35511700.0,original,-101.0,original
3620435.0,37.0,2025-01-23 04:20:00,WITEL_AHU_L8,35511700.0,228.0,228.0,231.0,0.0,0.0,0.0,50.06,1.0,2025-01-23 04:19:19.000,2025-01-23 04:19:19.000,2025-01-23 04:19:19.000,49229994.0,25627.0,61906030.0,228.0,original,228.0,original,231.0,original,0.0,gap_too_large,0.0,gap_too_large,0.0,gap_too_large,50.06,original,1.0,original,49229994.0,original,25627.0,original,61906030.0,original,35511700.0,original,-115.0,original
3620478.0,37.0,2025-01-23 04:40:00,WITEL_AHU_L8,35511700.0,229.0,229.0,231.0,0.0,0.0,0.0,50.06,1.0,2025-01-23 04:39:12.000,2025-01-23 04:39:12.000,2025-01-23 04:39:12.000,49229994.0,25627.0,61906030.0,229.0,original,229.0,original,231.0,original,0.0,gap_too_large,0.0,gap_too_large,0.0,gap_too_large,50.06,original,1.0,original,49229994.0,original,25627.0,original,61906030.0,original,35511700.0,original,-119.0,original
3620516.0,37.0,2025-01-23 05:00:00,WITEL_AHU_L8,35511700.0,229.0,229.0,230.0,0.0,0.0,0.0,50.0,1.0,2025-01-23 04:59:09.000,2025-01-23 04:59:09.000,2025-01-23 04:59:09.000,49229994.0,25627.0,61906030.0,229.0,original,229.0,original,230.0,original,0.0,gap_too_large,0.0,gap_too_large,0.0,gap_too_large,50.0,original,1.0,original,49229994.0,original,25627.0,original,61906030.0,original,35511700.0,original,-99.0,original
3620566.0,37.0,2025-01-23 05:20:00,WITEL_AHU_L8,35511700.0,227.0,227.0,229.0,0.0,0.0,0.0,49.94,1.0,2025-01-23 05:19:19.000,2025-01-23 05:19:19.000,2025-01-23 05:19:19.000,49229994.0,25627.0,61906030.0,227.0,original,227.0,original,229.0,original,0.0,gap_too_large,0.0,gap_too_large,0.0,gap_too_large,49.94,original,1.0,original,49229994.0,original,25627.0,original,61906030.0,original,35511700.0,original,-118.0,original
3620593.0,37.0,2025-01-23 05:40:00,WITEL_AHU_L8,35511700.0,227.0,227.0,229.0,0.0,0.0,0.0,50.01,1.0,2025-01-23 05:39:01.000,2025-01-23 05:39:01.000,2025-01-23 05:39:01.000,49229994.0,25627.0,61906030.0,227.0,original,227.0,original,229.0,original,0.0,gap_too_large,0.0,gap_too_large,0.0,gap_too_large,50.01,original,1.0,original,49229994.0,original,25627.0,original,61906030.0,original,35511700.0,original,-115.0,original
3620654.0,37.0,2025-01-23 06:00:00,WITEL_AHU_L8,35511700.0,226.0,226.0,228.0,0.0,0.0,0.0,50.02,1.0,2025-01-23 05:59:20.000,2025-01-23 05:59:20.000,2025-01-23 05:59:20.000,49229994.0,25627.0,61906030.0,226.0,original,226.0,original,228.0,original,0.0,gap_too_large,0.0,gap_too_large,0.0,gap_too_large,50.02,original,1.0,original,49229994.0,original,25627.0,original,61906030.0,original,35511700.0,original,-120.0,original
3620700.0,37.0,2025-01-23 06:20:00,WITEL_AHU_L8,35511700.0,225.0,224.0,226.0,10.0,10.0,11.0,50.05,1.0,2025-01-23 06:19:22.000,2025-01-23 06:19:22.000,2025-01-23 06:19:22.000,49229994.0,25627.0,61906030.0,225.0,original,224.0,original,226.0,original,10.0,original,10.0,original,11.0,original,50.05,original,1.0,original,49229994.0,original,25627.0,original,61906030.0,original,35511700.0,original,-117.0,original
3620739.0,37.0,2025-01-23 06:40:00,WITEL_AHU_L8,35519700.0,225.0,224.0,226.0,10.0,10.0,11.0,50.05,0.5257,2025-01-23 06:39:16.000,2025-01-23 06:39:16.000,2025-01-23 06:39:16.000,49242449.0,25627.0,61920952.0,225.0,original,224.0,original,226.0,original,10.0,original,10.0,original,11.0,original,50.05,original,0.5257,original,49242449.0,original,25627.0,original,61920952.0,original,35519700.0,original,-120.0,original
3620773.0,37.0,2025-01-23 07:00:00,WITEL_AHU_L8,35532400.0,223.0,222.0,225.0,10.0,10.0,11.0,50.05,0.5420999999999999,2025-01-23 06:59:03.000,2025-01-23 06:59:03.000,2025-01-23 06:59:03.000,49262581.0,25627.0,61944867.0,223.0,original,222.0,original,225.0,original,10.0,original,10.0,original,11.0,original,50.05,original,0.5420999999999999,original,49262581.0,original,25627.0,original,61944867.0,original,35532400.0,original,-99.0,original
3620825.0,37.0,2025-01-23 07:20:00,WITEL_AHU_L8,35545100.0,222.0,221.0,224.0,10.0,10.0,11.0,50.02,0.5441999999999999,2025-01-23 07:19:13.000,2025-01-23 07:19:13.000,2025-01-23 07:19:13.000,49282269.0,25627.0,61968369.0,222.0,original,221.0,original,224.0,original,10.0,original,10.0,original,11.0,original,50.02,original,0.5441999999999999,original,49282269.0,original,25627.0,original,61968369.0,original,35545100.0,original,-119.0,original
3620876.0,37.0,2025-01-23 07:40:00,WITEL_AHU_L8,35557800.0,224.0,223.0,225.0,10.0,10.0,11.0,50.08,0.5499999999999999,2025-01-23 07:39:14.000,2025-01-23 07:39:14.000,2025-01-23 07:39:14.000,49301965.0,25627.0,61991924.0,224.0,original,223.0,original,225.0,original,10.0,original,10.0,original,11.0,original,50.08,original,0.5499999999999999,original,49301965.0,original,25627.0,original,61991924.0,original,35557800.0,original,-120.0,original
3620915.0,37.0,2025-01-23 08:00:00,WITEL_AHU_L8,35570600.0,223.0,223.0,225.0,10.0,10.0,11.0,50.0,0.5308999999999999,2025-01-23 07:59:18.000,2025-01-23 07:59:18.000,2025-01-23 07:59:18.000,49321847.0,25627.0,62015643.0,223.0,original,223.0,original,225.0,original,10.0,original,10.0,original,11.0,original,50.0,original,0.5308999999999999,original,49321847.0,original,25627.0,original,62015643.0,original,35570600.0,original,-98.0,original
3620957.0,37.0,2025-01-23 08:20:00,WITEL_AHU_L8,35583300.0,224.0,223.0,225.0,10.0,10.0,11.0,50.04,0.5306,2025-01-23 08:19:21.000,2025-01-23 08:19:21.000,2025-01-23 08:19:21.000,49341486.0,25627.0,62039144.0,224.0,original,223.0,original,225.0,original,10.0,original,10.0,original,11.0,original,50.04,original,0.5306,original,49341486.0,original,25627.0,original,62039144.0,original,35583300.0,original,-106.0,original
3620995.0,37.0,2025-01-23 08:40:00,WITEL_AHU_L8,35596100.0,223.0,222.0,224.0,10.0,10.0,11.0,50.02,0.5354,2025-01-23 08:39:19.000,2025-01-23 08:39:19.000,2025-01-23 08:39:19.000,49361095.0,25627.0,62062637.0,223.0,original,222.0,original,224.0,original,10.0,original,10.0,original,11.0,original,50.02,original,0.5354,original,49361095.0,original,25627.0,original,62062637.0,original,35596100.0,original,-101.0,original
3621042.0,37.0,2025-01-23 09:00:00,WITEL_AHU_L8,35615200.0,224.0,224.0,226.0,11.0,10.0,11.0,50.06,0.5398,2025-01-23 09:09:09.000,2025-01-23 09:09:09.000,2025-01-23 09:09:09.000,49390616.0,25627.0,62097984.0,224.0,original,224.0,original,226.0,original,11.0,original,10.0,original,11.0,original,50.06,original,0.5398,original,49390616.0,original,25627.0,original,62097984.0,original,35615200.0,original,-105.0,original
3621068.0,37.0,2025-01-23 09:20:00,WITEL_AHU_L8,35621600.0,224.0,223.0,225.0,10.0,10.0,11.0,49.99,0.5223,2025-01-23 09:19:18.000,2025-01-23 09:19:18.000,2025-01-23 09:19:18.000,49400471.0,25627.0,62109773.0,224.0,original,223.0,original,225.0,original,10.0,original,10.0,original,11.0,original,49.99,original,0.5223,original,49400471.0,original,25627.0,original,62109773.0,original,35621600.0,original,-117.0,original
3621109.0,37.0,2025-01-23 09:40:00,WITEL_AHU_L8,35634300.0,222.0,221.0,223.0,10.0,10.0,11.0,50.05,0.5554,2025-01-23 09:39:18.000,2025-01-23 09:39:18.000,2025-01-23 09:39:18.000,49420049.0,25627.0,62133231.0,222.0,original,221.0,original,223.0,original,10.0,original,10.0,original,11.0,original,50.05,original,0.5554,original,49420049.0,original,25627.0,original,62133231.0,original,35634300.0,original,-118.0,original
3621147.0,37.0,2025-01-23 10:00:00,WITEL_AHU_L8,35647000.0,223.0,222.0,225.0,10.0,10.0,11.0,49.96,0.5508,2025-01-23 09:59:08.000,2025-01-23 09:59:08.000,2025-01-23 09:59:08.000,49439456.0,25627.0,62156527.0,223.0,original,222.0,original,225.0,original,10.0,original,10.0,original,11.0,original,49.96,original,0.5508,original,49439456.0,original,25627.0,original,62156527.0,original,35647000.0,original,-115.0,original
3621197.0,37.0,2025-01-23 10:20:00,WITEL_AHU_L8,35659700.0,223.0,222.0,224.0,10.0,10.0,11.0,50.01,0.5458999999999999,2025-01-23 10:19:15.000,2025-01-23 10:19:15.000,2025-01-23 10:19:15.000,49459419.0,25627.0,62180307.0,223.0,original,222.0,original,224.0,original,10.0,original,10.0,original,11.0,original,50.01,original,0.5458999999999999,original,49459419.0,original,25627.0,original,62180307.0,original,35659700.0,original,-103.0,original
3621226.0,37.0,2025-01-23 10:40:00,WITEL_AHU_L8,35672400.0,224.0,223.0,225.0,11.0,10.0,11.0,49.98,0.5304,2025-01-23 10:38:59.000,2025-01-23 10:38:59.000,2025-01-23 10:38:59.000,49479347.0,25627.0,62204053.0,224.0,original,223.0,original,225.0,original,11.0,original,10.0,original,11.0,original,49.98,original,0.5304,original,49479347.0,original,25627.0,original,62204053.0,original,35672400.0,original,-118.0,original
3621271.0,37.0,2025-01-23 11:00:00,WITEL_AHU_L8,35685200.0,224.0,223.0,225.0,10.0,10.0,11.0,49.95,0.5421999999999999,2025-01-23 10:59:05.000,2025-01-23 10:59:05.000,2025-01-23 10:59:05.000,49499207.0,25627.0,62227742.0,224.0,original,223.0,original,225.0,original,10.0,original,10.0,original,11.0,original,49.95,original,0.5421999999999999,original,49499207.0,original,25627.0,original,62227742.0,original,35685200.0,original,-105.0,original
3621315.0,37.0,2025-01-23 11:20:00,WITEL_AHU_L8,35697900.0,225.0,224.0,226.0,10.0,10.0,11.0,50.03,0.5262,2025-01-23 11:19:09.000,2025-01-23 11:19:09.000,2025-01-23 11:19:09.000,49519091.0,25627.0,62251454.0,225.0,original,224.0,original,226.0,original,10.0,original,10.0,original,11.0,original,50.03,original,0.5262,original,49519091.0,original,25627.0,original,62251454.0,original,35697900.0,original,-102.0,original
3621361.0,37.0,2025-01-23 11:40:00,WITEL_AHU_L8,35710700.0,225.0,224.0,227.0,11.0,10.0,11.0,49.96,0.5357999999999999,2025-01-23 11:39:14.000,2025-01-23 11:39:14.000,2025-01-23 11:39:14.000,49539138.0,25627.0,62275325.0,225.0,original,224.0,original,227.0,original,11.0,original,10.0,original,11.0,original,49.96,original,0.5357999999999999,original,49539138.0,original,25627.0,original,62275325.0,original,35710700.0,original,-118.0,original
3621407.0,37.0,2025-01-23 12:00:00,WITEL_AHU_L8,35723400.0,229.0,228.0,230.0,11.0,11.0,12.0,50.06,0.5162,2025-01-23 11:59:22.000,2025-01-23 11:59:22.000,2025-01-23 11:59:22.000,49559603.0,25627.0,62299555.0,229.0,original,228.0,original,230.0,original,11.0,original,11.0,original,12.0,original,50.06,original,0.5162,original,49559603.0,original,25627.0,original,62299555.0,original,35723400.0,original,-101.0,original
3621447.0,37.0,2025-01-23 12:20:00,WITEL_AHU_L8,35736200.0,225.0,224.0,226.0,11.0,10.0,11.0,49.94,0.5319999999999999,2025-01-23 12:19:17.000,2025-01-23 12:19:17.000,2025-01-23 12:19:17.000,49580101.0,25627.0,62323818.0,225.0,original,224.0,original,226.0,original,11.0,original,10.0,original,11.0,original,49.94,original,0.5319999999999999,original,49580101.0,original,25627.0,original,62323818.0,original,35736200.0,original,-117.0,original
3621488.0,37.0,2025-01-23 12:40:00,WITEL_AHU_L8,35749000.0,225.0,224.0,226.0,10.0,10.0,11.0,50.06,0.5332,2025-01-23 12:39:14.000,2025-01-23 12:39:14.000,2025-01-23 12:39:14.000,49600470.0,25627.0,62347948.0,225.0,original,224.0,original,226.0,original,10.0,original,10.0,original,11.0,original,50.06,original,0.5332,original,49600470.0,original,25627.0,original,62347948.0,original,35749000.0,original,-100.0,original
3621521.0,37.0,2025-01-23 13:00:00,WITEL_AHU_L8,35761800.0,224.0,223.0,225.0,10.0,10.0,11.0,49.98,0.5272,2025-01-23 12:59:04.000,2025-01-23 12:59:04.000,2025-01-23 12:59:04.000,49620603.0,25627.0,62371879.0,224.0,original,223.0,original,225.0,original,10.0,original,10.0,original,11.0,original,49.98,original,0.5272,original,49620603.0,original,25627.0,original,62371879.0,original,35761800.0,original,-117.0,original
3621568.0,37.0,2025-01-23 13:20:00,WITEL_AHU_L8,35774400.0,224.0,223.0,225.0,11.0,10.0,11.0,49.97,0.5332,2025-01-23 13:19:11.000,2025-01-23 13:19:11.000,2025-01-23 13:19:11.000,49640142.0,25627.0,62395265.0,224.0,original,223.0,original,225.0,original,11.0,original,10.0,original,11.0,original,49.97,original,0.5332,original,49640142.0,original,25627.0,original,62395265.0,original,35774400.0,original,-103.0,original
3621607.0,37.0,2025-01-23 13:40:00,WITEL_AHU_L8,35787100.0,224.0,223.0,225.0,10.0,10.0,11.0,50.04,0.5277,2025-01-23 13:39:10.000,2025-01-23 13:39:10.000,2025-01-23 13:39:10.000,49659984.0,25627.0,62418927.0,224.0,original,223.0,original,225.0,original,10.0,original,10.0,original,11.0,original,50.04,original,0.5277,original,49659984.0,original,25627.0,original,62418927.0,original,35787100.0,original,-102.0,original
3621648.0,37.0,2025-01-23 14:00:00,WITEL_AHU_L8,35799900.0,223.0,222.0,224.0,10.0,10.0,11.0,50.03,0.5324,2025-01-23 13:59:19.000,2025-01-23 13:59:19.000,2025-01-23 13:59:19.000,49679752.0,25627.0,62442533.0,223.0,original,222.0,original,224.0,original,10.0,original,10.0,original,11.0,original,50.03,original,0.5324,original,49679752.0,original,25627.0,original,62442533.0,original,35799900.0,original,-102.0,original
3621692.0,37.0,2025-01-23 14:20:00,WITEL_AHU_L8,35812600.0,224.0,223.0,225.0,10.0,10.0,11.0,50.06,0.5329999999999999,2025-01-23 14:19:22.000,2025-01-23 14:19:22.000,2025-01-23 14:19:22.000,49699535.0,25627.0,62466163.0,224.0,original,223.0,original,225.0,original,10.0,original,10.0,original,11.0,original,50.06,original,0.5329999999999999,original,49699535.0,original,25627.0,original,62466163.0,original,35812600.0,original,-120.0,original
3621723.0,37.0,2025-01-23 14:40:00,WITEL_AHU_L8,35825300.0,223.0,222.0,224.0,10.0,10.0,11.0,50.02,0.5337,2025-01-23 14:39:03.000,2025-01-23 14:39:03.000,2025-01-23 14:39:03.000,49719342.0,25627.0,62489801.0,223.0,original,222.0,original,224.0,original,10.0,original,10.0,original,11.0,original,50.02,original,0.5337,original,49719342.0,original,25627.0,original,62489801.0,original,35825300.0,original,-100.0,original
3621723.0,,2025-01-23 15:00:00,WITEL_AHU_L8,35838050.0,223.5,222.5,224.5,10.0,10.0,11.0,49.99,0.53515,,,,49739266.5,25627.0,62513531.0,223.5,interpolated,222.5,interpolated,224.5,interpolated,10.0,interpolated,10.0,interpolated,11.0,interpolated,49.99,interpolated,0.53515,interpolated,49739266.5,interpolated,25627.0,interpolated,62513531.0,interpolated,35838050.0,interpolated,-108.5,interpolated
3621802.0,37.0,2025-01-23 15:20:00,WITEL_AHU_L8,35850800.0,224.0,223.0,225.0,10.0,10.0,11.0,49.96,0.5366,2025-01-23 15:19:08.000,2025-01-23 15:19:08.000,2025-01-23 15:19:08.000,49759191.0,25627.0,62537261.0,224.0,original,223.0,original,225.0,original,10.0,original,10.0,original,11.0,original,49.96,original,0.5366,original,49759191.0,original,25627.0,original,62537261.0,original,35850800.0,original,-117.0,original
3621849.0,37.0,2025-01-23 15:40:00,WITEL_AHU_L8,35863500.0,225.0,224.0,226.0,11.0,10.0,11.0,50.0,0.5297,2025-01-23 15:39:05.000,2025-01-23 15:39:05.000,2025-01-23 15:39:05.000,49779192.0,25627.0,62561066.0,225.0,original,224.0,original,226.0,original,11.0,original,10.0,original,11.0,original,50.0,original,0.5297,original,49779192.0,original,25627.0,original,62561066.0,original,35863500.0,original,-103.0,original
3621917.0,37.0,2025-01-23 16:00:00,WITEL_AHU_L8,35882600.0,225.0,225.0,227.0,11.0,10.0,11.0,49.99,0.5216,2025-01-23 16:09:17.000,2025-01-23 16:09:17.000,2025-01-23 16:09:17.000,49809599.0,25627.0,62597148.0,225.0,original,225.0,original,227.0,original,11.0,original,10.0,original,11.0,original,49.99,original,0.5216,original,49809599.0,original,25627.0,original,62597148.0,original,35882600.0,original,-105.0,original
3621934.0,37.0,2025-01-23 16:20:00,WITEL_AHU_L8,35889000.0,227.0,226.0,228.0,11.0,10.0,11.0,49.99,0.5223,2025-01-23 16:19:09.000,2025-01-23 16:19:09.000,2025-01-23 16:19:09.000,49819928.0,25627.0,62609352.0,227.0,original,226.0,original,228.0,original,11.0,original,10.0,original,11.0,original,49.99,original,0.5223,original,49819928.0,original,25627.0,original,62609352.0,original,35889000.0,original,-105.0,original
3621976.0,37.0,2025-01-23 16:40:00,WITEL_AHU_L8,35901800.0,227.0,226.0,228.0,11.0,10.0,12.0,50.01,0.5149999999999999,2025-01-23 16:39:04.000,2025-01-23 16:39:04.000,2025-01-23 16:39:04.000,49840977.0,25627.0,62634115.0,227.0,original,226.0,original,228.0,original,11.0,original,10.0,original,12.0,original,50.01,original,0.5149999999999999,original,49840977.0,original,25627.0,original,62634115.0,original,35901800.0,original,-105.0,original
3622029.0,37.0,2025-01-23 17:00:00,WITEL_AHU_L8,35914600.0,228.0,227.0,229.0,11.0,10.0,12.0,50.0,0.5062,2025-01-23 16:59:22.000,2025-01-23 16:59:22.000,2025-01-23 16:59:22.000,49861672.0,25627.0,62658547.0,228.0,original,227.0,original,229.0,original,11.0,original,10.0,original,12.0,original,50.0,original,0.5062,original,49861672.0,original,25627.0,original,62658547.0,original,35914600.0,original,-103.0,original
3622070.0,37.0,2025-01-23 17:20:00,WITEL_AHU_L8,35927300.0,227.0,226.0,228.0,11.0,10.0,12.0,50.01,0.5172,2025-01-23 17:19:20.000,2025-01-23 17:19:20.000,2025-01-23 17:19:20.000,49883083.0,25627.0,62683558.0,227.0,original,226.0,original,228.0,original,11.0,original,10.0,original,12.0,original,50.01,original,0.5172,original,49883083.0,original,25627.0,original,62683558.0,original,35927300.0,original,-103.0,original
3622104.0,37.0,2025-01-23 17:40:00,WITEL_AHU_L8,35940100.0,225.0,224.0,227.0,11.0,10.0,11.0,49.96,0.5368999999999999,2025-01-23 17:39:06.000,2025-01-23 17:39:06.000,2025-01-23 17:39:06.000,49903703.0,25627.0,62707933.0,225.0,original,224.0,original,227.0,original,11.0,original,10.0,original,11.0,original,49.96,original,0.5368999999999999,original,49903703.0,original,25627.0,original,62707933.0,original,35940100.0,original,-102.0,original
3622139.0,37.0,2025-01-23 18:00:00,WITEL_AHU_L8,35944500.0,227.0,226.0,229.0,0.0,0.0,0.0,50.04,1.0,2025-01-23 17:59:08.000,2025-01-23 17:59:08.000,2025-01-23 17:59:08.000,49910611.0,25627.0,62716132.0,227.0,original,226.0,original,229.0,original,0.0,gap_too_large,0.0,gap_too_large,0.0,gap_too_large,50.04,original,1.0,original,49910611.0,original,25627.0,original,62716132.0,original,35944500.0,original,-105.0,original
3622183.0,37.0,2025-01-23 18:20:00,WITEL_AHU_L8,35944500.0,226.0,225.0,227.0,0.0,0.0,0.0,49.98,1.0,2025-01-23 18:19:07.000,2025-01-23 18:19:07.000,2025-01-23 18:19:07.000,49910611.0,25627.0,62716132.0,226.0,original,225.0,original,227.0,original,0.0,gap_too_large,0.0,gap_too_large,0.0,gap_too_large,49.98,original,1.0,original,49910611.0,original,25627.0,original,62716132.0,original,35944500.0,original,-121.0,original
3622241.0,37.0,2025-01-23 18:40:00,WITEL_AHU_L8,35944500.0,228.0,228.0,230.0,0.0,0.0,0.0,50.04,1.0,2025-01-23 18:49:05.000,2025-01-23 18:49:05.000,2025-01-23 18:49:05.000,49910611.0,25627.0,62716132.0,228.0,original,228.0,original,230.0,original,0.0,gap_too_large,0.0,gap_too_large,0.0,gap_too_large,50.04,original,1.0,original,49910611.0,original,25627.0,original,62716132.0,original,35944500.0,original,-123.0,original
3622261.0,37.0,2025-01-23 19:00:00,WITEL_AHU_L8,35944500.0,228.0,227.0,230.0,0.0,0.0,0.0,49.95,1.0,2025-01-23 18:59:08.000,2025-01-23 18:59:08.000,2025-01-23 18:59:08.000,49910611.0,25627.0,62716132.0,228.0,original,227.0,original,230.0,original,0.0,gap_too_large,0.0,gap_too_large,0.0,gap_too_large,49.95,original,1.0,original,49910611.0,original,25627.0,original,62716132.0,original,35944500.0,original,-120.0,original
3622318.0,37.0,2025-01-23 19:20:00,WITEL_AHU_L8,35944500.0,228.0,227.0,229.0,0.0,0.0,0.0,49.95,1.0,2025-01-23 19:29:07.000,2025-01-23 19:29:07.000,2025-01-23 19:29:07.000,49910611.0,25627.0,62716132.0,228.0,original,227.0,original,229.0,original,0.0,gap_too_large,0.0,gap_too_large,0.0,gap_too_large,49.95,original,1.0,original,49910611.0,original,25627.0,original,62716132.0,original,35944500.0,original,-119.0,original
3622342.0,37.0,2025-01-23 19:40:00,WITEL_AHU_L8,35944500.0,228.0,228.0,230.0,0.0,0.0,0.0,50.05,1.0,2025-01-23 19:39:12.000,2025-01-23 19:39:12.000,2025-01-23 19:39:12.000,49910611.0,25627.0,62716132.0,228.0,original,228.0,original,230.0,original,0.0,gap_too_large,0.0,gap_too_large,0.0,gap_too_large,50.05,original,1.0,original,49910611.0,original,25627.0,original,62716132.0,original,35944500.0,original,-100.0,original
3622399.0,37.0,2025-01-23 20:00:00,WITEL_AHU_L8,35944500.0,227.0,227.0,229.0,0.0,0.0,0.0,49.98,1.0,2025-01-23 20:09:01.000,2025-01-23 20:09:01.000,2025-01-23 20:09:01.000,49910611.0,25627.0,62716132.0,227.0,original,227.0,original,229.0,original,0.0,gap_too_large,0.0,gap_too_large,0.0,gap_too_large,49.98,original,1.0,original,49910611.0,original,25627.0,original,62716132.0,original,35944500.0,original,-105.0,original
3622426.0,37.0,2025-01-23 20:20:00,WITEL_AHU_L8,35944500.0,227.0,226.0,229.0,0.0,0.0,0.0,50.02,1.0,2025-01-23 20:19:12.000,2025-01-23 20:19:12.000,2025-01-23 20:19:12.000,49910611.0,25627.0,62716132.0,227.0,original,226.0,original,229.0,original,0.0,gap_too_large,0.0,gap_too_large,0.0,gap_too_large,50.02,original,1.0,original,49910611.0,original,25627.0,original,62716132.0,original,35944500.0,original,-119.0,original
3622486.0,37.0,2025-01-23 20:40:00,WITEL_AHU_L8,35944500.0,227.0,227.0,229.0,0.0,0.0,0.0,49.96,1.0,2025-01-23 20:49:07.000,2025-01-23 20:49:07.000,2025-01-23 20:49:07.000,49910611.0,25627.0,62716132.0,227.0,original,227.0,original,229.0,original,0.0,gap_too_large,0.0,gap_too_large,0.0,gap_too_large,49.96,original,1.0,original,49910611.0,original,25627.0,original,62716132.0,original,35944500.0,original,-123.0,original
3622508.0,37.0,2025-01-23 21:00:00,WITEL_AHU_L8,35944500.0,228.0,227.0,229.0,0.0,0.0,0.0,50.05,1.0,2025-01-23 20:59:12.000,2025-01-23 20:59:12.000,2025-01-23 20:59:12.000,49910611.0,25627.0,62716132.0,228.0,original,227.0,original,229.0,original,0.0,gap_too_large,0.0,gap_too_large,0.0,gap_too_large,50.05,original,1.0,original,49910611.0,original,25627.0,original,62716132.0,original,35944500.0,original,-100.0,original
3622569.0,37.0,2025-01-23 21:20:00,WITEL_AHU_L8,35944500.0,229.0,229.0,231.0,0.0,0.0,0.0,50.02,1.0,2025-01-23 21:29:12.000,2025-01-23 21:29:12.000,2025-01-23 21:29:12.000,49910611.0,25627.0,62716132.0,229.0,original,229.0,original,231.0,original,0.0,gap_too_large,0.0,gap_too_large,0.0,gap_too_large,50.02,original,1.0,original,49910611.0,original,25627.0,original,62716132.0,original,35944500.0,original,-113.0,original
3622597.0,37.0,2025-01-23 21:40:00,WITEL_AHU_L8,35944500.0,229.0,229.0,231.0,0.0,0.0,0.0,50.03,1.0,2025-01-23 21:39:20.000,2025-01-23 21:39:20.000,2025-01-23 21:39:20.000,49910611.0,25627.0,62716132.0,229.0,original,229.0,original,231.0,original,0.0,gap_too_large,0.0,gap_too_large,0.0,gap_too_large,50.03,original,1.0,original,49910611.0,original,25627.0,original,62716132.0,original,35944500.0,original,-119.0,original
3622654.0,37.0,2025-01-23 22:00:00,WITEL_AHU_L8,35944500.0,230.0,230.0,232.0,0.0,0.0,0.0,50.02,1.0,2025-01-23 22:09:17.000,2025-01-23 22:09:17.000,2025-01-23 22:09:17.000,49910611.0,25627.0,62716132.0,230.0,original,230.0,original,232.0,original,0.0,gap_too_large,0.0,gap_too_large,0.0,gap_too_large,50.02,original,1.0,original,49910611.0,original,25627.0,original,62716132.0,original,35944500.0,original,-113.0,original
3622668.0,37.0,2025-01-23 22:20:00,WITEL_AHU_L8,35944500.0,230.0,229.0,232.0,0.0,0.0,0.0,49.95,1.0,2025-01-23 22:19:04.000,2025-01-23 22:19:04.000,2025-01-23 22:19:04.000,49910611.0,25627.0,62716132.0,230.0,original,229.0,original,232.0,original,0.0,gap_too_large,0.0,gap_too_large,0.0,gap_too_large,49.95,original,1.0,original,49910611.0,original,25627.0,original,62716132.0,original,35944500.0,original,-119.0,original
3622724.0,37.0,2025-01-23 22:40:00,WITEL_AHU_L8,35944500.0,227.0,227.0,229.0,0.0,0.0,0.0,49.99,1.0,2025-01-23 22:49:02.000,2025-01-23 22:49:02.000,2025-01-23 22:49:02.000,49910611.0,25627.0,62716132.0,227.0,original,227.0,original,229.0,original,0.0,gap_too_large,0.0,gap_too_large,0.0,gap_too_large,49.99,original,1.0,original,49910611.0,original,25627.0,original,62716132.0,original,35944500.0,original,-121.0,original
3622747.0,37.0,2025-01-23 23:00:00,WITEL_AHU_L8,35944500.0,228.0,228.0,230.0,0.0,0.0,0.0,50.02,1.0,2025-01-23 22:59:08.000,2025-01-23 22:59:08.000,2025-01-23 22:59:08.000,49910611.0,25627.0,62716132.0,228.0,original,228.0,original,230.0,original,0.0,gap_too_large,0.0,gap_too_large,0.0,gap_too_large,50.02,original,1.0,original,49910611.0,original,25627.0,original,62716132.0,original,35944500.0,original,-101.0,original
3622829.0,37.0,2025-01-23 23:20:00,WITEL_AHU_L8,35944500.0,228.0,228.0,229.0,0.0,0.0,0.0,50.01,1.0,2025-01-23 23:35:30.000,2025-01-23 23:35:30.000,2025-01-23 23:35:30.000,49910611.0,25627.0,62716132.0,228.0,original,228.0,original,229.0,original,0.0,gap_too_large,0.0,gap_too_large,0.0,gap_too_large,50.01,original,1.0,original,49910611.0,original,25627.0,original,62716132.0,original,35944500.0,original,-118.0,original
3622877.0,37.0,2025-01-23 23:40:00,WITEL_AHU_L8,35944500.0,229.0,228.0,230.0,0.0,0.0,0.0,50.06,1.0,2025-01-23 23:49:17.000,2025-01-23 23:49:17.000,2025-01-23 23:49:17.000,49910611.0,25627.0,62716132.0,229.0,original,228.0,original,230.0,original,0.0,gap_too_large,0.0,gap_too_large,0.0,gap_too_large,50.06,original,1.0,original,49910611.0,original,25627.0,original,62716132.0,original,35944500.0,original,-101.0,original
3622893.0,37.0,2025-01-24 00:00:00,WITEL_AHU_L8,35944500.0,229.0,229.0,231.0,0.0,0.0,0.0,50.08,1.0,2025-01-23 23:59:10.000,2025-01-23 23:59:10.000,2025-01-23 23:59:10.000,49910611.0,25627.0,62716132.0,229.0,original,229.0,original,231.0,original,0.0,gap_too_large,0.0,gap_too_large,0.0,gap_too_large,50.08,original,1.0,original,49910611.0,original,25627.0,original,62716132.0,original,35944500.0,original,-118.0,original
3622961.0,37.0,2025-01-24 00:20:00,WITEL_AHU_L8,35944500.0,229.0,229.0,231.0,0.0,0.0,0.0,50.02,1.0,2025-01-24 00:29:05.000,2025-01-24 00:29:05.000,2025-01-24 00:29:05.000,49910611.0,25627.0,62716132.0,229.0,original,229.0,original,231.0,original,0.0,gap_too_large,0.0,gap_too_large,0.0,gap_too_large,50.02,original,1.0,original,49910611.0,original,25627.0,original,62716132.0,original,35944500.0,original,-119.0,original
3622992.0,37.0,2025-01-24 00:40:00,WITEL_AHU_L8,35944500.0,230.0,229.0,232.0,0.0,0.0,0.0,49.98,1.0,2025-01-24 00:39:21.000,2025-01-24 00:39:21.000,2025-01-24 00:39:21.000,49910611.0,25627.0,62716132.0,230.0,original,229.0,original,232.0,original,0.0,gap_too_large,0.0,gap_too_large,0.0,gap_too_large,49.98,original,1.0,original,49910611.0,original,25627.0,original,62716132.0,original,35944500.0,original,-102.0,original
3623056.0,37.0,2025-01-24 01:00:00,WITEL_AHU_L8,35944500.0,230.0,229.0,232.0,0.0,0.0,0.0,49.99,1.0,2025-01-24 01:09:08.000,2025-01-24 01:09:08.000,2025-01-24 01:09:08.000,49910611.0,25627.0,62716132.0,230.0,original,229.0,original,232.0,original,0.0,gap_too_large,0.0,gap_too_large,0.0,gap_too_large,49.99,original,1.0,original,49910611.0,original,25627.0,original,62716132.0,original,35944500.0,original,-119.0,original
3623088.0,37.0,2025-01-24 01:20:00,WITEL_AHU_L8,35944500.0,230.0,229.0,232.0,0.0,0.0,0.0,49.99,1.0,2025-01-24 01:19:18.000,2025-01-24 01:19:18.000,2025-01-24 01:19:18.000,49910611.0,25627.0,62716132.0,230.0,original,229.0,original,232.0,original,0.0,gap_too_large,0.0,gap_too_large,0.0,gap_too_large,49.99,original,1.0,original,49910611.0,original,25627.0,original,62716132.0,original,35944500.0,original,-100.0,original
3623130.0,37.0,2025-01-24 01:40:00,WITEL_AHU_L8,35944500.0,230.0,230.0,232.0,0.0,0.0,0.0,50.02,1.0,2025-01-24 01:39:09.000,2025-01-24 01:39:09.000,2025-01-24 01:39:09.000,49910611.0,25627.0,62716132.0,230.0,original,230.0,original,232.0,original,0.0,gap_too_large,0.0,gap_too_large,0.0,gap_too_large,50.02,original,1.0,original,49910611.0,original,25627.0,original,62716132.0,original,35944500.0,original,-109.0,original
3623178.0,37.0,2025-01-24 02:00:00,WITEL_AHU_L8,35944500.0,230.0,230.0,232.0,0.0,0.0,0.0,50.0,1.0,2025-01-24 01:59:13.000,2025-01-24 01:59:13.000,2025-01-24 01:59:13.000,49910611.0,25627.0,62716132.0,230.0,original,230.0,original,232.0,original,0.0,gap_too_large,0.0,gap_too_large,0.0,gap_too_large,50.0,original,1.0,original,49910611.0,original,25627.0,original,62716132.0,original,35944500.0,original,-102.0,original
3623218.0,37.0,2025-01-24 02:20:00,WITEL_AHU_L8,35944500.0,231.0,231.0,233.0,0.0,0.0,0.0,49.99,1.0,2025-01-24 02:19:07.000,2025-01-24 02:19:07.000,2025-01-24 02:19:07.000,49910611.0,25627.0,62716132.0,231.0,original,231.0,original,233.0,original,0.0,gap_too_large,0.0,gap_too_large,0.0,gap_too_large,49.99,original,1.0,original,49910611.0,original,25627.0,original,62716132.0,original,35944500.0,original,-121.0,original
3623265.0,37.0,2025-01-24 02:40:00,WITEL_AHU_L8,35944500.0,229.0,228.0,230.0,0.0,0.0,0.0,50.02,1.0,2025-01-24 02:39:10.000,2025-01-24 02:39:10.000,2025-01-24 02:39:10.000,49910611.0,25627.0,62716132.0,229.0,original,228.0,original,230.0,original,0.0,gap_too_large,0.0,gap_too_large,0.0,gap_too_large,50.02,original,1.0,original,49910611.0,original,25627.0,original,62716132.0,original,35944500.0,original,-105.0,original
3623265.0,,2025-01-24 03:00:00,WITEL_AHU_L8,35944500.0,229.0,228.5,230.5,0.0,0.0,0.0,49.995000000000005,1.0,,,,49910611.0,25627.0,62716132.0,229.0,interpolated,228.5,interpolated,230.5,interpolated,0.0,gap_too_large,0.0,gap_too_large,0.0,gap_too_large,49.995000000000005,interpolated,1.0,interpolated,49910611.0,interpolated,25627.0,interpolated,62716132.0,interpolated,35944500.0,interpolated,-103.0,interpolated
3623359.0,37.0,2025-01-24 03:20:00,WITEL_AHU_L8,35944500.0,229.0,229.0,231.0,0.0,0.0,0.0,49.97,1.0,2025-01-24 03:19:13.000,2025-01-24 03:19:13.000,2025-01-24 03:19:13.000,49910611.0,25627.0,62716132.0,229.0,original,229.0,original,231.0,original,0.0,gap_too_large,0.0,gap_too_large,0.0,gap_too_large,49.97,original,1.0,original,49910611.0,original,25627.0,original,62716132.0,original,35944500.0,original,-101.0,original
3623429.0,37.0,2025-01-24 03:40:00,WITEL_AHU_L8,35944500.0,229.0,229.0,231.0,0.0,0.0,0.0,50.0,1.0,2025-01-24 03:49:21.000,2025-01-24 03:49:21.000,2025-01-24 03:49:21.000,49910611.0,25627.0,62716132.0,229.0,original,229.0,original,231.0,original,0.0,gap_too_large,0.0,gap_too_large,0.0,gap_too_large,50.0,original,1.0,original,49910611.0,original,25627.0,original,62716132.0,original,35944500.0,original,-102.0,original
3623439.0,37.0,2025-01-24 04:00:00,WITEL_AHU_L8,35944500.0,229.0,229.0,231.0,0.0,0.0,0.0,49.99,1.0,2025-01-24 03:59:02.000,2025-01-24 03:59:02.000,2025-01-24 03:59:02.000,49910611.0,25627.0,62716132.0,229.0,original,229.0,original,231.0,original,0.0,gap_too_large,0.0,gap_too_large,0.0,gap_too_large,49.99,original,1.0,original,49910611.0,original,25627.0,original,62716132.0,original,35944500.0,original,-118.0,original
3623511.0,37.0,2025-01-24 04:20:00,WITEL_AHU_L8,35944500.0,229.0,229.0,231.0,0.0,0.0,0.0,50.0,1.0,2025-01-24 04:29:08.000,2025-01-24 04:29:08.000,2025-01-24 04:29:08.000,49910611.0,25627.0,62716132.0,229.0,original,229.0,original,231.0,original,0.0,gap_too_large,0.0,gap_too_large,0.0,gap_too_large,50.0,original,1.0,original,49910611.0,original,25627.0,original,62716132.0,original,35944500.0,original,-101.0,original
3623538.0,37.0,2025-01-24 04:40:00,WITEL_AHU_L8,35944500.0,229.0,228.0,231.0,0.0,0.0,0.0,50.0,1.0,2025-01-24 04:39:12.000,2025-01-24 04:39:12.000,2025-01-24 04:39:12.000,49910611.0,25627.0,62716132.0,229.0,original,228.0,original,231.0,original,0.0,gap_too_large,0.0,gap_too_large,0.0,gap_too_large,50.0,original,1.0,original,49910611.0,original,25627.0,original,62716132.0,original,35944500.0,original,-119.0,original
3623538.0,,2025-01-24 05:00:00,WITEL_AHU_L8,35944500.0,228.0,227.5,230.0,0.0,0.0,0.0,50.004999999999995,1.0,,,,49910611.0,25627.0,62716132.0,228.0,interpolated,227.5,interpolated,230.0,interpolated,0.0,gap_too_large,0.0,gap_too_large,0.0,gap_too_large,50.004999999999995,interpolated,1.0,interpolated,49910611.0,interpolated,25627.0,interpolated,62716132.0,interpolated,35944500.0,interpolated,-109.0,interpolated
3623630.0,37.0,2025-01-24 05:20:00,WITEL_AHU_L8,35944500.0,227.0,227.0,229.0,0.0,0.0,0.0,50.01,1.0,2025-01-24 05:19:11.000,2025-01-24 05:19:11.000,2025-01-24 05:19:11.000,49910611.0,25627.0,62716132.0,227.0,original,227.0,original,229.0,original,0.0,gap_too_large,0.0,gap_too_large,0.0,gap_too_large,50.01,original,1.0,original,49910611.0,original,25627.0,original,62716132.0,original,35944500.0,original,-99.0,original
3623677.0,37.0,2025-01-24 05:40:00,WITEL_AHU_L8,35944500.0,227.0,226.0,228.0,0.0,0.0,0.0,49.97,1.0,2025-01-24 05:39:17.000,2025-01-24 05:39:17.000,2025-01-24 05:39:17.000,49910611.0,25627.0,62716132.0,227.0,original,226.0,original,228.0,original,0.0,gap_too_large,0.0,gap_too_large,0.0,gap_too_large,49.97,original,1.0,original,49910611.0,original,25627.0,original,62716132.0,original,35944500.0,original,-119.0,original
3623725.0,37.0,2025-01-24 06:00:00,WITEL_AHU_L8,35944500.0,226.0,226.0,227.0,0.0,0.0,0.0,50.02,1.0,2025-01-24 05:59:21.000,2025-01-24 05:59:21.000,2025-01-24 05:59:21.000,49910611.0,25627.0,62716132.0,226.0,original,226.0,original,227.0,original,0.0,gap_too_large,0.0,gap_too_large,0.0,gap_too_large,50.02,original,1.0,original,49910611.0,original,25627.0,original,62716132.0,original,35944500.0,original,-102.0,original
3623759.0,37.0,2025-01-24 06:20:00,WITEL_AHU_L8,35944500.0,227.0,226.0,228.0,0.0,0.0,0.0,50.0,1.0,2025-01-24 06:19:03.000,2025-01-24 06:19:03.000,2025-01-24 06:19:03.000,49910611.0,25627.0,62716132.0,227.0,original,226.0,original,228.0,original,0.0,gap_too_large,0.0,gap_too_large,0.0,gap_too_large,50.0,original,1.0,original,49910611.0,original,25627.0,original,62716132.0,original,35944500.0,original,-118.0,original
3623816.0,37.0,2025-01-24 06:40:00,WITEL_AHU_L8,35944500.0,226.0,226.0,228.0,0.0,0.0,0.0,50.04,1.0,2025-01-24 06:39:16.000,2025-01-24 06:39:16.000,2025-01-24 06:39:16.000,49910611.0,25627.0,62716132.0,226.0,original,226.0,original,228.0,original,0.0,gap_too_large,0.0,gap_too_large,0.0,gap_too_large,50.04,original,1.0,original,49910611.0,original,25627.0,original,62716132.0,original,35944500.0,original,-107.0,original
3623889.0,37.0,2025-01-24 07:00:00,WITEL_AHU_L8,35944500.0,225.0,224.0,226.0,0.0,0.0,0.0,50.03,1.0,2025-01-24 07:09:15.000,2025-01-24 07:09:15.000,2025-01-24 07:09:15.000,49910611.0,25627.0,62716132.0,225.0,original,224.0,original,226.0,original,0.0,gap_too_large,0.0,gap_too_large,0.0,gap_too_large,50.03,original,1.0,original,49910611.0,original,25627.0,original,62716132.0,original,35944500.0,original,-117.0,original
3623913.0,37.0,2025-01-24 07:20:00,WITEL_AHU_L8,35944500.0,227.0,226.0,228.0,0.0,0.0,0.0,50.04,1.0,2025-01-24 07:19:19.000,2025-01-24 07:19:19.000,2025-01-24 07:19:19.000,49910611.0,25627.0,62716132.0,227.0,original,226.0,original,228.0,original,0.0,gap_too_large,0.0,gap_too_large,0.0,gap_too_large,50.04,original,1.0,original,49910611.0,original,25627.0,original,62716132.0,original,35944500.0,original,-102.0,original
3623980.0,37.0,2025-01-24 07:40:00,WITEL_AHU_L8,35944500.0,222.0,221.0,224.0,0.0,0.0,0.0,50.05,1.0,2025-01-24 07:42:53.000,2025-01-24 07:42:53.000,2025-01-24 07:42:53.000,49910611.0,25627.0,62716132.0,222.0,original,221.0,original,224.0,original,0.0,gap_too_large,0.0,gap_too_large,0.0,gap_too_large,50.05,original,1.0,original,49910611.0,original,25627.0,original,62716132.0,original,35944500.0,original,-101.0,original
3623980.0,,2025-01-24 08:00:00,WITEL_AHU_L8,35944500.0,223.0,222.0,224.5,0.0,0.0,0.0,50.05,1.0,,,,49910611.0,25627.0,62716132.0,223.0,interpolated,222.0,interpolated,224.5,interpolated,0.0,gap_too_large,0.0,gap_too_large,0.0,gap_too_large,50.05,interpolated,1.0,interpolated,49910611.0,interpolated,25627.0,interpolated,62716132.0,interpolated,35944500.0,interpolated,-108.0,interpolated
3624046.0,37.0,2025-01-24 08:20:00,WITEL_AHU_L8,35944500.0,224.0,223.0,225.0,0.0,0.0,0.0,50.05,1.0,2025-01-24 08:19:14.000,2025-01-24 08:19:14.000,2025-01-24 08:19:14.000,49910611.0,25627.0,62716132.0,224.0,original,223.0,original,225.0,original,0.0,gap_too_large,0.0,gap_too_large,0.0,gap_too_large,50.05,original,1.0,original,49910611.0,original,25627.0,original,62716132.0,original,35944500.0,original,-115.0,original
3624091.0,37.0,2025-01-24 08:40:00,WITEL_AHU_L8,35944500.0,223.0,222.0,224.0,0.0,0.0,0.0,49.99,1.0,2025-01-24 08:39:20.000,2025-01-24 08:39:20.000,2025-01-24 08:39:20.000,49910611.0,25627.0,62716132.0,223.0,original,222.0,original,224.0,original,0.0,gap_too_large,0.0,gap_too_large,0.0,gap_too_large,49.99,original,1.0,original,49910611.0,original,25627.0,original,62716132.0,original,35944500.0,original,-115.0,original
3624132.0,37.0,2025-01-24 09:00:00,WITEL_AHU_L8,35944500.0,224.0,223.0,226.0,0.0,0.0,0.0,50.04,1.0,2025-01-24 08:59:14.000,2025-01-24 08:59:14.000,2025-01-24 08:59:14.000,49910611.0,25627.0,62716132.0,224.0,original,223.0,original,226.0,original,0.0,gap_too_large,0.0,gap_too_large,0.0,gap_too_large,50.04,original,1.0,original,49910611.0,original,25627.0,original,62716132.0,original,35944500.0,original,-115.0,original
3624169.0,37.0,2025-01-24 09:20:00,WITEL_AHU_L8,35944500.0,224.0,223.0,225.0,0.0,0.0,0.0,49.99,1.0,2025-01-24 09:19:09.000,2025-01-24 09:19:09.000,2025-01-24 09:19:09.000,49910611.0,25627.0,62716132.0,224.0,original,223.0,original,225.0,original,0.0,gap_too_large,0.0,gap_too_large,0.0,gap_too_large,49.99,original,1.0,original,49910611.0,original,25627.0,original,62716132.0,original,35944500.0,original,-115.0,original
3624230.0,37.0,2025-01-24 09:40:00,WITEL_AHU_L8,35944500.0,223.0,222.0,224.0,0.0,0.0,0.0,49.99,1.0,2025-01-24 09:48:59.000,2025-01-24 09:48:59.000,2025-01-24 09:48:59.000,49910611.0,25627.0,62716132.0,223.0,original,222.0,original,224.0,original,0.0,gap_too_large,0.0,gap_too_large,0.0,gap_too_large,49.99,original,1.0,original,49910611.0,original,25627.0,original,62716132.0,original,35944500.0,original,-117.0,original
3624253.0,37.0,2025-01-24 10:00:00,WITEL_AHU_L8,35944500.0,222.0,222.0,224.0,0.0,0.0,0.0,50.0,1.0,2025-01-24 09:59:04.000,2025-01-24 09:59:04.000,2025-01-24 09:59:04.000,49910611.0,25627.0,62716132.0,222.0,original,222.0,original,224.0,original,0.0,gap_too_large,0.0,gap_too_large,0.0,gap_too_large,50.0,original,1.0,original,49910611.0,original,25627.0,original,62716132.0,original,35944500.0,original,-121.0,original
3624303.0,37.0,2025-01-24 10:20:00,WITEL_AHU_L8,35944500.0,224.0,223.0,226.0,0.0,0.0,0.0,49.97,1.0,2025-01-24 10:19:18.000,2025-01-24 10:19:18.000,2025-01-24 10:19:18.000,49910611.0,25627.0,62716132.0,224.0,original,223.0,original,226.0,original,0.0,gap_too_large,0.0,gap_too_large,0.0,gap_too_large,49.97,original,1.0,original,49910611.0,original,25627.0,original,62716132.0,original,35944500.0,original,-103.0,original
3624340.0,37.0,2025-01-24 10:40:00,WITEL_AHU_L8,35944500.0,224.0,224.0,226.0,0.0,0.0,0.0,49.98,1.0,2025-01-24 10:39:02.000,2025-01-24 10:39:02.000,2025-01-24 10:39:02.000,49910611.0,25627.0,62716132.0,224.0,original,224.0,original,226.0,original,0.0,gap_too_large,0.0,gap_too_large,0.0,gap_too_large,49.98,original,1.0,original,49910611.0,original,25627.0,original,62716132.0,original,35944500.0,original,-117.0,original
3624395.0,37.0,2025-01-24 11:00:00,WITEL_AHU_L8,35944500.0,225.0,224.0,226.0,0.0,0.0,0.0,49.99,1.0,2025-01-24 10:59:17.000,2025-01-24 10:59:17.000,2025-01-24 10:59:17.000,49910611.0,25627.0,62716132.0,225.0,original,224.0,original,226.0,original,0.0,gap_too_large,0.0,gap_too_large,0.0,gap_too_large,49.99,original,1.0,original,49910611.0,original,25627.0,original,62716132.0,original,35944500.0,original,-117.0,original
3624432.0,37.0,2025-01-24 11:20:00,WITEL_AHU_L8,35944500.0,224.0,223.0,226.0,0.0,0.0,0.0,50.01,1.0,2025-01-24 11:19:11.000,2025-01-24 11:19:11.000,2025-01-24 11:19:11.000,49910611.0,25627.0,62716132.0,224.0,original,223.0,original,226.0,original,0.0,gap_too_large,0.0,gap_too_large,0.0,gap_too_large,50.01,original,1.0,original,49910611.0,original,25627.0,original,62716132.0,original,35944500.0,original,-101.0,original
3624479.0,37.0,2025-01-24 11:40:00,WITEL_AHU_L8,35944500.0,226.0,225.0,227.0,0.0,0.0,0.0,50.03,1.0,2025-01-24 11:39:12.000,2025-01-24 11:39:12.000,2025-01-24 11:39:12.000,49910611.0,25627.0,62716132.0,226.0,original,225.0,original,227.0,original,0.0,gap_too_large,0.0,gap_too_large,0.0,gap_too_large,50.03,original,1.0,original,49910611.0,original,25627.0,original,62716132.0,original,35944500.0,original,-117.0,original
3624516.0,37.0,2025-01-24 12:00:00,WITEL_AHU_L8,35944500.0,227.0,226.0,229.0,0.0,0.0,0.0,49.96,1.0,2025-01-24 11:59:13.000,2025-01-24 11:59:13.000,2025-01-24 11:59:13.000,49910611.0,25627.0,62716132.0,227.0,original,226.0,original,229.0,original,0.0,gap_too_large,0.0,gap_too_large,0.0,gap_too_large,49.96,original,1.0,original,49910611.0,original,25627.0,original,62716132.0,original,35944500.0,original,-101.0,original
3624548.0,37.0,2025-01-24 12:20:00,WITEL_AHU_L8,35944500.0,228.0,227.0,229.0,0.0,0.0,0.0,49.98,1.0,2025-01-24 12:19:01.000,2025-01-24 12:19:01.000,2025-01-24 12:19:01.000,49910611.0,25627.0,62716132.0,228.0,original,227.0,original,229.0,original,0.0,gap_too_large,0.0,gap_too_large,0.0,gap_too_large,49.98,original,1.0,original,49910611.0,original,25627.0,original,62716132.0,original,35944500.0,original,-117.0,original
3624596.0,37.0,2025-01-24 12:40:00,WITEL_AHU_L8,35944500.0,228.0,227.0,229.0,0.0,0.0,0.0,49.99,1.0,2025-01-24 12:39:03.000,2025-01-24 12:39:03.000,2025-01-24 12:39:03.000,49910611.0,25627.0,62716132.0,228.0,original,227.0,original,229.0,original,0.0,gap_too_large,0.0,gap_too_large,0.0,gap_too_large,49.99,original,1.0,original,49910611.0,original,25627.0,original,62716132.0,original,35944500.0,original,-120.0,original
3624638.0,37.0,2025-01-24 13:00:00,WITEL_AHU_L8,35944500.0,226.0,225.0,228.0,0.0,0.0,0.0,49.98,1.0,2025-01-24 12:59:01.000,2025-01-24 12:59:01.000,2025-01-24 12:59:01.000,49910611.0,25627.0,62716132.0,226.0,original,225.0,original,228.0,original,0.0,gap_too_large,0.0,gap_too_large,0.0,gap_too_large,49.98,original,1.0,original,49910611.0,original,25627.0,original,62716132.0,original,35944500.0,original,-118.0,original
3624705.0,37.0,2025-01-24 13:20:00,WITEL_AHU_L8,35944500.0,225.0,224.0,226.0,0.0,0.0,0.0,50.07,1.0,2025-01-24 13:29:03.000,2025-01-24 13:29:03.000,2025-01-24 13:29:03.000,49910611.0,25627.0,62716132.0,225.0,original,224.0,original,226.0,original,0.0,gap_too_large,0.0,gap_too_large,0.0,gap_too_large,50.07,original,1.0,original,49910611.0,original,25627.0,original,62716132.0,original,35944500.0,original,-120.0,original
3624726.0,37.0,2025-01-24 13:40:00,WITEL_AHU_L8,35944500.0,224.0,223.0,225.0,0.0,0.0,0.0,50.0,1.0,2025-01-24 13:39:09.000,2025-01-24 13:39:09.000,2025-01-24 13:39:09.000,49910611.0,25627.0,62716132.0,224.0,original,223.0,original,225.0,original,0.0,gap_too_large,0.0,gap_too_large,0.0,gap_too_large,50.0,original,1.0,original,49910611.0,original,25627.0,original,62716132.0,original,35944500.0,original,-117.0,original
3624768.0,37.0,2025-01-24 14:00:00,WITEL_AHU_L8,35944500.0,224.0,223.0,226.0,0.0,0.0,0.0,50.05,1.0,2025-01-24 13:59:08.000,2025-01-24 13:59:08.000,2025-01-24 13:59:08.000,49910611.0,25627.0,62716132.0,224.0,original,223.0,original,226.0,original,0.0,gap_too_large,0.0,gap_too_large,0.0,gap_too_large,50.05,original,1.0,original,49910611.0,original,25627.0,original,62716132.0,original,35944500.0,original,-106.0,original
3624843.0,37.0,2025-01-24 14:20:00,WITEL_AHU_L8,35944500.0,223.0,223.0,225.0,0.0,0.0,0.0,50.03,1.0,2025-01-24 14:29:21.000,2025-01-24 14:29:21.000,2025-01-24 14:29:21.000,49910611.0,25627.0,62716132.0,223.0,original,223.0,original,225.0,original,0.0,gap_too_large,0.0,gap_too_large,0.0,gap_too_large,50.03,original,1.0,original,49910611.0,original,25627.0,original,62716132.0,original,35944500.0,original,-103.0,original
3624857.0,37.0,2025-01-24 14:40:00,WITEL_AHU_L8,35944500.0,224.0,223.0,226.0,0.0,0.0,0.0,50.04,1.0,2025-01-24 14:39:12.000,2025-01-24 14:39:12.000,2025-01-24 14:39:12.000,49910611.0,25627.0,62716132.0,224.0,original,223.0,original,226.0,original,0.0,gap_too_large,0.0,gap_too_large,0.0,gap_too_large,50.04,original,1.0,original,49910611.0,original,25627.0,original,62716132.0,original,35944500.0,original,-115.0,original
3624857.0,,2025-01-24 15:00:00,WITEL_AHU_L8,35944500.0,224.5,223.5,226.0,0.0,0.0,0.0,50.004999999999995,1.0,,,,49910611.0,25627.0,62716132.0,224.5,interpolated,223.5,interpolated,226.0,interpolated,0.0,gap_too_large,0.0,gap_too_large,0.0,gap_too_large,50.004999999999995,interpolated,1.0,interpolated,49910611.0,interpolated,25627.0,interpolated,62716132.0,interpolated,35944500.0,interpolated,-108.0,interpolated
3624945.0,37.0,2025-01-24 15:20:00,WITEL_AHU_L8,35944500.0,225.0,224.0,226.0,0.0,0.0,0.0,49.97,1.0,2025-01-24 15:19:17.000,2025-01-24 15:19:17.000,2025-01-24 15:19:17.000,49910611.0,25627.0,62716132.0,225.0,original,224.0,original,226.0,original,0.0,gap_too_large,0.0,gap_too_large,0.0,gap_too_large,49.97,original,1.0,original,49910611.0,original,25627.0,original,62716132.0,original,35944500.0,original,-101.0,original
3624999.0,37.0,2025-01-24 15:40:00,WITEL_AHU_L8,35944500.0,225.0,224.0,227.0,0.0,0.0,0.0,50.01,1.0,2025-01-24 15:42:47.000,2025-01-24 15:42:47.000,2025-01-24 15:42:47.000,49910611.0,25627.0,62716132.0,225.0,original,224.0,original,227.0,original,0.0,gap_too_large,0.0,gap_too_large,0.0,gap_too_large,50.01,original,1.0,original,49910611.0,original,25627.0,original,62716132.0,original,35944500.0,original,-121.0,original
3625039.0,37.0,2025-01-24 16:00:00,WITEL_AHU_L8,35944500.0,226.0,225.0,228.0,0.0,0.0,0.0,50.03,1.0,2025-01-24 15:59:08.000,2025-01-24 15:59:08.000,2025-01-24 15:59:08.000,49910611.0,25627.0,62716132.0,226.0,original,225.0,original,228.0,original,0.0,gap_too_large,0.0,gap_too_large,0.0,gap_too_large,50.03,original,1.0,original,49910611.0,original,25627.0,original,62716132.0,original,35944500.0,original,-100.0,original
3625092.0,37.0,2025-01-24 16:20:00,WITEL_AHU_L8,35944500.0,227.0,226.0,229.0,0.0,0.0,0.0,50.03,1.0,2025-01-24 16:19:03.000,2025-01-24 16:19:03.000,2025-01-24 16:19:03.000,49910611.0,25627.0,62716132.0,227.0,original,226.0,original,229.0,original,0.0,gap_too_large,0.0,gap_too_large,0.0,gap_too_large,50.03,original,1.0,original,49910611.0,original,25627.0,original,62716132.0,original,35944500.0,original,-101.0,original
3625204.0,37.0,2025-01-24 16:40:00,WITEL_AHU_L8,35944500.0,230.0,229.0,231.0,0.0,0.0,0.0,49.97,1.0,2025-01-24 16:39:22.000,2025-01-24 16:39:22.000,2025-01-24 16:39:22.000,49910611.0,25627.0,62716132.0,230.0,original,229.0,original,231.0,original,0.0,gap_too_large,0.0,gap_too_large,0.0,gap_too_large,49.97,original,1.0,original,49910611.0,original,25627.0,original,62716132.0,original,35944500.0,original,-119.0,original
3625338.0,37.0,2025-01-24 17:00:00,WITEL_AHU_L8,35944500.0,230.0,229.0,231.0,0.0,0.0,0.0,50.01,1.0,2025-01-24 17:09:16.000,2025-01-24 17:09:16.000,2025-01-24 17:09:16.000,49910611.0,25627.0,62716132.0,230.0,original,229.0,original,231.0,original,0.0,gap_too_large,0.0,gap_too_large,0.0,gap_too_large,50.01,original,1.0,original,49910611.0,original,25627.0,original,62716132.0,original,35944500.0,original,-115.0,original
3625400.0,37.0,2025-01-24 17:20:00,WITEL_AHU_L8,35944500.0,230.0,229.0,231.0,0.0,0.0,0.0,49.96,1.0,2025-01-24 17:19:14.000,2025-01-24 17:19:14.000,2025-01-24 17:19:14.000,49910611.0,25627.0,62716132.0,230.0,original,229.0,original,231.0,original,0.0,gap_too_large,0.0,gap_too_large,0.0,gap_too_large,49.96,original,1.0,original,49910611.0,original,25627.0,original,62716132.0,original,35944500.0,original,-105.0,original
3625546.0,37.0,2025-01-24 17:40:00,WITEL_AHU_L8,35944500.0,229.0,228.0,230.0,0.0,0.0,0.0,50.0,1.0,2025-01-24 17:49:16.000,2025-01-24 17:49:16.000,2025-01-24 17:49:16.000,49910611.0,25627.0,62716132.0,229.0,original,228.0,original,230.0,original,0.0,gap_too_large,0.0,gap_too_large,0.0,gap_too_large,50.0,original,1.0,original,49910611.0,original,25627.0,original,62716132.0,original,35944500.0,original,-117.0,original
3625592.0,37.0,2025-01-24 18:00:00,WITEL_AHU_L8,35944500.0,230.0,229.0,231.0,0.0,0.0,0.0,50.03,1.0,2025-01-24 17:59:11.000,2025-01-24 17:59:11.000,2025-01-24 17:59:11.000,49910611.0,25627.0,62716132.0,230.0,original,229.0,original,231.0,original,0.0,gap_too_large,0.0,gap_too_large,0.0,gap_too_large,50.03,original,1.0,original,49910611.0,original,25627.0,original,62716132.0,original,35944500.0,original,-101.0,original
3625732.0,37.0,2025-01-24 18:20:00,WITEL_AHU_L8,35944500.0,229.0,228.0,230.0,0.0,0.0,0.0,50.03,1.0,2025-01-24 18:29:11.000,2025-01-24 18:29:11.000,2025-01-24 18:29:11.000,49910611.0,25627.0,62716132.0,229.0,original,228.0,original,230.0,original,0.0,gap_too_large,0.0,gap_too_large,0.0,gap_too_large,50.03,original,1.0,original,49910611.0,original,25627.0,original,62716132.0,original,35944500.0,original,-116.0,original
3625786.0,37.0,2025-01-24 18:40:00,WITEL_AHU_L8,35944500.0,229.0,229.0,231.0,0.0,0.0,0.0,50.03,1.0,2025-01-24 18:39:18.000,2025-01-24 18:39:18.000,2025-01-24 18:39:18.000,49910611.0,25627.0,62716132.0,229.0,original,229.0,original,231.0,original,0.0,gap_too_large,0.0,gap_too_large,0.0,gap_too_large,50.03,original,1.0,original,49910611.0,original,25627.0,original,62716132.0,original,35944500.0,original,-101.0,original
3625786.0,,2025-01-24 19:00:00,WITEL_AHU_L8,35944500.0,228.5,228.5,230.5,0.0,0.0,0.0,50.010000000000005,1.0,,,,49910611.0,25627.0,62716132.0,228.5,interpolated,228.5,interpolated,230.5,interpolated,0.0,gap_too_large,0.0,gap_too_large,0.0,gap_too_large,50.010000000000005,interpolated,1.0,interpolated,49910611.0,interpolated,25627.0,interpolated,62716132.0,interpolated,35944500.0,interpolated,-109.0,interpolated
3626000.0,37.0,2025-01-24 19:20:00,WITEL_AHU_L8,35944500.0,228.0,228.0,230.0,0.0,0.0,0.0,49.99,1.0,2025-01-24 19:29:06.000,2025-01-24 19:29:06.000,2025-01-24 19:29:06.000,49910611.0,25627.0,62716132.0,228.0,original,228.0,original,230.0,original,0.0,gap_too_large,0.0,gap_too_large,0.0,gap_too_large,49.99,original,1.0,original,49910611.0,original,25627.0,original,62716132.0,original,35944500.0,original,-117.0,original
3626052.0,37.0,2025-01-24 19:40:00,WITEL_AHU_L8,35944500.0,228.0,228.0,230.0,0.0,0.0,0.0,50.04,1.0,2025-01-24 19:39:09.000,2025-01-24 19:39:09.000,2025-01-24 19:39:09.000,49910611.0,25627.0,62716132.0,228.0,original,228.0,original,230.0,original,0.0,gap_too_large,0.0,gap_too_large,0.0,gap_too_large,50.04,original,1.0,original,49910611.0,original,25627.0,original,62716132.0,original,35944500.0,original,-119.0,original
3626154.0,37.0,2025-01-24 20:00:00,WITEL_AHU_L8,35944500.0,228.0,228.0,230.0,0.0,0.0,0.0,50.01,1.0,2025-01-24 19:59:14.000,2025-01-24 19:59:14.000,2025-01-24 19:59:14.000,49910611.0,25627.0,62716132.0,228.0,original,228.0,original,230.0,original,0.0,gap_too_large,0.0,gap_too_large,0.0,gap_too_large,50.01,original,1.0,original,49910611.0,original,25627.0,original,62716132.0,original,35944500.0,original,-118.0,original
3626294.0,37.0,2025-01-24 20:20:00,WITEL_AHU_L8,35944500.0,227.0,226.0,228.0,0.0,0.0,0.0,50.04,1.0,2025-01-24 20:29:14.000,2025-01-24 20:29:14.000,2025-01-24 20:29:14.000,49910611.0,25627.0,62716132.0,227.0,original,226.0,original,228.0,original,0.0,gap_too_large,0.0,gap_too_large,0.0,gap_too_large,50.04,original,1.0,original,49910611.0,original,25627.0,original,62716132.0,original,35944500.0,original,-118.0,original
3626378.0,37.0,2025-01-24 20:40:00,WITEL_AHU_L8,35944500.0,226.0,225.0,227.0,0.0,0.0,0.0,50.03,1.0,2025-01-24 20:49:09.000,2025-01-24 20:49:09.000,2025-01-24 20:49:09.000,49910611.0,25627.0,62716132.0,226.0,original,225.0,original,227.0,original,0.0,gap_too_large,0.0,gap_too_large,0.0,gap_too_large,50.03,original,1.0,original,49910611.0,original,25627.0,original,62716132.0,original,35944500.0,original,-119.0,original
3626434.0,37.0,2025-01-24 21:00:00,WITEL_AHU_L8,35944500.0,226.0,225.0,227.0,0.0,0.0,0.0,50.02,1.0,2025-01-24 20:59:09.000,2025-01-24 20:59:09.000,2025-01-24 20:59:09.000,49910611.0,25627.0,62716132.0,226.0,original,225.0,original,227.0,original,0.0,gap_too_large,0.0,gap_too_large,0.0,gap_too_large,50.02,original,1.0,original,49910611.0,original,25627.0,original,62716132.0,original,35944500.0,original,-112.0,original
3626536.0,37.0,2025-01-24 21:20:00,WITEL_AHU_L8,35944500.0,226.0,226.0,228.0,0.0,0.0,0.0,49.99,1.0,2025-01-24 21:19:09.000,2025-01-24 21:19:09.000,2025-01-24 21:19:09.000,49910611.0,25627.0,62716132.0,226.0,original,226.0,original,228.0,original,0.0,gap_too_large,0.0,gap_too_large,0.0,gap_too_large,49.99,original,1.0,original,49910611.0,original,25627.0,original,62716132.0,original,35944500.0,original,-117.0,original
3626614.0,37.0,2025-01-24 21:40:00,WITEL_AHU_L8,35944500.0,227.0,226.0,228.0,0.0,0.0,0.0,50.03,1.0,2025-01-24 21:39:04.000,2025-01-24 21:39:04.000,2025-01-24 21:39:04.000,49910611.0,25627.0,62716132.0,227.0,original,226.0,original,228.0,original,0.0,gap_too_large,0.0,gap_too_large,0.0,gap_too_large,50.03,original,1.0,original,49910611.0,original,25627.0,original,62716132.0,original,35944500.0,original,-112.0,original
3626730.0,37.0,2025-01-24 22:00:00,WITEL_AHU_L8,35944500.0,227.0,226.0,228.0,0.0,0.0,0.0,50.06,1.0,2025-01-24 21:59:11.000,2025-01-24 21:59:11.000,2025-01-24 21:59:11.000,49910611.0,25627.0,62716132.0,227.0,original,226.0,original,228.0,original,0.0,gap_too_large,0.0,gap_too_large,0.0,gap_too_large,50.06,original,1.0,original,49910611.0,original,25627.0,original,62716132.0,original,35944500.0,original,-101.0,original
3626816.0,37.0,2025-01-24 22:20:00,WITEL_AHU_L8,35944500.0,227.0,227.0,229.0,0.0,0.0,0.0,50.05,1.0,2025-01-24 22:19:12.000,2025-01-24 22:19:12.000,2025-01-24 22:19:12.000,49910611.0,25627.0,62716132.0,227.0,original,227.0,original,229.0,original,0.0,gap_too_large,0.0,gap_too_large,0.0,gap_too_large,50.05,original,1.0,original,49910611.0,original,25627.0,original,62716132.0,original,35944500.0,original,-121.0,original
3626918.0,37.0,2025-01-24 22:40:00,WITEL_AHU_L8,35944500.0,228.0,227.0,229.0,0.0,0.0,0.0,50.03,1.0,2025-01-24 22:39:06.000,2025-01-24 22:39:06.000,2025-01-24 22:39:06.000,49910611.0,25627.0,62716132.0,228.0,original,227.0,original,229.0,original,0.0,gap_too_large,0.0,gap_too_large,0.0,gap_too_large,50.03,original,1.0,original,49910611.0,original,25627.0,original,62716132.0,original,35944500.0,original,-119.0,original
3627010.0,37.0,2025-01-24 23:00:00,WITEL_AHU_L8,35944500.0,229.0,228.0,230.0,0.0,0.0,0.0,50.05,1.0,2025-01-24 22:59:04.000,2025-01-24 22:59:04.000,2025-01-24 22:59:04.000,49910611.0,25627.0,62716132.0,229.0,original,228.0,original,230.0,original,0.0,gap_too_large,0.0,gap_too_large,0.0,gap_too_large,50.05,original,1.0,original,49910611.0,original,25627.0,original,62716132.0,original,35944500.0,original,-113.0,original
3627136.0,37.0,2025-01-24 23:20:00,WITEL_AHU_L8,35944500.0,228.0,228.0,230.0,0.0,0.0,0.0,50.0,1.0,2025-01-24 23:19:13.000,2025-01-24 23:19:13.000,2025-01-24 23:19:13.000,49910611.0,25627.0,62716132.0,228.0,original,228.0,original,230.0,original,0.0,gap_too_large,0.0,gap_too_large,0.0,gap_too_large,50.0,original,1.0,original,49910611.0,original,25627.0,original,62716132.0,original,35944500.0,original,-102.0,original
3627242.0,37.0,2025-01-24 23:40:00,WITEL_AHU_L8,35944500.0,229.0,228.0,230.0,0.0,0.0,0.0,50.05,1.0,2025-01-24 23:39:05.000,2025-01-24 23:39:05.000,2025-01-24 23:39:05.000,49910611.0,25627.0,62716132.0,229.0,original,228.0,original,230.0,original,0.0,gap_too_large,0.0,gap_too_large,0.0,gap_too_large,50.05,original,1.0,original,49910611.0,original,25627.0,original,62716132.0,original,35944500.0,original,-119.0,original
3627360.0,37.0,2025-01-25 00:00:00,WITEL_AHU_L8,35944500.0,229.0,229.0,231.0,0.0,0.0,0.0,50.05,1.0,2025-01-24 23:59:22.000,2025-01-24 23:59:22.000,2025-01-24 23:59:22.000,49910611.0,25627.0,62716132.0,229.0,original,229.0,original,231.0,original,0.0,gap_too_large,0.0,gap_too_large,0.0,gap_too_large,50.05,original,1.0,original,49910611.0,original,25627.0,original,62716132.0,original,35944500.0,original,-100.0,original
3627448.0,37.0,2025-01-25 00:20:00,WITEL_AHU_L8,35944500.0,229.0,229.0,231.0,0.0,0.0,0.0,50.01,1.0,2025-01-25 00:19:17.000,2025-01-25 00:19:17.000,2025-01-25 00:19:17.000,49910611.0,25627.0,62716132.0,229.0,original,229.0,original,231.0,original,0.0,gap_too_large,0.0,gap_too_large,0.0,gap_too_large,50.01,original,1.0,original,49910611.0,original,25627.0,original,62716132.0,original,35944500.0,original,-98.0,original
3627590.0,37.0,2025-01-25 00:40:00,WITEL_AHU_L8,35944500.0,230.0,230.0,232.0,0.0,0.0,0.0,50.0,1.0,2025-01-25 00:49:18.000,2025-01-25 00:49:18.000,2025-01-25 00:49:18.000,49910611.0,25627.0,62716132.0,230.0,original,230.0,original,232.0,original,0.0,gap_too_large,0.0,gap_too_large,0.0,gap_too_large,50.0,original,1.0,original,49910611.0,original,25627.0,original,62716132.0,original,35944500.0,original,-109.0,original
3627648.0,37.0,2025-01-25 01:00:00,WITEL_AHU_L8,35944500.0,230.0,230.0,232.0,0.0,0.0,0.0,50.06,1.0,2025-01-25 00:59:19.000,2025-01-25 00:59:19.000,2025-01-25 00:59:19.000,49910611.0,25627.0,62716132.0,230.0,original,230.0,original,232.0,original,0.0,gap_too_large,0.0,gap_too_large,0.0,gap_too_large,50.06,original,1.0,original,49910611.0,original,25627.0,original,62716132.0,original,35944500.0,original,-100.0,original
3627784.0,37.0,2025-01-25 01:20:00,WITEL_AHU_L8,35944500.0,230.0,230.0,232.0,0.0,0.0,0.0,50.01,1.0,2025-01-25 01:32:31.000,2025-01-25 01:32:31.000,2025-01-25 01:32:31.000,49910611.0,25627.0,62716132.0,230.0,original,230.0,original,232.0,original,0.0,gap_too_large,0.0,gap_too_large,0.0,gap_too_large,50.01,original,1.0,original,49910611.0,original,25627.0,original,62716132.0,original,35944500.0,original,-113.0,original
3627848.0,37.0,2025-01-25 01:40:00,WITEL_AHU_L8,35944500.0,230.0,230.0,232.0,0.0,0.0,0.0,50.01,1.0,2025-01-25 01:39:22.000,2025-01-25 01:39:22.000,2025-01-25 01:39:22.000,49910611.0,25627.0,62716132.0,230.0,original,230.0,original,232.0,original,0.0,gap_too_large,0.0,gap_too_large,0.0,gap_too_large,50.01,original,1.0,original,49910611.0,original,25627.0,original,62716132.0,original,35944500.0,original,-101.0,original
3627940.0,37.0,2025-01-25 02:00:00,WITEL_AHU_L8,35944500.0,231.0,230.0,232.0,0.0,0.0,0.0,50.05,1.0,2025-01-25 01:59:13.000,2025-01-25 01:59:13.000,2025-01-25 01:59:13.000,49910611.0,25627.0,62716132.0,231.0,original,230.0,original,232.0,original,0.0,gap_too_large,0.0,gap_too_large,0.0,gap_too_large,50.05,original,1.0,original,49910611.0,original,25627.0,original,62716132.0,original,35944500.0,original,-97.0,original
3628026.0,37.0,2025-01-25 02:20:00,WITEL_AHU_L8,35944500.0,231.0,230.0,233.0,0.0,0.0,0.0,50.04,1.0,2025-01-25 02:19:08.000,2025-01-25 02:19:08.000,2025-01-25 02:19:08.000,49910611.0,25627.0,62716132.0,231.0,original,230.0,original,233.0,original,0.0,gap_too_large,0.0,gap_too_large,0.0,gap_too_large,50.04,original,1.0,original,49910611.0,original,25627.0,original,62716132.0,original,35944500.0,original,-97.0,original
3628172.0,37.0,2025-01-25 02:40:00,WITEL_AHU_L8,35944500.0,229.0,228.0,230.0,0.0,0.0,0.0,50.01,1.0,2025-01-25 02:49:05.000,2025-01-25 02:49:05.000,2025-01-25 02:49:05.000,49910611.0,25627.0,62716132.0,229.0,original,228.0,original,230.0,original,0.0,gap_too_large,0.0,gap_too_large,0.0,gap_too_large,50.01,original,1.0,original,49910611.0,original,25627.0,original,62716132.0,original,35944500.0,original,-105.0,original
3628208.0,37.0,2025-01-25 03:00:00,WITEL_AHU_L8,35944500.0,229.0,228.0,230.0,0.0,0.0,0.0,49.99,1.0,2025-01-25 02:59:01.000,2025-01-25 02:59:01.000,2025-01-25 02:59:01.000,49910611.0,25627.0,62716132.0,229.0,original,228.0,original,230.0,original,0.0,gap_too_large,0.0,gap_too_large,0.0,gap_too_large,49.99,original,1.0,original,49910611.0,original,25627.0,original,62716132.0,original,35944500.0,original,-100.0,original
3628368.0,37.0,2025-01-25 03:20:00,WITEL_AHU_L8,35944500.0,229.0,229.0,231.0,0.0,0.0,0.0,50.04,1.0,2025-01-25 03:29:15.000,2025-01-25 03:29:15.000,2025-01-25 03:29:15.000,49910611.0,25627.0,62716132.0,229.0,original,229.0,original,231.0,original,0.0,gap_too_large,0.0,gap_too_large,0.0,gap_too_large,50.04,original,1.0,original,49910611.0,original,25627.0,original,62716132.0,original,35944500.0,original,-114.0,original
3628454.0,37.0,2025-01-25 03:40:00,WITEL_AHU_L8,35944500.0,229.0,229.0,231.0,0.0,0.0,0.0,49.98,1.0,2025-01-25 03:49:04.000,2025-01-25 03:49:04.000,2025-01-25 03:49:04.000,49910611.0,25627.0,62716132.0,229.0,original,229.0,original,231.0,original,0.0,gap_too_large,0.0,gap_too_large,0.0,gap_too_large,49.98,original,1.0,original,49910611.0,original,25627.0,original,62716132.0,original,35944500.0,original,-118.0,original
3628558.0,37.0,2025-01-25 04:00:00,WITEL_AHU_L8,35944500.0,229.0,229.0,231.0,0.0,0.0,0.0,49.97,1.0,2025-01-25 04:09:11.000,2025-01-25 04:09:11.000,2025-01-25 04:09:11.000,49910611.0,25627.0,62716132.0,229.0,original,229.0,original,231.0,original,0.0,gap_too_large,0.0,gap_too_large,0.0,gap_too_large,49.97,original,1.0,original,49910611.0,original,25627.0,original,62716132.0,original,35944500.0,original,-102.0,original
3628600.0,37.0,2025-01-25 04:20:00,WITEL_AHU_L8,35944500.0,229.0,229.0,231.0,0.0,0.0,0.0,50.04,1.0,2025-01-25 04:19:06.000,2025-01-25 04:19:06.000,2025-01-25 04:19:06.000,49910611.0,25627.0,62716132.0,229.0,original,229.0,original,231.0,original,0.0,gap_too_large,0.0,gap_too_large,0.0,gap_too_large,50.04,original,1.0,original,49910611.0,original,25627.0,original,62716132.0,original,35944500.0,original,-98.0,original
3628692.0,37.0,2025-01-25 04:40:00,WITEL_AHU_L8,35944500.0,229.0,229.0,231.0,0.0,0.0,0.0,50.03,1.0,2025-01-25 04:39:03.000,2025-01-25 04:39:03.000,2025-01-25 04:39:03.000,49910611.0,25627.0,62716132.0,229.0,original,229.0,original,231.0,original,0.0,gap_too_large,0.0,gap_too_large,0.0,gap_too_large,50.03,original,1.0,original,49910611.0,original,25627.0,original,62716132.0,original,35944500.0,original,-113.0,original
3628798.0,37.0,2025-01-25 05:00:00,WITEL_AHU_L8,35944500.0,229.0,229.0,231.0,0.0,0.0,0.0,50.04,1.0,2025-01-25 04:59:18.000,2025-01-25 04:59:18.000,2025-01-25 04:59:18.000,49910611.0,25627.0,62716132.0,229.0,original,229.0,original,231.0,original,0.0,gap_too_large,0.0,gap_too_large,0.0,gap_too_large,50.04,original,1.0,original,49910611.0,original,25627.0,original,62716132.0,original,35944500.0,original,-101.0,original
3628882.0,37.0,2025-01-25 05:20:00,WITEL_AHU_L8,35944500.0,228.0,228.0,230.0,0.0,0.0,0.0,50.01,1.0,2025-01-25 05:19:12.000,2025-01-25 05:19:12.000,2025-01-25 05:19:12.000,49910611.0,25627.0,62716132.0,228.0,original,228.0,original,230.0,original,0.0,gap_too_large,0.0,gap_too_large,0.0,gap_too_large,50.01,original,1.0,original,49910611.0,original,25627.0,original,62716132.0,original,35944500.0,original,-101.0,original
3628962.0,37.0,2025-01-25 05:40:00,WITEL_AHU_L8,35944500.0,228.0,228.0,230.0,0.0,0.0,0.0,50.02,1.0,2025-01-25 05:39:00.000,2025-01-25 05:39:00.000,2025-01-25 05:39:00.000,49910611.0,25627.0,62716132.0,228.0,original,228.0,original,230.0,original,0.0,gap_too_large,0.0,gap_too_large,0.0,gap_too_large,50.02,original,1.0,original,49910611.0,original,25627.0,original,62716132.0,original,35944500.0,original,-118.0,original
3628962.0,,2025-01-25 06:00:00,WITEL_AHU_L8,35944500.0,228.0,228.0,230.0,0.0,0.0,0.0,50.040000000000006,1.0,,,,49910611.0,25627.0,62716132.0,228.0,interpolated,228.0,interpolated,230.0,interpolated,0.0,gap_too_large,0.0,gap_too_large,0.0,gap_too_large,50.040000000000006,interpolated,1.0,interpolated,49910611.0,interpolated,25627.0,interpolated,62716132.0,interpolated,35944500.0,interpolated,-118.0,interpolated
3629146.0,37.0,2025-01-25 06:20:00,WITEL_AHU_L8,35944500.0,228.0,228.0,230.0,0.0,0.0,0.0,50.06,1.0,2025-01-25 06:19:03.000,2025-01-25 06:19:03.000,2025-01-25 06:19:03.000,49910611.0,25627.0,62716132.0,228.0,original,228.0,original,230.0,original,0.0,gap_too_large,0.0,gap_too_large,0.0,gap_too_large,50.06,original,1.0,original,49910611.0,original,25627.0,original,62716132.0,original,35944500.0,original,-118.0,original
3629318.0,37.0,2025-01-25 06:40:00,WITEL_AHU_L8,35944500.0,227.0,227.0,229.0,0.0,0.0,0.0,49.97,1.0,2025-01-25 06:49:18.000,2025-01-25 06:49:18.000,2025-01-25 06:49:18.000,49910611.0,25627.0,62716132.0,227.0,original,227.0,original,229.0,original,0.0,gap_too_large,0.0,gap_too_large,0.0,gap_too_large,49.97,original,1.0,original,49910611.0,original,25627.0,original,62716132.0,original,35944500.0,original,-103.0,original
3629368.0,37.0,2025-01-25 07:00:00,WITEL_AHU_L8,35944500.0,227.0,227.0,229.0,0.0,0.0,0.0,50.0,1.0,2025-01-25 06:59:16.000,2025-01-25 06:59:16.000,2025-01-25 06:59:16.000,49910611.0,25627.0,62716132.0,227.0,original,227.0,original,229.0,original,0.0,gap_too_large,0.0,gap_too_large,0.0,gap_too_large,50.0,original,1.0,original,49910611.0,original,25627.0,original,62716132.0,original,35944500.0,original,-100.0,original
3629510.0,37.0,2025-01-25 07:20:00,WITEL_AHU_L8,35944500.0,226.0,225.0,227.0,0.0,0.0,0.0,50.07,1.0,2025-01-25 07:29:15.000,2025-01-25 07:29:15.000,2025-01-25 07:29:15.000,49910611.0,25627.0,62716132.0,226.0,original,225.0,original,227.0,original,0.0,gap_too_large,0.0,gap_too_large,0.0,gap_too_large,50.07,original,1.0,original,49910611.0,original,25627.0,original,62716132.0,original,35944500.0,original,-120.0,original
3629510.0,,2025-01-25 07:40:00,WITEL_AHU_L8,35944500.0,226.0,225.0,227.0,0.0,0.0,0.0,50.019999999999996,1.0,,,,49910611.0,25627.0,62716132.0,226.0,interpolated,225.0,interpolated,227.0,interpolated,0.0,gap_too_large,0.0,gap_too_large,0.0,gap_too_large,50.019999999999996,interpolated,1.0,interpolated,49910611.0,interpolated,25627.0,interpolated,62716132.0,interpolated,35944500.0,interpolated,-109.0,interpolated
3629722.0,37.0,2025-01-25 08:00:00,WITEL_AHU_L8,35944500.0,226.0,225.0,227.0,0.0,0.0,0.0,49.97,1.0,2025-01-25 08:09:01.000,2025-01-25 08:09:01.000,2025-01-25 08:09:01.000,49910611.0,25627.0,62716132.0,226.0,original,225.0,original,227.0,original,0.0,gap_too_large,0.0,gap_too_large,0.0,gap_too_large,49.97,original,1.0,original,49910611.0,original,25627.0,original,62716132.0,original,35944500.0,original,-98.0,original
3629776.0,37.0,2025-01-25 08:20:00,WITEL_AHU_L8,35944500.0,227.0,227.0,229.0,0.0,0.0,0.0,49.96,1.0,2025-01-25 08:19:05.000,2025-01-25 08:19:05.000,2025-01-25 08:19:05.000,49910611.0,25627.0,62716132.0,227.0,original,227.0,original,229.0,original,0.0,gap_too_large,0.0,gap_too_large,0.0,gap_too_large,49.96,original,1.0,original,49910611.0,original,25627.0,original,62716132.0,original,35944500.0,original,-119.0,original
3629928.0,37.0,2025-01-25 08:40:00,WITEL_AHU_L8,35944500.0,226.0,225.0,227.0,0.0,0.0,0.0,50.04,1.0,2025-01-25 08:49:08.000,2025-01-25 08:49:08.000,2025-01-25 08:49:08.000,49910611.0,25627.0,62716132.0,226.0,original,225.0,original,227.0,original,0.0,gap_too_large,0.0,gap_too_large,0.0,gap_too_large,50.04,original,1.0,original,49910611.0,original,25627.0,original,62716132.0,original,35944500.0,original,-117.0,original
3629968.0,37.0,2025-01-25 09:00:00,WITEL_AHU_L8,35944500.0,225.0,225.0,227.0,0.0,0.0,0.0,50.07,1.0,2025-01-25 08:59:02.000,2025-01-25 08:59:02.000,2025-01-25 08:59:02.000,49910611.0,25627.0,62716132.0,225.0,original,225.0,original,227.0,original,0.0,gap_too_large,0.0,gap_too_large,0.0,gap_too_large,50.07,original,1.0,original,49910611.0,original,25627.0,original,62716132.0,original,35944500.0,original,-100.0,original
3630066.0,37.0,2025-01-25 09:20:00,WITEL_AHU_L8,35944500.0,227.0,227.0,228.0,0.0,0.0,0.0,49.98,1.0,2025-01-25 09:19:08.000,2025-01-25 09:19:08.000,2025-01-25 09:19:08.000,49910611.0,25627.0,62716132.0,227.0,original,227.0,original,228.0,original,0.0,gap_too_large,0.0,gap_too_large,0.0,gap_too_large,49.98,original,1.0,original,49910611.0,original,25627.0,original,62716132.0,original,35944500.0,original,-119.0,original
3630186.0,37.0,2025-01-25 09:40:00,WITEL_AHU_L8,35944500.0,227.0,226.0,228.0,0.0,0.0,0.0,50.05,1.0,2025-01-25 09:39:17.000,2025-01-25 09:39:17.000,2025-01-25 09:39:17.000,49910611.0,25627.0,62716132.0,227.0,original,226.0,original,228.0,original,0.0,gap_too_large,0.0,gap_too_large,0.0,gap_too_large,50.05,original,1.0,original,49910611.0,original,25627.0,original,62716132.0,original,35944500.0,original,-115.0,original
3630276.0,37.0,2025-01-25 10:00:00,WITEL_AHU_L8,35944500.0,226.0,225.0,227.0,0.0,0.0,0.0,49.96,1.0,2025-01-25 09:59:08.000,2025-01-25 09:59:08.000,2025-01-25 09:59:08.000,49910611.0,25627.0,62716132.0,226.0,original,225.0,original,227.0,original,0.0,gap_too_large,0.0,gap_too_large,0.0,gap_too_large,49.96,original,1.0,original,49910611.0,original,25627.0,original,62716132.0,original,35944500.0,original,-109.0,original
3630382.0,37.0,2025-01-25 10:20:00,WITEL_AHU_L8,35944500.0,226.0,226.0,227.0,0.0,0.0,0.0,50.01,1.0,2025-01-25 10:19:08.000,2025-01-25 10:19:08.000,2025-01-25 10:19:08.000,49910611.0,25627.0,62716132.0,226.0,original,226.0,original,227.0,original,0.0,gap_too_large,0.0,gap_too_large,0.0,gap_too_large,50.01,original,1.0,original,49910611.0,original,25627.0,original,62716132.0,original,35944500.0,original,-118.0,original
3630520.0,37.0,2025-01-25 10:40:00,WITEL_AHU_L8,35944500.0,226.0,225.0,227.0,0.0,0.0,0.0,49.96,1.0,2025-01-25 10:49:02.000,2025-01-25 10:49:02.000,2025-01-25 10:49:02.000,49910611.0,25627.0,62716132.0,226.0,original,225.0,original,227.0,original,0.0,gap_too_large,0.0,gap_too_large,0.0,gap_too_large,49.96,original,1.0,original,49910611.0,original,25627.0,original,62716132.0,original,35944500.0,original,-99.0,original
3630594.0,37.0,2025-01-25 11:00:00,WITEL_AHU_L8,35944500.0,226.0,226.0,227.0,0.0,0.0,0.0,50.02,1.0,2025-01-25 10:59:18.000,2025-01-25 10:59:18.000,2025-01-25 10:59:18.000,49910611.0,25627.0,62716132.0,226.0,original,226.0,original,227.0,original,0.0,gap_too_large,0.0,gap_too_large,0.0,gap_too_large,50.02,original,1.0,original,49910611.0,original,25627.0,original,62716132.0,original,35944500.0,original,-100.0,original
3630666.0,37.0,2025-01-25 11:20:00,WITEL_AHU_L8,35944500.0,226.0,226.0,227.0,0.0,0.0,0.0,50.05,1.0,2025-01-25 11:19:00.000,2025-01-25 11:19:00.000,2025-01-25 11:19:00.000,49910611.0,25627.0,62716132.0,226.0,original,226.0,original,227.0,original,0.0,gap_too_large,0.0,gap_too_large,0.0,gap_too_large,50.05,original,1.0,original,49910611.0,original,25627.0,original,62716132.0,original,35944500.0,original,-120.0,original
3630812.0,37.0,2025-01-25 11:40:00,WITEL_AHU_L8,35944500.0,227.0,226.0,228.0,0.0,0.0,0.0,50.03,1.0,2025-01-25 11:39:21.000,2025-01-25 11:39:21.000,2025-01-25 11:39:21.000,49910611.0,25627.0,62716132.0,227.0,original,226.0,original,228.0,original,0.0,gap_too_large,0.0,gap_too_large,0.0,gap_too_large,50.03,original,1.0,original,49910611.0,original,25627.0,original,62716132.0,original,35944500.0,original,-100.0,original
3630946.0,37.0,2025-01-25 12:00:00,WITEL_AHU_L8,35944500.0,229.0,228.0,230.0,0.0,0.0,0.0,50.04,1.0,2025-01-25 12:09:18.000,2025-01-25 12:09:18.000,2025-01-25 12:09:18.000,49910611.0,25627.0,62716132.0,229.0,original,228.0,original,230.0,original,0.0,gap_too_large,0.0,gap_too_large,0.0,gap_too_large,50.04,original,1.0,original,49910611.0,original,25627.0,original,62716132.0,original,35944500.0,original,-102.0,original
3631022.0,37.0,2025-01-25 12:20:00,WITEL_AHU_L8,35944500.0,229.0,228.0,230.0,0.0,0.0,0.0,49.99,1.0,2025-01-25 12:29:08.000,2025-01-25 12:29:08.000,2025-01-25 12:29:08.000,49910611.0,25627.0,62716132.0,229.0,original,228.0,original,230.0,original,0.0,gap_too_large,0.0,gap_too_large,0.0,gap_too_large,49.99,original,1.0,original,49910611.0,original,25627.0,original,62716132.0,original,35944500.0,original,-119.0,original
3631138.0,37.0,2025-01-25 12:40:00,WITEL_AHU_L8,35944500.0,229.0,228.0,230.0,0.0,0.0,0.0,50.01,1.0,2025-01-25 12:49:17.000,2025-01-25 12:49:17.000,2025-01-25 12:49:17.000,49910611.0,25627.0,62716132.0,229.0,original,228.0,original,230.0,original,0.0,gap_too_large,0.0,gap_too_large,0.0,gap_too_large,50.01,original,1.0,original,49910611.0,original,25627.0,original,62716132.0,original,35944500.0,original,-117.0,original
3631184.0,37.0,2025-01-25 13:00:00,WITEL_AHU_L8,35944500.0,228.0,228.0,230.0,0.0,0.0,0.0,49.99,1.0,2025-01-25 12:59:10.000,2025-01-25 12:59:10.000,2025-01-25 12:59:10.000,49910611.0,25627.0,62716132.0,228.0,original,228.0,original,230.0,original,0.0,gap_too_large,0.0,gap_too_large,0.0,gap_too_large,49.99,original,1.0,original,49910611.0,original,25627.0,original,62716132.0,original,35944500.0,original,-120.0,original
3631270.0,37.0,2025-01-25 13:20:00,WITEL_AHU_L8,35944500.0,228.0,227.0,229.0,0.0,0.0,0.0,50.0,1.0,2025-01-25 13:19:01.000,2025-01-25 13:19:01.000,2025-01-25 13:19:01.000,49910611.0,25627.0,62716132.0,228.0,original,227.0,original,229.0,original,0.0,gap_too_large,0.0,gap_too_large,0.0,gap_too_large,50.0,original,1.0,original,49910611.0,original,25627.0,original,62716132.0,original,35944500.0,original,-120.0,original
3631442.0,37.0,2025-01-25 13:40:00,WITEL_AHU_L8,35944500.0,228.0,228.0,229.0,0.0,0.0,0.0,50.0,1.0,2025-01-25 13:49:16.000,2025-01-25 13:49:16.000,2025-01-25 13:49:16.000,49910611.0,25627.0,62716132.0,228.0,original,228.0,original,229.0,original,0.0,gap_too_large,0.0,gap_too_large,0.0,gap_too_large,50.0,original,1.0,original,49910611.0,original,25627.0,original,62716132.0,original,35944500.0,original,-117.0,original
3631528.0,37.0,2025-01-25 14:00:00,WITEL_AHU_L8,35944500.0,228.0,228.0,230.0,0.0,0.0,0.0,50.04,1.0,2025-01-25 14:09:03.000,2025-01-25 14:09:03.000,2025-01-25 14:09:03.000,49910611.0,25627.0,62716132.0,228.0,original,228.0,original,230.0,original,0.0,gap_too_large,0.0,gap_too_large,0.0,gap_too_large,50.04,original,1.0,original,49910611.0,original,25627.0,original,62716132.0,original,35944500.0,original,-119.0,original
3631590.0,37.0,2025-01-25 14:20:00,WITEL_AHU_L8,35944500.0,229.0,228.0,230.0,0.0,0.0,0.0,50.05,1.0,2025-01-25 14:19:10.000,2025-01-25 14:19:10.000,2025-01-25 14:19:10.000,49910611.0,25627.0,62716132.0,229.0,original,228.0,original,230.0,original,0.0,gap_too_large,0.0,gap_too_large,0.0,gap_too_large,50.05,original,1.0,original,49910611.0,original,25627.0,original,62716132.0,original,35944500.0,original,-118.0,original
3631688.0,37.0,2025-01-25 14:40:00,WITEL_AHU_L8,35944500.0,229.0,228.0,230.0,0.0,0.0,0.0,50.01,1.0,2025-01-25 14:39:18.000,2025-01-25 14:39:18.000,2025-01-25 14:39:18.000,49910611.0,25627.0,62716132.0,229.0,original,228.0,original,230.0,original,0.0,gap_too_large,0.0,gap_too_large,0.0,gap_too_large,50.01,original,1.0,original,49910611.0,original,25627.0,original,62716132.0,original,35944500.0,original,-111.0,original
3631780.0,37.0,2025-01-25 15:00:00,WITEL_AHU_L8,35944500.0,230.0,229.0,231.0,0.0,0.0,0.0,50.03,1.0,2025-01-25 14:59:06.000,2025-01-25 14:59:06.000,2025-01-25 14:59:06.000,49910611.0,25627.0,62716132.0,230.0,original,229.0,original,231.0,original,0.0,gap_too_large,0.0,gap_too_large,0.0,gap_too_large,50.03,original,1.0,original,49910611.0,original,25627.0,original,62716132.0,original,35944500.0,original,-100.0,original
3631928.0,37.0,2025-01-25 15:20:00,WITEL_AHU_L8,35944500.0,230.0,229.0,231.0,0.0,0.0,0.0,50.0,1.0,2025-01-25 15:29:09.000,2025-01-25 15:29:09.000,2025-01-25 15:29:09.000,49910611.0,25627.0,62716132.0,230.0,original,229.0,original,231.0,original,0.0,gap_too_large,0.0,gap_too_large,0.0,gap_too_large,50.0,original,1.0,original,49910611.0,original,25627.0,original,62716132.0,original,35944500.0,original,-97.0,original
3631928.0,,2025-01-25 15:40:00,WITEL_AHU_L8,0.0,0.0,0.0,0.0,0.0,0.0,0.0,0.0,0.0,,,,0.0,0.0,0.0,0.0,gap_too_large,0.0,gap_too_large,0.0,gap_too_large,0.0,gap_too_large,0.0,gap_too_large,0.0,gap_too_large,0.0,gap_too_large,0.0,gap_too_large,0.0,gap_too_large,0.0,gap_too_large,0.0,gap_too_large,0.0,gap_too_large,0.0,gap_too_large
3631928.0,,2025-01-25 16:00:00,WITEL_AHU_L8,0.0,0.0,0.0,0.0,0.0,0.0,0.0,0.0,0.0,,,,0.0,0.0,0.0,0.0,gap_too_large,0.0,gap_too_large,0.0,gap_too_large,0.0,gap_too_large,0.0,gap_too_large,0.0,gap_too_large,0.0,gap_too_large,0.0,gap_too_large,0.0,gap_too_large,0.0,gap_too_large,0.0,gap_too_large,0.0,gap_too_large,0.0,gap_too_large
3631928.0,,2025-01-25 16:20:00,WITEL_AHU_L8,0.0,0.0,0.0,0.0,0.0,0.0,0.0,0.0,0.0,,,,0.0,0.0,0.0,0.0,gap_too_large,0.0,gap_too_large,0.0,gap_too_large,0.0,gap_too_large,0.0,gap_too_large,0.0,gap_too_large,0.0,gap_too_large,0.0,gap_too_large,0.0,gap_too_large,0.0,gap_too_large,0.0,gap_too_large,0.0,gap_too_large,0.0,gap_too_large
3631928.0,,2025-01-25 16:40:00,WITEL_AHU_L8,0.0,0.0,0.0,0.0,0.0,0.0,0.0,0.0,0.0,,,,0.0,0.0,0.0,0.0,gap_too_large,0.0,gap_too_large,0.0,gap_too_large,0.0,gap_too_large,0.0,gap_too_large,0.0,gap_too_large,0.0,gap_too_large,0.0,gap_too_large,0.0,gap_too_large,0.0,gap_too_large,0.0,gap_too_large,0.0,gap_too_large,0.0,gap_too_large
3631928.0,,2025-01-25 17:00:00,WITEL_AHU_L8,0.0,0.0,0.0,0.0,0.0,0.0,0.0,0.0,0.0,,,,0.0,0.0,0.0,0.0,gap_too_large,0.0,gap_too_large,0.0,gap_too_large,0.0,gap_too_large,0.0,gap_too_large,0.0,gap_too_large,0.0,gap_too_large,0.0,gap_too_large,0.0,gap_too_large,0.0,gap_too_large,0.0,gap_too_large,0.0,gap_too_large,0.0,gap_too_large
3631928.0,,2025-01-25 17:20:00,WITEL_AHU_L8,0.0,0.0,0.0,0.0,0.0,0.0,0.0,0.0,0.0,,,,0.0,0.0,0.0,0.0,gap_too_large,0.0,gap_too_large,0.0,gap_too_large,0.0,gap_too_large,0.0,gap_too_large,0.0,gap_too_large,0.0,gap_too_large,0.0,gap_too_large,0.0,gap_too_large,0.0,gap_too_large,0.0,gap_too_large,0.0,gap_too_large,0.0,gap_too_large
3631928.0,,2025-01-25 17:40:00,WITEL_AHU_L8,0.0,0.0,0.0,0.0,0.0,0.0,0.0,0.0,0.0,,,,0.0,0.0,0.0,0.0,gap_too_large,0.0,gap_too_large,0.0,gap_too_large,0.0,gap_too_large,0.0,gap_too_large,0.0,gap_too_large,0.0,gap_too_large,0.0,gap_too_large,0.0,gap_too_large,0.0,gap_too_large,0.0,gap_too_large,0.0,gap_too_large,0.0,gap_too_large
3631928.0,,2025-01-25 18:00:00,WITEL_AHU_L8,0.0,0.0,0.0,0.0,0.0,0.0,0.0,0.0,0.0,,,,0.0,0.0,0.0,0.0,gap_too_large,0.0,gap_too_large,0.0,gap_too_large,0.0,gap_too_large,0.0,gap_too_large,0.0,gap_too_large,0.0,gap_too_large,0.0,gap_too_large,0.0,gap_too_large,0.0,gap_too_large,0.0,gap_too_large,0.0,gap_too_large,0.0,gap_too_large
3631928.0,,2025-01-25 18:20:00,WITEL_AHU_L8,0.0,0.0,0.0,0.0,0.0,0.0,0.0,0.0,0.0,,,,0.0,0.0,0.0,0.0,gap_too_large,0.0,gap_too_large,0.0,gap_too_large,0.0,gap_too_large,0.0,gap_too_large,0.0,gap_too_large,0.0,gap_too_large,0.0,gap_too_large,0.0,gap_too_large,0.0,gap_too_large,0.0,gap_too_large,0.0,gap_too_large,0.0,gap_too_large
3631928.0,,2025-01-25 18:40:00,WITEL_AHU_L8,0.0,0.0,0.0,0.0,0.0,0.0,0.0,0.0,0.0,,,,0.0,0.0,0.0,0.0,gap_too_large,0.0,gap_too_large,0.0,gap_too_large,0.0,gap_too_large,0.0,gap_too_large,0.0,gap_too_large,0.0,gap_too_large,0.0,gap_too_large,0.0,gap_too_large,0.0,gap_too_large,0.0,gap_too_large,0.0,gap_too_large,0.0,gap_too_large
3631928.0,,2025-01-25 19:00:00,WITEL_AHU_L8,0.0,0.0,0.0,0.0,0.0,0.0,0.0,0.0,0.0,,,,0.0,0.0,0.0,0.0,gap_too_large,0.0,gap_too_large,0.0,gap_too_large,0.0,gap_too_large,0.0,gap_too_large,0.0,gap_too_large,0.0,gap_too_large,0.0,gap_too_large,0.0,gap_too_large,0.0,gap_too_large,0.0,gap_too_large,0.0,gap_too_large,0.0,gap_too_large
3631928.0,,2025-01-25 19:20:00,WITEL_AHU_L8,0.0,0.0,0.0,0.0,0.0,0.0,0.0,0.0,0.0,,,,0.0,0.0,0.0,0.0,gap_too_large,0.0,gap_too_large,0.0,gap_too_large,0.0,gap_too_large,0.0,gap_too_large,0.0,gap_too_large,0.0,gap_too_large,0.0,gap_too_large,0.0,gap_too_large,0.0,gap_too_large,0.0,gap_too_large,0.0,gap_too_large,0.0,gap_too_large
3631928.0,,2025-01-25 19:40:00,WITEL_AHU_L8,0.0,0.0,0.0,0.0,0.0,0.0,0.0,0.0,0.0,,,,0.0,0.0,0.0,0.0,gap_too_large,0.0,gap_too_large,0.0,gap_too_large,0.0,gap_too_large,0.0,gap_too_large,0.0,gap_too_large,0.0,gap_too_large,0.0,gap_too_large,0.0,gap_too_large,0.0,gap_too_large,0.0,gap_too_large,0.0,gap_too_large,0.0,gap_too_large
3631928.0,,2025-01-25 20:00:00,WITEL_AHU_L8,0.0,0.0,0.0,0.0,0.0,0.0,0.0,0.0,0.0,,,,0.0,0.0,0.0,0.0,gap_too_large,0.0,gap_too_large,0.0,gap_too_large,0.0,gap_too_large,0.0,gap_too_large,0.0,gap_too_large,0.0,gap_too_large,0.0,gap_too_large,0.0,gap_too_large,0.0,gap_too_large,0.0,gap_too_large,0.0,gap_too_large,0.0,gap_too_large
3631928.0,,2025-01-25 20:20:00,WITEL_AHU_L8,0.0,0.0,0.0,0.0,0.0,0.0,0.0,0.0,0.0,,,,0.0,0.0,0.0,0.0,gap_too_large,0.0,gap_too_large,0.0,gap_too_large,0.0,gap_too_large,0.0,gap_too_large,0.0,gap_too_large,0.0,gap_too_large,0.0,gap_too_large,0.0,gap_too_large,0.0,gap_too_large,0.0,gap_too_large,0.0,gap_too_large,0.0,gap_too_large
3631928.0,,2025-01-25 20:40:00,WITEL_AHU_L8,0.0,0.0,0.0,0.0,0.0,0.0,0.0,0.0,0.0,,,,0.0,0.0,0.0,0.0,gap_too_large,0.0,gap_too_large,0.0,gap_too_large,0.0,gap_too_large,0.0,gap_too_large,0.0,gap_too_large,0.0,gap_too_large,0.0,gap_too_large,0.0,gap_too_large,0.0,gap_too_large,0.0,gap_too_large,0.0,gap_too_large,0.0,gap_too_large
3631928.0,,2025-01-25 21:00:00,WITEL_AHU_L8,0.0,0.0,0.0,0.0,0.0,0.0,0.0,0.0,0.0,,,,0.0,0.0,0.0,0.0,gap_too_large,0.0,gap_too_large,0.0,gap_too_large,0.0,gap_too_large,0.0,gap_too_large,0.0,gap_too_large,0.0,gap_too_large,0.0,gap_too_large,0.0,gap_too_large,0.0,gap_too_large,0.0,gap_too_large,0.0,gap_too_large,0.0,gap_too_large
3631928.0,,2025-01-25 21:20:00,WITEL_AHU_L8,0.0,0.0,0.0,0.0,0.0,0.0,0.0,0.0,0.0,,,,0.0,0.0,0.0,0.0,gap_too_large,0.0,gap_too_large,0.0,gap_too_large,0.0,gap_too_large,0.0,gap_too_large,0.0,gap_too_large,0.0,gap_too_large,0.0,gap_too_large,0.0,gap_too_large,0.0,gap_too_large,0.0,gap_too_large,0.0,gap_too_large,0.0,gap_too_large
3631928.0,,2025-01-25 21:40:00,WITEL_AHU_L8,0.0,0.0,0.0,0.0,0.0,0.0,0.0,0.0,0.0,,,,0.0,0.0,0.0,0.0,gap_too_large,0.0,gap_too_large,0.0,gap_too_large,0.0,gap_too_large,0.0,gap_too_large,0.0,gap_too_large,0.0,gap_too_large,0.0,gap_too_large,0.0,gap_too_large,0.0,gap_too_large,0.0,gap_too_large,0.0,gap_too_large,0.0,gap_too_large
3631928.0,,2025-01-25 22:00:00,WITEL_AHU_L8,0.0,0.0,0.0,0.0,0.0,0.0,0.0,0.0,0.0,,,,0.0,0.0,0.0,0.0,gap_too_large,0.0,gap_too_large,0.0,gap_too_large,0.0,gap_too_large,0.0,gap_too_large,0.0,gap_too_large,0.0,gap_too_large,0.0,gap_too_large,0.0,gap_too_large,0.0,gap_too_large,0.0,gap_too_large,0.0,gap_too_large,0.0,gap_too_large
3631928.0,,2025-01-25 22:20:00,WITEL_AHU_L8,0.0,0.0,0.0,0.0,0.0,0.0,0.0,0.0,0.0,,,,0.0,0.0,0.0,0.0,gap_too_large,0.0,gap_too_large,0.0,gap_too_large,0.0,gap_too_large,0.0,gap_too_large,0.0,gap_too_large,0.0,gap_too_large,0.0,gap_too_large,0.0,gap_too_large,0.0,gap_too_large,0.0,gap_too_large,0.0,gap_too_large,0.0,gap_too_large
3631928.0,,2025-01-25 22:40:00,WITEL_AHU_L8,0.0,0.0,0.0,0.0,0.0,0.0,0.0,0.0,0.0,,,,0.0,0.0,0.0,0.0,gap_too_large,0.0,gap_too_large,0.0,gap_too_large,0.0,gap_too_large,0.0,gap_too_large,0.0,gap_too_large,0.0,gap_too_large,0.0,gap_too_large,0.0,gap_too_large,0.0,gap_too_large,0.0,gap_too_large,0.0,gap_too_large,0.0,gap_too_large
3631928.0,,2025-01-25 23:00:00,WITEL_AHU_L8,0.0,0.0,0.0,0.0,0.0,0.0,0.0,0.0,0.0,,,,0.0,0.0,0.0,0.0,gap_too_large,0.0,gap_too_large,0.0,gap_too_large,0.0,gap_too_large,0.0,gap_too_large,0.0,gap_too_large,0.0,gap_too_large,0.0,gap_too_large,0.0,gap_too_large,0.0,gap_too_large,0.0,gap_too_large,0.0,gap_too_large,0.0,gap_too_large
3631928.0,,2025-01-25 23:20:00,WITEL_AHU_L8,0.0,0.0,0.0,0.0,0.0,0.0,0.0,0.0,0.0,,,,0.0,0.0,0.0,0.0,gap_too_large,0.0,gap_too_large,0.0,gap_too_large,0.0,gap_too_large,0.0,gap_too_large,0.0,gap_too_large,0.0,gap_too_large,0.0,gap_too_large,0.0,gap_too_large,0.0,gap_too_large,0.0,gap_too_large,0.0,gap_too_large,0.0,gap_too_large
3634404.0,37.0,2025-01-25 23:40:00,WITEL_AHU_L8,35944500.0,228.0,227.0,229.0,0.0,0.0,0.0,49.99,1.0,2025-01-25 23:42:24.000,2025-01-25 23:42:24.000,2025-01-25 23:42:24.000,49910611.0,25627.0,62716132.0,228.0,original,227.0,original,229.0,original,0.0,gap_too_large,0.0,gap_too_large,0.0,gap_too_large,49.99,original,1.0,original,49910611.0,original,25627.0,original,62716132.0,original,35944500.0,original,-116.0,original
3634464.0,37.0,2025-01-26 00:00:00,WITEL_AHU_L8,35944500.0,228.0,228.0,230.0,0.0,0.0,0.0,50.03,1.0,2025-01-25 23:59:06.000,2025-01-25 23:59:06.000,2025-01-25 23:59:06.000,49910611.0,25627.0,62716132.0,228.0,original,228.0,original,230.0,original,0.0,gap_too_large,0.0,gap_too_large,0.0,gap_too_large,50.03,original,1.0,original,49910611.0,original,25627.0,original,62716132.0,original,35944500.0,original,-108.0,original
3634578.0,37.0,2025-01-26 00:20:00,WITEL_AHU_L8,35944500.0,230.0,230.0,232.0,0.0,0.0,0.0,50.0,1.0,2025-01-26 00:19:20.000,2025-01-26 00:19:20.000,2025-01-26 00:19:20.000,49910611.0,25627.0,62716132.0,230.0,original,230.0,original,232.0,original,0.0,gap_too_large,0.0,gap_too_large,0.0,gap_too_large,50.0,original,1.0,original,49910611.0,original,25627.0,original,62716132.0,original,35944500.0,original,-108.0,original
3634646.0,37.0,2025-01-26 00:40:00,WITEL_AHU_L8,35944500.0,229.0,229.0,231.0,0.0,0.0,0.0,50.01,1.0,2025-01-26 00:39:04.000,2025-01-26 00:39:04.000,2025-01-26 00:39:04.000,49910611.0,25627.0,62716132.0,229.0,original,229.0,original,231.0,original,0.0,gap_too_large,0.0,gap_too_large,0.0,gap_too_large,50.01,original,1.0,original,49910611.0,original,25627.0,original,62716132.0,original,35944500.0,original,-119.0,original
3634740.0,37.0,2025-01-26 01:00:00,WITEL_AHU_L8,35944500.0,228.0,228.0,230.0,0.0,0.0,0.0,49.99,1.0,2025-01-26 00:59:08.000,2025-01-26 00:59:08.000,2025-01-26 00:59:08.000,49910611.0,25627.0,62716132.0,228.0,original,228.0,original,230.0,original,0.0,gap_too_large,0.0,gap_too_large,0.0,gap_too_large,49.99,original,1.0,original,49910611.0,original,25627.0,original,62716132.0,original,35944500.0,original,-109.0,original
3634830.0,37.0,2025-01-26 01:20:00,WITEL_AHU_L8,35944500.0,228.0,228.0,230.0,0.0,0.0,0.0,49.99,1.0,2025-01-26 01:19:08.000,2025-01-26 01:19:08.000,2025-01-26 01:19:08.000,49910611.0,25627.0,62716132.0,228.0,original,228.0,original,230.0,original,0.0,gap_too_large,0.0,gap_too_large,0.0,gap_too_large,49.99,original,1.0,original,49910611.0,original,25627.0,original,62716132.0,original,35944500.0,original,-119.0,original
3634906.0,37.0,2025-01-26 01:40:00,WITEL_AHU_L8,35944500.0,229.0,229.0,231.0,0.0,0.0,0.0,50.06,1.0,2025-01-26 01:39:06.000,2025-01-26 01:39:06.000,2025-01-26 01:39:06.000,49910611.0,25627.0,62716132.0,229.0,original,229.0,original,231.0,original,0.0,gap_too_large,0.0,gap_too_large,0.0,gap_too_large,50.06,original,1.0,original,49910611.0,original,25627.0,original,62716132.0,original,35944500.0,original,-102.0,original
3635000.0,37.0,2025-01-26 02:00:00,WITEL_AHU_L8,35944500.0,229.0,229.0,231.0,0.0,0.0,0.0,50.02,1.0,2025-01-26 01:59:12.000,2025-01-26 01:59:12.000,2025-01-26 01:59:12.000,49910611.0,25627.0,62716132.0,229.0,original,229.0,original,231.0,original,0.0,gap_too_large,0.0,gap_too_large,0.0,gap_too_large,50.02,original,1.0,original,49910611.0,original,25627.0,original,62716132.0,original,35944500.0,original,-101.0,original
3635080.0,37.0,2025-01-26 02:20:00,WITEL_AHU_L8,35944500.0,229.0,229.0,231.0,0.0,0.0,0.0,50.04,1.0,2025-01-26 02:19:12.000,2025-01-26 02:19:12.000,2025-01-26 02:19:12.000,49910611.0,25627.0,62716132.0,229.0,original,229.0,original,231.0,original,0.0,gap_too_large,0.0,gap_too_large,0.0,gap_too_large,50.04,original,1.0,original,49910611.0,original,25627.0,original,62716132.0,original,35944500.0,original,-115.0,original
3635164.0,37.0,2025-01-26 02:40:00,WITEL_AHU_L8,35944500.0,230.0,229.0,232.0,0.0,0.0,0.0,50.06,1.0,2025-01-26 02:39:10.000,2025-01-26 02:39:10.000,2025-01-26 02:39:10.000,49910611.0,25627.0,62716132.0,230.0,original,229.0,original,232.0,original,0.0,gap_too_large,0.0,gap_too_large,0.0,gap_too_large,50.06,original,1.0,original,49910611.0,original,25627.0,original,62716132.0,original,35944500.0,original,-102.0,original
3635242.0,37.0,2025-01-26 03:00:00,WITEL_AHU_L8,35944500.0,230.0,230.0,232.0,0.0,0.0,0.0,50.04,1.0,2025-01-26 02:59:11.000,2025-01-26 02:59:11.000,2025-01-26 02:59:11.000,49910611.0,25627.0,62716132.0,230.0,original,230.0,original,232.0,original,0.0,gap_too_large,0.0,gap_too_large,0.0,gap_too_large,50.04,original,1.0,original,49910611.0,original,25627.0,original,62716132.0,original,35944500.0,original,-117.0,original
3635320.0,37.0,2025-01-26 03:20:00,WITEL_AHU_L8,35944500.0,230.0,230.0,232.0,0.0,0.0,0.0,49.98,1.0,2025-01-26 03:19:07.000,2025-01-26 03:19:07.000,2025-01-26 03:19:07.000,49910611.0,25627.0,62716132.0,230.0,original,230.0,original,232.0,original,0.0,gap_too_large,0.0,gap_too_large,0.0,gap_too_large,49.98,original,1.0,original,49910611.0,original,25627.0,original,62716132.0,original,35944500.0,original,-120.0,original
3635400.0,37.0,2025-01-26 03:40:00,WITEL_AHU_L8,35944500.0,231.0,230.0,232.0,0.0,0.0,0.0,50.01,1.0,2025-01-26 03:39:05.000,2025-01-26 03:39:05.000,2025-01-26 03:39:05.000,49910611.0,25627.0,62716132.0,231.0,original,230.0,original,232.0,original,0.0,gap_too_large,0.0,gap_too_large,0.0,gap_too_large,50.01,original,1.0,original,49910611.0,original,25627.0,original,62716132.0,original,35944500.0,original,-118.0,original
3635490.0,37.0,2025-01-26 04:00:00,WITEL_AHU_L8,35944500.0,231.0,230.0,233.0,0.0,0.0,0.0,49.97,1.0,2025-01-26 03:59:15.000,2025-01-26 03:59:15.000,2025-01-26 03:59:15.000,49910611.0,25627.0,62716132.0,231.0,original,230.0,original,233.0,original,0.0,gap_too_large,0.0,gap_too_large,0.0,gap_too_large,49.97,original,1.0,original,49910611.0,original,25627.0,original,62716132.0,original,35944500.0,original,-120.0,original
3635574.0,37.0,2025-01-26 04:20:00,WITEL_AHU_L8,35944500.0,228.0,228.0,230.0,0.0,0.0,0.0,50.03,1.0,2025-01-26 04:19:14.000,2025-01-26 04:19:14.000,2025-01-26 04:19:14.000,49910611.0,25627.0,62716132.0,228.0,original,228.0,original,230.0,original,0.0,gap_too_large,0.0,gap_too_large,0.0,gap_too_large,50.03,original,1.0,original,49910611.0,original,25627.0,original,62716132.0,original,35944500.0,original,-119.0,original
3635662.0,37.0,2025-01-26 04:40:00,WITEL_AHU_L8,35944500.0,228.0,228.0,230.0,0.0,0.0,0.0,49.98,1.0,2025-01-26 04:39:15.000,2025-01-26 04:39:15.000,2025-01-26 04:39:15.000,49910611.0,25627.0,62716132.0,228.0,original,228.0,original,230.0,original,0.0,gap_too_large,0.0,gap_too_large,0.0,gap_too_large,49.98,original,1.0,original,49910611.0,original,25627.0,original,62716132.0,original,35944500.0,original,-115.0,original
3635730.0,37.0,2025-01-26 05:00:00,WITEL_AHU_L8,35944500.0,228.0,228.0,230.0,0.0,0.0,0.0,50.0,1.0,2025-01-26 04:59:02.000,2025-01-26 04:59:02.000,2025-01-26 04:59:02.000,49910611.0,25627.0,62716132.0,228.0,original,228.0,original,230.0,original,0.0,gap_too_large,0.0,gap_too_large,0.0,gap_too_large,50.0,original,1.0,original,49910611.0,original,25627.0,original,62716132.0,original,35944500.0,original,-107.0,original
3635822.0,37.0,2025-01-26 05:20:00,WITEL_AHU_L8,35944500.0,228.0,227.0,230.0,0.0,0.0,0.0,50.01,1.0,2025-01-26 05:19:07.000,2025-01-26 05:19:07.000,2025-01-26 05:19:07.000,49910611.0,25627.0,62716132.0,228.0,original,227.0,original,230.0,original,0.0,gap_too_large,0.0,gap_too_large,0.0,gap_too_large,50.01,original,1.0,original,49910611.0,original,25627.0,original,62716132.0,original,35944500.0,original,-117.0,original
3635822.0,,2025-01-26 05:40:00,WITEL_AHU_L8,35944500.0,227.5,227.0,229.5,0.0,0.0,0.0,50.019999999999996,1.0,,,,49910611.0,25627.0,62716132.0,227.5,interpolated,227.0,interpolated,229.5,interpolated,0.0,gap_too_large,0.0,gap_too_large,0.0,gap_too_large,50.019999999999996,interpolated,1.0,interpolated,49910611.0,interpolated,25627.0,interpolated,62716132.0,interpolated,35944500.0,interpolated,-117.0,interpolated
3636000.0,37.0,2025-01-26 06:00:00,WITEL_AHU_L8,35944500.0,227.0,227.0,229.0,0.0,0.0,0.0,50.03,1.0,2025-01-26 05:59:14.000,2025-01-26 05:59:14.000,2025-01-26 05:59:14.000,49910611.0,25627.0,62716132.0,227.0,original,227.0,original,229.0,original,0.0,gap_too_large,0.0,gap_too_large,0.0,gap_too_large,50.03,original,1.0,original,49910611.0,original,25627.0,original,62716132.0,original,35944500.0,original,-117.0,original
3636142.0,37.0,2025-01-26 06:20:00,WITEL_AHU_L8,35944500.0,227.0,227.0,229.0,0.0,0.0,0.0,49.94,1.0,2025-01-26 06:29:10.000,2025-01-26 06:29:10.000,2025-01-26 06:29:10.000,49910611.0,25627.0,62716132.0,227.0,original,227.0,original,229.0,original,0.0,gap_too_large,0.0,gap_too_large,0.0,gap_too_large,49.94,original,1.0,original,49910611.0,original,25627.0,original,62716132.0,original,35944500.0,original,-120.0,original
3636176.0,37.0,2025-01-26 06:40:00,WITEL_AHU_L8,35944500.0,227.0,227.0,229.0,0.0,0.0,0.0,49.94,1.0,2025-01-26 06:39:02.000,2025-01-26 06:39:02.000,2025-01-26 06:39:02.000,49910611.0,25627.0,62716132.0,227.0,original,227.0,original,229.0,original,0.0,gap_too_large,0.0,gap_too_large,0.0,gap_too_large,49.94,original,1.0,original,49910611.0,original,25627.0,original,62716132.0,original,35944500.0,original,-102.0,original
3636268.0,37.0,2025-01-26 07:00:00,WITEL_AHU_L8,35944500.0,227.0,227.0,229.0,0.0,0.0,0.0,49.98,1.0,2025-01-26 06:59:09.000,2025-01-26 06:59:09.000,2025-01-26 06:59:09.000,49910611.0,25627.0,62716132.0,227.0,original,227.0,original,229.0,original,0.0,gap_too_large,0.0,gap_too_large,0.0,gap_too_large,49.98,original,1.0,original,49910611.0,original,25627.0,original,62716132.0,original,35944500.0,original,-119.0,original
3636352.0,37.0,2025-01-26 07:20:00,WITEL_AHU_L8,35944500.0,226.0,226.0,228.0,0.0,0.0,0.0,49.96,1.0,2025-01-26 07:18:59.000,2025-01-26 07:18:59.000,2025-01-26 07:18:59.000,49910611.0,25627.0,62716132.0,226.0,original,226.0,original,228.0,original,0.0,gap_too_large,0.0,gap_too_large,0.0,gap_too_large,49.96,original,1.0,original,49910611.0,original,25627.0,original,62716132.0,original,35944500.0,original,-93.0,original
3636484.0,37.0,2025-01-26 07:40:00,WITEL_AHU_L8,35944500.0,226.0,226.0,228.0,0.0,0.0,0.0,50.01,1.0,2025-01-26 07:39:18.000,2025-01-26 07:39:18.000,2025-01-26 07:39:18.000,49910611.0,25627.0,62716132.0,226.0,original,226.0,original,228.0,original,0.0,gap_too_large,0.0,gap_too_large,0.0,gap_too_large,50.01,original,1.0,original,49910611.0,original,25627.0,original,62716132.0,original,35944500.0,original,-98.0,original
3636620.0,37.0,2025-01-26 08:00:00,WITEL_AHU_L8,35944500.0,225.0,225.0,227.0,0.0,0.0,0.0,49.97,1.0,2025-01-26 08:09:12.000,2025-01-26 08:09:12.000,2025-01-26 08:09:12.000,49910611.0,25627.0,62716132.0,225.0,original,225.0,original,227.0,original,0.0,gap_too_large,0.0,gap_too_large,0.0,gap_too_large,49.97,original,1.0,original,49910611.0,original,25627.0,original,62716132.0,original,35944500.0,original,-101.0,original
3636660.0,37.0,2025-01-26 08:20:00,WITEL_AHU_L8,35944500.0,227.0,227.0,229.0,0.0,0.0,0.0,50.02,1.0,2025-01-26 08:19:05.000,2025-01-26 08:19:05.000,2025-01-26 08:19:05.000,49910611.0,25627.0,62716132.0,227.0,original,227.0,original,229.0,original,0.0,gap_too_large,0.0,gap_too_large,0.0,gap_too_large,50.02,original,1.0,original,49910611.0,original,25627.0,original,62716132.0,original,35944500.0,original,-117.0,original
3636756.0,37.0,2025-01-26 08:40:00,WITEL_AHU_L8,35944500.0,226.0,226.0,228.0,0.0,0.0,0.0,49.99,1.0,2025-01-26 08:39:11.000,2025-01-26 08:39:11.000,2025-01-26 08:39:11.000,49910611.0,25627.0,62716132.0,226.0,original,226.0,original,228.0,original,0.0,gap_too_large,0.0,gap_too_large,0.0,gap_too_large,49.99,original,1.0,original,49910611.0,original,25627.0,original,62716132.0,original,35944500.0,original,-99.0,original
3636904.0,37.0,2025-01-26 09:00:00,WITEL_AHU_L8,35944500.0,225.0,225.0,227.0,0.0,0.0,0.0,50.05,1.0,2025-01-26 09:09:14.000,2025-01-26 09:09:14.000,2025-01-26 09:09:14.000,49910611.0,25627.0,62716132.0,225.0,original,225.0,original,227.0,original,0.0,gap_too_large,0.0,gap_too_large,0.0,gap_too_large,50.05,original,1.0,original,49910611.0,original,25627.0,original,62716132.0,original,35944500.0,original,-102.0,original
3636904.0,,2025-01-26 09:20:00,WITEL_AHU_L8,35944500.0,226.0,226.0,228.0,0.0,0.0,0.0,50.015,1.0,,,,49910611.0,25627.0,62716132.0,226.0,interpolated,226.0,interpolated,228.0,interpolated,0.0,gap_too_large,0.0,gap_too_large,0.0,gap_too_large,50.015,interpolated,1.0,interpolated,49910611.0,interpolated,25627.0,interpolated,62716132.0,interpolated,35944500.0,interpolated,-109.5,interpolated
3637040.0,37.0,2025-01-26 09:40:00,WITEL_AHU_L8,35944500.0,227.0,227.0,229.0,0.0,0.0,0.0,49.98,1.0,2025-01-26 09:39:15.000,2025-01-26 09:39:15.000,2025-01-26 09:39:15.000,49910611.0,25627.0,62716132.0,227.0,original,227.0,original,229.0,original,0.0,gap_too_large,0.0,gap_too_large,0.0,gap_too_large,49.98,original,1.0,original,49910611.0,original,25627.0,original,62716132.0,original,35944500.0,original,-117.0,original
3637150.0,37.0,2025-01-26 10:00:00,WITEL_AHU_L8,35944500.0,226.0,225.0,227.0,0.0,0.0,0.0,49.99,1.0,2025-01-26 10:09:02.000,2025-01-26 10:09:02.000,2025-01-26 10:09:02.000,49910611.0,25627.0,62716132.0,226.0,original,225.0,original,227.0,original,0.0,gap_too_large,0.0,gap_too_large,0.0,gap_too_large,49.99,original,1.0,original,49910611.0,original,25627.0,original,62716132.0,original,35944500.0,original,-120.0,original
3637206.0,37.0,2025-01-26 10:20:00,WITEL_AHU_L8,35944500.0,225.0,225.0,227.0,0.0,0.0,0.0,50.02,1.0,2025-01-26 10:19:08.000,2025-01-26 10:19:08.000,2025-01-26 10:19:08.000,49910611.0,25627.0,62716132.0,225.0,original,225.0,original,227.0,original,0.0,gap_too_large,0.0,gap_too_large,0.0,gap_too_large,50.02,original,1.0,original,49910611.0,original,25627.0,original,62716132.0,original,35944500.0,original,-97.0,original
3637290.0,37.0,2025-01-26 10:40:00,WITEL_AHU_L8,35944500.0,225.0,225.0,227.0,0.0,0.0,0.0,50.03,1.0,2025-01-26 10:39:03.000,2025-01-26 10:39:03.000,2025-01-26 10:39:03.000,49910611.0,25627.0,62716132.0,225.0,original,225.0,original,227.0,original,0.0,gap_too_large,0.0,gap_too_large,0.0,gap_too_large,50.03,original,1.0,original,49910611.0,original,25627.0,original,62716132.0,original,35944500.0,original,-119.0,original
3637398.0,37.0,2025-01-26 11:00:00,WITEL_AHU_L8,35944500.0,226.0,225.0,227.0,0.0,0.0,0.0,49.98,1.0,2025-01-26 10:59:06.000,2025-01-26 10:59:06.000,2025-01-26 10:59:06.000,49910611.0,25627.0,62716132.0,226.0,original,225.0,original,227.0,original,0.0,gap_too_large,0.0,gap_too_large,0.0,gap_too_large,49.98,original,1.0,original,49910611.0,original,25627.0,original,62716132.0,original,35944500.0,original,-117.0,original
3637550.0,37.0,2025-01-26 11:20:00,WITEL_AHU_L8,35944500.0,225.0,225.0,227.0,0.0,0.0,0.0,50.01,1.0,2025-01-26 11:29:17.000,2025-01-26 11:29:17.000,2025-01-26 11:29:17.000,49910611.0,25627.0,62716132.0,225.0,original,225.0,original,227.0,original,0.0,gap_too_large,0.0,gap_too_large,0.0,gap_too_large,50.01,original,1.0,original,49910611.0,original,25627.0,original,62716132.0,original,35944500.0,original,-120.0,original
3637616.0,37.0,2025-01-26 11:40:00,WITEL_AHU_L8,35944500.0,226.0,225.0,227.0,0.0,0.0,0.0,50.0,1.0,2025-01-26 11:49:06.000,2025-01-26 11:49:06.000,2025-01-26 11:49:06.000,49910611.0,25627.0,62716132.0,226.0,original,225.0,original,227.0,original,0.0,gap_too_large,0.0,gap_too_large,0.0,gap_too_large,50.0,original,1.0,original,49910611.0,original,25627.0,original,62716132.0,original,35944500.0,original,-108.0,original
3637716.0,37.0,2025-01-26 12:00:00,WITEL_AHU_L8,35944500.0,226.0,226.0,228.0,0.0,0.0,0.0,50.06,1.0,2025-01-26 12:09:08.000,2025-01-26 12:09:08.000,2025-01-26 12:09:08.000,49910611.0,25627.0,62716132.0,226.0,original,226.0,original,228.0,original,0.0,gap_too_large,0.0,gap_too_large,0.0,gap_too_large,50.06,original,1.0,original,49910611.0,original,25627.0,original,62716132.0,original,35944500.0,original,-117.0,original
3637778.0,37.0,2025-01-26 12:20:00,WITEL_AHU_L8,35944500.0,226.0,226.0,228.0,0.0,0.0,0.0,49.98,1.0,2025-01-26 12:19:14.000,2025-01-26 12:19:14.000,2025-01-26 12:19:14.000,49910611.0,25627.0,62716132.0,226.0,original,226.0,original,228.0,original,0.0,gap_too_large,0.0,gap_too_large,0.0,gap_too_large,49.98,original,1.0,original,49910611.0,original,25627.0,original,62716132.0,original,35944500.0,original,-118.0,original
3637910.0,37.0,2025-01-26 12:40:00,WITEL_AHU_L8,35944500.0,226.0,226.0,228.0,0.0,0.0,0.0,50.02,1.0,2025-01-26 12:49:09.000,2025-01-26 12:49:09.000,2025-01-26 12:49:09.000,49910611.0,25627.0,62716132.0,226.0,original,226.0,original,228.0,original,0.0,gap_too_large,0.0,gap_too_large,0.0,gap_too_large,50.02,original,1.0,original,49910611.0,original,25627.0,original,62716132.0,original,35944500.0,original,-118.0,original
3637970.0,37.0,2025-01-26 13:00:00,WITEL_AHU_L8,35944500.0,226.0,225.0,227.0,0.0,0.0,0.0,49.96,1.0,2025-01-26 12:59:15.000,2025-01-26 12:59:15.000,2025-01-26 12:59:15.000,49910611.0,25627.0,62716132.0,226.0,original,225.0,original,227.0,original,0.0,gap_too_large,0.0,gap_too_large,0.0,gap_too_large,49.96,original,1.0,original,49910611.0,original,25627.0,original,62716132.0,original,35944500.0,original,-98.0,original
3637970.0,,2025-01-26 13:20:00,WITEL_AHU_L8,35944500.0,225.5,225.0,227.0,0.0,0.0,0.0,49.965,1.0,,,,49910611.0,25627.0,62716132.0,225.5,interpolated,225.0,interpolated,227.0,interpolated,0.0,gap_too_large,0.0,gap_too_large,0.0,gap_too_large,49.965,interpolated,1.0,interpolated,49910611.0,interpolated,25627.0,interpolated,62716132.0,interpolated,35944500.0,interpolated,-96.0,interpolated
3638148.0,37.0,2025-01-26 13:40:00,WITEL_AHU_L8,35944500.0,225.0,225.0,227.0,0.0,0.0,0.0,49.97,1.0,2025-01-26 13:39:10.000,2025-01-26 13:39:10.000,2025-01-26 13:39:10.000,49910611.0,25627.0,62716132.0,225.0,original,225.0,original,227.0,original,0.0,gap_too_large,0.0,gap_too_large,0.0,gap_too_large,49.97,original,1.0,original,49910611.0,original,25627.0,original,62716132.0,original,35944500.0,original,-94.0,original
3638298.0,37.0,2025-01-26 14:00:00,WITEL_AHU_L8,35944500.0,225.0,225.0,227.0,0.0,0.0,0.0,50.01,1.0,2025-01-26 14:09:17.000,2025-01-26 14:09:17.000,2025-01-26 14:09:17.000,49910611.0,25627.0,62716132.0,225.0,original,225.0,original,227.0,original,0.0,gap_too_large,0.0,gap_too_large,0.0,gap_too_large,50.01,original,1.0,original,49910611.0,original,25627.0,original,62716132.0,original,35944500.0,original,-99.0,original
3638336.0,37.0,2025-01-26 14:20:00,WITEL_AHU_L8,35944500.0,225.0,225.0,227.0,0.0,0.0,0.0,50.01,1.0,2025-01-26 14:19:12.000,2025-01-26 14:19:12.000,2025-01-26 14:19:12.000,49910611.0,25627.0,62716132.0,225.0,original,225.0,original,227.0,original,0.0,gap_too_large,0.0,gap_too_large,0.0,gap_too_large,50.01,original,1.0,original,49910611.0,original,25627.0,original,62716132.0,original,35944500.0,original,-97.0,original
3638454.0,37.0,2025-01-26 14:40:00,WITEL_AHU_L8,35944500.0,225.0,225.0,227.0,0.0,0.0,0.0,50.01,1.0,2025-01-26 14:49:06.000,2025-01-26 14:49:06.000,2025-01-26 14:49:06.000,49910611.0,25627.0,62716132.0,225.0,original,225.0,original,227.0,original,0.0,gap_too_large,0.0,gap_too_large,0.0,gap_too_large,50.01,original,1.0,original,49910611.0,original,25627.0,original,62716132.0,original,35944500.0,original,-115.0,original
3638510.0,37.0,2025-01-26 15:00:00,WITEL_AHU_L8,35944500.0,225.0,225.0,227.0,0.0,0.0,0.0,50.05,1.0,2025-01-26 14:59:10.000,2025-01-26 14:59:10.000,2025-01-26 14:59:10.000,49910611.0,25627.0,62716132.0,225.0,original,225.0,original,227.0,original,0.0,gap_too_large,0.0,gap_too_large,0.0,gap_too_large,50.05,original,1.0,original,49910611.0,original,25627.0,original,62716132.0,original,35944500.0,original,-98.0,original
3638642.0,37.0,2025-01-26 15:20:00,WITEL_AHU_L8,35944500.0,226.0,225.0,227.0,0.0,0.0,0.0,49.95,1.0,2025-01-26 15:29:02.000,2025-01-26 15:29:02.000,2025-01-26 15:29:02.000,49910611.0,25627.0,62716132.0,226.0,original,225.0,original,227.0,original,0.0,gap_too_large,0.0,gap_too_large,0.0,gap_too_large,49.95,original,1.0,original,49910611.0,original,25627.0,original,62716132.0,original,35944500.0,original,-117.0,original
3638760.0,37.0,2025-01-26 15:40:00,WITEL_AHU_L8,35944500.0,225.0,225.0,227.0,0.0,0.0,0.0,50.02,1.0,2025-01-26 15:40:08.000,2025-01-26 15:40:08.000,2025-01-26 15:40:08.000,49910611.0,25627.0,62716132.0,225.0,original,225.0,original,227.0,original,0.0,gap_too_large,0.0,gap_too_large,0.0,gap_too_large,50.02,original,1.0,original,49910611.0,original,25627.0,original,62716132.0,original,35944500.0,original,-97.0,original
3638848.0,37.0,2025-01-26 16:00:00,WITEL_AHU_L8,35944500.0,226.0,225.0,227.0,0.0,0.0,0.0,50.06,1.0,2025-01-26 15:59:18.000,2025-01-26 15:59:18.000,2025-01-26 15:59:18.000,49910611.0,25627.0,62716132.0,226.0,original,225.0,original,227.0,original,0.0,gap_too_large,0.0,gap_too_large,0.0,gap_too_large,50.06,original,1.0,original,49910611.0,original,25627.0,original,62716132.0,original,35944500.0,original,-108.0,original
3638930.0,37.0,2025-01-26 16:20:00,WITEL_AHU_L8,35944500.0,226.0,226.0,228.0,0.0,0.0,0.0,50.05,1.0,2025-01-26 16:19:07.000,2025-01-26 16:19:07.000,2025-01-26 16:19:07.000,49910611.0,25627.0,62716132.0,226.0,original,226.0,original,228.0,original,0.0,gap_too_large,0.0,gap_too_large,0.0,gap_too_large,50.05,original,1.0,original,49910611.0,original,25627.0,original,62716132.0,original,35944500.0,original,-98.0,original
3639014.0,37.0,2025-01-26 16:40:00,WITEL_AHU_L8,35944500.0,226.0,226.0,227.0,0.0,0.0,0.0,50.05,1.0,2025-01-26 16:39:01.000,2025-01-26 16:39:01.000,2025-01-26 16:39:01.000,49910611.0,25627.0,62716132.0,226.0,original,226.0,original,227.0,original,0.0,gap_too_large,0.0,gap_too_large,0.0,gap_too_large,50.05,original,1.0,original,49910611.0,original,25627.0,original,62716132.0,original,35944500.0,original,-120.0,original
3639174.0,37.0,2025-01-26 17:00:00,WITEL_AHU_L8,35944500.0,226.0,226.0,228.0,0.0,0.0,0.0,50.01,1.0,2025-01-26 17:09:20.000,2025-01-26 17:09:20.000,2025-01-26 17:09:20.000,49910611.0,25627.0,62716132.0,226.0,original,226.0,original,228.0,original,0.0,gap_too_large,0.0,gap_too_large,0.0,gap_too_large,50.01,original,1.0,original,49910611.0,original,25627.0,original,62716132.0,original,35944500.0,original,-117.0,original
3639196.0,37.0,2025-01-26 17:20:00,WITEL_AHU_L8,35944500.0,227.0,226.0,228.0,0.0,0.0,0.0,50.05,1.0,2025-01-26 17:19:00.000,2025-01-26 17:19:00.000,2025-01-26 17:19:00.000,49910611.0,25627.0,62716132.0,227.0,original,226.0,original,228.0,original,0.0,gap_too_large,0.0,gap_too_large,0.0,gap_too_large,50.05,original,1.0,original,49910611.0,original,25627.0,original,62716132.0,original,35944500.0,original,-118.0,original
3639298.0,37.0,2025-01-26 17:40:00,WITEL_AHU_L8,35944500.0,227.0,226.0,228.0,0.0,0.0,0.0,49.94,1.0,2025-01-26 17:38:59.000,2025-01-26 17:38:59.000,2025-01-26 17:38:59.000,49910611.0,25627.0,62716132.0,227.0,original,226.0,original,228.0,original,0.0,gap_too_large,0.0,gap_too_large,0.0,gap_too_large,49.94,original,1.0,original,49910611.0,original,25627.0,original,62716132.0,original,35944500.0,original,-118.0,original
3639298.0,,2025-01-26 18:00:00,WITEL_AHU_L8,35944500.0,227.0,226.0,228.0,0.0,0.0,0.0,49.945,1.0,,,,49910611.0,25627.0,62716132.0,227.0,interpolated,226.0,interpolated,228.0,interpolated,0.0,gap_too_large,0.0,gap_too_large,0.0,gap_too_large,49.945,interpolated,1.0,interpolated,49910611.0,interpolated,25627.0,interpolated,62716132.0,interpolated,35944500.0,interpolated,-109.5,interpolated
3639484.0,37.0,2025-01-26 18:20:00,WITEL_AHU_L8,35944500.0,227.0,226.0,228.0,0.0,0.0,0.0,49.95,1.0,2025-01-26 18:19:08.000,2025-01-26 18:19:08.000,2025-01-26 18:19:08.000,49910611.0,25627.0,62716132.0,227.0,original,226.0,original,228.0,original,0.0,gap_too_large,0.0,gap_too_large,0.0,gap_too_large,49.95,original,1.0,original,49910611.0,original,25627.0,original,62716132.0,original,35944500.0,original,-101.0,original
3639580.0,37.0,2025-01-26 18:40:00,WITEL_AHU_L8,35944500.0,227.0,226.0,228.0,0.0,0.0,0.0,50.02,1.0,2025-01-26 18:39:06.000,2025-01-26 18:39:06.000,2025-01-26 18:39:06.000,49910611.0,25627.0,62716132.0,227.0,original,226.0,original,228.0,original,0.0,gap_too_large,0.0,gap_too_large,0.0,gap_too_large,50.02,original,1.0,original,49910611.0,original,25627.0,original,62716132.0,original,35944500.0,original,-100.0,original
3639662.0,37.0,2025-01-26 19:00:00,WITEL_AHU_L8,35944500.0,227.0,227.0,229.0,0.0,0.0,0.0,50.05,1.0,2025-01-26 18:59:00.000,2025-01-26 18:59:00.000,2025-01-26 18:59:00.000,49910611.0,25627.0,62716132.0,227.0,original,227.0,original,229.0,original,0.0,gap_too_large,0.0,gap_too_large,0.0,gap_too_large,50.05,original,1.0,original,49910611.0,original,25627.0,original,62716132.0,original,35944500.0,original,-102.0,original
3639750.0,37.0,2025-01-26 19:20:00,WITEL_AHU_L8,35944500.0,227.0,227.0,229.0,0.0,0.0,0.0,50.05,1.0,2025-01-26 19:18:59.000,2025-01-26 19:18:59.000,2025-01-26 19:18:59.000,49910611.0,25627.0,62716132.0,227.0,original,227.0,original,229.0,original,0.0,gap_too_large,0.0,gap_too_large,0.0,gap_too_large,50.05,original,1.0,original,49910611.0,original,25627.0,original,62716132.0,original,35944500.0,original,-108.0,original
3639864.0,37.0,2025-01-26 19:40:00,WITEL_AHU_L8,35944500.0,227.0,227.0,229.0,0.0,0.0,0.0,50.0,1.0,2025-01-26 19:39:12.000,2025-01-26 19:39:12.000,2025-01-26 19:39:12.000,49910611.0,25627.0,62716132.0,227.0,original,227.0,original,229.0,original,0.0,gap_too_large,0.0,gap_too_large,0.0,gap_too_large,50.0,original,1.0,original,49910611.0,original,25627.0,original,62716132.0,original,35944500.0,original,-101.0,original
3639958.0,37.0,2025-01-26 20:00:00,WITEL_AHU_L8,35944500.0,227.0,227.0,229.0,0.0,0.0,0.0,49.99,1.0,2025-01-26 19:59:12.000,2025-01-26 19:59:12.000,2025-01-26 19:59:12.000,49910611.0,25627.0,62716132.0,227.0,original,227.0,original,229.0,original,0.0,gap_too_large,0.0,gap_too_large,0.0,gap_too_large,49.99,original,1.0,original,49910611.0,original,25627.0,original,62716132.0,original,35944500.0,original,-119.0,original
3640042.0,37.0,2025-01-26 20:20:00,WITEL_AHU_L8,35944500.0,228.0,227.0,229.0,0.0,0.0,0.0,50.05,1.0,2025-01-26 20:19:01.000,2025-01-26 20:19:01.000,2025-01-26 20:19:01.000,49910611.0,25627.0,62716132.0,228.0,original,227.0,original,229.0,original,0.0,gap_too_large,0.0,gap_too_large,0.0,gap_too_large,50.05,original,1.0,original,49910611.0,original,25627.0,original,62716132.0,original,35944500.0,original,-101.0,original
3640134.0,37.0,2025-01-26 20:40:00,WITEL_AHU_L8,35944500.0,228.0,227.0,230.0,0.0,0.0,0.0,50.05,1.0,2025-01-26 20:39:15.000,2025-01-26 20:39:15.000,2025-01-26 20:39:15.000,49910611.0,25627.0,62716132.0,228.0,original,227.0,original,230.0,original,0.0,gap_too_large,0.0,gap_too_large,0.0,gap_too_large,50.05,original,1.0,original,49910611.0,original,25627.0,original,62716132.0,original,35944500.0,original,-120.0,original
3640294.0,37.0,2025-01-26 21:00:00,WITEL_AHU_L8,35944500.0,228.0,228.0,230.0,0.0,0.0,0.0,50.06,1.0,2025-01-26 21:09:18.000,2025-01-26 21:09:18.000,2025-01-26 21:09:18.000,49910611.0,25627.0,62716132.0,228.0,original,228.0,original,230.0,original,0.0,gap_too_large,0.0,gap_too_large,0.0,gap_too_large,50.06,original,1.0,original,49910611.0,original,25627.0,original,62716132.0,original,35944500.0,original,-121.0,original
3640330.0,37.0,2025-01-26 21:20:00,WITEL_AHU_L8,35944500.0,228.0,228.0,230.0,0.0,0.0,0.0,50.01,1.0,2025-01-26 21:19:06.000,2025-01-26 21:19:06.000,2025-01-26 21:19:06.000,49910611.0,25627.0,62716132.0,228.0,original,228.0,original,230.0,original,0.0,gap_too_large,0.0,gap_too_large,0.0,gap_too_large,50.01,original,1.0,original,49910611.0,original,25627.0,original,62716132.0,original,35944500.0,original,-119.0,original
3640416.0,37.0,2025-01-26 21:40:00,WITEL_AHU_L8,35944500.0,229.0,229.0,231.0,0.0,0.0,0.0,50.03,1.0,2025-01-26 21:39:03.000,2025-01-26 21:39:03.000,2025-01-26 21:39:03.000,49910611.0,25627.0,62716132.0,229.0,original,229.0,original,231.0,original,0.0,gap_too_large,0.0,gap_too_large,0.0,gap_too_large,50.03,original,1.0,original,49910611.0,original,25627.0,original,62716132.0,original,35944500.0,original,-102.0,original
3640528.0,37.0,2025-01-26 22:00:00,WITEL_AHU_L8,35944500.0,229.0,229.0,231.0,0.0,0.0,0.0,50.02,1.0,2025-01-26 21:59:17.000,2025-01-26 21:59:17.000,2025-01-26 21:59:17.000,49910611.0,25627.0,62716132.0,229.0,original,229.0,original,231.0,original,0.0,gap_too_large,0.0,gap_too_large,0.0,gap_too_large,50.02,original,1.0,original,49910611.0,original,25627.0,original,62716132.0,original,35944500.0,original,-121.0,original
3640612.0,37.0,2025-01-26 22:20:00,WITEL_AHU_L8,35944500.0,230.0,229.0,232.0,0.0,0.0,0.0,49.98,1.0,2025-01-26 22:19:08.000,2025-01-26 22:19:08.000,2025-01-26 22:19:08.000,49910611.0,25627.0,62716132.0,230.0,original,229.0,original,232.0,original,0.0,gap_too_large,0.0,gap_too_large,0.0,gap_too_large,49.98,original,1.0,original,49910611.0,original,25627.0,original,62716132.0,original,35944500.0,original,-118.0,original
3640724.0,37.0,2025-01-26 22:40:00,WITEL_AHU_L8,35944500.0,230.0,230.0,232.0,0.0,0.0,0.0,49.98,1.0,2025-01-26 22:39:15.000,2025-01-26 22:39:15.000,2025-01-26 22:39:15.000,49910611.0,25627.0,62716132.0,230.0,original,230.0,original,232.0,original,0.0,gap_too_large,0.0,gap_too_large,0.0,gap_too_large,49.98,original,1.0,original,49910611.0,original,25627.0,original,62716132.0,original,35944500.0,original,-105.0,original
3640810.0,37.0,2025-01-26 23:00:00,WITEL_AHU_L8,35944500.0,228.0,228.0,230.0,0.0,0.0,0.0,49.99,1.0,2025-01-26 22:59:08.000,2025-01-26 22:59:08.000,2025-01-26 22:59:08.000,49910611.0,25627.0,62716132.0,228.0,original,228.0,original,230.0,original,0.0,gap_too_large,0.0,gap_too_large,0.0,gap_too_large,49.99,original,1.0,original,49910611.0,original,25627.0,original,62716132.0,original,35944500.0,original,-115.0,original
3640914.0,37.0,2025-01-26 23:20:00,WITEL_AHU_L8,35944500.0,228.0,228.0,230.0,0.0,0.0,0.0,49.99,1.0,2025-01-26 23:19:14.000,2025-01-26 23:19:14.000,2025-01-26 23:19:14.000,49910611.0,25627.0,62716132.0,228.0,original,228.0,original,230.0,original,0.0,gap_too_large,0.0,gap_too_large,0.0,gap_too_large,49.99,original,1.0,original,49910611.0,original,25627.0,original,62716132.0,original,35944500.0,original,-119.0,original
3641016.0,37.0,2025-01-26 23:40:00,WITEL_AHU_L8,35944500.0,228.0,228.0,230.0,0.0,0.0,0.0,50.02,1.0,2025-01-26 23:39:03.000,2025-01-26 23:39:03.000,2025-01-26 23:39:03.000,49910611.0,25627.0,62716132.0,228.0,original,228.0,original,230.0,original,0.0,gap_too_large,0.0,gap_too_large,0.0,gap_too_large,50.02,original,1.0,original,49910611.0,original,25627.0,original,62716132.0,original,35944500.0,original,-120.0,original
3641016.0,,2025-01-27 00:00:00,WITEL_AHU_L8,35944500.0,227.5,227.5,229.5,0.0,0.0,0.0,50.03,1.0,,,,49910611.0,25627.0,62716132.0,227.5,interpolated,227.5,interpolated,229.5,interpolated,0.0,gap_too_large,0.0,gap_too_large,0.0,gap_too_large,50.03,interpolated,1.0,interpolated,49910611.0,interpolated,25627.0,interpolated,62716132.0,interpolated,35944500.0,interpolated,-119.5,interpolated
3641214.0,37.0,2025-01-27 00:20:00,WITEL_AHU_L8,35944500.0,227.0,227.0,229.0,0.0,0.0,0.0,50.04,1.0,2025-01-27 00:19:02.000,2025-01-27 00:19:02.000,2025-01-27 00:19:02.000,49910611.0,25627.0,62716132.0,227.0,original,227.0,original,229.0,original,0.0,gap_too_large,0.0,gap_too_large,0.0,gap_too_large,50.04,original,1.0,original,49910611.0,original,25627.0,original,62716132.0,original,35944500.0,original,-119.0,original
3641340.0,37.0,2025-01-27 00:40:00,WITEL_AHU_L8,35944500.0,227.0,227.0,229.0,0.0,0.0,0.0,50.04,1.0,2025-01-27 00:39:21.000,2025-01-27 00:39:21.000,2025-01-27 00:39:21.000,49910611.0,25627.0,62716132.0,227.0,original,227.0,original,229.0,original,0.0,gap_too_large,0.0,gap_too_large,0.0,gap_too_large,50.04,original,1.0,original,49910611.0,original,25627.0,original,62716132.0,original,35944500.0,original,-119.0,original
3641412.0,37.0,2025-01-27 01:00:00,WITEL_AHU_L8,35944500.0,227.0,227.0,229.0,0.0,0.0,0.0,49.98,1.0,2025-01-27 00:59:01.000,2025-01-27 00:59:01.000,2025-01-27 00:59:01.000,49910611.0,25627.0,62716132.0,227.0,original,227.0,original,229.0,original,0.0,gap_too_large,0.0,gap_too_large,0.0,gap_too_large,49.98,original,1.0,original,49910611.0,original,25627.0,original,62716132.0,original,35944500.0,original,-120.0,original
3641510.0,37.0,2025-01-27 01:20:00,WITEL_AHU_L8,35944500.0,228.0,227.0,230.0,0.0,0.0,0.0,50.04,1.0,2025-01-27 01:19:01.000,2025-01-27 01:19:01.000,2025-01-27 01:19:01.000,49910611.0,25627.0,62716132.0,228.0,original,227.0,original,230.0,original,0.0,gap_too_large,0.0,gap_too_large,0.0,gap_too_large,50.04,original,1.0,original,49910611.0,original,25627.0,original,62716132.0,original,35944500.0,original,-118.0,original
3641618.0,37.0,2025-01-27 01:40:00,WITEL_AHU_L8,35944500.0,228.0,228.0,230.0,0.0,0.0,0.0,50.05,1.0,2025-01-27 01:39:11.000,2025-01-27 01:39:11.000,2025-01-27 01:39:11.000,49910611.0,25627.0,62716132.0,228.0,original,228.0,original,230.0,original,0.0,gap_too_large,0.0,gap_too_large,0.0,gap_too_large,50.05,original,1.0,original,49910611.0,original,25627.0,original,62716132.0,original,35944500.0,original,-120.0,original
3641716.0,37.0,2025-01-27 02:00:00,WITEL_AHU_L8,35944500.0,228.0,228.0,230.0,0.0,0.0,0.0,50.0,1.0,2025-01-27 01:59:09.000,2025-01-27 01:59:09.000,2025-01-27 01:59:09.000,49910611.0,25627.0,62716132.0,228.0,original,228.0,original,230.0,original,0.0,gap_too_large,0.0,gap_too_large,0.0,gap_too_large,50.0,original,1.0,original,49910611.0,original,25627.0,original,62716132.0,original,35944500.0,original,-118.0,original
3641800.0,37.0,2025-01-27 02:20:00,WITEL_AHU_L8,35944500.0,228.0,228.0,230.0,0.0,0.0,0.0,50.05,1.0,2025-01-27 02:19:02.000,2025-01-27 02:19:02.000,2025-01-27 02:19:02.000,49910611.0,25627.0,62716132.0,228.0,original,228.0,original,230.0,original,0.0,gap_too_large,0.0,gap_too_large,0.0,gap_too_large,50.05,original,1.0,original,49910611.0,original,25627.0,original,62716132.0,original,35944500.0,original,-99.0,original
3641908.0,37.0,2025-01-27 02:40:00,WITEL_AHU_L8,35944500.0,228.0,228.0,230.0,0.0,0.0,0.0,49.97,1.0,2025-01-27 02:39:17.000,2025-01-27 02:39:17.000,2025-01-27 02:39:17.000,49910611.0,25627.0,62716132.0,228.0,original,228.0,original,230.0,original,0.0,gap_too_large,0.0,gap_too_large,0.0,gap_too_large,49.97,original,1.0,original,49910611.0,original,25627.0,original,62716132.0,original,35944500.0,original,-118.0,original
3642016.0,37.0,2025-01-27 03:00:00,WITEL_AHU_L8,35944500.0,228.0,228.0,230.0,0.0,0.0,0.0,50.02,1.0,2025-01-27 02:59:16.000,2025-01-27 02:59:16.000,2025-01-27 02:59:16.000,49910611.0,25627.0,62716132.0,228.0,original,228.0,original,230.0,original,0.0,gap_too_large,0.0,gap_too_large,0.0,gap_too_large,50.02,original,1.0,original,49910611.0,original,25627.0,original,62716132.0,original,35944500.0,original,-119.0,original
3642090.0,37.0,2025-01-27 03:20:00,WITEL_AHU_L8,35944500.0,228.0,228.0,230.0,0.0,0.0,0.0,50.03,1.0,2025-01-27 03:18:59.000,2025-01-27 03:18:59.000,2025-01-27 03:18:59.000,49910611.0,25627.0,62716132.0,228.0,original,228.0,original,230.0,original,0.0,gap_too_large,0.0,gap_too_large,0.0,gap_too_large,50.03,original,1.0,original,49910611.0,original,25627.0,original,62716132.0,original,35944500.0,original,-116.0,original
3642208.0,37.0,2025-01-27 03:40:00,WITEL_AHU_L8,35944500.0,228.0,228.0,230.0,0.0,0.0,0.0,49.95,1.0,2025-01-27 03:39:12.000,2025-01-27 03:39:12.000,2025-01-27 03:39:12.000,49910611.0,25627.0,62716132.0,228.0,original,228.0,original,230.0,original,0.0,gap_too_large,0.0,gap_too_large,0.0,gap_too_large,49.95,original,1.0,original,49910611.0,original,25627.0,original,62716132.0,original,35944500.0,original,-105.0,original
3642286.0,37.0,2025-01-27 04:00:00,WITEL_AHU_L8,35944500.0,229.0,229.0,231.0,0.0,0.0,0.0,49.99,1.0,2025-01-27 03:59:00.000,2025-01-27 03:59:00.000,2025-01-27 03:59:00.000,49910611.0,25627.0,62716132.0,229.0,original,229.0,original,231.0,original,0.0,gap_too_large,0.0,gap_too_large,0.0,gap_too_large,49.99,original,1.0,original,49910611.0,original,25627.0,original,62716132.0,original,35944500.0,original,-106.0,original
3642384.0,37.0,2025-01-27 04:20:00,WITEL_AHU_L8,35944500.0,229.0,229.0,231.0,0.0,0.0,0.0,49.98,1.0,2025-01-27 04:19:02.000,2025-01-27 04:19:02.000,2025-01-27 04:19:02.000,49910611.0,25627.0,62716132.0,229.0,original,229.0,original,231.0,original,0.0,gap_too_large,0.0,gap_too_large,0.0,gap_too_large,49.98,original,1.0,original,49910611.0,original,25627.0,original,62716132.0,original,35944500.0,original,-115.0,original
3642504.0,37.0,2025-01-27 04:40:00,WITEL_AHU_L8,35944500.0,229.0,229.0,231.0,0.0,0.0,0.0,50.02,1.0,2025-01-27 04:39:21.000,2025-01-27 04:39:21.000,2025-01-27 04:39:21.000,49910611.0,25627.0,62716132.0,229.0,original,229.0,original,231.0,original,0.0,gap_too_large,0.0,gap_too_large,0.0,gap_too_large,50.02,original,1.0,original,49910611.0,original,25627.0,original,62716132.0,original,35944500.0,original,-114.0,original
3642648.0,37.0,2025-01-27 05:00:00,WITEL_AHU_L8,35944500.0,228.0,228.0,230.0,0.0,0.0,0.0,50.01,1.0,2025-01-27 05:09:16.000,2025-01-27 05:09:16.000,2025-01-27 05:09:16.000,49910611.0,25627.0,62716132.0,228.0,original,228.0,original,230.0,original,0.0,gap_too_large,0.0,gap_too_large,0.0,gap_too_large,50.01,original,1.0,original,49910611.0,original,25627.0,original,62716132.0,original,35944500.0,original,-118.0,original
3642690.0,37.0,2025-01-27 05:20:00,WITEL_AHU_L8,35944500.0,228.0,228.0,230.0,0.0,0.0,0.0,49.96,1.0,2025-01-27 05:19:10.000,2025-01-27 05:19:10.000,2025-01-27 05:19:10.000,49910611.0,25627.0,62716132.0,228.0,original,228.0,original,230.0,original,0.0,gap_too_large,0.0,gap_too_large,0.0,gap_too_large,49.96,original,1.0,original,49910611.0,original,25627.0,original,62716132.0,original,35944500.0,original,-114.0,original
3642790.0,37.0,2025-01-27 05:40:00,WITEL_AHU_L8,35944500.0,229.0,228.0,230.0,0.0,0.0,0.0,50.04,1.0,2025-01-27 05:39:10.000,2025-01-27 05:39:10.000,2025-01-27 05:39:10.000,49910611.0,25627.0,62716132.0,229.0,original,228.0,original,230.0,original,0.0,gap_too_large,0.0,gap_too_large,0.0,gap_too_large,50.04,original,1.0,original,49910611.0,original,25627.0,original,62716132.0,original,35944500.0,original,-108.0,original
3642896.0,37.0,2025-01-27 06:00:00,WITEL_AHU_L8,35944500.0,229.0,228.0,231.0,0.0,0.0,0.0,50.06,1.0,2025-01-27 05:59:16.000,2025-01-27 05:59:16.000,2025-01-27 05:59:16.000,49910611.0,25627.0,62716132.0,229.0,original,228.0,original,231.0,original,0.0,gap_too_large,0.0,gap_too_large,0.0,gap_too_large,50.06,original,1.0,original,49910611.0,original,25627.0,original,62716132.0,original,35944500.0,original,-108.0,original
3642990.0,37.0,2025-01-27 06:20:00,WITEL_AHU_L8,35944500.0,228.0,228.0,230.0,0.0,0.0,0.0,49.99,1.0,2025-01-27 06:19:16.000,2025-01-27 06:19:16.000,2025-01-27 06:19:16.000,49910611.0,25627.0,62716132.0,228.0,original,228.0,original,230.0,original,0.0,gap_too_large,0.0,gap_too_large,0.0,gap_too_large,49.99,original,1.0,original,49910611.0,original,25627.0,original,62716132.0,original,35944500.0,original,-118.0,original
3643078.0,37.0,2025-01-27 06:40:00,WITEL_AHU_L8,35944500.0,229.0,228.0,230.0,0.0,0.0,0.0,50.01,1.0,2025-01-27 06:39:02.000,2025-01-27 06:39:02.000,2025-01-27 06:39:02.000,49910611.0,25627.0,62716132.0,229.0,original,228.0,original,230.0,original,0.0,gap_too_large,0.0,gap_too_large,0.0,gap_too_large,50.01,original,1.0,original,49910611.0,original,25627.0,original,62716132.0,original,35944500.0,original,-118.0,original
3643192.0,37.0,2025-01-27 07:00:00,WITEL_AHU_L8,35944500.0,229.0,228.0,230.0,0.0,0.0,0.0,49.99,1.0,2025-01-27 06:59:15.000,2025-01-27 06:59:15.000,2025-01-27 06:59:15.000,49910611.0,25627.0,62716132.0,229.0,original,228.0,original,230.0,original,0.0,gap_too_large,0.0,gap_too_large,0.0,gap_too_large,49.99,original,1.0,original,49910611.0,original,25627.0,original,62716132.0,original,35944500.0,original,-120.0,original
3643278.0,37.0,2025-01-27 07:20:00,WITEL_AHU_L8,35944500.0,228.0,228.0,230.0,0.0,0.0,0.0,50.03,1.0,2025-01-27 07:19:07.000,2025-01-27 07:19:07.000,2025-01-27 07:19:07.000,49910611.0,25627.0,62716132.0,228.0,original,228.0,original,230.0,original,0.0,gap_too_large,0.0,gap_too_large,0.0,gap_too_large,50.03,original,1.0,original,49910611.0,original,25627.0,original,62716132.0,original,35944500.0,original,-104.0,original
3643424.0,37.0,2025-01-27 07:40:00,WITEL_AHU_L8,35944500.0,228.0,228.0,230.0,0.0,0.0,0.0,50.03,1.0,2025-01-27 07:40:26.000,2025-01-27 07:40:26.000,2025-01-27 07:40:26.000,49910611.0,25627.0,62716132.0,228.0,original,228.0,original,230.0,original,0.0,gap_too_large,0.0,gap_too_large,0.0,gap_too_large,50.03,original,1.0,original,49910611.0,original,25627.0,original,62716132.0,original,35944500.0,original,-120.0,original
3643502.0,37.0,2025-01-27 08:00:00,WITEL_AHU_L8,35944500.0,228.0,227.0,229.0,0.0,0.0,0.0,49.99,1.0,2025-01-27 07:59:00.000,2025-01-27 07:59:00.000,2025-01-27 07:59:00.000,49910611.0,25627.0,62716132.0,228.0,original,227.0,original,229.0,original,0.0,gap_too_large,0.0,gap_too_large,0.0,gap_too_large,49.99,original,1.0,original,49910611.0,original,25627.0,original,62716132.0,original,35944500.0,original,-119.0,original
3643616.0,37.0,2025-01-27 08:20:00,WITEL_AHU_L8,35944500.0,227.0,227.0,229.0,0.0,0.0,0.0,50.02,1.0,2025-01-27 08:19:19.000,2025-01-27 08:19:19.000,2025-01-27 08:19:19.000,49910611.0,25627.0,62716132.0,227.0,original,227.0,original,229.0,original,0.0,gap_too_large,0.0,gap_too_large,0.0,gap_too_large,50.02,original,1.0,original,49910611.0,original,25627.0,original,62716132.0,original,35944500.0,original,-121.0,original
3643696.0,37.0,2025-01-27 08:40:00,WITEL_AHU_L8,35944500.0,227.0,226.0,228.0,0.0,0.0,0.0,50.04,1.0,2025-01-27 08:39:01.000,2025-01-27 08:39:01.000,2025-01-27 08:39:01.000,49910611.0,25627.0,62716132.0,227.0,original,226.0,original,228.0,original,0.0,gap_too_large,0.0,gap_too_large,0.0,gap_too_large,50.04,original,1.0,original,49910611.0,original,25627.0,original,62716132.0,original,35944500.0,original,-119.0,original
3643788.0,37.0,2025-01-27 09:00:00,WITEL_AHU_L8,35944500.0,226.0,225.0,227.0,0.0,0.0,0.0,49.99,1.0,2025-01-27 08:59:04.000,2025-01-27 08:59:04.000,2025-01-27 08:59:04.000,49910611.0,25627.0,62716132.0,226.0,original,225.0,original,227.0,original,0.0,gap_too_large,0.0,gap_too_large,0.0,gap_too_large,49.99,original,1.0,original,49910611.0,original,25627.0,original,62716132.0,original,35944500.0,original,-99.0,original
3643892.0,37.0,2025-01-27 09:20:00,WITEL_AHU_L8,35944500.0,226.0,225.0,227.0,0.0,0.0,0.0,50.04,1.0,2025-01-27 09:19:01.000,2025-01-27 09:19:01.000,2025-01-27 09:19:01.000,49910611.0,25627.0,62716132.0,226.0,original,225.0,original,227.0,original,0.0,gap_too_large,0.0,gap_too_large,0.0,gap_too_large,50.04,original,1.0,original,49910611.0,original,25627.0,original,62716132.0,original,35944500.0,original,-102.0,original
3644062.0,37.0,2025-01-27 09:40:00,WITEL_AHU_L8,35944500.0,228.0,227.0,229.0,0.0,0.0,0.0,49.98,1.0,2025-01-27 09:49:13.000,2025-01-27 09:49:13.000,2025-01-27 09:49:13.000,49910611.0,25627.0,62716132.0,228.0,original,227.0,original,229.0,original,0.0,gap_too_large,0.0,gap_too_large,0.0,gap_too_large,49.98,original,1.0,original,49910611.0,original,25627.0,original,62716132.0,original,35944500.0,original,-120.0,original
3644098.0,37.0,2025-01-27 10:00:00,WITEL_AHU_L8,35944500.0,227.0,227.0,229.0,0.0,0.0,0.0,50.05,1.0,2025-01-27 09:59:00.000,2025-01-27 09:59:00.000,2025-01-27 09:59:00.000,49910611.0,25627.0,62716132.0,227.0,original,227.0,original,229.0,original,0.0,gap_too_large,0.0,gap_too_large,0.0,gap_too_large,50.05,original,1.0,original,49910611.0,original,25627.0,original,62716132.0,original,35944500.0,original,-118.0,original
3644228.0,37.0,2025-01-27 10:20:00,WITEL_AHU_L8,35944500.0,226.0,226.0,228.0,0.0,0.0,0.0,49.99,1.0,2025-01-27 10:19:18.000,2025-01-27 10:19:18.000,2025-01-27 10:19:18.000,49910611.0,25627.0,62716132.0,226.0,original,226.0,original,228.0,original,0.0,gap_too_large,0.0,gap_too_large,0.0,gap_too_large,49.99,original,1.0,original,49910611.0,original,25627.0,original,62716132.0,original,35944500.0,original,-121.0,original
3644324.0,37.0,2025-01-27 10:40:00,WITEL_AHU_L8,35944500.0,226.0,226.0,228.0,0.0,0.0,0.0,50.03,1.0,2025-01-27 10:39:15.000,2025-01-27 10:39:15.000,2025-01-27 10:39:15.000,49910611.0,25627.0,62716132.0,226.0,original,226.0,original,228.0,original,0.0,gap_too_large,0.0,gap_too_large,0.0,gap_too_large,50.03,original,1.0,original,49910611.0,original,25627.0,original,62716132.0,original,35944500.0,original,-100.0,original
3644408.0,37.0,2025-01-27 11:00:00,WITEL_AHU_L8,35944500.0,226.0,226.0,228.0,0.0,0.0,0.0,50.03,1.0,2025-01-27 10:59:04.000,2025-01-27 10:59:04.000,2025-01-27 10:59:04.000,49910611.0,25627.0,62716132.0,226.0,original,226.0,original,228.0,original,0.0,gap_too_large,0.0,gap_too_large,0.0,gap_too_large,50.03,original,1.0,original,49910611.0,original,25627.0,original,62716132.0,original,35944500.0,original,-95.0,original
3644506.0,37.0,2025-01-27 11:20:00,WITEL_AHU_L8,35944500.0,226.0,226.0,228.0,0.0,0.0,0.0,50.01,1.0,2025-01-27 11:19:01.000,2025-01-27 11:19:01.000,2025-01-27 11:19:01.000,49910611.0,25627.0,62716132.0,226.0,original,226.0,original,228.0,original,0.0,gap_too_large,0.0,gap_too_large,0.0,gap_too_large,50.01,original,1.0,original,49910611.0,original,25627.0,original,62716132.0,original,35944500.0,original,-101.0,original
3644668.0,37.0,2025-01-27 11:40:00,WITEL_AHU_L8,35944500.0,226.0,226.0,228.0,0.0,0.0,0.0,50.05,1.0,2025-01-27 11:49:11.000,2025-01-27 11:49:11.000,2025-01-27 11:49:11.000,49910611.0,25627.0,62716132.0,226.0,original,226.0,original,228.0,original,0.0,gap_too_large,0.0,gap_too_large,0.0,gap_too_large,50.05,original,1.0,original,49910611.0,original,25627.0,original,62716132.0,original,35944500.0,original,-121.0,original
3644720.0,37.0,2025-01-27 12:00:00,WITEL_AHU_L8,35944500.0,227.0,226.0,228.0,0.0,0.0,0.0,50.06,1.0,2025-01-27 11:59:18.000,2025-01-27 11:59:18.000,2025-01-27 11:59:18.000,49910611.0,25627.0,62716132.0,227.0,original,226.0,original,228.0,original,0.0,gap_too_large,0.0,gap_too_large,0.0,gap_too_large,50.06,original,1.0,original,49910611.0,original,25627.0,original,62716132.0,original,35944500.0,original,-103.0,original
3644834.0,37.0,2025-01-27 12:20:00,WITEL_AHU_L8,35944500.0,227.0,226.0,228.0,0.0,0.0,0.0,50.04,1.0,2025-01-27 12:28:58.000,2025-01-27 12:28:58.000,2025-01-27 12:28:58.000,49910611.0,25627.0,62716132.0,227.0,original,226.0,original,228.0,original,0.0,gap_too_large,0.0,gap_too_large,0.0,gap_too_large,50.04,original,1.0,original,49910611.0,original,25627.0,original,62716132.0,original,35944500.0,original,-117.0,original
3644908.0,37.0,2025-01-27 12:40:00,WITEL_AHU_L8,35944500.0,226.0,226.0,228.0,0.0,0.0,0.0,50.04,1.0,2025-01-27 12:39:14.000,2025-01-27 12:39:14.000,2025-01-27 12:39:14.000,49910611.0,25627.0,62716132.0,226.0,original,226.0,original,228.0,original,0.0,gap_too_large,0.0,gap_too_large,0.0,gap_too_large,50.04,original,1.0,original,49910611.0,original,25627.0,original,62716132.0,original,35944500.0,original,-120.0,original
3644996.0,37.0,2025-01-27 13:00:00,WITEL_AHU_L8,35944500.0,226.0,226.0,228.0,0.0,0.0,0.0,50.03,1.0,2025-01-27 12:59:17.000,2025-01-27 12:59:17.000,2025-01-27 12:59:17.000,49910611.0,25627.0,62716132.0,226.0,original,226.0,original,228.0,original,0.0,gap_too_large,0.0,gap_too_large,0.0,gap_too_large,50.03,original,1.0,original,49910611.0,original,25627.0,original,62716132.0,original,35944500.0,original,-121.0,original
3645092.0,37.0,2025-01-27 13:20:00,WITEL_AHU_L8,35944500.0,226.0,225.0,227.0,0.0,0.0,0.0,50.03,1.0,2025-01-27 13:19:10.000,2025-01-27 13:19:10.000,2025-01-27 13:19:10.000,49910611.0,25627.0,62716132.0,226.0,original,225.0,original,227.0,original,0.0,gap_too_large,0.0,gap_too_large,0.0,gap_too_large,50.03,original,1.0,original,49910611.0,original,25627.0,original,62716132.0,original,35944500.0,original,-102.0,original
3645252.0,37.0,2025-01-27 13:40:00,WITEL_AHU_L8,35944500.0,226.0,225.0,227.0,0.0,0.0,0.0,50.06,1.0,2025-01-27 13:49:08.000,2025-01-27 13:49:08.000,2025-01-27 13:49:08.000,49910611.0,25627.0,62716132.0,226.0,original,225.0,original,227.0,original,0.0,gap_too_large,0.0,gap_too_large,0.0,gap_too_large,50.06,original,1.0,original,49910611.0,original,25627.0,original,62716132.0,original,35944500.0,original,-120.0,original
3645304.0,37.0,2025-01-27 14:00:00,WITEL_AHU_L8,35944500.0,226.0,225.0,227.0,0.0,0.0,0.0,50.03,1.0,2025-01-27 13:59:09.000,2025-01-27 13:59:09.000,2025-01-27 13:59:09.000,49910611.0,25627.0,62716132.0,226.0,original,225.0,original,227.0,original,0.0,gap_too_large,0.0,gap_too_large,0.0,gap_too_large,50.03,original,1.0,original,49910611.0,original,25627.0,original,62716132.0,original,35944500.0,original,-119.0,original
3645440.0,37.0,2025-01-27 14:20:00,WITEL_AHU_L8,35944500.0,225.0,225.0,227.0,0.0,0.0,0.0,49.99,1.0,2025-01-27 14:29:08.000,2025-01-27 14:29:08.000,2025-01-27 14:29:08.000,49910611.0,25627.0,62716132.0,225.0,original,225.0,original,227.0,original,0.0,gap_too_large,0.0,gap_too_large,0.0,gap_too_large,49.99,original,1.0,original,49910611.0,original,25627.0,original,62716132.0,original,35944500.0,original,-101.0,original
3645506.0,37.0,2025-01-27 14:40:00,WITEL_AHU_L8,35944500.0,225.0,225.0,227.0,0.0,0.0,0.0,50.01,1.0,2025-01-27 14:39:19.000,2025-01-27 14:39:19.000,2025-01-27 14:39:19.000,49910611.0,25627.0,62716132.0,225.0,original,225.0,original,227.0,original,0.0,gap_too_large,0.0,gap_too_large,0.0,gap_too_large,50.01,original,1.0,original,49910611.0,original,25627.0,original,62716132.0,original,35944500.0,original,-120.0,original
3645570.0,37.0,2025-01-27 15:00:00,WITEL_AHU_L8,35944500.0,226.0,225.0,227.0,0.0,0.0,0.0,50.0,1.0,2025-01-27 14:59:04.000,2025-01-27 14:59:04.000,2025-01-27 14:59:04.000,49910611.0,25627.0,62716132.0,226.0,original,225.0,original,227.0,original,0.0,gap_too_large,0.0,gap_too_large,0.0,gap_too_large,50.0,original,1.0,original,49910611.0,original,25627.0,original,62716132.0,original,35944500.0,original,-100.0,original
3645680.0,37.0,2025-01-27 15:20:00,WITEL_AHU_L8,35944500.0,226.0,225.0,227.0,0.0,0.0,0.0,49.95,1.0,2025-01-27 15:19:07.000,2025-01-27 15:19:07.000,2025-01-27 15:19:07.000,49910611.0,25627.0,62716132.0,226.0,original,225.0,original,227.0,original,0.0,gap_too_large,0.0,gap_too_large,0.0,gap_too_large,49.95,original,1.0,original,49910611.0,original,25627.0,original,62716132.0,original,35944500.0,original,-119.0,original
3645680.0,,2025-01-27 15:40:00,WITEL_AHU_L8,0.0,0.0,0.0,0.0,0.0,0.0,0.0,0.0,0.0,,,,0.0,0.0,0.0,0.0,gap_too_large,0.0,gap_too_large,0.0,gap_too_large,0.0,gap_too_large,0.0,gap_too_large,0.0,gap_too_large,0.0,gap_too_large,0.0,gap_too_large,0.0,gap_too_large,0.0,gap_too_large,0.0,gap_too_large,0.0,gap_too_large,0.0,gap_too_large
3645680.0,,2025-01-27 16:00:00,WITEL_AHU_L8,0.0,0.0,0.0,0.0,0.0,0.0,0.0,0.0,0.0,,,,0.0,0.0,0.0,0.0,gap_too_large,0.0,gap_too_large,0.0,gap_too_large,0.0,gap_too_large,0.0,gap_too_large,0.0,gap_too_large,0.0,gap_too_large,0.0,gap_too_large,0.0,gap_too_large,0.0,gap_too_large,0.0,gap_too_large,0.0,gap_too_large,0.0,gap_too_large
3645680.0,,2025-01-27 16:20:00,WITEL_AHU_L8,0.0,0.0,0.0,0.0,0.0,0.0,0.0,0.0,0.0,,,,0.0,0.0,0.0,0.0,gap_too_large,0.0,gap_too_large,0.0,gap_too_large,0.0,gap_too_large,0.0,gap_too_large,0.0,gap_too_large,0.0,gap_too_large,0.0,gap_too_large,0.0,gap_too_large,0.0,gap_too_large,0.0,gap_too_large,0.0,gap_too_large,0.0,gap_too_large
3645680.0,,2025-01-27 16:40:00,WITEL_AHU_L8,0.0,0.0,0.0,0.0,0.0,0.0,0.0,0.0,0.0,,,,0.0,0.0,0.0,0.0,gap_too_large,0.0,gap_too_large,0.0,gap_too_large,0.0,gap_too_large,0.0,gap_too_large,0.0,gap_too_large,0.0,gap_too_large,0.0,gap_too_large,0.0,gap_too_large,0.0,gap_too_large,0.0,gap_too_large,0.0,gap_too_large,0.0,gap_too_large
3645680.0,,2025-01-27 17:00:00,WITEL_AHU_L8,0.0,0.0,0.0,0.0,0.0,0.0,0.0,0.0,0.0,,,,0.0,0.0,0.0,0.0,gap_too_large,0.0,gap_too_large,0.0,gap_too_large,0.0,gap_too_large,0.0,gap_too_large,0.0,gap_too_large,0.0,gap_too_large,0.0,gap_too_large,0.0,gap_too_large,0.0,gap_too_large,0.0,gap_too_large,0.0,gap_too_large,0.0,gap_too_large
3645680.0,,2025-01-27 17:20:00,WITEL_AHU_L8,0.0,0.0,0.0,0.0,0.0,0.0,0.0,0.0,0.0,,,,0.0,0.0,0.0,0.0,gap_too_large,0.0,gap_too_large,0.0,gap_too_large,0.0,gap_too_large,0.0,gap_too_large,0.0,gap_too_large,0.0,gap_too_large,0.0,gap_too_large,0.0,gap_too_large,0.0,gap_too_large,0.0,gap_too_large,0.0,gap_too_large,0.0,gap_too_large
3645680.0,,2025-01-27 17:40:00,WITEL_AHU_L8,0.0,0.0,0.0,0.0,0.0,0.0,0.0,0.0,0.0,,,,0.0,0.0,0.0,0.0,gap_too_large,0.0,gap_too_large,0.0,gap_too_large,0.0,gap_too_large,0.0,gap_too_large,0.0,gap_too_large,0.0,gap_too_large,0.0,gap_too_large,0.0,gap_too_large,0.0,gap_too_large,0.0,gap_too_large,0.0,gap_too_large,0.0,gap_too_large
3645680.0,,2025-01-27 18:00:00,WITEL_AHU_L8,0.0,0.0,0.0,0.0,0.0,0.0,0.0,0.0,0.0,,,,0.0,0.0,0.0,0.0,gap_too_large,0.0,gap_too_large,0.0,gap_too_large,0.0,gap_too_large,0.0,gap_too_large,0.0,gap_too_large,0.0,gap_too_large,0.0,gap_too_large,0.0,gap_too_large,0.0,gap_too_large,0.0,gap_too_large,0.0,gap_too_large,0.0,gap_too_large
3645680.0,,2025-01-27 18:20:00,WITEL_AHU_L8,0.0,0.0,0.0,0.0,0.0,0.0,0.0,0.0,0.0,,,,0.0,0.0,0.0,0.0,gap_too_large,0.0,gap_too_large,0.0,gap_too_large,0.0,gap_too_large,0.0,gap_too_large,0.0,gap_too_large,0.0,gap_too_large,0.0,gap_too_large,0.0,gap_too_large,0.0,gap_too_large,0.0,gap_too_large,0.0,gap_too_large,0.0,gap_too_large
3645680.0,,2025-01-27 18:40:00,WITEL_AHU_L8,0.0,0.0,0.0,0.0,0.0,0.0,0.0,0.0,0.0,,,,0.0,0.0,0.0,0.0,gap_too_large,0.0,gap_too_large,0.0,gap_too_large,0.0,gap_too_large,0.0,gap_too_large,0.0,gap_too_large,0.0,gap_too_large,0.0,gap_too_large,0.0,gap_too_large,0.0,gap_too_large,0.0,gap_too_large,0.0,gap_too_large,0.0,gap_too_large
3645680.0,,2025-01-27 19:00:00,WITEL_AHU_L8,0.0,0.0,0.0,0.0,0.0,0.0,0.0,0.0,0.0,,,,0.0,0.0,0.0,0.0,gap_too_large,0.0,gap_too_large,0.0,gap_too_large,0.0,gap_too_large,0.0,gap_too_large,0.0,gap_too_large,0.0,gap_too_large,0.0,gap_too_large,0.0,gap_too_large,0.0,gap_too_large,0.0,gap_too_large,0.0,gap_too_large,0.0,gap_too_large
3645680.0,,2025-01-27 19:20:00,WITEL_AHU_L8,0.0,0.0,0.0,0.0,0.0,0.0,0.0,0.0,0.0,,,,0.0,0.0,0.0,0.0,gap_too_large,0.0,gap_too_large,0.0,gap_too_large,0.0,gap_too_large,0.0,gap_too_large,0.0,gap_too_large,0.0,gap_too_large,0.0,gap_too_large,0.0,gap_too_large,0.0,gap_too_large,0.0,gap_too_large,0.0,gap_too_large,0.0,gap_too_large
3645680.0,,2025-01-27 19:40:00,WITEL_AHU_L8,0.0,0.0,0.0,0.0,0.0,0.0,0.0,0.0,0.0,,,,0.0,0.0,0.0,0.0,gap_too_large,0.0,gap_too_large,0.0,gap_too_large,0.0,gap_too_large,0.0,gap_too_large,0.0,gap_too_large,0.0,gap_too_large,0.0,gap_too_large,0.0,gap_too_large,0.0,gap_too_large,0.0,gap_too_large,0.0,gap_too_large,0.0,gap_too_large
3645680.0,,2025-01-27 20:00:00,WITEL_AHU_L8,0.0,0.0,0.0,0.0,0.0,0.0,0.0,0.0,0.0,,,,0.0,0.0,0.0,0.0,gap_too_large,0.0,gap_too_large,0.0,gap_too_large,0.0,gap_too_large,0.0,gap_too_large,0.0,gap_too_large,0.0,gap_too_large,0.0,gap_too_large,0.0,gap_too_large,0.0,gap_too_large,0.0,gap_too_large,0.0,gap_too_large,0.0,gap_too_large
3645680.0,,2025-01-27 20:20:00,WITEL_AHU_L8,0.0,0.0,0.0,0.0,0.0,0.0,0.0,0.0,0.0,,,,0.0,0.0,0.0,0.0,gap_too_large,0.0,gap_too_large,0.0,gap_too_large,0.0,gap_too_large,0.0,gap_too_large,0.0,gap_too_large,0.0,gap_too_large,0.0,gap_too_large,0.0,gap_too_large,0.0,gap_too_large,0.0,gap_too_large,0.0,gap_too_large,0.0,gap_too_large
3645680.0,,2025-01-27 20:40:00,WITEL_AHU_L8,0.0,0.0,0.0,0.0,0.0,0.0,0.0,0.0,0.0,,,,0.0,0.0,0.0,0.0,gap_too_large,0.0,gap_too_large,0.0,gap_too_large,0.0,gap_too_large,0.0,gap_too_large,0.0,gap_too_large,0.0,gap_too_large,0.0,gap_too_large,0.0,gap_too_large,0.0,gap_too_large,0.0,gap_too_large,0.0,gap_too_large,0.0,gap_too_large
3645680.0,,2025-01-27 21:00:00,WITEL_AHU_L8,0.0,0.0,0.0,0.0,0.0,0.0,0.0,0.0,0.0,,,,0.0,0.0,0.0,0.0,gap_too_large,0.0,gap_too_large,0.0,gap_too_large,0.0,gap_too_large,0.0,gap_too_large,0.0,gap_too_large,0.0,gap_too_large,0.0,gap_too_large,0.0,gap_too_large,0.0,gap_too_large,0.0,gap_too_large,0.0,gap_too_large,0.0,gap_too_large
3645680.0,,2025-01-27 21:20:00,WITEL_AHU_L8,0.0,0.0,0.0,0.0,0.0,0.0,0.0,0.0,0.0,,,,0.0,0.0,0.0,0.0,gap_too_large,0.0,gap_too_large,0.0,gap_too_large,0.0,gap_too_large,0.0,gap_too_large,0.0,gap_too_large,0.0,gap_too_large,0.0,gap_too_large,0.0,gap_too_large,0.0,gap_too_large,0.0,gap_too_large,0.0,gap_too_large,0.0,gap_too_large
3645680.0,,2025-01-27 21:40:00,WITEL_AHU_L8,0.0,0.0,0.0,0.0,0.0,0.0,0.0,0.0,0.0,,,,0.0,0.0,0.0,0.0,gap_too_large,0.0,gap_too_large,0.0,gap_too_large,0.0,gap_too_large,0.0,gap_too_large,0.0,gap_too_large,0.0,gap_too_large,0.0,gap_too_large,0.0,gap_too_large,0.0,gap_too_large,0.0,gap_too_large,0.0,gap_too_large,0.0,gap_too_large
3645680.0,,2025-01-27 22:00:00,WITEL_AHU_L8,0.0,0.0,0.0,0.0,0.0,0.0,0.0,0.0,0.0,,,,0.0,0.0,0.0,0.0,gap_too_large,0.0,gap_too_large,0.0,gap_too_large,0.0,gap_too_large,0.0,gap_too_large,0.0,gap_too_large,0.0,gap_too_large,0.0,gap_too_large,0.0,gap_too_large,0.0,gap_too_large,0.0,gap_too_large,0.0,gap_too_large,0.0,gap_too_large
3645680.0,,2025-01-27 22:20:00,WITEL_AHU_L8,0.0,0.0,0.0,0.0,0.0,0.0,0.0,0.0,0.0,,,,0.0,0.0,0.0,0.0,gap_too_large,0.0,gap_too_large,0.0,gap_too_large,0.0,gap_too_large,0.0,gap_too_large,0.0,gap_too_large,0.0,gap_too_large,0.0,gap_too_large,0.0,gap_too_large,0.0,gap_too_large,0.0,gap_too_large,0.0,gap_too_large,0.0,gap_too_large
3645680.0,,2025-01-27 22:40:00,WITEL_AHU_L8,0.0,0.0,0.0,0.0,0.0,0.0,0.0,0.0,0.0,,,,0.0,0.0,0.0,0.0,gap_too_large,0.0,gap_too_large,0.0,gap_too_large,0.0,gap_too_large,0.0,gap_too_large,0.0,gap_too_large,0.0,gap_too_large,0.0,gap_too_large,0.0,gap_too_large,0.0,gap_too_large,0.0,gap_too_large,0.0,gap_too_large,0.0,gap_too_large
3645680.0,,2025-01-27 23:00:00,WITEL_AHU_L8,0.0,0.0,0.0,0.0,0.0,0.0,0.0,0.0,0.0,,,,0.0,0.0,0.0,0.0,gap_too_large,0.0,gap_too_large,0.0,gap_too_large,0.0,gap_too_large,0.0,gap_too_large,0.0,gap_too_large,0.0,gap_too_large,0.0,gap_too_large,0.0,gap_too_large,0.0,gap_too_large,0.0,gap_too_large,0.0,gap_too_large,0.0,gap_too_large
3648433.0,37.0,2025-01-27 23:20:00,WITEL_AHU_L8,35944500.0,230.0,229.0,232.0,0.0,0.0,0.0,50.05,1.0,2025-01-27 23:36:27.000,2025-01-27 23:36:27.000,2025-01-27 23:36:27.000,49910611.0,25627.0,62716132.0,230.0,original,229.0,original,232.0,original,0.0,gap_too_large,0.0,gap_too_large,0.0,gap_too_large,50.05,original,1.0,original,49910611.0,original,25627.0,original,62716132.0,original,35944500.0,original,-115.0,original
3648466.0,37.0,2025-01-27 23:40:00,WITEL_AHU_L8,35944500.0,229.0,229.0,231.0,0.0,0.0,0.0,50.04,1.0,2025-01-27 23:39:09.000,2025-01-27 23:39:09.000,2025-01-27 23:39:09.000,49910611.0,25627.0,62716132.0,229.0,original,229.0,original,231.0,original,0.0,gap_too_large,0.0,gap_too_large,0.0,gap_too_large,50.04,original,1.0,original,49910611.0,original,25627.0,original,62716132.0,original,35944500.0,original,-119.0,original
3648592.0,37.0,2025-01-28 00:00:00,WITEL_AHU_L8,35944500.0,230.0,230.0,232.0,0.0,0.0,0.0,50.06,1.0,2025-01-27 23:59:08.000,2025-01-27 23:59:08.000,2025-01-27 23:59:08.000,49910611.0,25627.0,62716132.0,230.0,original,230.0,original,232.0,original,0.0,gap_too_large,0.0,gap_too_large,0.0,gap_too_large,50.06,original,1.0,original,49910611.0,original,25627.0,original,62716132.0,original,35944500.0,original,-119.0,original
3648739.0,37.0,2025-01-28 00:20:00,WITEL_AHU_L8,35944500.0,231.0,230.0,233.0,0.0,0.0,0.0,50.02,1.0,2025-01-28 00:19:10.000,2025-01-28 00:19:10.000,2025-01-28 00:19:10.000,49910611.0,25627.0,62716132.0,231.0,original,230.0,original,233.0,original,0.0,gap_too_large,0.0,gap_too_large,0.0,gap_too_large,50.02,original,1.0,original,49910611.0,original,25627.0,original,62716132.0,original,35944500.0,original,-121.0,original
3648949.0,37.0,2025-01-28 00:40:00,WITEL_AHU_L8,35944500.0,231.0,231.0,233.0,0.0,0.0,0.0,50.02,1.0,2025-01-28 00:49:14.000,2025-01-28 00:49:14.000,2025-01-28 00:49:14.000,49910611.0,25627.0,62716132.0,231.0,original,231.0,original,233.0,original,0.0,gap_too_large,0.0,gap_too_large,0.0,gap_too_large,50.02,original,1.0,original,49910611.0,original,25627.0,original,62716132.0,original,35944500.0,original,-120.0,original
3649027.0,37.0,2025-01-28 01:00:00,WITEL_AHU_L8,35944500.0,228.0,228.0,231.0,0.0,0.0,0.0,50.03,1.0,2025-01-28 00:59:21.000,2025-01-28 00:59:21.000,2025-01-28 00:59:21.000,49910611.0,25627.0,62716132.0,228.0,original,228.0,original,231.0,original,0.0,gap_too_large,0.0,gap_too_large,0.0,gap_too_large,50.03,original,1.0,original,49910611.0,original,25627.0,original,62716132.0,original,35944500.0,original,-99.0,original
3649225.0,37.0,2025-01-28 01:20:00,WITEL_AHU_L8,35944500.0,229.0,229.0,231.0,0.0,0.0,0.0,50.03,1.0,2025-01-28 01:31:53.000,2025-01-28 01:31:53.000,2025-01-28 01:31:53.000,49910611.0,25627.0,62716132.0,229.0,original,229.0,original,231.0,original,0.0,gap_too_large,0.0,gap_too_large,0.0,gap_too_large,50.03,original,1.0,original,49910611.0,original,25627.0,original,62716132.0,original,35944500.0,original,-119.0,original
3649276.0,37.0,2025-01-28 01:40:00,WITEL_AHU_L8,35944500.0,229.0,229.0,231.0,0.0,0.0,0.0,50.03,1.0,2025-01-28 01:39:07.000,2025-01-28 01:39:07.000,2025-01-28 01:39:07.000,49910611.0,25627.0,62716132.0,229.0,original,229.0,original,231.0,original,0.0,gap_too_large,0.0,gap_too_large,0.0,gap_too_large,50.03,original,1.0,original,49910611.0,original,25627.0,original,62716132.0,original,35944500.0,original,-100.0,original
3649441.0,37.0,2025-01-28 02:00:00,WITEL_AHU_L8,35944500.0,229.0,229.0,231.0,0.0,0.0,0.0,50.01,1.0,2025-01-28 01:59:15.000,2025-01-28 01:59:15.000,2025-01-28 01:59:15.000,49910611.0,25627.0,62716132.0,229.0,original,229.0,original,231.0,original,0.0,gap_too_large,0.0,gap_too_large,0.0,gap_too_large,50.01,original,1.0,original,49910611.0,original,25627.0,original,62716132.0,original,35944500.0,original,-120.0,original
3649549.0,37.0,2025-01-28 02:20:00,WITEL_AHU_L8,35944500.0,229.0,229.0,231.0,0.0,0.0,0.0,50.03,1.0,2025-01-28 02:19:02.000,2025-01-28 02:19:02.000,2025-01-28 02:19:02.000,49910611.0,25627.0,62716132.0,229.0,original,229.0,original,231.0,original,0.0,gap_too_large,0.0,gap_too_large,0.0,gap_too_large,50.03,original,1.0,original,49910611.0,original,25627.0,original,62716132.0,original,35944500.0,original,-118.0,original
3649747.0,37.0,2025-01-28 02:40:00,WITEL_AHU_L8,35944500.0,230.0,229.0,231.0,0.0,0.0,0.0,50.01,1.0,2025-01-28 02:49:02.000,2025-01-28 02:49:02.000,2025-01-28 02:49:02.000,49910611.0,25627.0,62716132.0,230.0,original,229.0,original,231.0,original,0.0,gap_too_large,0.0,gap_too_large,0.0,gap_too_large,50.01,original,1.0,original,49910611.0,original,25627.0,original,62716132.0,original,35944500.0,original,-120.0,original
3649840.0,37.0,2025-01-28 03:00:00,WITEL_AHU_L8,35944500.0,230.0,229.0,232.0,0.0,0.0,0.0,50.06,1.0,2025-01-28 02:59:17.000,2025-01-28 02:59:17.000,2025-01-28 02:59:17.000,49910611.0,25627.0,62716132.0,230.0,original,229.0,original,232.0,original,0.0,gap_too_large,0.0,gap_too_large,0.0,gap_too_large,50.06,original,1.0,original,49910611.0,original,25627.0,original,62716132.0,original,35944500.0,original,-98.0,original
3650014.0,37.0,2025-01-28 03:20:00,WITEL_AHU_L8,35944500.0,230.0,230.0,232.0,0.0,0.0,0.0,50.05,1.0,2025-01-28 03:29:06.000,2025-01-28 03:29:06.000,2025-01-28 03:29:06.000,49910611.0,25627.0,62716132.0,230.0,original,230.0,original,232.0,original,0.0,gap_too_large,0.0,gap_too_large,0.0,gap_too_large,50.05,original,1.0,original,49910611.0,original,25627.0,original,62716132.0,original,35944500.0,original,-119.0,original
3650080.0,37.0,2025-01-28 03:40:00,WITEL_AHU_L8,35944500.0,230.0,229.0,232.0,0.0,0.0,0.0,49.95,1.0,2025-01-28 03:39:05.000,2025-01-28 03:39:05.000,2025-01-28 03:39:05.000,49910611.0,25627.0,62716132.0,230.0,original,229.0,original,232.0,original,0.0,gap_too_large,0.0,gap_too_large,0.0,gap_too_large,49.95,original,1.0,original,49910611.0,original,25627.0,original,62716132.0,original,35944500.0,original,-100.0,original
3650251.0,37.0,2025-01-28 04:00:00,WITEL_AHU_L8,35944500.0,230.0,230.0,232.0,0.0,0.0,0.0,50.07,1.0,2025-01-28 04:09:06.000,2025-01-28 04:09:06.000,2025-01-28 04:09:06.000,49910611.0,25627.0,62716132.0,230.0,original,230.0,original,232.0,original,0.0,gap_too_large,0.0,gap_too_large,0.0,gap_too_large,50.07,original,1.0,original,49910611.0,original,25627.0,original,62716132.0,original,35944500.0,original,-102.0,original
3650395.0,37.0,2025-01-28 04:20:00,WITEL_AHU_L8,35944500.0,230.0,230.0,232.0,0.0,0.0,0.0,50.01,1.0,2025-01-28 04:29:18.000,2025-01-28 04:29:18.000,2025-01-28 04:29:18.000,49910611.0,25627.0,62716132.0,230.0,original,230.0,original,232.0,original,0.0,gap_too_large,0.0,gap_too_large,0.0,gap_too_large,50.01,original,1.0,original,49910611.0,original,25627.0,original,62716132.0,original,35944500.0,original,-118.0,original
3650533.0,37.0,2025-01-28 04:40:00,WITEL_AHU_L8,35944500.0,230.0,230.0,232.0,0.0,0.0,0.0,50.05,1.0,2025-01-28 04:49:17.000,2025-01-28 04:49:17.000,2025-01-28 04:49:17.000,49910611.0,25627.0,62716132.0,230.0,original,230.0,original,232.0,original,0.0,gap_too_large,0.0,gap_too_large,0.0,gap_too_large,50.05,original,1.0,original,49910611.0,original,25627.0,original,62716132.0,original,35944500.0,original,-118.0,original
3650635.0,37.0,2025-01-28 05:00:00,WITEL_AHU_L8,35944500.0,229.0,229.0,232.0,0.0,0.0,0.0,50.05,1.0,2025-01-28 05:09:04.000,2025-01-28 05:09:04.000,2025-01-28 05:09:04.000,49910611.0,25627.0,62716132.0,229.0,original,229.0,original,232.0,original,0.0,gap_too_large,0.0,gap_too_large,0.0,gap_too_large,50.05,original,1.0,original,49910611.0,original,25627.0,original,62716132.0,original,35944500.0,original,-118.0,original
3650782.0,37.0,2025-01-28 05:20:00,WITEL_AHU_L8,35944500.0,229.0,229.0,231.0,0.0,0.0,0.0,50.01,1.0,2025-01-28 05:29:09.000,2025-01-28 05:29:09.000,2025-01-28 05:29:09.000,49910611.0,25627.0,62716132.0,229.0,original,229.0,original,231.0,original,0.0,gap_too_large,0.0,gap_too_large,0.0,gap_too_large,50.01,original,1.0,original,49910611.0,original,25627.0,original,62716132.0,original,35944500.0,original,-119.0,original
3650857.0,37.0,2025-01-28 05:40:00,WITEL_AHU_L8,35944500.0,229.0,229.0,231.0,0.0,0.0,0.0,50.0,1.0,2025-01-28 05:39:12.000,2025-01-28 05:39:12.000,2025-01-28 05:39:12.000,49910611.0,25627.0,62716132.0,229.0,original,229.0,original,231.0,original,0.0,gap_too_large,0.0,gap_too_large,0.0,gap_too_large,50.0,original,1.0,original,49910611.0,original,25627.0,original,62716132.0,original,35944500.0,original,-100.0,original
3650983.0,37.0,2025-01-28 06:00:00,WITEL_AHU_L8,35944500.0,229.0,229.0,231.0,0.0,0.0,0.0,50.07,1.0,2025-01-28 05:59:03.000,2025-01-28 05:59:03.000,2025-01-28 05:59:03.000,49910611.0,25627.0,62716132.0,229.0,original,229.0,original,231.0,original,0.0,gap_too_large,0.0,gap_too_large,0.0,gap_too_large,50.07,original,1.0,original,49910611.0,original,25627.0,original,62716132.0,original,35944500.0,original,-120.0,original
3651208.0,37.0,2025-01-28 06:20:00,WITEL_AHU_L8,35944500.0,228.0,227.0,229.0,0.0,0.0,0.0,50.04,1.0,2025-01-28 06:29:19.000,2025-01-28 06:29:19.000,2025-01-28 06:29:19.000,49910611.0,25627.0,62716132.0,228.0,original,227.0,original,229.0,original,0.0,gap_too_large,0.0,gap_too_large,0.0,gap_too_large,50.04,original,1.0,original,49910611.0,original,25627.0,original,62716132.0,original,35944500.0,original,-107.0,original
3651352.0,37.0,2025-01-28 06:40:00,WITEL_AHU_L8,35944500.0,227.0,226.0,229.0,0.0,0.0,0.0,50.06,1.0,2025-01-28 06:49:22.000,2025-01-28 06:49:22.000,2025-01-28 06:49:22.000,49910611.0,25627.0,62716132.0,227.0,original,226.0,original,229.0,original,0.0,gap_too_large,0.0,gap_too_large,0.0,gap_too_large,50.06,original,1.0,original,49910611.0,original,25627.0,original,62716132.0,original,35944500.0,original,-120.0,original
3651418.0,37.0,2025-01-28 07:00:00,WITEL_AHU_L8,35944500.0,226.0,226.0,228.0,0.0,0.0,0.0,50.06,1.0,2025-01-28 06:59:21.000,2025-01-28 06:59:21.000,2025-01-28 06:59:21.000,49910611.0,25627.0,62716132.0,226.0,original,226.0,original,228.0,original,0.0,gap_too_large,0.0,gap_too_large,0.0,gap_too_large,50.06,original,1.0,original,49910611.0,original,25627.0,original,62716132.0,original,35944500.0,original,-118.0,original
3651535.0,37.0,2025-01-28 07:20:00,WITEL_AHU_L8,35944500.0,227.0,227.0,229.0,0.0,0.0,0.0,50.04,1.0,2025-01-28 07:19:08.000,2025-01-28 07:19:08.000,2025-01-28 07:19:08.000,49910611.0,25627.0,62716132.0,227.0,original,227.0,original,229.0,original,0.0,gap_too_large,0.0,gap_too_large,0.0,gap_too_large,50.04,original,1.0,original,49910611.0,original,25627.0,original,62716132.0,original,35944500.0,original,-99.0,original
3651715.0,37.0,2025-01-28 07:40:00,WITEL_AHU_L8,35944500.0,226.0,226.0,228.0,0.0,0.0,0.0,50.01,1.0,2025-01-28 07:39:17.000,2025-01-28 07:39:17.000,2025-01-28 07:39:17.000,49910611.0,25627.0,62716132.0,226.0,original,226.0,original,228.0,original,0.0,gap_too_large,0.0,gap_too_large,0.0,gap_too_large,50.01,original,1.0,original,49910611.0,original,25627.0,original,62716132.0,original,35944500.0,original,-119.0,original
3651829.0,37.0,2025-01-28 08:00:00,WITEL_AHU_L8,35944500.0,225.0,225.0,227.0,0.0,0.0,0.0,50.03,1.0,2025-01-28 07:59:09.000,2025-01-28 07:59:09.000,2025-01-28 07:59:09.000,49910611.0,25627.0,62716132.0,225.0,original,225.0,original,227.0,original,0.0,gap_too_large,0.0,gap_too_large,0.0,gap_too_large,50.03,original,1.0,original,49910611.0,original,25627.0,original,62716132.0,original,35944500.0,original,-105.0,original
3651979.0,37.0,2025-01-28 08:20:00,WITEL_AHU_L8,35944500.0,228.0,227.0,229.0,0.0,0.0,0.0,50.04,1.0,2025-01-28 08:19:07.000,2025-01-28 08:19:07.000,2025-01-28 08:19:07.000,49910611.0,25627.0,62716132.0,228.0,original,227.0,original,229.0,original,0.0,gap_too_large,0.0,gap_too_large,0.0,gap_too_large,50.04,original,1.0,original,49910611.0,original,25627.0,original,62716132.0,original,35944500.0,original,-105.0,original
3652123.0,37.0,2025-01-28 08:40:00,WITEL_AHU_L8,35944500.0,227.0,227.0,229.0,0.0,0.0,0.0,49.99,1.0,2025-01-28 08:39:09.000,2025-01-28 08:39:09.000,2025-01-28 08:39:09.000,49910611.0,25627.0,62716132.0,227.0,original,227.0,original,229.0,original,0.0,gap_too_large,0.0,gap_too_large,0.0,gap_too_large,49.99,original,1.0,original,49910611.0,original,25627.0,original,62716132.0,original,35944500.0,original,-103.0,original
3652258.0,37.0,2025-01-28 09:00:00,WITEL_AHU_L8,35944500.0,226.0,226.0,228.0,0.0,0.0,0.0,49.99,1.0,2025-01-28 08:59:07.000,2025-01-28 08:59:07.000,2025-01-28 08:59:07.000,49910611.0,25627.0,62716132.0,226.0,original,226.0,original,228.0,original,0.0,gap_too_large,0.0,gap_too_large,0.0,gap_too_large,49.99,original,1.0,original,49910611.0,original,25627.0,original,62716132.0,original,35944500.0,original,-119.0,original
3652372.0,37.0,2025-01-28 09:20:00,WITEL_AHU_L8,35944500.0,225.0,225.0,227.0,0.0,0.0,0.0,49.96,1.0,2025-01-28 09:19:01.000,2025-01-28 09:19:01.000,2025-01-28 09:19:01.000,49910611.0,25627.0,62716132.0,225.0,original,225.0,original,227.0,original,0.0,gap_too_large,0.0,gap_too_large,0.0,gap_too_large,49.96,original,1.0,original,49910611.0,original,25627.0,original,62716132.0,original,35944500.0,original,-119.0,original
3652597.0,37.0,2025-01-28 09:40:00,WITEL_AHU_L8,35944500.0,227.0,227.0,229.0,0.0,0.0,0.0,50.04,1.0,2025-01-28 09:49:03.000,2025-01-28 09:49:03.000,2025-01-28 09:49:03.000,49910611.0,25627.0,62716132.0,227.0,original,227.0,original,229.0,original,0.0,gap_too_large,0.0,gap_too_large,0.0,gap_too_large,50.04,original,1.0,original,49910611.0,original,25627.0,original,62716132.0,original,35944500.0,original,-119.0,original
3652657.0,37.0,2025-01-28 10:00:00,WITEL_AHU_L8,35944500.0,227.0,226.0,228.0,0.0,0.0,0.0,50.01,1.0,2025-01-28 09:59:00.000,2025-01-28 09:59:00.000,2025-01-28 09:59:00.000,49910611.0,25627.0,62716132.0,227.0,original,226.0,original,228.0,original,0.0,gap_too_large,0.0,gap_too_large,0.0,gap_too_large,50.01,original,1.0,original,49910611.0,original,25627.0,original,62716132.0,original,35944500.0,original,-119.0,original
3652828.0,37.0,2025-01-28 10:20:00,WITEL_AHU_L8,35944500.0,227.0,227.0,228.0,0.0,0.0,0.0,50.03,1.0,2025-01-28 10:19:08.000,2025-01-28 10:19:08.000,2025-01-28 10:19:08.000,49910611.0,25627.0,62716132.0,227.0,original,227.0,original,228.0,original,0.0,gap_too_large,0.0,gap_too_large,0.0,gap_too_large,50.03,original,1.0,original,49910611.0,original,25627.0,original,62716132.0,original,35944500.0,original,-105.0,original
3652975.0,37.0,2025-01-28 10:40:00,WITEL_AHU_L8,35944500.0,227.0,226.0,228.0,0.0,0.0,0.0,50.06,1.0,2025-01-28 10:39:15.000,2025-01-28 10:39:15.000,2025-01-28 10:39:15.000,49910611.0,25627.0,62716132.0,227.0,original,226.0,original,228.0,original,0.0,gap_too_large,0.0,gap_too_large,0.0,gap_too_large,50.06,original,1.0,original,49910611.0,original,25627.0,original,62716132.0,original,35944500.0,original,-119.0,original
3653113.0,37.0,2025-01-28 11:00:00,WITEL_AHU_L8,35944500.0,227.0,226.0,228.0,0.0,0.0,0.0,50.05,1.0,2025-01-28 10:59:10.000,2025-01-28 10:59:10.000,2025-01-28 10:59:10.000,49910611.0,25627.0,62716132.0,227.0,original,226.0,original,228.0,original,0.0,gap_too_large,0.0,gap_too_large,0.0,gap_too_large,50.05,original,1.0,original,49910611.0,original,25627.0,original,62716132.0,original,35944500.0,original,-118.0,original
3653251.0,37.0,2025-01-28 11:20:00,WITEL_AHU_L8,35944500.0,227.0,226.0,228.0,0.0,0.0,0.0,50.03,1.0,2025-01-28 11:19:13.000,2025-01-28 11:19:13.000,2025-01-28 11:19:13.000,49910611.0,25627.0,62716132.0,227.0,original,226.0,original,228.0,original,0.0,gap_too_large,0.0,gap_too_large,0.0,gap_too_large,50.03,original,1.0,original,49910611.0,original,25627.0,original,62716132.0,original,35944500.0,original,-113.0,original
3653389.0,37.0,2025-01-28 11:40:00,WITEL_AHU_L8,35944500.0,227.0,227.0,229.0,0.0,0.0,0.0,50.05,1.0,2025-01-28 11:39:04.000,2025-01-28 11:39:04.000,2025-01-28 11:39:04.000,49910611.0,25627.0,62716132.0,227.0,original,227.0,original,229.0,original,0.0,gap_too_large,0.0,gap_too_large,0.0,gap_too_large,50.05,original,1.0,original,49910611.0,original,25627.0,original,62716132.0,original,35944500.0,original,-118.0,original
3653542.0,37.0,2025-01-28 12:00:00,WITEL_AHU_L8,35944500.0,228.0,228.0,230.0,0.0,0.0,0.0,50.1,1.0,2025-01-28 11:59:11.000,2025-01-28 11:59:11.000,2025-01-28 11:59:11.000,49910611.0,25627.0,62716132.0,228.0,original,228.0,original,230.0,original,0.0,gap_too_large,0.0,gap_too_large,0.0,gap_too_large,50.1,original,1.0,original,49910611.0,original,25627.0,original,62716132.0,original,35944500.0,original,-117.0,original
3653671.0,37.0,2025-01-28 12:20:00,WITEL_AHU_L8,35944500.0,228.0,228.0,230.0,0.0,0.0,0.0,49.98,1.0,2025-01-28 12:19:04.000,2025-01-28 12:19:04.000,2025-01-28 12:19:04.000,49910611.0,25627.0,62716132.0,228.0,original,228.0,original,230.0,original,0.0,gap_too_large,0.0,gap_too_large,0.0,gap_too_large,49.98,original,1.0,original,49910611.0,original,25627.0,original,62716132.0,original,35944500.0,original,-111.0,original
3653863.0,37.0,2025-01-28 12:40:00,WITEL_AHU_L8,35944500.0,228.0,228.0,230.0,0.0,0.0,0.0,50.04,1.0,2025-01-28 12:49:13.000,2025-01-28 12:49:13.000,2025-01-28 12:49:13.000,49910611.0,25627.0,62716132.0,228.0,original,228.0,original,230.0,original,0.0,gap_too_large,0.0,gap_too_large,0.0,gap_too_large,50.04,original,1.0,original,49910611.0,original,25627.0,original,62716132.0,original,35944500.0,original,-119.0,original
3653920.0,37.0,2025-01-28 13:00:00,WITEL_AHU_L8,35944500.0,228.0,228.0,230.0,0.0,0.0,0.0,49.97,1.0,2025-01-28 12:59:05.000,2025-01-28 12:59:05.000,2025-01-28 12:59:05.000,49910611.0,25627.0,62716132.0,228.0,original,228.0,original,230.0,original,0.0,gap_too_large,0.0,gap_too_large,0.0,gap_too_large,49.97,original,1.0,original,49910611.0,original,25627.0,original,62716132.0,original,35944500.0,original,-117.0,original
3654064.0,37.0,2025-01-28 13:20:00,WITEL_AHU_L8,35944500.0,227.0,226.0,228.0,0.0,0.0,0.0,49.96,1.0,2025-01-28 13:19:12.000,2025-01-28 13:19:12.000,2025-01-28 13:19:12.000,49910611.0,25627.0,62716132.0,227.0,original,226.0,original,228.0,original,0.0,gap_too_large,0.0,gap_too_large,0.0,gap_too_large,49.96,original,1.0,original,49910611.0,original,25627.0,original,62716132.0,original,35944500.0,original,-114.0,original
3654178.0,37.0,2025-01-28 13:40:00,WITEL_AHU_L8,35944500.0,227.0,227.0,229.0,0.0,0.0,0.0,50.05,1.0,2025-01-28 13:39:05.000,2025-01-28 13:39:05.000,2025-01-28 13:39:05.000,49910611.0,25627.0,62716132.0,227.0,original,227.0,original,229.0,original,0.0,gap_too_large,0.0,gap_too_large,0.0,gap_too_large,50.05,original,1.0,original,49910611.0,original,25627.0,original,62716132.0,original,35944500.0,original,-121.0,original
3654331.0,37.0,2025-01-28 14:00:00,WITEL_AHU_L8,35944500.0,227.0,227.0,229.0,0.0,0.0,0.0,50.04,1.0,2025-01-28 13:59:15.000,2025-01-28 13:59:15.000,2025-01-28 13:59:15.000,49910611.0,25627.0,62716132.0,227.0,original,227.0,original,229.0,original,0.0,gap_too_large,0.0,gap_too_large,0.0,gap_too_large,50.04,original,1.0,original,49910611.0,original,25627.0,original,62716132.0,original,35944500.0,original,-120.0,original
3654478.0,37.0,2025-01-28 14:20:00,WITEL_AHU_L8,35944500.0,227.0,227.0,229.0,0.0,0.0,0.0,49.96,1.0,2025-01-28 14:19:19.000,2025-01-28 14:19:19.000,2025-01-28 14:19:19.000,49910611.0,25627.0,62716132.0,227.0,original,227.0,original,229.0,original,0.0,gap_too_large,0.0,gap_too_large,0.0,gap_too_large,49.96,original,1.0,original,49910611.0,original,25627.0,original,62716132.0,original,35944500.0,original,-101.0,original
3654577.0,37.0,2025-01-28 14:40:00,WITEL_AHU_L8,35944500.0,228.0,227.0,229.0,0.0,0.0,0.0,50.04,1.0,2025-01-28 14:39:00.000,2025-01-28 14:39:00.000,2025-01-28 14:39:00.000,49910611.0,25627.0,62716132.0,228.0,original,227.0,original,229.0,original,0.0,gap_too_large,0.0,gap_too_large,0.0,gap_too_large,50.04,original,1.0,original,49910611.0,original,25627.0,original,62716132.0,original,35944500.0,original,-119.0,original
3654748.0,37.0,2025-01-28 15:00:00,WITEL_AHU_L8,35944500.0,228.0,228.0,230.0,0.0,0.0,0.0,50.02,1.0,2025-01-28 14:59:14.000,2025-01-28 14:59:14.000,2025-01-28 14:59:14.000,49910611.0,25627.0,62716132.0,228.0,original,228.0,original,230.0,original,0.0,gap_too_large,0.0,gap_too_large,0.0,gap_too_large,50.02,original,1.0,original,49910611.0,original,25627.0,original,62716132.0,original,35944500.0,original,-111.0,original
3654892.0,37.0,2025-01-28 15:20:00,WITEL_AHU_L8,35944500.0,228.0,227.0,229.0,0.0,0.0,0.0,49.98,1.0,2025-01-28 15:19:15.000,2025-01-28 15:19:15.000,2025-01-28 15:19:15.000,49910611.0,25627.0,62716132.0,228.0,original,227.0,original,229.0,original,0.0,gap_too_large,0.0,gap_too_large,0.0,gap_too_large,49.98,original,1.0,original,49910611.0,original,25627.0,original,62716132.0,original,35944500.0,original,-102.0,original
3655147.0,37.0,2025-01-28 15:40:00,WITEL_AHU_L8,35944500.0,228.0,228.0,230.0,0.0,0.0,0.0,49.99,1.0,2025-01-28 15:49:11.000,2025-01-28 15:49:11.000,2025-01-28 15:49:11.000,49910611.0,25627.0,62716132.0,228.0,original,228.0,original,230.0,original,0.0,gap_too_large,0.0,gap_too_large,0.0,gap_too_large,49.99,original,1.0,original,49910611.0,original,25627.0,original,62716132.0,original,35944500.0,original,-101.0,original
3655246.0,37.0,2025-01-28 16:00:00,WITEL_AHU_L8,35944500.0,228.0,228.0,230.0,0.0,0.0,0.0,49.99,1.0,2025-01-28 15:59:23.000,2025-01-28 15:59:23.000,2025-01-28 15:59:23.000,49910611.0,25627.0,62716132.0,228.0,original,228.0,original,230.0,original,0.0,gap_too_large,0.0,gap_too_large,0.0,gap_too_large,49.99,original,1.0,original,49910611.0,original,25627.0,original,62716132.0,original,35944500.0,original,-97.0,original
3655366.0,37.0,2025-01-28 16:20:00,WITEL_AHU_L8,35944500.0,229.0,228.0,230.0,0.0,0.0,0.0,50.02,1.0,2025-01-28 16:19:10.000,2025-01-28 16:19:10.000,2025-01-28 16:19:10.000,49910611.0,25627.0,62716132.0,229.0,original,228.0,original,230.0,original,0.0,gap_too_large,0.0,gap_too_large,0.0,gap_too_large,50.02,original,1.0,original,49910611.0,original,25627.0,original,62716132.0,original,35944500.0,original,-121.0,original
3655540.0,37.0,2025-01-28 16:40:00,WITEL_AHU_L8,35944500.0,229.0,228.0,230.0,0.0,0.0,0.0,50.04,1.0,2025-01-28 16:39:20.000,2025-01-28 16:39:20.000,2025-01-28 16:39:20.000,49910611.0,25627.0,62716132.0,229.0,original,228.0,original,230.0,original,0.0,gap_too_large,0.0,gap_too_large,0.0,gap_too_large,50.04,original,1.0,original,49910611.0,original,25627.0,original,62716132.0,original,35944500.0,original,-99.0,original
3655738.0,37.0,2025-01-28 17:00:00,WITEL_AHU_L8,35944500.0,230.0,230.0,232.0,0.0,0.0,0.0,50.04,1.0,2025-01-28 17:09:15.000,2025-01-28 17:09:15.000,2025-01-28 17:09:15.000,49910611.0,25627.0,62716132.0,230.0,original,230.0,original,232.0,original,0.0,gap_too_large,0.0,gap_too_large,0.0,gap_too_large,50.04,original,1.0,original,49910611.0,original,25627.0,original,62716132.0,original,35944500.0,original,-120.0,original
3655819.0,37.0,2025-01-28 17:20:00,WITEL_AHU_L8,35944500.0,230.0,230.0,232.0,0.0,0.0,0.0,50.02,1.0,2025-01-28 17:19:15.000,2025-01-28 17:19:15.000,2025-01-28 17:19:15.000,49910611.0,25627.0,62716132.0,230.0,original,230.0,original,232.0,original,0.0,gap_too_large,0.0,gap_too_large,0.0,gap_too_large,50.02,original,1.0,original,49910611.0,original,25627.0,original,62716132.0,original,35944500.0,original,-120.0,original
3655819.0,,2025-01-28 17:40:00,WITEL_AHU_L8,35944500.0,230.5,230.0,232.0,0.0,0.0,0.0,50.035,1.0,,,,49910611.0,25627.0,62716132.0,230.5,interpolated,230.0,interpolated,232.0,interpolated,0.0,gap_too_large,0.0,gap_too_large,0.0,gap_too_large,50.035,interpolated,1.0,interpolated,49910611.0,interpolated,25627.0,interpolated,62716132.0,interpolated,35944500.0,interpolated,-116.5,interpolated
3656104.0,37.0,2025-01-28 18:00:00,WITEL_AHU_L8,35944500.0,231.0,230.0,232.0,0.0,0.0,0.0,50.05,1.0,2025-01-28 17:59:15.000,2025-01-28 17:59:15.000,2025-01-28 17:59:15.000,49910611.0,25627.0,62716132.0,231.0,original,230.0,original,232.0,original,0.0,gap_too_large,0.0,gap_too_large,0.0,gap_too_large,50.05,original,1.0,original,49910611.0,original,25627.0,original,62716132.0,original,35944500.0,original,-113.0,original
3656302.0,37.0,2025-01-28 18:20:00,WITEL_AHU_L8,35944500.0,228.0,228.0,230.0,0.0,0.0,0.0,49.98,1.0,2025-01-28 18:29:09.000,2025-01-28 18:29:09.000,2025-01-28 18:29:09.000,49910611.0,25627.0,62716132.0,228.0,original,228.0,original,230.0,original,0.0,gap_too_large,0.0,gap_too_large,0.0,gap_too_large,49.98,original,1.0,original,49910611.0,original,25627.0,original,62716132.0,original,35944500.0,original,-120.0,original
3656452.0,37.0,2025-01-28 18:40:00,WITEL_AHU_L8,35944500.0,228.0,228.0,230.0,0.0,0.0,0.0,50.04,1.0,2025-01-28 18:49:13.000,2025-01-28 18:49:13.000,2025-01-28 18:49:13.000,49910611.0,25627.0,62716132.0,228.0,original,228.0,original,230.0,original,0.0,gap_too_large,0.0,gap_too_large,0.0,gap_too_large,50.04,original,1.0,original,49910611.0,original,25627.0,original,62716132.0,original,35944500.0,original,-119.0,original
3656452.0,,2025-01-28 19:00:00,WITEL_AHU_L8,35944500.0,228.0,228.0,230.0,0.0,0.0,0.0,50.019999999999996,1.0,,,,49910611.0,25627.0,62716132.0,228.0,interpolated,228.0,interpolated,230.0,interpolated,0.0,gap_too_large,0.0,gap_too_large,0.0,gap_too_large,50.019999999999996,interpolated,1.0,interpolated,49910611.0,interpolated,25627.0,interpolated,62716132.0,interpolated,35944500.0,interpolated,-119.5,interpolated
3656659.0,37.0,2025-01-28 19:20:00,WITEL_AHU_L8,35944500.0,228.0,228.0,230.0,0.0,0.0,0.0,50.0,1.0,2025-01-28 19:19:07.000,2025-01-28 19:19:07.000,2025-01-28 19:19:07.000,49910611.0,25627.0,62716132.0,228.0,original,228.0,original,230.0,original,0.0,gap_too_large,0.0,gap_too_large,0.0,gap_too_large,50.0,original,1.0,original,49910611.0,original,25627.0,original,62716132.0,original,35944500.0,original,-120.0,original
3656869.0,37.0,2025-01-28 19:40:00,WITEL_AHU_L8,35944500.0,229.0,229.0,231.0,0.0,0.0,0.0,49.99,1.0,2025-01-28 19:49:04.000,2025-01-28 19:49:04.000,2025-01-28 19:49:04.000,49910611.0,25627.0,62716132.0,229.0,original,229.0,original,231.0,original,0.0,gap_too_large,0.0,gap_too_large,0.0,gap_too_large,49.99,original,1.0,original,49910611.0,original,25627.0,original,62716132.0,original,35944500.0,original,-112.0,original
3656974.0,37.0,2025-01-28 20:00:00,WITEL_AHU_L8,35944500.0,229.0,228.0,230.0,0.0,0.0,0.0,50.06,1.0,2025-01-28 19:59:20.000,2025-01-28 19:59:20.000,2025-01-28 19:59:20.000,49910611.0,25627.0,62716132.0,229.0,original,228.0,original,230.0,original,0.0,gap_too_large,0.0,gap_too_large,0.0,gap_too_large,50.06,original,1.0,original,49910611.0,original,25627.0,original,62716132.0,original,35944500.0,original,-118.0,original
3656974.0,,2025-01-28 20:20:00,WITEL_AHU_L8,35944500.0,229.0,228.5,230.5,0.0,0.0,0.0,50.025000000000006,1.0,,,,49910611.0,25627.0,62716132.0,229.0,interpolated,228.5,interpolated,230.5,interpolated,0.0,gap_too_large,0.0,gap_too_large,0.0,gap_too_large,50.025000000000006,interpolated,1.0,interpolated,49910611.0,interpolated,25627.0,interpolated,62716132.0,interpolated,35944500.0,interpolated,-109.0,interpolated
3657241.0,37.0,2025-01-28 20:40:00,WITEL_AHU_L8,35944500.0,229.0,229.0,231.0,0.0,0.0,0.0,49.99,1.0,2025-01-28 20:39:08.000,2025-01-28 20:39:08.000,2025-01-28 20:39:08.000,49910611.0,25627.0,62716132.0,229.0,original,229.0,original,231.0,original,0.0,gap_too_large,0.0,gap_too_large,0.0,gap_too_large,49.99,original,1.0,original,49910611.0,original,25627.0,original,62716132.0,original,35944500.0,original,-100.0,original
3657397.0,37.0,2025-01-28 21:00:00,WITEL_AHU_L8,35944500.0,229.0,229.0,231.0,0.0,0.0,0.0,49.98,1.0,2025-01-28 20:59:10.000,2025-01-28 20:59:10.000,2025-01-28 20:59:10.000,49910611.0,25627.0,62716132.0,229.0,original,229.0,original,231.0,original,0.0,gap_too_large,0.0,gap_too_large,0.0,gap_too_large,49.98,original,1.0,original,49910611.0,original,25627.0,original,62716132.0,original,35944500.0,original,-121.0,original
3657511.0,37.0,2025-01-28 21:20:00,WITEL_AHU_L8,35944500.0,230.0,230.0,232.0,0.0,0.0,0.0,50.0,1.0,2025-01-28 21:19:00.000,2025-01-28 21:19:00.000,2025-01-28 21:19:00.000,49910611.0,25627.0,62716132.0,230.0,original,230.0,original,232.0,original,0.0,gap_too_large,0.0,gap_too_large,0.0,gap_too_large,50.0,original,1.0,original,49910611.0,original,25627.0,original,62716132.0,original,35944500.0,original,-120.0,original
3657670.0,37.0,2025-01-28 21:40:00,WITEL_AHU_L8,35944500.0,228.0,228.0,230.0,0.0,0.0,0.0,50.07,1.0,2025-01-28 21:39:09.000,2025-01-28 21:39:09.000,2025-01-28 21:39:09.000,49910611.0,25627.0,62716132.0,228.0,original,228.0,original,230.0,original,0.0,gap_too_large,0.0,gap_too_large,0.0,gap_too_large,50.07,original,1.0,original,49910611.0,original,25627.0,original,62716132.0,original,35944500.0,original,-101.0,original
3657820.0,37.0,2025-01-28 22:00:00,WITEL_AHU_L8,35944500.0,229.0,229.0,231.0,0.0,0.0,0.0,50.120000000000005,1.0,2025-01-28 21:59:18.000,2025-01-28 21:59:18.000,2025-01-28 21:59:18.000,49910611.0,25627.0,62716132.0,229.0,original,229.0,original,231.0,original,0.0,gap_too_large,0.0,gap_too_large,0.0,gap_too_large,50.120000000000005,original,1.0,original,49910611.0,original,25627.0,original,62716132.0,original,35944500.0,original,-101.0,original
3657973.0,37.0,2025-01-28 22:20:00,WITEL_AHU_L8,35944500.0,230.0,230.0,232.0,0.0,0.0,0.0,50.07,1.0,2025-01-28 22:19:12.000,2025-01-28 22:19:12.000,2025-01-28 22:19:12.000,49910611.0,25627.0,62716132.0,230.0,original,230.0,original,232.0,original,0.0,gap_too_large,0.0,gap_too_large,0.0,gap_too_large,50.07,original,1.0,original,49910611.0,original,25627.0,original,62716132.0,original,35944500.0,original,-119.0,original
3658144.0,37.0,2025-01-28 22:40:00,WITEL_AHU_L8,35944500.0,230.0,230.0,232.0,0.0,0.0,0.0,50.0,1.0,2025-01-28 22:39:21.000,2025-01-28 22:39:21.000,2025-01-28 22:39:21.000,49910611.0,25627.0,62716132.0,230.0,original,230.0,original,232.0,original,0.0,gap_too_large,0.0,gap_too_large,0.0,gap_too_large,50.0,original,1.0,original,49910611.0,original,25627.0,original,62716132.0,original,35944500.0,original,-118.0,original
3658144.0,,2025-01-28 23:00:00,WITEL_AHU_L8,35944500.0,229.5,229.0,231.0,0.0,0.0,0.0,50.01,1.0,,,,49910611.0,25627.0,62716132.0,229.5,interpolated,229.0,interpolated,231.0,interpolated,0.0,gap_too_large,0.0,gap_too_large,0.0,gap_too_large,50.01,interpolated,1.0,interpolated,49910611.0,interpolated,25627.0,interpolated,62716132.0,interpolated,35944500.0,interpolated,-118.5,interpolated
3658417.0,37.0,2025-01-28 23:20:00,WITEL_AHU_L8,35944500.0,229.0,228.0,230.0,0.0,0.0,0.0,50.02,1.0,2025-01-28 23:19:09.000,2025-01-28 23:19:09.000,2025-01-28 23:19:09.000,49910611.0,25627.0,62716132.0,229.0,original,228.0,original,230.0,original,0.0,gap_too_large,0.0,gap_too_large,0.0,gap_too_large,50.02,original,1.0,original,49910611.0,original,25627.0,original,62716132.0,original,35944500.0,original,-119.0,original
3658597.0,37.0,2025-01-28 23:40:00,WITEL_AHU_L8,35944500.0,228.0,227.0,229.0,0.0,0.0,0.0,50.05,1.0,2025-01-28 23:39:02.000,2025-01-28 23:39:02.000,2025-01-28 23:39:02.000,49910611.0,25627.0,62716132.0,228.0,original,227.0,original,229.0,original,0.0,gap_too_large,0.0,gap_too_large,0.0,gap_too_large,50.05,original,1.0,original,49910611.0,original,25627.0,original,62716132.0,original,35944500.0,original,-119.0,original
3658816.0,37.0,2025-01-29 00:00:00,WITEL_AHU_L8,35944500.0,228.0,227.0,230.0,0.0,0.0,0.0,50.07,1.0,2025-01-29 00:09:11.000,2025-01-29 00:09:11.000,2025-01-29 00:09:11.000,49910611.0,25627.0,62716132.0,228.0,original,227.0,original,230.0,original,0.0,gap_too_large,0.0,gap_too_large,0.0,gap_too_large,50.07,original,1.0,original,49910611.0,original,25627.0,original,62716132.0,original,35944500.0,original,-102.0,original
3658879.0,37.0,2025-01-29 00:20:00,WITEL_AHU_L8,35944500.0,228.0,228.0,230.0,0.0,0.0,0.0,50.05,1.0,2025-01-29 00:19:09.000,2025-01-29 00:19:09.000,2025-01-29 00:19:09.000,49910611.0,25627.0,62716132.0,228.0,original,228.0,original,230.0,original,0.0,gap_too_large,0.0,gap_too_large,0.0,gap_too_large,50.05,original,1.0,original,49910611.0,original,25627.0,original,62716132.0,original,35944500.0,original,-115.0,original
3659083.0,37.0,2025-01-29 00:40:00,WITEL_AHU_L8,35944500.0,228.0,228.0,230.0,0.0,0.0,0.0,50.09,1.0,2025-01-29 00:49:06.000,2025-01-29 00:49:06.000,2025-01-29 00:49:06.000,49910611.0,25627.0,62716132.0,228.0,original,228.0,original,230.0,original,0.0,gap_too_large,0.0,gap_too_large,0.0,gap_too_large,50.09,original,1.0,original,49910611.0,original,25627.0,original,62716132.0,original,35944500.0,original,-117.0,original
3659167.0,37.0,2025-01-29 01:00:00,WITEL_AHU_L8,35944500.0,228.0,228.0,230.0,0.0,0.0,0.0,50.06,1.0,2025-01-29 00:59:15.000,2025-01-29 00:59:15.000,2025-01-29 00:59:15.000,49910611.0,25627.0,62716132.0,228.0,original,228.0,original,230.0,original,0.0,gap_too_large,0.0,gap_too_large,0.0,gap_too_large,50.06,original,1.0,original,49910611.0,original,25627.0,original,62716132.0,original,35944500.0,original,-119.0,original
3659368.0,37.0,2025-01-29 01:20:00,WITEL_AHU_L8,35944500.0,228.0,228.0,230.0,0.0,0.0,0.0,50.03,1.0,2025-01-29 01:32:42.000,2025-01-29 01:32:42.000,2025-01-29 01:32:42.000,49910611.0,25627.0,62716132.0,228.0,original,228.0,original,230.0,original,0.0,gap_too_large,0.0,gap_too_large,0.0,gap_too_large,50.03,original,1.0,original,49910611.0,original,25627.0,original,62716132.0,original,35944500.0,original,-117.0,original
3659422.0,37.0,2025-01-29 01:40:00,WITEL_AHU_L8,35944500.0,228.0,228.0,230.0,0.0,0.0,0.0,50.02,1.0,2025-01-29 01:39:09.000,2025-01-29 01:39:09.000,2025-01-29 01:39:09.000,49910611.0,25627.0,62716132.0,228.0,original,228.0,original,230.0,original,0.0,gap_too_large,0.0,gap_too_large,0.0,gap_too_large,50.02,original,1.0,original,49910611.0,original,25627.0,original,62716132.0,original,35944500.0,original,-118.0,original
3659422.0,,2025-01-29 02:00:00,WITEL_AHU_L8,35944500.0,228.5,228.0,230.5,0.0,0.0,0.0,50.06,1.0,,,,49910611.0,25627.0,62716132.0,228.5,interpolated,228.0,interpolated,230.5,interpolated,0.0,gap_too_large,0.0,gap_too_large,0.0,gap_too_large,50.06,interpolated,1.0,interpolated,49910611.0,interpolated,25627.0,interpolated,62716132.0,interpolated,35944500.0,interpolated,-118.5,interpolated
3659707.0,37.0,2025-01-29 02:20:00,WITEL_AHU_L8,35944500.0,229.0,228.0,231.0,0.0,0.0,0.0,50.1,1.0,2025-01-29 02:19:13.000,2025-01-29 02:19:13.000,2025-01-29 02:19:13.000,49910611.0,25627.0,62716132.0,229.0,original,228.0,original,231.0,original,0.0,gap_too_large,0.0,gap_too_large,0.0,gap_too_large,50.1,original,1.0,original,49910611.0,original,25627.0,original,62716132.0,original,35944500.0,original,-119.0,original
3659917.0,37.0,2025-01-29 02:40:00,WITEL_AHU_L8,35944500.0,229.0,228.0,231.0,0.0,0.0,0.0,50.04,1.0,2025-01-29 02:49:00.000,2025-01-29 02:49:00.000,2025-01-29 02:49:00.000,49910611.0,25627.0,62716132.0,229.0,original,228.0,original,231.0,original,0.0,gap_too_large,0.0,gap_too_large,0.0,gap_too_large,50.04,original,1.0,original,49910611.0,original,25627.0,original,62716132.0,original,35944500.0,original,-99.0,original
3660088.0,37.0,2025-01-29 03:00:00,WITEL_AHU_L8,35944500.0,229.0,229.0,231.0,0.0,0.0,0.0,50.02,1.0,2025-01-29 03:09:19.000,2025-01-29 03:09:19.000,2025-01-29 03:09:19.000,49910611.0,25627.0,62716132.0,229.0,original,229.0,original,231.0,original,0.0,gap_too_large,0.0,gap_too_large,0.0,gap_too_large,50.02,original,1.0,original,49910611.0,original,25627.0,original,62716132.0,original,35944500.0,original,-117.0,original
3660148.0,37.0,2025-01-29 03:20:00,WITEL_AHU_L8,35944500.0,229.0,229.0,231.0,0.0,0.0,0.0,50.02,1.0,2025-01-29 03:19:14.000,2025-01-29 03:19:14.000,2025-01-29 03:19:14.000,49910611.0,25627.0,62716132.0,229.0,original,229.0,original,231.0,original,0.0,gap_too_large,0.0,gap_too_large,0.0,gap_too_large,50.02,original,1.0,original,49910611.0,original,25627.0,original,62716132.0,original,35944500.0,original,-119.0,original
3660289.0,37.0,2025-01-29 03:40:00,WITEL_AHU_L8,35944500.0,229.0,229.0,231.0,0.0,0.0,0.0,50.01,1.0,2025-01-29 03:39:19.000,2025-01-29 03:39:19.000,2025-01-29 03:39:19.000,49910611.0,25627.0,62716132.0,229.0,original,229.0,original,231.0,original,0.0,gap_too_large,0.0,gap_too_large,0.0,gap_too_large,50.01,original,1.0,original,49910611.0,original,25627.0,original,62716132.0,original,35944500.0,original,-107.0,original
3660496.0,37.0,2025-01-29 04:00:00,WITEL_AHU_L8,35944500.0,229.0,229.0,231.0,0.0,0.0,0.0,50.01,1.0,2025-01-29 04:09:20.000,2025-01-29 04:09:20.000,2025-01-29 04:09:20.000,49910611.0,25627.0,62716132.0,229.0,original,229.0,original,231.0,original,0.0,gap_too_large,0.0,gap_too_large,0.0,gap_too_large,50.01,original,1.0,original,49910611.0,original,25627.0,original,62716132.0,original,35944500.0,original,-105.0,original
3660556.0,37.0,2025-01-29 04:20:00,WITEL_AHU_L8,35944500.0,229.0,229.0,231.0,0.0,0.0,0.0,49.97,1.0,2025-01-29 04:19:07.000,2025-01-29 04:19:07.000,2025-01-29 04:19:07.000,49910611.0,25627.0,62716132.0,229.0,original,229.0,original,231.0,original,0.0,gap_too_large,0.0,gap_too_large,0.0,gap_too_large,49.97,original,1.0,original,49910611.0,original,25627.0,original,62716132.0,original,35944500.0,original,-105.0,original
3660712.0,37.0,2025-01-29 04:40:00,WITEL_AHU_L8,35944500.0,229.0,229.0,231.0,0.0,0.0,0.0,50.03,1.0,2025-01-29 04:39:14.000,2025-01-29 04:39:14.000,2025-01-29 04:39:14.000,49910611.0,25627.0,62716132.0,229.0,original,229.0,original,231.0,original,0.0,gap_too_large,0.0,gap_too_large,0.0,gap_too_large,50.03,original,1.0,original,49910611.0,original,25627.0,original,62716132.0,original,35944500.0,original,-120.0,original
3660838.0,37.0,2025-01-29 05:00:00,WITEL_AHU_L8,35944500.0,229.0,229.0,231.0,0.0,0.0,0.0,49.94,1.0,2025-01-29 04:59:02.000,2025-01-29 04:59:02.000,2025-01-29 04:59:02.000,49910611.0,25627.0,62716132.0,229.0,original,229.0,original,231.0,original,0.0,gap_too_large,0.0,gap_too_large,0.0,gap_too_large,49.94,original,1.0,original,49910611.0,original,25627.0,original,62716132.0,original,35944500.0,original,-116.0,original
3660838.0,,2025-01-29 05:20:00,WITEL_AHU_L8,35944500.0,229.0,228.5,231.0,0.0,0.0,0.0,49.985,1.0,,,,49910611.0,25627.0,62716132.0,229.0,interpolated,228.5,interpolated,231.0,interpolated,0.0,gap_too_large,0.0,gap_too_large,0.0,gap_too_large,49.985,interpolated,1.0,interpolated,49910611.0,interpolated,25627.0,interpolated,62716132.0,interpolated,35944500.0,interpolated,-118.0,interpolated
3661138.0,37.0,2025-01-29 05:40:00,WITEL_AHU_L8,35944500.0,229.0,228.0,231.0,0.0,0.0,0.0,50.03,1.0,2025-01-29 05:39:18.000,2025-01-29 05:39:18.000,2025-01-29 05:39:18.000,49910611.0,25627.0,62716132.0,229.0,original,228.0,original,231.0,original,0.0,gap_too_large,0.0,gap_too_large,0.0,gap_too_large,50.03,original,1.0,original,49910611.0,original,25627.0,original,62716132.0,original,35944500.0,original,-120.0,original
3661288.0,37.0,2025-01-29 06:00:00,WITEL_AHU_L8,35944500.0,229.0,228.0,231.0,0.0,0.0,0.0,50.07,1.0,2025-01-29 05:59:16.000,2025-01-29 05:59:16.000,2025-01-29 05:59:16.000,49910611.0,25627.0,62716132.0,229.0,original,228.0,original,231.0,original,0.0,gap_too_large,0.0,gap_too_large,0.0,gap_too_large,50.07,original,1.0,original,49910611.0,original,25627.0,original,62716132.0,original,35944500.0,original,-120.0,original
3661396.0,37.0,2025-01-29 06:20:00,WITEL_AHU_L8,35944500.0,228.0,228.0,230.0,0.0,0.0,0.0,50.06,1.0,2025-01-29 06:18:59.000,2025-01-29 06:18:59.000,2025-01-29 06:18:59.000,49910611.0,25627.0,62716132.0,228.0,original,228.0,original,230.0,original,0.0,gap_too_large,0.0,gap_too_large,0.0,gap_too_large,50.06,original,1.0,original,49910611.0,original,25627.0,original,62716132.0,original,35944500.0,original,-117.0,original
3661531.0,37.0,2025-01-29 06:40:00,WITEL_AHU_L8,35944500.0,228.0,228.0,230.0,0.0,0.0,0.0,50.06,1.0,2025-01-29 06:39:08.000,2025-01-29 06:39:08.000,2025-01-29 06:39:08.000,49910611.0,25627.0,62716132.0,228.0,original,228.0,original,230.0,original,0.0,gap_too_large,0.0,gap_too_large,0.0,gap_too_large,50.06,original,1.0,original,49910611.0,original,25627.0,original,62716132.0,original,35944500.0,original,-120.0,original
3661654.0,37.0,2025-01-29 07:00:00,WITEL_AHU_L8,35944500.0,228.0,228.0,230.0,0.0,0.0,0.0,50.03,1.0,2025-01-29 06:59:07.000,2025-01-29 06:59:07.000,2025-01-29 06:59:07.000,49910611.0,25627.0,62716132.0,228.0,original,228.0,original,230.0,original,0.0,gap_too_large,0.0,gap_too_large,0.0,gap_too_large,50.03,original,1.0,original,49910611.0,original,25627.0,original,62716132.0,original,35944500.0,original,-102.0,original
3661873.0,37.0,2025-01-29 07:20:00,WITEL_AHU_L8,35944500.0,227.0,227.0,229.0,0.0,0.0,0.0,49.96,1.0,2025-01-29 07:29:16.000,2025-01-29 07:29:16.000,2025-01-29 07:29:16.000,49910611.0,25627.0,62716132.0,227.0,original,227.0,original,229.0,original,0.0,gap_too_large,0.0,gap_too_large,0.0,gap_too_large,49.96,original,1.0,original,49910611.0,original,25627.0,original,62716132.0,original,35944500.0,original,-102.0,original
3661972.0,37.0,2025-01-29 07:40:00,WITEL_AHU_L8,35944500.0,227.0,227.0,229.0,0.0,0.0,0.0,49.99,1.0,2025-01-29 07:40:02.000,2025-01-29 07:40:02.000,2025-01-29 07:40:02.000,49910611.0,25627.0,62716132.0,227.0,original,227.0,original,229.0,original,0.0,gap_too_large,0.0,gap_too_large,0.0,gap_too_large,49.99,original,1.0,original,49910611.0,original,25627.0,original,62716132.0,original,35944500.0,original,-121.0,original
3662122.0,37.0,2025-01-29 08:00:00,WITEL_AHU_L8,35944500.0,227.0,227.0,229.0,0.0,0.0,0.0,49.99,1.0,2025-01-29 07:59:17.000,2025-01-29 07:59:17.000,2025-01-29 07:59:17.000,49910611.0,25627.0,62716132.0,227.0,original,227.0,original,229.0,original,0.0,gap_too_large,0.0,gap_too_large,0.0,gap_too_large,49.99,original,1.0,original,49910611.0,original,25627.0,original,62716132.0,original,35944500.0,original,-100.0,original
3662269.0,37.0,2025-01-29 08:20:00,WITEL_AHU_L8,35944500.0,226.0,226.0,228.0,0.0,0.0,0.0,50.04,1.0,2025-01-29 08:19:17.000,2025-01-29 08:19:17.000,2025-01-29 08:19:17.000,49910611.0,25627.0,62716132.0,226.0,original,226.0,original,228.0,original,0.0,gap_too_large,0.0,gap_too_large,0.0,gap_too_large,50.04,original,1.0,original,49910611.0,original,25627.0,original,62716132.0,original,35944500.0,original,-119.0,original
3662437.0,37.0,2025-01-29 08:40:00,WITEL_AHU_L8,35944500.0,225.0,225.0,227.0,0.0,0.0,0.0,49.97,1.0,2025-01-29 08:39:22.000,2025-01-29 08:39:22.000,2025-01-29 08:39:22.000,49910611.0,25627.0,62716132.0,225.0,original,225.0,original,227.0,original,0.0,gap_too_large,0.0,gap_too_large,0.0,gap_too_large,49.97,original,1.0,original,49910611.0,original,25627.0,original,62716132.0,original,35944500.0,original,-116.0,original
3662563.0,37.0,2025-01-29 09:00:00,WITEL_AHU_L8,35944500.0,228.0,227.0,229.0,0.0,0.0,0.0,49.99,1.0,2025-01-29 08:59:03.000,2025-01-29 08:59:03.000,2025-01-29 08:59:03.000,49910611.0,25627.0,62716132.0,228.0,original,227.0,original,229.0,original,0.0,gap_too_large,0.0,gap_too_large,0.0,gap_too_large,49.99,original,1.0,original,49910611.0,original,25627.0,original,62716132.0,original,35944500.0,original,-109.0,original
3662746.0,37.0,2025-01-29 09:20:00,WITEL_AHU_L8,35944500.0,227.0,227.0,229.0,0.0,0.0,0.0,49.96,1.0,2025-01-29 09:19:19.000,2025-01-29 09:19:19.000,2025-01-29 09:19:19.000,49910611.0,25627.0,62716132.0,227.0,original,227.0,original,229.0,original,0.0,gap_too_large,0.0,gap_too_large,0.0,gap_too_large,49.96,original,1.0,original,49910611.0,original,25627.0,original,62716132.0,original,35944500.0,original,-114.0,original
3662851.0,37.0,2025-01-29 09:40:00,WITEL_AHU_L8,35944500.0,226.0,226.0,228.0,0.0,0.0,0.0,49.99,1.0,2025-01-29 09:39:03.000,2025-01-29 09:39:03.000,2025-01-29 09:39:03.000,49910611.0,25627.0,62716132.0,226.0,original,226.0,original,228.0,original,0.0,gap_too_large,0.0,gap_too_large,0.0,gap_too_large,49.99,original,1.0,original,49910611.0,original,25627.0,original,62716132.0,original,35944500.0,original,-116.0,original
3662998.0,37.0,2025-01-29 10:00:00,WITEL_AHU_L8,35944500.0,226.0,225.0,227.0,0.0,0.0,0.0,50.0,1.0,2025-01-29 09:59:01.000,2025-01-29 09:59:01.000,2025-01-29 09:59:01.000,49910611.0,25627.0,62716132.0,226.0,original,225.0,original,227.0,original,0.0,gap_too_large,0.0,gap_too_large,0.0,gap_too_large,50.0,original,1.0,original,49910611.0,original,25627.0,original,62716132.0,original,35944500.0,original,-118.0,original
3663172.0,37.0,2025-01-29 10:20:00,WITEL_AHU_L8,35944500.0,225.0,225.0,227.0,0.0,0.0,0.0,50.02,1.0,2025-01-29 10:19:20.000,2025-01-29 10:19:20.000,2025-01-29 10:19:20.000,49910611.0,25627.0,62716132.0,225.0,original,225.0,original,227.0,original,0.0,gap_too_large,0.0,gap_too_large,0.0,gap_too_large,50.02,original,1.0,original,49910611.0,original,25627.0,original,62716132.0,original,35944500.0,original,-118.0,original
3663376.0,37.0,2025-01-29 10:40:00,WITEL_AHU_L8,35944500.0,228.0,227.0,229.0,0.0,0.0,0.0,50.01,1.0,2025-01-29 10:49:12.000,2025-01-29 10:49:12.000,2025-01-29 10:49:12.000,49910611.0,25627.0,62716132.0,228.0,original,227.0,original,229.0,original,0.0,gap_too_large,0.0,gap_too_large,0.0,gap_too_large,50.01,original,1.0,original,49910611.0,original,25627.0,original,62716132.0,original,35944500.0,original,-100.0,original
3663445.0,37.0,2025-01-29 11:00:00,WITEL_AHU_L8,35944500.0,227.0,227.0,229.0,0.0,0.0,0.0,49.96,1.0,2025-01-29 10:59:10.000,2025-01-29 10:59:10.000,2025-01-29 10:59:10.000,49910611.0,25627.0,62716132.0,227.0,original,227.0,original,229.0,original,0.0,gap_too_large,0.0,gap_too_large,0.0,gap_too_large,49.96,original,1.0,original,49910611.0,original,25627.0,original,62716132.0,original,35944500.0,original,-113.0,original
3663589.0,37.0,2025-01-29 11:20:00,WITEL_AHU_L8,35944500.0,228.0,227.0,229.0,0.0,0.0,0.0,49.98,1.0,2025-01-29 11:19:09.000,2025-01-29 11:19:09.000,2025-01-29 11:19:09.000,49910611.0,25627.0,62716132.0,228.0,original,227.0,original,229.0,original,0.0,gap_too_large,0.0,gap_too_large,0.0,gap_too_large,49.98,original,1.0,original,49910611.0,original,25627.0,original,62716132.0,original,35944500.0,original,-117.0,original
3663733.0,37.0,2025-01-29 11:40:00,WITEL_AHU_L8,35944500.0,228.0,227.0,229.0,0.0,0.0,0.0,49.97,1.0,2025-01-29 11:39:13.000,2025-01-29 11:39:13.000,2025-01-29 11:39:13.000,49910611.0,25627.0,62716132.0,228.0,original,227.0,original,229.0,original,0.0,gap_too_large,0.0,gap_too_large,0.0,gap_too_large,49.97,original,1.0,original,49910611.0,original,25627.0,original,62716132.0,original,35944500.0,original,-117.0,original
3663928.0,37.0,2025-01-29 12:00:00,WITEL_AHU_L8,35944500.0,229.0,228.0,230.0,0.0,0.0,0.0,50.03,1.0,2025-01-29 12:09:04.000,2025-01-29 12:09:04.000,2025-01-29 12:09:04.000,49910611.0,25627.0,62716132.0,229.0,original,228.0,original,230.0,original,0.0,gap_too_large,0.0,gap_too_large,0.0,gap_too_large,50.03,original,1.0,original,49910611.0,original,25627.0,original,62716132.0,original,35944500.0,original,-100.0,original
3664036.0,37.0,2025-01-29 12:20:00,WITEL_AHU_L8,35944500.0,229.0,228.0,230.0,0.0,0.0,0.0,50.02,1.0,2025-01-29 12:19:21.000,2025-01-29 12:19:21.000,2025-01-29 12:19:21.000,49910611.0,25627.0,62716132.0,229.0,original,228.0,original,230.0,original,0.0,gap_too_large,0.0,gap_too_large,0.0,gap_too_large,50.02,original,1.0,original,49910611.0,original,25627.0,original,62716132.0,original,35944500.0,original,-116.0,original
3664171.0,37.0,2025-01-29 12:40:00,WITEL_AHU_L8,35944500.0,229.0,228.0,230.0,0.0,0.0,0.0,50.0,1.0,2025-01-29 12:39:09.000,2025-01-29 12:39:09.000,2025-01-29 12:39:09.000,49910611.0,25627.0,62716132.0,229.0,original,228.0,original,230.0,original,0.0,gap_too_large,0.0,gap_too_large,0.0,gap_too_large,50.0,original,1.0,original,49910611.0,original,25627.0,original,62716132.0,original,35944500.0,original,-117.0,original
3664315.0,37.0,2025-01-29 13:00:00,WITEL_AHU_L8,35944500.0,228.0,228.0,230.0,0.0,0.0,0.0,50.03,1.0,2025-01-29 12:59:12.000,2025-01-29 12:59:12.000,2025-01-29 12:59:12.000,49910611.0,25627.0,62716132.0,228.0,original,228.0,original,230.0,original,0.0,gap_too_large,0.0,gap_too_large,0.0,gap_too_large,50.03,original,1.0,original,49910611.0,original,25627.0,original,62716132.0,original,35944500.0,original,-119.0,original
3664450.0,37.0,2025-01-29 13:20:00,WITEL_AHU_L8,35944500.0,228.0,227.0,229.0,0.0,0.0,0.0,50.0,1.0,2025-01-29 13:19:08.000,2025-01-29 13:19:08.000,2025-01-29 13:19:08.000,49910611.0,25627.0,62716132.0,228.0,original,227.0,original,229.0,original,0.0,gap_too_large,0.0,gap_too_large,0.0,gap_too_large,50.0,original,1.0,original,49910611.0,original,25627.0,original,62716132.0,original,35944500.0,original,-100.0,original
3664600.0,37.0,2025-01-29 13:40:00,WITEL_AHU_L8,35944500.0,228.0,227.0,229.0,0.0,0.0,0.0,50.03,1.0,2025-01-29 13:39:12.000,2025-01-29 13:39:12.000,2025-01-29 13:39:12.000,49910611.0,25627.0,62716132.0,228.0,original,227.0,original,229.0,original,0.0,gap_too_large,0.0,gap_too_large,0.0,gap_too_large,50.03,original,1.0,original,49910611.0,original,25627.0,original,62716132.0,original,35944500.0,original,-117.0,original
3664762.0,37.0,2025-01-29 14:00:00,WITEL_AHU_L8,35944500.0,228.0,227.0,229.0,0.0,0.0,0.0,50.04,1.0,2025-01-29 13:59:06.000,2025-01-29 13:59:06.000,2025-01-29 13:59:06.000,49910611.0,25627.0,62716132.0,228.0,original,227.0,original,229.0,original,0.0,gap_too_large,0.0,gap_too_large,0.0,gap_too_large,50.04,original,1.0,original,49910611.0,original,25627.0,original,62716132.0,original,35944500.0,original,-118.0,original
3664903.0,37.0,2025-01-29 14:20:00,WITEL_AHU_L8,35944500.0,228.0,227.0,229.0,0.0,0.0,0.0,50.01,1.0,2025-01-29 14:19:11.000,2025-01-29 14:19:11.000,2025-01-29 14:19:11.000,49910611.0,25627.0,62716132.0,228.0,original,227.0,original,229.0,original,0.0,gap_too_large,0.0,gap_too_large,0.0,gap_too_large,50.01,original,1.0,original,49910611.0,original,25627.0,original,62716132.0,original,35944500.0,original,-106.0,original
3665113.0,37.0,2025-01-29 14:40:00,WITEL_AHU_L8,35944500.0,228.0,227.0,229.0,0.0,0.0,0.0,50.02,1.0,2025-01-29 14:49:15.000,2025-01-29 14:49:15.000,2025-01-29 14:49:15.000,49910611.0,25627.0,62716132.0,228.0,original,227.0,original,229.0,original,0.0,gap_too_large,0.0,gap_too_large,0.0,gap_too_large,50.02,original,1.0,original,49910611.0,original,25627.0,original,62716132.0,original,35944500.0,original,-103.0,original
3665203.0,37.0,2025-01-29 15:00:00,WITEL_AHU_L8,35944500.0,228.0,227.0,229.0,0.0,0.0,0.0,50.01,1.0,2025-01-29 14:59:21.000,2025-01-29 14:59:21.000,2025-01-29 14:59:21.000,49910611.0,25627.0,62716132.0,228.0,original,227.0,original,229.0,original,0.0,gap_too_large,0.0,gap_too_large,0.0,gap_too_large,50.01,original,1.0,original,49910611.0,original,25627.0,original,62716132.0,original,35944500.0,original,-120.0,original
3665332.0,37.0,2025-01-29 15:20:00,WITEL_AHU_L8,35944500.0,228.0,227.0,229.0,0.0,0.0,0.0,50.0,1.0,2025-01-29 15:19:18.000,2025-01-29 15:19:18.000,2025-01-29 15:19:18.000,49910611.0,25627.0,62716132.0,228.0,original,227.0,original,229.0,original,0.0,gap_too_large,0.0,gap_too_large,0.0,gap_too_large,50.0,original,1.0,original,49910611.0,original,25627.0,original,62716132.0,original,35944500.0,original,-114.0,original
3665593.0,37.0,2025-01-29 15:40:00,WITEL_AHU_L8,35944500.0,228.0,227.0,229.0,0.0,0.0,0.0,49.99,1.0,2025-01-29 15:49:19.000,2025-01-29 15:49:19.000,2025-01-29 15:49:19.000,49910611.0,25627.0,62716132.0,228.0,original,227.0,original,229.0,original,0.0,gap_too_large,0.0,gap_too_large,0.0,gap_too_large,49.99,original,1.0,original,49910611.0,original,25627.0,original,62716132.0,original,35944500.0,original,-117.0,original
3665644.0,37.0,2025-01-29 16:00:00,WITEL_AHU_L8,35944500.0,228.0,227.0,229.0,0.0,0.0,0.0,50.03,1.0,2025-01-29 15:59:03.000,2025-01-29 15:59:03.000,2025-01-29 15:59:03.000,49910611.0,25627.0,62716132.0,228.0,original,227.0,original,229.0,original,0.0,gap_too_large,0.0,gap_too_large,0.0,gap_too_large,50.03,original,1.0,original,49910611.0,original,25627.0,original,62716132.0,original,35944500.0,original,-118.0,original
3665791.0,37.0,2025-01-29 16:20:00,WITEL_AHU_L8,35944500.0,228.0,227.0,229.0,0.0,0.0,0.0,50.0,1.0,2025-01-29 16:19:10.000,2025-01-29 16:19:10.000,2025-01-29 16:19:10.000,49910611.0,25627.0,62716132.0,228.0,original,227.0,original,229.0,original,0.0,gap_too_large,0.0,gap_too_large,0.0,gap_too_large,50.0,original,1.0,original,49910611.0,original,25627.0,original,62716132.0,original,35944500.0,original,-120.0,original
3665962.0,37.0,2025-01-29 16:40:00,WITEL_AHU_L8,35944500.0,228.0,227.0,229.0,0.0,0.0,0.0,50.03,1.0,2025-01-29 16:39:12.000,2025-01-29 16:39:12.000,2025-01-29 16:39:12.000,49910611.0,25627.0,62716132.0,228.0,original,227.0,original,229.0,original,0.0,gap_too_large,0.0,gap_too_large,0.0,gap_too_large,50.03,original,1.0,original,49910611.0,original,25627.0,original,62716132.0,original,35944500.0,original,-119.0,original
3666109.0,37.0,2025-01-29 17:00:00,WITEL_AHU_L8,35944500.0,228.0,228.0,229.0,0.0,0.0,0.0,50.05,1.0,2025-01-29 16:59:03.000,2025-01-29 16:59:03.000,2025-01-29 16:59:03.000,49910611.0,25627.0,62716132.0,228.0,original,228.0,original,229.0,original,0.0,gap_too_large,0.0,gap_too_large,0.0,gap_too_large,50.05,original,1.0,original,49910611.0,original,25627.0,original,62716132.0,original,35944500.0,original,-107.0,original
3666271.0,37.0,2025-01-29 17:20:00,WITEL_AHU_L8,35944500.0,228.0,228.0,229.0,0.0,0.0,0.0,50.01,1.0,2025-01-29 17:19:11.000,2025-01-29 17:19:11.000,2025-01-29 17:19:11.000,49910611.0,25627.0,62716132.0,228.0,original,228.0,original,229.0,original,0.0,gap_too_large,0.0,gap_too_large,0.0,gap_too_large,50.01,original,1.0,original,49910611.0,original,25627.0,original,62716132.0,original,35944500.0,original,-118.0,original
3666514.0,37.0,2025-01-29 17:40:00,WITEL_AHU_L8,35944500.0,228.0,227.0,229.0,0.0,0.0,0.0,50.02,1.0,2025-01-29 17:49:09.000,2025-01-29 17:49:09.000,2025-01-29 17:49:09.000,49910611.0,25627.0,62716132.0,228.0,original,227.0,original,229.0,original,0.0,gap_too_large,0.0,gap_too_large,0.0,gap_too_large,50.02,original,1.0,original,49910611.0,original,25627.0,original,62716132.0,original,35944500.0,original,-118.0,original
3666610.0,37.0,2025-01-29 18:00:00,WITEL_AHU_L8,35944500.0,228.0,227.0,229.0,0.0,0.0,0.0,50.02,1.0,2025-01-29 17:59:17.000,2025-01-29 17:59:17.000,2025-01-29 17:59:17.000,49910611.0,25627.0,62716132.0,228.0,original,227.0,original,229.0,original,0.0,gap_too_large,0.0,gap_too_large,0.0,gap_too_large,50.02,original,1.0,original,49910611.0,original,25627.0,original,62716132.0,original,35944500.0,original,-103.0,original
3666811.0,37.0,2025-01-29 18:20:00,WITEL_AHU_L8,35944500.0,227.0,227.0,229.0,0.0,0.0,0.0,49.99,1.0,2025-01-29 18:29:10.000,2025-01-29 18:29:10.000,2025-01-29 18:29:10.000,49910611.0,25627.0,62716132.0,227.0,original,227.0,original,229.0,original,0.0,gap_too_large,0.0,gap_too_large,0.0,gap_too_large,49.99,original,1.0,original,49910611.0,original,25627.0,original,62716132.0,original,35944500.0,original,-114.0,original
3666964.0,37.0,2025-01-29 18:40:00,WITEL_AHU_L8,35944500.0,227.0,227.0,229.0,0.0,0.0,0.0,50.03,1.0,2025-01-29 18:49:11.000,2025-01-29 18:49:11.000,2025-01-29 18:49:11.000,49910611.0,25627.0,62716132.0,227.0,original,227.0,original,229.0,original,0.0,gap_too_large,0.0,gap_too_large,0.0,gap_too_large,50.03,original,1.0,original,49910611.0,original,25627.0,original,62716132.0,original,35944500.0,original,-118.0,original
3667099.0,37.0,2025-01-29 19:00:00,WITEL_AHU_L8,35944500.0,227.0,227.0,229.0,0.0,0.0,0.0,49.97,1.0,2025-01-29 19:09:04.000,2025-01-29 19:09:04.000,2025-01-29 19:09:04.000,49910611.0,25627.0,62716132.0,227.0,original,227.0,original,229.0,original,0.0,gap_too_large,0.0,gap_too_large,0.0,gap_too_large,49.97,original,1.0,original,49910611.0,original,25627.0,original,62716132.0,original,35944500.0,original,-116.0,original
3667201.0,37.0,2025-01-29 19:20:00,WITEL_AHU_L8,35944500.0,227.0,227.0,229.0,0.0,0.0,0.0,50.01,1.0,2025-01-29 19:19:09.000,2025-01-29 19:19:09.000,2025-01-29 19:19:09.000,49910611.0,25627.0,62716132.0,227.0,original,227.0,original,229.0,original,0.0,gap_too_large,0.0,gap_too_large,0.0,gap_too_large,50.01,original,1.0,original,49910611.0,original,25627.0,original,62716132.0,original,35944500.0,original,-116.0,original
3667357.0,37.0,2025-01-29 19:40:00,WITEL_AHU_L8,35944500.0,227.0,227.0,229.0,0.0,0.0,0.0,50.0,1.0,2025-01-29 19:39:11.000,2025-01-29 19:39:11.000,2025-01-29 19:39:11.000,49910611.0,25627.0,62716132.0,227.0,original,227.0,original,229.0,original,0.0,gap_too_large,0.0,gap_too_large,0.0,gap_too_large,50.0,original,1.0,original,49910611.0,original,25627.0,original,62716132.0,original,35944500.0,original,-120.0,original
3667531.0,37.0,2025-01-29 20:00:00,WITEL_AHU_L8,35944500.0,227.0,227.0,229.0,0.0,0.0,0.0,50.03,1.0,2025-01-29 19:59:19.000,2025-01-29 19:59:19.000,2025-01-29 19:59:19.000,49910611.0,25627.0,62716132.0,227.0,original,227.0,original,229.0,original,0.0,gap_too_large,0.0,gap_too_large,0.0,gap_too_large,50.03,original,1.0,original,49910611.0,original,25627.0,original,62716132.0,original,35944500.0,original,-118.0,original
3667744.0,37.0,2025-01-29 20:20:00,WITEL_AHU_L8,35944500.0,227.0,227.0,229.0,0.0,0.0,0.0,49.96,1.0,2025-01-29 20:29:12.000,2025-01-29 20:29:12.000,2025-01-29 20:29:12.000,49910611.0,25627.0,62716132.0,227.0,original,227.0,original,229.0,original,0.0,gap_too_large,0.0,gap_too_large,0.0,gap_too_large,49.96,original,1.0,original,49910611.0,original,25627.0,original,62716132.0,original,35944500.0,original,-118.0,original
3667807.0,37.0,2025-01-29 20:40:00,WITEL_AHU_L8,35944500.0,227.0,227.0,229.0,0.0,0.0,0.0,50.0,1.0,2025-01-29 20:39:09.000,2025-01-29 20:39:09.000,2025-01-29 20:39:09.000,49910611.0,25627.0,62716132.0,227.0,original,227.0,original,229.0,original,0.0,gap_too_large,0.0,gap_too_large,0.0,gap_too_large,50.0,original,1.0,original,49910611.0,original,25627.0,original,62716132.0,original,35944500.0,original,-101.0,original
3667933.0,37.0,2025-01-29 21:00:00,WITEL_AHU_L8,35944500.0,227.0,227.0,229.0,0.0,0.0,0.0,50.01,1.0,2025-01-29 20:59:02.000,2025-01-29 20:59:02.000,2025-01-29 20:59:02.000,49910611.0,25627.0,62716132.0,227.0,original,227.0,original,229.0,original,0.0,gap_too_large,0.0,gap_too_large,0.0,gap_too_large,50.01,original,1.0,original,49910611.0,original,25627.0,original,62716132.0,original,35944500.0,original,-111.0,original
3668125.0,37.0,2025-01-29 21:20:00,WITEL_AHU_L8,35944500.0,228.0,227.0,229.0,0.0,0.0,0.0,50.03,1.0,2025-01-29 21:19:08.000,2025-01-29 21:19:08.000,2025-01-29 21:19:08.000,49910611.0,25627.0,62716132.0,228.0,original,227.0,original,229.0,original,0.0,gap_too_large,0.0,gap_too_large,0.0,gap_too_large,50.03,original,1.0,original,49910611.0,original,25627.0,original,62716132.0,original,35944500.0,original,-100.0,original
3668365.0,37.0,2025-01-29 21:40:00,WITEL_AHU_L8,35944500.0,229.0,228.0,231.0,0.0,0.0,0.0,50.04,1.0,2025-01-29 21:49:10.000,2025-01-29 21:49:10.000,2025-01-29 21:49:10.000,49910611.0,25627.0,62716132.0,229.0,original,228.0,original,231.0,original,0.0,gap_too_large,0.0,gap_too_large,0.0,gap_too_large,50.04,original,1.0,original,49910611.0,original,25627.0,original,62716132.0,original,35944500.0,original,-116.0,original
3668446.0,37.0,2025-01-29 22:00:00,WITEL_AHU_L8,35944500.0,229.0,229.0,231.0,0.0,0.0,0.0,50.02,1.0,2025-01-29 21:59:07.000,2025-01-29 21:59:07.000,2025-01-29 21:59:07.000,49910611.0,25627.0,62716132.0,229.0,original,229.0,original,231.0,original,0.0,gap_too_large,0.0,gap_too_large,0.0,gap_too_large,50.02,original,1.0,original,49910611.0,original,25627.0,original,62716132.0,original,35944500.0,original,-99.0,original
3668446.0,,2025-01-29 22:20:00,WITEL_AHU_L8,35944500.0,230.0,229.5,232.0,0.0,0.0,0.0,50.015,1.0,,,,49910611.0,25627.0,62716132.0,230.0,interpolated,229.5,interpolated,232.0,interpolated,0.0,gap_too_large,0.0,gap_too_large,0.0,gap_too_large,50.015,interpolated,1.0,interpolated,49910611.0,interpolated,25627.0,interpolated,62716132.0,interpolated,35944500.0,interpolated,-108.5,interpolated
3668818.0,37.0,2025-01-29 22:40:00,WITEL_AHU_L8,35944500.0,231.0,230.0,233.0,0.0,0.0,0.0,50.01,1.0,2025-01-29 22:49:07.000,2025-01-29 22:49:07.000,2025-01-29 22:49:07.000,49910611.0,25627.0,62716132.0,231.0,original,230.0,original,233.0,original,0.0,gap_too_large,0.0,gap_too_large,0.0,gap_too_large,50.01,original,1.0,original,49910611.0,original,25627.0,original,62716132.0,original,35944500.0,original,-118.0,original
3668878.0,37.0,2025-01-29 23:00:00,WITEL_AHU_L8,35944500.0,228.0,228.0,230.0,0.0,0.0,0.0,50.06,1.0,2025-01-29 22:58:58.000,2025-01-29 22:58:58.000,2025-01-29 22:58:58.000,49910611.0,25627.0,62716132.0,228.0,original,228.0,original,230.0,original,0.0,gap_too_large,0.0,gap_too_large,0.0,gap_too_large,50.06,original,1.0,original,49910611.0,original,25627.0,original,62716132.0,original,35944500.0,original,-121.0,original
3669034.0,37.0,2025-01-29 23:20:00,WITEL_AHU_L8,35944500.0,228.0,228.0,231.0,0.0,0.0,0.0,50.03,1.0,2025-01-29 23:19:02.000,2025-01-29 23:19:02.000,2025-01-29 23:19:02.000,49910611.0,25627.0,62716132.0,228.0,original,228.0,original,231.0,original,0.0,gap_too_large,0.0,gap_too_large,0.0,gap_too_large,50.03,original,1.0,original,49910611.0,original,25627.0,original,62716132.0,original,35944500.0,original,-102.0,original
3669034.0,,2025-01-29 23:40:00,WITEL_AHU_L8,0.0,0.0,0.0,0.0,0.0,0.0,0.0,0.0,0.0,,,,0.0,0.0,0.0,0.0,gap_too_large,0.0,gap_too_large,0.0,gap_too_large,0.0,gap_too_large,0.0,gap_too_large,0.0,gap_too_large,0.0,gap_too_large,0.0,gap_too_large,0.0,gap_too_large,0.0,gap_too_large,0.0,gap_too_large,0.0,gap_too_large,0.0,gap_too_large
3669034.0,,2025-01-30 00:00:00,WITEL_AHU_L8,0.0,0.0,0.0,0.0,0.0,0.0,0.0,0.0,0.0,,,,0.0,0.0,0.0,0.0,gap_too_large,0.0,gap_too_large,0.0,gap_too_large,0.0,gap_too_large,0.0,gap_too_large,0.0,gap_too_large,0.0,gap_too_large,0.0,gap_too_large,0.0,gap_too_large,0.0,gap_too_large,0.0,gap_too_large,0.0,gap_too_large,0.0,gap_too_large
3669034.0,,2025-01-30 00:20:00,WITEL_AHU_L8,0.0,0.0,0.0,0.0,0.0,0.0,0.0,0.0,0.0,,,,0.0,0.0,0.0,0.0,gap_too_large,0.0,gap_too_large,0.0,gap_too_large,0.0,gap_too_large,0.0,gap_too_large,0.0,gap_too_large,0.0,gap_too_large,0.0,gap_too_large,0.0,gap_too_large,0.0,gap_too_large,0.0,gap_too_large,0.0,gap_too_large,0.0,gap_too_large
3669034.0,,2025-01-30 00:40:00,WITEL_AHU_L8,0.0,0.0,0.0,0.0,0.0,0.0,0.0,0.0,0.0,,,,0.0,0.0,0.0,0.0,gap_too_large,0.0,gap_too_large,0.0,gap_too_large,0.0,gap_too_large,0.0,gap_too_large,0.0,gap_too_large,0.0,gap_too_large,0.0,gap_too_large,0.0,gap_too_large,0.0,gap_too_large,0.0,gap_too_large,0.0,gap_too_large,0.0,gap_too_large
3669034.0,,2025-01-30 01:00:00,WITEL_AHU_L8,0.0,0.0,0.0,0.0,0.0,0.0,0.0,0.0,0.0,,,,0.0,0.0,0.0,0.0,gap_too_large,0.0,gap_too_large,0.0,gap_too_large,0.0,gap_too_large,0.0,gap_too_large,0.0,gap_too_large,0.0,gap_too_large,0.0,gap_too_large,0.0,gap_too_large,0.0,gap_too_large,0.0,gap_too_large,0.0,gap_too_large,0.0,gap_too_large
3669034.0,,2025-01-30 01:20:00,WITEL_AHU_L8,0.0,0.0,0.0,0.0,0.0,0.0,0.0,0.0,0.0,,,,0.0,0.0,0.0,0.0,gap_too_large,0.0,gap_too_large,0.0,gap_too_large,0.0,gap_too_large,0.0,gap_too_large,0.0,gap_too_large,0.0,gap_too_large,0.0,gap_too_large,0.0,gap_too_large,0.0,gap_too_large,0.0,gap_too_large,0.0,gap_too_large,0.0,gap_too_large
3669034.0,,2025-01-30 01:40:00,WITEL_AHU_L8,0.0,0.0,0.0,0.0,0.0,0.0,0.0,0.0,0.0,,,,0.0,0.0,0.0,0.0,gap_too_large,0.0,gap_too_large,0.0,gap_too_large,0.0,gap_too_large,0.0,gap_too_large,0.0,gap_too_large,0.0,gap_too_large,0.0,gap_too_large,0.0,gap_too_large,0.0,gap_too_large,0.0,gap_too_large,0.0,gap_too_large,0.0,gap_too_large
3669034.0,,2025-01-30 02:00:00,WITEL_AHU_L8,0.0,0.0,0.0,0.0,0.0,0.0,0.0,0.0,0.0,,,,0.0,0.0,0.0,0.0,gap_too_large,0.0,gap_too_large,0.0,gap_too_large,0.0,gap_too_large,0.0,gap_too_large,0.0,gap_too_large,0.0,gap_too_large,0.0,gap_too_large,0.0,gap_too_large,0.0,gap_too_large,0.0,gap_too_large,0.0,gap_too_large,0.0,gap_too_large
3669034.0,,2025-01-30 02:20:00,WITEL_AHU_L8,0.0,0.0,0.0,0.0,0.0,0.0,0.0,0.0,0.0,,,,0.0,0.0,0.0,0.0,gap_too_large,0.0,gap_too_large,0.0,gap_too_large,0.0,gap_too_large,0.0,gap_too_large,0.0,gap_too_large,0.0,gap_too_large,0.0,gap_too_large,0.0,gap_too_large,0.0,gap_too_large,0.0,gap_too_large,0.0,gap_too_large,0.0,gap_too_large
3669034.0,,2025-01-30 02:40:00,WITEL_AHU_L8,0.0,0.0,0.0,0.0,0.0,0.0,0.0,0.0,0.0,,,,0.0,0.0,0.0,0.0,gap_too_large,0.0,gap_too_large,0.0,gap_too_large,0.0,gap_too_large,0.0,gap_too_large,0.0,gap_too_large,0.0,gap_too_large,0.0,gap_too_large,0.0,gap_too_large,0.0,gap_too_large,0.0,gap_too_large,0.0,gap_too_large,0.0,gap_too_large
3669034.0,,2025-01-30 03:00:00,WITEL_AHU_L8,0.0,0.0,0.0,0.0,0.0,0.0,0.0,0.0,0.0,,,,0.0,0.0,0.0,0.0,gap_too_large,0.0,gap_too_large,0.0,gap_too_large,0.0,gap_too_large,0.0,gap_too_large,0.0,gap_too_large,0.0,gap_too_large,0.0,gap_too_large,0.0,gap_too_large,0.0,gap_too_large,0.0,gap_too_large,0.0,gap_too_large,0.0,gap_too_large
3669034.0,,2025-01-30 03:20:00,WITEL_AHU_L8,0.0,0.0,0.0,0.0,0.0,0.0,0.0,0.0,0.0,,,,0.0,0.0,0.0,0.0,gap_too_large,0.0,gap_too_large,0.0,gap_too_large,0.0,gap_too_large,0.0,gap_too_large,0.0,gap_too_large,0.0,gap_too_large,0.0,gap_too_large,0.0,gap_too_large,0.0,gap_too_large,0.0,gap_too_large,0.0,gap_too_large,0.0,gap_too_large
3669034.0,,2025-01-30 03:40:00,WITEL_AHU_L8,0.0,0.0,0.0,0.0,0.0,0.0,0.0,0.0,0.0,,,,0.0,0.0,0.0,0.0,gap_too_large,0.0,gap_too_large,0.0,gap_too_large,0.0,gap_too_large,0.0,gap_too_large,0.0,gap_too_large,0.0,gap_too_large,0.0,gap_too_large,0.0,gap_too_large,0.0,gap_too_large,0.0,gap_too_large,0.0,gap_too_large,0.0,gap_too_large
3669034.0,,2025-01-30 04:00:00,WITEL_AHU_L8,0.0,0.0,0.0,0.0,0.0,0.0,0.0,0.0,0.0,,,,0.0,0.0,0.0,0.0,gap_too_large,0.0,gap_too_large,0.0,gap_too_large,0.0,gap_too_large,0.0,gap_too_large,0.0,gap_too_large,0.0,gap_too_large,0.0,gap_too_large,0.0,gap_too_large,0.0,gap_too_large,0.0,gap_too_large,0.0,gap_too_large,0.0,gap_too_large
3669034.0,,2025-01-30 04:20:00,WITEL_AHU_L8,0.0,0.0,0.0,0.0,0.0,0.0,0.0,0.0,0.0,,,,0.0,0.0,0.0,0.0,gap_too_large,0.0,gap_too_large,0.0,gap_too_large,0.0,gap_too_large,0.0,gap_too_large,0.0,gap_too_large,0.0,gap_too_large,0.0,gap_too_large,0.0,gap_too_large,0.0,gap_too_large,0.0,gap_too_large,0.0,gap_too_large,0.0,gap_too_large
3669034.0,,2025-01-30 04:40:00,WITEL_AHU_L8,0.0,0.0,0.0,0.0,0.0,0.0,0.0,0.0,0.0,,,,0.0,0.0,0.0,0.0,gap_too_large,0.0,gap_too_large,0.0,gap_too_large,0.0,gap_too_large,0.0,gap_too_large,0.0,gap_too_large,0.0,gap_too_large,0.0,gap_too_large,0.0,gap_too_large,0.0,gap_too_large,0.0,gap_too_large,0.0,gap_too_large,0.0,gap_too_large
3669034.0,,2025-01-30 05:00:00,WITEL_AHU_L8,0.0,0.0,0.0,0.0,0.0,0.0,0.0,0.0,0.0,,,,0.0,0.0,0.0,0.0,gap_too_large,0.0,gap_too_large,0.0,gap_too_large,0.0,gap_too_large,0.0,gap_too_large,0.0,gap_too_large,0.0,gap_too_large,0.0,gap_too_large,0.0,gap_too_large,0.0,gap_too_large,0.0,gap_too_large,0.0,gap_too_large,0.0,gap_too_large
3669034.0,,2025-01-30 05:20:00,WITEL_AHU_L8,0.0,0.0,0.0,0.0,0.0,0.0,0.0,0.0,0.0,,,,0.0,0.0,0.0,0.0,gap_too_large,0.0,gap_too_large,0.0,gap_too_large,0.0,gap_too_large,0.0,gap_too_large,0.0,gap_too_large,0.0,gap_too_large,0.0,gap_too_large,0.0,gap_too_large,0.0,gap_too_large,0.0,gap_too_large,0.0,gap_too_large,0.0,gap_too_large
3669034.0,,2025-01-30 05:40:00,WITEL_AHU_L8,0.0,0.0,0.0,0.0,0.0,0.0,0.0,0.0,0.0,,,,0.0,0.0,0.0,0.0,gap_too_large,0.0,gap_too_large,0.0,gap_too_large,0.0,gap_too_large,0.0,gap_too_large,0.0,gap_too_large,0.0,gap_too_large,0.0,gap_too_large,0.0,gap_too_large,0.0,gap_too_large,0.0,gap_too_large,0.0,gap_too_large,0.0,gap_too_large
3669034.0,,2025-01-30 06:00:00,WITEL_AHU_L8,0.0,0.0,0.0,0.0,0.0,0.0,0.0,0.0,0.0,,,,0.0,0.0,0.0,0.0,gap_too_large,0.0,gap_too_large,0.0,gap_too_large,0.0,gap_too_large,0.0,gap_too_large,0.0,gap_too_large,0.0,gap_too_large,0.0,gap_too_large,0.0,gap_too_large,0.0,gap_too_large,0.0,gap_too_large,0.0,gap_too_large,0.0,gap_too_large
3669034.0,,2025-01-30 06:20:00,WITEL_AHU_L8,0.0,0.0,0.0,0.0,0.0,0.0,0.0,0.0,0.0,,,,0.0,0.0,0.0,0.0,gap_too_large,0.0,gap_too_large,0.0,gap_too_large,0.0,gap_too_large,0.0,gap_too_large,0.0,gap_too_large,0.0,gap_too_large,0.0,gap_too_large,0.0,gap_too_large,0.0,gap_too_large,0.0,gap_too_large,0.0,gap_too_large,0.0,gap_too_large
3669034.0,,2025-01-30 06:40:00,WITEL_AHU_L8,0.0,0.0,0.0,0.0,0.0,0.0,0.0,0.0,0.0,,,,0.0,0.0,0.0,0.0,gap_too_large,0.0,gap_too_large,0.0,gap_too_large,0.0,gap_too_large,0.0,gap_too_large,0.0,gap_too_large,0.0,gap_too_large,0.0,gap_too_large,0.0,gap_too_large,0.0,gap_too_large,0.0,gap_too_large,0.0,gap_too_large,0.0,gap_too_large
3669034.0,,2025-01-30 07:00:00,WITEL_AHU_L8,0.0,0.0,0.0,0.0,0.0,0.0,0.0,0.0,0.0,,,,0.0,0.0,0.0,0.0,gap_too_large,0.0,gap_too_large,0.0,gap_too_large,0.0,gap_too_large,0.0,gap_too_large,0.0,gap_too_large,0.0,gap_too_large,0.0,gap_too_large,0.0,gap_too_large,0.0,gap_too_large,0.0,gap_too_large,0.0,gap_too_large,0.0,gap_too_large
3672214.0,37.0,2025-01-30 07:20:00,WITEL_AHU_L8,35944500.0,225.0,224.0,226.0,0.0,0.0,0.0,49.97,1.0,2025-01-30 07:35:16.000,2025-01-30 07:35:16.000,2025-01-30 07:35:16.000,49910611.0,25627.0,62716132.0,225.0,original,224.0,original,226.0,original,0.0,gap_too_large,0.0,gap_too_large,0.0,gap_too_large,49.97,original,1.0,original,49910611.0,original,25627.0,original,62716132.0,original,35944500.0,original,-118.0,original
3672214.0,,2025-01-30 07:40:00,WITEL_AHU_L8,35944500.0,225.5,224.5,227.0,0.0,0.0,0.0,49.974999999999994,1.0,,,,49910611.0,25627.0,62716132.0,225.5,interpolated,224.5,interpolated,227.0,interpolated,0.0,gap_too_large,0.0,gap_too_large,0.0,gap_too_large,49.974999999999994,interpolated,1.0,interpolated,49910611.0,interpolated,25627.0,interpolated,62716132.0,interpolated,35944500.0,interpolated,-117.5,interpolated
3672418.0,37.0,2025-01-30 08:00:00,WITEL_AHU_L8,35944500.0,226.0,225.0,228.0,0.0,0.0,0.0,49.98,1.0,2025-01-30 07:59:17.000,2025-01-30 07:59:17.000,2025-01-30 07:59:17.000,49910611.0,25627.0,62716132.0,226.0,original,225.0,original,228.0,original,0.0,gap_too_large,0.0,gap_too_large,0.0,gap_too_large,49.98,original,1.0,original,49910611.0,original,25627.0,original,62716132.0,original,35944500.0,original,-117.0,original
3672538.0,37.0,2025-01-30 08:20:00,WITEL_AHU_L8,35944500.0,227.0,226.0,228.0,0.0,0.0,0.0,49.98,1.0,2025-01-30 08:19:07.000,2025-01-30 08:19:07.000,2025-01-30 08:19:07.000,49910611.0,25627.0,62716132.0,227.0,original,226.0,original,228.0,original,0.0,gap_too_large,0.0,gap_too_large,0.0,gap_too_large,49.98,original,1.0,original,49910611.0,original,25627.0,original,62716132.0,original,35944500.0,original,-100.0,original
3672664.0,37.0,2025-01-30 08:40:00,WITEL_AHU_L8,35944500.0,226.0,225.0,228.0,0.0,0.0,0.0,50.0,1.0,2025-01-30 08:39:05.000,2025-01-30 08:39:05.000,2025-01-30 08:39:05.000,49910611.0,25627.0,62716132.0,226.0,original,225.0,original,228.0,original,0.0,gap_too_large,0.0,gap_too_large,0.0,gap_too_large,50.0,original,1.0,original,49910611.0,original,25627.0,original,62716132.0,original,35944500.0,original,-119.0,original
3672664.0,,2025-01-30 09:00:00,WITEL_AHU_L8,35944500.0,225.5,224.5,227.5,0.0,0.0,0.0,50.035,1.0,,,,49910611.0,25627.0,62716132.0,225.5,interpolated,224.5,interpolated,227.5,interpolated,0.0,gap_too_large,0.0,gap_too_large,0.0,gap_too_large,50.035,interpolated,1.0,interpolated,49910611.0,interpolated,25627.0,interpolated,62716132.0,interpolated,35944500.0,interpolated,-109.5,interpolated
3672919.0,37.0,2025-01-30 09:20:00,WITEL_AHU_L8,35944500.0,225.0,224.0,227.0,0.0,0.0,0.0,50.07,1.0,2025-01-30 09:19:01.000,2025-01-30 09:19:01.000,2025-01-30 09:19:01.000,49910611.0,25627.0,62716132.0,225.0,original,224.0,original,227.0,original,0.0,gap_too_large,0.0,gap_too_large,0.0,gap_too_large,50.07,original,1.0,original,49910611.0,original,25627.0,original,62716132.0,original,35944500.0,original,-100.0,original
3673102.0,37.0,2025-01-30 09:40:00,WITEL_AHU_L8,35944500.0,224.0,223.0,226.0,0.0,0.0,0.0,50.03,1.0,2025-01-30 09:39:14.000,2025-01-30 09:39:14.000,2025-01-30 09:39:14.000,49910611.0,25627.0,62716132.0,224.0,original,223.0,original,226.0,original,0.0,gap_too_large,0.0,gap_too_large,0.0,gap_too_large,50.03,original,1.0,original,49910611.0,original,25627.0,original,62716132.0,original,35944500.0,original,-99.0,original
3673198.0,37.0,2025-01-30 10:00:00,WITEL_AHU_L8,35944500.0,222.0,221.0,223.0,0.0,0.0,0.0,49.99,1.0,2025-01-30 09:59:04.000,2025-01-30 09:59:04.000,2025-01-30 09:59:04.000,49910611.0,25627.0,62716132.0,222.0,original,221.0,original,223.0,original,0.0,gap_too_large,0.0,gap_too_large,0.0,gap_too_large,49.99,original,1.0,original,49910611.0,original,25627.0,original,62716132.0,original,35944500.0,original,-100.0,original
3673399.0,37.0,2025-01-30 10:20:00,WITEL_AHU_L8,35944500.0,225.0,224.0,226.0,0.0,0.0,0.0,50.0,1.0,2025-01-30 10:29:02.000,2025-01-30 10:29:02.000,2025-01-30 10:29:02.000,49910611.0,25627.0,62716132.0,225.0,original,224.0,original,226.0,original,0.0,gap_too_large,0.0,gap_too_large,0.0,gap_too_large,50.0,original,1.0,original,49910611.0,original,25627.0,original,62716132.0,original,35944500.0,original,-109.0,original
3673498.0,37.0,2025-01-30 10:40:00,WITEL_AHU_L8,35944500.0,224.0,224.0,226.0,0.0,0.0,0.0,49.98,1.0,2025-01-30 10:39:19.000,2025-01-30 10:39:19.000,2025-01-30 10:39:19.000,49910611.0,25627.0,62716132.0,224.0,original,224.0,original,226.0,original,0.0,gap_too_large,0.0,gap_too_large,0.0,gap_too_large,49.98,original,1.0,original,49910611.0,original,25627.0,original,62716132.0,original,35944500.0,original,-119.0,original
