id_id,id_n_id,id_time,id_meter_id,id_stand_energy_kirim,id_v1,id_v2,id_v3,id_i1,id_i2,id_i3,id_frequency,id_power_factor,id_create_date,updated_at,created_at,reactive_energy_import,reactive_energy_export,apparent_energy_import,id_v1,id_v1_status,id_v2,id_v2_status,id_v3,id_v3_status,id_i1,id_i1_status,id_i2,id_i2_status,id_i3,id_i3_status,id_frequency,id_frequency_status,id_power_factor,id_power_factor_status,reactive_energy_import,reactive_energy_import_status,reactive_energy_export,reactive_energy_export_status,apparent_energy_import,apparent_energy_import_status,id_stand_energy_kirim,id_stand_energy_kirim_status,rssi,rssi_status
3113371.0,37.0,2025-01-01 00:00:00,WITEL_AHU_L8,31584800.0,229.0,229.0,231.0,0.0,0.0,0.0,49.96,1.0,2025-01-01 00:19:09.000,2025-01-01 00:19:09.000,2025-01-01 00:19:09.000,43315152.0,25627.0,54776845.0,229.0,original,229.0,original,231.0,original,0.0,gap_too_large,0.0,gap_too_large,0.0,gap_too_large,49.96,original,1.0,original,43315152.0,original,25627.0,original,54776845.0,original,31584800.0,original,-117.0,original
3113371.0,,2025-01-01 02:00:00,WITEL_AHU_L8,0.0,0.0,0.0,0.0,0.0,0.0,0.0,0.0,0.0,,,,0.0,0.0,0.0,0.0,gap_too_large,0.0,gap_too_large,0.0,gap_too_large,0.0,gap_too_large,0.0,gap_too_large,0.0,gap_too_large,0.0,gap_too_large,0.0,gap_too_large,0.0,gap_too_large,0.0,gap_too_large,0.0,gap_too_large,0.0,gap_too_large,0.0,gap_too_large
3113371.0,,2025-01-01 04:00:00,WITEL_AHU_L8,0.0,0.0,0.0,0.0,0.0,0.0,0.0,0.0,0.0,,,,0.0,0.0,0.0,0.0,gap_too_large,0.0,gap_too_large,0.0,gap_too_large,0.0,gap_too_large,0.0,gap_too_large,0.0,gap_too_large,0.0,gap_too_large,0.0,gap_too_large,0.0,gap_too_large,0.0,gap_too_large,0.0,gap_too_large,0.0,gap_too_large,0.0,gap_too_large
3113371.0,,2025-01-01 06:00:00,WITEL_AHU_L8,0.0,0.0,0.0,0.0,0.0,0.0,0.0,0.0,0.0,,,,0.0,0.0,0.0,0.0,gap_too_large,0.0,gap_too_large,0.0,gap_too_large,0.0,gap_too_large,0.0,gap_too_large,0.0,gap_too_large,0.0,gap_too_large,0.0,gap_too_large,0.0,gap_too_large,0.0,gap_too_large,0.0,gap_too_large,0.0,gap_too_large,0.0,gap_too_large
3113371.0,,2025-01-01 08:00:00,WITEL_AHU_L8,0.0,0.0,0.0,0.0,0.0,0.0,0.0,0.0,0.0,,,,0.0,0.0,0.0,0.0,gap_too_large,0.0,gap_too_large,0.0,gap_too_large,0.0,gap_too_large,0.0,gap_too_large,0.0,gap_too_large,0.0,gap_too_large,0.0,gap_too_large,0.0,gap_too_large,0.0,gap_too_large,0.0,gap_too_large,0.0,gap_too_large,0.0,gap_too_large
3116064.0,37.0,2025-01-01 10:00:00,WITEL_AHU_L8,31584800.0,228.0,228.0,230.0,0.0,0.0,0.0,50.01,1.0,2025-01-01 11:39:17.000,2025-01-01 11:39:17.000,2025-01-01 11:39:17.000,43315152.0,25627.0,54776845.0,228.0,original,228.0,original,230.0,original,0.0,gap_too_large,0.0,gap_too_large,0.0,gap_too_large,50.01,original,1.0,original,43315152.0,original,25627.0,original,54776845.0,original,31584800.0,original,-121.0,original
3116216.0,37.0,2025-01-01 12:00:00,WITEL_AHU_L8,31584800.0,228.0,228.0,230.0,0.0,0.0,0.0,49.94,1.0,2025-01-01 11:59:07.000,2025-01-01 11:59:07.000,2025-01-01 11:59:07.000,43315152.0,25627.0,54776845.0,228.0,original,228.0,original,230.0,original,0.0,gap_too_large,0.0,gap_too_large,0.0,gap_too_large,49.94,original,1.0,original,43315152.0,original,25627.0,original,54776845.0,original,31584800.0,original,-120.0,original
3117392.0,37.0,2025-01-01 14:00:00,WITEL_AHU_L8,31584800.0,228.0,228.0,230.0,0.0,0.0,0.0,50.05,1.0,2025-01-01 14:09:23.000,2025-01-01 14:09:23.000,2025-01-01 14:09:23.000,43315152.0,25627.0,54776845.0,228.0,original,228.0,original,230.0,original,0.0,gap_too_large,0.0,gap_too_large,0.0,gap_too_large,50.05,original,1.0,original,43315152.0,original,25627.0,original,54776845.0,original,31584800.0,original,-117.0,original
3118227.0,37.0,2025-01-01 16:00:00,WITEL_AHU_L8,31584800.0,228.0,228.0,230.0,0.0,0.0,0.0,50.02,1.0,2025-01-01 15:59:23.000,2025-01-01 15:59:23.000,2025-01-01 15:59:23.000,43315152.0,25627.0,54776845.0,228.0,original,228.0,original,230.0,original,0.0,gap_too_large,0.0,gap_too_large,0.0,gap_too_large,50.02,original,1.0,original,43315152.0,original,25627.0,original,54776845.0,original,31584800.0,original,-102.0,original
3119673.0,37.0,2025-01-01 18:00:00,WITEL_AHU_L8,31584800.0,227.0,227.0,229.0,0.0,0.0,0.0,49.99,1.0,2025-01-01 18:09:08.000,2025-01-01 18:09:08.000,2025-01-01 18:09:08.000,43315152.0,25627.0,54776845.0,227.0,original,227.0,original,229.0,original,0.0,gap_too_large,0.0,gap_too_large,0.0,gap_too_large,49.99,original,1.0,original,43315152.0,original,25627.0,original,54776845.0,original,31584800.0,original,-102.0,original
3119673.0,,2025-01-01 20:00:00,WITEL_AHU_L8,31584800.0,229.0,229.0,231.0,0.0,0.0,0.0,50.005,1.0,,,,43315152.0,25627.0,54776845.0,229.0,interpolated,229.0,interpolated,231.0,interpolated,0.0,gap_too_large,0.0,gap_too_large,0.0,gap_too_large,50.005,interpolated,1.0,interpolated,43315152.0,interpolated,25627.0,interpolated,54776845.0,interpolated,31584800.0,interpolated,-100.5,interpolated
3121862.0,37.0,2025-01-01 22:00:00,WITEL_AHU_L8,31584800.0,231.0,231.0,233.0,0.0,0.0,0.0,50.02,1.0,2025-01-01 22:09:11.000,2025-01-01 22:09:11.000,2025-01-01 22:09:11.000,43315152.0,25627.0,54776845.0,231.0,original,231.0,original,233.0,original,0.0,gap_too_large,0.0,gap_too_large,0.0,gap_too_large,50.02,original,1.0,original,43315152.0,original,25627.0,original,54776845.0,original,31584800.0,original,-99.0,original
3124910.0,37.0,2025-01-02 00:00:00,WITEL_AHU_L8,31584800.0,229.0,229.0,231.0,0.0,0.0,0.0,50.0,1.0,2025-01-01 23:59:21.000,2025-01-01 23:59:21.000,2025-01-01 23:59:21.000,43315152.0,25627.0,54776845.0,229.0,original,229.0,original,231.0,original,0.0,gap_too_large,0.0,gap_too_large,0.0,gap_too_large,50.0,original,1.0,original,43315152.0,original,25627.0,original,54776845.0,original,31584800.0,original,-117.0,original
3128378.0,37.0,2025-01-02 02:00:00,WITEL_AHU_L8,31584800.0,229.0,229.0,232.0,0.0,0.0,0.0,50.04,1.0,2025-01-02 01:59:07.000,2025-01-02 01:59:07.000,2025-01-02 01:59:07.000,43315152.0,25627.0,54776845.0,229.0,original,229.0,original,232.0,original,0.0,gap_too_large,0.0,gap_too_large,0.0,gap_too_large,50.04,original,1.0,original,43315152.0,original,25627.0,original,54776845.0,original,31584800.0,original,-101.0,original
3131714.0,37.0,2025-01-02 04:00:00,WITEL_AHU_L8,31584800.0,230.0,230.0,232.0,0.0,0.0,0.0,50.05,1.0,2025-01-02 03:59:10.000,2025-01-02 03:59:10.000,2025-01-02 03:59:10.000,43315152.0,25627.0,54776845.0,230.0,original,230.0,original,232.0,original,0.0,gap_too_large,0.0,gap_too_large,0.0,gap_too_large,50.05,original,1.0,original,43315152.0,original,25627.0,original,54776845.0,original,31584800.0,original,-120.0,original
3135278.0,37.0,2025-01-02 06:00:00,WITEL_AHU_L8,31584800.0,227.0,227.0,229.0,0.0,0.0,0.0,49.94,1.0,2025-01-02 05:59:20.000,2025-01-02 05:59:20.000,2025-01-02 05:59:20.000,43315152.0,25627.0,54776845.0,227.0,original,227.0,original,229.0,original,0.0,gap_too_large,0.0,gap_too_large,0.0,gap_too_large,49.94,original,1.0,original,43315152.0,original,25627.0,original,54776845.0,original,31584800.0,original,-109.0,original
3138890.0,37.0,2025-01-02 08:00:00,WITEL_AHU_L8,31584800.0,227.0,226.0,229.0,0.0,0.0,0.0,50.1,1.0,2025-01-02 08:09:13.000,2025-01-02 08:09:13.000,2025-01-02 08:09:13.000,43315152.0,25627.0,54776845.0,227.0,original,226.0,original,229.0,original,0.0,gap_too_large,0.0,gap_too_large,0.0,gap_too_large,50.1,original,1.0,original,43315152.0,original,25627.0,original,54776845.0,original,31584800.0,original,-107.0,original
3138890.0,,2025-01-02 10:00:00,WITEL_AHU_L8,0.0,0.0,0.0,0.0,0.0,0.0,0.0,0.0,0.0,,,,0.0,0.0,0.0,0.0,gap_too_large,0.0,gap_too_large,0.0,gap_too_large,0.0,gap_too_large,0.0,gap_too_large,0.0,gap_too_large,0.0,gap_too_large,0.0,gap_too_large,0.0,gap_too_large,0.0,gap_too_large,0.0,gap_too_large,0.0,gap_too_large,0.0,gap_too_large
3138890.0,,2025-01-02 12:00:00,WITEL_AHU_L8,0.0,0.0,0.0,0.0,0.0,0.0,0.0,0.0,0.0,,,,0.0,0.0,0.0,0.0,gap_too_large,0.0,gap_too_large,0.0,gap_too_large,0.0,gap_too_large,0.0,gap_too_large,0.0,gap_too_large,0.0,gap_too_large,0.0,gap_too_large,0.0,gap_too_large,0.0,gap_too_large,0.0,gap_too_large,0.0,gap_too_large,0.0,gap_too_large
3138890.0,,2025-01-02 14:00:00,WITEL_AHU_L8,0.0,0.0,0.0,0.0,0.0,0.0,0.0,0.0,0.0,,,,0.0,0.0,0.0,0.0,gap_too_large,0.0,gap_too_large,0.0,gap_too_large,0.0,gap_too_large,0.0,gap_too_large,0.0,gap_too_large,0.0,gap_too_large,0.0,gap_too_large,0.0,gap_too_large,0.0,gap_too_large,0.0,gap_too_large,0.0,gap_too_large,0.0,gap_too_large
3152774.0,37.0,2025-01-02 16:00:00,WITEL_AHU_L8,31584800.0,229.0,229.0,231.0,0.0,0.0,0.0,50.01,1.0,2025-01-02 16:50:03.000,2025-01-02 16:50:03.000,2025-01-02 16:50:03.000,43315152.0,25627.0,54776845.0,229.0,original,229.0,original,231.0,original,0.0,gap_too_large,0.0,gap_too_large,0.0,gap_too_large,50.01,original,1.0,original,43315152.0,original,25627.0,original,54776845.0,original,31584800.0,original,-99.0,original
3155186.0,37.0,2025-01-02 18:00:00,WITEL_AHU_L8,31584800.0,230.0,230.0,232.0,0.0,0.0,0.0,49.98,1.0,2025-01-02 18:09:25.000,2025-01-02 18:09:25.000,2025-01-02 18:09:25.000,43315152.0,25627.0,54776845.0,230.0,original,230.0,original,232.0,original,0.0,gap_too_large,0.0,gap_too_large,0.0,gap_too_large,49.98,original,1.0,original,43315152.0,original,25627.0,original,54776845.0,original,31584800.0,original,-101.0,original
3158522.0,37.0,2025-01-02 20:00:00,WITEL_AHU_L8,31584800.0,227.0,227.0,229.0,0.0,0.0,0.0,50.03,1.0,2025-01-02 20:09:06.000,2025-01-02 20:09:06.000,2025-01-02 20:09:06.000,43315152.0,25627.0,54776845.0,227.0,original,227.0,original,229.0,original,0.0,gap_too_large,0.0,gap_too_large,0.0,gap_too_large,50.03,original,1.0,original,43315152.0,original,25627.0,original,54776845.0,original,31584800.0,original,-118.0,original
3161846.0,37.0,2025-01-02 22:00:00,WITEL_AHU_L8,31584800.0,230.0,230.0,232.0,0.0,0.0,0.0,50.02,1.0,2025-01-02 21:59:04.000,2025-01-02 21:59:04.000,2025-01-02 21:59:04.000,43315152.0,25627.0,54776845.0,230.0,original,230.0,original,232.0,original,0.0,gap_too_large,0.0,gap_too_large,0.0,gap_too_large,50.02,original,1.0,original,43315152.0,original,25627.0,original,54776845.0,original,31584800.0,original,-118.0,original
3165770.0,37.0,2025-01-03 00:00:00,WITEL_AHU_L8,31584800.0,229.0,229.0,231.0,0.0,0.0,0.0,50.04,1.0,2025-01-03 00:09:20.000,2025-01-03 00:09:20.000,2025-01-03 00:09:20.000,43315152.0,25627.0,54776845.0,229.0,original,229.0,original,231.0,original,0.0,gap_too_large,0.0,gap_too_large,0.0,gap_too_large,50.04,original,1.0,original,43315152.0,original,25627.0,original,54776845.0,original,31584800.0,original,-101.0,original
3168698.0,37.0,2025-01-03 02:00:00,WITEL_AHU_L8,31584800.0,230.0,229.0,232.0,0.0,0.0,0.0,50.07,1.0,2025-01-03 01:59:12.000,2025-01-03 01:59:12.000,2025-01-03 01:59:12.000,43315152.0,25627.0,54776845.0,230.0,original,229.0,original,232.0,original,0.0,gap_too_large,0.0,gap_too_large,0.0,gap_too_large,50.07,original,1.0,original,43315152.0,original,25627.0,original,54776845.0,original,31584800.0,original,-119.0,original
3171626.0,37.0,2025-01-03 04:00:00,WITEL_AHU_L8,31584800.0,228.0,228.0,230.0,0.0,0.0,0.0,50.0,1.0,2025-01-03 03:59:17.000,2025-01-03 03:59:17.000,2025-01-03 03:59:17.000,43315152.0,25627.0,54776845.0,228.0,original,228.0,original,230.0,original,0.0,gap_too_large,0.0,gap_too_large,0.0,gap_too_large,50.0,original,1.0,original,43315152.0,original,25627.0,original,54776845.0,original,31584800.0,original,-116.0,original
3175082.0,37.0,2025-01-03 06:00:00,WITEL_AHU_L8,31584800.0,228.0,228.0,230.0,0.0,0.0,0.0,50.04,1.0,2025-01-03 06:19:11.000,2025-01-03 06:19:11.000,2025-01-03 06:19:11.000,43315152.0,25627.0,54776845.0,228.0,original,228.0,original,230.0,original,0.0,gap_too_large,0.0,gap_too_large,0.0,gap_too_large,50.04,original,1.0,original,43315152.0,original,25627.0,original,54776845.0,original,31584800.0,original,-121.0,original
3177578.0,37.0,2025-01-03 08:00:00,WITEL_AHU_L8,31584800.0,225.0,224.0,227.0,0.0,0.0,0.0,49.98,1.0,2025-01-03 07:59:24.000,2025-01-03 07:59:24.000,2025-01-03 07:59:24.000,43315152.0,25627.0,54776845.0,225.0,original,224.0,original,227.0,original,0.0,gap_too_large,0.0,gap_too_large,0.0,gap_too_large,49.98,original,1.0,original,43315152.0,original,25627.0,original,54776845.0,original,31584800.0,original,-116.0,original
3180866.0,37.0,2025-01-03 10:00:00,WITEL_AHU_L8,31592200.0,224.0,223.0,226.0,11.0,10.0,11.0,50.06,0.5606,2025-01-03 09:59:20.000,2025-01-03 09:59:20.000,2025-01-03 09:59:20.000,43325863.0,25627.0,54789906.0,224.0,original,223.0,original,226.0,original,11.0,original,10.0,original,11.0,original,50.06,original,0.5606,original,43325863.0,original,25627.0,original,54789906.0,original,31592200.0,original,-109.0,original
3183962.0,37.0,2025-01-03 12:00:00,WITEL_AHU_L8,31675200.0,224.0,222.0,226.0,11.0,10.0,12.0,49.99,0.5764999999999999,2025-01-03 11:59:10.000,2025-01-03 11:59:10.000,2025-01-03 11:59:10.000,43445838.0,25627.0,54936205.0,224.0,original,222.0,original,226.0,original,11.0,original,10.0,original,12.0,original,49.99,original,0.5764999999999999,original,43445838.0,original,25627.0,original,54936205.0,original,31675200.0,original,-107.0,original
3187082.0,37.0,2025-01-03 14:00:00,WITEL_AHU_L8,31758400.0,222.0,220.0,223.0,11.0,10.0,11.0,50.07,0.5814999999999999,2025-01-03 13:59:05.000,2025-01-03 13:59:05.000,2025-01-03 13:59:05.000,43563129.0,25627.0,55080399.0,222.0,original,220.0,original,223.0,original,11.0,original,10.0,original,11.0,original,50.07,original,0.5814999999999999,original,43563129.0,original,25627.0,original,55080399.0,original,31758400.0,original,-106.0,original
3190322.0,37.0,2025-01-03 16:00:00,WITEL_AHU_L8,31807600.0,223.0,222.0,225.0,0.0,0.0,0.0,50.0,1.0,2025-01-03 15:59:19.000,2025-01-03 15:59:19.000,2025-01-03 15:59:19.000,43631586.0,25627.0,55164933.0,223.0,original,222.0,original,225.0,original,0.0,gap_too_large,0.0,gap_too_large,0.0,gap_too_large,50.0,original,1.0,original,43631586.0,original,25627.0,original,55164933.0,original,31807600.0,original,-115.0,original
3190322.0,,2025-01-03 18:00:00,WITEL_AHU_L8,0.0,0.0,0.0,0.0,0.0,0.0,0.0,0.0,0.0,,,,0.0,0.0,0.0,0.0,gap_too_large,0.0,gap_too_large,0.0,gap_too_large,0.0,gap_too_large,0.0,gap_too_large,0.0,gap_too_large,0.0,gap_too_large,0.0,gap_too_large,0.0,gap_too_large,0.0,gap_too_large,0.0,gap_too_large,0.0,gap_too_large,0.0,gap_too_large
3190322.0,,2025-01-03 20:00:00,WITEL_AHU_L8,0.0,0.0,0.0,0.0,0.0,0.0,0.0,0.0,0.0,,,,0.0,0.0,0.0,0.0,gap_too_large,0.0,gap_too_large,0.0,gap_too_large,0.0,gap_too_large,0.0,gap_too_large,0.0,gap_too_large,0.0,gap_too_large,0.0,gap_too_large,0.0,gap_too_large,0.0,gap_too_large,0.0,gap_too_large,0.0,gap_too_large,0.0,gap_too_large
3190322.0,,2025-01-03 22:00:00,WITEL_AHU_L8,0.0,0.0,0.0,0.0,0.0,0.0,0.0,0.0,0.0,,,,0.0,0.0,0.0,0.0,gap_too_large,0.0,gap_too_large,0.0,gap_too_large,0.0,gap_too_large,0.0,gap_too_large,0.0,gap_too_large,0.0,gap_too_large,0.0,gap_too_large,0.0,gap_too_large,0.0,gap_too_large,0.0,gap_too_large,0.0,gap_too_large,0.0,gap_too_large
3190322.0,,2025-01-04 00:00:00,WITEL_AHU_L8,0.0,0.0,0.0,0.0,0.0,0.0,0.0,0.0,0.0,,,,0.0,0.0,0.0,0.0,gap_too_large,0.0,gap_too_large,0.0,gap_too_large,0.0,gap_too_large,0.0,gap_too_large,0.0,gap_too_large,0.0,gap_too_large,0.0,gap_too_large,0.0,gap_too_large,0.0,gap_too_large,0.0,gap_too_large,0.0,gap_too_large,0.0,gap_too_large
3190322.0,,2025-01-04 02:00:00,WITEL_AHU_L8,0.0,0.0,0.0,0.0,0.0,0.0,0.0,0.0,0.0,,,,0.0,0.0,0.0,0.0,gap_too_large,0.0,gap_too_large,0.0,gap_too_large,0.0,gap_too_large,0.0,gap_too_large,0.0,gap_too_large,0.0,gap_too_large,0.0,gap_too_large,0.0,gap_too_large,0.0,gap_too_large,0.0,gap_too_large,0.0,gap_too_large,0.0,gap_too_large
3190322.0,,2025-01-04 04:00:00,WITEL_AHU_L8,0.0,0.0,0.0,0.0,0.0,0.0,0.0,0.0,0.0,,,,0.0,0.0,0.0,0.0,gap_too_large,0.0,gap_too_large,0.0,gap_too_large,0.0,gap_too_large,0.0,gap_too_large,0.0,gap_too_large,0.0,gap_too_large,0.0,gap_too_large,0.0,gap_too_large,0.0,gap_too_large,0.0,gap_too_large,0.0,gap_too_large,0.0,gap_too_large
3190322.0,,2025-01-04 06:00:00,WITEL_AHU_L8,0.0,0.0,0.0,0.0,0.0,0.0,0.0,0.0,0.0,,,,0.0,0.0,0.0,0.0,gap_too_large,0.0,gap_too_large,0.0,gap_too_large,0.0,gap_too_large,0.0,gap_too_large,0.0,gap_too_large,0.0,gap_too_large,0.0,gap_too_large,0.0,gap_too_large,0.0,gap_too_large,0.0,gap_too_large,0.0,gap_too_large,0.0,gap_too_large
3190322.0,,2025-01-04 08:00:00,WITEL_AHU_L8,0.0,0.0,0.0,0.0,0.0,0.0,0.0,0.0,0.0,,,,0.0,0.0,0.0,0.0,gap_too_large,0.0,gap_too_large,0.0,gap_too_large,0.0,gap_too_large,0.0,gap_too_large,0.0,gap_too_large,0.0,gap_too_large,0.0,gap_too_large,0.0,gap_too_large,0.0,gap_too_large,0.0,gap_too_large,0.0,gap_too_large,0.0,gap_too_large
3190322.0,,2025-01-04 10:00:00,WITEL_AHU_L8,0.0,0.0,0.0,0.0,0.0,0.0,0.0,0.0,0.0,,,,0.0,0.0,0.0,0.0,gap_too_large,0.0,gap_too_large,0.0,gap_too_large,0.0,gap_too_large,0.0,gap_too_large,0.0,gap_too_large,0.0,gap_too_large,0.0,gap_too_large,0.0,gap_too_large,0.0,gap_too_large,0.0,gap_too_large,0.0,gap_too_large,0.0,gap_too_large
3190322.0,,2025-01-04 12:00:00,WITEL_AHU_L8,0.0,0.0,0.0,0.0,0.0,0.0,0.0,0.0,0.0,,,,0.0,0.0,0.0,0.0,gap_too_large,0.0,gap_too_large,0.0,gap_too_large,0.0,gap_too_large,0.0,gap_too_large,0.0,gap_too_large,0.0,gap_too_large,0.0,gap_too_large,0.0,gap_too_large,0.0,gap_too_large,0.0,gap_too_large,0.0,gap_too_large,0.0,gap_too_large
3190322.0,,2025-01-04 14:00:00,WITEL_AHU_L8,0.0,0.0,0.0,0.0,0.0,0.0,0.0,0.0,0.0,,,,0.0,0.0,0.0,0.0,gap_too_large,0.0,gap_too_large,0.0,gap_too_large,0.0,gap_too_large,0.0,gap_too_large,0.0,gap_too_large,0.0,gap_too_large,0.0,gap_too_large,0.0,gap_too_large,0.0,gap_too_large,0.0,gap_too_large,0.0,gap_too_large,0.0,gap_too_large
3229622.0,37.0,2025-01-04 16:00:00,WITEL_AHU_L8,31807600.0,229.0,229.0,231.0,0.0,0.0,0.0,49.99,1.0,2025-01-04 16:47:47.000,2025-01-04 16:47:47.000,2025-01-04 16:47:47.000,43631586.0,25627.0,55164933.0,229.0,original,229.0,original,231.0,original,0.0,gap_too_large,0.0,gap_too_large,0.0,gap_too_large,49.99,original,1.0,original,43631586.0,original,25627.0,original,55164933.0,original,31807600.0,original,-101.0,original
3231602.0,37.0,2025-01-04 18:00:00,WITEL_AHU_L8,31807600.0,228.0,227.0,230.0,0.0,0.0,0.0,50.01,1.0,2025-01-04 17:59:04.000,2025-01-04 17:59:04.000,2025-01-04 17:59:04.000,43631586.0,25627.0,55164933.0,228.0,original,227.0,original,230.0,original,0.0,gap_too_large,0.0,gap_too_large,0.0,gap_too_large,50.01,original,1.0,original,43631586.0,original,25627.0,original,55164933.0,original,31807600.0,original,-121.0,original
3234986.0,37.0,2025-01-04 20:00:00,WITEL_AHU_L8,31807600.0,228.0,228.0,230.0,0.0,0.0,0.0,50.0,1.0,2025-01-04 19:59:25.000,2025-01-04 19:59:25.000,2025-01-04 19:59:25.000,43631586.0,25627.0,55164933.0,228.0,original,228.0,original,230.0,original,0.0,gap_too_large,0.0,gap_too_large,0.0,gap_too_large,50.0,original,1.0,original,43631586.0,original,25627.0,original,55164933.0,original,31807600.0,original,-97.0,original
3238394.0,37.0,2025-01-04 22:00:00,WITEL_AHU_L8,31807600.0,228.0,228.0,230.0,0.0,0.0,0.0,50.05,1.0,2025-01-04 21:59:22.000,2025-01-04 21:59:22.000,2025-01-04 21:59:22.000,43631586.0,25627.0,55164933.0,228.0,original,228.0,original,230.0,original,0.0,gap_too_large,0.0,gap_too_large,0.0,gap_too_large,50.05,original,1.0,original,43631586.0,original,25627.0,original,55164933.0,original,31807600.0,original,-120.0,original
3241514.0,37.0,2025-01-05 00:00:00,WITEL_AHU_L8,31807600.0,228.0,228.0,230.0,0.0,0.0,0.0,49.98,1.0,2025-01-04 23:59:13.000,2025-01-04 23:59:13.000,2025-01-04 23:59:13.000,43631586.0,25627.0,55164933.0,228.0,original,228.0,original,230.0,original,0.0,gap_too_large,0.0,gap_too_large,0.0,gap_too_large,49.98,original,1.0,original,43631586.0,original,25627.0,original,55164933.0,original,31807600.0,original,-101.0,original
3244874.0,37.0,2025-01-05 02:00:00,WITEL_AHU_L8,31807600.0,230.0,229.0,232.0,0.0,0.0,0.0,50.03,1.0,2025-01-05 01:59:15.000,2025-01-05 01:59:15.000,2025-01-05 01:59:15.000,43631586.0,25627.0,55164933.0,230.0,original,229.0,original,232.0,original,0.0,gap_too_large,0.0,gap_too_large,0.0,gap_too_large,50.03,original,1.0,original,43631586.0,original,25627.0,original,55164933.0,original,31807600.0,original,-121.0,original
3247790.0,37.0,2025-01-05 04:00:00,WITEL_AHU_L8,31807600.0,231.0,230.0,233.0,0.0,0.0,0.0,50.01,1.0,2025-01-05 03:59:12.000,2025-01-05 03:59:12.000,2025-01-05 03:59:12.000,43631586.0,25627.0,55164933.0,231.0,original,230.0,original,233.0,original,0.0,gap_too_large,0.0,gap_too_large,0.0,gap_too_large,50.01,original,1.0,original,43631586.0,original,25627.0,original,55164933.0,original,31807600.0,original,-99.0,original
3251642.0,37.0,2025-01-05 06:00:00,WITEL_AHU_L8,31807600.0,230.0,230.0,232.0,0.0,0.0,0.0,49.96,1.0,2025-01-05 06:29:23.000,2025-01-05 06:29:23.000,2025-01-05 06:29:23.000,43631586.0,25627.0,55164933.0,230.0,original,230.0,original,232.0,original,0.0,gap_too_large,0.0,gap_too_large,0.0,gap_too_large,49.96,original,1.0,original,43631586.0,original,25627.0,original,55164933.0,original,31807600.0,original,-117.0,original
3253946.0,37.0,2025-01-05 08:00:00,WITEL_AHU_L8,31807600.0,229.0,229.0,231.0,0.0,0.0,0.0,50.04,1.0,2025-01-05 07:59:08.000,2025-01-05 07:59:08.000,2025-01-05 07:59:08.000,43631586.0,25627.0,55164933.0,229.0,original,229.0,original,231.0,original,0.0,gap_too_large,0.0,gap_too_large,0.0,gap_too_large,50.04,original,1.0,original,43631586.0,original,25627.0,original,55164933.0,original,31807600.0,original,-101.0,original
3257402.0,37.0,2025-01-05 10:00:00,WITEL_AHU_L8,31807600.0,227.0,226.0,228.0,0.0,0.0,0.0,49.98,1.0,2025-01-05 10:09:16.000,2025-01-05 10:09:16.000,2025-01-05 10:09:16.000,43631586.0,25627.0,55164933.0,227.0,original,226.0,original,228.0,original,0.0,gap_too_large,0.0,gap_too_large,0.0,gap_too_large,49.98,original,1.0,original,43631586.0,original,25627.0,original,55164933.0,original,31807600.0,original,-121.0,original
3260198.0,37.0,2025-01-05 12:00:00,WITEL_AHU_L8,31807600.0,227.0,227.0,229.0,0.0,0.0,0.0,50.04,1.0,2025-01-05 11:59:19.000,2025-01-05 11:59:19.000,2025-01-05 11:59:19.000,43631586.0,25627.0,55164933.0,227.0,original,227.0,original,229.0,original,0.0,gap_too_large,0.0,gap_too_large,0.0,gap_too_large,50.04,original,1.0,original,43631586.0,original,25627.0,original,55164933.0,original,31807600.0,original,-109.0,original
3263162.0,37.0,2025-01-05 14:00:00,WITEL_AHU_L8,31807600.0,226.0,225.0,227.0,0.0,0.0,0.0,50.01,1.0,2025-01-05 13:59:14.000,2025-01-05 13:59:14.000,2025-01-05 13:59:14.000,43631586.0,25627.0,55164933.0,226.0,original,225.0,original,227.0,original,0.0,gap_too_large,0.0,gap_too_large,0.0,gap_too_large,50.01,original,1.0,original,43631586.0,original,25627.0,original,55164933.0,original,31807600.0,original,-101.0,original
3266258.0,37.0,2025-01-05 16:00:00,WITEL_AHU_L8,31807600.0,227.0,227.0,229.0,0.0,0.0,0.0,50.06,1.0,2025-01-05 15:59:23.000,2025-01-05 15:59:23.000,2025-01-05 15:59:23.000,43631586.0,25627.0,55164933.0,227.0,original,227.0,original,229.0,original,0.0,gap_too_large,0.0,gap_too_large,0.0,gap_too_large,50.06,original,1.0,original,43631586.0,original,25627.0,original,55164933.0,original,31807600.0,original,-119.0,original
3269810.0,37.0,2025-01-05 18:00:00,WITEL_AHU_L8,31807600.0,228.0,228.0,230.0,0.0,0.0,0.0,49.98,1.0,2025-01-05 17:59:22.000,2025-01-05 17:59:22.000,2025-01-05 17:59:22.000,43631586.0,25627.0,55164933.0,228.0,original,228.0,original,230.0,original,0.0,gap_too_large,0.0,gap_too_large,0.0,gap_too_large,49.98,original,1.0,original,43631586.0,original,25627.0,original,55164933.0,original,31807600.0,original,-117.0,original
3273302.0,37.0,2025-01-05 20:00:00,WITEL_AHU_L8,31807600.0,229.0,229.0,231.0,0.0,0.0,0.0,50.02,1.0,2025-01-05 19:59:20.000,2025-01-05 19:59:20.000,2025-01-05 19:59:20.000,43631586.0,25627.0,55164933.0,229.0,original,229.0,original,231.0,original,0.0,gap_too_large,0.0,gap_too_large,0.0,gap_too_large,50.02,original,1.0,original,43631586.0,original,25627.0,original,55164933.0,original,31807600.0,original,-116.0,original
3276602.0,37.0,2025-01-05 22:00:00,WITEL_AHU_L8,31807600.0,228.0,227.0,229.0,0.0,0.0,0.0,50.0,1.0,2025-01-05 21:59:08.000,2025-01-05 21:59:08.000,2025-01-05 21:59:08.000,43631586.0,25627.0,55164933.0,228.0,original,227.0,original,229.0,original,0.0,gap_too_large,0.0,gap_too_large,0.0,gap_too_large,50.0,original,1.0,original,43631586.0,original,25627.0,original,55164933.0,original,31807600.0,original,-117.0,original
3280262.0,37.0,2025-01-06 00:00:00,WITEL_AHU_L8,31807600.0,229.0,229.0,231.0,0.0,0.0,0.0,50.0,1.0,2025-01-06 00:09:10.000,2025-01-06 00:09:10.000,2025-01-06 00:09:10.000,43631586.0,25627.0,55164933.0,229.0,original,229.0,original,231.0,original,0.0,gap_too_large,0.0,gap_too_large,0.0,gap_too_large,50.0,original,1.0,original,43631586.0,original,25627.0,original,55164933.0,original,31807600.0,original,-102.0,original
3280262.0,,2025-01-06 02:00:00,WITEL_AHU_L8,0.0,0.0,0.0,0.0,0.0,0.0,0.0,0.0,0.0,,,,0.0,0.0,0.0,0.0,gap_too_large,0.0,gap_too_large,0.0,gap_too_large,0.0,gap_too_large,0.0,gap_too_large,0.0,gap_too_large,0.0,gap_too_large,0.0,gap_too_large,0.0,gap_too_large,0.0,gap_too_large,0.0,gap_too_large,0.0,gap_too_large,0.0,gap_too_large
3280262.0,,2025-01-06 04:00:00,WITEL_AHU_L8,0.0,0.0,0.0,0.0,0.0,0.0,0.0,0.0,0.0,,,,0.0,0.0,0.0,0.0,gap_too_large,0.0,gap_too_large,0.0,gap_too_large,0.0,gap_too_large,0.0,gap_too_large,0.0,gap_too_large,0.0,gap_too_large,0.0,gap_too_large,0.0,gap_too_large,0.0,gap_too_large,0.0,gap_too_large,0.0,gap_too_large,0.0,gap_too_large
3280262.0,,2025-01-06 06:00:00,WITEL_AHU_L8,0.0,0.0,0.0,0.0,0.0,0.0,0.0,0.0,0.0,,,,0.0,0.0,0.0,0.0,gap_too_large,0.0,gap_too_large,0.0,gap_too_large,0.0,gap_too_large,0.0,gap_too_large,0.0,gap_too_large,0.0,gap_too_large,0.0,gap_too_large,0.0,gap_too_large,0.0,gap_too_large,0.0,gap_too_large,0.0,gap_too_large,0.0,gap_too_large
3280262.0,,2025-01-06 08:00:00,WITEL_AHU_L8,0.0,0.0,0.0,0.0,0.0,0.0,0.0,0.0,0.0,,,,0.0,0.0,0.0,0.0,gap_too_large,0.0,gap_too_large,0.0,gap_too_large,0.0,gap_too_large,0.0,gap_too_large,0.0,gap_too_large,0.0,gap_too_large,0.0,gap_too_large,0.0,gap_too_large,0.0,gap_too_large,0.0,gap_too_large,0.0,gap_too_large,0.0,gap_too_large
3280262.0,,2025-01-06 10:00:00,WITEL_AHU_L8,0.0,0.0,0.0,0.0,0.0,0.0,0.0,0.0,0.0,,,,0.0,0.0,0.0,0.0,gap_too_large,0.0,gap_too_large,0.0,gap_too_large,0.0,gap_too_large,0.0,gap_too_large,0.0,gap_too_large,0.0,gap_too_large,0.0,gap_too_large,0.0,gap_too_large,0.0,gap_too_large,0.0,gap_too_large,0.0,gap_too_large,0.0,gap_too_large
3280262.0,,2025-01-06 12:00:00,WITEL_AHU_L8,0.0,0.0,0.0,0.0,0.0,0.0,0.0,0.0,0.0,,,,0.0,0.0,0.0,0.0,gap_too_large,0.0,gap_too_large,0.0,gap_too_large,0.0,gap_too_large,0.0,gap_too_large,0.0,gap_too_large,0.0,gap_too_large,0.0,gap_too_large,0.0,gap_too_large,0.0,gap_too_large,0.0,gap_too_large,0.0,gap_too_large,0.0,gap_too_large
3280262.0,,2025-01-06 14:00:00,WITEL_AHU_L8,0.0,0.0,0.0,0.0,0.0,0.0,0.0,0.0,0.0,,,,0.0,0.0,0.0,0.0,gap_too_large,0.0,gap_too_large,0.0,gap_too_large,0.0,gap_too_large,0.0,gap_too_large,0.0,gap_too_large,0.0,gap_too_large,0.0,gap_too_large,0.0,gap_too_large,0.0,gap_too_large,0.0,gap_too_large,0.0,gap_too_large,0.0,gap_too_large
3280262.0,,2025-01-06 16:00:00,WITEL_AHU_L8,0.0,0.0,0.0,0.0,0.0,0.0,0.0,0.0,0.0,,,,0.0,0.0,0.0,0.0,gap_too_large,0.0,gap_too_large,0.0,gap_too_large,0.0,gap_too_large,0.0,gap_too_large,0.0,gap_too_large,0.0,gap_too_large,0.0,gap_too_large,0.0,gap_too_large,0.0,gap_too_large,0.0,gap_too_large,0.0,gap_too_large,0.0,gap_too_large
3280262.0,,2025-01-06 18:00:00,WITEL_AHU_L8,0.0,0.0,0.0,0.0,0.0,0.0,0.0,0.0,0.0,,,,0.0,0.0,0.0,0.0,gap_too_large,0.0,gap_too_large,0.0,gap_too_large,0.0,gap_too_large,0.0,gap_too_large,0.0,gap_too_large,0.0,gap_too_large,0.0,gap_too_large,0.0,gap_too_large,0.0,gap_too_large,0.0,gap_too_large,0.0,gap_too_large,0.0,gap_too_large
3280262.0,,2025-01-06 20:00:00,WITEL_AHU_L8,0.0,0.0,0.0,0.0,0.0,0.0,0.0,0.0,0.0,,,,0.0,0.0,0.0,0.0,gap_too_large,0.0,gap_too_large,0.0,gap_too_large,0.0,gap_too_large,0.0,gap_too_large,0.0,gap_too_large,0.0,gap_too_large,0.0,gap_too_large,0.0,gap_too_large,0.0,gap_too_large,0.0,gap_too_large,0.0,gap_too_large,0.0,gap_too_large
3280262.0,,2025-01-06 22:00:00,WITEL_AHU_L8,0.0,0.0,0.0,0.0,0.0,0.0,0.0,0.0,0.0,,,,0.0,0.0,0.0,0.0,gap_too_large,0.0,gap_too_large,0.0,gap_too_large,0.0,gap_too_large,0.0,gap_too_large,0.0,gap_too_large,0.0,gap_too_large,0.0,gap_too_large,0.0,gap_too_large,0.0,gap_too_large,0.0,gap_too_large,0.0,gap_too_large,0.0,gap_too_large
3317798.0,37.0,2025-01-07 00:00:00,WITEL_AHU_L8,32163600.0,228.0,228.0,230.0,0.0,0.0,0.0,50.02,1.0,2025-01-07 00:45:53.000,2025-01-07 00:45:53.000,2025-01-07 00:45:53.000,44137708.0,25627.0,55785661.0,228.0,original,228.0,original,230.0,original,0.0,gap_too_large,0.0,gap_too_large,0.0,gap_too_large,50.02,original,1.0,original,44137708.0,original,25627.0,original,55785661.0,original,32163600.0,original,-117.0,original
3319850.0,37.0,2025-01-07 02:00:00,WITEL_AHU_L8,32163600.0,228.0,228.0,230.0,0.0,0.0,0.0,49.97,1.0,2025-01-07 01:59:17.000,2025-01-07 01:59:17.000,2025-01-07 01:59:17.000,44137708.0,25627.0,55785661.0,228.0,original,228.0,original,230.0,original,0.0,gap_too_large,0.0,gap_too_large,0.0,gap_too_large,49.97,original,1.0,original,44137708.0,original,25627.0,original,55785661.0,original,32163600.0,original,-100.0,original
3323474.0,37.0,2025-01-07 04:00:00,WITEL_AHU_L8,32163600.0,230.0,229.0,231.0,0.0,0.0,0.0,49.99,1.0,2025-01-07 04:19:14.000,2025-01-07 04:19:14.000,2025-01-07 04:19:14.000,44137708.0,25627.0,55785661.0,230.0,original,229.0,original,231.0,original,0.0,gap_too_large,0.0,gap_too_large,0.0,gap_too_large,49.99,original,1.0,original,44137708.0,original,25627.0,original,55785661.0,original,32163600.0,original,-119.0,original
3326114.0,37.0,2025-01-07 06:00:00,WITEL_AHU_L8,32163600.0,227.0,227.0,229.0,0.0,0.0,0.0,49.97,1.0,2025-01-07 05:59:12.000,2025-01-07 05:59:12.000,2025-01-07 05:59:12.000,44137708.0,25627.0,55785661.0,227.0,original,227.0,original,229.0,original,0.0,gap_too_large,0.0,gap_too_large,0.0,gap_too_large,49.97,original,1.0,original,44137708.0,original,25627.0,original,55785661.0,original,32163600.0,original,-103.0,original
3329354.0,37.0,2025-01-07 08:00:00,WITEL_AHU_L8,32163600.0,225.0,224.0,226.0,0.0,0.0,0.0,49.99,1.0,2025-01-07 07:59:10.000,2025-01-07 07:59:10.000,2025-01-07 07:59:10.000,44137708.0,25627.0,55785661.0,225.0,original,224.0,original,226.0,original,0.0,gap_too_large,0.0,gap_too_large,0.0,gap_too_large,49.99,original,1.0,original,44137708.0,original,25627.0,original,55785661.0,original,32163600.0,original,-102.0,original
3332534.0,37.0,2025-01-07 10:00:00,WITEL_AHU_L8,32163600.0,222.0,221.0,224.0,0.0,0.0,0.0,49.97,1.0,2025-01-07 09:59:09.000,2025-01-07 09:59:09.000,2025-01-07 09:59:09.000,44137708.0,25627.0,55785661.0,222.0,original,221.0,original,224.0,original,0.0,gap_too_large,0.0,gap_too_large,0.0,gap_too_large,49.97,original,1.0,original,44137708.0,original,25627.0,original,55785661.0,original,32163600.0,original,-117.0,original
3335678.0,37.0,2025-01-07 12:00:00,WITEL_AHU_L8,32163600.0,227.0,225.0,228.0,0.0,0.0,0.0,50.06,1.0,2025-01-07 11:59:10.000,2025-01-07 11:59:10.000,2025-01-07 11:59:10.000,44137708.0,25627.0,55785661.0,227.0,original,225.0,original,228.0,original,0.0,gap_too_large,0.0,gap_too_large,0.0,gap_too_large,50.06,original,1.0,original,44137708.0,original,25627.0,original,55785661.0,original,32163600.0,original,-114.0,original
3338918.0,37.0,2025-01-07 14:00:00,WITEL_AHU_L8,32163600.0,226.0,225.0,227.0,11.0,10.0,12.0,50.02,1.0,2025-01-07 13:59:23.000,2025-01-07 13:59:23.000,2025-01-07 13:59:23.000,44137708.0,25627.0,55785661.0,226.0,original,225.0,original,227.0,original,11.0,original,10.0,original,12.0,original,50.02,original,1.0,original,44137708.0,original,25627.0,original,55785661.0,original,32163600.0,original,-120.0,original
3342098.0,37.0,2025-01-07 16:00:00,WITEL_AHU_L8,32230800.0,227.0,225.0,228.0,11.0,11.0,12.0,50.02,0.5569999999999999,2025-01-07 15:59:18.000,2025-01-07 15:59:18.000,2025-01-07 15:59:18.000,44237747.0,25627.0,55906651.0,227.0,original,225.0,original,228.0,original,11.0,original,11.0,original,12.0,original,50.02,original,0.5569999999999999,original,44237747.0,original,25627.0,original,55906651.0,original,32230800.0,original,-118.0,original
3345362.0,37.0,2025-01-07 18:00:00,WITEL_AHU_L8,32257700.0,229.0,228.0,230.0,0.0,0.0,0.0,50.04,1.0,2025-01-07 17:59:05.000,2025-01-07 17:59:05.000,2025-01-07 17:59:05.000,44277514.0,25627.0,55954795.0,229.0,original,228.0,original,230.0,original,0.0,gap_too_large,0.0,gap_too_large,0.0,gap_too_large,50.04,original,1.0,original,44277514.0,original,25627.0,original,55954795.0,original,32257700.0,original,-101.0,original
3348794.0,37.0,2025-01-07 20:00:00,WITEL_AHU_L8,32257700.0,229.0,229.0,231.0,0.0,0.0,0.0,50.0,1.0,2025-01-07 19:59:23.000,2025-01-07 19:59:23.000,2025-01-07 19:59:23.000,44277514.0,25627.0,55954795.0,229.0,original,229.0,original,231.0,original,0.0,gap_too_large,0.0,gap_too_large,0.0,gap_too_large,50.0,original,1.0,original,44277514.0,original,25627.0,original,55954795.0,original,32257700.0,original,-109.0,original
3352118.0,37.0,2025-01-07 22:00:00,WITEL_AHU_L8,32257700.0,229.0,229.0,231.0,0.0,0.0,0.0,50.01,1.0,2025-01-07 21:59:20.000,2025-01-07 21:59:20.000,2025-01-07 21:59:20.000,44277514.0,25627.0,55954795.0,229.0,original,229.0,original,231.0,original,0.0,gap_too_large,0.0,gap_too_large,0.0,gap_too_large,50.01,original,1.0,original,44277514.0,original,25627.0,original,55954795.0,original,32257700.0,original,-118.0,original
3355370.0,37.0,2025-01-08 00:00:00,WITEL_AHU_L8,32257700.0,228.0,228.0,230.0,0.0,0.0,0.0,49.99,1.0,2025-01-07 23:59:09.000,2025-01-07 23:59:09.000,2025-01-07 23:59:09.000,44277514.0,25627.0,55954795.0,228.0,original,228.0,original,230.0,original,0.0,gap_too_large,0.0,gap_too_large,0.0,gap_too_large,49.99,original,1.0,original,44277514.0,original,25627.0,original,55954795.0,original,32257700.0,original,-113.0,original
3359174.0,37.0,2025-01-08 02:00:00,WITEL_AHU_L8,32257700.0,229.0,228.0,231.0,0.0,0.0,0.0,50.0,1.0,2025-01-08 01:59:17.000,2025-01-08 01:59:17.000,2025-01-08 01:59:17.000,44277514.0,25627.0,55954795.0,229.0,original,228.0,original,231.0,original,0.0,gap_too_large,0.0,gap_too_large,0.0,gap_too_large,50.0,original,1.0,original,44277514.0,original,25627.0,original,55954795.0,original,32257700.0,original,-101.0,original
3362726.0,37.0,2025-01-08 04:00:00,WITEL_AHU_L8,32257700.0,230.0,230.0,232.0,0.0,0.0,0.0,49.96,1.0,2025-01-08 03:59:14.000,2025-01-08 03:59:14.000,2025-01-08 03:59:14.000,44277514.0,25627.0,55954795.0,230.0,original,230.0,original,232.0,original,0.0,gap_too_large,0.0,gap_too_large,0.0,gap_too_large,49.96,original,1.0,original,44277514.0,original,25627.0,original,55954795.0,original,32257700.0,original,-101.0,original
3366362.0,37.0,2025-01-08 06:00:00,WITEL_AHU_L8,32257700.0,228.0,227.0,229.0,11.0,10.0,11.0,50.05,1.0,2025-01-08 05:59:15.000,2025-01-08 05:59:15.000,2025-01-08 05:59:15.000,44277514.0,25627.0,55954795.0,228.0,original,227.0,original,229.0,original,11.0,original,10.0,original,11.0,original,50.05,original,1.0,original,44277514.0,original,25627.0,original,55954795.0,original,32257700.0,original,-118.0,original
3369974.0,37.0,2025-01-08 08:00:00,WITEL_AHU_L8,32312900.0,223.0,222.0,225.0,11.0,10.0,11.0,50.04,0.5651999999999999,2025-01-08 07:59:11.000,2025-01-08 07:59:11.000,2025-01-08 07:59:11.000,44357056.0,25627.0,56052014.0,223.0,original,222.0,original,225.0,original,11.0,original,10.0,original,11.0,original,50.04,original,0.5651999999999999,original,44357056.0,original,25627.0,original,56052014.0,original,32312900.0,original,-115.0,original
3369974.0,,2025-01-08 10:00:00,WITEL_AHU_L8,0.0,0.0,0.0,0.0,0.0,0.0,0.0,0.0,0.0,,,,0.0,0.0,0.0,0.0,gap_too_large,0.0,gap_too_large,0.0,gap_too_large,0.0,gap_too_large,0.0,gap_too_large,0.0,gap_too_large,0.0,gap_too_large,0.0,gap_too_large,0.0,gap_too_large,0.0,gap_too_large,0.0,gap_too_large,0.0,gap_too_large,0.0,gap_too_large
3369974.0,,2025-01-08 12:00:00,WITEL_AHU_L8,0.0,0.0,0.0,0.0,0.0,0.0,0.0,0.0,0.0,,,,0.0,0.0,0.0,0.0,gap_too_large,0.0,gap_too_large,0.0,gap_too_large,0.0,gap_too_large,0.0,gap_too_large,0.0,gap_too_large,0.0,gap_too_large,0.0,gap_too_large,0.0,gap_too_large,0.0,gap_too_large,0.0,gap_too_large,0.0,gap_too_large,0.0,gap_too_large
3369974.0,,2025-01-08 14:00:00,WITEL_AHU_L8,0.0,0.0,0.0,0.0,0.0,0.0,0.0,0.0,0.0,,,,0.0,0.0,0.0,0.0,gap_too_large,0.0,gap_too_large,0.0,gap_too_large,0.0,gap_too_large,0.0,gap_too_large,0.0,gap_too_large,0.0,gap_too_large,0.0,gap_too_large,0.0,gap_too_large,0.0,gap_too_large,0.0,gap_too_large,0.0,gap_too_large,0.0,gap_too_large
3385904.0,37.0,2025-01-08 16:00:00,WITEL_AHU_L8,32687100.0,228.0,227.0,229.0,11.0,11.0,12.0,50.02,0.5409999999999999,2025-01-08 16:59:06.000,2025-01-08 16:59:06.000,2025-01-08 16:59:06.000,44898628.0,25627.0,56712376.0,228.0,original,227.0,original,229.0,original,11.0,original,11.0,original,12.0,original,50.02,original,0.5409999999999999,original,44898628.0,original,25627.0,original,56712376.0,original,32687100.0,original,-118.0,original
3387711.0,37.0,2025-01-08 18:00:00,WITEL_AHU_L8,32697200.0,229.0,228.0,230.0,0.0,0.0,0.0,50.06,1.0,2025-01-08 17:59:04.000,2025-01-08 17:59:04.000,2025-01-08 17:59:04.000,44914485.0,25627.0,56731228.0,229.0,original,228.0,original,230.0,original,0.0,gap_too_large,0.0,gap_too_large,0.0,gap_too_large,50.06,original,1.0,original,44914485.0,original,25627.0,original,56731228.0,original,32697200.0,original,-118.0,original
3391364.0,37.0,2025-01-08 20:00:00,WITEL_AHU_L8,32697200.0,229.0,229.0,230.0,0.0,0.0,0.0,49.99,1.0,2025-01-08 19:59:22.000,2025-01-08 19:59:22.000,2025-01-08 19:59:22.000,44914485.0,25627.0,56731228.0,229.0,original,229.0,original,230.0,original,0.0,gap_too_large,0.0,gap_too_large,0.0,gap_too_large,49.99,original,1.0,original,44914485.0,original,25627.0,original,56731228.0,original,32697200.0,original,-118.0,original
3394861.0,37.0,2025-01-08 22:00:00,WITEL_AHU_L8,32697200.0,229.0,229.0,230.0,0.0,0.0,0.0,50.02,1.0,2025-01-08 21:59:12.000,2025-01-08 21:59:12.000,2025-01-08 21:59:12.000,44914485.0,25627.0,56731228.0,229.0,original,229.0,original,230.0,original,0.0,gap_too_large,0.0,gap_too_large,0.0,gap_too_large,50.02,original,1.0,original,44914485.0,original,25627.0,original,56731228.0,original,32697200.0,original,-107.0,original
3398358.0,37.0,2025-01-09 00:00:00,WITEL_AHU_L8,32697200.0,229.0,229.0,231.0,0.0,0.0,0.0,50.04,1.0,2025-01-08 23:59:04.000,2025-01-08 23:59:04.000,2025-01-08 23:59:04.000,44914485.0,25627.0,56731228.0,229.0,original,229.0,original,231.0,original,0.0,gap_too_large,0.0,gap_too_large,0.0,gap_too_large,50.04,original,1.0,original,44914485.0,original,25627.0,original,56731228.0,original,32697200.0,original,-103.0,original
3402986.0,37.0,2025-01-09 02:00:00,WITEL_AHU_L8,32697200.0,230.0,229.0,232.0,0.0,0.0,0.0,50.04,1.0,2025-01-09 02:19:17.000,2025-01-09 02:19:17.000,2025-01-09 02:19:17.000,44914485.0,25627.0,56731228.0,230.0,original,229.0,original,232.0,original,0.0,gap_too_large,0.0,gap_too_large,0.0,gap_too_large,50.04,original,1.0,original,44914485.0,original,25627.0,original,56731228.0,original,32697200.0,original,-100.0,original
3406054.0,37.0,2025-01-09 04:00:00,WITEL_AHU_L8,32697200.0,227.0,227.0,229.0,0.0,0.0,0.0,49.96,1.0,2025-01-09 03:59:18.000,2025-01-09 03:59:18.000,2025-01-09 03:59:18.000,44914485.0,25627.0,56731228.0,227.0,original,227.0,original,229.0,original,0.0,gap_too_large,0.0,gap_too_large,0.0,gap_too_large,49.96,original,1.0,original,44914485.0,original,25627.0,original,56731228.0,original,32697200.0,original,-111.0,original
3409811.0,37.0,2025-01-09 06:00:00,WITEL_AHU_L8,32697200.0,227.0,227.0,229.0,0.0,0.0,0.0,50.02,1.0,2025-01-09 05:59:20.000,2025-01-09 05:59:20.000,2025-01-09 05:59:20.000,44914485.0,25627.0,56731228.0,227.0,original,227.0,original,229.0,original,0.0,gap_too_large,0.0,gap_too_large,0.0,gap_too_large,50.02,original,1.0,original,44914485.0,original,25627.0,original,56731228.0,original,32697200.0,original,-119.0,original
3413438.0,37.0,2025-01-09 08:00:00,WITEL_AHU_L8,32697200.0,222.0,221.0,224.0,0.0,0.0,0.0,50.0,1.0,2025-01-09 07:59:19.000,2025-01-09 07:59:19.000,2025-01-09 07:59:19.000,44914485.0,25627.0,56731228.0,222.0,original,221.0,original,224.0,original,0.0,gap_too_large,0.0,gap_too_large,0.0,gap_too_large,50.0,original,1.0,original,44914485.0,original,25627.0,original,56731228.0,original,32697200.0,original,-118.0,original
3417299.0,37.0,2025-01-09 10:00:00,WITEL_AHU_L8,32697200.0,222.0,221.0,224.0,0.0,0.0,0.0,49.99,1.0,2025-01-09 09:59:08.000,2025-01-09 09:59:08.000,2025-01-09 09:59:08.000,44914485.0,25627.0,56731228.0,222.0,original,221.0,original,224.0,original,0.0,gap_too_large,0.0,gap_too_large,0.0,gap_too_large,49.99,original,1.0,original,44914485.0,original,25627.0,original,56731228.0,original,32697200.0,original,-117.0,original
3421238.0,37.0,2025-01-09 12:00:00,WITEL_AHU_L8,32697200.0,227.0,226.0,228.0,0.0,0.0,0.0,50.04,1.0,2025-01-09 11:59:05.000,2025-01-09 11:59:05.000,2025-01-09 11:59:05.000,44914485.0,25627.0,56731228.0,227.0,original,226.0,original,228.0,original,0.0,gap_too_large,0.0,gap_too_large,0.0,gap_too_large,50.04,original,1.0,original,44914485.0,original,25627.0,original,56731228.0,original,32697200.0,original,-103.0,original
3425307.0,37.0,2025-01-09 14:00:00,WITEL_AHU_L8,32697200.0,227.0,226.0,228.0,0.0,0.0,0.0,49.99,1.0,2025-01-09 13:59:08.000,2025-01-09 13:59:08.000,2025-01-09 13:59:08.000,44914485.0,25627.0,56731228.0,227.0,original,226.0,original,228.0,original,0.0,gap_too_large,0.0,gap_too_large,0.0,gap_too_large,49.99,original,1.0,original,44914485.0,original,25627.0,original,56731228.0,original,32697200.0,original,-102.0,original
3429818.0,37.0,2025-01-09 16:00:00,WITEL_AHU_L8,32697200.0,229.0,227.0,229.0,0.0,0.0,0.0,50.01,1.0,2025-01-09 16:09:10.000,2025-01-09 16:09:10.000,2025-01-09 16:09:10.000,44914485.0,25627.0,56731228.0,229.0,original,227.0,original,229.0,original,0.0,gap_too_large,0.0,gap_too_large,0.0,gap_too_large,50.01,original,1.0,original,44914485.0,original,25627.0,original,56731228.0,original,32697200.0,original,-120.0,original
3429818.0,,2025-01-09 18:00:00,WITEL_AHU_L8,0.0,0.0,0.0,0.0,0.0,0.0,0.0,0.0,0.0,,,,0.0,0.0,0.0,0.0,gap_too_large,0.0,gap_too_large,0.0,gap_too_large,0.0,gap_too_large,0.0,gap_too_large,0.0,gap_too_large,0.0,gap_too_large,0.0,gap_too_large,0.0,gap_too_large,0.0,gap_too_large,0.0,gap_too_large,0.0,gap_too_large,0.0,gap_too_large
3429818.0,,2025-01-09 20:00:00,WITEL_AHU_L8,0.0,0.0,0.0,0.0,0.0,0.0,0.0,0.0,0.0,,,,0.0,0.0,0.0,0.0,gap_too_large,0.0,gap_too_large,0.0,gap_too_large,0.0,gap_too_large,0.0,gap_too_large,0.0,gap_too_large,0.0,gap_too_large,0.0,gap_too_large,0.0,gap_too_large,0.0,gap_too_large,0.0,gap_too_large,0.0,gap_too_large,0.0,gap_too_large
3429818.0,,2025-01-09 22:00:00,WITEL_AHU_L8,0.0,0.0,0.0,0.0,0.0,0.0,0.0,0.0,0.0,,,,0.0,0.0,0.0,0.0,gap_too_large,0.0,gap_too_large,0.0,gap_too_large,0.0,gap_too_large,0.0,gap_too_large,0.0,gap_too_large,0.0,gap_too_large,0.0,gap_too_large,0.0,gap_too_large,0.0,gap_too_large,0.0,gap_too_large,0.0,gap_too_large,0.0,gap_too_large
3446991.0,37.0,2025-01-10 00:00:00,WITEL_AHU_L8,32697200.0,228.0,228.0,230.0,0.0,0.0,0.0,50.05,1.0,2025-01-10 00:46:13.000,2025-01-10 00:46:13.000,2025-01-10 00:46:13.000,44914485.0,25627.0,56731228.0,228.0,original,228.0,original,230.0,original,0.0,gap_too_large,0.0,gap_too_large,0.0,gap_too_large,50.05,original,1.0,original,44914485.0,original,25627.0,original,56731228.0,original,32697200.0,original,-108.0,original
3449292.0,37.0,2025-01-10 02:00:00,WITEL_AHU_L8,32697200.0,229.0,229.0,231.0,0.0,0.0,0.0,50.03,1.0,2025-01-10 01:59:13.000,2025-01-10 01:59:13.000,2025-01-10 01:59:13.000,44914485.0,25627.0,56731228.0,229.0,original,229.0,original,231.0,original,0.0,gap_too_large,0.0,gap_too_large,0.0,gap_too_large,50.03,original,1.0,original,44914485.0,original,25627.0,original,56731228.0,original,32697200.0,original,-117.0,original
3452906.0,37.0,2025-01-10 04:00:00,WITEL_AHU_L8,32697200.0,230.0,229.0,232.0,0.0,0.0,0.0,49.99,1.0,2025-01-10 03:59:16.000,2025-01-10 03:59:16.000,2025-01-10 03:59:16.000,44914485.0,25627.0,56731228.0,230.0,original,229.0,original,232.0,original,0.0,gap_too_large,0.0,gap_too_large,0.0,gap_too_large,49.99,original,1.0,original,44914485.0,original,25627.0,original,56731228.0,original,32697200.0,original,-100.0,original
3456676.0,37.0,2025-01-10 06:00:00,WITEL_AHU_L8,32697200.0,228.0,227.0,229.0,11.0,11.0,12.0,50.06,1.0,2025-01-10 05:59:24.000,2025-01-10 05:59:24.000,2025-01-10 05:59:24.000,44914485.0,25627.0,56731228.0,228.0,original,227.0,original,229.0,original,11.0,original,11.0,original,12.0,original,50.06,original,1.0,original,44914485.0,original,25627.0,original,56731228.0,original,32697200.0,original,-117.0,original
3460030.0,37.0,2025-01-10 08:00:00,WITEL_AHU_L8,32776000.0,224.0,223.0,226.0,11.0,10.0,12.0,50.03,0.5729,2025-01-10 07:59:07.000,2025-01-10 07:59:07.000,2025-01-10 07:59:07.000,45028827.0,25627.0,56870626.0,224.0,original,223.0,original,226.0,original,11.0,original,10.0,original,12.0,original,50.03,original,0.5729,original,45028827.0,original,25627.0,original,56870626.0,original,32776000.0,original,-118.0,original
3463787.0,37.0,2025-01-10 10:00:00,WITEL_AHU_L8,32859200.0,223.0,221.0,224.0,11.0,10.0,11.0,49.97,0.5741999999999999,2025-01-10 09:59:10.000,2025-01-10 09:59:10.000,2025-01-10 09:59:10.000,45146841.0,25627.0,57015560.0,223.0,original,221.0,original,224.0,original,11.0,original,10.0,original,11.0,original,49.97,original,0.5741999999999999,original,45146841.0,original,25627.0,original,57015560.0,original,32859200.0,original,-118.0,original
3467232.0,37.0,2025-01-10 12:00:00,WITEL_AHU_L8,32942500.0,226.0,225.0,228.0,11.0,11.0,12.0,50.0,0.5577,2025-01-10 11:59:07.000,2025-01-10 11:59:07.000,2025-01-10 11:59:07.000,45264598.0,25627.0,57160233.0,226.0,original,225.0,original,228.0,original,11.0,original,11.0,original,12.0,original,50.0,original,0.5577,original,45264598.0,original,25627.0,original,57160233.0,original,32942500.0,original,-101.0,original
3470755.0,37.0,2025-01-10 14:00:00,WITEL_AHU_L8,33026100.0,221.0,220.0,223.0,11.0,10.0,11.0,50.0,0.5938,2025-01-10 13:59:12.000,2025-01-10 13:59:12.000,2025-01-10 13:59:12.000,45382034.0,25627.0,57304779.0,221.0,original,220.0,original,223.0,original,11.0,original,10.0,original,11.0,original,50.0,original,0.5938,original,45382034.0,original,25627.0,original,57304779.0,original,33026100.0,original,-93.0,original
3474239.0,37.0,2025-01-10 16:00:00,WITEL_AHU_L8,33109300.0,223.0,222.0,225.0,11.0,10.0,11.0,50.04,0.5730999999999999,2025-01-10 15:59:11.000,2025-01-10 15:59:11.000,2025-01-10 15:59:11.000,45498212.0,25627.0,57448146.0,223.0,original,222.0,original,225.0,original,11.0,original,10.0,original,11.0,original,50.04,original,0.5730999999999999,original,45498212.0,original,25627.0,original,57448146.0,original,33109300.0,original,-120.0,original
3477957.0,37.0,2025-01-10 18:00:00,WITEL_AHU_L8,33118500.0,229.0,228.0,230.0,0.0,0.0,0.0,49.97,1.0,2025-01-10 17:59:03.000,2025-01-10 17:59:03.000,2025-01-10 17:59:03.000,45511529.0,25627.0,57464360.0,229.0,original,228.0,original,230.0,original,0.0,gap_too_large,0.0,gap_too_large,0.0,gap_too_large,49.97,original,1.0,original,45511529.0,original,25627.0,original,57464360.0,original,33118500.0,original,-119.0,original
3482143.0,37.0,2025-01-10 20:00:00,WITEL_AHU_L8,33118500.0,231.0,230.0,232.0,0.0,0.0,0.0,50.06,1.0,2025-01-10 20:09:04.000,2025-01-10 20:09:04.000,2025-01-10 20:09:04.000,45511529.0,25627.0,57464360.0,231.0,original,230.0,original,232.0,original,0.0,gap_too_large,0.0,gap_too_large,0.0,gap_too_large,50.06,original,1.0,original,45511529.0,original,25627.0,original,57464360.0,original,33118500.0,original,-118.0,original
3485679.0,37.0,2025-01-10 22:00:00,WITEL_AHU_L8,33118500.0,229.0,228.0,230.0,0.0,0.0,0.0,50.02,1.0,2025-01-10 21:59:10.000,2025-01-10 21:59:10.000,2025-01-10 21:59:10.000,45511529.0,25627.0,57464360.0,229.0,original,228.0,original,230.0,original,0.0,gap_too_large,0.0,gap_too_large,0.0,gap_too_large,50.02,original,1.0,original,45511529.0,original,25627.0,original,57464360.0,original,33118500.0,original,-119.0,original
3489566.0,37.0,2025-01-11 00:00:00,WITEL_AHU_L8,33118500.0,229.0,229.0,231.0,0.0,0.0,0.0,50.05,1.0,2025-01-10 23:59:18.000,2025-01-10 23:59:18.000,2025-01-10 23:59:18.000,45511529.0,25627.0,57464360.0,229.0,original,229.0,original,231.0,original,0.0,gap_too_large,0.0,gap_too_large,0.0,gap_too_large,50.05,original,1.0,original,45511529.0,original,25627.0,original,57464360.0,original,33118500.0,original,-103.0,original
3493180.0,37.0,2025-01-11 02:00:00,WITEL_AHU_L8,33118500.0,230.0,230.0,232.0,0.0,0.0,0.0,50.07,1.0,2025-01-11 01:59:08.000,2025-01-11 01:59:08.000,2025-01-11 01:59:08.000,45511529.0,25627.0,57464360.0,230.0,original,230.0,original,232.0,original,0.0,gap_too_large,0.0,gap_too_large,0.0,gap_too_large,50.07,original,1.0,original,45511529.0,original,25627.0,original,57464360.0,original,33118500.0,original,-100.0,original
3497236.0,37.0,2025-01-11 04:00:00,WITEL_AHU_L8,33118500.0,229.0,228.0,230.0,0.0,0.0,0.0,50.04,1.0,2025-01-11 04:09:24.000,2025-01-11 04:09:24.000,2025-01-11 04:09:24.000,45511529.0,25627.0,57464360.0,229.0,original,228.0,original,230.0,original,0.0,gap_too_large,0.0,gap_too_large,0.0,gap_too_large,50.04,original,1.0,original,45511529.0,original,25627.0,original,57464360.0,original,33118500.0,original,-120.0,original
3500694.0,37.0,2025-01-11 06:00:00,WITEL_AHU_L8,33118500.0,227.0,227.0,229.0,0.0,0.0,0.0,50.06,1.0,2025-01-11 05:59:20.000,2025-01-11 05:59:20.000,2025-01-11 05:59:20.000,45511529.0,25627.0,57464360.0,227.0,original,227.0,original,229.0,original,0.0,gap_too_large,0.0,gap_too_large,0.0,gap_too_large,50.06,original,1.0,original,45511529.0,original,25627.0,original,57464360.0,original,33118500.0,original,-101.0,original
3504412.0,37.0,2025-01-11 08:00:00,WITEL_AHU_L8,33118500.0,227.0,226.0,228.0,0.0,0.0,0.0,49.94,1.0,2025-01-11 07:59:19.000,2025-01-11 07:59:19.000,2025-01-11 07:59:19.000,45511529.0,25627.0,57464360.0,227.0,original,226.0,original,228.0,original,0.0,gap_too_large,0.0,gap_too_large,0.0,gap_too_large,49.94,original,1.0,original,45511529.0,original,25627.0,original,57464360.0,original,33118500.0,original,-102.0,original
3504412.0,,2025-01-11 10:00:00,WITEL_AHU_L8,0.0,0.0,0.0,0.0,0.0,0.0,0.0,0.0,0.0,,,,0.0,0.0,0.0,0.0,gap_too_large,0.0,gap_too_large,0.0,gap_too_large,0.0,gap_too_large,0.0,gap_too_large,0.0,gap_too_large,0.0,gap_too_large,0.0,gap_too_large,0.0,gap_too_large,0.0,gap_too_large,0.0,gap_too_large,0.0,gap_too_large,0.0,gap_too_large
3504412.0,,2025-01-11 12:00:00,WITEL_AHU_L8,0.0,0.0,0.0,0.0,0.0,0.0,0.0,0.0,0.0,,,,0.0,0.0,0.0,0.0,gap_too_large,0.0,gap_too_large,0.0,gap_too_large,0.0,gap_too_large,0.0,gap_too_large,0.0,gap_too_large,0.0,gap_too_large,0.0,gap_too_large,0.0,gap_too_large,0.0,gap_too_large,0.0,gap_too_large,0.0,gap_too_large,0.0,gap_too_large
3504412.0,,2025-01-11 14:00:00,WITEL_AHU_L8,0.0,0.0,0.0,0.0,0.0,0.0,0.0,0.0,0.0,,,,0.0,0.0,0.0,0.0,gap_too_large,0.0,gap_too_large,0.0,gap_too_large,0.0,gap_too_large,0.0,gap_too_large,0.0,gap_too_large,0.0,gap_too_large,0.0,gap_too_large,0.0,gap_too_large,0.0,gap_too_large,0.0,gap_too_large,0.0,gap_too_large,0.0,gap_too_large
3519687.0,37.0,2025-01-11 16:00:00,WITEL_AHU_L8,33118500.0,228.0,227.0,229.0,0.0,0.0,0.0,50.0,1.0,2025-01-11 16:49:19.000,2025-01-11 16:49:19.000,2025-01-11 16:49:19.000,45511529.0,25627.0,57464360.0,228.0,original,227.0,original,229.0,original,0.0,gap_too_large,0.0,gap_too_large,0.0,gap_too_large,50.0,original,1.0,original,45511529.0,original,25627.0,original,57464360.0,original,33118500.0,original,-120.0,original
3522183.0,37.0,2025-01-11 18:00:00,WITEL_AHU_L8,33118500.0,229.0,229.0,231.0,0.0,0.0,0.0,49.97,1.0,2025-01-11 18:09:17.000,2025-01-11 18:09:17.000,2025-01-11 18:09:17.000,45511529.0,25627.0,57464360.0,229.0,original,229.0,original,231.0,original,0.0,gap_too_large,0.0,gap_too_large,0.0,gap_too_large,49.97,original,1.0,original,45511529.0,original,25627.0,original,57464360.0,original,33118500.0,original,-107.0,original
3525654.0,37.0,2025-01-11 20:00:00,WITEL_AHU_L8,33118500.0,231.0,230.0,232.0,0.0,0.0,0.0,50.01,1.0,2025-01-11 19:59:20.000,2025-01-11 19:59:20.000,2025-01-11 19:59:20.000,45511529.0,25627.0,57464360.0,231.0,original,230.0,original,232.0,original,0.0,gap_too_large,0.0,gap_too_large,0.0,gap_too_large,50.01,original,1.0,original,45511529.0,original,25627.0,original,57464360.0,original,33118500.0,original,-112.0,original
3529619.0,37.0,2025-01-11 22:00:00,WITEL_AHU_L8,33118500.0,230.0,230.0,232.0,0.0,0.0,0.0,50.0,1.0,2025-01-11 22:09:16.000,2025-01-11 22:09:16.000,2025-01-11 22:09:16.000,45511529.0,25627.0,57464360.0,230.0,original,230.0,original,232.0,original,0.0,gap_too_large,0.0,gap_too_large,0.0,gap_too_large,50.0,original,1.0,original,45511529.0,original,25627.0,original,57464360.0,original,33118500.0,original,-108.0,original
3533207.0,37.0,2025-01-12 00:00:00,WITEL_AHU_L8,33118500.0,227.0,227.0,228.0,0.0,0.0,0.0,49.97,1.0,2025-01-12 00:09:22.000,2025-01-12 00:09:22.000,2025-01-12 00:09:22.000,45511529.0,25627.0,57464360.0,227.0,original,227.0,original,228.0,original,0.0,gap_too_large,0.0,gap_too_large,0.0,gap_too_large,49.97,original,1.0,original,45511529.0,original,25627.0,original,57464360.0,original,33118500.0,original,-118.0,original
3536470.0,37.0,2025-01-12 02:00:00,WITEL_AHU_L8,33118500.0,227.0,227.0,229.0,0.0,0.0,0.0,49.96,1.0,2025-01-12 01:59:07.000,2025-01-12 01:59:07.000,2025-01-12 01:59:07.000,45511529.0,25627.0,57464360.0,227.0,original,227.0,original,229.0,original,0.0,gap_too_large,0.0,gap_too_large,0.0,gap_too_large,49.96,original,1.0,original,45511529.0,original,25627.0,original,57464360.0,original,33118500.0,original,-119.0,original
3539954.0,37.0,2025-01-12 04:00:00,WITEL_AHU_L8,33118500.0,229.0,229.0,230.0,0.0,0.0,0.0,50.04,1.0,2025-01-12 03:59:19.000,2025-01-12 03:59:19.000,2025-01-12 03:59:19.000,45511529.0,25627.0,57464360.0,229.0,original,229.0,original,230.0,original,0.0,gap_too_large,0.0,gap_too_large,0.0,gap_too_large,50.04,original,1.0,original,45511529.0,original,25627.0,original,57464360.0,original,33118500.0,original,-100.0,original
3543425.0,37.0,2025-01-12 06:00:00,WITEL_AHU_L8,33118500.0,228.0,228.0,230.0,0.0,0.0,0.0,50.06,1.0,2025-01-12 05:59:05.000,2025-01-12 05:59:05.000,2025-01-12 05:59:05.000,45511529.0,25627.0,57464360.0,228.0,original,228.0,original,230.0,original,0.0,gap_too_large,0.0,gap_too_large,0.0,gap_too_large,50.06,original,1.0,original,45511529.0,original,25627.0,original,57464360.0,original,33118500.0,original,-120.0,original
3546831.0,37.0,2025-01-12 08:00:00,WITEL_AHU_L8,33118500.0,226.0,226.0,228.0,0.0,0.0,0.0,50.0,1.0,2025-01-12 07:59:03.000,2025-01-12 07:59:03.000,2025-01-12 07:59:03.000,45511529.0,25627.0,57464360.0,226.0,original,226.0,original,228.0,original,0.0,gap_too_large,0.0,gap_too_large,0.0,gap_too_large,50.0,original,1.0,original,45511529.0,original,25627.0,original,57464360.0,original,33118500.0,original,-115.0,original
3550666.0,37.0,2025-01-12 10:00:00,WITEL_AHU_L8,33118500.0,224.0,223.0,225.0,0.0,0.0,0.0,50.0,1.0,2025-01-12 09:59:16.000,2025-01-12 09:59:16.000,2025-01-12 09:59:16.000,45511529.0,25627.0,57464360.0,224.0,original,223.0,original,225.0,original,0.0,gap_too_large,0.0,gap_too_large,0.0,gap_too_large,50.0,original,1.0,original,45511529.0,original,25627.0,original,57464360.0,original,33118500.0,original,-109.0,original
3554059.0,37.0,2025-01-12 12:00:00,WITEL_AHU_L8,33118500.0,223.0,222.0,224.0,0.0,0.0,0.0,50.04,1.0,2025-01-12 12:09:06.000,2025-01-12 12:09:06.000,2025-01-12 12:09:06.000,45511529.0,25627.0,57464360.0,223.0,original,222.0,original,224.0,original,0.0,gap_too_large,0.0,gap_too_large,0.0,gap_too_large,50.04,original,1.0,original,45511529.0,original,25627.0,original,57464360.0,original,33118500.0,original,-117.0,original
3557907.0,37.0,2025-01-12 14:00:00,WITEL_AHU_L8,33118500.0,222.0,222.0,223.0,0.0,0.0,0.0,49.99,1.0,2025-01-12 14:19:19.000,2025-01-12 14:19:19.000,2025-01-12 14:19:19.000,45511529.0,25627.0,57464360.0,222.0,original,222.0,original,223.0,original,0.0,gap_too_large,0.0,gap_too_large,0.0,gap_too_large,49.99,original,1.0,original,45511529.0,original,25627.0,original,57464360.0,original,33118500.0,original,-116.0,original
3560650.0,37.0,2025-01-12 16:00:00,WITEL_AHU_L8,33118500.0,222.0,222.0,224.0,0.0,0.0,0.0,49.98,1.0,2025-01-12 15:59:15.000,2025-01-12 15:59:15.000,2025-01-12 15:59:15.000,45511529.0,25627.0,57464360.0,222.0,original,222.0,original,224.0,original,0.0,gap_too_large,0.0,gap_too_large,0.0,gap_too_large,49.98,original,1.0,original,45511529.0,original,25627.0,original,57464360.0,original,33118500.0,original,-109.0,original
3564121.0,37.0,2025-01-12 18:00:00,WITEL_AHU_L8,33118500.0,222.0,222.0,224.0,0.0,0.0,0.0,50.03,1.0,2025-01-12 17:59:18.000,2025-01-12 17:59:18.000,2025-01-12 17:59:18.000,45511529.0,25627.0,57464360.0,222.0,original,222.0,original,224.0,original,0.0,gap_too_large,0.0,gap_too_large,0.0,gap_too_large,50.03,original,1.0,original,45511529.0,original,25627.0,original,57464360.0,original,33118500.0,original,-100.0,original
3568255.0,37.0,2025-01-12 20:00:00,WITEL_AHU_L8,33118500.0,223.0,223.0,224.0,0.0,0.0,0.0,50.04,1.0,2025-01-12 20:19:05.000,2025-01-12 20:19:05.000,2025-01-12 20:19:05.000,45511529.0,25627.0,57464360.0,223.0,original,223.0,original,224.0,original,0.0,gap_too_large,0.0,gap_too_large,0.0,gap_too_large,50.04,original,1.0,original,45511529.0,original,25627.0,original,57464360.0,original,33118500.0,original,-120.0,original
3571492.0,37.0,2025-01-12 22:00:00,WITEL_AHU_L8,33118500.0,224.0,224.0,226.0,0.0,0.0,0.0,50.09,1.0,2025-01-12 21:59:21.000,2025-01-12 21:59:21.000,2025-01-12 21:59:21.000,45511529.0,25627.0,57464360.0,224.0,original,224.0,original,226.0,original,0.0,gap_too_large,0.0,gap_too_large,0.0,gap_too_large,50.09,original,1.0,original,45511529.0,original,25627.0,original,57464360.0,original,33118500.0,original,-98.0,original
3575067.0,37.0,2025-01-13 00:00:00,WITEL_AHU_L8,33118500.0,228.0,227.0,230.0,0.0,0.0,0.0,49.99,1.0,2025-01-12 23:59:08.000,2025-01-12 23:59:08.000,2025-01-12 23:59:08.000,45511529.0,25627.0,57464360.0,228.0,original,227.0,original,230.0,original,0.0,gap_too_large,0.0,gap_too_large,0.0,gap_too_large,49.99,original,1.0,original,45511529.0,original,25627.0,original,57464360.0,original,33118500.0,original,-100.0,original
3579110.0,37.0,2025-01-13 02:00:00,WITEL_AHU_L8,33118500.0,229.0,228.0,230.0,0.0,0.0,0.0,50.04,1.0,2025-01-13 01:59:09.000,2025-01-13 01:59:09.000,2025-01-13 01:59:09.000,45511529.0,25627.0,57464360.0,229.0,original,228.0,original,230.0,original,0.0,gap_too_large,0.0,gap_too_large,0.0,gap_too_large,50.04,original,1.0,original,45511529.0,original,25627.0,original,57464360.0,original,33118500.0,original,-112.0,original
3583166.0,37.0,2025-01-13 04:00:00,WITEL_AHU_L8,33118500.0,230.0,229.0,232.0,0.0,0.0,0.0,50.03,1.0,2025-01-13 03:59:18.000,2025-01-13 03:59:18.000,2025-01-13 03:59:18.000,45511529.0,25627.0,57464360.0,230.0,original,229.0,original,232.0,original,0.0,gap_too_large,0.0,gap_too_large,0.0,gap_too_large,50.03,original,1.0,original,45511529.0,original,25627.0,original,57464360.0,original,33118500.0,original,-107.0,original
3587079.0,37.0,2025-01-13 06:00:00,WITEL_AHU_L8,33118500.0,226.0,225.0,228.0,0.0,0.0,0.0,50.04,1.0,2025-01-13 05:59:18.000,2025-01-13 05:59:18.000,2025-01-13 05:59:18.000,45511529.0,25627.0,57464360.0,226.0,original,225.0,original,228.0,original,0.0,gap_too_large,0.0,gap_too_large,0.0,gap_too_large,50.04,original,1.0,original,45511529.0,original,25627.0,original,57464360.0,original,33118500.0,original,-111.0,original
3591148.0,37.0,2025-01-13 08:00:00,WITEL_AHU_L8,33118500.0,225.0,224.0,227.0,0.0,0.0,0.0,50.05,1.0,2025-01-13 07:59:25.000,2025-01-13 07:59:25.000,2025-01-13 07:59:25.000,45511529.0,25627.0,57464360.0,225.0,original,224.0,original,227.0,original,0.0,gap_too_large,0.0,gap_too_large,0.0,gap_too_large,50.05,original,1.0,original,45511529.0,original,25627.0,original,57464360.0,original,33118500.0,original,-117.0,original
3591148.0,,2025-01-13 10:00:00,WITEL_AHU_L8,0.0,0.0,0.0,0.0,0.0,0.0,0.0,0.0,0.0,,,,0.0,0.0,0.0,0.0,gap_too_large,0.0,gap_too_large,0.0,gap_too_large,0.0,gap_too_large,0.0,gap_too_large,0.0,gap_too_large,0.0,gap_too_large,0.0,gap_too_large,0.0,gap_too_large,0.0,gap_too_large,0.0,gap_too_large,0.0,gap_too_large,0.0,gap_too_large
3591148.0,,2025-01-13 12:00:00,WITEL_AHU_L8,0.0,0.0,0.0,0.0,0.0,0.0,0.0,0.0,0.0,,,,0.0,0.0,0.0,0.0,gap_too_large,0.0,gap_too_large,0.0,gap_too_large,0.0,gap_too_large,0.0,gap_too_large,0.0,gap_too_large,0.0,gap_too_large,0.0,gap_too_large,0.0,gap_too_large,0.0,gap_too_large,0.0,gap_too_large,0.0,gap_too_large,0.0,gap_too_large
3591148.0,,2025-01-13 14:00:00,WITEL_AHU_L8,0.0,0.0,0.0,0.0,0.0,0.0,0.0,0.0,0.0,,,,0.0,0.0,0.0,0.0,gap_too_large,0.0,gap_too_large,0.0,gap_too_large,0.0,gap_too_large,0.0,gap_too_large,0.0,gap_too_large,0.0,gap_too_large,0.0,gap_too_large,0.0,gap_too_large,0.0,gap_too_large,0.0,gap_too_large,0.0,gap_too_large,0.0,gap_too_large
3591148.0,,2025-01-13 16:00:00,WITEL_AHU_L8,0.0,0.0,0.0,0.0,0.0,0.0,0.0,0.0,0.0,,,,0.0,0.0,0.0,0.0,gap_too_large,0.0,gap_too_large,0.0,gap_too_large,0.0,gap_too_large,0.0,gap_too_large,0.0,gap_too_large,0.0,gap_too_large,0.0,gap_too_large,0.0,gap_too_large,0.0,gap_too_large,0.0,gap_too_large,0.0,gap_too_large,0.0,gap_too_large
3591148.0,,2025-01-13 18:00:00,WITEL_AHU_L8,0.0,0.0,0.0,0.0,0.0,0.0,0.0,0.0,0.0,,,,0.0,0.0,0.0,0.0,gap_too_large,0.0,gap_too_large,0.0,gap_too_large,0.0,gap_too_large,0.0,gap_too_large,0.0,gap_too_large,0.0,gap_too_large,0.0,gap_too_large,0.0,gap_too_large,0.0,gap_too_large,0.0,gap_too_large,0.0,gap_too_large,0.0,gap_too_large
3591148.0,,2025-01-13 20:00:00,WITEL_AHU_L8,0.0,0.0,0.0,0.0,0.0,0.0,0.0,0.0,0.0,,,,0.0,0.0,0.0,0.0,gap_too_large,0.0,gap_too_large,0.0,gap_too_large,0.0,gap_too_large,0.0,gap_too_large,0.0,gap_too_large,0.0,gap_too_large,0.0,gap_too_large,0.0,gap_too_large,0.0,gap_too_large,0.0,gap_too_large,0.0,gap_too_large,0.0,gap_too_large
3591148.0,,2025-01-13 22:00:00,WITEL_AHU_L8,0.0,0.0,0.0,0.0,0.0,0.0,0.0,0.0,0.0,,,,0.0,0.0,0.0,0.0,gap_too_large,0.0,gap_too_large,0.0,gap_too_large,0.0,gap_too_large,0.0,gap_too_large,0.0,gap_too_large,0.0,gap_too_large,0.0,gap_too_large,0.0,gap_too_large,0.0,gap_too_large,0.0,gap_too_large,0.0,gap_too_large,0.0,gap_too_large
3591148.0,,2025-01-14 00:00:00,WITEL_AHU_L8,0.0,0.0,0.0,0.0,0.0,0.0,0.0,0.0,0.0,,,,0.0,0.0,0.0,0.0,gap_too_large,0.0,gap_too_large,0.0,gap_too_large,0.0,gap_too_large,0.0,gap_too_large,0.0,gap_too_large,0.0,gap_too_large,0.0,gap_too_large,0.0,gap_too_large,0.0,gap_too_large,0.0,gap_too_large,0.0,gap_too_large,0.0,gap_too_large
3591148.0,,2025-01-14 02:00:00,WITEL_AHU_L8,0.0,0.0,0.0,0.0,0.0,0.0,0.0,0.0,0.0,,,,0.0,0.0,0.0,0.0,gap_too_large,0.0,gap_too_large,0.0,gap_too_large,0.0,gap_too_large,0.0,gap_too_large,0.0,gap_too_large,0.0,gap_too_large,0.0,gap_too_large,0.0,gap_too_large,0.0,gap_too_large,0.0,gap_too_large,0.0,gap_too_large,0.0,gap_too_large
3591148.0,,2025-01-14 04:00:00,WITEL_AHU_L8,0.0,0.0,0.0,0.0,0.0,0.0,0.0,0.0,0.0,,,,0.0,0.0,0.0,0.0,gap_too_large,0.0,gap_too_large,0.0,gap_too_large,0.0,gap_too_large,0.0,gap_too_large,0.0,gap_too_large,0.0,gap_too_large,0.0,gap_too_large,0.0,gap_too_large,0.0,gap_too_large,0.0,gap_too_large,0.0,gap_too_large,0.0,gap_too_large
3591148.0,,2025-01-14 06:00:00,WITEL_AHU_L8,0.0,0.0,0.0,0.0,0.0,0.0,0.0,0.0,0.0,,,,0.0,0.0,0.0,0.0,gap_too_large,0.0,gap_too_large,0.0,gap_too_large,0.0,gap_too_large,0.0,gap_too_large,0.0,gap_too_large,0.0,gap_too_large,0.0,gap_too_large,0.0,gap_too_large,0.0,gap_too_large,0.0,gap_too_large,0.0,gap_too_large,0.0,gap_too_large
3591148.0,,2025-01-14 08:00:00,WITEL_AHU_L8,0.0,0.0,0.0,0.0,0.0,0.0,0.0,0.0,0.0,,,,0.0,0.0,0.0,0.0,gap_too_large,0.0,gap_too_large,0.0,gap_too_large,0.0,gap_too_large,0.0,gap_too_large,0.0,gap_too_large,0.0,gap_too_large,0.0,gap_too_large,0.0,gap_too_large,0.0,gap_too_large,0.0,gap_too_large,0.0,gap_too_large,0.0,gap_too_large
3591148.0,,2025-01-14 10:00:00,WITEL_AHU_L8,0.0,0.0,0.0,0.0,0.0,0.0,0.0,0.0,0.0,,,,0.0,0.0,0.0,0.0,gap_too_large,0.0,gap_too_large,0.0,gap_too_large,0.0,gap_too_large,0.0,gap_too_large,0.0,gap_too_large,0.0,gap_too_large,0.0,gap_too_large,0.0,gap_too_large,0.0,gap_too_large,0.0,gap_too_large,0.0,gap_too_large,0.0,gap_too_large
3591148.0,,2025-01-14 12:00:00,WITEL_AHU_L8,0.0,0.0,0.0,0.0,0.0,0.0,0.0,0.0,0.0,,,,0.0,0.0,0.0,0.0,gap_too_large,0.0,gap_too_large,0.0,gap_too_large,0.0,gap_too_large,0.0,gap_too_large,0.0,gap_too_large,0.0,gap_too_large,0.0,gap_too_large,0.0,gap_too_large,0.0,gap_too_large,0.0,gap_too_large,0.0,gap_too_large,0.0,gap_too_large
3591148.0,,2025-01-14 14:00:00,WITEL_AHU_L8,0.0,0.0,0.0,0.0,0.0,0.0,0.0,0.0,0.0,,,,0.0,0.0,0.0,0.0,gap_too_large,0.0,gap_too_large,0.0,gap_too_large,0.0,gap_too_large,0.0,gap_too_large,0.0,gap_too_large,0.0,gap_too_large,0.0,gap_too_large,0.0,gap_too_large,0.0,gap_too_large,0.0,gap_too_large,0.0,gap_too_large,0.0,gap_too_large
3591148.0,,2025-01-14 16:00:00,WITEL_AHU_L8,0.0,0.0,0.0,0.0,0.0,0.0,0.0,0.0,0.0,,,,0.0,0.0,0.0,0.0,gap_too_large,0.0,gap_too_large,0.0,gap_too_large,0.0,gap_too_large,0.0,gap_too_large,0.0,gap_too_large,0.0,gap_too_large,0.0,gap_too_large,0.0,gap_too_large,0.0,gap_too_large,0.0,gap_too_large,0.0,gap_too_large,0.0,gap_too_large
3591148.0,,2025-01-14 18:00:00,WITEL_AHU_L8,0.0,0.0,0.0,0.0,0.0,0.0,0.0,0.0,0.0,,,,0.0,0.0,0.0,0.0,gap_too_large,0.0,gap_too_large,0.0,gap_too_large,0.0,gap_too_large,0.0,gap_too_large,0.0,gap_too_large,0.0,gap_too_large,0.0,gap_too_large,0.0,gap_too_large,0.0,gap_too_large,0.0,gap_too_large,0.0,gap_too_large,0.0,gap_too_large
3591148.0,,2025-01-14 20:00:00,WITEL_AHU_L8,0.0,0.0,0.0,0.0,0.0,0.0,0.0,0.0,0.0,,,,0.0,0.0,0.0,0.0,gap_too_large,0.0,gap_too_large,0.0,gap_too_large,0.0,gap_too_large,0.0,gap_too_large,0.0,gap_too_large,0.0,gap_too_large,0.0,gap_too_large,0.0,gap_too_large,0.0,gap_too_large,0.0,gap_too_large,0.0,gap_too_large,0.0,gap_too_large
3591148.0,,2025-01-14 22:00:00,WITEL_AHU_L8,0.0,0.0,0.0,0.0,0.0,0.0,0.0,0.0,0.0,,,,0.0,0.0,0.0,0.0,gap_too_large,0.0,gap_too_large,0.0,gap_too_large,0.0,gap_too_large,0.0,gap_too_large,0.0,gap_too_large,0.0,gap_too_large,0.0,gap_too_large,0.0,gap_too_large,0.0,gap_too_large,0.0,gap_too_large,0.0,gap_too_large,0.0,gap_too_large
3591148.0,,2025-01-15 00:00:00,WITEL_AHU_L8,0.0,0.0,0.0,0.0,0.0,0.0,0.0,0.0,0.0,,,,0.0,0.0,0.0,0.0,gap_too_large,0.0,gap_too_large,0.0,gap_too_large,0.0,gap_too_large,0.0,gap_too_large,0.0,gap_too_large,0.0,gap_too_large,0.0,gap_too_large,0.0,gap_too_large,0.0,gap_too_large,0.0,gap_too_large,0.0,gap_too_large,0.0,gap_too_large
3591148.0,,2025-01-15 02:00:00,WITEL_AHU_L8,0.0,0.0,0.0,0.0,0.0,0.0,0.0,0.0,0.0,,,,0.0,0.0,0.0,0.0,gap_too_large,0.0,gap_too_large,0.0,gap_too_large,0.0,gap_too_large,0.0,gap_too_large,0.0,gap_too_large,0.0,gap_too_large,0.0,gap_too_large,0.0,gap_too_large,0.0,gap_too_large,0.0,gap_too_large,0.0,gap_too_large,0.0,gap_too_large
3591148.0,,2025-01-15 04:00:00,WITEL_AHU_L8,0.0,0.0,0.0,0.0,0.0,0.0,0.0,0.0,0.0,,,,0.0,0.0,0.0,0.0,gap_too_large,0.0,gap_too_large,0.0,gap_too_large,0.0,gap_too_large,0.0,gap_too_large,0.0,gap_too_large,0.0,gap_too_large,0.0,gap_too_large,0.0,gap_too_large,0.0,gap_too_large,0.0,gap_too_large,0.0,gap_too_large,0.0,gap_too_large
3591148.0,,2025-01-15 06:00:00,WITEL_AHU_L8,0.0,0.0,0.0,0.0,0.0,0.0,0.0,0.0,0.0,,,,0.0,0.0,0.0,0.0,gap_too_large,0.0,gap_too_large,0.0,gap_too_large,0.0,gap_too_large,0.0,gap_too_large,0.0,gap_too_large,0.0,gap_too_large,0.0,gap_too_large,0.0,gap_too_large,0.0,gap_too_large,0.0,gap_too_large,0.0,gap_too_large,0.0,gap_too_large
3591148.0,,2025-01-15 08:00:00,WITEL_AHU_L8,0.0,0.0,0.0,0.0,0.0,0.0,0.0,0.0,0.0,,,,0.0,0.0,0.0,0.0,gap_too_large,0.0,gap_too_large,0.0,gap_too_large,0.0,gap_too_large,0.0,gap_too_large,0.0,gap_too_large,0.0,gap_too_large,0.0,gap_too_large,0.0,gap_too_large,0.0,gap_too_large,0.0,gap_too_large,0.0,gap_too_large,0.0,gap_too_large
3591148.0,,2025-01-15 10:00:00,WITEL_AHU_L8,0.0,0.0,0.0,0.0,0.0,0.0,0.0,0.0,0.0,,,,0.0,0.0,0.0,0.0,gap_too_large,0.0,gap_too_large,0.0,gap_too_large,0.0,gap_too_large,0.0,gap_too_large,0.0,gap_too_large,0.0,gap_too_large,0.0,gap_too_large,0.0,gap_too_large,0.0,gap_too_large,0.0,gap_too_large,0.0,gap_too_large,0.0,gap_too_large
3591148.0,,2025-01-15 12:00:00,WITEL_AHU_L8,0.0,0.0,0.0,0.0,0.0,0.0,0.0,0.0,0.0,,,,0.0,0.0,0.0,0.0,gap_too_large,0.0,gap_too_large,0.0,gap_too_large,0.0,gap_too_large,0.0,gap_too_large,0.0,gap_too_large,0.0,gap_too_large,0.0,gap_too_large,0.0,gap_too_large,0.0,gap_too_large,0.0,gap_too_large,0.0,gap_too_large,0.0,gap_too_large
3591148.0,,2025-01-15 14:00:00,WITEL_AHU_L8,0.0,0.0,0.0,0.0,0.0,0.0,0.0,0.0,0.0,,,,0.0,0.0,0.0,0.0,gap_too_large,0.0,gap_too_large,0.0,gap_too_large,0.0,gap_too_large,0.0,gap_too_large,0.0,gap_too_large,0.0,gap_too_large,0.0,gap_too_large,0.0,gap_too_large,0.0,gap_too_large,0.0,gap_too_large,0.0,gap_too_large,0.0,gap_too_large
3591148.0,,2025-01-15 16:00:00,WITEL_AHU_L8,0.0,0.0,0.0,0.0,0.0,0.0,0.0,0.0,0.0,,,,0.0,0.0,0.0,0.0,gap_too_large,0.0,gap_too_large,0.0,gap_too_large,0.0,gap_too_large,0.0,gap_too_large,0.0,gap_too_large,0.0,gap_too_large,0.0,gap_too_large,0.0,gap_too_large,0.0,gap_too_large,0.0,gap_too_large,0.0,gap_too_large,0.0,gap_too_large
3591148.0,,2025-01-15 18:00:00,WITEL_AHU_L8,0.0,0.0,0.0,0.0,0.0,0.0,0.0,0.0,0.0,,,,0.0,0.0,0.0,0.0,gap_too_large,0.0,gap_too_large,0.0,gap_too_large,0.0,gap_too_large,0.0,gap_too_large,0.0,gap_too_large,0.0,gap_too_large,0.0,gap_too_large,0.0,gap_too_large,0.0,gap_too_large,0.0,gap_too_large,0.0,gap_too_large,0.0,gap_too_large
3591148.0,,2025-01-15 20:00:00,WITEL_AHU_L8,0.0,0.0,0.0,0.0,0.0,0.0,0.0,0.0,0.0,,,,0.0,0.0,0.0,0.0,gap_too_large,0.0,gap_too_large,0.0,gap_too_large,0.0,gap_too_large,0.0,gap_too_large,0.0,gap_too_large,0.0,gap_too_large,0.0,gap_too_large,0.0,gap_too_large,0.0,gap_too_large,0.0,gap_too_large,0.0,gap_too_large,0.0,gap_too_large
3591148.0,,2025-01-15 22:00:00,WITEL_AHU_L8,0.0,0.0,0.0,0.0,0.0,0.0,0.0,0.0,0.0,,,,0.0,0.0,0.0,0.0,gap_too_large,0.0,gap_too_large,0.0,gap_too_large,0.0,gap_too_large,0.0,gap_too_large,0.0,gap_too_large,0.0,gap_too_large,0.0,gap_too_large,0.0,gap_too_large,0.0,gap_too_large,0.0,gap_too_large,0.0,gap_too_large,0.0,gap_too_large
3591148.0,,2025-01-16 00:00:00,WITEL_AHU_L8,0.0,0.0,0.0,0.0,0.0,0.0,0.0,0.0,0.0,,,,0.0,0.0,0.0,0.0,gap_too_large,0.0,gap_too_large,0.0,gap_too_large,0.0,gap_too_large,0.0,gap_too_large,0.0,gap_too_large,0.0,gap_too_large,0.0,gap_too_large,0.0,gap_too_large,0.0,gap_too_large,0.0,gap_too_large,0.0,gap_too_large,0.0,gap_too_large
3591148.0,,2025-01-16 02:00:00,WITEL_AHU_L8,0.0,0.0,0.0,0.0,0.0,0.0,0.0,0.0,0.0,,,,0.0,0.0,0.0,0.0,gap_too_large,0.0,gap_too_large,0.0,gap_too_large,0.0,gap_too_large,0.0,gap_too_large,0.0,gap_too_large,0.0,gap_too_large,0.0,gap_too_large,0.0,gap_too_large,0.0,gap_too_large,0.0,gap_too_large,0.0,gap_too_large,0.0,gap_too_large
3591148.0,,2025-01-16 04:00:00,WITEL_AHU_L8,0.0,0.0,0.0,0.0,0.0,0.0,0.0,0.0,0.0,,,,0.0,0.0,0.0,0.0,gap_too_large,0.0,gap_too_large,0.0,gap_too_large,0.0,gap_too_large,0.0,gap_too_large,0.0,gap_too_large,0.0,gap_too_large,0.0,gap_too_large,0.0,gap_too_large,0.0,gap_too_large,0.0,gap_too_large,0.0,gap_too_large,0.0,gap_too_large
3591148.0,,2025-01-16 06:00:00,WITEL_AHU_L8,0.0,0.0,0.0,0.0,0.0,0.0,0.0,0.0,0.0,,,,0.0,0.0,0.0,0.0,gap_too_large,0.0,gap_too_large,0.0,gap_too_large,0.0,gap_too_large,0.0,gap_too_large,0.0,gap_too_large,0.0,gap_too_large,0.0,gap_too_large,0.0,gap_too_large,0.0,gap_too_large,0.0,gap_too_large,0.0,gap_too_large,0.0,gap_too_large
3601760.0,37.0,2025-01-16 08:00:00,WITEL_AHU_L8,34433900.0,223.0,222.0,224.0,0.0,0.0,0.0,50.06,1.0,2025-01-16 09:09:26.000,2025-01-16 09:09:26.000,2025-01-16 09:09:26.000,47497583.0,25627.0,59856315.0,223.0,original,222.0,original,224.0,original,0.0,gap_too_large,0.0,gap_too_large,0.0,gap_too_large,50.06,original,1.0,original,47497583.0,original,25627.0,original,59856315.0,original,34433900.0,original,-106.0,original
3601870.0,37.0,2025-01-16 10:00:00,WITEL_AHU_L8,34439200.0,222.0,221.0,223.0,11.0,10.0,11.0,49.97,0.5552999999999999,2025-01-16 09:59:11.000,2025-01-16 09:59:11.000,2025-01-16 09:59:11.000,47505668.0,25627.0,59866053.0,222.0,original,221.0,original,223.0,original,11.0,original,10.0,original,11.0,original,49.97,original,0.5552999999999999,original,47505668.0,original,25627.0,original,59866053.0,original,34439200.0,original,-96.0,original
3602168.0,37.0,2025-01-16 12:00:00,WITEL_AHU_L8,34527400.0,226.0,225.0,228.0,11.0,10.0,11.0,49.98,0.5166999999999999,2025-01-16 12:19:19.000,2025-01-16 12:19:19.000,2025-01-16 12:19:19.000,47643275.0,25627.0,60030238.0,226.0,original,225.0,original,228.0,original,11.0,original,10.0,original,11.0,original,49.98,original,0.5166999999999999,original,47643275.0,original,25627.0,original,60030238.0,original,34527400.0,original,-119.0,original
3602408.0,37.0,2025-01-16 14:00:00,WITEL_AHU_L8,34602800.0,221.0,220.0,222.0,10.0,10.0,11.0,50.04,0.5437,2025-01-16 14:19:11.000,2025-01-16 14:19:11.000,2025-01-16 14:19:11.000,47759082.0,25627.0,60168978.0,221.0,original,220.0,original,222.0,original,10.0,original,10.0,original,11.0,original,50.04,original,0.5437,original,47759082.0,original,25627.0,original,60168978.0,original,34602800.0,original,-120.0,original
3602408.0,,2025-01-16 16:00:00,WITEL_AHU_L8,0.0,0.0,0.0,0.0,0.0,0.0,0.0,0.0,0.0,,,,0.0,0.0,0.0,0.0,gap_too_large,0.0,gap_too_large,0.0,gap_too_large,0.0,gap_too_large,0.0,gap_too_large,0.0,gap_too_large,0.0,gap_too_large,0.0,gap_too_large,0.0,gap_too_large,0.0,gap_too_large,0.0,gap_too_large,0.0,gap_too_large,0.0,gap_too_large
3602408.0,,2025-01-16 18:00:00,WITEL_AHU_L8,0.0,0.0,0.0,0.0,0.0,0.0,0.0,0.0,0.0,,,,0.0,0.0,0.0,0.0,gap_too_large,0.0,gap_too_large,0.0,gap_too_large,0.0,gap_too_large,0.0,gap_too_large,0.0,gap_too_large,0.0,gap_too_large,0.0,gap_too_large,0.0,gap_too_large,0.0,gap_too_large,0.0,gap_too_large,0.0,gap_too_large,0.0,gap_too_large
3602408.0,,2025-01-16 20:00:00,WITEL_AHU_L8,0.0,0.0,0.0,0.0,0.0,0.0,0.0,0.0,0.0,,,,0.0,0.0,0.0,0.0,gap_too_large,0.0,gap_too_large,0.0,gap_too_large,0.0,gap_too_large,0.0,gap_too_large,0.0,gap_too_large,0.0,gap_too_large,0.0,gap_too_large,0.0,gap_too_large,0.0,gap_too_large,0.0,gap_too_large,0.0,gap_too_large,0.0,gap_too_large
3602408.0,,2025-01-16 22:00:00,WITEL_AHU_L8,0.0,0.0,0.0,0.0,0.0,0.0,0.0,0.0,0.0,,,,0.0,0.0,0.0,0.0,gap_too_large,0.0,gap_too_large,0.0,gap_too_large,0.0,gap_too_large,0.0,gap_too_large,0.0,gap_too_large,0.0,gap_too_large,0.0,gap_too_large,0.0,gap_too_large,0.0,gap_too_large,0.0,gap_too_large,0.0,gap_too_large,0.0,gap_too_large
3602408.0,,2025-01-17 00:00:00,WITEL_AHU_L8,0.0,0.0,0.0,0.0,0.0,0.0,0.0,0.0,0.0,,,,0.0,0.0,0.0,0.0,gap_too_large,0.0,gap_too_large,0.0,gap_too_large,0.0,gap_too_large,0.0,gap_too_large,0.0,gap_too_large,0.0,gap_too_large,0.0,gap_too_large,0.0,gap_too_large,0.0,gap_too_large,0.0,gap_too_large,0.0,gap_too_large,0.0,gap_too_large
3602408.0,,2025-01-17 02:00:00,WITEL_AHU_L8,0.0,0.0,0.0,0.0,0.0,0.0,0.0,0.0,0.0,,,,0.0,0.0,0.0,0.0,gap_too_large,0.0,gap_too_large,0.0,gap_too_large,0.0,gap_too_large,0.0,gap_too_large,0.0,gap_too_large,0.0,gap_too_large,0.0,gap_too_large,0.0,gap_too_large,0.0,gap_too_large,0.0,gap_too_large,0.0,gap_too_large,0.0,gap_too_large
3602408.0,,2025-01-17 04:00:00,WITEL_AHU_L8,0.0,0.0,0.0,0.0,0.0,0.0,0.0,0.0,0.0,,,,0.0,0.0,0.0,0.0,gap_too_large,0.0,gap_too_large,0.0,gap_too_large,0.0,gap_too_large,0.0,gap_too_large,0.0,gap_too_large,0.0,gap_too_large,0.0,gap_too_large,0.0,gap_too_large,0.0,gap_too_large,0.0,gap_too_large,0.0,gap_too_large,0.0,gap_too_large
3602408.0,,2025-01-17 06:00:00,WITEL_AHU_L8,0.0,0.0,0.0,0.0,0.0,0.0,0.0,0.0,0.0,,,,0.0,0.0,0.0,0.0,gap_too_large,0.0,gap_too_large,0.0,gap_too_large,0.0,gap_too_large,0.0,gap_too_large,0.0,gap_too_large,0.0,gap_too_large,0.0,gap_too_large,0.0,gap_too_large,0.0,gap_too_large,0.0,gap_too_large,0.0,gap_too_large,0.0,gap_too_large
3602547.0,37.0,2025-01-17 08:00:00,WITEL_AHU_L8,34704100.0,222.0,222.0,224.0,0.0,0.0,0.0,50.06,1.0,2025-01-17 09:19:11.000,2025-01-17 09:19:11.000,2025-01-17 09:19:11.000,47919686.0,25627.0,60359613.0,222.0,original,222.0,original,224.0,original,0.0,gap_too_large,0.0,gap_too_large,0.0,gap_too_large,50.06,original,1.0,original,47919686.0,original,25627.0,original,60359613.0,original,34704100.0,original,-120.0,original
3602620.0,37.0,2025-01-17 10:00:00,WITEL_AHU_L8,34704100.0,223.0,222.0,225.0,0.0,0.0,0.0,50.03,1.0,2025-01-17 09:59:19.000,2025-01-17 09:59:19.000,2025-01-17 09:59:19.000,47919686.0,25627.0,60359613.0,223.0,original,222.0,original,225.0,original,0.0,gap_too_large,0.0,gap_too_large,0.0,gap_too_large,50.03,original,1.0,original,47919686.0,original,25627.0,original,60359613.0,original,34704100.0,original,-118.0,original
3602849.0,37.0,2025-01-17 12:00:00,WITEL_AHU_L8,34704100.0,226.0,225.0,228.0,0.0,0.0,0.0,50.05,1.0,2025-01-17 12:19:19.000,2025-01-17 12:19:19.000,2025-01-17 12:19:19.000,47919686.0,25627.0,60359613.0,226.0,original,225.0,original,228.0,original,0.0,gap_too_large,0.0,gap_too_large,0.0,gap_too_large,50.05,original,1.0,original,47919686.0,original,25627.0,original,60359613.0,original,34704100.0,original,-99.0,original
3603011.0,37.0,2025-01-17 14:00:00,WITEL_AHU_L8,34704100.0,222.0,221.0,224.0,10.0,10.0,11.0,50.05,1.0,2025-01-17 13:59:04.000,2025-01-17 13:59:04.000,2025-01-17 13:59:04.000,47919686.0,25627.0,60359613.0,222.0,original,221.0,original,224.0,original,10.0,original,10.0,original,11.0,original,50.05,original,1.0,original,47919686.0,original,25627.0,original,60359613.0,original,34704100.0,original,-117.0,original
3603235.0,37.0,2025-01-17 16:00:00,WITEL_AHU_L8,34763500.0,223.0,222.0,225.0,10.0,10.0,11.0,50.03,0.5500999999999999,2025-01-17 15:59:18.000,2025-01-17 15:59:18.000,2025-01-17 15:59:18.000,48011754.0,25627.0,60469643.0,223.0,original,222.0,original,225.0,original,10.0,original,10.0,original,11.0,original,50.03,original,0.5500999999999999,original,48011754.0,original,25627.0,original,60469643.0,original,34763500.0,original,-116.0,original
3603479.0,37.0,2025-01-17 18:00:00,WITEL_AHU_L8,34823900.0,228.0,228.0,230.0,0.0,0.0,0.0,50.06,1.0,2025-01-17 17:59:17.000,2025-01-17 17:59:17.000,2025-01-17 17:59:17.000,48110054.0,25627.0,60585476.0,228.0,original,228.0,original,230.0,original,0.0,gap_too_large,0.0,gap_too_large,0.0,gap_too_large,50.06,original,1.0,original,48110054.0,original,25627.0,original,60585476.0,original,34823900.0,original,-115.0,original
3603757.0,37.0,2025-01-17 20:00:00,WITEL_AHU_L8,34823900.0,228.0,227.0,230.0,0.0,0.0,0.0,50.04,1.0,2025-01-17 19:59:21.000,2025-01-17 19:59:21.000,2025-01-17 19:59:21.000,48110054.0,25627.0,60585476.0,228.0,original,227.0,original,230.0,original,0.0,gap_too_large,0.0,gap_too_large,0.0,gap_too_large,50.04,original,1.0,original,48110054.0,original,25627.0,original,60585476.0,original,34823900.0,original,-118.0,original
3604021.0,37.0,2025-01-17 22:00:00,WITEL_AHU_L8,34823900.0,230.0,229.0,231.0,0.0,0.0,0.0,49.98,1.0,2025-01-17 21:59:23.000,2025-01-17 21:59:23.000,2025-01-17 21:59:23.000,48110054.0,25627.0,60585476.0,230.0,original,229.0,original,231.0,original,0.0,gap_too_large,0.0,gap_too_large,0.0,gap_too_large,49.98,original,1.0,original,48110054.0,original,25627.0,original,60585476.0,original,34823900.0,original,-117.0,original
3604337.0,37.0,2025-01-18 00:00:00,WITEL_AHU_L8,34823900.0,229.0,228.0,231.0,0.0,0.0,0.0,50.04,1.0,2025-01-18 00:09:08.000,2025-01-18 00:09:08.000,2025-01-18 00:09:08.000,48110054.0,25627.0,60585476.0,229.0,original,228.0,original,231.0,original,0.0,gap_too_large,0.0,gap_too_large,0.0,gap_too_large,50.04,original,1.0,original,48110054.0,original,25627.0,original,60585476.0,original,34823900.0,original,-117.0,original
3604592.0,37.0,2025-01-18 02:00:00,WITEL_AHU_L8,34823900.0,230.0,230.0,232.0,0.0,0.0,0.0,50.09,1.0,2025-01-18 01:59:05.000,2025-01-18 01:59:05.000,2025-01-18 01:59:05.000,48110054.0,25627.0,60585476.0,230.0,original,230.0,original,232.0,original,0.0,gap_too_large,0.0,gap_too_large,0.0,gap_too_large,50.09,original,1.0,original,48110054.0,original,25627.0,original,60585476.0,original,34823900.0,original,-121.0,original
3604890.0,37.0,2025-01-18 04:00:00,WITEL_AHU_L8,34823900.0,229.0,228.0,231.0,0.0,0.0,0.0,50.03,1.0,2025-01-18 03:59:10.000,2025-01-18 03:59:10.000,2025-01-18 03:59:10.000,48110054.0,25627.0,60585476.0,229.0,original,228.0,original,231.0,original,0.0,gap_too_large,0.0,gap_too_large,0.0,gap_too_large,50.03,original,1.0,original,48110054.0,original,25627.0,original,60585476.0,original,34823900.0,original,-120.0,original
3605183.0,37.0,2025-01-18 06:00:00,WITEL_AHU_L8,34823900.0,228.0,228.0,230.0,10.0,10.0,12.0,50.09,1.0,2025-01-18 05:59:22.000,2025-01-18 05:59:22.000,2025-01-18 05:59:22.000,48110054.0,25627.0,60585476.0,228.0,original,228.0,original,230.0,original,10.0,original,10.0,original,12.0,original,50.09,original,1.0,original,48110054.0,original,25627.0,original,60585476.0,original,34823900.0,original,-119.0,original
3605183.0,,2025-01-18 08:00:00,WITEL_AHU_L8,0.0,0.0,0.0,0.0,0.0,0.0,0.0,0.0,0.0,,,,0.0,0.0,0.0,0.0,gap_too_large,0.0,gap_too_large,0.0,gap_too_large,0.0,gap_too_large,0.0,gap_too_large,0.0,gap_too_large,0.0,gap_too_large,0.0,gap_too_large,0.0,gap_too_large,0.0,gap_too_large,0.0,gap_too_large,0.0,gap_too_large,0.0,gap_too_large
3605183.0,,2025-01-18 10:00:00,WITEL_AHU_L8,0.0,0.0,0.0,0.0,0.0,0.0,0.0,0.0,0.0,,,,0.0,0.0,0.0,0.0,gap_too_large,0.0,gap_too_large,0.0,gap_too_large,0.0,gap_too_large,0.0,gap_too_large,0.0,gap_too_large,0.0,gap_too_large,0.0,gap_too_large,0.0,gap_too_large,0.0,gap_too_large,0.0,gap_too_large,0.0,gap_too_large,0.0,gap_too_large
3605183.0,,2025-01-18 12:00:00,WITEL_AHU_L8,0.0,0.0,0.0,0.0,0.0,0.0,0.0,0.0,0.0,,,,0.0,0.0,0.0,0.0,gap_too_large,0.0,gap_too_large,0.0,gap_too_large,0.0,gap_too_large,0.0,gap_too_large,0.0,gap_too_large,0.0,gap_too_large,0.0,gap_too_large,0.0,gap_too_large,0.0,gap_too_large,0.0,gap_too_large,0.0,gap_too_large,0.0,gap_too_large
3605183.0,,2025-01-18 14:00:00,WITEL_AHU_L8,0.0,0.0,0.0,0.0,0.0,0.0,0.0,0.0,0.0,,,,0.0,0.0,0.0,0.0,gap_too_large,0.0,gap_too_large,0.0,gap_too_large,0.0,gap_too_large,0.0,gap_too_large,0.0,gap_too_large,0.0,gap_too_large,0.0,gap_too_large,0.0,gap_too_large,0.0,gap_too_large,0.0,gap_too_large,0.0,gap_too_large,0.0,gap_too_large
3605183.0,,2025-01-18 16:00:00,WITEL_AHU_L8,0.0,0.0,0.0,0.0,0.0,0.0,0.0,0.0,0.0,,,,0.0,0.0,0.0,0.0,gap_too_large,0.0,gap_too_large,0.0,gap_too_large,0.0,gap_too_large,0.0,gap_too_large,0.0,gap_too_large,0.0,gap_too_large,0.0,gap_too_large,0.0,gap_too_large,0.0,gap_too_large,0.0,gap_too_large,0.0,gap_too_large,0.0,gap_too_large
3605183.0,,2025-01-18 18:00:00,WITEL_AHU_L8,0.0,0.0,0.0,0.0,0.0,0.0,0.0,0.0,0.0,,,,0.0,0.0,0.0,0.0,gap_too_large,0.0,gap_too_large,0.0,gap_too_large,0.0,gap_too_large,0.0,gap_too_large,0.0,gap_too_large,0.0,gap_too_large,0.0,gap_too_large,0.0,gap_too_large,0.0,gap_too_large,0.0,gap_too_large,0.0,gap_too_large,0.0,gap_too_large
3605183.0,,2025-01-18 20:00:00,WITEL_AHU_L8,0.0,0.0,0.0,0.0,0.0,0.0,0.0,0.0,0.0,,,,0.0,0.0,0.0,0.0,gap_too_large,0.0,gap_too_large,0.0,gap_too_large,0.0,gap_too_large,0.0,gap_too_large,0.0,gap_too_large,0.0,gap_too_large,0.0,gap_too_large,0.0,gap_too_large,0.0,gap_too_large,0.0,gap_too_large,0.0,gap_too_large,0.0,gap_too_large
3605183.0,,2025-01-18 22:00:00,WITEL_AHU_L8,0.0,0.0,0.0,0.0,0.0,0.0,0.0,0.0,0.0,,,,0.0,0.0,0.0,0.0,gap_too_large,0.0,gap_too_large,0.0,gap_too_large,0.0,gap_too_large,0.0,gap_too_large,0.0,gap_too_large,0.0,gap_too_large,0.0,gap_too_large,0.0,gap_too_large,0.0,gap_too_large,0.0,gap_too_large,0.0,gap_too_large,0.0,gap_too_large
3605183.0,,2025-01-19 00:00:00,WITEL_AHU_L8,0.0,0.0,0.0,0.0,0.0,0.0,0.0,0.0,0.0,,,,0.0,0.0,0.0,0.0,gap_too_large,0.0,gap_too_large,0.0,gap_too_large,0.0,gap_too_large,0.0,gap_too_large,0.0,gap_too_large,0.0,gap_too_large,0.0,gap_too_large,0.0,gap_too_large,0.0,gap_too_large,0.0,gap_too_large,0.0,gap_too_large,0.0,gap_too_large
3605183.0,,2025-01-19 02:00:00,WITEL_AHU_L8,0.0,0.0,0.0,0.0,0.0,0.0,0.0,0.0,0.0,,,,0.0,0.0,0.0,0.0,gap_too_large,0.0,gap_too_large,0.0,gap_too_large,0.0,gap_too_large,0.0,gap_too_large,0.0,gap_too_large,0.0,gap_too_large,0.0,gap_too_large,0.0,gap_too_large,0.0,gap_too_large,0.0,gap_too_large,0.0,gap_too_large,0.0,gap_too_large
3605183.0,,2025-01-19 04:00:00,WITEL_AHU_L8,0.0,0.0,0.0,0.0,0.0,0.0,0.0,0.0,0.0,,,,0.0,0.0,0.0,0.0,gap_too_large,0.0,gap_too_large,0.0,gap_too_large,0.0,gap_too_large,0.0,gap_too_large,0.0,gap_too_large,0.0,gap_too_large,0.0,gap_too_large,0.0,gap_too_large,0.0,gap_too_large,0.0,gap_too_large,0.0,gap_too_large,0.0,gap_too_large
3608247.0,37.0,2025-01-19 06:00:00,WITEL_AHU_L8,35246300.0,228.0,227.0,229.0,0.0,0.0,0.0,50.04,1.0,2025-01-19 07:49:03.000,2025-01-19 07:49:03.000,2025-01-19 07:49:03.000,48798963.0,25627.0,61397485.0,228.0,original,227.0,original,229.0,original,0.0,gap_too_large,0.0,gap_too_large,0.0,gap_too_large,50.04,original,1.0,original,48798963.0,original,25627.0,original,61397485.0,original,35246300.0,original,-121.0,original
3608269.0,37.0,2025-01-19 08:00:00,WITEL_AHU_L8,35246300.0,227.0,227.0,229.0,0.0,0.0,0.0,50.06,1.0,2025-01-19 07:59:02.000,2025-01-19 07:59:02.000,2025-01-19 07:59:02.000,48798963.0,25627.0,61397485.0,227.0,original,227.0,original,229.0,original,0.0,gap_too_large,0.0,gap_too_large,0.0,gap_too_large,50.06,original,1.0,original,48798963.0,original,25627.0,original,61397485.0,original,35246300.0,original,-102.0,original
3608513.0,37.0,2025-01-19 10:00:00,WITEL_AHU_L8,35246300.0,227.0,226.0,229.0,0.0,0.0,0.0,50.04,1.0,2025-01-19 09:59:09.000,2025-01-19 09:59:09.000,2025-01-19 09:59:09.000,48798963.0,25627.0,61397485.0,227.0,original,226.0,original,229.0,original,0.0,gap_too_large,0.0,gap_too_large,0.0,gap_too_large,50.04,original,1.0,original,48798963.0,original,25627.0,original,61397485.0,original,35246300.0,original,-118.0,original
3608768.0,37.0,2025-01-19 12:00:00,WITEL_AHU_L8,35246300.0,226.0,225.0,227.0,0.0,0.0,0.0,50.05,1.0,2025-01-19 11:59:12.000,2025-01-19 11:59:12.000,2025-01-19 11:59:12.000,48798963.0,25627.0,61397485.0,226.0,original,225.0,original,227.0,original,0.0,gap_too_large,0.0,gap_too_large,0.0,gap_too_large,50.05,original,1.0,original,48798963.0,original,25627.0,original,61397485.0,original,35246300.0,original,-102.0,original
3609053.0,37.0,2025-01-19 14:00:00,WITEL_AHU_L8,35246300.0,227.0,227.0,229.0,0.0,0.0,0.0,49.98,1.0,2025-01-19 14:09:06.000,2025-01-19 14:09:06.000,2025-01-19 14:09:06.000,48798963.0,25627.0,61397485.0,227.0,original,227.0,original,229.0,original,0.0,gap_too_large,0.0,gap_too_large,0.0,gap_too_large,49.98,original,1.0,original,48798963.0,original,25627.0,original,61397485.0,original,35246300.0,original,-119.0,original
3609053.0,,2025-01-19 16:00:00,WITEL_AHU_L8,0.0,0.0,0.0,0.0,0.0,0.0,0.0,0.0,0.0,,,,0.0,0.0,0.0,0.0,gap_too_large,0.0,gap_too_large,0.0,gap_too_large,0.0,gap_too_large,0.0,gap_too_large,0.0,gap_too_large,0.0,gap_too_large,0.0,gap_too_large,0.0,gap_too_large,0.0,gap_too_large,0.0,gap_too_large,0.0,gap_too_large,0.0,gap_too_large
3609053.0,,2025-01-19 18:00:00,WITEL_AHU_L8,0.0,0.0,0.0,0.0,0.0,0.0,0.0,0.0,0.0,,,,0.0,0.0,0.0,0.0,gap_too_large,0.0,gap_too_large,0.0,gap_too_large,0.0,gap_too_large,0.0,gap_too_large,0.0,gap_too_large,0.0,gap_too_large,0.0,gap_too_large,0.0,gap_too_large,0.0,gap_too_large,0.0,gap_too_large,0.0,gap_too_large,0.0,gap_too_large
3609053.0,,2025-01-19 20:00:00,WITEL_AHU_L8,0.0,0.0,0.0,0.0,0.0,0.0,0.0,0.0,0.0,,,,0.0,0.0,0.0,0.0,gap_too_large,0.0,gap_too_large,0.0,gap_too_large,0.0,gap_too_large,0.0,gap_too_large,0.0,gap_too_large,0.0,gap_too_large,0.0,gap_too_large,0.0,gap_too_large,0.0,gap_too_large,0.0,gap_too_large,0.0,gap_too_large,0.0,gap_too_large
3610180.0,37.0,2025-01-19 22:00:00,WITEL_AHU_L8,35246300.0,228.0,227.0,230.0,0.0,0.0,0.0,50.05,1.0,2025-01-19 23:41:59.000,2025-01-19 23:41:59.000,2025-01-19 23:41:59.000,48798963.0,25627.0,61397485.0,228.0,original,227.0,original,230.0,original,0.0,gap_too_large,0.0,gap_too_large,0.0,gap_too_large,50.05,original,1.0,original,48798963.0,original,25627.0,original,61397485.0,original,35246300.0,original,-115.0,original
3610222.0,37.0,2025-01-20 00:00:00,WITEL_AHU_L8,35246300.0,228.0,228.0,230.0,0.0,0.0,0.0,50.08,1.0,2025-01-19 23:59:21.000,2025-01-19 23:59:21.000,2025-01-19 23:59:21.000,48798963.0,25627.0,61397485.0,228.0,original,228.0,original,230.0,original,0.0,gap_too_large,0.0,gap_too_large,0.0,gap_too_large,50.08,original,1.0,original,48798963.0,original,25627.0,original,61397485.0,original,35246300.0,original,-106.0,original
3610479.0,37.0,2025-01-20 02:00:00,WITEL_AHU_L8,35246300.0,230.0,229.0,232.0,0.0,0.0,0.0,50.04,1.0,2025-01-20 01:59:16.000,2025-01-20 01:59:16.000,2025-01-20 01:59:16.000,48798963.0,25627.0,61397485.0,230.0,original,229.0,original,232.0,original,0.0,gap_too_large,0.0,gap_too_large,0.0,gap_too_large,50.04,original,1.0,original,48798963.0,original,25627.0,original,61397485.0,original,35246300.0,original,-119.0,original
3610757.0,37.0,2025-01-20 04:00:00,WITEL_AHU_L8,35246300.0,230.0,230.0,232.0,0.0,0.0,0.0,49.99,1.0,2025-01-20 04:09:24.000,2025-01-20 04:09:24.000,2025-01-20 04:09:24.000,48798963.0,25627.0,61397485.0,230.0,original,230.0,original,232.0,original,0.0,gap_too_large,0.0,gap_too_large,0.0,gap_too_large,49.99,original,1.0,original,48798963.0,original,25627.0,original,61397485.0,original,35246300.0,original,-118.0,original
3610994.0,37.0,2025-01-20 06:00:00,WITEL_AHU_L8,35246300.0,227.0,226.0,228.0,0.0,0.0,0.0,50.06,1.0,2025-01-20 05:59:22.000,2025-01-20 05:59:22.000,2025-01-20 05:59:22.000,48798963.0,25627.0,61397485.0,227.0,original,226.0,original,228.0,original,0.0,gap_too_large,0.0,gap_too_large,0.0,gap_too_large,50.06,original,1.0,original,48798963.0,original,25627.0,original,61397485.0,original,35246300.0,original,-101.0,original
3611253.0,37.0,2025-01-20 08:00:00,WITEL_AHU_L8,35246300.0,226.0,225.0,227.0,0.0,0.0,0.0,50.04,1.0,2025-01-20 07:59:03.000,2025-01-20 07:59:03.000,2025-01-20 07:59:03.000,48798963.0,25627.0,61397485.0,226.0,original,225.0,original,227.0,original,0.0,gap_too_large,0.0,gap_too_large,0.0,gap_too_large,50.04,original,1.0,original,48798963.0,original,25627.0,original,61397485.0,original,35246300.0,original,-100.0,original
3611531.0,37.0,2025-01-20 10:00:00,WITEL_AHU_L8,35246300.0,225.0,224.0,227.0,0.0,0.0,0.0,50.05,1.0,2025-01-20 09:59:23.000,2025-01-20 09:59:23.000,2025-01-20 09:59:23.000,48798963.0,25627.0,61397485.0,225.0,original,224.0,original,227.0,original,0.0,gap_too_large,0.0,gap_too_large,0.0,gap_too_large,50.05,original,1.0,original,48798963.0,original,25627.0,original,61397485.0,original,35246300.0,original,-97.0,original
3611782.0,37.0,2025-01-20 12:00:00,WITEL_AHU_L8,35246300.0,228.0,227.0,229.0,0.0,0.0,0.0,50.11,1.0,2025-01-20 11:59:02.000,2025-01-20 11:59:02.000,2025-01-20 11:59:02.000,48798963.0,25627.0,61397485.0,228.0,original,227.0,original,229.0,original,0.0,gap_too_large,0.0,gap_too_large,0.0,gap_too_large,50.11,original,1.0,original,48798963.0,original,25627.0,original,61397485.0,original,35246300.0,original,-116.0,original
3612045.0,37.0,2025-01-20 14:00:00,WITEL_AHU_L8,35246300.0,225.0,224.0,226.0,0.0,0.0,0.0,50.01,1.0,2025-01-20 13:59:23.000,2025-01-20 13:59:23.000,2025-01-20 13:59:23.000,48798963.0,25627.0,61397485.0,225.0,original,224.0,original,226.0,original,0.0,gap_too_large,0.0,gap_too_large,0.0,gap_too_large,50.01,original,1.0,original,48798963.0,original,25627.0,original,61397485.0,original,35246300.0,original,-98.0,original
3612315.0,37.0,2025-01-20 16:00:00,WITEL_AHU_L8,35246300.0,226.0,226.0,228.0,0.0,0.0,0.0,50.01,1.0,2025-01-20 15:59:18.000,2025-01-20 15:59:18.000,2025-01-20 15:59:18.000,48798963.0,25627.0,61397485.0,226.0,original,226.0,original,228.0,original,0.0,gap_too_large,0.0,gap_too_large,0.0,gap_too_large,50.01,original,1.0,original,48798963.0,original,25627.0,original,61397485.0,original,35246300.0,original,-119.0,original
3612582.0,37.0,2025-01-20 18:00:00,WITEL_AHU_L8,35246300.0,229.0,229.0,231.0,0.0,0.0,0.0,50.04,1.0,2025-01-20 18:09:05.000,2025-01-20 18:09:05.000,2025-01-20 18:09:05.000,48798963.0,25627.0,61397485.0,229.0,original,229.0,original,231.0,original,0.0,gap_too_large,0.0,gap_too_large,0.0,gap_too_large,50.04,original,1.0,original,48798963.0,original,25627.0,original,61397485.0,original,35246300.0,original,-107.0,original
3612826.0,37.0,2025-01-20 20:00:00,WITEL_AHU_L8,35246300.0,227.0,227.0,229.0,0.0,0.0,0.0,50.05,1.0,2025-01-20 19:59:24.000,2025-01-20 19:59:24.000,2025-01-20 19:59:24.000,48798963.0,25627.0,61397485.0,227.0,original,227.0,original,229.0,original,0.0,gap_too_large,0.0,gap_too_large,0.0,gap_too_large,50.05,original,1.0,original,48798963.0,original,25627.0,original,61397485.0,original,35246300.0,original,-116.0,original
3613075.0,37.0,2025-01-20 22:00:00,WITEL_AHU_L8,35246300.0,227.0,227.0,229.0,0.0,0.0,0.0,50.06,1.0,2025-01-20 21:59:18.000,2025-01-20 21:59:18.000,2025-01-20 21:59:18.000,48798963.0,25627.0,61397485.0,227.0,original,227.0,original,229.0,original,0.0,gap_too_large,0.0,gap_too_large,0.0,gap_too_large,50.06,original,1.0,original,48798963.0,original,25627.0,original,61397485.0,original,35246300.0,original,-102.0,original
3613075.0,,2025-01-21 00:00:00,WITEL_AHU_L8,0.0,0.0,0.0,0.0,0.0,0.0,0.0,0.0,0.0,,,,0.0,0.0,0.0,0.0,gap_too_large,0.0,gap_too_large,0.0,gap_too_large,0.0,gap_too_large,0.0,gap_too_large,0.0,gap_too_large,0.0,gap_too_large,0.0,gap_too_large,0.0,gap_too_large,0.0,gap_too_large,0.0,gap_too_large,0.0,gap_too_large,0.0,gap_too_large
3613075.0,,2025-01-21 02:00:00,WITEL_AHU_L8,0.0,0.0,0.0,0.0,0.0,0.0,0.0,0.0,0.0,,,,0.0,0.0,0.0,0.0,gap_too_large,0.0,gap_too_large,0.0,gap_too_large,0.0,gap_too_large,0.0,gap_too_large,0.0,gap_too_large,0.0,gap_too_large,0.0,gap_too_large,0.0,gap_too_large,0.0,gap_too_large,0.0,gap_too_large,0.0,gap_too_large,0.0,gap_too_large
3613075.0,,2025-01-21 04:00:00,WITEL_AHU_L8,0.0,0.0,0.0,0.0,0.0,0.0,0.0,0.0,0.0,,,,0.0,0.0,0.0,0.0,gap_too_large,0.0,gap_too_large,0.0,gap_too_large,0.0,gap_too_large,0.0,gap_too_large,0.0,gap_too_large,0.0,gap_too_large,0.0,gap_too_large,0.0,gap_too_large,0.0,gap_too_large,0.0,gap_too_large,0.0,gap_too_large,0.0,gap_too_large
3614482.0,37.0,2025-01-21 06:00:00,WITEL_AHU_L8,35246300.0,225.0,225.0,227.0,0.0,0.0,0.0,50.04,1.0,2025-01-21 07:34:40.000,2025-01-21 07:34:40.000,2025-01-21 07:34:40.000,48798963.0,25627.0,61397485.0,225.0,original,225.0,original,227.0,original,0.0,gap_too_large,0.0,gap_too_large,0.0,gap_too_large,50.04,original,1.0,original,48798963.0,original,25627.0,original,61397485.0,original,35246300.0,original,-115.0,original
3614590.0,37.0,2025-01-21 08:00:00,WITEL_AHU_L8,35246300.0,226.0,225.0,228.0,0.0,0.0,0.0,49.97,1.0,2025-01-21 08:19:06.000,2025-01-21 08:19:06.000,2025-01-21 08:19:06.000,48798963.0,25627.0,61397485.0,226.0,original,225.0,original,228.0,original,0.0,gap_too_large,0.0,gap_too_large,0.0,gap_too_large,49.97,original,1.0,original,48798963.0,original,25627.0,original,61397485.0,original,35246300.0,original,-119.0,original
3614840.0,37.0,2025-01-21 10:00:00,WITEL_AHU_L8,35246300.0,225.0,223.0,226.0,0.0,0.0,0.0,50.04,1.0,2025-01-21 09:59:02.000,2025-01-21 09:59:02.000,2025-01-21 09:59:02.000,48798963.0,25627.0,61397485.0,225.0,original,223.0,original,226.0,original,0.0,gap_too_large,0.0,gap_too_large,0.0,gap_too_large,50.04,original,1.0,original,48798963.0,original,25627.0,original,61397485.0,original,35246300.0,original,-108.0,original
3615173.0,37.0,2025-01-21 12:00:00,WITEL_AHU_L8,35246300.0,227.0,226.0,229.0,0.0,0.0,0.0,50.02,1.0,2025-01-21 12:19:14.000,2025-01-21 12:19:14.000,2025-01-21 12:19:14.000,48798963.0,25627.0,61397485.0,227.0,original,226.0,original,229.0,original,0.0,gap_too_large,0.0,gap_too_large,0.0,gap_too_large,50.02,original,1.0,original,48798963.0,original,25627.0,original,61397485.0,original,35246300.0,original,-119.0,original
3615398.0,37.0,2025-01-21 14:00:00,WITEL_AHU_L8,35246300.0,222.0,221.0,224.0,0.0,0.0,0.0,50.01,1.0,2025-01-21 14:09:02.000,2025-01-21 14:09:02.000,2025-01-21 14:09:02.000,48798963.0,25627.0,61397485.0,222.0,original,221.0,original,224.0,original,0.0,gap_too_large,0.0,gap_too_large,0.0,gap_too_large,50.01,original,1.0,original,48798963.0,original,25627.0,original,61397485.0,original,35246300.0,original,-103.0,original
3615398.0,,2025-01-21 16:00:00,WITEL_AHU_L8,0.0,0.0,0.0,0.0,0.0,0.0,0.0,0.0,0.0,,,,0.0,0.0,0.0,0.0,gap_too_large,0.0,gap_too_large,0.0,gap_too_large,0.0,gap_too_large,0.0,gap_too_large,0.0,gap_too_large,0.0,gap_too_large,0.0,gap_too_large,0.0,gap_too_large,0.0,gap_too_large,0.0,gap_too_large,0.0,gap_too_large,0.0,gap_too_large
3615398.0,,2025-01-21 18:00:00,WITEL_AHU_L8,0.0,0.0,0.0,0.0,0.0,0.0,0.0,0.0,0.0,,,,0.0,0.0,0.0,0.0,gap_too_large,0.0,gap_too_large,0.0,gap_too_large,0.0,gap_too_large,0.0,gap_too_large,0.0,gap_too_large,0.0,gap_too_large,0.0,gap_too_large,0.0,gap_too_large,0.0,gap_too_large,0.0,gap_too_large,0.0,gap_too_large,0.0,gap_too_large
3615398.0,,2025-01-21 20:00:00,WITEL_AHU_L8,0.0,0.0,0.0,0.0,0.0,0.0,0.0,0.0,0.0,,,,0.0,0.0,0.0,0.0,gap_too_large,0.0,gap_too_large,0.0,gap_too_large,0.0,gap_too_large,0.0,gap_too_large,0.0,gap_too_large,0.0,gap_too_large,0.0,gap_too_large,0.0,gap_too_large,0.0,gap_too_large,0.0,gap_too_large,0.0,gap_too_large,0.0,gap_too_large
3615398.0,,2025-01-21 22:00:00,WITEL_AHU_L8,0.0,0.0,0.0,0.0,0.0,0.0,0.0,0.0,0.0,,,,0.0,0.0,0.0,0.0,gap_too_large,0.0,gap_too_large,0.0,gap_too_large,0.0,gap_too_large,0.0,gap_too_large,0.0,gap_too_large,0.0,gap_too_large,0.0,gap_too_large,0.0,gap_too_large,0.0,gap_too_large,0.0,gap_too_large,0.0,gap_too_large,0.0,gap_too_large
3615398.0,,2025-01-22 00:00:00,WITEL_AHU_L8,0.0,0.0,0.0,0.0,0.0,0.0,0.0,0.0,0.0,,,,0.0,0.0,0.0,0.0,gap_too_large,0.0,gap_too_large,0.0,gap_too_large,0.0,gap_too_large,0.0,gap_too_large,0.0,gap_too_large,0.0,gap_too_large,0.0,gap_too_large,0.0,gap_too_large,0.0,gap_too_large,0.0,gap_too_large,0.0,gap_too_large,0.0,gap_too_large
3615398.0,,2025-01-22 02:00:00,WITEL_AHU_L8,0.0,0.0,0.0,0.0,0.0,0.0,0.0,0.0,0.0,,,,0.0,0.0,0.0,0.0,gap_too_large,0.0,gap_too_large,0.0,gap_too_large,0.0,gap_too_large,0.0,gap_too_large,0.0,gap_too_large,0.0,gap_too_large,0.0,gap_too_large,0.0,gap_too_large,0.0,gap_too_large,0.0,gap_too_large,0.0,gap_too_large,0.0,gap_too_large
3615398.0,,2025-01-22 04:00:00,WITEL_AHU_L8,0.0,0.0,0.0,0.0,0.0,0.0,0.0,0.0,0.0,,,,0.0,0.0,0.0,0.0,gap_too_large,0.0,gap_too_large,0.0,gap_too_large,0.0,gap_too_large,0.0,gap_too_large,0.0,gap_too_large,0.0,gap_too_large,0.0,gap_too_large,0.0,gap_too_large,0.0,gap_too_large,0.0,gap_too_large,0.0,gap_too_large,0.0,gap_too_large
3617634.0,37.0,2025-01-22 06:00:00,WITEL_AHU_L8,35246300.0,226.0,225.0,228.0,0.0,0.0,0.0,50.08,1.0,2025-01-22 07:34:53.000,2025-01-22 07:34:53.000,2025-01-22 07:34:53.000,48798963.0,25627.0,61397485.0,226.0,original,225.0,original,228.0,original,0.0,gap_too_large,0.0,gap_too_large,0.0,gap_too_large,50.08,original,1.0,original,48798963.0,original,25627.0,original,61397485.0,original,35246300.0,original,-102.0,original
3617703.0,37.0,2025-01-22 08:00:00,WITEL_AHU_L8,35246300.0,225.0,224.0,227.0,0.0,0.0,0.0,49.97,1.0,2025-01-22 07:59:03.000,2025-01-22 07:59:03.000,2025-01-22 07:59:03.000,48798963.0,25627.0,61397485.0,225.0,original,224.0,original,227.0,original,0.0,gap_too_large,0.0,gap_too_large,0.0,gap_too_large,49.97,original,1.0,original,48798963.0,original,25627.0,original,61397485.0,original,35246300.0,original,-120.0,original
3618015.0,37.0,2025-01-22 10:00:00,WITEL_AHU_L8,35246300.0,224.0,223.0,225.0,0.0,0.0,0.0,50.03,1.0,2025-01-22 10:09:16.000,2025-01-22 10:09:16.000,2025-01-22 10:09:16.000,48798963.0,25627.0,61397485.0,224.0,original,223.0,original,225.0,original,0.0,gap_too_large,0.0,gap_too_large,0.0,gap_too_large,50.03,original,1.0,original,48798963.0,original,25627.0,original,61397485.0,original,35246300.0,original,-115.0,original
3618259.0,37.0,2025-01-22 12:00:00,WITEL_AHU_L8,35246300.0,227.0,226.0,229.0,0.0,0.0,0.0,50.05,1.0,2025-01-22 11:59:16.000,2025-01-22 11:59:16.000,2025-01-22 11:59:16.000,48798963.0,25627.0,61397485.0,227.0,original,226.0,original,229.0,original,0.0,gap_too_large,0.0,gap_too_large,0.0,gap_too_large,50.05,original,1.0,original,48798963.0,original,25627.0,original,61397485.0,original,35246300.0,original,-108.0,original
3618534.0,37.0,2025-01-22 14:00:00,WITEL_AHU_L8,35246300.0,223.0,222.0,224.0,11.0,10.0,11.0,50.0,1.0,2025-01-22 13:59:19.000,2025-01-22 13:59:19.000,2025-01-22 13:59:19.000,48798963.0,25627.0,61397485.0,223.0,original,222.0,original,224.0,original,11.0,original,10.0,original,11.0,original,50.0,original,1.0,original,48798963.0,original,25627.0,original,61397485.0,original,35246300.0,original,-109.0,original
3618829.0,37.0,2025-01-22 16:00:00,WITEL_AHU_L8,35307800.0,225.0,224.0,226.0,10.0,10.0,11.0,50.06,0.5243,2025-01-22 15:59:06.000,2025-01-22 15:59:06.000,2025-01-22 15:59:06.000,48895239.0,25627.0,61512216.0,225.0,original,224.0,original,226.0,original,10.0,original,10.0,original,11.0,original,50.06,original,0.5243,original,48895239.0,original,25627.0,original,61512216.0,original,35307800.0,original,-101.0,original
3619091.0,37.0,2025-01-22 18:00:00,WITEL_AHU_L8,35384400.0,229.0,228.0,230.0,11.0,11.0,12.0,50.04,0.5041,2025-01-22 17:59:02.000,2025-01-22 17:59:02.000,2025-01-22 17:59:02.000,49020258.0,25627.0,61659498.0,229.0,original,228.0,original,230.0,original,11.0,original,11.0,original,12.0,original,50.04,original,0.5041,original,49020258.0,original,25627.0,original,61659498.0,original,35384400.0,original,-101.0,original
3619369.0,37.0,2025-01-22 20:00:00,WITEL_AHU_L8,35467500.0,228.0,227.0,229.0,11.0,10.0,12.0,50.01,0.5043,2025-01-22 20:09:08.000,2025-01-22 20:09:08.000,2025-01-22 20:09:08.000,49156717.0,25627.0,61820011.0,228.0,original,227.0,original,229.0,original,11.0,original,10.0,original,12.0,original,50.01,original,0.5043,original,49156717.0,original,25627.0,original,61820011.0,original,35467500.0,original,-109.0,original
3619617.0,37.0,2025-01-22 22:00:00,WITEL_AHU_L8,35511700.0,229.0,229.0,231.0,0.0,0.0,0.0,50.03,1.0,2025-01-22 21:59:16.000,2025-01-22 21:59:16.000,2025-01-22 21:59:16.000,49229994.0,25627.0,61906030.0,229.0,original,229.0,original,231.0,original,0.0,gap_too_large,0.0,gap_too_large,0.0,gap_too_large,50.03,original,1.0,original,49229994.0,original,25627.0,original,61906030.0,original,35511700.0,original,-119.0,original
3619890.0,37.0,2025-01-23 00:00:00,WITEL_AHU_L8,35511700.0,227.0,227.0,229.0,0.0,0.0,0.0,49.98,1.0,2025-01-22 23:59:04.000,2025-01-22 23:59:04.000,2025-01-22 23:59:04.000,49229994.0,25627.0,61906030.0,227.0,original,227.0,original,229.0,original,0.0,gap_too_large,0.0,gap_too_large,0.0,gap_too_large,49.98,original,1.0,original,49229994.0,original,25627.0,original,61906030.0,original,35511700.0,original,-112.0,original
3620137.0,37.0,2025-01-23 02:00:00,WITEL_AHU_L8,35511700.0,228.0,228.0,230.0,0.0,0.0,0.0,50.06,1.0,2025-01-23 01:59:17.000,2025-01-23 01:59:17.000,2025-01-23 01:59:17.000,49229994.0,25627.0,61906030.0,228.0,original,228.0,original,230.0,original,0.0,gap_too_large,0.0,gap_too_large,0.0,gap_too_large,50.06,original,1.0,original,49229994.0,original,25627.0,original,61906030.0,original,35511700.0,original,-100.0,original
3620395.0,37.0,2025-01-23 04:00:00,WITEL_AHU_L8,35511700.0,229.0,230.0,232.0,0.0,0.0,0.0,50.06,1.0,2025-01-23 03:59:19.000,2025-01-23 03:59:19.000,2025-01-23 03:59:19.000,49229994.0,25627.0,61906030.0,229.0,original,230.0,original,232.0,original,0.0,gap_too_large,0.0,gap_too_large,0.0,gap_too_large,50.06,original,1.0,original,49229994.0,original,25627.0,original,61906030.0,original,35511700.0,original,-101.0,original
3620654.0,37.0,2025-01-23 06:00:00,WITEL_AHU_L8,35511700.0,226.0,226.0,228.0,10.0,10.0,11.0,50.02,1.0,2025-01-23 05:59:20.000,2025-01-23 05:59:20.000,2025-01-23 05:59:20.000,49229994.0,25627.0,61906030.0,226.0,original,226.0,original,228.0,original,10.0,original,10.0,original,11.0,original,50.02,original,1.0,original,49229994.0,original,25627.0,original,61906030.0,original,35511700.0,original,-120.0,original
3620915.0,37.0,2025-01-23 08:00:00,WITEL_AHU_L8,35570600.0,223.0,223.0,225.0,10.0,10.0,11.0,50.0,0.5308999999999999,2025-01-23 07:59:18.000,2025-01-23 07:59:18.000,2025-01-23 07:59:18.000,49321847.0,25627.0,62015643.0,223.0,original,223.0,original,225.0,original,10.0,original,10.0,original,11.0,original,50.0,original,0.5308999999999999,original,49321847.0,original,25627.0,original,62015643.0,original,35570600.0,original,-98.0,original
3621147.0,37.0,2025-01-23 10:00:00,WITEL_AHU_L8,35647000.0,223.0,222.0,225.0,10.0,10.0,11.0,49.96,0.5508,2025-01-23 09:59:08.000,2025-01-23 09:59:08.000,2025-01-23 09:59:08.000,49439456.0,25627.0,62156527.0,223.0,original,222.0,original,225.0,original,10.0,original,10.0,original,11.0,original,49.96,original,0.5508,original,49439456.0,original,25627.0,original,62156527.0,original,35647000.0,original,-115.0,original
3621407.0,37.0,2025-01-23 12:00:00,WITEL_AHU_L8,35723400.0,229.0,228.0,230.0,11.0,11.0,12.0,50.06,0.5162,2025-01-23 11:59:22.000,2025-01-23 11:59:22.000,2025-01-23 11:59:22.000,49559603.0,25627.0,62299555.0,229.0,original,228.0,original,230.0,original,11.0,original,11.0,original,12.0,original,50.06,original,0.5162,original,49559603.0,original,25627.0,original,62299555.0,original,35723400.0,original,-101.0,original
3621648.0,37.0,2025-01-23 14:00:00,WITEL_AHU_L8,35799900.0,223.0,222.0,224.0,10.0,10.0,11.0,50.03,0.5324,2025-01-23 13:59:19.000,2025-01-23 13:59:19.000,2025-01-23 13:59:19.000,49679752.0,25627.0,62442533.0,223.0,original,222.0,original,224.0,original,10.0,original,10.0,original,11.0,original,50.03,original,0.5324,original,49679752.0,original,25627.0,original,62442533.0,original,35799900.0,original,-102.0,original
3621917.0,37.0,2025-01-23 16:00:00,WITEL_AHU_L8,35882600.0,225.0,225.0,227.0,11.0,10.0,11.0,49.99,0.5216,2025-01-23 16:09:17.000,2025-01-23 16:09:17.000,2025-01-23 16:09:17.000,49809599.0,25627.0,62597148.0,225.0,original,225.0,original,227.0,original,11.0,original,10.0,original,11.0,original,49.99,original,0.5216,original,49809599.0,original,25627.0,original,62597148.0,original,35882600.0,original,-105.0,original
3622139.0,37.0,2025-01-23 18:00:00,WITEL_AHU_L8,35944500.0,227.0,226.0,229.0,0.0,0.0,0.0,50.04,1.0,2025-01-23 17:59:08.000,2025-01-23 17:59:08.000,2025-01-23 17:59:08.000,49910611.0,25627.0,62716132.0,227.0,original,226.0,original,229.0,original,0.0,gap_too_large,0.0,gap_too_large,0.0,gap_too_large,50.04,original,1.0,original,49910611.0,original,25627.0,original,62716132.0,original,35944500.0,original,-105.0,original
3622399.0,37.0,2025-01-23 20:00:00,WITEL_AHU_L8,35944500.0,227.0,227.0,229.0,0.0,0.0,0.0,49.98,1.0,2025-01-23 20:09:01.000,2025-01-23 20:09:01.000,2025-01-23 20:09:01.000,49910611.0,25627.0,62716132.0,227.0,original,227.0,original,229.0,original,0.0,gap_too_large,0.0,gap_too_large,0.0,gap_too_large,49.98,original,1.0,original,49910611.0,original,25627.0,original,62716132.0,original,35944500.0,original,-105.0,original
3622654.0,37.0,2025-01-23 22:00:00,WITEL_AHU_L8,35944500.0,230.0,230.0,232.0,0.0,0.0,0.0,50.02,1.0,2025-01-23 22:09:17.000,2025-01-23 22:09:17.000,2025-01-23 22:09:17.000,49910611.0,25627.0,62716132.0,230.0,original,230.0,original,232.0,original,0.0,gap_too_large,0.0,gap_too_large,0.0,gap_too_large,50.02,original,1.0,original,49910611.0,original,25627.0,original,62716132.0,original,35944500.0,original,-113.0,original
3622893.0,37.0,2025-01-24 00:00:00,WITEL_AHU_L8,35944500.0,229.0,229.0,231.0,0.0,0.0,0.0,50.08,1.0,2025-01-23 23:59:10.000,2025-01-23 23:59:10.000,2025-01-23 23:59:10.000,49910611.0,25627.0,62716132.0,229.0,original,229.0,original,231.0,original,0.0,gap_too_large,0.0,gap_too_large,0.0,gap_too_large,50.08,original,1.0,original,49910611.0,original,25627.0,original,62716132.0,original,35944500.0,original,-118.0,original
3623178.0,37.0,2025-01-24 02:00:00,WITEL_AHU_L8,35944500.0,230.0,230.0,232.0,0.0,0.0,0.0,50.0,1.0,2025-01-24 01:59:13.000,2025-01-24 01:59:13.000,2025-01-24 01:59:13.000,49910611.0,25627.0,62716132.0,230.0,original,230.0,original,232.0,original,0.0,gap_too_large,0.0,gap_too_large,0.0,gap_too_large,50.0,original,1.0,original,49910611.0,original,25627.0,original,62716132.0,original,35944500.0,original,-102.0,original
3623439.0,37.0,2025-01-24 04:00:00,WITEL_AHU_L8,35944500.0,229.0,229.0,231.0,0.0,0.0,0.0,49.99,1.0,2025-01-24 03:59:02.000,2025-01-24 03:59:02.000,2025-01-24 03:59:02.000,49910611.0,25627.0,62716132.0,229.0,original,229.0,original,231.0,original,0.0,gap_too_large,0.0,gap_too_large,0.0,gap_too_large,49.99,original,1.0,original,49910611.0,original,25627.0,original,62716132.0,original,35944500.0,original,-118.0,original
3623725.0,37.0,2025-01-24 06:00:00,WITEL_AHU_L8,35944500.0,226.0,226.0,227.0,0.0,0.0,0.0,50.02,1.0,2025-01-24 05:59:21.000,2025-01-24 05:59:21.000,2025-01-24 05:59:21.000,49910611.0,25627.0,62716132.0,226.0,original,226.0,original,227.0,original,0.0,gap_too_large,0.0,gap_too_large,0.0,gap_too_large,50.02,original,1.0,original,49910611.0,original,25627.0,original,62716132.0,original,35944500.0,original,-102.0,original
3624046.0,37.0,2025-01-24 08:00:00,WITEL_AHU_L8,35944500.0,224.0,223.0,225.0,0.0,0.0,0.0,50.05,1.0,2025-01-24 08:19:14.000,2025-01-24 08:19:14.000,2025-01-24 08:19:14.000,49910611.0,25627.0,62716132.0,224.0,original,223.0,original,225.0,original,0.0,gap_too_large,0.0,gap_too_large,0.0,gap_too_large,50.05,original,1.0,original,49910611.0,original,25627.0,original,62716132.0,original,35944500.0,original,-115.0,original
3624253.0,37.0,2025-01-24 10:00:00,WITEL_AHU_L8,35944500.0,222.0,222.0,224.0,0.0,0.0,0.0,50.0,1.0,2025-01-24 09:59:04.000,2025-01-24 09:59:04.000,2025-01-24 09:59:04.000,49910611.0,25627.0,62716132.0,222.0,original,222.0,original,224.0,original,0.0,gap_too_large,0.0,gap_too_large,0.0,gap_too_large,50.0,original,1.0,original,49910611.0,original,25627.0,original,62716132.0,original,35944500.0,original,-121.0,original
3624516.0,37.0,2025-01-24 12:00:00,WITEL_AHU_L8,35944500.0,227.0,226.0,229.0,0.0,0.0,0.0,49.96,1.0,2025-01-24 11:59:13.000,2025-01-24 11:59:13.000,2025-01-24 11:59:13.000,49910611.0,25627.0,62716132.0,227.0,original,226.0,original,229.0,original,0.0,gap_too_large,0.0,gap_too_large,0.0,gap_too_large,49.96,original,1.0,original,49910611.0,original,25627.0,original,62716132.0,original,35944500.0,original,-101.0,original
3624768.0,37.0,2025-01-24 14:00:00,WITEL_AHU_L8,35944500.0,224.0,223.0,226.0,0.0,0.0,0.0,50.05,1.0,2025-01-24 13:59:08.000,2025-01-24 13:59:08.000,2025-01-24 13:59:08.000,49910611.0,25627.0,62716132.0,224.0,original,223.0,original,226.0,original,0.0,gap_too_large,0.0,gap_too_large,0.0,gap_too_large,50.05,original,1.0,original,49910611.0,original,25627.0,original,62716132.0,original,35944500.0,original,-106.0,original
3625039.0,37.0,2025-01-24 16:00:00,WITEL_AHU_L8,35944500.0,226.0,225.0,228.0,0.0,0.0,0.0,50.03,1.0,2025-01-24 15:59:08.000,2025-01-24 15:59:08.000,2025-01-24 15:59:08.000,49910611.0,25627.0,62716132.0,226.0,original,225.0,original,228.0,original,0.0,gap_too_large,0.0,gap_too_large,0.0,gap_too_large,50.03,original,1.0,original,49910611.0,original,25627.0,original,62716132.0,original,35944500.0,original,-100.0,original
3625592.0,37.0,2025-01-24 18:00:00,WITEL_AHU_L8,35944500.0,230.0,229.0,231.0,0.0,0.0,0.0,50.03,1.0,2025-01-24 17:59:11.000,2025-01-24 17:59:11.000,2025-01-24 17:59:11.000,49910611.0,25627.0,62716132.0,230.0,original,229.0,original,231.0,original,0.0,gap_too_large,0.0,gap_too_large,0.0,gap_too_large,50.03,original,1.0,original,49910611.0,original,25627.0,original,62716132.0,original,35944500.0,original,-101.0,original
3626154.0,37.0,2025-01-24 20:00:00,WITEL_AHU_L8,35944500.0,228.0,228.0,230.0,0.0,0.0,0.0,50.01,1.0,2025-01-24 19:59:14.000,2025-01-24 19:59:14.000,2025-01-24 19:59:14.000,49910611.0,25627.0,62716132.0,228.0,original,228.0,original,230.0,original,0.0,gap_too_large,0.0,gap_too_large,0.0,gap_too_large,50.01,original,1.0,original,49910611.0,original,25627.0,original,62716132.0,original,35944500.0,original,-118.0,original
3626730.0,37.0,2025-01-24 22:00:00,WITEL_AHU_L8,35944500.0,227.0,226.0,228.0,0.0,0.0,0.0,50.06,1.0,2025-01-24 21:59:11.000,2025-01-24 21:59:11.000,2025-01-24 21:59:11.000,49910611.0,25627.0,62716132.0,227.0,original,226.0,original,228.0,original,0.0,gap_too_large,0.0,gap_too_large,0.0,gap_too_large,50.06,original,1.0,original,49910611.0,original,25627.0,original,62716132.0,original,35944500.0,original,-101.0,original
3627360.0,37.0,2025-01-25 00:00:00,WITEL_AHU_L8,35944500.0,229.0,229.0,231.0,0.0,0.0,0.0,50.05,1.0,2025-01-24 23:59:22.000,2025-01-24 23:59:22.000,2025-01-24 23:59:22.000,49910611.0,25627.0,62716132.0,229.0,original,229.0,original,231.0,original,0.0,gap_too_large,0.0,gap_too_large,0.0,gap_too_large,50.05,original,1.0,original,49910611.0,original,25627.0,original,62716132.0,original,35944500.0,original,-100.0,original
3627940.0,37.0,2025-01-25 02:00:00,WITEL_AHU_L8,35944500.0,231.0,230.0,232.0,0.0,0.0,0.0,50.05,1.0,2025-01-25 01:59:13.000,2025-01-25 01:59:13.000,2025-01-25 01:59:13.000,49910611.0,25627.0,62716132.0,231.0,original,230.0,original,232.0,original,0.0,gap_too_large,0.0,gap_too_large,0.0,gap_too_large,50.05,original,1.0,original,49910611.0,original,25627.0,original,62716132.0,original,35944500.0,original,-97.0,original
3628558.0,37.0,2025-01-25 04:00:00,WITEL_AHU_L8,35944500.0,229.0,229.0,231.0,0.0,0.0,0.0,49.97,1.0,2025-01-25 04:09:11.000,2025-01-25 04:09:11.000,2025-01-25 04:09:11.000,49910611.0,25627.0,62716132.0,229.0,original,229.0,original,231.0,original,0.0,gap_too_large,0.0,gap_too_large,0.0,gap_too_large,49.97,original,1.0,original,49910611.0,original,25627.0,original,62716132.0,original,35944500.0,original,-102.0,original
3629146.0,37.0,2025-01-25 06:00:00,WITEL_AHU_L8,35944500.0,228.0,228.0,230.0,0.0,0.0,0.0,50.06,1.0,2025-01-25 06:19:03.000,2025-01-25 06:19:03.000,2025-01-25 06:19:03.000,49910611.0,25627.0,62716132.0,228.0,original,228.0,original,230.0,original,0.0,gap_too_large,0.0,gap_too_large,0.0,gap_too_large,50.06,original,1.0,original,49910611.0,original,25627.0,original,62716132.0,original,35944500.0,original,-118.0,original
3629722.0,37.0,2025-01-25 08:00:00,WITEL_AHU_L8,35944500.0,226.0,225.0,227.0,0.0,0.0,0.0,49.97,1.0,2025-01-25 08:09:01.000,2025-01-25 08:09:01.000,2025-01-25 08:09:01.000,49910611.0,25627.0,62716132.0,226.0,original,225.0,original,227.0,original,0.0,gap_too_large,0.0,gap_too_large,0.0,gap_too_large,49.97,original,1.0,original,49910611.0,original,25627.0,original,62716132.0,original,35944500.0,original,-98.0,original
3630276.0,37.0,2025-01-25 10:00:00,WITEL_AHU_L8,35944500.0,226.0,225.0,227.0,0.0,0.0,0.0,49.96,1.0,2025-01-25 09:59:08.000,2025-01-25 09:59:08.000,2025-01-25 09:59:08.000,49910611.0,25627.0,62716132.0,226.0,original,225.0,original,227.0,original,0.0,gap_too_large,0.0,gap_too_large,0.0,gap_too_large,49.96,original,1.0,original,49910611.0,original,25627.0,original,62716132.0,original,35944500.0,original,-109.0,original
3630946.0,37.0,2025-01-25 12:00:00,WITEL_AHU_L8,35944500.0,229.0,228.0,230.0,0.0,0.0,0.0,50.04,1.0,2025-01-25 12:09:18.000,2025-01-25 12:09:18.000,2025-01-25 12:09:18.000,49910611.0,25627.0,62716132.0,229.0,original,228.0,original,230.0,original,0.0,gap_too_large,0.0,gap_too_large,0.0,gap_too_large,50.04,original,1.0,original,49910611.0,original,25627.0,original,62716132.0,original,35944500.0,original,-102.0,original
3631528.0,37.0,2025-01-25 14:00:00,WITEL_AHU_L8,35944500.0,228.0,228.0,230.0,0.0,0.0,0.0,50.04,1.0,2025-01-25 14:09:03.000,2025-01-25 14:09:03.000,2025-01-25 14:09:03.000,49910611.0,25627.0,62716132.0,228.0,original,228.0,original,230.0,original,0.0,gap_too_large,0.0,gap_too_large,0.0,gap_too_large,50.04,original,1.0,original,49910611.0,original,25627.0,original,62716132.0,original,35944500.0,original,-119.0,original
3631528.0,,2025-01-25 16:00:00,WITEL_AHU_L8,0.0,0.0,0.0,0.0,0.0,0.0,0.0,0.0,0.0,,,,0.0,0.0,0.0,0.0,gap_too_large,0.0,gap_too_large,0.0,gap_too_large,0.0,gap_too_large,0.0,gap_too_large,0.0,gap_too_large,0.0,gap_too_large,0.0,gap_too_large,0.0,gap_too_large,0.0,gap_too_large,0.0,gap_too_large,0.0,gap_too_large,0.0,gap_too_large
3631528.0,,2025-01-25 18:00:00,WITEL_AHU_L8,0.0,0.0,0.0,0.0,0.0,0.0,0.0,0.0,0.0,,,,0.0,0.0,0.0,0.0,gap_too_large,0.0,gap_too_large,0.0,gap_too_large,0.0,gap_too_large,0.0,gap_too_large,0.0,gap_too_large,0.0,gap_too_large,0.0,gap_too_large,0.0,gap_too_large,0.0,gap_too_large,0.0,gap_too_large,0.0,gap_too_large,0.0,gap_too_large
3631528.0,,2025-01-25 20:00:00,WITEL_AHU_L8,0.0,0.0,0.0,0.0,0.0,0.0,0.0,0.0,0.0,,,,0.0,0.0,0.0,0.0,gap_too_large,0.0,gap_too_large,0.0,gap_too_large,0.0,gap_too_large,0.0,gap_too_large,0.0,gap_too_large,0.0,gap_too_large,0.0,gap_too_large,0.0,gap_too_large,0.0,gap_too_large,0.0,gap_too_large,0.0,gap_too_large,0.0,gap_too_large
3634404.0,37.0,2025-01-25 22:00:00,WITEL_AHU_L8,35944500.0,228.0,227.0,229.0,0.0,0.0,0.0,49.99,1.0,2025-01-25 23:42:24.000,2025-01-25 23:42:24.000,2025-01-25 23:42:24.000,49910611.0,25627.0,62716132.0,228.0,original,227.0,original,229.0,original,0.0,gap_too_large,0.0,gap_too_large,0.0,gap_too_large,49.99,original,1.0,original,49910611.0,original,25627.0,original,62716132.0,original,35944500.0,original,-116.0,original
3634464.0,37.0,2025-01-26 00:00:00,WITEL_AHU_L8,35944500.0,228.0,228.0,230.0,0.0,0.0,0.0,50.03,1.0,2025-01-25 23:59:06.000,2025-01-25 23:59:06.000,2025-01-25 23:59:06.000,49910611.0,25627.0,62716132.0,228.0,original,228.0,original,230.0,original,0.0,gap_too_large,0.0,gap_too_large,0.0,gap_too_large,50.03,original,1.0,original,49910611.0,original,25627.0,original,62716132.0,original,35944500.0,original,-108.0,original
3635000.0,37.0,2025-01-26 02:00:00,WITEL_AHU_L8,35944500.0,229.0,229.0,231.0,0.0,0.0,0.0,50.02,1.0,2025-01-26 01:59:12.000,2025-01-26 01:59:12.000,2025-01-26 01:59:12.000,49910611.0,25627.0,62716132.0,229.0,original,229.0,original,231.0,original,0.0,gap_too_large,0.0,gap_too_large,0.0,gap_too_large,50.02,original,1.0,original,49910611.0,original,25627.0,original,62716132.0,original,35944500.0,original,-101.0,original
3635490.0,37.0,2025-01-26 04:00:00,WITEL_AHU_L8,35944500.0,231.0,230.0,233.0,0.0,0.0,0.0,49.97,1.0,2025-01-26 03:59:15.000,2025-01-26 03:59:15.000,2025-01-26 03:59:15.000,49910611.0,25627.0,62716132.0,231.0,original,230.0,original,233.0,original,0.0,gap_too_large,0.0,gap_too_large,0.0,gap_too_large,49.97,original,1.0,original,49910611.0,original,25627.0,original,62716132.0,original,35944500.0,original,-120.0,original
3636000.0,37.0,2025-01-26 06:00:00,WITEL_AHU_L8,35944500.0,227.0,227.0,229.0,0.0,0.0,0.0,50.03,1.0,2025-01-26 05:59:14.000,2025-01-26 05:59:14.000,2025-01-26 05:59:14.000,49910611.0,25627.0,62716132.0,227.0,original,227.0,original,229.0,original,0.0,gap_too_large,0.0,gap_too_large,0.0,gap_too_large,50.03,original,1.0,original,49910611.0,original,25627.0,original,62716132.0,original,35944500.0,original,-117.0,original
3636620.0,37.0,2025-01-26 08:00:00,WITEL_AHU_L8,35944500.0,225.0,225.0,227.0,0.0,0.0,0.0,49.97,1.0,2025-01-26 08:09:12.000,2025-01-26 08:09:12.000,2025-01-26 08:09:12.000,49910611.0,25627.0,62716132.0,225.0,original,225.0,original,227.0,original,0.0,gap_too_large,0.0,gap_too_large,0.0,gap_too_large,49.97,original,1.0,original,49910611.0,original,25627.0,original,62716132.0,original,35944500.0,original,-101.0,original
3637150.0,37.0,2025-01-26 10:00:00,WITEL_AHU_L8,35944500.0,226.0,225.0,227.0,0.0,0.0,0.0,49.99,1.0,2025-01-26 10:09:02.000,2025-01-26 10:09:02.000,2025-01-26 10:09:02.000,49910611.0,25627.0,62716132.0,226.0,original,225.0,original,227.0,original,0.0,gap_too_large,0.0,gap_too_large,0.0,gap_too_large,49.99,original,1.0,original,49910611.0,original,25627.0,original,62716132.0,original,35944500.0,original,-120.0,original
3637716.0,37.0,2025-01-26 12:00:00,WITEL_AHU_L8,35944500.0,226.0,226.0,228.0,0.0,0.0,0.0,50.06,1.0,2025-01-26 12:09:08.000,2025-01-26 12:09:08.000,2025-01-26 12:09:08.000,49910611.0,25627.0,62716132.0,226.0,original,226.0,original,228.0,original,0.0,gap_too_large,0.0,gap_too_large,0.0,gap_too_large,50.06,original,1.0,original,49910611.0,original,25627.0,original,62716132.0,original,35944500.0,original,-117.0,original
3638298.0,37.0,2025-01-26 14:00:00,WITEL_AHU_L8,35944500.0,225.0,225.0,227.0,0.0,0.0,0.0,50.01,1.0,2025-01-26 14:09:17.000,2025-01-26 14:09:17.000,2025-01-26 14:09:17.000,49910611.0,25627.0,62716132.0,225.0,original,225.0,original,227.0,original,0.0,gap_too_large,0.0,gap_too_large,0.0,gap_too_large,50.01,original,1.0,original,49910611.0,original,25627.0,original,62716132.0,original,35944500.0,original,-99.0,original
3638848.0,37.0,2025-01-26 16:00:00,WITEL_AHU_L8,35944500.0,226.0,225.0,227.0,0.0,0.0,0.0,50.06,1.0,2025-01-26 15:59:18.000,2025-01-26 15:59:18.000,2025-01-26 15:59:18.000,49910611.0,25627.0,62716132.0,226.0,original,225.0,original,227.0,original,0.0,gap_too_large,0.0,gap_too_large,0.0,gap_too_large,50.06,original,1.0,original,49910611.0,original,25627.0,original,62716132.0,original,35944500.0,original,-108.0,original
3639484.0,37.0,2025-01-26 18:00:00,WITEL_AHU_L8,35944500.0,227.0,226.0,228.0,0.0,0.0,0.0,49.95,1.0,2025-01-26 18:19:08.000,2025-01-26 18:19:08.000,2025-01-26 18:19:08.000,49910611.0,25627.0,62716132.0,227.0,original,226.0,original,228.0,original,0.0,gap_too_large,0.0,gap_too_large,0.0,gap_too_large,49.95,original,1.0,original,49910611.0,original,25627.0,original,62716132.0,original,35944500.0,original,-101.0,original
3639958.0,37.0,2025-01-26 20:00:00,WITEL_AHU_L8,35944500.0,227.0,227.0,229.0,0.0,0.0,0.0,49.99,1.0,2025-01-26 19:59:12.000,2025-01-26 19:59:12.000,2025-01-26 19:59:12.000,49910611.0,25627.0,62716132.0,227.0,original,227.0,original,229.0,original,0.0,gap_too_large,0.0,gap_too_large,0.0,gap_too_large,49.99,original,1.0,original,49910611.0,original,25627.0,original,62716132.0,original,35944500.0,original,-119.0,original
3640528.0,37.0,2025-01-26 22:00:00,WITEL_AHU_L8,35944500.0,229.0,229.0,231.0,0.0,0.0,0.0,50.02,1.0,2025-01-26 21:59:17.000,2025-01-26 21:59:17.000,2025-01-26 21:59:17.000,49910611.0,25627.0,62716132.0,229.0,original,229.0,original,231.0,original,0.0,gap_too_large,0.0,gap_too_large,0.0,gap_too_large,50.02,original,1.0,original,49910611.0,original,25627.0,original,62716132.0,original,35944500.0,original,-121.0,original
3641214.0,37.0,2025-01-27 00:00:00,WITEL_AHU_L8,35944500.0,227.0,227.0,229.0,0.0,0.0,0.0,50.04,1.0,2025-01-27 00:19:02.000,2025-01-27 00:19:02.000,2025-01-27 00:19:02.000,49910611.0,25627.0,62716132.0,227.0,original,227.0,original,229.0,original,0.0,gap_too_large,0.0,gap_too_large,0.0,gap_too_large,50.04,original,1.0,original,49910611.0,original,25627.0,original,62716132.0,original,35944500.0,original,-119.0,original
3641716.0,37.0,2025-01-27 02:00:00,WITEL_AHU_L8,35944500.0,228.0,228.0,230.0,0.0,0.0,0.0,50.0,1.0,2025-01-27 01:59:09.000,2025-01-27 01:59:09.000,2025-01-27 01:59:09.000,49910611.0,25627.0,62716132.0,228.0,original,228.0,original,230.0,original,0.0,gap_too_large,0.0,gap_too_large,0.0,gap_too_large,50.0,original,1.0,original,49910611.0,original,25627.0,original,62716132.0,original,35944500.0,original,-118.0,original
3642286.0,37.0,2025-01-27 04:00:00,WITEL_AHU_L8,35944500.0,229.0,229.0,231.0,0.0,0.0,0.0,49.99,1.0,2025-01-27 03:59:00.000,2025-01-27 03:59:00.000,2025-01-27 03:59:00.000,49910611.0,25627.0,62716132.0,229.0,original,229.0,original,231.0,original,0.0,gap_too_large,0.0,gap_too_large,0.0,gap_too_large,49.99,original,1.0,original,49910611.0,original,25627.0,original,62716132.0,original,35944500.0,original,-106.0,original
3642896.0,37.0,2025-01-27 06:00:00,WITEL_AHU_L8,35944500.0,229.0,228.0,231.0,0.0,0.0,0.0,50.06,1.0,2025-01-27 05:59:16.000,2025-01-27 05:59:16.000,2025-01-27 05:59:16.000,49910611.0,25627.0,62716132.0,229.0,original,228.0,original,231.0,original,0.0,gap_too_large,0.0,gap_too_large,0.0,gap_too_large,50.06,original,1.0,original,49910611.0,original,25627.0,original,62716132.0,original,35944500.0,original,-108.0,original
3643502.0,37.0,2025-01-27 08:00:00,WITEL_AHU_L8,35944500.0,228.0,227.0,229.0,0.0,0.0,0.0,49.99,1.0,2025-01-27 07:59:00.000,2025-01-27 07:59:00.000,2025-01-27 07:59:00.000,49910611.0,25627.0,62716132.0,228.0,original,227.0,original,229.0,original,0.0,gap_too_large,0.0,gap_too_large,0.0,gap_too_large,49.99,original,1.0,original,49910611.0,original,25627.0,original,62716132.0,original,35944500.0,original,-119.0,original
3644098.0,37.0,2025-01-27 10:00:00,WITEL_AHU_L8,35944500.0,227.0,227.0,229.0,0.0,0.0,0.0,50.05,1.0,2025-01-27 09:59:00.000,2025-01-27 09:59:00.000,2025-01-27 09:59:00.000,49910611.0,25627.0,62716132.0,227.0,original,227.0,original,229.0,original,0.0,gap_too_large,0.0,gap_too_large,0.0,gap_too_large,50.05,original,1.0,original,49910611.0,original,25627.0,original,62716132.0,original,35944500.0,original,-118.0,original
3644720.0,37.0,2025-01-27 12:00:00,WITEL_AHU_L8,35944500.0,227.0,226.0,228.0,0.0,0.0,0.0,50.06,1.0,2025-01-27 11:59:18.000,2025-01-27 11:59:18.000,2025-01-27 11:59:18.000,49910611.0,25627.0,62716132.0,227.0,original,226.0,original,228.0,original,0.0,gap_too_large,0.0,gap_too_large,0.0,gap_too_large,50.06,original,1.0,original,49910611.0,original,25627.0,original,62716132.0,original,35944500.0,original,-103.0,original
3645304.0,37.0,2025-01-27 14:00:00,WITEL_AHU_L8,35944500.0,226.0,225.0,227.0,0.0,0.0,0.0,50.03,1.0,2025-01-27 13:59:09.000,2025-01-27 13:59:09.000,2025-01-27 13:59:09.000,49910611.0,25627.0,62716132.0,226.0,original,225.0,original,227.0,original,0.0,gap_too_large,0.0,gap_too_large,0.0,gap_too_large,50.03,original,1.0,original,49910611.0,original,25627.0,original,62716132.0,original,35944500.0,original,-119.0,original
3645304.0,,2025-01-27 16:00:00,WITEL_AHU_L8,0.0,0.0,0.0,0.0,0.0,0.0,0.0,0.0,0.0,,,,0.0,0.0,0.0,0.0,gap_too_large,0.0,gap_too_large,0.0,gap_too_large,0.0,gap_too_large,0.0,gap_too_large,0.0,gap_too_large,0.0,gap_too_large,0.0,gap_too_large,0.0,gap_too_large,0.0,gap_too_large,0.0,gap_too_large,0.0,gap_too_large,0.0,gap_too_large
3645304.0,,2025-01-27 18:00:00,WITEL_AHU_L8,0.0,0.0,0.0,0.0,0.0,0.0,0.0,0.0,0.0,,,,0.0,0.0,0.0,0.0,gap_too_large,0.0,gap_too_large,0.0,gap_too_large,0.0,gap_too_large,0.0,gap_too_large,0.0,gap_too_large,0.0,gap_too_large,0.0,gap_too_large,0.0,gap_too_large,0.0,gap_too_large,0.0,gap_too_large,0.0,gap_too_large,0.0,gap_too_large
3645304.0,,2025-01-27 20:00:00,WITEL_AHU_L8,0.0,0.0,0.0,0.0,0.0,0.0,0.0,0.0,0.0,,,,0.0,0.0,0.0,0.0,gap_too_large,0.0,gap_too_large,0.0,gap_too_large,0.0,gap_too_large,0.0,gap_too_large,0.0,gap_too_large,0.0,gap_too_large,0.0,gap_too_large,0.0,gap_too_large,0.0,gap_too_large,0.0,gap_too_large,0.0,gap_too_large,0.0,gap_too_large
3648433.0,37.0,2025-01-27 22:00:00,WITEL_AHU_L8,35944500.0,230.0,229.0,232.0,0.0,0.0,0.0,50.05,1.0,2025-01-27 23:36:27.000,2025-01-27 23:36:27.000,2025-01-27 23:36:27.000,49910611.0,25627.0,62716132.0,230.0,original,229.0,original,232.0,original,0.0,gap_too_large,0.0,gap_too_large,0.0,gap_too_large,50.05,original,1.0,original,49910611.0,original,25627.0,original,62716132.0,original,35944500.0,original,-115.0,original
3648592.0,37.0,2025-01-28 00:00:00,WITEL_AHU_L8,35944500.0,230.0,230.0,232.0,0.0,0.0,0.0,50.06,1.0,2025-01-27 23:59:08.000,2025-01-27 23:59:08.000,2025-01-27 23:59:08.000,49910611.0,25627.0,62716132.0,230.0,original,230.0,original,232.0,original,0.0,gap_too_large,0.0,gap_too_large,0.0,gap_too_large,50.06,original,1.0,original,49910611.0,original,25627.0,original,62716132.0,original,35944500.0,original,-119.0,original
3649441.0,37.0,2025-01-28 02:00:00,WITEL_AHU_L8,35944500.0,229.0,229.0,231.0,0.0,0.0,0.0,50.01,1.0,2025-01-28 01:59:15.000,2025-01-28 01:59:15.000,2025-01-28 01:59:15.000,49910611.0,25627.0,62716132.0,229.0,original,229.0,original,231.0,original,0.0,gap_too_large,0.0,gap_too_large,0.0,gap_too_large,50.01,original,1.0,original,49910611.0,original,25627.0,original,62716132.0,original,35944500.0,original,-120.0,original
3650251.0,37.0,2025-01-28 04:00:00,WITEL_AHU_L8,35944500.0,230.0,230.0,232.0,0.0,0.0,0.0,50.07,1.0,2025-01-28 04:09:06.000,2025-01-28 04:09:06.000,2025-01-28 04:09:06.000,49910611.0,25627.0,62716132.0,230.0,original,230.0,original,232.0,original,0.0,gap_too_large,0.0,gap_too_large,0.0,gap_too_large,50.07,original,1.0,original,49910611.0,original,25627.0,original,62716132.0,original,35944500.0,original,-102.0,original
3650983.0,37.0,2025-01-28 06:00:00,WITEL_AHU_L8,35944500.0,229.0,229.0,231.0,0.0,0.0,0.0,50.07,1.0,2025-01-28 05:59:03.000,2025-01-28 05:59:03.000,2025-01-28 05:59:03.000,49910611.0,25627.0,62716132.0,229.0,original,229.0,original,231.0,original,0.0,gap_too_large,0.0,gap_too_large,0.0,gap_too_large,50.07,original,1.0,original,49910611.0,original,25627.0,original,62716132.0,original,35944500.0,original,-120.0,original
3651829.0,37.0,2025-01-28 08:00:00,WITEL_AHU_L8,35944500.0,225.0,225.0,227.0,0.0,0.0,0.0,50.03,1.0,2025-01-28 07:59:09.000,2025-01-28 07:59:09.000,2025-01-28 07:59:09.000,49910611.0,25627.0,62716132.0,225.0,original,225.0,original,227.0,original,0.0,gap_too_large,0.0,gap_too_large,0.0,gap_too_large,50.03,original,1.0,original,49910611.0,original,25627.0,original,62716132.0,original,35944500.0,original,-105.0,original
3652657.0,37.0,2025-01-28 10:00:00,WITEL_AHU_L8,35944500.0,227.0,226.0,228.0,0.0,0.0,0.0,50.01,1.0,2025-01-28 09:59:00.000,2025-01-28 09:59:00.000,2025-01-28 09:59:00.000,49910611.0,25627.0,62716132.0,227.0,original,226.0,original,228.0,original,0.0,gap_too_large,0.0,gap_too_large,0.0,gap_too_large,50.01,original,1.0,original,49910611.0,original,25627.0,original,62716132.0,original,35944500.0,original,-119.0,original
3653542.0,37.0,2025-01-28 12:00:00,WITEL_AHU_L8,35944500.0,228.0,228.0,230.0,0.0,0.0,0.0,50.1,1.0,2025-01-28 11:59:11.000,2025-01-28 11:59:11.000,2025-01-28 11:59:11.000,49910611.0,25627.0,62716132.0,228.0,original,228.0,original,230.0,original,0.0,gap_too_large,0.0,gap_too_large,0.0,gap_too_large,50.1,original,1.0,original,49910611.0,original,25627.0,original,62716132.0,original,35944500.0,original,-117.0,original
3654331.0,37.0,2025-01-28 14:00:00,WITEL_AHU_L8,35944500.0,227.0,227.0,229.0,0.0,0.0,0.0,50.04,1.0,2025-01-28 13:59:15.000,2025-01-28 13:59:15.000,2025-01-28 13:59:15.000,49910611.0,25627.0,62716132.0,227.0,original,227.0,original,229.0,original,0.0,gap_too_large,0.0,gap_too_large,0.0,gap_too_large,50.04,original,1.0,original,49910611.0,original,25627.0,original,62716132.0,original,35944500.0,original,-120.0,original
3655246.0,37.0,2025-01-28 16:00:00,WITEL_AHU_L8,35944500.0,228.0,228.0,230.0,0.0,0.0,0.0,49.99,1.0,2025-01-28 15:59:23.000,2025-01-28 15:59:23.000,2025-01-28 15:59:23.000,49910611.0,25627.0,62716132.0,228.0,original,228.0,original,230.0,original,0.0,gap_too_large,0.0,gap_too_large,0.0,gap_too_large,49.99,original,1.0,original,49910611.0,original,25627.0,original,62716132.0,original,35944500.0,original,-97.0,original
3656104.0,37.0,2025-01-28 18:00:00,WITEL_AHU_L8,35944500.0,231.0,230.0,232.0,0.0,0.0,0.0,50.05,1.0,2025-01-28 17:59:15.000,2025-01-28 17:59:15.000,2025-01-28 17:59:15.000,49910611.0,25627.0,62716132.0,231.0,original,230.0,original,232.0,original,0.0,gap_too_large,0.0,gap_too_large,0.0,gap_too_large,50.05,original,1.0,original,49910611.0,original,25627.0,original,62716132.0,original,35944500.0,original,-113.0,original
3656974.0,37.0,2025-01-28 20:00:00,WITEL_AHU_L8,35944500.0,229.0,228.0,230.0,0.0,0.0,0.0,50.06,1.0,2025-01-28 19:59:20.000,2025-01-28 19:59:20.000,2025-01-28 19:59:20.000,49910611.0,25627.0,62716132.0,229.0,original,228.0,original,230.0,original,0.0,gap_too_large,0.0,gap_too_large,0.0,gap_too_large,50.06,original,1.0,original,49910611.0,original,25627.0,original,62716132.0,original,35944500.0,original,-118.0,original
3657820.0,37.0,2025-01-28 22:00:00,WITEL_AHU_L8,35944500.0,229.0,229.0,231.0,0.0,0.0,0.0,50.120000000000005,1.0,2025-01-28 21:59:18.000,2025-01-28 21:59:18.000,2025-01-28 21:59:18.000,49910611.0,25627.0,62716132.0,229.0,original,229.0,original,231.0,original,0.0,gap_too_large,0.0,gap_too_large,0.0,gap_too_large,50.120000000000005,original,1.0,original,49910611.0,original,25627.0,original,62716132.0,original,35944500.0,original,-101.0,original
3658816.0,37.0,2025-01-29 00:00:00,WITEL_AHU_L8,35944500.0,228.0,227.0,230.0,0.0,0.0,0.0,50.07,1.0,2025-01-29 00:09:11.000,2025-01-29 00:09:11.000,2025-01-29 00:09:11.000,49910611.0,25627.0,62716132.0,228.0,original,227.0,original,230.0,original,0.0,gap_too_large,0.0,gap_too_large,0.0,gap_too_large,50.07,original,1.0,original,49910611.0,original,25627.0,original,62716132.0,original,35944500.0,original,-102.0,original
3659707.0,37.0,2025-01-29 02:00:00,WITEL_AHU_L8,35944500.0,229.0,228.0,231.0,0.0,0.0,0.0,50.1,1.0,2025-01-29 02:19:13.000,2025-01-29 02:19:13.000,2025-01-29 02:19:13.000,49910611.0,25627.0,62716132.0,229.0,original,228.0,original,231.0,original,0.0,gap_too_large,0.0,gap_too_large,0.0,gap_too_large,50.1,original,1.0,original,49910611.0,original,25627.0,original,62716132.0,original,35944500.0,original,-119.0,original
3660496.0,37.0,2025-01-29 04:00:00,WITEL_AHU_L8,35944500.0,229.0,229.0,231.0,0.0,0.0,0.0,50.01,1.0,2025-01-29 04:09:20.000,2025-01-29 04:09:20.000,2025-01-29 04:09:20.000,49910611.0,25627.0,62716132.0,229.0,original,229.0,original,231.0,original,0.0,gap_too_large,0.0,gap_too_large,0.0,gap_too_large,50.01,original,1.0,original,49910611.0,original,25627.0,original,62716132.0,original,35944500.0,original,-105.0,original
3661288.0,37.0,2025-01-29 06:00:00,WITEL_AHU_L8,35944500.0,229.0,228.0,231.0,0.0,0.0,0.0,50.07,1.0,2025-01-29 05:59:16.000,2025-01-29 05:59:16.000,2025-01-29 05:59:16.000,49910611.0,25627.0,62716132.0,229.0,original,228.0,original,231.0,original,0.0,gap_too_large,0.0,gap_too_large,0.0,gap_too_large,50.07,original,1.0,original,49910611.0,original,25627.0,original,62716132.0,original,35944500.0,original,-120.0,original
3662122.0,37.0,2025-01-29 08:00:00,WITEL_AHU_L8,35944500.0,227.0,227.0,229.0,0.0,0.0,0.0,49.99,1.0,2025-01-29 07:59:17.000,2025-01-29 07:59:17.000,2025-01-29 07:59:17.000,49910611.0,25627.0,62716132.0,227.0,original,227.0,original,229.0,original,0.0,gap_too_large,0.0,gap_too_large,0.0,gap_too_large,49.99,original,1.0,original,49910611.0,original,25627.0,original,62716132.0,original,35944500.0,original,-100.0,original
3662998.0,37.0,2025-01-29 10:00:00,WITEL_AHU_L8,35944500.0,226.0,225.0,227.0,0.0,0.0,0.0,50.0,1.0,2025-01-29 09:59:01.000,2025-01-29 09:59:01.000,2025-01-29 09:59:01.000,49910611.0,25627.0,62716132.0,226.0,original,225.0,original,227.0,original,0.0,gap_too_large,0.0,gap_too_large,0.0,gap_too_large,50.0,original,1.0,original,49910611.0,original,25627.0,original,62716132.0,original,35944500.0,original,-118.0,original
3663928.0,37.0,2025-01-29 12:00:00,WITEL_AHU_L8,35944500.0,229.0,228.0,230.0,0.0,0.0,0.0,50.03,1.0,2025-01-29 12:09:04.000,2025-01-29 12:09:04.000,2025-01-29 12:09:04.000,49910611.0,25627.0,62716132.0,229.0,original,228.0,original,230.0,original,0.0,gap_too_large,0.0,gap_too_large,0.0,gap_too_large,50.03,original,1.0,original,49910611.0,original,25627.0,original,62716132.0,original,35944500.0,original,-100.0,original
3664762.0,37.0,2025-01-29 14:00:00,WITEL_AHU_L8,35944500.0,228.0,227.0,229.0,0.0,0.0,0.0,50.04,1.0,2025-01-29 13:59:06.000,2025-01-29 13:59:06.000,2025-01-29 13:59:06.000,49910611.0,25627.0,62716132.0,228.0,original,227.0,original,229.0,original,0.0,gap_too_large,0.0,gap_too_large,0.0,gap_too_large,50.04,original,1.0,original,49910611.0,original,25627.0,original,62716132.0,original,35944500.0,original,-118.0,original
3665644.0,37.0,2025-01-29 16:00:00,WITEL_AHU_L8,35944500.0,228.0,227.0,229.0,0.0,0.0,0.0,50.03,1.0,2025-01-29 15:59:03.000,2025-01-29 15:59:03.000,2025-01-29 15:59:03.000,49910611.0,25627.0,62716132.0,228.0,original,227.0,original,229.0,original,0.0,gap_too_large,0.0,gap_too_large,0.0,gap_too_large,50.03,original,1.0,original,49910611.0,original,25627.0,original,62716132.0,original,35944500.0,original,-118.0,original
3666610.0,37.0,2025-01-29 18:00:00,WITEL_AHU_L8,35944500.0,228.0,227.0,229.0,0.0,0.0,0.0,50.02,1.0,2025-01-29 17:59:17.000,2025-01-29 17:59:17.000,2025-01-29 17:59:17.000,49910611.0,25627.0,62716132.0,228.0,original,227.0,original,229.0,original,0.0,gap_too_large,0.0,gap_too_large,0.0,gap_too_large,50.02,original,1.0,original,49910611.0,original,25627.0,original,62716132.0,original,35944500.0,original,-103.0,original
3667531.0,37.0,2025-01-29 20:00:00,WITEL_AHU_L8,35944500.0,227.0,227.0,229.0,0.0,0.0,0.0,50.03,1.0,2025-01-29 19:59:19.000,2025-01-29 19:59:19.000,2025-01-29 19:59:19.000,49910611.0,25627.0,62716132.0,227.0,original,227.0,original,229.0,original,0.0,gap_too_large,0.0,gap_too_large,0.0,gap_too_large,50.03,original,1.0,original,49910611.0,original,25627.0,original,62716132.0,original,35944500.0,original,-118.0,original
3668446.0,37.0,2025-01-29 22:00:00,WITEL_AHU_L8,35944500.0,229.0,229.0,231.0,0.0,0.0,0.0,50.02,1.0,2025-01-29 21:59:07.000,2025-01-29 21:59:07.000,2025-01-29 21:59:07.000,49910611.0,25627.0,62716132.0,229.0,original,229.0,original,231.0,original,0.0,gap_too_large,0.0,gap_too_large,0.0,gap_too_large,50.02,original,1.0,original,49910611.0,original,25627.0,original,62716132.0,original,35944500.0,original,-99.0,original
3668446.0,,2025-01-30 00:00:00,WITEL_AHU_L8,0.0,0.0,0.0,0.0,0.0,0.0,0.0,0.0,0.0,,,,0.0,0.0,0.0,0.0,gap_too_large,0.0,gap_too_large,0.0,gap_too_large,0.0,gap_too_large,0.0,gap_too_large,0.0,gap_too_large,0.0,gap_too_large,0.0,gap_too_large,0.0,gap_too_large,0.0,gap_too_large,0.0,gap_too_large,0.0,gap_too_large,0.0,gap_too_large
3668446.0,,2025-01-30 02:00:00,WITEL_AHU_L8,0.0,0.0,0.0,0.0,0.0,0.0,0.0,0.0,0.0,,,,0.0,0.0,0.0,0.0,gap_too_large,0.0,gap_too_large,0.0,gap_too_large,0.0,gap_too_large,0.0,gap_too_large,0.0,gap_too_large,0.0,gap_too_large,0.0,gap_too_large,0.0,gap_too_large,0.0,gap_too_large,0.0,gap_too_large,0.0,gap_too_large,0.0,gap_too_large
3668446.0,,2025-01-30 04:00:00,WITEL_AHU_L8,0.0,0.0,0.0,0.0,0.0,0.0,0.0,0.0,0.0,,,,0.0,0.0,0.0,0.0,gap_too_large,0.0,gap_too_large,0.0,gap_too_large,0.0,gap_too_large,0.0,gap_too_large,0.0,gap_too_large,0.0,gap_too_large,0.0,gap_too_large,0.0,gap_too_large,0.0,gap_too_large,0.0,gap_too_large,0.0,gap_too_large,0.0,gap_too_large
3672214.0,37.0,2025-01-30 06:00:00,WITEL_AHU_L8,35944500.0,225.0,224.0,226.0,0.0,0.0,0.0,49.97,1.0,2025-01-30 07:35:16.000,2025-01-30 07:35:16.000,2025-01-30 07:35:16.000,49910611.0,25627.0,62716132.0,225.0,original,224.0,original,226.0,original,0.0,gap_too_large,0.0,gap_too_large,0.0,gap_too_large,49.97,original,1.0,original,49910611.0,original,25627.0,original,62716132.0,original,35944500.0,original,-118.0,original
3672418.0,37.0,2025-01-30 08:00:00,WITEL_AHU_L8,35944500.0,226.0,225.0,228.0,0.0,0.0,0.0,49.98,1.0,2025-01-30 07:59:17.000,2025-01-30 07:59:17.000,2025-01-30 07:59:17.000,49910611.0,25627.0,62716132.0,226.0,original,225.0,original,228.0,original,0.0,gap_too_large,0.0,gap_too_large,0.0,gap_too_large,49.98,original,1.0,original,49910611.0,original,25627.0,original,62716132.0,original,35944500.0,original,-117.0,original
3673198.0,37.0,2025-01-30 10:00:00,WITEL_AHU_L8,35944500.0,222.0,221.0,223.0,0.0,0.0,0.0,49.99,1.0,2025-01-30 09:59:04.000,2025-01-30 09:59:04.000,2025-01-30 09:59:04.000,49910611.0,25627.0,62716132.0,222.0,original,221.0,original,223.0,original,0.0,gap_too_large,0.0,gap_too_large,0.0,gap_too_large,49.99,original,1.0,original,49910611.0,original,25627.0,original,62716132.0,original,35944500.0,original,-100.0,original
