{"total_power_kwh": {"min": 0.0, "max": 47.09726353110425}, "suhu": {"min": 31.9, "max": 31.9}, "lumens": {"min": 1400.0, "max": 1400.0}, "Occupansi": {"min": 0.0, "max": 300.0}, "id_v1": {"min": 204.0, "max": 355.0}, "id_v2": {"min": 204.0, "max": 327.0}, "id_v3": {"min": 153.0, "max": 365.0}, "id_i1": {"min": 0.0, "max": 481.6666666666667}, "id_i2": {"min": 0.0, "max": 467.75}, "id_i3": {"min": 0.0, "max": 484.6666666666667}, "id_power_factor": {"min": 0.0, "max": 50.07}, "id_frequency": {"min": 49.45, "max": 50.23}}