id_id,id_n_id,id_time,id_meter_id,id_stand_energy_kirim,id_v1,id_v2,id_v3,id_i1,id_i2,id_i3,id_frequency,id_power_factor,id_create_date,updated_at,created_at,reactive_energy_import,reactive_energy_export,apparent_energy_import,id_stand_energy_kirim,id_stand_energy_kirim_status,id_v1,id_v1_status,id_v2,id_v2_status,id_v3,id_v3_status,id_i1,id_i1_status,id_i2,id_i2_status,id_i3,id_i3_status,id_frequency,id_frequency_status,id_power_factor,id_power_factor_status,reactive_energy_import,reactive_energy_import_status,reactive_energy_export,reactive_energy_export_status,apparent_energy_import,apparent_energy_import_status,rssi,rssi_status
604993.0,22.0,2024-01-01 00:00:00,WITEL_CHILLER,893038000.0,229.0,229.0,231.0,4.0,0.0,4.0,49.98,0.8674999999999999,2024-01-01 00:00:15.000,2024-01-01 00:00:15.000,2024-01-01 00:00:15.000,504937597.0,3274874.0,1029184270.0,893038000.0,original,229.0,original,229.0,original,231.0,original,4.0,original,0.0,gap_too_large,4.0,original,49.98,original,0.8674999999999999,original,504937597.0,original,3274874.0,original,1029184270.0,original,-106.0,original
605311.0,22.0,2024-01-01 02:00:00,WITEL_CHILLER,893068000.0,230.0,230.0,232.0,4.0,0.0,4.0,49.98,0.8674999999999999,2024-01-01 02:00:16.000,2024-01-01 02:00:16.000,2024-01-01 02:00:16.000,504948410.0,3279677.0,1029218446.0,893068000.0,original,230.0,original,230.0,original,232.0,original,4.0,original,0.0,gap_too_large,4.0,original,49.98,original,0.8674999999999999,original,504948410.0,original,3279677.0,original,1029218446.0,original,-101.0,original
605658.0,22.0,2024-01-01 04:00:00,WITEL_CHILLER,893100000.0,228.0,229.0,230.0,4.0,0.0,4.0,50.01,0.8683,2024-01-01 04:10:18.000,2024-01-01 04:10:18.000,2024-01-01 04:10:18.000,504960134.0,3284883.0,1029255499.0,893100000.0,original,228.0,original,229.0,original,230.0,original,4.0,original,0.0,gap_too_large,4.0,original,50.01,original,0.8683,original,504960134.0,original,3284883.0,original,1029255499.0,original,-111.0,original
605950.0,22.0,2024-01-01 06:00:00,WITEL_CHILLER,893127000.0,228.0,228.0,230.0,4.0,0.0,4.0,50.05,0.8718999999999999,2024-01-01 06:00:12.000,2024-01-01 06:00:12.000,2024-01-01 06:00:12.000,504969888.0,3289286.0,1029286459.0,893127000.0,original,228.0,original,228.0,original,230.0,original,4.0,original,0.0,gap_too_large,4.0,original,50.05,original,0.8718999999999999,original,504969888.0,original,3289286.0,original,1029286459.0,original,-108.0,original
606313.0,22.0,2024-01-01 08:00:00,WITEL_CHILLER,893161000.0,226.0,227.0,229.0,4.0,0.0,4.0,50.01,0.8684999999999999,2024-01-01 08:20:16.000,2024-01-01 08:20:16.000,2024-01-01 08:20:16.000,504982186.0,3294890.0,1029325557.0,893161000.0,original,226.0,original,227.0,original,229.0,original,4.0,original,0.0,gap_too_large,4.0,original,50.01,original,0.8684999999999999,original,504982186.0,original,3294890.0,original,1029325557.0,original,-121.0,original
606650.0,22.0,2024-01-01 10:00:00,WITEL_CHILLER,893192000.0,226.0,227.0,228.0,4.0,0.0,4.0,50.0,0.8695999999999999,2024-01-01 10:30:13.000,2024-01-01 10:30:13.000,2024-01-01 10:30:13.000,504993443.0,3300070.0,1029361432.0,893192000.0,original,226.0,original,227.0,original,228.0,original,4.0,original,0.0,gap_too_large,4.0,original,50.0,original,0.8695999999999999,original,504993443.0,original,3300070.0,original,1029361432.0,original,-100.0,original
606889.0,22.0,2024-01-01 12:00:00,WITEL_CHILLER,893214000.0,226.0,226.0,228.0,4.0,0.0,4.0,50.01,0.8714,2024-01-01 12:00:13.000,2024-01-01 12:00:13.000,2024-01-01 12:00:13.000,505001248.0,3303654.0,1029386273.0,893214000.0,original,226.0,original,226.0,original,228.0,original,4.0,original,0.0,gap_too_large,4.0,original,50.01,original,0.8714,original,505001248.0,original,3303654.0,original,1029386273.0,original,-101.0,original
607217.0,22.0,2024-01-01 14:00:00,WITEL_CHILLER,893245000.0,225.0,226.0,228.0,4.0,0.0,4.0,49.99,0.8670999999999999,2024-01-01 14:10:17.000,2024-01-01 14:10:17.000,2024-01-01 14:10:17.000,505012490.0,3308826.0,1029422078.0,893245000.0,original,225.0,original,226.0,original,228.0,original,4.0,original,0.0,gap_too_large,4.0,original,49.99,original,0.8670999999999999,original,505012490.0,original,3308826.0,original,1029422078.0,original,-120.0,original
607511.0,22.0,2024-01-01 16:00:00,WITEL_CHILLER,893271000.0,225.0,226.0,227.0,4.0,0.0,4.0,49.95,0.8690999999999999,2024-01-01 16:00:14.000,2024-01-01 16:00:14.000,2024-01-01 16:00:14.000,505021978.0,3313197.0,1029452318.0,893271000.0,original,225.0,original,226.0,original,227.0,original,4.0,original,0.0,gap_too_large,4.0,original,49.95,original,0.8690999999999999,original,505021978.0,original,3313197.0,original,1029452318.0,original,-108.0,original
607833.0,22.0,2024-01-01 18:00:00,WITEL_CHILLER,893300000.0,225.0,225.0,227.0,4.0,0.0,3.0,50.0,0.8686999999999999,2024-01-01 18:00:15.000,2024-01-01 18:00:15.000,2024-01-01 18:00:15.000,505032301.0,3317974.0,1029485262.0,893300000.0,original,225.0,original,225.0,original,227.0,original,4.0,original,0.0,gap_too_large,3.0,original,50.0,original,0.8686999999999999,original,505032301.0,original,3317974.0,original,1029485262.0,original,-123.0,original
608175.0,22.0,2024-01-01 20:00:00,WITEL_CHILLER,893331000.0,227.0,228.0,230.0,4.0,0.0,4.0,50.02,0.8684,2024-01-01 20:10:12.000,2024-01-01 20:10:12.000,2024-01-01 20:10:12.000,505043699.0,3323146.0,1029521477.0,893331000.0,original,227.0,original,228.0,original,230.0,original,4.0,original,0.0,gap_too_large,4.0,original,50.02,original,0.8684,original,505043699.0,original,3323146.0,original,1029521477.0,original,-123.0,original
608502.0,22.0,2024-01-01 22:00:00,WITEL_CHILLER,893361000.0,229.0,230.0,232.0,4.0,0.0,4.0,50.03,0.8696999999999999,2024-01-01 22:10:19.000,2024-01-01 22:10:19.000,2024-01-01 22:10:19.000,505054342.0,3327939.0,1029555208.0,893361000.0,original,229.0,original,230.0,original,232.0,original,4.0,original,0.0,gap_too_large,4.0,original,50.03,original,0.8696999999999999,original,505054342.0,original,3327939.0,original,1029555208.0,original,-121.0,original
608777.0,22.0,2024-01-02 00:00:00,WITEL_CHILLER,893388000.0,228.0,229.0,231.0,4.0,0.0,4.0,50.03,0.8694999999999999,2024-01-02 00:00:15.000,2024-01-02 00:00:15.000,2024-01-02 00:00:15.000,505064195.0,3332333.0,1029586392.0,893388000.0,original,228.0,original,229.0,original,231.0,original,4.0,original,0.0,gap_too_large,4.0,original,50.03,original,0.8694999999999999,original,505064195.0,original,3332333.0,original,1029586392.0,original,-102.0,original
609166.0,22.0,2024-01-02 02:00:00,WITEL_CHILLER,893427000.0,229.0,230.0,232.0,4.0,0.0,4.0,50.01,0.8657999999999999,2024-01-02 02:40:12.000,2024-01-02 02:40:12.000,2024-01-02 02:40:12.000,505078570.0,3338730.0,1029631870.0,893427000.0,original,229.0,original,230.0,original,232.0,original,4.0,original,0.0,gap_too_large,4.0,original,50.01,original,0.8657999999999999,original,505078570.0,original,3338730.0,original,1029631870.0,original,-108.0,original
609409.0,22.0,2024-01-02 04:00:00,WITEL_CHILLER,893452000.0,229.0,230.0,232.0,4.0,0.0,4.0,49.98,0.8709999999999999,2024-01-02 04:20:13.000,2024-01-02 04:20:13.000,2024-01-02 04:20:13.000,505087642.0,3342730.0,1029660481.0,893452000.0,original,229.0,original,230.0,original,232.0,original,4.0,original,0.0,gap_too_large,4.0,original,49.98,original,0.8709999999999999,original,505087642.0,original,3342730.0,original,1029660481.0,original,-121.0,original
609639.0,22.0,2024-01-02 06:00:00,WITEL_CHILLER,893477000.0,226.0,227.0,228.0,4.0,0.0,4.0,50.0,0.8704,2024-01-02 06:00:15.000,2024-01-02 06:00:15.000,2024-01-02 06:00:15.000,505096570.0,3346730.0,1029688744.0,893477000.0,original,226.0,original,227.0,original,228.0,original,4.0,original,0.0,gap_too_large,4.0,original,50.0,original,0.8704,original,505096570.0,original,3346730.0,original,1029688744.0,original,-123.0,original
609945.0,22.0,2024-01-02 08:00:00,WITEL_CHILLER,893505000.0,224.0,225.0,226.0,4.0,271.0,4.0,49.98,0.8730999999999999,2024-01-02 08:00:13.000,2024-01-02 08:00:13.000,2024-01-02 08:00:13.000,505106874.0,3351504.0,1029721614.0,893505000.0,original,224.0,original,225.0,original,226.0,original,4.0,original,271.0,original,4.0,original,49.98,original,0.8730999999999999,original,505106874.0,original,3351504.0,original,1029721614.0,original,-107.0,original
610245.0,22.0,2024-01-02 10:00:00,WITEL_CHILLER,895922000.0,219.0,221.0,222.0,296.0,315.0,313.0,49.98,0.8472999999999999,2024-01-02 10:00:16.000,2024-01-02 10:00:16.000,2024-01-02 10:00:16.000,506540282.0,3352714.0,1032535461.0,895922000.0,original,219.0,original,221.0,original,222.0,original,296.0,original,315.0,original,313.0,original,49.98,original,0.8472999999999999,original,506540282.0,original,3352714.0,original,1032535461.0,original,-120.0,original
610639.0,22.0,2024-01-02 12:00:00,WITEL_CHILLER,899787000.0,224.0,226.0,228.0,206.0,213.0,216.0,49.92,0.8694,2024-01-02 12:30:20.000,2024-01-02 12:30:20.000,2024-01-02 12:30:20.000,508883011.0,3352714.0,1037059877.0,899787000.0,original,224.0,original,226.0,original,228.0,original,206.0,original,213.0,original,216.0,original,49.92,original,0.8694,original,508883011.0,original,3352714.0,original,1037059877.0,original,-100.0,original
610883.0,22.0,2024-01-02 14:00:00,WITEL_CHILLER,902376000.0,218.0,220.0,222.0,380.0,399.0,396.0,50.01,0.8737999999999999,2024-01-02 14:10:14.000,2024-01-02 14:10:14.000,2024-01-02 14:10:14.000,510437933.0,3352714.0,1040084030.0,902376000.0,original,218.0,original,220.0,original,222.0,original,380.0,original,399.0,original,396.0,original,50.01,original,0.8737999999999999,original,510437933.0,original,3352714.0,original,1040084030.0,original,-121.0,original
611201.0,22.0,2024-01-02 16:00:00,WITEL_CHILLER,905086000.0,226.0,227.0,229.0,4.0,0.0,4.0,49.94,1.0,2024-01-02 16:10:16.000,2024-01-02 16:10:16.000,2024-01-02 16:10:16.000,512073965.0,3352714.0,1043251912.0,905086000.0,original,226.0,original,227.0,original,229.0,original,4.0,original,0.0,gap_too_large,4.0,original,49.94,original,1.0,original,512073965.0,original,3352714.0,original,1043251912.0,original,-107.0,original
611518.0,22.0,2024-01-02 18:00:00,WITEL_CHILLER,905110000.0,227.0,228.0,229.0,4.0,0.0,4.0,49.98,0.8680999999999999,2024-01-02 18:10:15.000,2024-01-02 18:10:15.000,2024-01-02 18:10:15.000,512082874.0,3356595.0,1043279688.0,905110000.0,original,227.0,original,228.0,original,229.0,original,4.0,original,0.0,gap_too_large,4.0,original,49.98,original,0.8680999999999999,original,512082874.0,original,3356595.0,original,1043279688.0,original,-106.0,original
611794.0,22.0,2024-01-02 20:00:00,WITEL_CHILLER,905136000.0,226.0,226.0,228.0,4.0,0.0,4.0,49.96,0.8694,2024-01-02 20:00:17.000,2024-01-02 20:00:17.000,2024-01-02 20:00:17.000,512092467.0,3360986.0,1043310213.0,905136000.0,original,226.0,original,226.0,original,228.0,original,4.0,original,0.0,gap_too_large,4.0,original,49.96,original,0.8694,original,512092467.0,original,3360986.0,original,1043310213.0,original,-100.0,original
612119.0,22.0,2024-01-02 22:00:00,WITEL_CHILLER,905168000.0,227.0,228.0,230.0,4.0,0.0,4.0,50.08,0.8693,2024-01-02 22:10:14.000,2024-01-02 22:10:14.000,2024-01-02 22:10:14.000,512103741.0,3366176.0,1043346145.0,905168000.0,original,227.0,original,228.0,original,230.0,original,4.0,original,0.0,gap_too_large,4.0,original,50.08,original,0.8693,original,512103741.0,original,3366176.0,original,1043346145.0,original,-123.0,original
612420.0,22.0,2024-01-03 00:00:00,WITEL_CHILLER,905195000.0,229.0,230.0,231.0,4.0,0.0,4.0,50.0,0.8678999999999999,2024-01-03 00:00:15.000,2024-01-03 00:00:15.000,2024-01-03 00:00:15.000,512113542.0,3370579.0,1043377198.0,905195000.0,original,229.0,original,230.0,original,231.0,original,4.0,original,0.0,gap_too_large,4.0,original,50.0,original,0.8678999999999999,original,512113542.0,original,3370579.0,original,1043377198.0,original,-108.0,original
612756.0,22.0,2024-01-03 02:00:00,WITEL_CHILLER,905224000.0,227.0,228.0,230.0,4.0,0.0,4.0,50.01,0.8674,2024-01-03 02:00:18.000,2024-01-03 02:00:18.000,2024-01-03 02:00:18.000,512124426.0,3375392.0,1043411518.0,905224000.0,original,227.0,original,228.0,original,230.0,original,4.0,original,0.0,gap_too_large,4.0,original,50.01,original,0.8674,original,512124426.0,original,3375392.0,original,1043411518.0,original,-107.0,original
613099.0,22.0,2024-01-03 04:00:00,WITEL_CHILLER,905256000.0,230.0,230.0,232.0,4.0,0.0,4.0,50.0,0.8675999999999999,2024-01-03 04:10:13.000,2024-01-03 04:10:13.000,2024-01-03 04:10:13.000,512136080.0,3380605.0,1043448373.0,905256000.0,original,230.0,original,230.0,original,232.0,original,4.0,original,0.0,gap_too_large,4.0,original,50.0,original,0.8675999999999999,original,512136080.0,original,3380605.0,original,1043448373.0,original,-101.0,original
613425.0,22.0,2024-01-03 06:00:00,WITEL_CHILLER,905286000.0,227.0,228.0,230.0,4.0,0.0,4.0,49.96,0.8688999999999999,2024-01-03 06:10:14.000,2024-01-03 06:10:14.000,2024-01-03 06:10:14.000,512146848.0,3385424.0,1043482405.0,905286000.0,original,227.0,original,228.0,original,230.0,original,4.0,original,0.0,gap_too_large,4.0,original,49.96,original,0.8688999999999999,original,512146848.0,original,3385424.0,original,1043482405.0,original,-102.0,original
613728.0,22.0,2024-01-03 08:00:00,WITEL_CHILLER,905315000.0,228.0,229.0,231.0,4.0,254.0,4.0,49.96,0.8684,2024-01-03 08:10:18.000,2024-01-03 08:10:18.000,2024-01-03 08:10:18.000,512157398.0,3390237.0,1043515931.0,905315000.0,original,228.0,original,229.0,original,231.0,original,4.0,original,254.0,original,4.0,original,49.96,original,0.8684,original,512157398.0,original,3390237.0,original,1043515931.0,original,-121.0,original
614011.0,22.0,2024-01-03 10:00:00,WITEL_CHILLER,908386000.0,222.0,225.0,226.0,317.0,338.0,339.0,50.03,0.8574999999999999,2024-01-03 10:10:18.000,2024-01-03 10:10:18.000,2024-01-03 10:10:18.000,513972403.0,3391146.0,1047088053.0,908386000.0,original,222.0,original,225.0,original,226.0,original,317.0,original,338.0,original,339.0,original,50.03,original,0.8574999999999999,original,513972403.0,original,3391146.0,original,1047088053.0,original,-119.0,original
614280.0,22.0,2024-01-03 12:00:00,WITEL_CHILLER,911928000.0,222.0,224.0,225.0,327.0,347.0,349.0,50.08,0.8631,2024-01-03 12:00:17.000,2024-01-03 12:00:17.000,2024-01-03 12:00:17.000,516088086.0,3391146.0,1051215841.0,911928000.0,original,222.0,original,224.0,original,225.0,original,327.0,original,347.0,original,349.0,original,50.08,original,0.8631,original,516088086.0,original,3391146.0,original,1051215841.0,original,-121.0,original
614597.0,22.0,2024-01-03 14:00:00,WITEL_CHILLER,916223000.0,220.0,221.0,223.0,340.0,360.0,360.0,49.94,0.8695999999999999,2024-01-03 14:10:16.000,2024-01-03 14:10:16.000,2024-01-03 14:10:16.000,518583341.0,3391146.0,1056185617.0,916223000.0,original,220.0,original,221.0,original,223.0,original,340.0,original,360.0,original,360.0,original,49.94,original,0.8695999999999999,original,518583341.0,original,3391146.0,original,1056185617.0,original,-105.0,original
614847.0,22.0,2024-01-03 16:00:00,WITEL_CHILLER,919942000.0,227.0,228.0,229.0,29.0,27.0,30.0,50.04,0.8599999999999999,2024-01-03 16:00:13.000,2024-01-03 16:00:13.000,2024-01-03 16:00:13.000,520749952.0,3391146.0,1060491105.0,919942000.0,original,227.0,original,228.0,original,229.0,original,29.0,original,27.0,original,30.0,original,50.04,original,0.8599999999999999,original,520749952.0,original,3391146.0,original,1060491105.0,original,-107.0,original
615104.0,22.0,2024-01-03 18:00:00,WITEL_CHILLER,919976000.0,230.0,231.0,233.0,4.0,0.0,4.0,50.05,0.8643,2024-01-03 18:00:14.000,2024-01-03 18:00:14.000,2024-01-03 18:00:14.000,520762867.0,3396387.0,1060530149.0,919976000.0,original,230.0,original,231.0,original,233.0,original,4.0,original,0.0,gap_too_large,4.0,original,50.05,original,0.8643,original,520762867.0,original,3396387.0,original,1060530149.0,original,-105.0,original
615362.0,22.0,2024-01-03 20:00:00,WITEL_CHILLER,920005000.0,227.0,227.0,229.0,4.0,0.0,4.0,50.03,0.8676999999999999,2024-01-03 20:00:13.000,2024-01-03 20:00:13.000,2024-01-03 20:00:13.000,520773587.0,3401152.0,1060563953.0,920005000.0,original,227.0,original,227.0,original,229.0,original,4.0,original,0.0,gap_too_large,4.0,original,50.03,original,0.8676999999999999,original,520773587.0,original,3401152.0,original,1060563953.0,original,-101.0,original
615625.0,22.0,2024-01-03 22:00:00,WITEL_CHILLER,920035000.0,228.0,229.0,230.0,4.0,0.0,4.0,50.03,0.8706999999999999,2024-01-03 22:00:16.000,2024-01-03 22:00:16.000,2024-01-03 22:00:16.000,520784230.0,3405933.0,1060597585.0,920035000.0,original,228.0,original,229.0,original,230.0,original,4.0,original,0.0,gap_too_large,4.0,original,50.03,original,0.8706999999999999,original,520784230.0,original,3405933.0,original,1060597585.0,original,-121.0,original
615939.0,22.0,2024-01-04 00:00:00,WITEL_CHILLER,920064000.0,230.0,231.0,232.0,4.0,0.0,4.0,50.04,0.8683,2024-01-04 00:00:13.000,2024-01-04 00:00:13.000,2024-01-04 00:00:13.000,520795085.0,3410723.0,1060631749.0,920064000.0,original,230.0,original,231.0,original,232.0,original,4.0,original,0.0,gap_too_large,4.0,original,50.04,original,0.8683,original,520795085.0,original,3410723.0,original,1060631749.0,original,-123.0,original
616278.0,22.0,2024-01-04 02:00:00,WITEL_CHILLER,920093000.0,227.0,228.0,230.0,4.0,0.0,4.0,49.99,0.8697999999999999,2024-01-04 02:00:14.000,2024-01-04 02:00:14.000,2024-01-04 02:00:14.000,520805677.0,3415507.0,1060665313.0,920093000.0,original,227.0,original,228.0,original,230.0,original,4.0,original,0.0,gap_too_large,4.0,original,49.99,original,0.8697999999999999,original,520805677.0,original,3415507.0,original,1060665313.0,original,-108.0,original
616631.0,22.0,2024-01-04 04:00:00,WITEL_CHILLER,920125000.0,228.0,229.0,231.0,4.0,0.0,4.0,50.02,0.8676999999999999,2024-01-04 04:10:10.000,2024-01-04 04:10:10.000,2024-01-04 04:10:10.000,520817258.0,3420691.0,1060701944.0,920125000.0,original,228.0,original,229.0,original,231.0,original,4.0,original,0.0,gap_too_large,4.0,original,50.02,original,0.8676999999999999,original,520817258.0,original,3420691.0,original,1060701944.0,original,-105.0,original
616943.0,22.0,2024-01-04 06:00:00,WITEL_CHILLER,920152000.0,225.0,226.0,227.0,4.0,0.0,4.0,49.96,0.8727999999999999,2024-01-04 06:00:14.000,2024-01-04 06:00:14.000,2024-01-04 06:00:14.000,520826918.0,3425069.0,1060732613.0,920152000.0,original,225.0,original,226.0,original,227.0,original,4.0,original,0.0,gap_too_large,4.0,original,49.96,original,0.8727999999999999,original,520826918.0,original,3425069.0,original,1060732613.0,original,-120.0,original
617234.0,22.0,2024-01-04 08:00:00,WITEL_CHILLER,920180000.0,225.0,226.0,227.0,4.0,28.0,4.0,50.0,0.8674,2024-01-04 08:00:13.000,2024-01-04 08:00:13.000,2024-01-04 08:00:13.000,520837270.0,3429837.0,1060765557.0,920180000.0,original,225.0,original,226.0,original,227.0,original,4.0,original,28.0,original,4.0,original,50.0,original,0.8674,original,520837270.0,original,3429837.0,original,1060765557.0,original,-102.0,original
617519.0,22.0,2024-01-04 10:00:00,WITEL_CHILLER,922433000.0,223.0,225.0,225.0,134.0,139.0,142.0,49.97,0.8191999999999999,2024-01-04 10:00:15.000,2024-01-04 10:00:15.000,2024-01-04 10:00:15.000,522185674.0,3431014.0,1063395150.0,922433000.0,original,223.0,original,225.0,original,225.0,original,134.0,original,139.0,original,142.0,original,49.97,original,0.8191999999999999,original,522185674.0,original,3431014.0,original,1063395150.0,original,-106.0,original
617791.0,22.0,2024-01-04 12:00:00,WITEL_CHILLER,925126000.0,223.0,225.0,226.0,367.0,388.0,384.0,50.01,0.8646999999999999,2024-01-04 12:00:13.000,2024-01-04 12:00:13.000,2024-01-04 12:00:13.000,523870886.0,3431014.0,1066577560.0,925126000.0,original,223.0,original,225.0,original,226.0,original,367.0,original,388.0,original,384.0,original,50.01,original,0.8646999999999999,original,523870886.0,original,3431014.0,original,1066577560.0,original,-122.0,original
618065.0,22.0,2024-01-04 14:00:00,WITEL_CHILLER,927905000.0,223.0,225.0,226.0,200.0,206.0,208.0,50.06,0.8706999999999999,2024-01-04 14:00:11.000,2024-01-04 14:00:11.000,2024-01-04 14:00:11.000,525589674.0,3431014.0,1069848904.0,927905000.0,original,223.0,original,225.0,original,226.0,original,200.0,original,206.0,original,208.0,original,50.06,original,0.8706999999999999,original,525589674.0,original,3431014.0,original,1069848904.0,original,-122.0,original
618344.0,22.0,2024-01-04 16:00:00,WITEL_CHILLER,930108000.0,224.0,225.0,226.0,3.0,0.0,4.0,50.04,0.8704999999999999,2024-01-04 16:00:15.000,2024-01-04 16:00:15.000,2024-01-04 16:00:15.000,526971872.0,3431094.0,1072451003.0,930108000.0,original,224.0,original,225.0,original,226.0,original,3.0,original,0.0,gap_too_large,4.0,original,50.04,original,0.8704999999999999,original,526971872.0,original,3431094.0,original,1072451003.0,original,-103.0,original
618606.0,22.0,2024-01-04 18:00:00,WITEL_CHILLER,930132000.0,229.0,230.0,231.0,4.0,0.0,4.0,50.09,0.8664999999999999,2024-01-04 18:00:14.000,2024-01-04 18:00:14.000,2024-01-04 18:00:14.000,526982013.0,3434720.0,1072479717.0,930132000.0,original,229.0,original,230.0,original,231.0,original,4.0,original,0.0,gap_too_large,4.0,original,50.09,original,0.8664999999999999,original,526982013.0,original,3434720.0,original,1072479717.0,original,-105.0,original
618865.0,22.0,2024-01-04 20:00:00,WITEL_CHILLER,930161000.0,227.0,228.0,229.0,4.0,0.0,4.0,50.0,0.8673,2024-01-04 20:00:16.000,2024-01-04 20:00:16.000,2024-01-04 20:00:16.000,526992480.0,3439530.0,1072513029.0,930161000.0,original,227.0,original,228.0,original,229.0,original,4.0,original,0.0,gap_too_large,4.0,original,50.0,original,0.8673,original,526992480.0,original,3439530.0,original,1072513029.0,original,-109.0,original
619123.0,22.0,2024-01-04 22:00:00,WITEL_CHILLER,930191000.0,228.0,229.0,230.0,4.0,0.0,4.0,49.97,0.8675999999999999,2024-01-04 22:00:14.000,2024-01-04 22:00:14.000,2024-01-04 22:00:14.000,527003069.0,3444349.0,1072546648.0,930191000.0,original,228.0,original,229.0,original,230.0,original,4.0,original,0.0,gap_too_large,4.0,original,49.97,original,0.8675999999999999,original,527003069.0,original,3444349.0,original,1072546648.0,original,-107.0,original
619400.0,22.0,2024-01-05 00:00:00,WITEL_CHILLER,930220000.0,228.0,228.0,230.0,4.0,0.0,4.0,49.96,0.8672,2024-01-05 00:00:14.000,2024-01-05 00:00:14.000,2024-01-05 00:00:14.000,527013731.0,3449174.0,1072580469.0,930220000.0,original,228.0,original,228.0,original,230.0,original,4.0,original,0.0,gap_too_large,4.0,original,49.96,original,0.8672,original,527013731.0,original,3449174.0,original,1072580469.0,original,-108.0,original
619707.0,22.0,2024-01-05 02:00:00,WITEL_CHILLER,930249000.0,229.0,230.0,231.0,4.0,0.0,4.0,50.02,0.8686999999999999,2024-01-05 02:00:12.000,2024-01-05 02:00:12.000,2024-01-05 02:00:12.000,527024406.0,3454010.0,1072614289.0,930249000.0,original,229.0,original,230.0,original,231.0,original,4.0,original,0.0,gap_too_large,4.0,original,50.02,original,0.8686999999999999,original,527024406.0,original,3454010.0,original,1072614289.0,original,-121.0,original
620003.0,22.0,2024-01-05 04:00:00,WITEL_CHILLER,930279000.0,230.0,230.0,232.0,4.0,0.0,4.0,50.01,0.8669999999999999,2024-01-05 04:00:16.000,2024-01-05 04:00:16.000,2024-01-05 04:00:16.000,527035267.0,3458851.0,1072648539.0,930279000.0,original,230.0,original,230.0,original,232.0,original,4.0,original,0.0,gap_too_large,4.0,original,50.01,original,0.8669999999999999,original,527035267.0,original,3458851.0,original,1072648539.0,original,-108.0,original
620278.0,22.0,2024-01-05 06:00:00,WITEL_CHILLER,930309000.0,227.0,228.0,229.0,4.0,0.0,4.0,49.95,0.8684999999999999,2024-01-05 06:00:09.000,2024-01-05 06:00:09.000,2024-01-05 06:00:09.000,527046006.0,3463686.0,1072682501.0,930309000.0,original,227.0,original,228.0,original,229.0,original,4.0,original,0.0,gap_too_large,4.0,original,49.95,original,0.8684999999999999,original,527046006.0,original,3463686.0,original,1072682501.0,original,-121.0,original
620637.0,22.0,2024-01-05 08:00:00,WITEL_CHILLER,930342000.0,224.0,225.0,226.0,4.0,364.0,4.0,50.07,0.8688999999999999,2024-01-05 08:20:16.000,2024-01-05 08:20:16.000,2024-01-05 08:20:16.000,527058045.0,3469302.0,1072720878.0,930342000.0,original,224.0,original,225.0,original,226.0,original,4.0,original,364.0,original,4.0,original,50.07,original,0.8688999999999999,original,527058045.0,original,3469302.0,original,1072720878.0,original,-100.0,original
620941.0,22.0,2024-01-05 10:00:00,WITEL_CHILLER,933793000.0,219.0,221.0,223.0,332.0,348.0,349.0,49.99,0.8683,2024-01-05 10:20:17.000,2024-01-05 10:20:17.000,2024-01-05 10:20:17.000,529047350.0,3469789.0,1076708091.0,933793000.0,original,219.0,original,221.0,original,223.0,original,332.0,original,348.0,original,349.0,original,49.99,original,0.8683,original,529047350.0,original,3469789.0,original,1076708091.0,original,-103.0,original
621210.0,22.0,2024-01-05 12:00:00,WITEL_CHILLER,937488000.0,221.0,224.0,225.0,336.0,354.0,355.0,49.96,0.8649999999999999,2024-01-05 12:10:11.000,2024-01-05 12:10:11.000,2024-01-05 12:10:11.000,531174928.0,3469789.0,1080973365.0,937488000.0,original,221.0,original,224.0,original,225.0,original,336.0,original,354.0,original,355.0,original,49.96,original,0.8649999999999999,original,531174928.0,original,3469789.0,original,1080973365.0,original,-106.0,original
621507.0,22.0,2024-01-05 14:00:00,WITEL_CHILLER,941487000.0,223.0,224.0,226.0,189.0,193.0,197.0,50.05,0.8743,2024-01-05 14:10:14.000,2024-01-05 14:10:14.000,2024-01-05 14:10:14.000,533451037.0,3469789.0,1085576094.0,941487000.0,original,223.0,original,224.0,original,226.0,original,189.0,original,193.0,original,197.0,original,50.05,original,0.8743,original,533451037.0,original,3469789.0,original,1085576094.0,original,-108.0,original
621801.0,22.0,2024-01-05 16:00:00,WITEL_CHILLER,943649000.0,227.0,228.0,229.0,3.0,0.0,4.0,49.98,0.4741999999999999,2024-01-05 16:00:15.000,2024-01-05 16:00:15.000,2024-01-05 16:00:15.000,534637402.0,3469789.0,1088042472.0,943649000.0,original,227.0,original,228.0,original,229.0,original,3.0,original,0.0,gap_too_large,4.0,original,49.98,original,0.4741999999999999,original,534637402.0,original,3469789.0,original,1088042472.0,original,-101.0,original
622123.0,22.0,2024-01-05 18:00:00,WITEL_CHILLER,943674000.0,227.0,228.0,229.0,4.0,0.0,4.0,50.04,0.8673,2024-01-05 18:00:10.000,2024-01-05 18:00:10.000,2024-01-05 18:00:10.000,534647670.0,3473427.0,1088071413.0,943674000.0,original,227.0,original,228.0,original,229.0,original,4.0,original,0.0,gap_too_large,4.0,original,50.04,original,0.8673,original,534647670.0,original,3473427.0,original,1088071413.0,original,-121.0,original
622454.0,22.0,2024-01-05 20:00:00,WITEL_CHILLER,943705000.0,228.0,229.0,230.0,4.0,0.0,4.0,50.05,0.8690999999999999,2024-01-05 20:10:12.000,2024-01-05 20:10:12.000,2024-01-05 20:10:12.000,534659248.0,3478630.0,1088108030.0,943705000.0,original,228.0,original,229.0,original,230.0,original,4.0,original,0.0,gap_too_large,4.0,original,50.05,original,0.8690999999999999,original,534659248.0,original,3478630.0,original,1088108030.0,original,-100.0,original
622740.0,22.0,2024-01-05 22:00:00,WITEL_CHILLER,943733000.0,230.0,231.0,232.0,4.0,0.0,4.0,49.94,0.8669999999999999,2024-01-05 22:00:17.000,2024-01-05 22:00:17.000,2024-01-05 22:00:17.000,534669149.0,3483056.0,1088139288.0,943733000.0,original,230.0,original,231.0,original,232.0,original,4.0,original,0.0,gap_too_large,4.0,original,49.94,original,0.8669999999999999,original,534669149.0,original,3483056.0,original,1088139288.0,original,-107.0,original
623038.0,22.0,2024-01-06 00:00:00,WITEL_CHILLER,943762000.0,228.0,228.0,230.0,4.0,0.0,4.0,49.92,0.8689999999999999,2024-01-06 00:00:12.000,2024-01-06 00:00:12.000,2024-01-06 00:00:12.000,534679632.0,3487862.0,1088172641.0,943762000.0,original,228.0,original,228.0,original,230.0,original,4.0,original,0.0,gap_too_large,4.0,original,49.92,original,0.8689999999999999,original,534679632.0,original,3487862.0,original,1088172641.0,original,-99.0,original
623350.0,22.0,2024-01-06 02:00:00,WITEL_CHILLER,943791000.0,230.0,230.0,232.0,4.0,0.0,4.0,50.1,0.8674,2024-01-06 02:00:15.000,2024-01-06 02:00:15.000,2024-01-06 02:00:15.000,534690342.0,3492688.0,1088206565.0,943791000.0,original,230.0,original,230.0,original,232.0,original,4.0,original,0.0,gap_too_large,4.0,original,50.1,original,0.8674,original,534690342.0,original,3492688.0,original,1088206565.0,original,-106.0,original
623651.0,22.0,2024-01-06 04:00:00,WITEL_CHILLER,943821000.0,230.0,230.0,232.0,4.0,0.0,4.0,49.94,0.8685999999999999,2024-01-06 04:00:14.000,2024-01-06 04:00:14.000,2024-01-06 04:00:14.000,534701222.0,3497510.0,1088240878.0,943821000.0,original,230.0,original,230.0,original,232.0,original,4.0,original,0.0,gap_too_large,4.0,original,49.94,original,0.8685999999999999,original,534701222.0,original,3497510.0,original,1088240878.0,original,-102.0,original
623970.0,22.0,2024-01-06 06:00:00,WITEL_CHILLER,943853000.0,229.0,229.0,231.0,4.0,0.0,4.0,49.99,0.8665999999999999,2024-01-06 06:10:13.000,2024-01-06 06:10:13.000,2024-01-06 06:10:13.000,534712960.0,3502742.0,1088277921.0,943853000.0,original,229.0,original,229.0,original,231.0,original,4.0,original,0.0,gap_too_large,4.0,original,49.99,original,0.8665999999999999,original,534712960.0,original,3502742.0,original,1088277921.0,original,-120.0,original
624278.0,22.0,2024-01-06 08:00:00,WITEL_CHILLER,943885000.0,227.0,227.0,229.0,4.0,0.0,4.0,50.07,0.8677999999999999,2024-01-06 08:20:16.000,2024-01-06 08:20:16.000,2024-01-06 08:20:16.000,534724419.0,3507974.0,1088314293.0,943885000.0,original,227.0,original,227.0,original,229.0,original,4.0,original,0.0,gap_too_large,4.0,original,50.07,original,0.8677999999999999,original,534724419.0,original,3507974.0,original,1088314293.0,original,-112.0,original
624505.0,22.0,2024-01-06 10:00:00,WITEL_CHILLER,943908000.0,225.0,226.0,227.0,4.0,0.0,4.0,50.0,0.8693,2024-01-06 10:00:12.000,2024-01-06 10:00:12.000,2024-01-06 10:00:12.000,534733082.0,3511987.0,1088341867.0,943908000.0,original,225.0,original,226.0,original,227.0,original,4.0,original,0.0,gap_too_large,4.0,original,50.0,original,0.8693,original,534733082.0,original,3511987.0,original,1088341867.0,original,-101.0,original
624815.0,22.0,2024-01-06 12:00:00,WITEL_CHILLER,943940000.0,229.0,230.0,231.0,4.0,0.0,4.0,50.0,0.8679999999999999,2024-01-06 12:10:16.000,2024-01-06 12:10:16.000,2024-01-06 12:10:16.000,534744493.0,3517200.0,1088378059.0,943940000.0,original,229.0,original,230.0,original,231.0,original,4.0,original,0.0,gap_too_large,4.0,original,50.0,original,0.8679999999999999,original,534744493.0,original,3517200.0,original,1088378059.0,original,-121.0,original
625091.0,22.0,2024-01-06 14:00:00,WITEL_CHILLER,943969000.0,228.0,229.0,230.0,4.0,0.0,4.0,49.97,0.8703,2024-01-06 14:10:09.000,2024-01-06 14:10:09.000,2024-01-06 14:10:09.000,534755206.0,3522019.0,1088411915.0,943969000.0,original,228.0,original,229.0,original,230.0,original,4.0,original,0.0,gap_too_large,4.0,original,49.97,original,0.8703,original,534755206.0,original,3522019.0,original,1088411915.0,original,-121.0,original
625387.0,22.0,2024-01-06 16:00:00,WITEL_CHILLER,943996000.0,229.0,229.0,231.0,4.0,0.0,4.0,49.95,0.8659999999999999,2024-01-06 16:00:17.000,2024-01-06 16:00:17.000,2024-01-06 16:00:17.000,534765110.0,3526458.0,1088443166.0,943996000.0,original,229.0,original,229.0,original,231.0,original,4.0,original,0.0,gap_too_large,4.0,original,49.95,original,0.8659999999999999,original,534765110.0,original,3526458.0,original,1088443166.0,original,-108.0,original
625780.0,22.0,2024-01-06 18:00:00,WITEL_CHILLER,944033000.0,228.0,228.0,230.0,4.0,0.0,4.0,50.02,0.8683,2024-01-06 18:30:09.000,2024-01-06 18:30:09.000,2024-01-06 18:30:09.000,534778611.0,3532499.0,1088485745.0,944033000.0,original,228.0,original,228.0,original,230.0,original,4.0,original,0.0,gap_too_large,4.0,original,50.02,original,0.8683,original,534778611.0,original,3532499.0,original,1088485745.0,original,-121.0,original
626034.0,22.0,2024-01-06 20:00:00,WITEL_CHILLER,944055000.0,227.0,227.0,229.0,4.0,0.0,4.0,50.01,0.8685999999999999,2024-01-06 20:00:14.000,2024-01-06 20:00:14.000,2024-01-06 20:00:14.000,534786502.0,3536118.0,1088510801.0,944055000.0,original,227.0,original,227.0,original,229.0,original,4.0,original,0.0,gap_too_large,4.0,original,50.01,original,0.8685999999999999,original,534786502.0,original,3536118.0,original,1088510801.0,original,-102.0,original
626362.0,22.0,2024-01-06 22:00:00,WITEL_CHILLER,944084000.0,229.0,229.0,231.0,4.0,0.0,4.0,50.06,0.8665999999999999,2024-01-06 22:00:18.000,2024-01-06 22:00:18.000,2024-01-06 22:00:18.000,534797107.0,3540947.0,1088544430.0,944084000.0,original,229.0,original,229.0,original,231.0,original,4.0,original,0.0,gap_too_large,4.0,original,50.06,original,0.8665999999999999,original,534797107.0,original,3540947.0,original,1088544430.0,original,-108.0,original
626666.0,22.0,2024-01-07 00:00:00,WITEL_CHILLER,944114000.0,230.0,231.0,233.0,4.0,0.0,4.0,49.94,0.8686999999999999,2024-01-07 00:00:12.000,2024-01-07 00:00:12.000,2024-01-07 00:00:12.000,534808006.0,3545776.0,1088578753.0,944114000.0,original,230.0,original,231.0,original,233.0,original,4.0,original,0.0,gap_too_large,4.0,original,49.94,original,0.8686999999999999,original,534808006.0,original,3545776.0,original,1088578753.0,original,-111.0,original
626983.0,22.0,2024-01-07 02:00:00,WITEL_CHILLER,944143000.0,229.0,230.0,232.0,4.0,0.0,4.0,50.02,0.8655999999999999,2024-01-07 02:00:12.000,2024-01-07 02:00:12.000,2024-01-07 02:00:12.000,534818758.0,3550595.0,1088612718.0,944143000.0,original,229.0,original,230.0,original,232.0,original,4.0,original,0.0,gap_too_large,4.0,original,50.02,original,0.8655999999999999,original,534818758.0,original,3550595.0,original,1088612718.0,original,-111.0,original
627291.0,22.0,2024-01-07 04:00:00,WITEL_CHILLER,944173000.0,230.0,230.0,232.0,4.0,0.0,4.0,50.0,0.8668999999999999,2024-01-07 04:00:16.000,2024-01-07 04:00:16.000,2024-01-07 04:00:16.000,534829664.0,3555427.0,1088647061.0,944173000.0,original,230.0,original,230.0,original,232.0,original,4.0,original,0.0,gap_too_large,4.0,original,50.0,original,0.8668999999999999,original,534829664.0,original,3555427.0,original,1088647061.0,original,-102.0,original
627627.0,22.0,2024-01-07 06:00:00,WITEL_CHILLER,944206000.0,229.0,230.0,231.0,4.0,0.0,4.0,50.04,0.8668999999999999,2024-01-07 06:10:14.000,2024-01-07 06:10:14.000,2024-01-07 06:10:14.000,534841462.0,3560659.0,1088684206.0,944206000.0,original,229.0,original,230.0,original,231.0,original,4.0,original,0.0,gap_too_large,4.0,original,50.04,original,0.8668999999999999,original,534841462.0,original,3560659.0,original,1088684206.0,original,-121.0,original
627921.0,22.0,2024-01-07 08:00:00,WITEL_CHILLER,944233000.0,228.0,228.0,230.0,4.0,0.0,4.0,49.99,0.8664,2024-01-07 08:00:13.000,2024-01-07 08:00:13.000,2024-01-07 08:00:13.000,534851334.0,3565094.0,1088715368.0,944233000.0,original,228.0,original,228.0,original,230.0,original,4.0,original,0.0,gap_too_large,4.0,original,49.99,original,0.8664,original,534851334.0,original,3565094.0,original,1088715368.0,original,-118.0,original
628245.0,22.0,2024-01-07 10:00:00,WITEL_CHILLER,944264000.0,226.0,227.0,228.0,4.0,0.0,4.0,50.02,0.8688999999999999,2024-01-07 10:10:14.000,2024-01-07 10:10:14.000,2024-01-07 10:10:14.000,534862659.0,3570304.0,1088751320.0,944264000.0,original,226.0,original,227.0,original,228.0,original,4.0,original,0.0,gap_too_large,4.0,original,50.02,original,0.8688999999999999,original,534862659.0,original,3570304.0,original,1088751320.0,original,-111.0,original
628513.0,22.0,2024-01-07 12:00:00,WITEL_CHILLER,944290000.0,226.0,227.0,228.0,4.0,0.0,4.0,49.99,0.8641,2024-01-07 12:00:18.000,2024-01-07 12:00:18.000,2024-01-07 12:00:18.000,534872182.0,3574701.0,1088781579.0,944290000.0,original,226.0,original,227.0,original,228.0,original,4.0,original,0.0,gap_too_large,4.0,original,49.99,original,0.8641,original,534872182.0,original,3574701.0,original,1088781579.0,original,-121.0,original
628847.0,22.0,2024-01-07 14:00:00,WITEL_CHILLER,944324000.0,226.0,227.0,229.0,4.0,0.0,4.0,49.99,0.8664,2024-01-07 14:20:13.000,2024-01-07 14:20:13.000,2024-01-07 14:20:13.000,534884342.0,3580301.0,1088820187.0,944324000.0,original,226.0,original,227.0,original,229.0,original,4.0,original,0.0,gap_too_large,4.0,original,49.99,original,0.8664,original,534884342.0,original,3580301.0,original,1088820187.0,original,-108.0,original
629154.0,22.0,2024-01-07 16:00:00,WITEL_CHILLER,944350000.0,227.0,228.0,229.0,4.0,0.0,4.0,50.05,0.8652,2024-01-07 16:10:13.000,2024-01-07 16:10:13.000,2024-01-07 16:10:13.000,534893971.0,3584717.0,1088850731.0,944350000.0,original,227.0,original,228.0,original,229.0,original,4.0,original,0.0,gap_too_large,4.0,original,50.05,original,0.8652,original,534893971.0,original,3584717.0,original,1088850731.0,original,-101.0,original
629454.0,22.0,2024-01-07 18:00:00,WITEL_CHILLER,944377000.0,228.0,228.0,230.0,4.0,0.0,4.0,50.0,0.8674,2024-01-07 18:00:10.000,2024-01-07 18:00:10.000,2024-01-07 18:00:10.000,534903690.0,3589149.0,1088881518.0,944377000.0,original,228.0,original,228.0,original,230.0,original,4.0,original,0.0,gap_too_large,4.0,original,50.0,original,0.8674,original,534903690.0,original,3589149.0,original,1088881518.0,original,-108.0,original
629779.0,22.0,2024-01-07 20:00:00,WITEL_CHILLER,944406000.0,228.0,229.0,230.0,4.0,0.0,4.0,49.98,0.8684,2024-01-07 20:00:13.000,2024-01-07 20:00:13.000,2024-01-07 20:00:13.000,534914365.0,3593971.0,1088915262.0,944406000.0,original,228.0,original,229.0,original,230.0,original,4.0,original,0.0,gap_too_large,4.0,original,49.98,original,0.8684,original,534914365.0,original,3593971.0,original,1088915262.0,original,-103.0,original
630107.0,22.0,2024-01-07 22:00:00,WITEL_CHILLER,944436000.0,230.0,230.0,232.0,4.0,0.0,4.0,50.0,0.8638999999999999,2024-01-07 22:00:10.000,2024-01-07 22:00:10.000,2024-01-07 22:00:10.000,534925139.0,3598797.0,1088949265.0,944436000.0,original,230.0,original,230.0,original,232.0,original,4.0,original,0.0,gap_too_large,4.0,original,50.0,original,0.8638999999999999,original,534925139.0,original,3598797.0,original,1088949265.0,original,-102.0,original
630420.0,22.0,2024-01-08 00:00:00,WITEL_CHILLER,944465000.0,229.0,229.0,231.0,4.0,0.0,4.0,50.05,0.8697999999999999,2024-01-08 00:00:13.000,2024-01-08 00:00:13.000,2024-01-08 00:00:13.000,534935930.0,3603622.0,1088983317.0,944465000.0,original,229.0,original,229.0,original,231.0,original,4.0,original,0.0,gap_too_large,4.0,original,50.05,original,0.8697999999999999,original,534935930.0,original,3603622.0,original,1088983317.0,original,-100.0,original
630743.0,22.0,2024-01-08 02:00:00,WITEL_CHILLER,944495000.0,229.0,230.0,232.0,4.0,0.0,4.0,50.03,0.8668999999999999,2024-01-08 02:00:17.000,2024-01-08 02:00:17.000,2024-01-08 02:00:17.000,534946723.0,3608445.0,1089017387.0,944495000.0,original,229.0,original,230.0,original,232.0,original,4.0,original,0.0,gap_too_large,4.0,original,50.03,original,0.8668999999999999,original,534946723.0,original,3608445.0,original,1089017387.0,original,-99.0,original
631044.0,22.0,2024-01-08 04:00:00,WITEL_CHILLER,944524000.0,227.0,228.0,230.0,4.0,0.0,4.0,49.98,0.8668999999999999,2024-01-08 04:00:16.000,2024-01-08 04:00:16.000,2024-01-08 04:00:16.000,534957552.0,3613270.0,1089051553.0,944524000.0,original,227.0,original,228.0,original,230.0,original,4.0,original,0.0,gap_too_large,4.0,original,49.98,original,0.8668999999999999,original,534957552.0,original,3613270.0,original,1089051553.0,original,-120.0,original
631344.0,22.0,2024-01-08 06:00:00,WITEL_CHILLER,944553000.0,226.0,227.0,228.0,4.0,0.0,4.0,50.0,0.8683,2024-01-08 06:00:19.000,2024-01-08 06:00:19.000,2024-01-08 06:00:19.000,534968042.0,3618070.0,1089084872.0,944553000.0,original,226.0,original,227.0,original,228.0,original,4.0,original,0.0,gap_too_large,4.0,original,50.0,original,0.8683,original,534968042.0,original,3618070.0,original,1089084872.0,original,-100.0,original
631751.0,22.0,2024-01-08 08:00:00,WITEL_CHILLER,944587000.0,225.0,226.0,227.0,4.0,28.0,4.0,50.0,0.8697999999999999,2024-01-08 08:20:17.000,2024-01-08 08:20:17.000,2024-01-08 08:20:17.000,534980080.0,3623661.0,1089123224.0,944587000.0,original,225.0,original,226.0,original,227.0,original,4.0,original,28.0,original,4.0,original,50.0,original,0.8697999999999999,original,534980080.0,original,3623661.0,original,1089123224.0,original,-101.0,original
632060.0,22.0,2024-01-08 10:00:00,WITEL_CHILLER,947921000.0,218.0,220.0,222.0,340.0,360.0,359.0,50.06,0.8725999999999999,2024-01-08 10:10:14.000,2024-01-08 10:10:14.000,2024-01-08 10:10:14.000,536868493.0,3624051.0,1092958977.0,947921000.0,original,218.0,original,220.0,original,222.0,original,340.0,original,360.0,original,359.0,original,50.06,original,0.8725999999999999,original,536868493.0,original,3624051.0,original,1092958977.0,original,-102.0,original
632376.0,22.0,2024-01-08 12:00:00,WITEL_CHILLER,951714000.0,223.0,225.0,227.0,359.0,381.0,382.0,50.06,0.8676999999999999,2024-01-08 12:00:15.000,2024-01-08 12:00:15.000,2024-01-08 12:00:15.000,539025267.0,3624051.0,1097323422.0,951714000.0,original,223.0,original,225.0,original,227.0,original,359.0,original,381.0,original,382.0,original,50.06,original,0.8676999999999999,original,539025267.0,original,3624051.0,original,1097323422.0,original,-108.0,original
632712.0,22.0,2024-01-08 14:00:00,WITEL_CHILLER,956006000.0,218.0,220.0,221.0,358.0,378.0,378.0,49.99,0.8753,2024-01-08 14:00:12.000,2024-01-08 14:00:12.000,2024-01-08 14:00:12.000,541420410.0,3624051.0,1102241694.0,956006000.0,original,218.0,original,220.0,original,221.0,original,358.0,original,378.0,original,378.0,original,49.99,original,0.8753,original,541420410.0,original,3624051.0,original,1102241694.0,original,-107.0,original
633065.0,22.0,2024-01-08 16:00:00,WITEL_CHILLER,960048000.0,228.0,229.0,230.0,4.0,0.0,4.0,50.03,1.0,2024-01-08 16:10:17.000,2024-01-08 16:10:17.000,2024-01-08 16:10:17.000,543673763.0,3624051.0,1106870190.0,960048000.0,original,228.0,original,229.0,original,230.0,original,4.0,original,0.0,gap_too_large,4.0,original,50.03,original,1.0,original,543673763.0,original,3624051.0,original,1106870190.0,original,-100.0,original
633355.0,22.0,2024-01-08 18:00:00,WITEL_CHILLER,960071000.0,227.0,228.0,229.0,4.0,0.0,4.0,50.08,0.8684999999999999,2024-01-08 18:00:14.000,2024-01-08 18:00:14.000,2024-01-08 18:00:14.000,543682422.0,3627805.0,1106897096.0,960071000.0,original,227.0,original,228.0,original,229.0,original,4.0,original,0.0,gap_too_large,4.0,original,50.08,original,0.8684999999999999,original,543682422.0,original,3627805.0,original,1106897096.0,original,-123.0,original
633673.0,22.0,2024-01-08 20:00:00,WITEL_CHILLER,960100000.0,225.0,226.0,227.0,4.0,0.0,4.0,50.0,0.8694999999999999,2024-01-08 20:00:15.000,2024-01-08 20:00:15.000,2024-01-08 20:00:15.000,543692893.0,3632595.0,1106930385.0,960100000.0,original,225.0,original,226.0,original,227.0,original,4.0,original,0.0,gap_too_large,4.0,original,50.0,original,0.8694999999999999,original,543692893.0,original,3632595.0,original,1106930385.0,original,-121.0,original
633982.0,22.0,2024-01-08 22:00:00,WITEL_CHILLER,960129000.0,227.0,228.0,229.0,4.0,0.0,4.0,50.05,0.8679999999999999,2024-01-08 22:00:14.000,2024-01-08 22:00:14.000,2024-01-08 22:00:14.000,543703302.0,3637402.0,1106963515.0,960129000.0,original,227.0,original,228.0,original,229.0,original,4.0,original,0.0,gap_too_large,4.0,original,50.05,original,0.8679999999999999,original,543703302.0,original,3637402.0,original,1106963515.0,original,-105.0,original
634337.0,22.0,2024-01-09 00:00:00,WITEL_CHILLER,960160000.0,226.0,227.0,229.0,4.0,0.0,4.0,49.97,0.8692,2024-01-09 00:10:12.000,2024-01-09 00:10:12.000,2024-01-09 00:10:12.000,543714701.0,3642611.0,1106999704.0,960160000.0,original,226.0,original,227.0,original,229.0,original,4.0,original,0.0,gap_too_large,4.0,original,49.97,original,0.8692,original,543714701.0,original,3642611.0,original,1106999704.0,original,-103.0,original
634625.0,22.0,2024-01-09 02:00:00,WITEL_CHILLER,960187000.0,228.0,228.0,230.0,4.0,0.0,4.0,50.0,0.8666999999999999,2024-01-09 02:00:11.000,2024-01-09 02:00:11.000,2024-01-09 02:00:11.000,543724384.0,3647021.0,1107030430.0,960187000.0,original,228.0,original,228.0,original,230.0,original,4.0,original,0.0,gap_too_large,4.0,original,50.0,original,0.8666999999999999,original,543724384.0,original,3647021.0,original,1107030430.0,original,-121.0,original
634926.0,22.0,2024-01-09 04:00:00,WITEL_CHILLER,960216000.0,229.0,229.0,231.0,4.0,0.0,4.0,49.94,0.8700999999999999,2024-01-09 04:00:10.000,2024-01-09 04:00:10.000,2024-01-09 04:00:10.000,543735126.0,3651837.0,1107064405.0,960216000.0,original,229.0,original,229.0,original,231.0,original,4.0,original,0.0,gap_too_large,4.0,original,49.94,original,0.8700999999999999,original,543735126.0,original,3651837.0,original,1107064405.0,original,-107.0,original
635254.0,22.0,2024-01-09 06:00:00,WITEL_CHILLER,960248000.0,225.0,225.0,227.0,4.0,0.0,3.0,49.95,0.8669999999999999,2024-01-09 06:10:15.000,2024-01-09 06:10:15.000,2024-01-09 06:10:15.000,543746570.0,3657050.0,1107100705.0,960248000.0,original,225.0,original,225.0,original,227.0,original,4.0,original,0.0,gap_too_large,3.0,original,49.95,original,0.8669999999999999,original,543746570.0,original,3657050.0,original,1107100705.0,original,-102.0,original
635605.0,22.0,2024-01-09 08:00:00,WITEL_CHILLER,960279000.0,225.0,226.0,228.0,4.0,381.0,4.0,50.06,0.8694,2024-01-09 08:20:11.000,2024-01-09 08:20:11.000,2024-01-09 08:20:11.000,543757754.0,3662250.0,1107136369.0,960279000.0,original,225.0,original,226.0,original,228.0,original,4.0,original,381.0,original,4.0,original,50.06,original,0.8694,original,543757754.0,original,3662250.0,original,1107136369.0,original,-121.0,original
635877.0,22.0,2024-01-09 10:00:00,WITEL_CHILLER,962150000.0,220.0,222.0,223.0,208.0,213.0,216.0,49.97,0.8769999999999999,2024-01-09 10:00:13.000,2024-01-09 10:00:13.000,2024-01-09 10:00:13.000,544826720.0,3662778.0,1109294952.0,962150000.0,original,220.0,original,222.0,original,223.0,original,208.0,original,213.0,original,216.0,original,49.97,original,0.8769999999999999,original,544826720.0,original,3662778.0,original,1109294952.0,original,-100.0,original
636184.0,22.0,2024-01-09 12:00:00,WITEL_CHILLER,964735000.0,225.0,227.0,228.0,206.0,214.0,217.0,50.07,0.8585999999999999,2024-01-09 12:00:11.000,2024-01-09 12:00:11.000,2024-01-09 12:00:11.000,546286470.0,3662778.0,1112264670.0,964735000.0,original,225.0,original,227.0,original,228.0,original,206.0,original,214.0,original,217.0,original,50.07,original,0.8585999999999999,original,546286470.0,original,3662778.0,original,1112264670.0,original,-101.0,original
636513.0,22.0,2024-01-09 14:00:00,WITEL_CHILLER,967537000.0,218.0,221.0,222.0,297.0,315.0,313.0,50.01,0.8484999999999999,2024-01-09 14:00:09.000,2024-01-09 14:00:09.000,2024-01-09 14:00:09.000,547967120.0,3662778.0,1115535960.0,967537000.0,original,218.0,original,221.0,original,222.0,original,297.0,original,315.0,original,313.0,original,50.01,original,0.8484999999999999,original,547967120.0,original,3662778.0,original,1115535960.0,original,-119.0,original
636853.0,22.0,2024-01-09 16:00:00,WITEL_CHILLER,970777000.0,224.0,226.0,227.0,200.0,210.0,212.0,50.01,0.8573,2024-01-09 16:00:16.000,2024-01-09 16:00:16.000,2024-01-09 16:00:16.000,549894621.0,3662778.0,1119309662.0,970777000.0,original,224.0,original,226.0,original,227.0,original,200.0,original,210.0,original,212.0,original,50.01,original,0.8573,original,549894621.0,original,3662778.0,original,1119309662.0,original,-106.0,original
637146.0,22.0,2024-01-09 18:00:00,WITEL_CHILLER,970905000.0,228.0,228.0,230.0,4.0,0.0,4.0,50.04,0.8672,2024-01-09 18:00:17.000,2024-01-09 18:00:17.000,2024-01-09 18:00:17.000,549972781.0,3665994.0,1119461461.0,970905000.0,original,228.0,original,228.0,original,230.0,original,4.0,original,0.0,gap_too_large,4.0,original,50.04,original,0.8672,original,549972781.0,original,3665994.0,original,1119461461.0,original,-120.0,original
637472.0,22.0,2024-01-09 20:00:00,WITEL_CHILLER,970938000.0,226.0,227.0,228.0,4.0,0.0,4.0,49.96,0.8695999999999999,2024-01-09 20:20:10.000,2024-01-09 20:20:10.000,2024-01-09 20:20:10.000,549985059.0,3671568.0,1119500481.0,970938000.0,original,226.0,original,227.0,original,228.0,original,4.0,original,0.0,gap_too_large,4.0,original,49.96,original,0.8695999999999999,original,549985059.0,original,3671568.0,original,1119500481.0,original,-108.0,original
637730.0,22.0,2024-01-09 22:00:00,WITEL_CHILLER,970965000.0,228.0,229.0,231.0,4.0,0.0,4.0,50.06,0.8673,2024-01-09 22:10:09.000,2024-01-09 22:10:09.000,2024-01-09 22:10:09.000,549994694.0,3675955.0,1119531147.0,970965000.0,original,228.0,original,229.0,original,231.0,original,4.0,original,0.0,gap_too_large,4.0,original,50.06,original,0.8673,original,549994694.0,original,3675955.0,original,1119531147.0,original,-120.0,original
638026.0,22.0,2024-01-10 00:00:00,WITEL_CHILLER,970994000.0,227.0,227.0,229.0,4.0,0.0,4.0,49.99,0.8685999999999999,2024-01-10 00:10:13.000,2024-01-10 00:10:13.000,2024-01-10 00:10:13.000,550005328.0,3680758.0,1119564885.0,970994000.0,original,227.0,original,227.0,original,229.0,original,4.0,original,0.0,gap_too_large,4.0,original,49.99,original,0.8685999999999999,original,550005328.0,original,3680758.0,original,1119564885.0,original,-108.0,original
638315.0,22.0,2024-01-10 02:00:00,WITEL_CHILLER,971024000.0,228.0,229.0,231.0,4.0,0.0,4.0,49.96,0.8685999999999999,2024-01-10 02:10:16.000,2024-01-10 02:10:16.000,2024-01-10 02:10:16.000,550015888.0,3685555.0,1119598430.0,971024000.0,original,228.0,original,229.0,original,231.0,original,4.0,original,0.0,gap_too_large,4.0,original,49.96,original,0.8685999999999999,original,550015888.0,original,3685555.0,original,1119598430.0,original,-121.0,original
638587.0,22.0,2024-01-10 04:00:00,WITEL_CHILLER,971053000.0,229.0,230.0,231.0,4.0,0.0,4.0,50.04,0.8684999999999999,2024-01-10 04:10:13.000,2024-01-10 04:10:13.000,2024-01-10 04:10:13.000,550026634.0,3690365.0,1119632437.0,971053000.0,original,229.0,original,230.0,original,231.0,original,4.0,original,0.0,gap_too_large,4.0,original,50.04,original,0.8684999999999999,original,550026634.0,original,3690365.0,original,1119632437.0,original,-121.0,original
638825.0,22.0,2024-01-10 06:00:00,WITEL_CHILLER,971080000.0,226.0,227.0,228.0,4.0,0.0,4.0,50.05,0.8674999999999999,2024-01-10 06:00:14.000,2024-01-10 06:00:14.000,2024-01-10 06:00:14.000,550036326.0,3694765.0,1119663227.0,971080000.0,original,226.0,original,227.0,original,228.0,original,4.0,original,0.0,gap_too_large,4.0,original,50.05,original,0.8674999999999999,original,550036326.0,original,3694765.0,original,1119663227.0,original,-120.0,original
639148.0,22.0,2024-01-10 08:00:00,WITEL_CHILLER,971111000.0,224.0,225.0,226.0,4.0,399.0,3.0,50.04,0.8673,2024-01-10 08:10:14.000,2024-01-10 08:10:14.000,2024-01-10 08:10:14.000,550047450.0,3699958.0,1119698760.0,971111000.0,original,224.0,original,225.0,original,226.0,original,4.0,original,399.0,original,3.0,original,50.04,original,0.8673,original,550047450.0,original,3699958.0,original,1119698760.0,original,-102.0,original
639449.0,22.0,2024-01-10 10:00:00,WITEL_CHILLER,974527000.0,220.0,223.0,224.0,349.0,370.0,369.0,50.03,0.8702,2024-01-10 10:10:13.000,2024-01-10 10:10:13.000,2024-01-10 10:10:13.000,551972682.0,3700736.0,1123623707.0,974527000.0,original,220.0,original,223.0,original,224.0,original,349.0,original,370.0,original,369.0,original,50.03,original,0.8702,original,551972682.0,original,3700736.0,original,1123623707.0,original,-120.0,original
639741.0,22.0,2024-01-10 12:00:00,WITEL_CHILLER,978383000.0,222.0,225.0,226.0,343.0,363.0,365.0,50.09,0.8652,2024-01-10 12:00:13.000,2024-01-10 12:00:13.000,2024-01-10 12:00:13.000,554182566.0,3700736.0,1128071048.0,978383000.0,original,222.0,original,225.0,original,226.0,original,343.0,original,363.0,original,365.0,original,50.09,original,0.8652,original,554182566.0,original,3700736.0,original,1128071048.0,original,-100.0,original
640045.0,22.0,2024-01-10 14:00:00,WITEL_CHILLER,982476000.0,220.0,222.0,223.0,336.0,356.0,356.0,49.98,0.8684999999999999,2024-01-10 14:00:17.000,2024-01-10 14:00:17.000,2024-01-10 14:00:17.000,556534934.0,3700736.0,1132794536.0,982476000.0,original,220.0,original,222.0,original,223.0,original,336.0,original,356.0,original,356.0,original,49.98,original,0.8684999999999999,original,556534934.0,original,3700736.0,original,1132794536.0,original,-106.0,original
640378.0,22.0,2024-01-10 16:00:00,WITEL_CHILLER,986103000.0,229.0,229.0,231.0,3.0,0.0,3.0,49.96,0.4689,2024-01-10 16:00:17.000,2024-01-10 16:00:17.000,2024-01-10 16:00:17.000,558641034.0,3701053.0,1136989825.0,986103000.0,original,229.0,original,229.0,original,231.0,original,3.0,original,0.0,gap_too_large,3.0,original,49.96,original,0.4689,original,558641034.0,original,3701053.0,original,1136989825.0,original,-120.0,original
640683.0,22.0,2024-01-10 18:00:00,WITEL_CHILLER,986137000.0,227.0,228.0,230.0,4.0,0.0,4.0,50.03,0.8678999999999999,2024-01-10 18:00:14.000,2024-01-10 18:00:14.000,2024-01-10 18:00:14.000,558652922.0,3706973.0,1137028213.0,986137000.0,original,227.0,original,228.0,original,230.0,original,4.0,original,0.0,gap_too_large,4.0,original,50.03,original,0.8678999999999999,original,558652922.0,original,3706973.0,original,1137028213.0,original,-105.0,original
641096.0,22.0,2024-01-10 20:00:00,WITEL_CHILLER,986171000.0,229.0,229.0,231.0,4.0,0.0,4.0,50.0,0.8668999999999999,2024-01-10 20:20:16.000,2024-01-10 20:20:16.000,2024-01-10 20:20:16.000,558665504.0,3712525.0,1137067822.0,986171000.0,original,229.0,original,229.0,original,231.0,original,4.0,original,0.0,gap_too_large,4.0,original,50.0,original,0.8668999999999999,original,558665504.0,original,3712525.0,original,1137067822.0,original,-121.0,original
641598.0,22.0,2024-01-10 22:00:00,WITEL_CHILLER,986196000.0,230.0,231.0,232.0,4.0,0.0,4.0,50.05,0.8637999999999999,2024-01-10 22:00:15.000,2024-01-10 22:00:15.000,2024-01-10 22:00:15.000,558674582.0,3716512.0,1137096341.0,986196000.0,original,230.0,original,231.0,original,232.0,original,4.0,original,0.0,gap_too_large,4.0,original,50.05,original,0.8637999999999999,original,558674582.0,original,3716512.0,original,1137096341.0,original,-120.0,original
642486.0,22.0,2024-01-11 00:00:00,WITEL_CHILLER,986228000.0,229.0,230.0,232.0,4.0,0.0,4.0,49.99,0.8678999999999999,2024-01-11 00:10:11.000,2024-01-11 00:10:11.000,2024-01-11 00:10:11.000,558686352.0,3721702.0,1137133361.0,986228000.0,original,229.0,original,230.0,original,232.0,original,4.0,original,0.0,gap_too_large,4.0,original,49.99,original,0.8678999999999999,original,558686352.0,original,3721702.0,original,1137133361.0,original,-107.0,original
643518.0,22.0,2024-01-11 02:00:00,WITEL_CHILLER,986258000.0,228.0,229.0,231.0,4.0,0.0,4.0,50.01,0.8666999999999999,2024-01-11 02:10:13.000,2024-01-11 02:10:13.000,2024-01-11 02:10:13.000,558697286.0,3726496.0,1137167707.0,986258000.0,original,228.0,original,229.0,original,231.0,original,4.0,original,0.0,gap_too_large,4.0,original,50.01,original,0.8666999999999999,original,558697286.0,original,3726496.0,original,1137167707.0,original,-105.0,original
644526.0,22.0,2024-01-11 04:00:00,WITEL_CHILLER,986287000.0,229.0,230.0,232.0,4.0,0.0,4.0,49.97,0.8658999999999999,2024-01-11 04:10:17.000,2024-01-11 04:10:17.000,2024-01-11 04:10:17.000,558708144.0,3731293.0,1137201883.0,986287000.0,original,229.0,original,230.0,original,232.0,original,4.0,original,0.0,gap_too_large,4.0,original,49.97,original,0.8658999999999999,original,558708144.0,original,3731293.0,original,1137201883.0,original,-107.0,original
645378.0,22.0,2024-01-11 06:00:00,WITEL_CHILLER,986314000.0,226.0,227.0,228.0,4.0,0.0,4.0,50.05,0.8669999999999999,2024-01-11 06:00:13.000,2024-01-11 06:00:13.000,2024-01-11 06:00:13.000,558717974.0,3735683.0,1137232897.0,986314000.0,original,226.0,original,227.0,original,228.0,original,4.0,original,0.0,gap_too_large,4.0,original,50.05,original,0.8669999999999999,original,558717974.0,original,3735683.0,original,1137232897.0,original,-121.0,original
646293.0,22.0,2024-01-11 08:00:00,WITEL_CHILLER,986343000.0,226.0,226.0,228.0,4.0,326.0,4.0,50.04,0.8678999999999999,2024-01-11 08:00:09.000,2024-01-11 08:00:09.000,2024-01-11 08:00:09.000,558728330.0,3740458.0,1137265819.0,986343000.0,original,226.0,original,226.0,original,228.0,original,4.0,original,326.0,original,4.0,original,50.04,original,0.8678999999999999,original,558728330.0,original,3740458.0,original,1137265819.0,original,-120.0,original
647139.0,22.0,2024-01-11 10:00:00,WITEL_CHILLER,988599000.0,218.0,221.0,222.0,301.0,318.0,317.0,50.0,0.8523999999999999,2024-01-11 10:00:13.000,2024-01-11 10:00:13.000,2024-01-11 10:00:13.000,560083715.0,3741709.0,1139903749.0,988599000.0,original,218.0,original,221.0,original,222.0,original,301.0,original,318.0,original,317.0,original,50.0,original,0.8523999999999999,original,560083715.0,original,3741709.0,original,1139903749.0,original,-118.0,original
648024.0,22.0,2024-01-11 12:00:00,WITEL_CHILLER,991320000.0,224.0,226.0,227.0,229.0,243.0,245.0,50.06,0.7804,2024-01-11 12:00:17.000,2024-01-11 12:00:17.000,2024-01-11 12:00:17.000,561770602.0,3741709.0,1143109230.0,991320000.0,original,224.0,original,226.0,original,227.0,original,229.0,original,243.0,original,245.0,original,50.06,original,0.7804,original,561770602.0,original,3741709.0,original,1143109230.0,original,-105.0,original
648870.0,22.0,2024-01-11 14:00:00,WITEL_CHILLER,994116000.0,220.0,222.0,224.0,302.0,318.0,317.0,50.03,0.8457999999999999,2024-01-11 14:00:09.000,2024-01-11 14:00:09.000,2024-01-11 14:00:09.000,563509984.0,3741709.0,1146406395.0,994116000.0,original,220.0,original,222.0,original,224.0,original,302.0,original,318.0,original,317.0,original,50.03,original,0.8457999999999999,original,563509984.0,original,3741709.0,original,1146406395.0,original,-119.0,original
649668.0,22.0,2024-01-11 16:00:00,WITEL_CHILLER,996257000.0,229.0,229.0,231.0,3.0,0.0,3.0,50.02,0.4717999999999999,2024-01-11 16:00:17.000,2024-01-11 16:00:17.000,2024-01-11 16:00:17.000,564741360.0,3741805.0,1148876273.0,996257000.0,original,229.0,original,229.0,original,231.0,original,3.0,original,0.0,gap_too_large,3.0,original,50.02,original,0.4717999999999999,original,564741360.0,original,3741805.0,original,1148876273.0,original,-121.0,original
649976.0,22.0,2024-01-11 18:00:00,WITEL_CHILLER,996283000.0,228.0,229.0,230.0,4.0,0.0,4.0,50.05,0.8654999999999999,2024-01-11 18:00:09.000,2024-01-11 18:00:09.000,2024-01-11 18:00:09.000,564751734.0,3745830.0,1148906805.0,996283000.0,original,228.0,original,229.0,original,230.0,original,4.0,original,0.0,gap_too_large,4.0,original,50.05,original,0.8654999999999999,original,564751734.0,original,3745830.0,original,1148906805.0,original,-120.0,original
650289.0,22.0,2024-01-11 20:00:00,WITEL_CHILLER,996313000.0,229.0,229.0,231.0,4.0,0.0,4.0,50.02,0.8699999999999999,2024-01-11 20:00:13.000,2024-01-11 20:00:13.000,2024-01-11 20:00:13.000,564762499.0,3750659.0,1148940808.0,996313000.0,original,229.0,original,229.0,original,231.0,original,4.0,original,0.0,gap_too_large,4.0,original,50.02,original,0.8699999999999999,original,564762499.0,original,3750659.0,original,1148940808.0,original,-120.0,original
650883.0,22.0,2024-01-11 22:00:00,WITEL_CHILLER,996342000.0,230.0,231.0,233.0,4.0,0.0,4.0,49.98,0.8680999999999999,2024-01-11 22:00:15.000,2024-01-11 22:00:15.000,2024-01-11 22:00:15.000,564773318.0,3755498.0,1148974945.0,996342000.0,original,230.0,original,231.0,original,233.0,original,4.0,original,0.0,gap_too_large,4.0,original,49.98,original,0.8680999999999999,original,564773318.0,original,3755498.0,original,1148974945.0,original,-121.0,original
651523.0,22.0,2024-01-12 00:00:00,WITEL_CHILLER,996372000.0,230.0,230.0,233.0,4.0,0.0,4.0,50.04,0.8659999999999999,2024-01-12 00:00:13.000,2024-01-12 00:00:13.000,2024-01-12 00:00:13.000,564784093.0,3760326.0,1149008968.0,996372000.0,original,230.0,original,230.0,original,233.0,original,4.0,original,0.0,gap_too_large,4.0,original,50.04,original,0.8659999999999999,original,564784093.0,original,3760326.0,original,1149008968.0,original,-120.0,original
652209.0,22.0,2024-01-12 02:00:00,WITEL_CHILLER,996404000.0,229.0,229.0,231.0,4.0,0.0,4.0,50.05,0.8713,2024-01-12 02:10:16.000,2024-01-12 02:10:16.000,2024-01-12 02:10:16.000,564795744.0,3765558.0,1149045771.0,996404000.0,original,229.0,original,229.0,original,231.0,original,4.0,original,0.0,gap_too_large,4.0,original,50.05,original,0.8713,original,564795744.0,original,3765558.0,original,1149045771.0,original,-120.0,original
652737.0,22.0,2024-01-12 04:00:00,WITEL_CHILLER,996431000.0,230.0,230.0,232.0,4.0,0.0,4.0,49.99,0.8686999999999999,2024-01-12 04:00:16.000,2024-01-12 04:00:16.000,2024-01-12 04:00:16.000,564805712.0,3769984.0,1149077179.0,996431000.0,original,230.0,original,230.0,original,232.0,original,4.0,original,0.0,gap_too_large,4.0,original,49.99,original,0.8686999999999999,original,564805712.0,original,3769984.0,original,1149077179.0,original,-106.0,original
653297.0,22.0,2024-01-12 06:00:00,WITEL_CHILLER,996460000.0,227.0,227.0,229.0,4.0,0.0,4.0,50.02,0.8689999999999999,2024-01-12 06:00:07.000,2024-01-12 06:00:07.000,2024-01-12 06:00:07.000,564816454.0,3774810.0,1149111093.0,996460000.0,original,227.0,original,227.0,original,229.0,original,4.0,original,0.0,gap_too_large,4.0,original,50.02,original,0.8689999999999999,original,564816454.0,original,3774810.0,original,1149111093.0,original,-121.0,original
653989.0,22.0,2024-01-12 08:00:00,WITEL_CHILLER,996489000.0,225.0,226.0,227.0,4.0,212.0,4.0,49.97,0.8678999999999999,2024-01-12 08:00:15.000,2024-01-12 08:00:15.000,2024-01-12 08:00:15.000,564826826.0,3779616.0,1149144101.0,996489000.0,original,225.0,original,226.0,original,227.0,original,4.0,original,212.0,original,4.0,original,49.97,original,0.8678999999999999,original,564826826.0,original,3779616.0,original,1149144101.0,original,-108.0,original
654623.0,22.0,2024-01-12 10:00:00,WITEL_CHILLER,999255000.0,219.0,221.0,222.0,335.0,353.0,355.0,50.0,0.8696999999999999,2024-01-12 10:00:12.000,2024-01-12 10:00:12.000,2024-01-12 10:00:12.000,566412320.0,3781002.0,1152336712.0,999255000.0,original,219.0,original,221.0,original,222.0,original,335.0,original,353.0,original,355.0,original,50.0,original,0.8696999999999999,original,566412320.0,original,3781002.0,original,1152336712.0,original,-108.0,original
655283.0,22.0,2024-01-12 12:00:00,WITEL_CHILLER,1003260000.0,223.0,226.0,227.0,330.0,350.0,351.0,50.0,0.8588999999999999,2024-01-12 12:00:10.000,2024-01-12 12:00:10.000,2024-01-12 12:00:10.000,568732714.0,3781002.0,1156968437.0,1003260000.0,original,223.0,original,226.0,original,227.0,original,330.0,original,350.0,original,351.0,original,50.0,original,0.8588999999999999,original,568732714.0,original,3781002.0,original,1156968437.0,original,-119.0,original
655931.0,22.0,2024-01-12 14:00:00,WITEL_CHILLER,1007360000.0,218.0,220.0,222.0,348.0,366.0,367.0,49.99,0.8743,2024-01-12 14:00:12.000,2024-01-12 14:00:12.000,2024-01-12 14:00:12.000,571054566.0,3781002.0,1161677317.0,1007360000.0,original,218.0,original,220.0,original,222.0,original,348.0,original,366.0,original,367.0,original,49.99,original,0.8743,original,571054566.0,original,3781002.0,original,1161677317.0,original,-120.0,original
656641.0,22.0,2024-01-12 16:00:00,WITEL_CHILLER,1007440000.0,227.0,228.0,229.0,4.0,0.0,4.0,50.07,0.8686999999999999,2024-01-12 16:00:16.000,2024-01-12 16:00:16.000,2024-01-12 16:00:16.000,571097206.0,3786387.0,1161777041.0,1007440000.0,original,227.0,original,228.0,original,229.0,original,4.0,original,0.0,gap_too_large,4.0,original,50.07,original,0.8686999999999999,original,571097206.0,original,3786387.0,original,1161777041.0,original,-121.0,original
657337.0,22.0,2024-01-12 18:00:00,WITEL_CHILLER,1007470000.0,229.0,230.0,231.0,4.0,0.0,4.0,50.04,0.8678999999999999,2024-01-12 18:00:16.000,2024-01-12 18:00:16.000,2024-01-12 18:00:16.000,571107942.0,3791174.0,1161810837.0,1007470000.0,original,229.0,original,230.0,original,231.0,original,4.0,original,0.0,gap_too_large,4.0,original,50.04,original,0.8678999999999999,original,571107942.0,original,3791174.0,original,1161810837.0,original,-121.0,original
658013.0,22.0,2024-01-12 20:00:00,WITEL_CHILLER,1007500000.0,228.0,228.0,229.0,4.0,0.0,4.0,49.95,0.8684999999999999,2024-01-12 20:00:12.000,2024-01-12 20:00:12.000,2024-01-12 20:00:12.000,571118634.0,3795955.0,1161844561.0,1007500000.0,original,228.0,original,228.0,original,229.0,original,4.0,original,0.0,gap_too_large,4.0,original,49.95,original,0.8684999999999999,original,571118634.0,original,3795955.0,original,1161844561.0,original,-106.0,original
658685.0,22.0,2024-01-12 22:00:00,WITEL_CHILLER,1007530000.0,228.0,229.0,231.0,4.0,0.0,4.0,49.98,0.8649999999999999,2024-01-12 22:00:12.000,2024-01-12 22:00:12.000,2024-01-12 22:00:12.000,571129312.0,3800746.0,1161878277.0,1007530000.0,original,228.0,original,229.0,original,231.0,original,4.0,original,0.0,gap_too_large,4.0,original,49.98,original,0.8649999999999999,original,571129312.0,original,3800746.0,original,1161878277.0,original,-121.0,original
659355.0,22.0,2024-01-13 00:00:00,WITEL_CHILLER,1007560000.0,228.0,229.0,231.0,4.0,0.0,4.0,50.06,0.8690999999999999,2024-01-13 00:00:16.000,2024-01-13 00:00:16.000,2024-01-13 00:00:16.000,571140077.0,3805539.0,1161912241.0,1007560000.0,original,228.0,original,229.0,original,231.0,original,4.0,original,0.0,gap_too_large,4.0,original,50.06,original,0.8690999999999999,original,571140077.0,original,3805539.0,original,1161912241.0,original,-121.0,original
660005.0,22.0,2024-01-13 02:00:00,WITEL_CHILLER,1007590000.0,227.0,227.0,229.0,4.0,0.0,4.0,49.97,0.8652,2024-01-13 02:00:16.000,2024-01-13 02:00:16.000,2024-01-13 02:00:16.000,571150717.0,3810326.0,1161945896.0,1007590000.0,original,227.0,original,227.0,original,229.0,original,4.0,original,0.0,gap_too_large,4.0,original,49.97,original,0.8652,original,571150717.0,original,3810326.0,original,1161945896.0,original,-121.0,original
660591.0,22.0,2024-01-13 04:00:00,WITEL_CHILLER,1007620000.0,228.0,229.0,231.0,4.0,0.0,4.0,49.95,0.8679999999999999,2024-01-13 04:00:13.000,2024-01-13 04:00:13.000,2024-01-13 04:00:13.000,571161392.0,3815107.0,1161979640.0,1007620000.0,original,228.0,original,229.0,original,231.0,original,4.0,original,0.0,gap_too_large,4.0,original,49.95,original,0.8679999999999999,original,571161392.0,original,3815107.0,original,1161979640.0,original,-119.0,original
661209.0,22.0,2024-01-13 06:00:00,WITEL_CHILLER,1007650000.0,228.0,228.0,230.0,4.0,0.0,4.0,50.01,0.8667999999999999,2024-01-13 06:00:13.000,2024-01-13 06:00:13.000,2024-01-13 06:00:13.000,571172096.0,3819894.0,1162013464.0,1007650000.0,original,228.0,original,228.0,original,230.0,original,4.0,original,0.0,gap_too_large,4.0,original,50.01,original,0.8667999999999999,original,571172096.0,original,3819894.0,original,1162013464.0,original,-120.0,original
661855.0,22.0,2024-01-13 08:00:00,WITEL_CHILLER,1007680000.0,225.0,225.0,227.0,4.0,0.0,4.0,49.97,0.8668999999999999,2024-01-13 08:00:09.000,2024-01-13 08:00:09.000,2024-01-13 08:00:09.000,571182614.0,3824694.0,1162046840.0,1007680000.0,original,225.0,original,225.0,original,227.0,original,4.0,original,0.0,gap_too_large,4.0,original,49.97,original,0.8668999999999999,original,571182614.0,original,3824694.0,original,1162046840.0,original,-119.0,original
662487.0,22.0,2024-01-13 10:00:00,WITEL_CHILLER,1007710000.0,227.0,227.0,229.0,4.0,0.0,4.0,49.94,0.8670999999999999,2024-01-13 10:00:09.000,2024-01-13 10:00:09.000,2024-01-13 10:00:09.000,571193024.0,3829491.0,1162079912.0,1007710000.0,original,227.0,original,227.0,original,229.0,original,4.0,original,0.0,gap_too_large,4.0,original,49.94,original,0.8670999999999999,original,571193024.0,original,3829491.0,original,1162079912.0,original,-107.0,original
663133.0,22.0,2024-01-13 12:00:00,WITEL_CHILLER,1007730000.0,228.0,229.0,230.0,4.0,0.0,4.0,50.05,0.8684,2024-01-13 12:00:11.000,2024-01-13 12:00:11.000,2024-01-13 12:00:11.000,571203510.0,3834288.0,1162113179.0,1007730000.0,original,228.0,original,229.0,original,230.0,original,4.0,original,0.0,gap_too_large,4.0,original,50.05,original,0.8684,original,571203510.0,original,3834288.0,original,1162113179.0,original,-121.0,original
663789.0,22.0,2024-01-13 14:00:00,WITEL_CHILLER,1007760000.0,227.0,227.0,229.0,4.0,0.0,4.0,49.95,0.8687999999999999,2024-01-13 14:00:14.000,2024-01-13 14:00:14.000,2024-01-13 14:00:14.000,571214138.0,3839088.0,1162146773.0,1007760000.0,original,227.0,original,227.0,original,229.0,original,4.0,original,0.0,gap_too_large,4.0,original,49.95,original,0.8687999999999999,original,571214138.0,original,3839088.0,original,1162146773.0,original,-121.0,original
664535.0,22.0,2024-01-13 16:00:00,WITEL_CHILLER,1007800000.0,229.0,230.0,231.0,4.0,0.0,4.0,50.04,0.8664,2024-01-13 16:10:12.000,2024-01-13 16:10:12.000,2024-01-13 16:10:12.000,571225648.0,3844285.0,1162183163.0,1007800000.0,original,229.0,original,230.0,original,231.0,original,4.0,original,0.0,gap_too_large,4.0,original,50.04,original,0.8664,original,571225648.0,original,3844285.0,original,1162183163.0,original,-121.0,original
665131.0,22.0,2024-01-13 18:00:00,WITEL_CHILLER,1007820000.0,229.0,230.0,231.0,4.0,0.0,4.0,49.94,0.8629999999999999,2024-01-13 18:00:12.000,2024-01-13 18:00:12.000,2024-01-13 18:00:12.000,571235526.0,3848694.0,1162214302.0,1007820000.0,original,229.0,original,230.0,original,231.0,original,4.0,original,0.0,gap_too_large,4.0,original,49.94,original,0.8629999999999999,original,571235526.0,original,3848694.0,original,1162214302.0,original,-103.0,original
665759.0,22.0,2024-01-13 20:00:00,WITEL_CHILLER,1007850000.0,228.0,228.0,230.0,4.0,0.0,4.0,50.03,0.8667999999999999,2024-01-13 20:00:13.000,2024-01-13 20:00:13.000,2024-01-13 20:00:13.000,571246147.0,3853494.0,1162247909.0,1007850000.0,original,228.0,original,228.0,original,230.0,original,4.0,original,0.0,gap_too_large,4.0,original,50.03,original,0.8667999999999999,original,571246147.0,original,3853494.0,original,1162247909.0,original,-100.0,original
666557.0,22.0,2024-01-13 22:00:00,WITEL_CHILLER,1007890000.0,230.0,230.0,232.0,4.0,0.0,4.0,50.04,0.8677999999999999,2024-01-13 22:30:13.000,2024-01-13 22:30:13.000,2024-01-13 22:30:13.000,571259514.0,3859504.0,1162290152.0,1007890000.0,original,230.0,original,230.0,original,232.0,original,4.0,original,0.0,gap_too_large,4.0,original,50.04,original,0.8677999999999999,original,571259514.0,original,3859504.0,original,1162290152.0,original,-120.0,original
666981.0,22.0,2024-01-14 00:00:00,WITEL_CHILLER,1007910000.0,228.0,229.0,231.0,4.0,0.0,4.0,49.99,0.8669999999999999,2024-01-14 00:00:11.000,2024-01-14 00:00:11.000,2024-01-14 00:00:11.000,571267536.0,3863114.0,1162315525.0,1007910000.0,original,228.0,original,229.0,original,231.0,original,4.0,original,0.0,gap_too_large,4.0,original,49.99,original,0.8669999999999999,original,571267536.0,original,3863114.0,original,1162315525.0,original,-121.0,original
667603.0,22.0,2024-01-14 02:00:00,WITEL_CHILLER,1007940000.0,230.0,230.0,232.0,4.0,0.0,4.0,49.95,0.8662,2024-01-14 02:00:17.000,2024-01-14 02:00:17.000,2024-01-14 02:00:17.000,571278365.0,3867923.0,1162349669.0,1007940000.0,original,230.0,original,230.0,original,232.0,original,4.0,original,0.0,gap_too_large,4.0,original,49.95,original,0.8662,original,571278365.0,original,3867923.0,original,1162349669.0,original,-108.0,original
668193.0,22.0,2024-01-14 04:00:00,WITEL_CHILLER,1007970000.0,228.0,228.0,230.0,4.0,0.0,4.0,49.94,0.8682,2024-01-14 04:00:16.000,2024-01-14 04:00:16.000,2024-01-14 04:00:16.000,571289302.0,3872736.0,1162384072.0,1007970000.0,original,228.0,original,228.0,original,230.0,original,4.0,original,0.0,gap_too_large,4.0,original,49.94,original,0.8682,original,571289302.0,original,3872736.0,original,1162384072.0,original,-108.0,original
668799.0,22.0,2024-01-14 06:00:00,WITEL_CHILLER,1008000000.0,228.0,228.0,230.0,4.0,0.0,4.0,50.06,0.8655999999999999,2024-01-14 06:00:15.000,2024-01-14 06:00:15.000,2024-01-14 06:00:15.000,571299933.0,3877542.0,1162417739.0,1008000000.0,original,228.0,original,228.0,original,230.0,original,4.0,original,0.0,gap_too_large,4.0,original,50.06,original,0.8655999999999999,original,571299933.0,original,3877542.0,original,1162417739.0,original,-123.0,original
669477.0,22.0,2024-01-14 08:00:00,WITEL_CHILLER,1008030000.0,226.0,226.0,228.0,4.0,0.0,4.0,50.01,0.8676999999999999,2024-01-14 08:00:16.000,2024-01-14 08:00:16.000,2024-01-14 08:00:16.000,571310483.0,3882346.0,1162451195.0,1008030000.0,original,226.0,original,226.0,original,228.0,original,4.0,original,0.0,gap_too_large,4.0,original,50.01,original,0.8676999999999999,original,571310483.0,original,3882346.0,original,1162451195.0,original,-121.0,original
670103.0,22.0,2024-01-14 10:00:00,WITEL_CHILLER,1008060000.0,227.0,227.0,229.0,4.0,0.0,4.0,49.98,0.8667999999999999,2024-01-14 10:00:11.000,2024-01-14 10:00:11.000,2024-01-14 10:00:11.000,571320883.0,3887136.0,1162484251.0,1008060000.0,original,227.0,original,227.0,original,229.0,original,4.0,original,0.0,gap_too_large,4.0,original,49.98,original,0.8667999999999999,original,571320883.0,original,3887136.0,original,1162484251.0,original,-121.0,original
670749.0,22.0,2024-01-14 12:00:00,WITEL_CHILLER,1008090000.0,226.0,227.0,229.0,4.0,0.0,4.0,49.97,0.8692,2024-01-14 12:00:13.000,2024-01-14 12:00:13.000,2024-01-14 12:00:13.000,571331357.0,3891926.0,1162517493.0,1008090000.0,original,226.0,original,227.0,original,229.0,original,4.0,original,0.0,gap_too_large,4.0,original,49.97,original,0.8692,original,571331357.0,original,3891926.0,original,1162517493.0,original,-123.0,original
671371.0,22.0,2024-01-14 14:00:00,WITEL_CHILLER,1008110000.0,225.0,226.0,228.0,4.0,0.0,4.0,50.01,0.8694999999999999,2024-01-14 14:00:15.000,2024-01-14 14:00:15.000,2024-01-14 14:00:15.000,571341830.0,3896707.0,1162550715.0,1008110000.0,original,225.0,original,226.0,original,228.0,original,4.0,original,0.0,gap_too_large,4.0,original,50.01,original,0.8694999999999999,original,571341830.0,original,3896707.0,original,1162550715.0,original,-106.0,original
672073.0,22.0,2024-01-14 16:00:00,WITEL_CHILLER,1008140000.0,226.0,227.0,229.0,4.0,0.0,4.0,50.03,0.8679999999999999,2024-01-14 16:00:16.000,2024-01-14 16:00:16.000,2024-01-14 16:00:16.000,571352240.0,3901478.0,1162583809.0,1008140000.0,original,226.0,original,227.0,original,229.0,original,4.0,original,0.0,gap_too_large,4.0,original,50.03,original,0.8679999999999999,original,571352240.0,original,3901478.0,original,1162583809.0,original,-121.0,original
672763.0,22.0,2024-01-14 18:00:00,WITEL_CHILLER,1008170000.0,228.0,228.0,230.0,4.0,0.0,4.0,49.99,0.8698999999999999,2024-01-14 18:00:15.000,2024-01-14 18:00:15.000,2024-01-14 18:00:15.000,571362826.0,3906282.0,1162617333.0,1008170000.0,original,228.0,original,228.0,original,230.0,original,4.0,original,0.0,gap_too_large,4.0,original,49.99,original,0.8698999999999999,original,571362826.0,original,3906282.0,original,1162617333.0,original,-109.0,original
673385.0,22.0,2024-01-14 20:00:00,WITEL_CHILLER,1008200000.0,225.0,226.0,227.0,4.0,0.0,4.0,49.96,0.8697999999999999,2024-01-14 20:00:09.000,2024-01-14 20:00:09.000,2024-01-14 20:00:09.000,571373341.0,3911072.0,1162650699.0,1008200000.0,original,225.0,original,226.0,original,227.0,original,4.0,original,0.0,gap_too_large,4.0,original,49.96,original,0.8697999999999999,original,571373341.0,original,3911072.0,original,1162650699.0,original,-121.0,original
674025.0,22.0,2024-01-14 22:00:00,WITEL_CHILLER,1008230000.0,226.0,227.0,229.0,4.0,0.0,4.0,50.03,0.8688999999999999,2024-01-14 22:00:08.000,2024-01-14 22:00:08.000,2024-01-14 22:00:08.000,571383725.0,3915856.0,1162683755.0,1008230000.0,original,226.0,original,227.0,original,229.0,original,4.0,original,0.0,gap_too_large,4.0,original,50.03,original,0.8688999999999999,original,571383725.0,original,3915856.0,original,1162683755.0,original,-123.0,original
674667.0,22.0,2024-01-15 00:00:00,WITEL_CHILLER,1008260000.0,227.0,228.0,229.0,4.0,0.0,4.0,49.97,0.8708999999999999,2024-01-15 00:00:11.000,2024-01-15 00:00:11.000,2024-01-15 00:00:11.000,571394282.0,3920643.0,1162717243.0,1008260000.0,original,227.0,original,228.0,original,229.0,original,4.0,original,0.0,gap_too_large,4.0,original,49.97,original,0.8708999999999999,original,571394282.0,original,3920643.0,original,1162717243.0,original,-120.0,original
675279.0,22.0,2024-01-15 02:00:00,WITEL_CHILLER,1008290000.0,229.0,229.0,231.0,4.0,0.0,4.0,49.94,0.8652,2024-01-15 02:00:13.000,2024-01-15 02:00:13.000,2024-01-15 02:00:13.000,571404950.0,3925430.0,1162751006.0,1008290000.0,original,229.0,original,229.0,original,231.0,original,4.0,original,0.0,gap_too_large,4.0,original,49.94,original,0.8652,original,571404950.0,original,3925430.0,original,1162751006.0,original,-109.0,original
675827.0,22.0,2024-01-15 04:00:00,WITEL_CHILLER,1008320000.0,229.0,230.0,232.0,4.0,0.0,4.0,50.05,0.8674999999999999,2024-01-15 04:00:11.000,2024-01-15 04:00:11.000,2024-01-15 04:00:11.000,571415766.0,3930227.0,1162785125.0,1008320000.0,original,229.0,original,230.0,original,232.0,original,4.0,original,0.0,gap_too_large,4.0,original,50.05,original,0.8674999999999999,original,571415766.0,original,3930227.0,original,1162785125.0,original,-121.0,original
676393.0,22.0,2024-01-15 06:00:00,WITEL_CHILLER,1008350000.0,225.0,226.0,227.0,4.0,0.0,4.0,50.05,0.8698999999999999,2024-01-15 06:00:14.000,2024-01-15 06:00:14.000,2024-01-15 06:00:14.000,571426378.0,3935018.0,1162818734.0,1008350000.0,original,225.0,original,226.0,original,227.0,original,4.0,original,0.0,gap_too_large,4.0,original,50.05,original,0.8698999999999999,original,571426378.0,original,3935018.0,original,1162818734.0,original,-109.0,original
677027.0,22.0,2024-01-15 08:00:00,WITEL_CHILLER,1008380000.0,225.0,226.0,228.0,4.0,404.0,4.0,50.08,0.8674999999999999,2024-01-15 08:00:13.000,2024-01-15 08:00:13.000,2024-01-15 08:00:13.000,571436726.0,3939792.0,1162851665.0,1008380000.0,original,225.0,original,226.0,original,228.0,original,4.0,original,404.0,original,4.0,original,50.08,original,0.8674999999999999,original,571436726.0,original,3939792.0,original,1162851665.0,original,-121.0,original
677657.0,22.0,2024-01-15 10:00:00,WITEL_CHILLER,1010760000.0,219.0,221.0,223.0,298.0,316.0,315.0,50.04,0.848,2024-01-15 10:00:14.000,2024-01-15 10:00:14.000,2024-01-15 10:00:14.000,572836458.0,3941056.0,1165622725.0,1010760000.0,original,219.0,original,221.0,original,223.0,original,298.0,original,316.0,original,315.0,original,50.04,original,0.848,original,572836458.0,original,3941056.0,original,1165622725.0,original,-121.0,original
678291.0,22.0,2024-01-15 12:00:00,WITEL_CHILLER,1013680000.0,224.0,226.0,228.0,208.0,215.0,219.0,50.11,0.8705999999999999,2024-01-15 12:00:15.000,2024-01-15 12:00:15.000,2024-01-15 12:00:15.000,574597654.0,3941056.0,1169032165.0,1013680000.0,original,224.0,original,226.0,original,228.0,original,208.0,original,215.0,original,219.0,original,50.11,original,0.8705999999999999,original,574597654.0,original,3941056.0,original,1169032165.0,original,-120.0,original
678913.0,22.0,2024-01-15 14:00:00,WITEL_CHILLER,1016650000.0,221.0,223.0,225.0,297.0,315.0,314.0,50.07,0.8428999999999999,2024-01-15 14:00:13.000,2024-01-15 14:00:13.000,2024-01-15 14:00:13.000,576438432.0,3941056.0,1172535534.0,1016650000.0,original,221.0,original,223.0,original,225.0,original,297.0,original,315.0,original,314.0,original,50.07,original,0.8428999999999999,original,576438432.0,original,3941056.0,original,1172535534.0,original,-121.0,original
679593.0,22.0,2024-01-15 16:00:00,WITEL_CHILLER,1019410000.0,227.0,228.0,230.0,4.0,0.0,4.0,49.99,1.0,2024-01-15 16:00:14.000,2024-01-15 16:00:14.000,2024-01-15 16:00:14.000,578155091.0,3941056.0,1175788347.0,1019410000.0,original,227.0,original,228.0,original,230.0,original,4.0,original,0.0,gap_too_large,4.0,original,49.99,original,1.0,original,578155091.0,original,3941056.0,original,1175788347.0,original,-121.0,original
680211.0,22.0,2024-01-15 18:00:00,WITEL_CHILLER,1019430000.0,228.0,229.0,230.0,4.0,0.0,4.0,49.99,0.8684999999999999,2024-01-15 18:00:09.000,2024-01-15 18:00:09.000,2024-01-15 18:00:09.000,578163440.0,3944704.0,1175814453.0,1019430000.0,original,228.0,original,229.0,original,230.0,original,4.0,original,0.0,gap_too_large,4.0,original,49.99,original,0.8684999999999999,original,578163440.0,original,3944704.0,original,1175814453.0,original,-121.0,original
680839.0,22.0,2024-01-15 20:00:00,WITEL_CHILLER,1019460000.0,226.0,227.0,229.0,4.0,0.0,4.0,50.02,0.8694,2024-01-15 20:00:11.000,2024-01-15 20:00:11.000,2024-01-15 20:00:11.000,578173882.0,3949482.0,1175847675.0,1019460000.0,original,226.0,original,227.0,original,229.0,original,4.0,original,0.0,gap_too_large,4.0,original,50.02,original,0.8694,original,578173882.0,original,3949482.0,original,1175847675.0,original,-109.0,original
681465.0,22.0,2024-01-15 22:00:00,WITEL_CHILLER,1019490000.0,229.0,230.0,232.0,4.0,0.0,4.0,50.07,0.8682,2024-01-15 22:00:14.000,2024-01-15 22:00:14.000,2024-01-15 22:00:14.000,578184474.0,3954278.0,1175881269.0,1019490000.0,original,229.0,original,230.0,original,232.0,original,4.0,original,0.0,gap_too_large,4.0,original,50.07,original,0.8682,original,578184474.0,original,3954278.0,original,1175881269.0,original,-121.0,original
682079.0,22.0,2024-01-16 00:00:00,WITEL_CHILLER,1019520000.0,229.0,230.0,232.0,4.0,0.0,4.0,49.98,0.8678999999999999,2024-01-16 00:00:12.000,2024-01-16 00:00:12.000,2024-01-16 00:00:12.000,578195139.0,3959078.0,1175915054.0,1019520000.0,original,229.0,original,230.0,original,232.0,original,4.0,original,0.0,gap_too_large,4.0,original,49.98,original,0.8678999999999999,original,578195139.0,original,3959078.0,original,1175915054.0,original,-123.0,original
682723.0,22.0,2024-01-16 02:00:00,WITEL_CHILLER,1019550000.0,228.0,228.0,230.0,4.0,0.0,4.0,50.0,0.8694,2024-01-16 02:00:12.000,2024-01-16 02:00:12.000,2024-01-16 02:00:12.000,578205782.0,3963878.0,1175948785.0,1019550000.0,original,228.0,original,228.0,original,230.0,original,4.0,original,0.0,gap_too_large,4.0,original,50.0,original,0.8694,original,578205782.0,original,3963878.0,original,1175948785.0,original,-120.0,original
683295.0,22.0,2024-01-16 04:00:00,WITEL_CHILLER,1019580000.0,230.0,230.0,232.0,4.0,0.0,4.0,50.05,0.8689999999999999,2024-01-16 04:00:12.000,2024-01-16 04:00:12.000,2024-01-16 04:00:12.000,578216544.0,3968694.0,1175982827.0,1019580000.0,original,230.0,original,230.0,original,232.0,original,4.0,original,0.0,gap_too_large,4.0,original,50.05,original,0.8689999999999999,original,578216544.0,original,3968694.0,original,1175982827.0,original,-123.0,original
683861.0,22.0,2024-01-16 06:00:00,WITEL_CHILLER,1019610000.0,226.0,227.0,228.0,4.0,0.0,4.0,50.05,0.8710999999999999,2024-01-16 06:00:16.000,2024-01-16 06:00:16.000,2024-01-16 06:00:16.000,578227184.0,3973507.0,1176016568.0,1019610000.0,original,226.0,original,227.0,original,228.0,original,4.0,original,0.0,gap_too_large,4.0,original,50.05,original,0.8710999999999999,original,578227184.0,original,3973507.0,original,1176016568.0,original,-120.0,original
684473.0,22.0,2024-01-16 08:00:00,WITEL_CHILLER,1019640000.0,224.0,225.0,226.0,4.0,316.0,4.0,50.08,0.8707999999999999,2024-01-16 08:00:15.000,2024-01-16 08:00:15.000,2024-01-16 08:00:15.000,578237443.0,3978307.0,1176049345.0,1019640000.0,original,224.0,original,225.0,original,226.0,original,4.0,original,316.0,original,4.0,original,50.08,original,0.8707999999999999,original,578237443.0,original,3978307.0,original,1176049345.0,original,-120.0,original
685069.0,22.0,2024-01-16 10:00:00,WITEL_CHILLER,1022600000.0,220.0,222.0,223.0,353.0,374.0,375.0,50.06,0.8723,2024-01-16 10:00:11.000,2024-01-16 10:00:11.000,2024-01-16 10:00:11.000,579915248.0,3979565.0,1179455243.0,1022600000.0,original,220.0,original,222.0,original,223.0,original,353.0,original,374.0,original,375.0,original,50.06,original,0.8723,original,579915248.0,original,3979565.0,original,1179455243.0,original,-102.0,original
685723.0,22.0,2024-01-16 12:00:00,WITEL_CHILLER,1027270000.0,222.0,224.0,225.0,364.0,384.0,385.0,49.99,0.8695999999999999,2024-01-16 12:10:09.000,2024-01-16 12:10:09.000,2024-01-16 12:10:09.000,582515549.0,3979565.0,1184804760.0,1027270000.0,original,222.0,original,224.0,original,225.0,original,364.0,original,384.0,original,385.0,original,49.99,original,0.8695999999999999,original,582515549.0,original,3979565.0,original,1184804760.0,original,-118.0,original
686277.0,22.0,2024-01-16 14:00:00,WITEL_CHILLER,1031380000.0,220.0,222.0,223.0,366.0,386.0,386.0,50.01,0.8733,2024-01-16 14:00:15.000,2024-01-16 14:00:15.000,2024-01-16 14:00:15.000,584795552.0,3979565.0,1189509550.0,1031380000.0,original,220.0,original,222.0,original,223.0,original,366.0,original,386.0,original,386.0,original,50.01,original,0.8733,original,584795552.0,original,3979565.0,original,1189509550.0,original,-107.0,original
686947.0,22.0,2024-01-16 16:00:00,WITEL_CHILLER,1035700000.0,228.0,229.0,230.0,4.0,0.0,4.0,50.0,1.0,2024-01-16 16:00:12.000,2024-01-16 16:00:12.000,2024-01-16 16:00:12.000,587199677.0,3979565.0,1194451326.0,1035700000.0,original,228.0,original,229.0,original,230.0,original,4.0,original,0.0,gap_too_large,4.0,original,50.0,original,1.0,original,587199677.0,original,3979565.0,original,1194451326.0,original,-102.0,original
687591.0,22.0,2024-01-16 18:00:00,WITEL_CHILLER,1035720000.0,228.0,229.0,230.0,4.0,0.0,4.0,50.07,0.8705999999999999,2024-01-16 18:00:14.000,2024-01-16 18:00:14.000,2024-01-16 18:00:14.000,587208093.0,3983168.0,1194477371.0,1035720000.0,original,228.0,original,229.0,original,230.0,original,4.0,original,0.0,gap_too_large,4.0,original,50.07,original,0.8705999999999999,original,587208093.0,original,3983168.0,original,1194477371.0,original,-118.0,original
688199.0,22.0,2024-01-16 20:00:00,WITEL_CHILLER,1035750000.0,226.0,227.0,228.0,4.0,0.0,4.0,50.03,0.8693,2024-01-16 20:00:14.000,2024-01-16 20:00:14.000,2024-01-16 20:00:14.000,587218614.0,3987933.0,1194510814.0,1035750000.0,original,226.0,original,227.0,original,228.0,original,4.0,original,0.0,gap_too_large,4.0,original,50.03,original,0.8693,original,587218614.0,original,3987933.0,original,1194510814.0,original,-103.0,original
688879.0,22.0,2024-01-16 22:00:00,WITEL_CHILLER,1035780000.0,229.0,229.0,231.0,4.0,0.0,4.0,50.02,0.8702,2024-01-16 22:10:14.000,2024-01-16 22:10:14.000,2024-01-16 22:10:14.000,587230019.0,3993101.0,1194547077.0,1035780000.0,original,229.0,original,229.0,original,231.0,original,4.0,original,0.0,gap_too_large,4.0,original,50.02,original,0.8702,original,587230019.0,original,3993101.0,original,1194547077.0,original,-101.0,original
689639.0,22.0,2024-01-17 00:00:00,WITEL_CHILLER,1035820000.0,229.0,230.0,231.0,4.0,0.0,4.0,50.03,0.8686999999999999,2024-01-17 00:30:12.000,2024-01-17 00:30:12.000,2024-01-17 00:30:12.000,587242595.0,3998682.0,1194586846.0,1035820000.0,original,229.0,original,230.0,original,231.0,original,4.0,original,0.0,gap_too_large,4.0,original,50.03,original,0.8686999999999999,original,587242595.0,original,3998682.0,original,1194586846.0,original,-121.0,original
690185.0,22.0,2024-01-17 02:00:00,WITEL_CHILLER,1035840000.0,230.0,230.0,232.0,4.0,0.0,4.0,50.02,0.8656999999999999,2024-01-17 02:00:14.000,2024-01-17 02:00:14.000,2024-01-17 02:00:14.000,587250710.0,4002269.0,1194612488.0,1035840000.0,original,230.0,original,230.0,original,232.0,original,4.0,original,0.0,gap_too_large,4.0,original,50.02,original,0.8656999999999999,original,587250710.0,original,4002269.0,original,1194612488.0,original,-121.0,original
691244.0,22.0,2024-01-17 04:00:00,WITEL_CHILLER,1035870000.0,228.0,229.0,230.0,4.0,0.0,4.0,49.95,0.8693,2024-01-17 04:20:10.000,2024-01-17 04:20:10.000,2024-01-17 04:20:10.000,587263293.0,4007869.0,1194652286.0,1035870000.0,original,228.0,original,229.0,original,230.0,original,4.0,original,0.0,gap_too_large,4.0,original,49.95,original,0.8693,original,587263293.0,original,4007869.0,original,1194652286.0,original,-107.0,original
692042.0,22.0,2024-01-17 06:00:00,WITEL_CHILLER,1035900000.0,226.0,226.0,228.0,4.0,0.0,4.0,50.04,0.8686999999999999,2024-01-17 06:00:13.000,2024-01-17 06:00:13.000,2024-01-17 06:00:13.000,587272080.0,4011856.0,1194680206.0,1035900000.0,original,226.0,original,226.0,original,228.0,original,4.0,original,0.0,gap_too_large,4.0,original,50.04,original,0.8686999999999999,original,587272080.0,original,4011856.0,original,1194680206.0,original,-112.0,original
692951.0,22.0,2024-01-17 08:00:00,WITEL_CHILLER,1035910000.0,224.0,225.0,226.0,4.0,397.0,3.0,50.05,0.8707999999999999,2024-01-17 08:00:14.000,2024-01-17 08:00:14.000,2024-01-17 08:00:14.000,587278365.0,4014662.0,1194699957.0,1035910000.0,original,224.0,original,225.0,original,226.0,original,4.0,original,397.0,original,3.0,original,50.05,original,0.8707999999999999,original,587278365.0,original,4014662.0,original,1194699957.0,original,-102.0,original
693884.0,22.0,2024-01-17 10:00:00,WITEL_CHILLER,1038520000.0,222.0,224.0,225.0,200.0,206.0,209.0,50.06,0.8708999999999999,2024-01-17 10:10:14.000,2024-01-17 10:10:14.000,2024-01-17 10:10:14.000,588831798.0,4015901.0,1197743057.0,1038520000.0,original,222.0,original,224.0,original,225.0,original,200.0,original,206.0,original,209.0,original,50.06,original,0.8708999999999999,original,588831798.0,original,4015901.0,original,1197743057.0,original,-121.0,original
694637.0,22.0,2024-01-17 12:00:00,WITEL_CHILLER,1041050000.0,226.0,227.0,229.0,195.0,201.0,204.0,50.05,0.6990999999999999,2024-01-17 12:00:11.000,2024-01-17 12:00:11.000,2024-01-17 12:00:11.000,590406973.0,4015901.0,1200721928.0,1041050000.0,original,226.0,original,227.0,original,229.0,original,195.0,original,201.0,original,204.0,original,50.05,original,0.6990999999999999,original,590406973.0,original,4015901.0,original,1200721928.0,original,-102.0,original
695504.0,22.0,2024-01-17 14:00:00,WITEL_CHILLER,1043450000.0,222.0,223.0,224.0,195.0,199.0,202.0,50.04,0.8715999999999999,2024-01-17 14:00:13.000,2024-01-17 14:00:13.000,2024-01-17 14:00:13.000,591819213.0,4015901.0,1203510917.0,1043450000.0,original,222.0,original,223.0,original,224.0,original,195.0,original,199.0,original,202.0,original,50.04,original,0.8715999999999999,original,591819213.0,original,4015901.0,original,1203510917.0,original,-121.0,original
695504.0,,2024-01-17 16:00:00,WITEL_CHILLER,0.0,0.0,0.0,0.0,0.0,0.0,0.0,0.0,0.0,,,,0.0,0.0,0.0,0.0,gap_too_large,0.0,gap_too_large,0.0,gap_too_large,0.0,gap_too_large,0.0,gap_too_large,0.0,gap_too_large,0.0,gap_too_large,0.0,gap_too_large,0.0,gap_too_large,0.0,gap_too_large,0.0,gap_too_large,0.0,gap_too_large,0.0,gap_too_large
695504.0,,2024-01-17 18:00:00,WITEL_CHILLER,0.0,0.0,0.0,0.0,0.0,0.0,0.0,0.0,0.0,,,,0.0,0.0,0.0,0.0,gap_too_large,0.0,gap_too_large,0.0,gap_too_large,0.0,gap_too_large,0.0,gap_too_large,0.0,gap_too_large,0.0,gap_too_large,0.0,gap_too_large,0.0,gap_too_large,0.0,gap_too_large,0.0,gap_too_large,0.0,gap_too_large,0.0,gap_too_large
695504.0,,2024-01-17 20:00:00,WITEL_CHILLER,0.0,0.0,0.0,0.0,0.0,0.0,0.0,0.0,0.0,,,,0.0,0.0,0.0,0.0,gap_too_large,0.0,gap_too_large,0.0,gap_too_large,0.0,gap_too_large,0.0,gap_too_large,0.0,gap_too_large,0.0,gap_too_large,0.0,gap_too_large,0.0,gap_too_large,0.0,gap_too_large,0.0,gap_too_large,0.0,gap_too_large,0.0,gap_too_large
699395.0,22.0,2024-01-17 22:00:00,WITEL_CHILLER,1045550000.0,229.0,229.0,231.0,4.0,0.0,4.0,50.08,0.8664,2024-01-17 22:35:17.000,2024-01-17 22:35:17.000,2024-01-17 22:35:17.000,592989699.0,4031110.0,1205927931.0,1045550000.0,original,229.0,original,229.0,original,231.0,original,4.0,original,0.0,gap_too_large,4.0,original,50.08,original,0.8664,original,592989699.0,original,4031110.0,original,1205927931.0,original,-109.0,original
700016.0,22.0,2024-01-18 00:00:00,WITEL_CHILLER,1045570000.0,228.0,228.0,230.0,4.0,0.0,4.0,50.06,0.8695999999999999,2024-01-18 00:00:16.000,2024-01-18 00:00:16.000,2024-01-18 00:00:16.000,592997238.0,4034506.0,1205951765.0,1045570000.0,original,228.0,original,228.0,original,230.0,original,4.0,original,0.0,gap_too_large,4.0,original,50.06,original,0.8695999999999999,original,592997238.0,original,4034506.0,original,1205951765.0,original,-121.0,original
700979.0,22.0,2024-01-18 02:00:00,WITEL_CHILLER,1045600000.0,230.0,230.0,232.0,4.0,0.0,4.0,50.05,0.8688999999999999,2024-01-18 02:00:12.000,2024-01-18 02:00:12.000,2024-01-18 02:00:12.000,593008003.0,4039302.0,1205985717.0,1045600000.0,original,230.0,original,230.0,original,232.0,original,4.0,original,0.0,gap_too_large,4.0,original,50.05,original,0.8688999999999999,original,593008003.0,original,4039302.0,original,1205985717.0,original,-105.0,original
702123.0,22.0,2024-01-18 04:00:00,WITEL_CHILLER,1045630000.0,231.0,231.0,233.0,4.0,0.0,4.0,50.08,0.8676999999999999,2024-01-18 04:00:13.000,2024-01-18 04:00:13.000,2024-01-18 04:00:13.000,593018928.0,4044109.0,1206020078.0,1045630000.0,original,231.0,original,231.0,original,233.0,original,4.0,original,0.0,gap_too_large,4.0,original,50.08,original,0.8676999999999999,original,593018928.0,original,4044109.0,original,1206020078.0,original,-120.0,original
703227.0,22.0,2024-01-18 06:00:00,WITEL_CHILLER,1045660000.0,228.0,228.0,230.0,4.0,0.0,4.0,50.01,0.8669999999999999,2024-01-18 06:00:10.000,2024-01-18 06:00:10.000,2024-01-18 06:00:10.000,593029722.0,4048906.0,1206054110.0,1045660000.0,original,228.0,original,228.0,original,230.0,original,4.0,original,0.0,gap_too_large,4.0,original,50.01,original,0.8669999999999999,original,593029722.0,original,4048906.0,original,1206054110.0,original,-107.0,original
703227.0,,2024-01-18 08:00:00,WITEL_CHILLER,0.0,0.0,0.0,0.0,0.0,0.0,0.0,0.0,0.0,,,,0.0,0.0,0.0,0.0,gap_too_large,0.0,gap_too_large,0.0,gap_too_large,0.0,gap_too_large,0.0,gap_too_large,0.0,gap_too_large,0.0,gap_too_large,0.0,gap_too_large,0.0,gap_too_large,0.0,gap_too_large,0.0,gap_too_large,0.0,gap_too_large,0.0,gap_too_large
703227.0,,2024-01-18 10:00:00,WITEL_CHILLER,0.0,0.0,0.0,0.0,0.0,0.0,0.0,0.0,0.0,,,,0.0,0.0,0.0,0.0,gap_too_large,0.0,gap_too_large,0.0,gap_too_large,0.0,gap_too_large,0.0,gap_too_large,0.0,gap_too_large,0.0,gap_too_large,0.0,gap_too_large,0.0,gap_too_large,0.0,gap_too_large,0.0,gap_too_large,0.0,gap_too_large,0.0,gap_too_large
703227.0,,2024-01-18 12:00:00,WITEL_CHILLER,0.0,0.0,0.0,0.0,0.0,0.0,0.0,0.0,0.0,,,,0.0,0.0,0.0,0.0,gap_too_large,0.0,gap_too_large,0.0,gap_too_large,0.0,gap_too_large,0.0,gap_too_large,0.0,gap_too_large,0.0,gap_too_large,0.0,gap_too_large,0.0,gap_too_large,0.0,gap_too_large,0.0,gap_too_large,0.0,gap_too_large,0.0,gap_too_large
708091.0,22.0,2024-01-18 14:00:00,WITEL_CHILLER,1058200000.0,221.0,223.0,224.0,338.0,357.0,358.0,50.04,0.8674999999999999,2024-01-18 14:34:41.000,2024-01-18 14:34:41.000,2024-01-18 14:34:41.000,600119866.0,4054966.0,1220470987.0,1058200000.0,original,221.0,original,223.0,original,224.0,original,338.0,original,357.0,original,358.0,original,50.04,original,0.8674999999999999,original,600119866.0,original,4054966.0,original,1220470987.0,original,-121.0,original
708831.0,22.0,2024-01-18 16:00:00,WITEL_CHILLER,1060340000.0,228.0,229.0,230.0,3.0,0.0,3.0,50.04,0.4674999999999999,2024-01-18 16:00:09.000,2024-01-18 16:00:09.000,2024-01-18 16:00:09.000,601352704.0,4055702.0,1222941189.0,1060340000.0,original,228.0,original,229.0,original,230.0,original,3.0,original,0.0,gap_too_large,3.0,original,50.04,original,0.4674999999999999,original,601352704.0,original,4055702.0,original,1222941189.0,original,-121.0,original
709847.0,22.0,2024-01-18 18:00:00,WITEL_CHILLER,1060370000.0,228.0,229.0,230.0,4.0,0.0,4.0,50.03,0.8683,2024-01-18 18:00:09.000,2024-01-18 18:00:09.000,2024-01-18 18:00:09.000,601364406.0,4061398.0,1222978776.0,1060370000.0,original,228.0,original,229.0,original,230.0,original,4.0,original,0.0,gap_too_large,4.0,original,50.03,original,0.8683,original,601364406.0,original,4061398.0,original,1222978776.0,original,-100.0,original
710811.0,22.0,2024-01-18 20:00:00,WITEL_CHILLER,1060400000.0,227.0,227.0,229.0,4.0,0.0,4.0,50.05,0.8668999999999999,2024-01-18 20:00:12.000,2024-01-18 20:00:12.000,2024-01-18 20:00:12.000,601375085.0,4066173.0,1223012475.0,1060400000.0,original,227.0,original,227.0,original,229.0,original,4.0,original,0.0,gap_too_large,4.0,original,50.05,original,0.8668999999999999,original,601375085.0,original,4066173.0,original,1223012475.0,original,-120.0,original
711759.0,22.0,2024-01-18 22:00:00,WITEL_CHILLER,1060430000.0,228.0,229.0,231.0,4.0,0.0,4.0,50.0,0.8677999999999999,2024-01-18 22:00:14.000,2024-01-18 22:00:14.000,2024-01-18 22:00:14.000,601385706.0,4070954.0,1223046056.0,1060430000.0,original,228.0,original,229.0,original,231.0,original,4.0,original,0.0,gap_too_large,4.0,original,50.0,original,0.8677999999999999,original,601385706.0,original,4070954.0,original,1223046056.0,original,-121.0,original
711759.0,,2024-01-19 00:00:00,WITEL_CHILLER,0.0,0.0,0.0,0.0,0.0,0.0,0.0,0.0,0.0,,,,0.0,0.0,0.0,0.0,gap_too_large,0.0,gap_too_large,0.0,gap_too_large,0.0,gap_too_large,0.0,gap_too_large,0.0,gap_too_large,0.0,gap_too_large,0.0,gap_too_large,0.0,gap_too_large,0.0,gap_too_large,0.0,gap_too_large,0.0,gap_too_large,0.0,gap_too_large
711759.0,,2024-01-19 02:00:00,WITEL_CHILLER,0.0,0.0,0.0,0.0,0.0,0.0,0.0,0.0,0.0,,,,0.0,0.0,0.0,0.0,gap_too_large,0.0,gap_too_large,0.0,gap_too_large,0.0,gap_too_large,0.0,gap_too_large,0.0,gap_too_large,0.0,gap_too_large,0.0,gap_too_large,0.0,gap_too_large,0.0,gap_too_large,0.0,gap_too_large,0.0,gap_too_large,0.0,gap_too_large
711759.0,,2024-01-19 04:00:00,WITEL_CHILLER,0.0,0.0,0.0,0.0,0.0,0.0,0.0,0.0,0.0,,,,0.0,0.0,0.0,0.0,gap_too_large,0.0,gap_too_large,0.0,gap_too_large,0.0,gap_too_large,0.0,gap_too_large,0.0,gap_too_large,0.0,gap_too_large,0.0,gap_too_large,0.0,gap_too_large,0.0,gap_too_large,0.0,gap_too_large,0.0,gap_too_large,0.0,gap_too_large
716603.0,22.0,2024-01-19 06:00:00,WITEL_CHILLER,1060560000.0,227.0,227.0,229.0,4.0,0.0,4.0,50.01,0.8672,2024-01-19 06:33:26.000,2024-01-19 06:33:26.000,2024-01-19 06:33:26.000,601431642.0,4091482.0,1223191179.0,1060560000.0,original,227.0,original,227.0,original,229.0,original,4.0,original,0.0,gap_too_large,4.0,original,50.01,original,0.8672,original,601431642.0,original,4091482.0,original,1223191179.0,original,-120.0,original
717747.0,22.0,2024-01-19 08:00:00,WITEL_CHILLER,1060580000.0,226.0,226.0,228.0,4.0,198.0,4.0,50.05,0.8713,2024-01-19 08:20:12.000,2024-01-19 08:20:12.000,2024-01-19 08:20:12.000,601440906.0,4095747.0,1223220606.0,1060580000.0,original,226.0,original,226.0,original,228.0,original,4.0,original,198.0,original,4.0,original,50.05,original,0.8713,original,601440906.0,original,4095747.0,original,1223220606.0,original,-120.0,original
719027.0,22.0,2024-01-19 10:00:00,WITEL_CHILLER,1062370000.0,222.0,223.0,224.0,186.0,193.0,195.0,49.98,0.8552,2024-01-19 10:20:11.000,2024-01-19 10:20:11.000,2024-01-19 10:20:11.000,602562675.0,4097149.0,1225337985.0,1062370000.0,original,222.0,original,223.0,original,224.0,original,186.0,original,193.0,original,195.0,original,49.98,original,0.8552,original,602562675.0,original,4097149.0,original,1225337985.0,original,-121.0,original
720203.0,22.0,2024-01-19 12:00:00,WITEL_CHILLER,1064370000.0,226.0,227.0,228.0,183.0,190.0,193.0,49.99,0.8443999999999999,2024-01-19 12:10:12.000,2024-01-19 12:10:12.000,2024-01-19 12:10:12.000,603799181.0,4097149.0,1227690558.0,1064370000.0,original,226.0,original,227.0,original,228.0,original,183.0,original,190.0,original,193.0,original,49.99,original,0.8443999999999999,original,603799181.0,original,4097149.0,original,1227690558.0,original,-110.0,original
721571.0,22.0,2024-01-19 14:00:00,WITEL_CHILLER,1066760000.0,222.0,224.0,225.0,189.0,195.0,196.0,50.06,0.8571,2024-01-19 14:20:12.000,2024-01-19 14:20:12.000,2024-01-19 14:20:12.000,605263114.0,4097149.0,1230491326.0,1066760000.0,original,222.0,original,224.0,original,225.0,original,189.0,original,195.0,original,196.0,original,50.06,original,0.8571,original,605263114.0,original,4097149.0,original,1230491326.0,original,-119.0,original
722615.0,22.0,2024-01-19 16:00:00,WITEL_CHILLER,1068060000.0,226.0,227.0,228.0,3.0,0.0,4.0,49.98,0.8695999999999999,2024-01-19 16:00:12.000,2024-01-19 16:00:12.000,2024-01-19 16:00:12.000,606047581.0,4097149.0,1232010155.0,1068060000.0,original,226.0,original,227.0,original,228.0,original,3.0,original,0.0,gap_too_large,4.0,original,49.98,original,0.8695999999999999,original,606047581.0,original,4097149.0,original,1232010155.0,original,-121.0,original
723763.0,22.0,2024-01-19 18:00:00,WITEL_CHILLER,1068090000.0,228.0,229.0,230.0,4.0,0.0,4.0,50.03,0.8662,2024-01-19 18:00:09.000,2024-01-19 18:00:09.000,2024-01-19 18:00:09.000,606058266.0,4101776.0,1232043208.0,1068090000.0,original,228.0,original,229.0,original,230.0,original,4.0,original,0.0,gap_too_large,4.0,original,50.03,original,0.8662,original,606058266.0,original,4101776.0,original,1232043208.0,original,-121.0,original
724971.0,22.0,2024-01-19 20:00:00,WITEL_CHILLER,1068120000.0,226.0,227.0,228.0,4.0,0.0,4.0,49.99,0.8662,2024-01-19 20:00:12.000,2024-01-19 20:00:12.000,2024-01-19 20:00:12.000,606068912.0,4106586.0,1232076805.0,1068120000.0,original,226.0,original,227.0,original,228.0,original,4.0,original,0.0,gap_too_large,4.0,original,49.99,original,0.8662,original,606068912.0,original,4106586.0,original,1232076805.0,original,-105.0,original
726139.0,22.0,2024-01-19 22:00:00,WITEL_CHILLER,1068150000.0,228.0,228.0,230.0,4.0,0.0,4.0,50.03,0.8682,2024-01-19 22:00:15.000,2024-01-19 22:00:15.000,2024-01-19 22:00:15.000,606079430.0,4111395.0,1232110117.0,1068150000.0,original,228.0,original,228.0,original,230.0,original,4.0,original,0.0,gap_too_large,4.0,original,50.03,original,0.8682,original,606079430.0,original,4111395.0,original,1232110117.0,original,-107.0,original
727387.0,22.0,2024-01-20 00:00:00,WITEL_CHILLER,1068180000.0,229.0,229.0,231.0,4.0,0.0,4.0,50.04,0.8673,2024-01-20 00:00:10.000,2024-01-20 00:00:10.000,2024-01-20 00:00:10.000,606090138.0,4116208.0,1232143893.0,1068180000.0,original,229.0,original,229.0,original,231.0,original,4.0,original,0.0,gap_too_large,4.0,original,50.04,original,0.8673,original,606090138.0,original,4116208.0,original,1232143893.0,original,-100.0,original
728651.0,22.0,2024-01-20 02:00:00,WITEL_CHILLER,1068210000.0,227.0,228.0,230.0,4.0,0.0,4.0,49.98,0.8677999999999999,2024-01-20 02:10:15.000,2024-01-20 02:10:15.000,2024-01-20 02:10:15.000,606101574.0,4121411.0,1232180101.0,1068210000.0,original,227.0,original,228.0,original,230.0,original,4.0,original,0.0,gap_too_large,4.0,original,49.98,original,0.8677999999999999,original,606101574.0,original,4121411.0,original,1232180101.0,original,-121.0,original
729675.0,22.0,2024-01-20 04:00:00,WITEL_CHILLER,1068240000.0,229.0,229.0,231.0,4.0,0.0,4.0,49.96,0.8670999999999999,2024-01-20 04:00:08.000,2024-01-20 04:00:08.000,2024-01-20 04:00:08.000,606111389.0,4125821.0,1232211093.0,1068240000.0,original,229.0,original,229.0,original,231.0,original,4.0,original,0.0,gap_too_large,4.0,original,49.96,original,0.8670999999999999,original,606111389.0,original,4125821.0,original,1232211093.0,original,-119.0,original
730847.0,22.0,2024-01-20 06:00:00,WITEL_CHILLER,1068260000.0,228.0,228.0,230.0,4.0,0.0,4.0,50.06,0.8670999999999999,2024-01-20 06:00:12.000,2024-01-20 06:00:12.000,2024-01-20 06:00:12.000,606122054.0,4130630.0,1232244801.0,1068260000.0,original,228.0,original,228.0,original,230.0,original,4.0,original,0.0,gap_too_large,4.0,original,50.06,original,0.8670999999999999,original,606122054.0,original,4130630.0,original,1232244801.0,original,-100.0,original
731999.0,22.0,2024-01-20 08:00:00,WITEL_CHILLER,1068290000.0,226.0,226.0,228.0,4.0,0.0,4.0,49.97,0.8682,2024-01-20 08:00:09.000,2024-01-20 08:00:09.000,2024-01-20 08:00:09.000,606132534.0,4135453.0,1232278062.0,1068290000.0,original,226.0,original,226.0,original,228.0,original,4.0,original,0.0,gap_too_large,4.0,original,49.97,original,0.8682,original,606132534.0,original,4135453.0,original,1232278062.0,original,-111.0,original
733207.0,22.0,2024-01-20 10:00:00,WITEL_CHILLER,1068320000.0,225.0,226.0,227.0,4.0,0.0,4.0,50.02,0.8690999999999999,2024-01-20 10:00:15.000,2024-01-20 10:00:15.000,2024-01-20 10:00:15.000,606142966.0,4140269.0,1232311160.0,1068320000.0,original,225.0,original,226.0,original,227.0,original,4.0,original,0.0,gap_too_large,4.0,original,50.02,original,0.8690999999999999,original,606142966.0,original,4140269.0,original,1232311160.0,original,-121.0,original
734355.0,22.0,2024-01-20 12:00:00,WITEL_CHILLER,1068350000.0,226.0,227.0,228.0,4.0,0.0,4.0,50.02,0.8690999999999999,2024-01-20 12:00:15.000,2024-01-20 12:00:15.000,2024-01-20 12:00:15.000,606153258.0,4145075.0,1232343912.0,1068350000.0,original,226.0,original,227.0,original,228.0,original,4.0,original,0.0,gap_too_large,4.0,original,50.02,original,0.8690999999999999,original,606153258.0,original,4145075.0,original,1232343912.0,original,-111.0,original
735519.0,22.0,2024-01-20 14:00:00,WITEL_CHILLER,1068380000.0,225.0,226.0,227.0,4.0,0.0,4.0,49.94,0.8683,2024-01-20 14:00:10.000,2024-01-20 14:00:10.000,2024-01-20 14:00:10.000,606163629.0,4149875.0,1232376888.0,1068380000.0,original,225.0,original,226.0,original,227.0,original,4.0,original,0.0,gap_too_large,4.0,original,49.94,original,0.8683,original,606163629.0,original,4149875.0,original,1232376888.0,original,-108.0,original
736891.0,22.0,2024-01-20 16:00:00,WITEL_CHILLER,1068410000.0,227.0,228.0,229.0,4.0,0.0,4.0,49.97,0.8685999999999999,2024-01-20 16:00:12.000,2024-01-20 16:00:12.000,2024-01-20 16:00:12.000,606173968.0,4154656.0,1232409832.0,1068410000.0,original,227.0,original,228.0,original,229.0,original,4.0,original,0.0,gap_too_large,4.0,original,49.97,original,0.8685999999999999,original,606173968.0,original,4154656.0,original,1232409832.0,original,-111.0,original
738299.0,22.0,2024-01-20 18:00:00,WITEL_CHILLER,1068440000.0,230.0,231.0,232.0,4.0,0.0,4.0,49.94,0.8678999999999999,2024-01-20 18:10:10.000,2024-01-20 18:10:10.000,2024-01-20 18:10:10.000,606185600.0,4159856.0,1232446545.0,1068440000.0,original,230.0,original,231.0,original,232.0,original,4.0,original,0.0,gap_too_large,4.0,original,49.94,original,0.8678999999999999,original,606185600.0,original,4159856.0,original,1232446545.0,original,-106.0,original
739611.0,22.0,2024-01-20 20:00:00,WITEL_CHILLER,1068470000.0,227.0,227.0,229.0,4.0,0.0,4.0,50.03,0.8709999999999999,2024-01-20 20:10:14.000,2024-01-20 20:10:14.000,2024-01-20 20:10:14.000,606196294.0,4164646.0,1232480341.0,1068470000.0,original,227.0,original,227.0,original,229.0,original,4.0,original,0.0,gap_too_large,4.0,original,50.03,original,0.8709999999999999,original,606196294.0,original,4164646.0,original,1232480341.0,original,-105.0,original
740859.0,22.0,2024-01-20 22:00:00,WITEL_CHILLER,1068500000.0,228.0,228.0,230.0,4.0,0.0,4.0,50.05,0.8697999999999999,2024-01-20 22:10:16.000,2024-01-20 22:10:16.000,2024-01-20 22:10:16.000,606206800.0,4169437.0,1232513713.0,1068500000.0,original,228.0,original,228.0,original,230.0,original,4.0,original,0.0,gap_too_large,4.0,original,50.05,original,0.8697999999999999,original,606206800.0,original,4169437.0,original,1232513713.0,original,-119.0,original
741883.0,22.0,2024-01-21 00:00:00,WITEL_CHILLER,1068530000.0,230.0,231.0,233.0,4.0,0.0,4.0,50.02,0.8675999999999999,2024-01-21 00:00:11.000,2024-01-21 00:00:11.000,2024-01-21 00:00:11.000,606216707.0,4173830.0,1232544981.0,1068530000.0,original,230.0,original,231.0,original,233.0,original,4.0,original,0.0,gap_too_large,4.0,original,50.02,original,0.8675999999999999,original,606216707.0,original,4173830.0,original,1232544981.0,original,-100.0,original
743039.0,22.0,2024-01-21 02:00:00,WITEL_CHILLER,1068560000.0,229.0,230.0,232.0,4.0,0.0,4.0,50.05,0.8684999999999999,2024-01-21 02:00:15.000,2024-01-21 02:00:15.000,2024-01-21 02:00:15.000,606227590.0,4178634.0,1232579262.0,1068560000.0,original,229.0,original,230.0,original,232.0,original,4.0,original,0.0,gap_too_large,4.0,original,50.05,original,0.8684999999999999,original,606227590.0,original,4178634.0,original,1232579262.0,original,-118.0,original
744039.0,22.0,2024-01-21 04:00:00,WITEL_CHILLER,1068590000.0,231.0,231.0,233.0,4.0,0.0,4.0,50.04,0.8684,2024-01-21 04:00:15.000,2024-01-21 04:00:15.000,2024-01-21 04:00:15.000,606238509.0,4183437.0,1232613646.0,1068590000.0,original,231.0,original,231.0,original,233.0,original,4.0,original,0.0,gap_too_large,4.0,original,50.04,original,0.8684,original,606238509.0,original,4183437.0,original,1232613646.0,original,-101.0,original
745079.0,22.0,2024-01-21 06:00:00,WITEL_CHILLER,1068610000.0,230.0,230.0,232.0,4.0,0.0,4.0,50.01,0.8669999999999999,2024-01-21 06:00:12.000,2024-01-21 06:00:12.000,2024-01-21 06:00:12.000,606249450.0,4188250.0,1232648065.0,1068610000.0,original,230.0,original,230.0,original,232.0,original,4.0,original,0.0,gap_too_large,4.0,original,50.01,original,0.8669999999999999,original,606249450.0,original,4188250.0,original,1232648065.0,original,-110.0,original
746335.0,22.0,2024-01-21 08:00:00,WITEL_CHILLER,1068640000.0,228.0,229.0,230.0,4.0,0.0,4.0,49.99,0.8677999999999999,2024-01-21 08:00:13.000,2024-01-21 08:00:13.000,2024-01-21 08:00:13.000,606260304.0,4193082.0,1232682254.0,1068640000.0,original,228.0,original,229.0,original,230.0,original,4.0,original,0.0,gap_too_large,4.0,original,49.99,original,0.8677999999999999,original,606260304.0,original,4193082.0,original,1232682254.0,original,-119.0,original
747503.0,22.0,2024-01-21 10:00:00,WITEL_CHILLER,1068670000.0,226.0,227.0,228.0,4.0,0.0,4.0,50.04,0.8692,2024-01-21 10:00:09.000,2024-01-21 10:00:09.000,2024-01-21 10:00:09.000,606270806.0,4197885.0,1232715557.0,1068670000.0,original,226.0,original,227.0,original,228.0,original,4.0,original,0.0,gap_too_large,4.0,original,50.04,original,0.8692,original,606270806.0,original,4197885.0,original,1232715557.0,original,-118.0,original
748691.0,22.0,2024-01-21 12:00:00,WITEL_CHILLER,1068700000.0,226.0,227.0,228.0,4.0,0.0,4.0,49.94,0.8680999999999999,2024-01-21 12:00:12.000,2024-01-21 12:00:12.000,2024-01-21 12:00:12.000,606281238.0,4202691.0,1232748667.0,1068700000.0,original,226.0,original,227.0,original,228.0,original,4.0,original,0.0,gap_too_large,4.0,original,49.94,original,0.8680999999999999,original,606281238.0,original,4202691.0,original,1232748667.0,original,-105.0,original
749887.0,22.0,2024-01-21 14:00:00,WITEL_CHILLER,1068730000.0,226.0,227.0,228.0,4.0,0.0,4.0,50.02,0.8656999999999999,2024-01-21 14:00:12.000,2024-01-21 14:00:12.000,2024-01-21 14:00:12.000,606291619.0,4207478.0,1232781688.0,1068730000.0,original,226.0,original,227.0,original,228.0,original,4.0,original,0.0,gap_too_large,4.0,original,50.02,original,0.8656999999999999,original,606291619.0,original,4207478.0,original,1232781688.0,original,-118.0,original
751091.0,22.0,2024-01-21 16:00:00,WITEL_CHILLER,1068760000.0,226.0,227.0,228.0,4.0,0.0,4.0,49.97,0.8679999999999999,2024-01-21 16:00:16.000,2024-01-21 16:00:16.000,2024-01-21 16:00:16.000,606302067.0,4212282.0,1232814865.0,1068760000.0,original,226.0,original,227.0,original,228.0,original,4.0,original,0.0,gap_too_large,4.0,original,49.97,original,0.8679999999999999,original,606302067.0,original,4212282.0,original,1232814865.0,original,-119.0,original
752151.0,22.0,2024-01-21 18:00:00,WITEL_CHILLER,1068790000.0,227.0,228.0,229.0,4.0,0.0,4.0,50.01,0.8673,2024-01-21 18:00:09.000,2024-01-21 18:00:09.000,2024-01-21 18:00:09.000,606312570.0,4217094.0,1232848184.0,1068790000.0,original,227.0,original,228.0,original,229.0,original,4.0,original,0.0,gap_too_large,4.0,original,50.01,original,0.8673,original,606312570.0,original,4217094.0,original,1232848184.0,original,-113.0,original
753267.0,22.0,2024-01-21 20:00:00,WITEL_CHILLER,1068820000.0,227.0,228.0,230.0,4.0,0.0,4.0,49.96,0.8676999999999999,2024-01-21 20:00:12.000,2024-01-21 20:00:12.000,2024-01-21 20:00:12.000,606323136.0,4221910.0,1232881694.0,1068820000.0,original,227.0,original,228.0,original,230.0,original,4.0,original,0.0,gap_too_large,4.0,original,49.96,original,0.8676999999999999,original,606323136.0,original,4221910.0,original,1232881694.0,original,-101.0,original
754491.0,22.0,2024-01-21 22:00:00,WITEL_CHILLER,1068850000.0,228.0,229.0,231.0,4.0,0.0,4.0,50.05,0.8689999999999999,2024-01-21 22:20:12.000,2024-01-21 22:20:12.000,2024-01-21 22:20:12.000,606335456.0,4227526.0,1232920782.0,1068850000.0,original,228.0,original,229.0,original,231.0,original,4.0,original,0.0,gap_too_large,4.0,original,50.05,original,0.8689999999999999,original,606335456.0,original,4227526.0,original,1232920782.0,original,-120.0,original
755547.0,22.0,2024-01-22 00:00:00,WITEL_CHILLER,1068880000.0,230.0,230.0,232.0,4.0,0.0,4.0,50.02,0.8680999999999999,2024-01-22 00:00:09.000,2024-01-22 00:00:09.000,2024-01-22 00:00:09.000,606344445.0,4231539.0,1232949160.0,1068880000.0,original,230.0,original,230.0,original,232.0,original,4.0,original,0.0,gap_too_large,4.0,original,50.02,original,0.8680999999999999,original,606344445.0,original,4231539.0,original,1232949160.0,original,-119.0,original
756899.0,22.0,2024-01-22 02:00:00,WITEL_CHILLER,1068910000.0,231.0,231.0,233.0,4.0,0.0,4.0,50.01,0.8697999999999999,2024-01-22 02:10:12.000,2024-01-22 02:10:12.000,2024-01-22 02:10:12.000,606356240.0,4236755.0,1232986296.0,1068910000.0,original,231.0,original,231.0,original,233.0,original,4.0,original,0.0,gap_too_large,4.0,original,50.01,original,0.8697999999999999,original,606356240.0,original,4236755.0,original,1232986296.0,original,-103.0,original
758011.0,22.0,2024-01-22 04:00:00,WITEL_CHILLER,1068940000.0,229.0,229.0,231.0,4.0,0.0,4.0,50.06,0.8675999999999999,2024-01-22 04:00:06.000,2024-01-22 04:00:06.000,2024-01-22 04:00:06.000,606366160.0,4241168.0,1233017589.0,1068940000.0,original,229.0,original,229.0,original,231.0,original,4.0,original,0.0,gap_too_large,4.0,original,50.06,original,0.8675999999999999,original,606366160.0,original,4241168.0,original,1233017589.0,original,-119.0,original
759275.0,22.0,2024-01-22 06:00:00,WITEL_CHILLER,1068960000.0,226.0,227.0,228.0,4.0,0.0,4.0,50.04,0.8722,2024-01-22 06:00:15.000,2024-01-22 06:00:15.000,2024-01-22 06:00:15.000,606376768.0,4245971.0,1233051189.0,1068960000.0,original,226.0,original,227.0,original,228.0,original,4.0,original,0.0,gap_too_large,4.0,original,50.04,original,0.8722,original,606376768.0,original,4245971.0,original,1233051189.0,original,-118.0,original
759275.0,,2024-01-22 08:00:00,WITEL_CHILLER,0.0,0.0,0.0,0.0,0.0,0.0,0.0,0.0,0.0,,,,0.0,0.0,0.0,0.0,gap_too_large,0.0,gap_too_large,0.0,gap_too_large,0.0,gap_too_large,0.0,gap_too_large,0.0,gap_too_large,0.0,gap_too_large,0.0,gap_too_large,0.0,gap_too_large,0.0,gap_too_large,0.0,gap_too_large,0.0,gap_too_large,0.0,gap_too_large
759275.0,,2024-01-22 10:00:00,WITEL_CHILLER,0.0,0.0,0.0,0.0,0.0,0.0,0.0,0.0,0.0,,,,0.0,0.0,0.0,0.0,gap_too_large,0.0,gap_too_large,0.0,gap_too_large,0.0,gap_too_large,0.0,gap_too_large,0.0,gap_too_large,0.0,gap_too_large,0.0,gap_too_large,0.0,gap_too_large,0.0,gap_too_large,0.0,gap_too_large,0.0,gap_too_large,0.0,gap_too_large
759275.0,,2024-01-22 12:00:00,WITEL_CHILLER,0.0,0.0,0.0,0.0,0.0,0.0,0.0,0.0,0.0,,,,0.0,0.0,0.0,0.0,gap_too_large,0.0,gap_too_large,0.0,gap_too_large,0.0,gap_too_large,0.0,gap_too_large,0.0,gap_too_large,0.0,gap_too_large,0.0,gap_too_large,0.0,gap_too_large,0.0,gap_too_large,0.0,gap_too_large,0.0,gap_too_large,0.0,gap_too_large
762277.0,22.0,2024-01-22 14:00:00,WITEL_CHILLER,1082080000.0,220.0,222.0,224.0,374.0,395.0,395.0,49.96,0.8744999999999999,2024-01-22 14:33:47.000,2024-01-22 14:33:47.000,2024-01-22 14:33:47.000,613654826.0,4252093.0,1248061054.0,1082080000.0,original,220.0,original,222.0,original,224.0,original,374.0,original,395.0,original,395.0,original,49.96,original,0.8744999999999999,original,613654826.0,original,4252093.0,original,1248061054.0,original,-105.0,original
762509.0,22.0,2024-01-22 16:00:00,WITEL_CHILLER,1085100000.0,227.0,228.0,229.0,4.0,0.0,4.0,49.92,1.0,2024-01-22 16:10:12.000,2024-01-22 16:10:12.000,2024-01-22 16:10:12.000,615345398.0,4252093.0,1251521326.0,1085100000.0,original,227.0,original,228.0,original,229.0,original,4.0,original,0.0,gap_too_large,4.0,original,49.92,original,1.0,original,615345398.0,original,4252093.0,original,1251521326.0,original,-107.0,original
762734.0,22.0,2024-01-22 18:00:00,WITEL_CHILLER,1085120000.0,230.0,230.0,232.0,4.0,0.0,4.0,50.05,0.8666999999999999,2024-01-22 18:00:12.000,2024-01-22 18:00:12.000,2024-01-22 18:00:12.000,615353971.0,4255747.0,1251547803.0,1085120000.0,original,230.0,original,230.0,original,232.0,original,4.0,original,0.0,gap_too_large,4.0,original,50.05,original,0.8666999999999999,original,615353971.0,original,4255747.0,original,1251547803.0,original,-107.0,original
763035.0,22.0,2024-01-22 20:00:00,WITEL_CHILLER,1085150000.0,228.0,228.0,229.0,4.0,0.0,4.0,49.99,0.8710999999999999,2024-01-22 20:20:14.000,2024-01-22 20:20:14.000,2024-01-22 20:20:14.000,615366275.0,4261306.0,1251586843.0,1085150000.0,original,228.0,original,228.0,original,229.0,original,4.0,original,0.0,gap_too_large,4.0,original,49.99,original,0.8710999999999999,original,615366275.0,original,4261306.0,original,1251586843.0,original,-118.0,original
763275.0,22.0,2024-01-22 22:00:00,WITEL_CHILLER,1085180000.0,229.0,230.0,232.0,4.0,0.0,4.0,49.94,0.8695999999999999,2024-01-22 22:10:08.000,2024-01-22 22:10:08.000,2024-01-22 22:10:08.000,615376054.0,4265690.0,1251617822.0,1085180000.0,original,229.0,original,230.0,original,232.0,original,4.0,original,0.0,gap_too_large,4.0,original,49.94,original,0.8695999999999999,original,615376054.0,original,4265690.0,original,1251617822.0,original,-119.0,original
763530.0,22.0,2024-01-23 00:00:00,WITEL_CHILLER,1085210000.0,230.0,231.0,233.0,4.0,0.0,4.0,49.98,0.8656999999999999,2024-01-23 00:10:09.000,2024-01-23 00:10:09.000,2024-01-23 00:10:09.000,615386950.0,4270490.0,1251652158.0,1085210000.0,original,230.0,original,231.0,original,233.0,original,4.0,original,0.0,gap_too_large,4.0,original,49.98,original,0.8656999999999999,original,615386950.0,original,4270490.0,original,1251652158.0,original,-119.0,original
763804.0,22.0,2024-01-23 02:00:00,WITEL_CHILLER,1085240000.0,229.0,230.0,232.0,4.0,0.0,4.0,49.98,0.8674,2024-01-23 02:10:15.000,2024-01-23 02:10:15.000,2024-01-23 02:10:15.000,615397706.0,4275290.0,1251686155.0,1085240000.0,original,229.0,original,230.0,original,232.0,original,4.0,original,0.0,gap_too_large,4.0,original,49.98,original,0.8674,original,615397706.0,original,4275290.0,original,1251686155.0,original,-117.0,original
764045.0,22.0,2024-01-23 04:00:00,WITEL_CHILLER,1085270000.0,228.0,229.0,231.0,4.0,0.0,4.0,50.04,0.8679999999999999,2024-01-23 04:00:07.000,2024-01-23 04:00:07.000,2024-01-23 04:00:07.000,615407731.0,4279702.0,1251717720.0,1085270000.0,original,228.0,original,229.0,original,231.0,original,4.0,original,0.0,gap_too_large,4.0,original,50.04,original,0.8679999999999999,original,615407731.0,original,4279702.0,original,1251717720.0,original,-103.0,original
764337.0,22.0,2024-01-23 06:00:00,WITEL_CHILLER,1085300000.0,225.0,225.0,227.0,4.0,125.0,4.0,50.03,0.8709999999999999,2024-01-23 06:10:12.000,2024-01-23 06:10:12.000,2024-01-23 06:10:12.000,615419152.0,4284896.0,1251753969.0,1085300000.0,original,225.0,original,225.0,original,227.0,original,4.0,original,125.0,original,4.0,original,50.03,original,0.8709999999999999,original,615419152.0,original,4284896.0,original,1251753969.0,original,-118.0,original
764600.0,22.0,2024-01-23 08:00:00,WITEL_CHILLER,1086570000.0,220.0,222.0,223.0,255.0,270.0,269.0,49.95,0.8219,2024-01-23 08:00:11.000,2024-01-23 08:00:11.000,2024-01-23 08:00:11.000,616163654.0,4287552.0,1253228008.0,1086570000.0,original,220.0,original,222.0,original,223.0,original,255.0,original,270.0,original,269.0,original,49.95,original,0.8219,original,616163654.0,original,4287552.0,original,1253228008.0,original,-119.0,original
765096.0,22.0,2024-01-23 10:00:00,WITEL_CHILLER,1089480000.0,223.0,224.0,226.0,204.0,209.0,212.0,50.0,0.8728999999999999,2024-01-23 10:00:11.000,2024-01-23 10:00:11.000,2024-01-23 10:00:11.000,617857546.0,4287552.0,1256605185.0,1089480000.0,original,223.0,original,224.0,original,226.0,original,204.0,original,209.0,original,212.0,original,50.0,original,0.8728999999999999,original,617857546.0,original,4287552.0,original,1256605185.0,original,-103.0,original
765648.0,22.0,2024-01-23 12:00:00,WITEL_CHILLER,1092310000.0,223.0,225.0,227.0,304.0,322.0,324.0,50.11,0.8424999999999999,2024-01-23 12:00:10.000,2024-01-23 12:00:10.000,2024-01-23 12:00:10.000,619510598.0,4287552.0,1259884491.0,1092310000.0,original,223.0,original,225.0,original,227.0,original,304.0,original,322.0,original,324.0,original,50.11,original,0.8424999999999999,original,619510598.0,original,4287552.0,original,1259884491.0,original,-105.0,original
766257.0,22.0,2024-01-23 14:00:00,WITEL_CHILLER,1095420000.0,223.0,225.0,226.0,132.0,137.0,141.0,50.05,0.8163999999999999,2024-01-23 14:10:11.000,2024-01-23 14:10:11.000,2024-01-23 14:10:11.000,621421005.0,4287552.0,1263534609.0,1095420000.0,original,223.0,original,225.0,original,226.0,original,132.0,original,137.0,original,141.0,original,50.05,original,0.8163999999999999,original,621421005.0,original,4287552.0,original,1263534609.0,original,-102.0,original
766884.0,22.0,2024-01-23 16:00:00,WITEL_CHILLER,1097990000.0,228.0,229.0,230.0,3.0,0.0,3.0,49.94,1.0,2024-01-23 16:10:13.000,2024-01-23 16:10:13.000,2024-01-23 16:10:13.000,622981088.0,4287552.0,1266543409.0,1097990000.0,original,228.0,original,229.0,original,230.0,original,3.0,original,0.0,gap_too_large,3.0,original,49.94,original,1.0,original,622981088.0,original,4287552.0,original,1266543409.0,original,-120.0,original
767510.0,22.0,2024-01-23 18:00:00,WITEL_CHILLER,1098010000.0,229.0,229.0,231.0,4.0,0.0,4.0,49.94,0.8672,2024-01-23 18:10:11.000,2024-01-23 18:10:11.000,2024-01-23 18:10:11.000,622990038.0,4291478.0,1266571473.0,1098010000.0,original,229.0,original,229.0,original,231.0,original,4.0,original,0.0,gap_too_large,4.0,original,49.94,original,0.8672,original,622990038.0,original,4291478.0,original,1266571473.0,original,-103.0,original
768092.0,22.0,2024-01-23 20:00:00,WITEL_CHILLER,1098040000.0,227.0,227.0,229.0,4.0,0.0,4.0,49.98,0.8705999999999999,2024-01-23 20:00:10.000,2024-01-23 20:00:10.000,2024-01-23 20:00:10.000,622999773.0,4295859.0,1266602321.0,1098040000.0,original,227.0,original,227.0,original,229.0,original,4.0,original,0.0,gap_too_large,4.0,original,49.98,original,0.8705999999999999,original,622999773.0,original,4295859.0,original,1266602321.0,original,-118.0,original
768721.0,22.0,2024-01-23 22:00:00,WITEL_CHILLER,1098070000.0,229.0,229.0,231.0,4.0,0.0,4.0,50.04,0.8695999999999999,2024-01-23 22:00:09.000,2024-01-23 22:00:09.000,2024-01-23 22:00:09.000,623010378.0,4300659.0,1266635957.0,1098070000.0,original,229.0,original,229.0,original,231.0,original,4.0,original,0.0,gap_too_large,4.0,original,50.04,original,0.8695999999999999,original,623010378.0,original,4300659.0,original,1266635957.0,original,-120.0,original
769312.0,22.0,2024-01-24 00:00:00,WITEL_CHILLER,1098100000.0,230.0,230.0,232.0,4.0,0.0,4.0,50.05,0.8696999999999999,2024-01-24 00:10:08.000,2024-01-24 00:10:08.000,2024-01-24 00:10:08.000,623022035.0,4305862.0,1266672856.0,1098100000.0,original,230.0,original,230.0,original,232.0,original,4.0,original,0.0,gap_too_large,4.0,original,50.05,original,0.8696999999999999,original,623022035.0,original,4305862.0,original,1266672856.0,original,-120.0,original
769925.0,22.0,2024-01-24 02:00:00,WITEL_CHILLER,1098120000.0,229.0,229.0,231.0,4.0,0.0,4.0,50.03,0.8695999999999999,2024-01-24 02:00:13.000,2024-01-24 02:00:13.000,2024-01-24 02:00:13.000,623031965.0,4310262.0,1266704222.0,1098120000.0,original,229.0,original,229.0,original,231.0,original,4.0,original,0.0,gap_too_large,4.0,original,50.03,original,0.8695999999999999,original,623031965.0,original,4310262.0,original,1266704222.0,original,-119.0,original
770641.0,22.0,2024-01-24 04:00:00,WITEL_CHILLER,1098160000.0,229.0,229.0,231.0,4.0,0.0,4.0,50.0,0.8668999999999999,2024-01-24 04:10:14.000,2024-01-24 04:10:14.000,2024-01-24 04:10:14.000,623043613.0,4315456.0,1266741077.0,1098160000.0,original,229.0,original,229.0,original,231.0,original,4.0,original,0.0,gap_too_large,4.0,original,50.0,original,0.8668999999999999,original,623043613.0,original,4315456.0,original,1266741077.0,original,-120.0,original
771615.0,22.0,2024-01-24 06:00:00,WITEL_CHILLER,1098180000.0,226.0,226.0,228.0,4.0,0.0,4.0,50.05,0.8697999999999999,2024-01-24 06:00:08.000,2024-01-24 06:00:08.000,2024-01-24 06:00:08.000,623053318.0,4319853.0,1266771886.0,1098180000.0,original,226.0,original,226.0,original,228.0,original,4.0,original,0.0,gap_too_large,4.0,original,50.05,original,0.8697999999999999,original,623053318.0,original,4319853.0,original,1266771886.0,original,-121.0,original
773380.0,22.0,2024-01-24 08:00:00,WITEL_CHILLER,1098210000.0,225.0,226.0,228.0,4.0,390.0,4.0,50.01,0.8719999999999999,2024-01-24 08:00:13.000,2024-01-24 08:00:13.000,2024-01-24 08:00:13.000,623063648.0,4324653.0,1266804817.0,1098210000.0,original,225.0,original,226.0,original,228.0,original,4.0,original,390.0,original,4.0,original,50.01,original,0.8719999999999999,original,623063648.0,original,4324653.0,original,1266804817.0,original,-107.0,original
775210.0,22.0,2024-01-24 10:00:00,WITEL_CHILLER,1101440000.0,219.0,221.0,222.0,352.0,372.0,371.0,50.01,0.8736999999999999,2024-01-24 10:10:10.000,2024-01-24 10:10:10.000,2024-01-24 10:10:10.000,624879632.0,4326054.0,1270508971.0,1101440000.0,original,219.0,original,221.0,original,222.0,original,352.0,original,372.0,original,371.0,original,50.01,original,0.8736999999999999,original,624879632.0,original,4326054.0,original,1270508971.0,original,-119.0,original
776906.0,22.0,2024-01-24 12:00:00,WITEL_CHILLER,1105680000.0,222.0,224.0,225.0,341.0,364.0,363.0,50.03,0.8657999999999999,2024-01-24 12:10:15.000,2024-01-24 12:10:15.000,2024-01-24 12:10:15.000,627269021.0,4326054.0,1275385464.0,1105680000.0,original,222.0,original,224.0,original,225.0,original,341.0,original,364.0,original,363.0,original,50.03,original,0.8657999999999999,original,627269021.0,original,4326054.0,original,1275385464.0,original,-102.0,original
778374.0,22.0,2024-01-24 14:00:00,WITEL_CHILLER,1109590000.0,220.0,222.0,223.0,351.0,372.0,371.0,50.07,0.8724999999999999,2024-01-24 14:00:13.000,2024-01-24 14:00:13.000,2024-01-24 14:00:13.000,629470042.0,4326054.0,1279871950.0,1109590000.0,original,220.0,original,222.0,original,223.0,original,351.0,original,372.0,original,371.0,original,50.07,original,0.8724999999999999,original,629470042.0,original,4326054.0,original,1279871950.0,original,-106.0,original
779994.0,22.0,2024-01-24 16:00:00,WITEL_CHILLER,1113480000.0,227.0,228.0,229.0,3.0,0.0,3.0,50.05,0.4684999999999999,2024-01-24 16:00:12.000,2024-01-24 16:00:12.000,2024-01-24 16:00:12.000,631637891.0,4326390.0,1284323480.0,1113480000.0,original,227.0,original,228.0,original,229.0,original,3.0,original,0.0,gap_too_large,3.0,original,50.05,original,0.4684999999999999,original,631637891.0,original,4326390.0,original,1284323480.0,original,-107.0,original
781607.0,22.0,2024-01-24 18:00:00,WITEL_CHILLER,1113510000.0,228.0,228.0,230.0,4.0,0.0,4.0,50.06,0.8693,2024-01-24 18:00:12.000,2024-01-24 18:00:12.000,2024-01-24 18:00:12.000,631649190.0,4331699.0,1284359473.0,1113510000.0,original,228.0,original,228.0,original,230.0,original,4.0,original,0.0,gap_too_large,4.0,original,50.06,original,0.8693,original,631649190.0,original,4331699.0,original,1284359473.0,original,-120.0,original
783208.0,22.0,2024-01-24 20:00:00,WITEL_CHILLER,1113540000.0,227.0,227.0,229.0,4.0,0.0,4.0,50.03,0.8695999999999999,2024-01-24 20:00:14.000,2024-01-24 20:00:14.000,2024-01-24 20:00:14.000,631659798.0,4336438.0,1284393009.0,1113540000.0,original,227.0,original,227.0,original,229.0,original,4.0,original,0.0,gap_too_large,4.0,original,50.03,original,0.8695999999999999,original,631659798.0,original,4336438.0,original,1284393009.0,original,-107.0,original
784851.0,22.0,2024-01-24 22:00:00,WITEL_CHILLER,1113570000.0,228.0,229.0,230.0,4.0,0.0,4.0,50.01,0.8684999999999999,2024-01-24 22:10:12.000,2024-01-24 22:10:12.000,2024-01-24 22:10:12.000,631671222.0,4341571.0,1284429233.0,1113570000.0,original,228.0,original,229.0,original,230.0,original,4.0,original,0.0,gap_too_large,4.0,original,50.01,original,0.8684999999999999,original,631671222.0,original,4341571.0,original,1284429233.0,original,-107.0,original
786241.0,22.0,2024-01-25 00:00:00,WITEL_CHILLER,1113600000.0,228.0,228.0,230.0,4.0,0.0,4.0,49.96,0.8707999999999999,2024-01-25 00:00:14.000,2024-01-25 00:00:14.000,2024-01-25 00:00:14.000,631681062.0,4345926.0,1284460315.0,1113600000.0,original,228.0,original,228.0,original,230.0,original,4.0,original,0.0,gap_too_large,4.0,original,49.96,original,0.8707999999999999,original,631681062.0,original,4345926.0,original,1284460315.0,original,-103.0,original
787913.0,22.0,2024-01-25 02:00:00,WITEL_CHILLER,1113630000.0,227.0,227.0,229.0,4.0,0.0,4.0,50.02,0.8708999999999999,2024-01-25 02:00:14.000,2024-01-25 02:00:14.000,2024-01-25 02:00:14.000,631691635.0,4350685.0,1284493838.0,1113630000.0,original,227.0,original,227.0,original,229.0,original,4.0,original,0.0,gap_too_large,4.0,original,50.02,original,0.8708999999999999,original,631691635.0,original,4350685.0,original,1284493838.0,original,-100.0,original
789488.0,22.0,2024-01-25 04:00:00,WITEL_CHILLER,1113650000.0,229.0,229.0,231.0,4.0,0.0,4.0,50.04,0.8679999999999999,2024-01-25 04:00:08.000,2024-01-25 04:00:08.000,2024-01-25 04:00:08.000,631702294.0,4355450.0,1284527582.0,1113650000.0,original,229.0,original,229.0,original,231.0,original,4.0,original,0.0,gap_too_large,4.0,original,50.04,original,0.8679999999999999,original,631702294.0,original,4355450.0,original,1284527582.0,original,-120.0,original
791094.0,22.0,2024-01-25 06:00:00,WITEL_CHILLER,1113680000.0,226.0,226.0,228.0,4.0,0.0,4.0,50.06,0.8694999999999999,2024-01-25 06:00:16.000,2024-01-25 06:00:16.000,2024-01-25 06:00:16.000,631712883.0,4360218.0,1284561160.0,1113680000.0,original,226.0,original,226.0,original,228.0,original,4.0,original,0.0,gap_too_large,4.0,original,50.06,original,0.8694999999999999,original,631712883.0,original,4360218.0,original,1284561160.0,original,-120.0,original
792790.0,22.0,2024-01-25 08:00:00,WITEL_CHILLER,1113710000.0,225.0,225.0,227.0,4.0,232.0,4.0,50.05,0.8685999999999999,2024-01-25 08:00:09.000,2024-01-25 08:00:09.000,2024-01-25 08:00:09.000,631723248.0,4364982.0,1284594152.0,1113710000.0,original,225.0,original,225.0,original,227.0,original,4.0,original,232.0,original,4.0,original,50.05,original,0.8685999999999999,original,631723248.0,original,4364982.0,original,1284594152.0,original,-115.0,original
794369.0,22.0,2024-01-25 10:00:00,WITEL_CHILLER,1115910000.0,219.0,222.0,223.0,367.0,386.0,383.0,50.0,0.8700999999999999,2024-01-25 10:00:10.000,2024-01-25 10:00:10.000,2024-01-25 10:00:10.000,633050026.0,4366349.0,1287168619.0,1115910000.0,original,219.0,original,222.0,original,223.0,original,367.0,original,386.0,original,383.0,original,50.0,original,0.8700999999999999,original,633050026.0,original,4366349.0,original,1287168619.0,original,-119.0,original
795930.0,22.0,2024-01-25 12:00:00,WITEL_CHILLER,1118780000.0,224.0,226.0,227.0,246.0,260.0,256.0,50.04,0.8152999999999999,2024-01-25 12:00:10.000,2024-01-25 12:00:10.000,2024-01-25 12:00:10.000,634796218.0,4366349.0,1290533461.0,1118780000.0,original,224.0,original,226.0,original,227.0,original,246.0,original,260.0,original,256.0,original,50.04,original,0.8152999999999999,original,634796218.0,original,4366349.0,original,1290533461.0,original,-118.0,original
797570.0,22.0,2024-01-25 14:00:00,WITEL_CHILLER,1121770000.0,221.0,223.0,224.0,259.0,274.0,273.0,49.99,0.8251999999999999,2024-01-25 14:00:13.000,2024-01-25 14:00:13.000,2024-01-25 14:00:13.000,636616237.0,4366349.0,1294038219.0,1121770000.0,original,221.0,original,223.0,original,224.0,original,259.0,original,274.0,original,273.0,original,49.99,original,0.8251999999999999,original,636616237.0,original,4366349.0,original,1294038219.0,original,-119.0,original
799181.0,22.0,2024-01-25 16:00:00,WITEL_CHILLER,1124770000.0,228.0,229.0,230.0,4.0,0.0,4.0,50.01,1.0,2024-01-25 16:00:12.000,2024-01-25 16:00:12.000,2024-01-25 16:00:12.000,638420160.0,4366349.0,1297542158.0,1124770000.0,original,228.0,original,229.0,original,230.0,original,4.0,original,0.0,gap_too_large,4.0,original,50.01,original,1.0,original,638420160.0,original,4366349.0,original,1297542158.0,original,-111.0,original
800733.0,22.0,2024-01-25 18:00:00,WITEL_CHILLER,1124800000.0,228.0,228.0,230.0,4.0,0.0,4.0,50.01,0.8680999999999999,2024-01-25 18:00:13.000,2024-01-25 18:00:13.000,2024-01-25 18:00:13.000,638428410.0,4369904.0,1297567710.0,1124800000.0,original,228.0,original,228.0,original,230.0,original,4.0,original,0.0,gap_too_large,4.0,original,50.01,original,0.8680999999999999,original,638428410.0,original,4369904.0,original,1297567710.0,original,-108.0,original
802271.0,22.0,2024-01-25 20:00:00,WITEL_CHILLER,1124830000.0,228.0,229.0,230.0,4.0,0.0,4.0,50.06,0.8664999999999999,2024-01-25 20:00:13.000,2024-01-25 20:00:13.000,2024-01-25 20:00:13.000,638439037.0,4374685.0,1297601377.0,1124830000.0,original,228.0,original,229.0,original,230.0,original,4.0,original,0.0,gap_too_large,4.0,original,50.06,original,0.8664999999999999,original,638439037.0,original,4374685.0,original,1297601377.0,original,-120.0,original
803753.0,22.0,2024-01-25 22:00:00,WITEL_CHILLER,1124860000.0,228.0,229.0,230.0,4.0,0.0,4.0,50.04,0.8654,2024-01-25 22:00:09.000,2024-01-25 22:00:09.000,2024-01-25 22:00:09.000,638449808.0,4379478.0,1297635416.0,1124860000.0,original,228.0,original,229.0,original,230.0,original,4.0,original,0.0,gap_too_large,4.0,original,50.04,original,0.8654,original,638449808.0,original,4379478.0,original,1297635416.0,original,-120.0,original
803753.0,,2024-01-26 00:00:00,WITEL_CHILLER,0.0,0.0,0.0,0.0,0.0,0.0,0.0,0.0,0.0,,,,0.0,0.0,0.0,0.0,gap_too_large,0.0,gap_too_large,0.0,gap_too_large,0.0,gap_too_large,0.0,gap_too_large,0.0,gap_too_large,0.0,gap_too_large,0.0,gap_too_large,0.0,gap_too_large,0.0,gap_too_large,0.0,gap_too_large,0.0,gap_too_large,0.0,gap_too_large
803753.0,,2024-01-26 02:00:00,WITEL_CHILLER,0.0,0.0,0.0,0.0,0.0,0.0,0.0,0.0,0.0,,,,0.0,0.0,0.0,0.0,gap_too_large,0.0,gap_too_large,0.0,gap_too_large,0.0,gap_too_large,0.0,gap_too_large,0.0,gap_too_large,0.0,gap_too_large,0.0,gap_too_large,0.0,gap_too_large,0.0,gap_too_large,0.0,gap_too_large,0.0,gap_too_large,0.0,gap_too_large
803753.0,,2024-01-26 04:00:00,WITEL_CHILLER,0.0,0.0,0.0,0.0,0.0,0.0,0.0,0.0,0.0,,,,0.0,0.0,0.0,0.0,gap_too_large,0.0,gap_too_large,0.0,gap_too_large,0.0,gap_too_large,0.0,gap_too_large,0.0,gap_too_large,0.0,gap_too_large,0.0,gap_too_large,0.0,gap_too_large,0.0,gap_too_large,0.0,gap_too_large,0.0,gap_too_large,0.0,gap_too_large
803753.0,,2024-01-26 06:00:00,WITEL_CHILLER,0.0,0.0,0.0,0.0,0.0,0.0,0.0,0.0,0.0,,,,0.0,0.0,0.0,0.0,gap_too_large,0.0,gap_too_large,0.0,gap_too_large,0.0,gap_too_large,0.0,gap_too_large,0.0,gap_too_large,0.0,gap_too_large,0.0,gap_too_large,0.0,gap_too_large,0.0,gap_too_large,0.0,gap_too_large,0.0,gap_too_large,0.0,gap_too_large
803753.0,,2024-01-26 08:00:00,WITEL_CHILLER,0.0,0.0,0.0,0.0,0.0,0.0,0.0,0.0,0.0,,,,0.0,0.0,0.0,0.0,gap_too_large,0.0,gap_too_large,0.0,gap_too_large,0.0,gap_too_large,0.0,gap_too_large,0.0,gap_too_large,0.0,gap_too_large,0.0,gap_too_large,0.0,gap_too_large,0.0,gap_too_large,0.0,gap_too_large,0.0,gap_too_large,0.0,gap_too_large
803753.0,,2024-01-26 10:00:00,WITEL_CHILLER,0.0,0.0,0.0,0.0,0.0,0.0,0.0,0.0,0.0,,,,0.0,0.0,0.0,0.0,gap_too_large,0.0,gap_too_large,0.0,gap_too_large,0.0,gap_too_large,0.0,gap_too_large,0.0,gap_too_large,0.0,gap_too_large,0.0,gap_too_large,0.0,gap_too_large,0.0,gap_too_large,0.0,gap_too_large,0.0,gap_too_large,0.0,gap_too_large
803753.0,,2024-01-26 12:00:00,WITEL_CHILLER,0.0,0.0,0.0,0.0,0.0,0.0,0.0,0.0,0.0,,,,0.0,0.0,0.0,0.0,gap_too_large,0.0,gap_too_large,0.0,gap_too_large,0.0,gap_too_large,0.0,gap_too_large,0.0,gap_too_large,0.0,gap_too_large,0.0,gap_too_large,0.0,gap_too_large,0.0,gap_too_large,0.0,gap_too_large,0.0,gap_too_large,0.0,gap_too_large
814050.0,22.0,2024-01-26 14:00:00,WITEL_CHILLER,1137610000.0,221.0,223.0,225.0,367.0,388.0,388.0,50.03,0.8723,2024-01-26 14:34:41.000,2024-01-26 14:34:41.000,2024-01-26 14:34:41.000,645599053.0,4404909.0,1312278408.0,1137610000.0,original,221.0,original,223.0,original,225.0,original,367.0,original,388.0,original,388.0,original,50.03,original,0.8723,original,645599053.0,original,4404909.0,original,1312278408.0,original,-117.0,original
814289.0,22.0,2024-01-26 16:00:00,WITEL_CHILLER,1140720000.0,222.0,224.0,226.0,357.0,377.0,377.0,50.03,0.8685999999999999,2024-01-26 16:00:14.000,2024-01-26 16:00:14.000,2024-01-26 16:00:14.000,647351232.0,4404909.0,1315848869.0,1140720000.0,original,222.0,original,224.0,original,226.0,original,357.0,original,377.0,original,377.0,original,50.03,original,0.8685999999999999,original,647351232.0,original,4404909.0,original,1315848869.0,original,-103.0,original
814663.0,22.0,2024-01-26 18:00:00,WITEL_CHILLER,1141400000.0,230.0,230.0,232.0,4.0,0.0,4.0,50.04,0.8693,2024-01-26 18:20:11.000,2024-01-26 18:20:11.000,2024-01-26 18:20:11.000,647738608.0,4410010.0,1316641749.0,1141400000.0,original,230.0,original,230.0,original,232.0,original,4.0,original,0.0,gap_too_large,4.0,original,50.04,original,0.8693,original,647738608.0,original,4410010.0,original,1316641749.0,original,-109.0,original
814929.0,22.0,2024-01-26 20:00:00,WITEL_CHILLER,1141430000.0,230.0,231.0,232.0,4.0,0.0,4.0,50.07,0.8688999999999999,2024-01-26 20:00:10.000,2024-01-26 20:00:10.000,2024-01-26 20:00:10.000,647747693.0,4413965.0,1316670286.0,1141430000.0,original,230.0,original,231.0,original,232.0,original,4.0,original,0.0,gap_too_large,4.0,original,50.07,original,0.8688999999999999,original,647747693.0,original,4413965.0,original,1316670286.0,original,-106.0,original
815220.0,22.0,2024-01-26 22:00:00,WITEL_CHILLER,1141460000.0,227.0,228.0,230.0,4.0,0.0,4.0,49.93,0.8673,2024-01-26 22:00:14.000,2024-01-26 22:00:14.000,2024-01-26 22:00:14.000,647758509.0,4418726.0,1316704363.0,1141460000.0,original,227.0,original,228.0,original,230.0,original,4.0,original,0.0,gap_too_large,4.0,original,49.93,original,0.8673,original,647758509.0,original,4418726.0,original,1316704363.0,original,-107.0,original
815547.0,22.0,2024-01-27 00:00:00,WITEL_CHILLER,1141490000.0,229.0,230.0,232.0,4.0,0.0,4.0,49.97,0.8686999999999999,2024-01-27 00:00:13.000,2024-01-27 00:00:13.000,2024-01-27 00:00:13.000,647769338.0,4423494.0,1316738497.0,1141490000.0,original,229.0,original,230.0,original,232.0,original,4.0,original,0.0,gap_too_large,4.0,original,49.97,original,0.8686999999999999,original,647769338.0,original,4423494.0,original,1316738497.0,original,-102.0,original
815886.0,22.0,2024-01-27 02:00:00,WITEL_CHILLER,1141520000.0,228.0,229.0,231.0,4.0,0.0,4.0,49.93,0.8680999999999999,2024-01-27 02:10:12.000,2024-01-27 02:10:12.000,2024-01-27 02:10:12.000,647781216.0,4428675.0,1316775857.0,1141520000.0,original,228.0,original,229.0,original,231.0,original,4.0,original,0.0,gap_too_large,4.0,original,49.93,original,0.8680999999999999,original,647781216.0,original,4428675.0,original,1316775857.0,original,-111.0,original
816216.0,22.0,2024-01-27 04:00:00,WITEL_CHILLER,1141550000.0,230.0,230.0,232.0,4.0,0.0,4.0,50.05,0.8676999999999999,2024-01-27 04:20:13.000,2024-01-27 04:20:13.000,2024-01-27 04:20:13.000,647792995.0,4433866.0,1316813016.0,1141550000.0,original,230.0,original,230.0,original,232.0,original,4.0,original,0.0,gap_too_large,4.0,original,50.05,original,0.8676999999999999,original,647792995.0,original,4433866.0,original,1316813016.0,original,-113.0,original
816480.0,22.0,2024-01-27 06:00:00,WITEL_CHILLER,1141580000.0,230.0,230.0,232.0,4.0,0.0,4.0,50.09,0.8689999999999999,2024-01-27 06:00:11.000,2024-01-27 06:00:11.000,2024-01-27 06:00:11.000,647802077.0,4437869.0,1316841649.0,1141580000.0,original,230.0,original,230.0,original,232.0,original,4.0,original,0.0,gap_too_large,4.0,original,50.09,original,0.8689999999999999,original,647802077.0,original,4437869.0,original,1316841649.0,original,-111.0,original
816796.0,22.0,2024-01-27 08:00:00,WITEL_CHILLER,1141610000.0,227.0,227.0,229.0,4.0,0.0,4.0,50.04,0.8694999999999999,2024-01-27 08:00:14.000,2024-01-27 08:00:14.000,2024-01-27 08:00:14.000,647812822.0,4442678.0,1316875611.0,1141610000.0,original,227.0,original,227.0,original,229.0,original,4.0,original,0.0,gap_too_large,4.0,original,50.04,original,0.8694999999999999,original,647812822.0,original,4442678.0,original,1316875611.0,original,-103.0,original
817116.0,22.0,2024-01-27 10:00:00,WITEL_CHILLER,1141640000.0,226.0,226.0,228.0,4.0,0.0,4.0,50.0,0.8706999999999999,2024-01-27 10:10:15.000,2024-01-27 10:10:15.000,2024-01-27 10:10:15.000,647824166.0,4447866.0,1316911643.0,1141640000.0,original,226.0,original,226.0,original,228.0,original,4.0,original,0.0,gap_too_large,4.0,original,50.0,original,0.8706999999999999,original,647824166.0,original,4447866.0,original,1316911643.0,original,-113.0,original
817390.0,22.0,2024-01-27 12:00:00,WITEL_CHILLER,1141670000.0,228.0,228.0,230.0,4.0,0.0,4.0,49.97,0.8688999999999999,2024-01-27 12:00:11.000,2024-01-27 12:00:11.000,2024-01-27 12:00:11.000,647833709.0,4452269.0,1316942008.0,1141670000.0,original,228.0,original,228.0,original,230.0,original,4.0,original,0.0,gap_too_large,4.0,original,49.97,original,0.8688999999999999,original,647833709.0,original,4452269.0,original,1316942008.0,original,-107.0,original
817782.0,22.0,2024-01-27 14:00:00,WITEL_CHILLER,1141700000.0,228.0,229.0,230.0,4.0,0.0,4.0,50.06,0.8659999999999999,2024-01-27 14:40:07.000,2024-01-27 14:40:07.000,2024-01-27 14:40:07.000,647847930.0,4458688.0,1316987003.0,1141700000.0,original,228.0,original,229.0,original,230.0,original,4.0,original,0.0,gap_too_large,4.0,original,50.06,original,0.8659999999999999,original,647847930.0,original,4458688.0,original,1316987003.0,original,-109.0,original
817966.0,22.0,2024-01-27 16:00:00,WITEL_CHILLER,1141720000.0,229.0,229.0,230.0,4.0,0.0,4.0,50.0,0.8693,2024-01-27 16:00:09.000,2024-01-27 16:00:09.000,2024-01-27 16:00:09.000,647855066.0,4461898.0,1317009547.0,1141720000.0,original,229.0,original,229.0,original,230.0,original,4.0,original,0.0,gap_too_large,4.0,original,50.0,original,0.8693,original,647855066.0,original,4461898.0,original,1317009547.0,original,-123.0,original
818260.0,22.0,2024-01-27 18:00:00,WITEL_CHILLER,1141750000.0,229.0,229.0,231.0,4.0,0.0,4.0,50.02,0.8686999999999999,2024-01-27 18:00:08.000,2024-01-27 18:00:08.000,2024-01-27 18:00:08.000,647865914.0,4466707.0,1317043675.0,1141750000.0,original,229.0,original,229.0,original,231.0,original,4.0,original,0.0,gap_too_large,4.0,original,50.02,original,0.8686999999999999,original,647865914.0,original,4466707.0,original,1317043675.0,original,-109.0,original
818656.0,22.0,2024-01-27 20:00:00,WITEL_CHILLER,1141790000.0,226.0,226.0,228.0,4.0,0.0,4.0,50.02,0.8694999999999999,2024-01-27 20:50:08.000,2024-01-27 20:50:08.000,2024-01-27 20:50:08.000,647880861.0,4473491.0,1317091025.0,1141790000.0,original,226.0,original,226.0,original,228.0,original,4.0,original,0.0,gap_too_large,4.0,original,50.02,original,0.8694999999999999,original,647880861.0,original,4473491.0,original,1317091025.0,original,-109.0,original
818830.0,22.0,2024-01-27 22:00:00,WITEL_CHILLER,1141810000.0,227.0,227.0,229.0,4.0,0.0,4.0,49.98,0.8693,2024-01-27 22:00:15.000,2024-01-27 22:00:15.000,2024-01-27 22:00:15.000,647887002.0,4476288.0,1317110501.0,1141810000.0,original,227.0,original,227.0,original,229.0,original,4.0,original,0.0,gap_too_large,4.0,original,49.98,original,0.8693,original,647887002.0,original,4476288.0,original,1317110501.0,original,-112.0,original
819159.0,22.0,2024-01-28 00:00:00,WITEL_CHILLER,1141840000.0,229.0,229.0,231.0,4.0,0.0,4.0,50.07,0.8669999999999999,2024-01-28 00:10:13.000,2024-01-28 00:10:13.000,2024-01-28 00:10:13.000,647898579.0,4481482.0,1317147121.0,1141840000.0,original,229.0,original,229.0,original,231.0,original,4.0,original,0.0,gap_too_large,4.0,original,50.07,original,0.8669999999999999,original,647898579.0,original,4481482.0,original,1317147121.0,original,-112.0,original
819480.0,22.0,2024-01-28 02:00:00,WITEL_CHILLER,1141870000.0,227.0,228.0,230.0,4.0,0.0,4.0,50.0,0.8679999999999999,2024-01-28 02:10:10.000,2024-01-28 02:10:10.000,2024-01-28 02:10:10.000,647909299.0,4486275.0,1317180990.0,1141870000.0,original,227.0,original,228.0,original,230.0,original,4.0,original,0.0,gap_too_large,4.0,original,50.0,original,0.8679999999999999,original,647909299.0,original,4486275.0,original,1317180990.0,original,-112.0,original
819769.0,22.0,2024-01-28 04:00:00,WITEL_CHILLER,1141900000.0,228.0,229.0,231.0,4.0,0.0,4.0,50.02,0.8698999999999999,2024-01-28 04:00:10.000,2024-01-28 04:00:10.000,2024-01-28 04:00:10.000,647919078.0,4490666.0,1317211941.0,1141900000.0,original,228.0,original,229.0,original,231.0,original,4.0,original,0.0,gap_too_large,4.0,original,50.02,original,0.8698999999999999,original,647919078.0,original,4490666.0,original,1317211941.0,original,-121.0,original
820081.0,22.0,2024-01-28 06:00:00,WITEL_CHILLER,1141930000.0,228.0,228.0,230.0,4.0,0.0,4.0,50.08,0.8674,2024-01-28 06:00:12.000,2024-01-28 06:00:12.000,2024-01-28 06:00:12.000,647929734.0,4495466.0,1317245697.0,1141930000.0,original,228.0,original,228.0,original,230.0,original,4.0,original,0.0,gap_too_large,4.0,original,50.08,original,0.8674,original,647929734.0,original,4495466.0,original,1317245697.0,original,-113.0,original
820378.0,22.0,2024-01-28 08:00:00,WITEL_CHILLER,1141960000.0,226.0,227.0,228.0,4.0,0.0,4.0,50.03,0.8703,2024-01-28 08:00:11.000,2024-01-28 08:00:11.000,2024-01-28 08:00:11.000,647940285.0,4500262.0,1317279176.0,1141960000.0,original,226.0,original,227.0,original,228.0,original,4.0,original,0.0,gap_too_large,4.0,original,50.03,original,0.8703,original,647940285.0,original,4500262.0,original,1317279176.0,original,-111.0,original
820706.0,22.0,2024-01-28 10:00:00,WITEL_CHILLER,1141990000.0,227.0,227.0,229.0,4.0,0.0,4.0,49.95,0.8686999999999999,2024-01-28 10:10:12.000,2024-01-28 10:10:12.000,2024-01-28 10:10:12.000,647951645.0,4505446.0,1317315240.0,1141990000.0,original,227.0,original,227.0,original,229.0,original,4.0,original,0.0,gap_too_large,4.0,original,49.95,original,0.8686999999999999,original,647951645.0,original,4505446.0,original,1317315240.0,original,-111.0,original
820987.0,22.0,2024-01-28 12:00:00,WITEL_CHILLER,1142020000.0,227.0,227.0,229.0,4.0,0.0,4.0,50.03,0.8702,2024-01-28 12:00:14.000,2024-01-28 12:00:14.000,2024-01-28 12:00:14.000,647961267.0,4509853.0,1317345790.0,1142020000.0,original,227.0,original,227.0,original,229.0,original,4.0,original,0.0,gap_too_large,4.0,original,50.03,original,0.8702,original,647961267.0,original,4509853.0,original,1317345790.0,original,-109.0,original
821309.0,22.0,2024-01-28 14:00:00,WITEL_CHILLER,1142040000.0,226.0,227.0,228.0,4.0,0.0,4.0,50.02,0.8693,2024-01-28 14:00:10.000,2024-01-28 14:00:10.000,2024-01-28 14:00:10.000,647971741.0,4514640.0,1317379016.0,1142040000.0,original,226.0,original,227.0,original,228.0,original,4.0,original,0.0,gap_too_large,4.0,original,50.02,original,0.8693,original,647971741.0,original,4514640.0,original,1317379016.0,original,-103.0,original
821655.0,22.0,2024-01-28 16:00:00,WITEL_CHILLER,1142070000.0,227.0,227.0,229.0,4.0,0.0,4.0,49.99,0.8668999999999999,2024-01-28 16:00:14.000,2024-01-28 16:00:14.000,2024-01-28 16:00:14.000,647982243.0,4519430.0,1317412318.0,1142070000.0,original,227.0,original,227.0,original,229.0,original,4.0,original,0.0,gap_too_large,4.0,original,49.99,original,0.8668999999999999,original,647982243.0,original,4519430.0,original,1317412318.0,original,-121.0,original
821983.0,22.0,2024-01-28 18:00:00,WITEL_CHILLER,1142100000.0,228.0,228.0,230.0,4.0,0.0,4.0,49.95,0.8659999999999999,2024-01-28 18:00:12.000,2024-01-28 18:00:12.000,2024-01-28 18:00:12.000,647992864.0,4524221.0,1317445899.0,1142100000.0,original,228.0,original,228.0,original,230.0,original,4.0,original,0.0,gap_too_large,4.0,original,49.95,original,0.8659999999999999,original,647992864.0,original,4524221.0,original,1317445899.0,original,-103.0,original
822298.0,22.0,2024-01-28 20:00:00,WITEL_CHILLER,1142130000.0,229.0,230.0,232.0,4.0,0.0,4.0,50.06,0.8650999999999999,2024-01-28 20:00:12.000,2024-01-28 20:00:12.000,2024-01-28 20:00:12.000,648003597.0,4529021.0,1317479784.0,1142130000.0,original,229.0,original,230.0,original,232.0,original,4.0,original,0.0,gap_too_large,4.0,original,50.06,original,0.8650999999999999,original,648003597.0,original,4529021.0,original,1317479784.0,original,-111.0,original
822633.0,22.0,2024-01-28 22:00:00,WITEL_CHILLER,1142160000.0,228.0,229.0,231.0,4.0,0.0,4.0,50.02,0.8683,2024-01-28 22:00:12.000,2024-01-28 22:00:12.000,2024-01-28 22:00:12.000,648014416.0,4533843.0,1317513925.0,1142160000.0,original,228.0,original,229.0,original,231.0,original,4.0,original,0.0,gap_too_large,4.0,original,50.02,original,0.8683,original,648014416.0,original,4533843.0,original,1317513925.0,original,-108.0,original
822967.0,22.0,2024-01-29 00:00:00,WITEL_CHILLER,1142190000.0,230.0,230.0,232.0,4.0,0.0,4.0,49.99,0.8660999999999999,2024-01-29 00:10:12.000,2024-01-29 00:10:12.000,2024-01-29 00:10:12.000,648026189.0,4539056.0,1317551035.0,1142190000.0,original,230.0,original,230.0,original,232.0,original,4.0,original,0.0,gap_too_large,4.0,original,49.99,original,0.8660999999999999,original,648026189.0,original,4539056.0,original,1317551035.0,original,-114.0,original
823266.0,22.0,2024-01-29 02:00:00,WITEL_CHILLER,1142220000.0,229.0,229.0,231.0,4.0,0.0,4.0,50.05,0.8652,2024-01-29 02:00:13.000,2024-01-29 02:00:13.000,2024-01-29 02:00:13.000,648036176.0,4543475.0,1317582485.0,1142220000.0,original,229.0,original,229.0,original,231.0,original,4.0,original,0.0,gap_too_large,4.0,original,50.05,original,0.8652,original,648036176.0,original,4543475.0,original,1317582485.0,original,-111.0,original
823600.0,22.0,2024-01-29 04:00:00,WITEL_CHILLER,1142250000.0,229.0,230.0,232.0,4.0,0.0,4.0,50.05,0.8667999999999999,2024-01-29 04:10:12.000,2024-01-29 04:10:12.000,2024-01-29 04:10:12.000,648047904.0,4548688.0,1317619467.0,1142250000.0,original,229.0,original,230.0,original,232.0,original,4.0,original,0.0,gap_too_large,4.0,original,50.05,original,0.8667999999999999,original,648047904.0,original,4548688.0,original,1317619467.0,original,-113.0,original
823888.0,22.0,2024-01-29 06:00:00,WITEL_CHILLER,1142280000.0,225.0,226.0,227.0,4.0,0.0,4.0,49.96,0.8674,2024-01-29 06:00:09.000,2024-01-29 06:00:09.000,2024-01-29 06:00:09.000,648057642.0,4553091.0,1317650293.0,1142280000.0,original,225.0,original,226.0,original,227.0,original,4.0,original,0.0,gap_too_large,4.0,original,49.96,original,0.8674,original,648057642.0,original,4553091.0,original,1317650293.0,original,-103.0,original
824198.0,22.0,2024-01-29 08:00:00,WITEL_CHILLER,1142310000.0,226.0,227.0,228.0,4.0,0.0,4.0,50.0,0.8689999999999999,2024-01-29 08:00:07.000,2024-01-29 08:00:07.000,2024-01-29 08:00:07.000,648068029.0,4557882.0,1317683333.0,1142310000.0,original,226.0,original,227.0,original,228.0,original,4.0,original,0.0,gap_too_large,4.0,original,50.0,original,0.8689999999999999,original,648068029.0,original,4557882.0,original,1317683333.0,original,-103.0,original
824591.0,22.0,2024-01-29 10:00:00,WITEL_CHILLER,1143190000.0,219.0,221.0,223.0,339.0,360.0,360.0,49.94,0.8686999999999999,2024-01-29 10:30:12.000,2024-01-29 10:30:12.000,2024-01-29 10:30:12.000,648580432.0,4562720.0,1318711153.0,1143190000.0,original,219.0,original,221.0,original,223.0,original,339.0,original,360.0,original,360.0,original,49.94,original,0.8686999999999999,original,648580432.0,original,4562720.0,original,1318711153.0,original,-109.0,original
824816.0,22.0,2024-01-29 12:00:00,WITEL_CHILLER,1146100000.0,223.0,225.0,226.0,321.0,341.0,344.0,50.07,0.8574999999999999,2024-01-29 12:00:12.000,2024-01-29 12:00:12.000,2024-01-29 12:00:12.000,650272970.0,4562720.0,1322073733.0,1146100000.0,original,223.0,original,225.0,original,226.0,original,321.0,original,341.0,original,344.0,original,50.07,original,0.8574999999999999,original,650272970.0,original,4562720.0,original,1322073733.0,original,-112.0,original
825189.0,22.0,2024-01-29 14:00:00,WITEL_CHILLER,1151060000.0,221.0,223.0,225.0,337.0,356.0,359.0,50.02,0.8654,2024-01-29 14:30:11.000,2024-01-29 14:30:11.000,2024-01-29 14:30:11.000,653162755.0,4562720.0,1327819281.0,1151060000.0,original,221.0,original,223.0,original,225.0,original,337.0,original,356.0,original,359.0,original,50.02,original,0.8654,original,653162755.0,original,4562720.0,original,1327819281.0,original,-112.0,original
825441.0,22.0,2024-01-29 16:00:00,WITEL_CHILLER,1154240000.0,228.0,229.0,231.0,3.0,0.0,3.0,49.97,0.4699,2024-01-29 16:10:09.000,2024-01-29 16:10:09.000,2024-01-29 16:10:09.000,654989290.0,4562925.0,1331490833.0,1154240000.0,original,228.0,original,229.0,original,231.0,original,3.0,original,0.0,gap_too_large,3.0,original,49.97,original,0.4699,original,654989290.0,original,4562925.0,original,1331490833.0,original,-112.0,original
825776.0,22.0,2024-01-29 18:00:00,WITEL_CHILLER,1154280000.0,229.0,230.0,231.0,4.0,0.0,4.0,49.99,0.8657999999999999,2024-01-29 18:20:12.000,2024-01-29 18:20:12.000,2024-01-29 18:20:12.000,655001469.0,4568538.0,1331529467.0,1154280000.0,original,229.0,original,230.0,original,231.0,original,4.0,original,0.0,gap_too_large,4.0,original,49.99,original,0.8657999999999999,original,655001469.0,original,4568538.0,original,1331529467.0,original,-105.0,original
826017.0,22.0,2024-01-29 20:00:00,WITEL_CHILLER,1154300000.0,226.0,227.0,228.0,4.0,0.0,4.0,50.0,0.8678999999999999,2024-01-29 20:00:13.000,2024-01-29 20:00:13.000,2024-01-29 20:00:13.000,655010342.0,4572499.0,1331557441.0,1154300000.0,original,226.0,original,227.0,original,228.0,original,4.0,original,0.0,gap_too_large,4.0,original,50.0,original,0.8678999999999999,original,655010342.0,original,4572499.0,original,1331557441.0,original,-111.0,original
826355.0,22.0,2024-01-29 22:00:00,WITEL_CHILLER,1154340000.0,228.0,229.0,230.0,4.0,0.0,4.0,49.99,0.8662,2024-01-29 22:20:07.000,2024-01-29 22:20:07.000,2024-01-29 22:20:07.000,655022691.0,4578077.0,1331596475.0,1154340000.0,original,228.0,original,229.0,original,230.0,original,4.0,original,0.0,gap_too_large,4.0,original,49.99,original,0.8662,original,655022691.0,original,4578077.0,original,1331596475.0,original,-111.0,original
826683.0,22.0,2024-01-30 00:00:00,WITEL_CHILLER,1154360000.0,228.0,228.0,230.0,4.0,0.0,4.0,49.95,0.8677999999999999,2024-01-30 00:10:11.000,2024-01-30 00:10:11.000,2024-01-30 00:10:11.000,655032518.0,4582467.0,1331627448.0,1154360000.0,original,228.0,original,228.0,original,230.0,original,4.0,original,0.0,gap_too_large,4.0,original,49.95,original,0.8677999999999999,original,655032518.0,original,4582467.0,original,1331627448.0,original,-117.0,original
827029.0,22.0,2024-01-30 02:00:00,WITEL_CHILLER,1154390000.0,230.0,230.0,232.0,4.0,0.0,4.0,50.02,0.8694,2024-01-30 02:10:10.000,2024-01-30 02:10:10.000,2024-01-30 02:10:10.000,655043357.0,4587261.0,1331661525.0,1154390000.0,original,230.0,original,230.0,original,232.0,original,4.0,original,0.0,gap_too_large,4.0,original,50.02,original,0.8694,original,655043357.0,original,4587261.0,original,1331661525.0,original,-115.0,original
827355.0,22.0,2024-01-30 04:00:00,WITEL_CHILLER,1154420000.0,229.0,229.0,231.0,4.0,0.0,4.0,50.02,0.8690999999999999,2024-01-30 04:00:10.000,2024-01-30 04:00:10.000,2024-01-30 04:00:10.000,655053370.0,4591658.0,1331692945.0,1154420000.0,original,229.0,original,229.0,original,231.0,original,4.0,original,0.0,gap_too_large,4.0,original,50.02,original,0.8690999999999999,original,655053370.0,original,4591658.0,original,1331692945.0,original,-114.0,original
827781.0,22.0,2024-01-30 06:00:00,WITEL_CHILLER,1154460000.0,227.0,227.0,229.0,4.0,0.0,4.0,50.05,0.8673,2024-01-30 06:30:14.000,2024-01-30 06:30:14.000,2024-01-30 06:30:14.000,655066595.0,4597645.0,1331734776.0,1154460000.0,original,227.0,original,227.0,original,229.0,original,4.0,original,0.0,gap_too_large,4.0,original,50.05,original,0.8673,original,655066595.0,original,4597645.0,original,1331734776.0,original,-111.0,original
828012.0,22.0,2024-01-30 08:00:00,WITEL_CHILLER,1154480000.0,226.0,227.0,228.0,4.0,0.0,4.0,50.07,0.8675999999999999,2024-01-30 08:00:13.000,2024-01-30 08:00:13.000,2024-01-30 08:00:13.000,655074384.0,4601232.0,1331759518.0,1154480000.0,original,226.0,original,227.0,original,228.0,original,4.0,original,0.0,gap_too_large,4.0,original,50.07,original,0.8675999999999999,original,655074384.0,original,4601232.0,original,1331759518.0,original,-112.0,original
828364.0,22.0,2024-01-30 10:00:00,WITEL_CHILLER,1154510000.0,224.0,225.0,227.0,4.0,243.0,3.0,50.04,0.8666999999999999,2024-01-30 10:10:13.000,2024-01-30 10:10:13.000,2024-01-30 10:10:13.000,655085571.0,4606422.0,1331795070.0,1154510000.0,original,224.0,original,225.0,original,227.0,original,4.0,original,243.0,original,3.0,original,50.04,original,0.8666999999999999,original,655085571.0,original,4606422.0,original,1331795070.0,original,-110.0,original
828670.0,22.0,2024-01-30 12:00:00,WITEL_CHILLER,1157010000.0,221.0,223.0,225.0,339.0,360.0,361.0,50.03,0.8662,2024-01-30 12:10:08.000,2024-01-30 12:10:08.000,2024-01-30 12:10:08.000,656546083.0,4608173.0,1334701291.0,1157010000.0,original,221.0,original,223.0,original,225.0,original,339.0,original,360.0,original,361.0,original,50.03,original,0.8662,original,656546083.0,original,4608173.0,original,1334701291.0,original,-112.0,original
828952.0,22.0,2024-01-30 14:00:00,WITEL_CHILLER,1160920000.0,219.0,221.0,222.0,347.0,368.0,367.0,50.0,0.8725999999999999,2024-01-30 14:00:12.000,2024-01-30 14:00:12.000,2024-01-30 14:00:12.000,658738227.0,4608173.0,1339183893.0,1160920000.0,original,219.0,original,221.0,original,222.0,original,347.0,original,368.0,original,367.0,original,50.0,original,0.8725999999999999,original,658738227.0,original,4608173.0,original,1339183893.0,original,-113.0,original
829301.0,22.0,2024-01-30 16:00:00,WITEL_CHILLER,1165500000.0,221.0,223.0,225.0,351.0,372.0,372.0,49.95,0.8682,2024-01-30 16:10:11.000,2024-01-30 16:10:11.000,2024-01-30 16:10:11.000,661296339.0,4608173.0,1344426181.0,1165500000.0,original,221.0,original,223.0,original,225.0,original,351.0,original,372.0,original,372.0,original,49.95,original,0.8682,original,661296339.0,original,4608173.0,original,1344426181.0,original,-120.0,original
829612.0,22.0,2024-01-30 18:00:00,WITEL_CHILLER,1166590000.0,229.0,229.0,231.0,4.0,0.0,4.0,49.97,0.8667999999999999,2024-01-30 18:10:15.000,2024-01-30 18:10:15.000,2024-01-30 18:10:15.000,661921050.0,4610522.0,1345687096.0,1166590000.0,original,229.0,original,229.0,original,231.0,original,4.0,original,0.0,gap_too_large,4.0,original,49.97,original,0.8667999999999999,original,661921050.0,original,4610522.0,original,1345687096.0,original,-112.0,original
829902.0,22.0,2024-01-30 20:00:00,WITEL_CHILLER,1166620000.0,226.0,226.0,228.0,4.0,0.0,4.0,50.07,0.8663,2024-01-30 20:00:13.000,2024-01-30 20:00:13.000,2024-01-30 20:00:13.000,661930762.0,4614906.0,1345717809.0,1166620000.0,original,226.0,original,226.0,original,228.0,original,4.0,original,0.0,gap_too_large,4.0,original,50.07,original,0.8663,original,661930762.0,original,4614906.0,original,1345717809.0,original,-113.0,original
830255.0,22.0,2024-01-30 22:00:00,WITEL_CHILLER,1166650000.0,228.0,229.0,230.0,4.0,0.0,4.0,50.04,0.8704999999999999,2024-01-30 22:20:10.000,2024-01-30 22:20:10.000,2024-01-30 22:20:10.000,661943040.0,4620499.0,1345756715.0,1166650000.0,original,228.0,original,229.0,original,230.0,original,4.0,original,0.0,gap_too_large,4.0,original,50.04,original,0.8704999999999999,original,661943040.0,original,4620499.0,original,1345756715.0,original,-120.0,original
830519.0,22.0,2024-01-31 00:00:00,WITEL_CHILLER,1166670000.0,228.0,229.0,231.0,4.0,0.0,4.0,50.01,0.8660999999999999,2024-01-31 00:00:12.000,2024-01-31 00:00:12.000,2024-01-31 00:00:12.000,661952077.0,4624506.0,1345785179.0,1166670000.0,original,228.0,original,229.0,original,231.0,original,4.0,original,0.0,gap_too_large,4.0,original,50.01,original,0.8660999999999999,original,661952077.0,original,4624506.0,original,1345785179.0,original,-112.0,original
830853.0,22.0,2024-01-31 02:00:00,WITEL_CHILLER,1166710000.0,230.0,230.0,232.0,4.0,0.0,4.0,49.99,0.8672,2024-01-31 02:10:10.000,2024-01-31 02:10:10.000,2024-01-31 02:10:10.000,661963747.0,4629718.0,1345822017.0,1166710000.0,original,230.0,original,230.0,original,232.0,original,4.0,original,0.0,gap_too_large,4.0,original,49.99,original,0.8672,original,661963747.0,original,4629718.0,original,1345822017.0,original,-119.0,original
831205.0,22.0,2024-01-31 04:00:00,WITEL_CHILLER,1166740000.0,228.0,228.0,230.0,4.0,0.0,4.0,49.96,0.8666999999999999,2024-01-31 04:20:09.000,2024-01-31 04:20:09.000,2024-01-31 04:20:09.000,661975453.0,4634944.0,1345858929.0,1166740000.0,original,228.0,original,228.0,original,230.0,original,4.0,original,0.0,gap_too_large,4.0,original,49.96,original,0.8666999999999999,original,661975453.0,original,4634944.0,original,1345858929.0,original,-108.0,original
831472.0,22.0,2024-01-31 06:00:00,WITEL_CHILLER,1166760000.0,225.0,226.0,227.0,4.0,0.0,4.0,49.96,0.8704,2024-01-31 06:00:14.000,2024-01-31 06:00:14.000,2024-01-31 06:00:14.000,661984234.0,4638954.0,1345886779.0,1166760000.0,original,225.0,original,226.0,original,227.0,original,4.0,original,0.0,gap_too_large,4.0,original,49.96,original,0.8704,original,661984234.0,original,4638954.0,original,1345886779.0,original,-121.0,original
831794.0,22.0,2024-01-31 08:00:00,WITEL_CHILLER,1166790000.0,226.0,227.0,229.0,4.0,199.0,4.0,49.96,0.8664999999999999,2024-01-31 08:00:07.000,2024-01-31 08:00:07.000,2024-01-31 08:00:07.000,661994666.0,4643766.0,1345919921.0,1166790000.0,original,226.0,original,227.0,original,229.0,original,4.0,original,199.0,original,4.0,original,49.96,original,0.8664999999999999,original,661994666.0,original,4643766.0,original,1345919921.0,original,-109.0,original
832111.0,22.0,2024-01-31 10:00:00,WITEL_CHILLER,1168830000.0,222.0,224.0,225.0,230.0,244.0,246.0,50.05,0.7905,2024-01-31 10:00:12.000,2024-01-31 10:00:12.000,2024-01-31 10:00:12.000,663254054.0,4645178.0,1348322942.0,1168830000.0,original,222.0,original,224.0,original,225.0,original,230.0,original,244.0,original,246.0,original,50.05,original,0.7905,original,663254054.0,original,4645178.0,original,1348322942.0,original,-121.0,original
832412.0,22.0,2024-01-31 12:00:00,WITEL_CHILLER,1171450000.0,225.0,226.0,227.0,196.0,205.0,206.0,50.09,0.8556999999999999,2024-01-31 12:00:10.000,2024-01-31 12:00:10.000,2024-01-31 12:00:10.000,664917507.0,4645178.0,1351434296.0,1171450000.0,original,225.0,original,226.0,original,227.0,original,196.0,original,205.0,original,206.0,original,50.09,original,0.8556999999999999,original,664917507.0,original,4645178.0,original,1351434296.0,original,-111.0,original
832774.0,22.0,2024-01-31 14:00:00,WITEL_CHILLER,1174670000.0,220.0,222.0,224.0,370.0,390.0,388.0,50.02,0.8694,2024-01-31 14:20:09.000,2024-01-31 14:20:09.000,2024-01-31 14:20:09.000,666943443.0,4645178.0,1355238881.0,1174670000.0,original,220.0,original,222.0,original,224.0,original,370.0,original,390.0,original,388.0,original,50.02,original,0.8694,original,666943443.0,original,4645178.0,original,1355238881.0,original,-121.0,original
833080.0,22.0,2024-01-31 16:00:00,WITEL_CHILLER,1176470000.0,228.0,228.0,230.0,3.0,0.0,4.0,49.96,0.4696999999999999,2024-01-31 16:10:12.000,2024-01-31 16:10:12.000,2024-01-31 16:10:12.000,668077725.0,4645206.0,1357367345.0,1176470000.0,original,228.0,original,228.0,original,230.0,original,3.0,original,0.0,gap_too_large,4.0,original,49.96,original,0.4696999999999999,original,668077725.0,original,4645206.0,original,1357367345.0,original,-121.0,original
833387.0,22.0,2024-01-31 18:00:00,WITEL_CHILLER,1176490000.0,230.0,230.0,232.0,4.0,0.0,4.0,50.06,0.8683,2024-01-31 18:00:10.000,2024-01-31 18:00:10.000,2024-01-31 18:00:10.000,668087478.0,4649283.0,1357397137.0,1176490000.0,original,230.0,original,230.0,original,232.0,original,4.0,original,0.0,gap_too_large,4.0,original,50.06,original,0.8683,original,668087478.0,original,4649283.0,original,1357397137.0,original,-123.0,original
833793.0,22.0,2024-01-31 20:00:00,WITEL_CHILLER,1176530000.0,228.0,228.0,230.0,4.0,0.0,4.0,50.0,0.8695999999999999,2024-01-31 20:30:08.000,2024-01-31 20:30:08.000,2024-01-31 20:30:08.000,668100886.0,4655283.0,1357439464.0,1176530000.0,original,228.0,original,228.0,original,230.0,original,4.0,original,0.0,gap_too_large,4.0,original,50.0,original,0.8695999999999999,original,668100886.0,original,4655283.0,original,1357439464.0,original,-121.0,original
834034.0,22.0,2024-01-31 22:00:00,WITEL_CHILLER,1176550000.0,229.0,229.0,231.0,4.0,0.0,4.0,49.95,0.8660999999999999,2024-01-31 22:00:10.000,2024-01-31 22:00:10.000,2024-01-31 22:00:10.000,668108960.0,4658896.0,1357464949.0,1176550000.0,original,229.0,original,229.0,original,231.0,original,4.0,original,0.0,gap_too_large,4.0,original,49.95,original,0.8660999999999999,original,668108960.0,original,4658896.0,original,1357464949.0,original,-121.0,original
834413.0,22.0,2024-02-01 00:00:00,WITEL_CHILLER,1176580000.0,228.0,229.0,231.0,4.0,0.0,4.0,49.95,0.8682,2024-02-01 00:10:08.000,2024-02-01 00:10:08.000,2024-02-01 00:10:08.000,668120736.0,4664106.0,1357502049.0,1176580000.0,original,228.0,original,229.0,original,231.0,original,4.0,original,0.0,gap_too_large,4.0,original,49.95,original,0.8682,original,668120736.0,original,4664106.0,original,1357502049.0,original,-110.0,original
834760.0,22.0,2024-02-01 02:00:00,WITEL_CHILLER,1176610000.0,230.0,230.0,232.0,4.0,0.0,4.0,49.96,0.8676999999999999,2024-02-01 02:00:13.000,2024-02-01 02:00:13.000,2024-02-01 02:00:13.000,668130624.0,4668509.0,1357533269.0,1176610000.0,original,230.0,original,230.0,original,232.0,original,4.0,original,0.0,gap_too_large,4.0,original,49.96,original,0.8676999999999999,original,668130624.0,original,4668509.0,original,1357533269.0,original,-121.0,original
835106.0,22.0,2024-02-01 04:00:00,WITEL_CHILLER,1176640000.0,229.0,229.0,231.0,4.0,0.0,4.0,49.95,0.8665999999999999,2024-02-01 04:00:10.000,2024-02-01 04:00:10.000,2024-02-01 04:00:10.000,668141450.0,4673312.0,1357567416.0,1176640000.0,original,229.0,original,229.0,original,231.0,original,4.0,original,0.0,gap_too_large,4.0,original,49.95,original,0.8665999999999999,original,668141450.0,original,4673312.0,original,1357567416.0,original,-123.0,original
835464.0,22.0,2024-02-01 06:00:00,WITEL_CHILLER,1176670000.0,225.0,226.0,227.0,4.0,0.0,4.0,50.01,0.8666999999999999,2024-02-01 06:00:10.000,2024-02-01 06:00:10.000,2024-02-01 06:00:10.000,668152013.0,4678109.0,1357600939.0,1176670000.0,original,225.0,original,226.0,original,227.0,original,4.0,original,0.0,gap_too_large,4.0,original,50.01,original,0.8666999999999999,original,668152013.0,original,4678109.0,original,1357600939.0,original,-120.0,original
835819.0,22.0,2024-02-01 08:00:00,WITEL_CHILLER,1176700000.0,226.0,227.0,228.0,4.0,404.0,4.0,49.96,0.8675999999999999,2024-02-01 08:00:08.000,2024-02-01 08:00:08.000,2024-02-01 08:00:08.000,668162410.0,4682902.0,1357634011.0,1176700000.0,original,226.0,original,227.0,original,228.0,original,4.0,original,404.0,original,4.0,original,49.96,original,0.8675999999999999,original,668162410.0,original,4682902.0,original,1357634011.0,original,-123.0,original
836205.0,22.0,2024-02-01 10:00:00,WITEL_CHILLER,1179750000.0,219.0,221.0,222.0,346.0,366.0,367.0,49.96,0.8722,2024-02-01 10:20:06.000,2024-02-01 10:20:06.000,2024-02-01 10:20:06.000,669886115.0,4684906.0,1361144897.0,1179750000.0,original,219.0,original,221.0,original,222.0,original,346.0,original,366.0,original,367.0,original,49.96,original,0.8722,original,669886115.0,original,4684906.0,original,1361144897.0,original,-121.0,original
836476.0,22.0,2024-02-01 12:00:00,WITEL_CHILLER,1183290000.0,221.0,223.0,225.0,347.0,369.0,371.0,49.95,0.8677999999999999,2024-02-01 12:00:08.000,2024-02-01 12:00:08.000,2024-02-01 12:00:08.000,671856294.0,4684906.0,1365201099.0,1183290000.0,original,221.0,original,223.0,original,225.0,original,347.0,original,369.0,original,371.0,original,49.95,original,0.8677999999999999,original,671856294.0,original,4684906.0,original,1365201099.0,original,-104.0,original
836842.0,22.0,2024-02-01 14:00:00,WITEL_CHILLER,1188270000.0,221.0,223.0,225.0,350.0,370.0,371.0,49.98,0.8677999999999999,2024-02-01 14:20:08.000,2024-02-01 14:20:08.000,2024-02-01 14:20:08.000,674670259.0,4684906.0,1370921733.0,1188270000.0,original,221.0,original,223.0,original,225.0,original,350.0,original,370.0,original,371.0,original,49.98,original,0.8677999999999999,original,674670259.0,original,4684906.0,original,1370921733.0,original,-102.0,original
837139.0,22.0,2024-02-01 16:00:00,WITEL_CHILLER,1191240000.0,229.0,229.0,231.0,3.0,0.0,3.0,49.97,0.4684999999999999,2024-02-01 16:10:13.000,2024-02-01 16:10:13.000,2024-02-01 16:10:13.000,676394736.0,4685683.0,1374358465.0,1191240000.0,original,229.0,original,229.0,original,231.0,original,3.0,original,0.0,gap_too_large,3.0,original,49.97,original,0.4684999999999999,original,676394736.0,original,4685683.0,original,1374358465.0,original,-111.0,original
837436.0,22.0,2024-02-01 18:00:00,WITEL_CHILLER,1191270000.0,230.0,230.0,232.0,4.0,0.0,4.0,50.02,0.8667999999999999,2024-02-01 18:00:13.000,2024-02-01 18:00:13.000,2024-02-01 18:00:13.000,676405226.0,4690678.0,1374392017.0,1191270000.0,original,230.0,original,230.0,original,232.0,original,4.0,original,0.0,gap_too_large,4.0,original,50.02,original,0.8667999999999999,original,676405226.0,original,4690678.0,original,1374392017.0,original,-111.0,original
837770.0,22.0,2024-02-01 20:00:00,WITEL_CHILLER,1191300000.0,226.0,227.0,228.0,4.0,0.0,4.0,50.01,0.8669999999999999,2024-02-01 20:10:11.000,2024-02-01 20:10:11.000,2024-02-01 20:10:11.000,676416720.0,4695850.0,1374428344.0,1191300000.0,original,226.0,original,227.0,original,228.0,original,4.0,original,0.0,gap_too_large,4.0,original,50.01,original,0.8669999999999999,original,676416720.0,original,4695850.0,original,1374428344.0,original,-107.0,original
838057.0,22.0,2024-02-01 22:00:00,WITEL_CHILLER,1191330000.0,227.0,227.0,229.0,4.0,0.0,4.0,50.03,0.8660999999999999,2024-02-01 22:00:06.000,2024-02-01 22:00:06.000,2024-02-01 22:00:06.000,676426323.0,4700234.0,1374458811.0,1191330000.0,original,227.0,original,227.0,original,229.0,original,4.0,original,0.0,gap_too_large,4.0,original,50.03,original,0.8660999999999999,original,676426323.0,original,4700234.0,original,1374458811.0,original,-121.0,original
838438.0,22.0,2024-02-02 00:00:00,WITEL_CHILLER,1191360000.0,228.0,228.0,230.0,4.0,0.0,4.0,50.03,0.8662,2024-02-02 00:10:13.000,2024-02-02 00:10:13.000,2024-02-02 00:10:13.000,676437770.0,4705418.0,1374495061.0,1191360000.0,original,228.0,original,228.0,original,230.0,original,4.0,original,0.0,gap_too_large,4.0,original,50.03,original,0.8662,original,676437770.0,original,4705418.0,original,1374495061.0,original,-102.0,original
838737.0,22.0,2024-02-02 02:00:00,WITEL_CHILLER,1191390000.0,230.0,230.0,232.0,4.0,0.0,4.0,50.06,0.8669999999999999,2024-02-02 02:00:14.000,2024-02-02 02:00:14.000,2024-02-02 02:00:14.000,676447648.0,4709805.0,1374526181.0,1191390000.0,original,230.0,original,230.0,original,232.0,original,4.0,original,0.0,gap_too_large,4.0,original,50.06,original,0.8669999999999999,original,676447648.0,original,4709805.0,original,1374526181.0,original,-105.0,original
839060.0,22.0,2024-02-02 04:00:00,WITEL_CHILLER,1191420000.0,231.0,231.0,233.0,4.0,0.0,4.0,50.03,0.8678999999999999,2024-02-02 04:00:12.000,2024-02-02 04:00:12.000,2024-02-02 04:00:12.000,676458640.0,4714605.0,1374560661.0,1191420000.0,original,231.0,original,231.0,original,233.0,original,4.0,original,0.0,gap_too_large,4.0,original,50.03,original,0.8678999999999999,original,676458640.0,original,4714605.0,original,1374560661.0,original,-112.0,original
839394.0,22.0,2024-02-02 06:00:00,WITEL_CHILLER,1191450000.0,228.0,229.0,230.0,4.0,0.0,4.0,50.05,0.8680999999999999,2024-02-02 06:00:08.000,2024-02-02 06:00:08.000,2024-02-02 06:00:08.000,676469526.0,4719408.0,1374594872.0,1191450000.0,original,228.0,original,229.0,original,230.0,original,4.0,original,0.0,gap_too_large,4.0,original,50.05,original,0.8680999999999999,original,676469526.0,original,4719408.0,original,1374594872.0,original,-100.0,original
839731.0,22.0,2024-02-02 08:00:00,WITEL_CHILLER,1191480000.0,226.0,227.0,229.0,4.0,380.0,4.0,50.08,0.8693,2024-02-02 08:00:09.000,2024-02-02 08:00:09.000,2024-02-02 08:00:09.000,676480054.0,4724208.0,1374628190.0,1191480000.0,original,226.0,original,227.0,original,229.0,original,4.0,original,380.0,original,4.0,original,50.08,original,0.8693,original,676480054.0,original,4724208.0,original,1374628190.0,original,-100.0,original
840079.0,22.0,2024-02-02 10:00:00,WITEL_CHILLER,1193810000.0,223.0,224.0,226.0,198.0,207.0,209.0,49.94,0.8586999999999999,2024-02-02 10:10:13.000,2024-02-02 10:10:13.000,2024-02-02 10:10:13.000,677880058.0,4725427.0,1377352446.0,1193810000.0,original,223.0,original,224.0,original,226.0,original,198.0,original,207.0,original,209.0,original,49.94,original,0.8586999999999999,original,677880058.0,original,4725427.0,original,1377352446.0,original,-112.0,original
840380.0,22.0,2024-02-02 12:00:00,WITEL_CHILLER,1196170000.0,225.0,227.0,228.0,212.0,219.0,224.0,50.04,0.8713,2024-02-02 12:00:11.000,2024-02-02 12:00:11.000,2024-02-02 12:00:11.000,679328602.0,4725427.0,1380130437.0,1196170000.0,original,225.0,original,227.0,original,228.0,original,212.0,original,219.0,original,224.0,original,50.04,original,0.8713,original,679328602.0,original,4725427.0,original,1380130437.0,original,-103.0,original
840715.0,22.0,2024-02-02 14:00:00,WITEL_CHILLER,1199070000.0,221.0,222.0,224.0,211.0,220.0,221.0,50.04,0.8678999999999999,2024-02-02 14:10:06.000,2024-02-02 14:10:06.000,2024-02-02 14:10:06.000,681039699.0,4725427.0,1383501189.0,1199070000.0,original,221.0,original,222.0,original,224.0,original,211.0,original,220.0,original,221.0,original,50.04,original,0.8678999999999999,original,681039699.0,original,4725427.0,original,1383501189.0,original,-113.0,original
841005.0,22.0,2024-02-02 16:00:00,WITEL_CHILLER,1201540000.0,222.0,223.0,225.0,216.0,222.0,225.0,50.01,0.8759999999999999,2024-02-02 16:00:06.000,2024-02-02 16:00:06.000,2024-02-02 16:00:06.000,682475414.0,4725427.0,1386355080.0,1201540000.0,original,222.0,original,223.0,original,225.0,original,216.0,original,222.0,original,225.0,original,50.01,original,0.8759999999999999,original,682475414.0,original,4725427.0,original,1386355080.0,original,-110.0,original
841340.0,22.0,2024-02-02 18:00:00,WITEL_CHILLER,1201640000.0,229.0,230.0,231.0,4.0,0.0,4.0,50.13,0.8670999999999999,2024-02-02 18:00:10.000,2024-02-02 18:00:10.000,2024-02-02 18:00:10.000,682530326.0,4728813.0,1386475470.0,1201640000.0,original,229.0,original,230.0,original,231.0,original,4.0,original,0.0,gap_too_large,4.0,original,50.13,original,0.8670999999999999,original,682530326.0,original,4728813.0,original,1386475470.0,original,-105.0,original
841656.0,22.0,2024-02-02 20:00:00,WITEL_CHILLER,1201670000.0,230.0,230.0,232.0,4.0,0.0,4.0,50.01,0.8677999999999999,2024-02-02 20:00:05.000,2024-02-02 20:00:05.000,2024-02-02 20:00:05.000,682541229.0,4733594.0,1386509797.0,1201670000.0,original,230.0,original,230.0,original,232.0,original,4.0,original,0.0,gap_too_large,4.0,original,50.01,original,0.8677999999999999,original,682541229.0,original,4733594.0,original,1386509797.0,original,-113.0,original
842051.0,22.0,2024-02-02 22:00:00,WITEL_CHILLER,1201710000.0,227.0,227.0,229.0,4.0,0.0,4.0,50.02,0.8696999999999999,2024-02-02 22:30:12.000,2024-02-02 22:30:12.000,2024-02-02 22:30:12.000,682554790.0,4739610.0,1386552549.0,1201710000.0,original,227.0,original,227.0,original,229.0,original,4.0,original,0.0,gap_too_large,4.0,original,50.02,original,0.8696999999999999,original,682554790.0,original,4739610.0,original,1386552549.0,original,-123.0,original
842361.0,22.0,2024-02-03 00:00:00,WITEL_CHILLER,1201740000.0,229.0,230.0,232.0,4.0,0.0,4.0,50.08,0.8657999999999999,2024-02-03 00:20:14.000,2024-02-03 00:20:14.000,2024-02-03 00:20:14.000,682564621.0,4744019.0,1386583649.0,1201740000.0,original,229.0,original,230.0,original,232.0,original,4.0,original,0.0,gap_too_large,4.0,original,50.08,original,0.8657999999999999,original,682564621.0,original,4744019.0,original,1386583649.0,original,-113.0,original
842675.0,22.0,2024-02-03 02:00:00,WITEL_CHILLER,1201770000.0,231.0,231.0,233.0,4.0,0.0,4.0,50.07,0.8664999999999999,2024-02-03 02:20:08.000,2024-02-03 02:20:08.000,2024-02-03 02:20:08.000,682575555.0,4748832.0,1386618081.0,1201770000.0,original,231.0,original,231.0,original,233.0,original,4.0,original,0.0,gap_too_large,4.0,original,50.07,original,0.8664999999999999,original,682575555.0,original,4748832.0,original,1386618081.0,original,-120.0,original
842982.0,22.0,2024-02-03 04:00:00,WITEL_CHILLER,1201790000.0,230.0,230.0,232.0,4.0,0.0,4.0,49.98,0.8692,2024-02-03 04:10:13.000,2024-02-03 04:10:13.000,2024-02-03 04:10:13.000,682585517.0,4753238.0,1386649496.0,1201790000.0,original,230.0,original,230.0,original,232.0,original,4.0,original,0.0,gap_too_large,4.0,original,49.98,original,0.8692,original,682585517.0,original,4753238.0,original,1386649496.0,original,-103.0,original
843272.0,22.0,2024-02-03 06:00:00,WITEL_CHILLER,1201820000.0,229.0,229.0,231.0,4.0,0.0,4.0,50.05,0.8667999999999999,2024-02-03 06:00:10.000,2024-02-03 06:00:10.000,2024-02-03 06:00:10.000,682595462.0,4757648.0,1386680833.0,1201820000.0,original,229.0,original,229.0,original,231.0,original,4.0,original,0.0,gap_too_large,4.0,original,50.05,original,0.8667999999999999,original,682595462.0,original,4757648.0,original,1386680833.0,original,-111.0,original
843614.0,22.0,2024-02-03 08:00:00,WITEL_CHILLER,1201850000.0,227.0,227.0,229.0,4.0,0.0,4.0,49.98,0.8696999999999999,2024-02-03 08:00:07.000,2024-02-03 08:00:07.000,2024-02-03 08:00:07.000,682606080.0,4762461.0,1386714456.0,1201850000.0,original,227.0,original,227.0,original,229.0,original,4.0,original,0.0,gap_too_large,4.0,original,49.98,original,0.8696999999999999,original,682606080.0,original,4762461.0,original,1386714456.0,original,-121.0,original
843944.0,22.0,2024-02-03 10:00:00,WITEL_CHILLER,1201880000.0,227.0,228.0,229.0,4.0,0.0,4.0,49.99,0.8674999999999999,2024-02-03 10:00:08.000,2024-02-03 10:00:08.000,2024-02-03 10:00:08.000,682616522.0,4767261.0,1386747601.0,1201880000.0,original,227.0,original,228.0,original,229.0,original,4.0,original,0.0,gap_too_large,4.0,original,49.99,original,0.8674999999999999,original,682616522.0,original,4767261.0,original,1386747601.0,original,-109.0,original
844342.0,22.0,2024-02-03 12:00:00,WITEL_CHILLER,1201910000.0,229.0,230.0,232.0,4.0,0.0,4.0,49.99,0.8659999999999999,2024-02-03 12:20:11.000,2024-02-03 12:20:11.000,2024-02-03 12:20:11.000,682628918.0,4772874.0,1386786785.0,1201910000.0,original,229.0,original,230.0,original,232.0,original,4.0,original,0.0,gap_too_large,4.0,original,49.99,original,0.8659999999999999,original,682628918.0,original,4772874.0,original,1386786785.0,original,-111.0,original
844698.0,22.0,2024-02-03 14:00:00,WITEL_CHILLER,1201940000.0,230.0,230.0,232.0,4.0,0.0,4.0,50.08,0.8674999999999999,2024-02-03 14:30:09.000,2024-02-03 14:30:09.000,2024-02-03 14:30:09.000,682640618.0,4778080.0,1386823627.0,1201940000.0,original,230.0,original,230.0,original,232.0,original,4.0,original,0.0,gap_too_large,4.0,original,50.08,original,0.8674999999999999,original,682640618.0,original,4778080.0,original,1386823627.0,original,-103.0,original
844975.0,22.0,2024-02-03 16:00:00,WITEL_CHILLER,1201970000.0,231.0,231.0,233.0,4.0,0.0,4.0,50.02,0.8677999999999999,2024-02-03 16:10:10.000,2024-02-03 16:10:10.000,2024-02-03 16:10:10.000,682649715.0,4782096.0,1386852209.0,1201970000.0,original,231.0,original,231.0,original,233.0,original,4.0,original,0.0,gap_too_large,4.0,original,50.02,original,0.8677999999999999,original,682649715.0,original,4782096.0,original,1386852209.0,original,-111.0,original
845284.0,22.0,2024-02-03 18:00:00,WITEL_CHILLER,1202000000.0,230.0,230.0,232.0,4.0,0.0,4.0,49.99,0.8664999999999999,2024-02-03 18:10:09.000,2024-02-03 18:10:09.000,2024-02-03 18:10:09.000,682660621.0,4786912.0,1386886475.0,1202000000.0,original,230.0,original,230.0,original,232.0,original,4.0,original,0.0,gap_too_large,4.0,original,49.99,original,0.8664999999999999,original,682660621.0,original,4786912.0,original,1386886475.0,original,-109.0,original
845581.0,22.0,2024-02-03 20:00:00,WITEL_CHILLER,1202030000.0,230.0,230.0,232.0,4.0,0.0,4.0,49.98,0.8679999999999999,2024-02-03 20:00:12.000,2024-02-03 20:00:12.000,2024-02-03 20:00:12.000,682670566.0,4791312.0,1386917784.0,1202030000.0,original,230.0,original,230.0,original,232.0,original,4.0,original,0.0,gap_too_large,4.0,original,49.98,original,0.8679999999999999,original,682670566.0,original,4791312.0,original,1386917784.0,original,-107.0,original
845895.0,22.0,2024-02-03 22:00:00,WITEL_CHILLER,1202060000.0,229.0,229.0,231.0,4.0,0.0,4.0,50.02,0.8674,2024-02-03 22:00:09.000,2024-02-03 22:00:09.000,2024-02-03 22:00:09.000,682681469.0,4796122.0,1386952078.0,1202060000.0,original,229.0,original,229.0,original,231.0,original,4.0,original,0.0,gap_too_large,4.0,original,50.02,original,0.8674,original,682681469.0,original,4796122.0,original,1386952078.0,original,-114.0,original
846227.0,22.0,2024-02-04 00:00:00,WITEL_CHILLER,1202090000.0,231.0,231.0,233.0,4.0,0.0,4.0,49.93,0.8684999999999999,2024-02-04 00:10:09.000,2024-02-04 00:10:09.000,2024-02-04 00:10:09.000,682693296.0,4801328.0,1386989291.0,1202090000.0,original,231.0,original,231.0,original,233.0,original,4.0,original,0.0,gap_too_large,4.0,original,49.93,original,0.8684999999999999,original,682693296.0,original,4801328.0,original,1386989291.0,original,-123.0,original
846508.0,22.0,2024-02-04 02:00:00,WITEL_CHILLER,1202120000.0,229.0,229.0,231.0,4.0,0.0,4.0,50.07,0.8670999999999999,2024-02-04 02:00:10.000,2024-02-04 02:00:10.000,2024-02-04 02:00:10.000,682703389.0,4805731.0,1387020974.0,1202120000.0,original,229.0,original,229.0,original,231.0,original,4.0,original,0.0,gap_too_large,4.0,original,50.07,original,0.8670999999999999,original,682703389.0,original,4805731.0,original,1387020974.0,original,-109.0,original
846819.0,22.0,2024-02-04 04:00:00,WITEL_CHILLER,1202150000.0,230.0,231.0,233.0,4.0,0.0,4.0,50.06,0.8705999999999999,2024-02-04 04:10:13.000,2024-02-04 04:10:13.000,2024-02-04 04:10:13.000,682715213.0,4810934.0,1387058187.0,1202150000.0,original,230.0,original,231.0,original,233.0,original,4.0,original,0.0,gap_too_large,4.0,original,50.06,original,0.8705999999999999,original,682715213.0,original,4810934.0,original,1387058187.0,original,-109.0,original
847128.0,22.0,2024-02-04 06:00:00,WITEL_CHILLER,1202180000.0,229.0,230.0,232.0,4.0,0.0,4.0,50.08,0.8660999999999999,2024-02-04 06:20:06.000,2024-02-04 06:20:06.000,2024-02-04 06:20:06.000,682727030.0,4816138.0,1387095368.0,1202180000.0,original,229.0,original,230.0,original,232.0,original,4.0,original,0.0,gap_too_large,4.0,original,50.08,original,0.8660999999999999,original,682727030.0,original,4816138.0,original,1387095368.0,original,-120.0,original
847454.0,22.0,2024-02-04 08:00:00,WITEL_CHILLER,1202210000.0,228.0,228.0,230.0,4.0,0.0,4.0,50.02,0.8687999999999999,2024-02-04 08:10:14.000,2024-02-04 08:10:14.000,2024-02-04 08:10:14.000,682736915.0,4820547.0,1387126552.0,1202210000.0,original,228.0,original,228.0,original,230.0,original,4.0,original,0.0,gap_too_large,4.0,original,50.02,original,0.8687999999999999,original,682736915.0,original,4820547.0,original,1387126552.0,original,-111.0,original
847776.0,22.0,2024-02-04 10:00:00,WITEL_CHILLER,1202230000.0,227.0,227.0,229.0,4.0,0.0,4.0,50.02,0.8686999999999999,2024-02-04 10:00:14.000,2024-02-04 10:00:14.000,2024-02-04 10:00:14.000,682746538.0,4824938.0,1387157057.0,1202230000.0,original,227.0,original,227.0,original,229.0,original,4.0,original,0.0,gap_too_large,4.0,original,50.02,original,0.8686999999999999,original,682746538.0,original,4824938.0,original,1387157057.0,original,-113.0,original
848118.0,22.0,2024-02-04 12:00:00,WITEL_CHILLER,1202260000.0,226.0,227.0,228.0,4.0,0.0,4.0,50.02,0.8676999999999999,2024-02-04 12:00:08.000,2024-02-04 12:00:08.000,2024-02-04 12:00:08.000,682756963.0,4829728.0,1387190142.0,1202260000.0,original,226.0,original,227.0,original,228.0,original,4.0,original,0.0,gap_too_large,4.0,original,50.02,original,0.8676999999999999,original,682756963.0,original,4829728.0,original,1387190142.0,original,-109.0,original
848473.0,22.0,2024-02-04 14:00:00,WITEL_CHILLER,1202290000.0,227.0,227.0,229.0,4.0,0.0,4.0,50.01,0.8667999999999999,2024-02-04 14:10:09.000,2024-02-04 14:10:09.000,2024-02-04 14:10:09.000,682768371.0,4834931.0,1387226305.0,1202290000.0,original,227.0,original,227.0,original,229.0,original,4.0,original,0.0,gap_too_large,4.0,original,50.01,original,0.8667999999999999,original,682768371.0,original,4834931.0,original,1387226305.0,original,-109.0,original
848777.0,22.0,2024-02-04 16:00:00,WITEL_CHILLER,1202320000.0,226.0,226.0,228.0,4.0,0.0,4.0,49.98,0.8696999999999999,2024-02-04 16:00:10.000,2024-02-04 16:00:10.000,2024-02-04 16:00:10.000,682777968.0,4839325.0,1387256737.0,1202320000.0,original,226.0,original,226.0,original,228.0,original,4.0,original,0.0,gap_too_large,4.0,original,49.98,original,0.8696999999999999,original,682777968.0,original,4839325.0,original,1387256737.0,original,-121.0,original
849091.0,22.0,2024-02-04 18:00:00,WITEL_CHILLER,1202350000.0,227.0,228.0,230.0,4.0,0.0,4.0,49.99,0.8683,2024-02-04 18:00:11.000,2024-02-04 18:00:11.000,2024-02-04 18:00:11.000,682788464.0,4844118.0,1387290001.0,1202350000.0,original,227.0,original,228.0,original,230.0,original,4.0,original,0.0,gap_too_large,4.0,original,49.99,original,0.8683,original,682788464.0,original,4844118.0,original,1387290001.0,original,-111.0,original
849426.0,22.0,2024-02-04 20:00:00,WITEL_CHILLER,1202380000.0,227.0,227.0,229.0,4.0,0.0,4.0,49.97,0.8683,2024-02-04 20:10:10.000,2024-02-04 20:10:10.000,2024-02-04 20:10:10.000,682799869.0,4849315.0,1387326129.0,1202380000.0,original,227.0,original,227.0,original,229.0,original,4.0,original,0.0,gap_too_large,4.0,original,49.97,original,0.8683,original,682799869.0,original,4849315.0,original,1387326129.0,original,-106.0,original
849718.0,22.0,2024-02-04 22:00:00,WITEL_CHILLER,1202410000.0,228.0,228.0,230.0,4.0,0.0,4.0,50.07,0.8688999999999999,2024-02-04 22:00:06.000,2024-02-04 22:00:06.000,2024-02-04 22:00:06.000,682809558.0,4853709.0,1387356837.0,1202410000.0,original,228.0,original,228.0,original,230.0,original,4.0,original,0.0,gap_too_large,4.0,original,50.07,original,0.8688999999999999,original,682809558.0,original,4853709.0,original,1387356837.0,original,-109.0,original
850041.0,22.0,2024-02-05 00:00:00,WITEL_CHILLER,1202440000.0,230.0,231.0,233.0,4.0,0.0,4.0,50.06,0.8656999999999999,2024-02-05 00:00:10.000,2024-02-05 00:00:10.000,2024-02-05 00:00:10.000,682820374.0,4858512.0,1387390945.0,1202440000.0,original,230.0,original,231.0,original,233.0,original,4.0,original,0.0,gap_too_large,4.0,original,50.06,original,0.8656999999999999,original,682820374.0,original,4858512.0,original,1387390945.0,original,-109.0,original
850382.0,22.0,2024-02-05 02:00:00,WITEL_CHILLER,1202470000.0,229.0,229.0,231.0,4.0,0.0,4.0,49.96,0.8658999999999999,2024-02-05 02:10:11.000,2024-02-05 02:10:11.000,2024-02-05 02:10:11.000,682832147.0,4863712.0,1387428017.0,1202470000.0,original,229.0,original,229.0,original,231.0,original,4.0,original,0.0,gap_too_large,4.0,original,49.96,original,0.8658999999999999,original,682832147.0,original,4863712.0,original,1387428017.0,original,-105.0,original
850704.0,22.0,2024-02-05 04:00:00,WITEL_CHILLER,1202500000.0,230.0,230.0,232.0,4.0,0.0,4.0,50.03,0.8672,2024-02-05 04:20:06.000,2024-02-05 04:20:06.000,2024-02-05 04:20:06.000,682843958.0,4868912.0,1387465179.0,1202500000.0,original,230.0,original,230.0,original,232.0,original,4.0,original,0.0,gap_too_large,4.0,original,50.03,original,0.8672,original,682843958.0,original,4868912.0,original,1387465179.0,original,-118.0,original
851002.0,22.0,2024-02-05 06:00:00,WITEL_CHILLER,1202530000.0,227.0,228.0,229.0,4.0,0.0,4.0,49.97,0.8694,2024-02-05 06:20:07.000,2024-02-05 06:20:07.000,2024-02-05 06:20:07.000,682854598.0,4873702.0,1387498849.0,1202530000.0,original,227.0,original,228.0,original,229.0,original,4.0,original,0.0,gap_too_large,4.0,original,49.97,original,0.8694,original,682854598.0,original,4873702.0,original,1387498849.0,original,-108.0,original
851277.0,22.0,2024-02-05 08:00:00,WITEL_CHILLER,1202560000.0,227.0,228.0,229.0,4.0,223.0,4.0,50.04,0.8676999999999999,2024-02-05 08:10:08.000,2024-02-05 08:10:08.000,2024-02-05 08:10:08.000,682864144.0,4878090.0,1387529192.0,1202560000.0,original,227.0,original,228.0,original,229.0,original,4.0,original,223.0,original,4.0,original,50.04,original,0.8676999999999999,original,682864144.0,original,4878090.0,original,1387529192.0,original,-111.0,original
851547.0,22.0,2024-02-05 10:00:00,WITEL_CHILLER,1203850000.0,221.0,223.0,224.0,200.0,210.0,211.0,50.0,0.8642,2024-02-05 10:00:08.000,2024-02-05 10:00:08.000,2024-02-05 10:00:08.000,683613709.0,4880691.0,1389029601.0,1203850000.0,original,221.0,original,223.0,original,224.0,original,200.0,original,210.0,original,211.0,original,50.0,original,0.8642,original,683613709.0,original,4880691.0,original,1389029601.0,original,-103.0,original
851547.0,,2024-02-05 12:00:00,WITEL_CHILLER,0.0,0.0,0.0,0.0,0.0,0.0,0.0,0.0,0.0,,,,0.0,0.0,0.0,0.0,gap_too_large,0.0,gap_too_large,0.0,gap_too_large,0.0,gap_too_large,0.0,gap_too_large,0.0,gap_too_large,0.0,gap_too_large,0.0,gap_too_large,0.0,gap_too_large,0.0,gap_too_large,0.0,gap_too_large,0.0,gap_too_large,0.0,gap_too_large
851547.0,,2024-02-05 14:00:00,WITEL_CHILLER,0.0,0.0,0.0,0.0,0.0,0.0,0.0,0.0,0.0,,,,0.0,0.0,0.0,0.0,gap_too_large,0.0,gap_too_large,0.0,gap_too_large,0.0,gap_too_large,0.0,gap_too_large,0.0,gap_too_large,0.0,gap_too_large,0.0,gap_too_large,0.0,gap_too_large,0.0,gap_too_large,0.0,gap_too_large,0.0,gap_too_large,0.0,gap_too_large
851547.0,,2024-02-05 16:00:00,WITEL_CHILLER,0.0,0.0,0.0,0.0,0.0,0.0,0.0,0.0,0.0,,,,0.0,0.0,0.0,0.0,gap_too_large,0.0,gap_too_large,0.0,gap_too_large,0.0,gap_too_large,0.0,gap_too_large,0.0,gap_too_large,0.0,gap_too_large,0.0,gap_too_large,0.0,gap_too_large,0.0,gap_too_large,0.0,gap_too_large,0.0,gap_too_large,0.0,gap_too_large
852809.0,22.0,2024-02-05 18:00:00,WITEL_CHILLER,1212250000.0,229.0,230.0,231.0,4.0,0.0,4.0,50.03,0.8683,2024-02-05 18:39:38.000,2024-02-05 18:39:38.000,2024-02-05 18:39:38.000,688879194.0,4884877.0,1398954171.0,1212250000.0,original,229.0,original,230.0,original,231.0,original,4.0,original,0.0,gap_too_large,4.0,original,50.03,original,0.8683,original,688879194.0,original,4884877.0,original,1398954171.0,original,-107.0,original
853241.0,22.0,2024-02-05 20:00:00,WITEL_CHILLER,1212270000.0,230.0,230.0,232.0,4.0,0.0,4.0,50.0,0.8669999999999999,2024-02-05 20:10:09.000,2024-02-05 20:10:09.000,2024-02-05 20:10:09.000,688887350.0,4888509.0,1398979877.0,1212270000.0,original,230.0,original,230.0,original,232.0,original,4.0,original,0.0,gap_too_large,4.0,original,50.0,original,0.8669999999999999,original,688887350.0,original,4888509.0,original,1398979877.0,original,-120.0,original
853771.0,22.0,2024-02-05 22:00:00,WITEL_CHILLER,1212300000.0,228.0,228.0,230.0,4.0,0.0,4.0,49.97,0.8694,2024-02-05 22:00:14.000,2024-02-05 22:00:14.000,2024-02-05 22:00:14.000,688897117.0,4892918.0,1399010734.0,1212300000.0,original,228.0,original,228.0,original,230.0,original,4.0,original,0.0,gap_too_large,4.0,original,49.97,original,0.8694,original,688897117.0,original,4892918.0,original,1399010734.0,original,-111.0,original
854443.0,22.0,2024-02-06 00:00:00,WITEL_CHILLER,1212320000.0,228.0,228.0,230.0,4.0,0.0,4.0,49.95,0.8658999999999999,2024-02-06 00:00:12.000,2024-02-06 00:00:12.000,2024-02-06 00:00:12.000,688907891.0,4897728.0,1399044689.0,1212320000.0,original,228.0,original,228.0,original,230.0,original,4.0,original,0.0,gap_too_large,4.0,original,49.95,original,0.8658999999999999,original,688907891.0,original,4897728.0,original,1399044689.0,original,-115.0,original
855109.0,22.0,2024-02-06 02:00:00,WITEL_CHILLER,1212350000.0,230.0,230.0,232.0,4.0,0.0,4.0,50.07,0.8653,2024-02-06 02:00:10.000,2024-02-06 02:00:10.000,2024-02-06 02:00:10.000,688918682.0,4902538.0,1399078686.0,1212350000.0,original,230.0,original,230.0,original,232.0,original,4.0,original,0.0,gap_too_large,4.0,original,50.07,original,0.8653,original,688918682.0,original,4902538.0,original,1399078686.0,original,-109.0,original
855793.0,22.0,2024-02-06 04:00:00,WITEL_CHILLER,1212380000.0,228.0,229.0,231.0,4.0,0.0,4.0,50.03,0.8660999999999999,2024-02-06 04:00:13.000,2024-02-06 04:00:13.000,2024-02-06 04:00:13.000,688929600.0,4907347.0,1399112984.0,1212380000.0,original,228.0,original,229.0,original,231.0,original,4.0,original,0.0,gap_too_large,4.0,original,50.03,original,0.8660999999999999,original,688929600.0,original,4907347.0,original,1399112984.0,original,-103.0,original
856465.0,22.0,2024-02-06 06:00:00,WITEL_CHILLER,1212410000.0,228.0,228.0,230.0,4.0,0.0,4.0,50.1,0.8675999999999999,2024-02-06 06:00:07.000,2024-02-06 06:00:07.000,2024-02-06 06:00:07.000,688940218.0,4912157.0,1399146545.0,1212410000.0,original,228.0,original,228.0,original,230.0,original,4.0,original,0.0,gap_too_large,4.0,original,50.1,original,0.8675999999999999,original,688940218.0,original,4912157.0,original,1399146545.0,original,-111.0,original
857125.0,22.0,2024-02-06 08:00:00,WITEL_CHILLER,1212440000.0,224.0,225.0,226.0,4.0,125.0,4.0,49.98,0.8683,2024-02-06 08:00:07.000,2024-02-06 08:00:07.000,2024-02-06 08:00:07.000,688950634.0,4916954.0,1399179605.0,1212440000.0,original,224.0,original,225.0,original,226.0,original,4.0,original,125.0,original,4.0,original,49.98,original,0.8683,original,688950634.0,original,4916954.0,original,1399179605.0,original,-113.0,original
857480.0,22.0,2024-02-06 10:00:00,WITEL_CHILLER,1214440000.0,220.0,222.0,224.0,341.0,360.0,362.0,49.98,0.8670999999999999,2024-02-06 10:10:14.000,2024-02-06 10:10:14.000,2024-02-06 10:10:14.000,690098080.0,4919645.0,1401489573.0,1214440000.0,original,220.0,original,222.0,original,224.0,original,341.0,original,360.0,original,362.0,original,49.98,original,0.8670999999999999,original,690098080.0,original,4919645.0,original,1401489573.0,original,-111.0,original
857777.0,22.0,2024-02-06 12:00:00,WITEL_CHILLER,1218180000.0,223.0,225.0,227.0,343.0,364.0,367.0,50.09,0.8639999999999999,2024-02-06 12:00:12.000,2024-02-06 12:00:12.000,2024-02-06 12:00:12.000,692235702.0,4919645.0,1405802731.0,1218180000.0,original,223.0,original,225.0,original,227.0,original,343.0,original,364.0,original,367.0,original,50.09,original,0.8639999999999999,original,692235702.0,original,4919645.0,original,1405802731.0,original,-110.0,original
858088.0,22.0,2024-02-06 14:00:00,WITEL_CHILLER,1221460000.0,222.0,223.0,225.0,182.0,185.0,191.0,50.0,0.8720999999999999,2024-02-06 14:00:06.000,2024-02-06 14:00:06.000,2024-02-06 14:00:06.000,694147462.0,4919645.0,1409592792.0,1221460000.0,original,222.0,original,223.0,original,225.0,original,182.0,original,185.0,original,191.0,original,50.0,original,0.8720999999999999,original,694147462.0,original,4919645.0,original,1409592792.0,original,-107.0,original
858420.0,22.0,2024-02-06 16:00:00,WITEL_CHILLER,1223350000.0,226.0,227.0,229.0,3.0,0.0,4.0,50.02,0.4733999999999999,2024-02-06 16:00:12.000,2024-02-06 16:00:12.000,2024-02-06 16:00:12.000,695198390.0,4919645.0,1411759160.0,1223350000.0,original,226.0,original,227.0,original,229.0,original,3.0,original,0.0,gap_too_large,4.0,original,50.02,original,0.4733999999999999,original,695198390.0,original,4919645.0,original,1411759160.0,original,-123.0,original
858749.0,22.0,2024-02-06 18:00:00,WITEL_CHILLER,1223380000.0,229.0,229.0,231.0,4.0,0.0,4.0,50.04,0.8703,2024-02-06 18:00:08.000,2024-02-06 18:00:08.000,2024-02-06 18:00:08.000,695208979.0,4923942.0,1411791038.0,1223380000.0,original,229.0,original,229.0,original,231.0,original,4.0,original,0.0,gap_too_large,4.0,original,50.04,original,0.8703,original,695208979.0,original,4923942.0,original,1411791038.0,original,-111.0,original
859133.0,22.0,2024-02-06 20:00:00,WITEL_CHILLER,1223410000.0,229.0,229.0,231.0,4.0,0.0,4.0,50.05,0.8665999999999999,2024-02-06 20:20:11.000,2024-02-06 20:20:11.000,2024-02-06 20:20:11.000,695221517.0,4929549.0,1411830581.0,1223410000.0,original,229.0,original,229.0,original,231.0,original,4.0,original,0.0,gap_too_large,4.0,original,50.05,original,0.8665999999999999,original,695221517.0,original,4929549.0,original,1411830581.0,original,-121.0,original
859470.0,22.0,2024-02-06 22:00:00,WITEL_CHILLER,1223440000.0,230.0,230.0,232.0,4.0,0.0,4.0,49.96,0.8684,2024-02-06 22:20:07.000,2024-02-06 22:20:07.000,2024-02-06 22:20:07.000,695232435.0,4934355.0,1411864894.0,1223440000.0,original,230.0,original,230.0,original,232.0,original,4.0,original,0.0,gap_too_large,4.0,original,49.96,original,0.8684,original,695232435.0,original,4934355.0,original,1411864894.0,original,-114.0,original
859737.0,22.0,2024-02-07 00:00:00,WITEL_CHILLER,1223470000.0,226.0,227.0,229.0,4.0,0.0,4.0,49.95,0.8684,2024-02-07 00:00:12.000,2024-02-07 00:00:12.000,2024-02-07 00:00:12.000,695241517.0,4938358.0,1411893454.0,1223470000.0,original,226.0,original,227.0,original,229.0,original,4.0,original,0.0,gap_too_large,4.0,original,49.95,original,0.8684,original,695241517.0,original,4938358.0,original,1411893454.0,original,-114.0,original
860051.0,22.0,2024-02-07 02:00:00,WITEL_CHILLER,1223500000.0,228.0,228.0,230.0,4.0,0.0,4.0,49.99,0.8684999999999999,2024-02-07 02:10:13.000,2024-02-07 02:10:13.000,2024-02-07 02:10:13.000,695252963.0,4943549.0,1411929729.0,1223500000.0,original,228.0,original,228.0,original,230.0,original,4.0,original,0.0,gap_too_large,4.0,original,49.99,original,0.8684999999999999,original,695252963.0,original,4943549.0,original,1411929729.0,original,-115.0,original
860327.0,22.0,2024-02-07 04:00:00,WITEL_CHILLER,1223520000.0,228.0,229.0,231.0,4.0,0.0,4.0,50.07,0.8694999999999999,2024-02-07 04:00:09.000,2024-02-07 04:00:09.000,2024-02-07 04:00:09.000,695262781.0,4947946.0,1411960757.0,1223520000.0,original,228.0,original,229.0,original,231.0,original,4.0,original,0.0,gap_too_large,4.0,original,50.07,original,0.8694999999999999,original,695262781.0,original,4947946.0,original,1411960757.0,original,-112.0,original
860637.0,22.0,2024-02-07 06:00:00,WITEL_CHILLER,1223560000.0,227.0,227.0,229.0,4.0,0.0,4.0,50.08,0.8678999999999999,2024-02-07 06:10:07.000,2024-02-07 06:10:07.000,2024-02-07 06:10:07.000,695274221.0,4953142.0,1411997035.0,1223560000.0,original,227.0,original,227.0,original,229.0,original,4.0,original,0.0,gap_too_large,4.0,original,50.08,original,0.8678999999999999,original,695274221.0,original,4953142.0,original,1411997035.0,original,-111.0,original
861020.0,22.0,2024-02-07 08:00:00,WITEL_CHILLER,1224460000.0,218.0,220.0,222.0,351.0,373.0,370.0,49.95,0.8682,2024-02-07 08:30:12.000,2024-02-07 08:30:12.000,2024-02-07 08:30:12.000,695805549.0,4957558.0,1413048785.0,1224460000.0,original,218.0,original,220.0,original,222.0,original,351.0,original,373.0,original,370.0,original,49.95,original,0.8682,original,695805549.0,original,4957558.0,original,1413048785.0,original,-121.0,original
861258.0,22.0,2024-02-07 10:00:00,WITEL_CHILLER,1226720000.0,220.0,222.0,223.0,366.0,386.0,384.0,50.04,0.8698999999999999,2024-02-07 10:00:06.000,2024-02-07 10:00:06.000,2024-02-07 10:00:06.000,697122758.0,4957558.0,1415668651.0,1226720000.0,original,220.0,original,222.0,original,223.0,original,366.0,original,386.0,original,384.0,original,50.04,original,0.8698999999999999,original,697122758.0,original,4957558.0,original,1415668651.0,original,-108.0,original
861583.0,22.0,2024-02-07 12:00:00,WITEL_CHILLER,1229780000.0,225.0,226.0,228.0,206.0,213.0,216.0,50.04,0.8694999999999999,2024-02-07 12:00:09.000,2024-02-07 12:00:09.000,2024-02-07 12:00:09.000,698937389.0,4957558.0,1419232600.0,1229780000.0,original,225.0,original,226.0,original,228.0,original,206.0,original,213.0,original,216.0,original,50.04,original,0.8694999999999999,original,698937389.0,original,4957558.0,original,1419232600.0,original,-119.0,original
861896.0,22.0,2024-02-07 14:00:00,WITEL_CHILLER,1232910000.0,221.0,223.0,224.0,311.0,329.0,327.0,49.97,0.8492,2024-02-07 14:00:11.000,2024-02-07 14:00:11.000,2024-02-07 14:00:11.000,700812986.0,4957558.0,1422886257.0,1232910000.0,original,221.0,original,223.0,original,224.0,original,311.0,original,329.0,original,327.0,original,49.97,original,0.8492,original,700812986.0,original,4957558.0,original,1422886257.0,original,-109.0,original
862214.0,22.0,2024-02-07 16:00:00,WITEL_CHILLER,1235810000.0,225.0,227.0,228.0,195.0,204.0,205.0,50.07,0.8536999999999999,2024-02-07 16:00:11.000,2024-02-07 16:00:11.000,2024-02-07 16:00:11.000,702558314.0,4957558.0,1426274123.0,1235810000.0,original,225.0,original,227.0,original,228.0,original,195.0,original,204.0,original,205.0,original,50.07,original,0.8536999999999999,original,702558314.0,original,4957558.0,original,1426274123.0,original,-107.0,original
862519.0,22.0,2024-02-07 18:00:00,WITEL_CHILLER,1236050000.0,229.0,230.0,231.0,4.0,0.0,4.0,50.08,0.8696999999999999,2024-02-07 18:00:11.000,2024-02-07 18:00:11.000,2024-02-07 18:00:11.000,702702307.0,4960554.0,1426552197.0,1236050000.0,original,229.0,original,230.0,original,231.0,original,4.0,original,0.0,gap_too_large,4.0,original,50.08,original,0.8696999999999999,original,702702307.0,original,4960554.0,original,1426552197.0,original,-120.0,original
862816.0,22.0,2024-02-07 20:00:00,WITEL_CHILLER,1236080000.0,229.0,229.0,231.0,4.0,0.0,4.0,49.99,0.8668999999999999,2024-02-07 20:00:08.000,2024-02-07 20:00:08.000,2024-02-07 20:00:08.000,702713146.0,4965354.0,1426586299.0,1236080000.0,original,229.0,original,229.0,original,231.0,original,4.0,original,0.0,gap_too_large,4.0,original,49.99,original,0.8668999999999999,original,702713146.0,original,4965354.0,original,1426586299.0,original,-121.0,original
863116.0,22.0,2024-02-07 22:00:00,WITEL_CHILLER,1236110000.0,228.0,228.0,230.0,4.0,0.0,4.0,50.05,0.8674999999999999,2024-02-07 22:00:08.000,2024-02-07 22:00:08.000,2024-02-07 22:00:08.000,702724029.0,4970170.0,1426620517.0,1236110000.0,original,228.0,original,228.0,original,230.0,original,4.0,original,0.0,gap_too_large,4.0,original,50.05,original,0.8674999999999999,original,702724029.0,original,4970170.0,original,1426620517.0,original,-121.0,original
863440.0,22.0,2024-02-08 00:00:00,WITEL_CHILLER,1236140000.0,230.0,230.0,233.0,4.0,0.0,4.0,50.05,0.8654,2024-02-08 00:00:10.000,2024-02-08 00:00:10.000,2024-02-08 00:00:10.000,702734854.0,4974986.0,1426654609.0,1236140000.0,original,230.0,original,230.0,original,233.0,original,4.0,original,0.0,gap_too_large,4.0,original,50.05,original,0.8654,original,702734854.0,original,4974986.0,original,1426654609.0,original,-121.0,original
863839.0,22.0,2024-02-08 02:00:00,WITEL_CHILLER,1236170000.0,230.0,230.0,232.0,4.0,0.0,4.0,50.04,0.8675999999999999,2024-02-08 02:20:07.000,2024-02-08 02:20:07.000,2024-02-08 02:20:07.000,702747571.0,4980611.0,1426694606.0,1236170000.0,original,230.0,original,230.0,original,232.0,original,4.0,original,0.0,gap_too_large,4.0,original,50.04,original,0.8675999999999999,original,702747571.0,original,4980611.0,original,1426694606.0,original,-109.0,original
864204.0,22.0,2024-02-08 04:00:00,WITEL_CHILLER,1236200000.0,229.0,229.0,231.0,4.0,0.0,4.0,50.05,0.8676999999999999,2024-02-08 04:20:13.000,2024-02-08 04:20:13.000,2024-02-08 04:20:13.000,702758458.0,4985437.0,1426728878.0,1236200000.0,original,229.0,original,229.0,original,231.0,original,4.0,original,0.0,gap_too_large,4.0,original,50.05,original,0.8676999999999999,original,702758458.0,original,4985437.0,original,1426728878.0,original,-108.0,original
864546.0,22.0,2024-02-08 06:00:00,WITEL_CHILLER,1236230000.0,228.0,228.0,230.0,4.0,0.0,4.0,50.06,0.8645999999999999,2024-02-08 06:20:06.000,2024-02-08 06:20:06.000,2024-02-08 06:20:06.000,702769165.0,4990269.0,1426762728.0,1236230000.0,original,228.0,original,228.0,original,230.0,original,4.0,original,0.0,gap_too_large,4.0,original,50.06,original,0.8645999999999999,original,702769165.0,original,4990269.0,original,1426762728.0,original,-109.0,original
864863.0,22.0,2024-02-08 08:00:00,WITEL_CHILLER,1236260000.0,226.0,226.0,228.0,4.0,0.0,4.0,50.03,0.8670999999999999,2024-02-08 08:10:09.000,2024-02-08 08:10:09.000,2024-02-08 08:10:09.000,702778771.0,4994694.0,1426793243.0,1236260000.0,original,226.0,original,226.0,original,228.0,original,4.0,original,0.0,gap_too_large,4.0,original,50.03,original,0.8670999999999999,original,702778771.0,original,4994694.0,original,1426793243.0,original,-108.0,original
865254.0,22.0,2024-02-08 10:00:00,WITEL_CHILLER,1236290000.0,226.0,226.0,228.0,4.0,0.0,4.0,49.98,0.8679999999999999,2024-02-08 10:37:21.000,2024-02-08 10:37:21.000,2024-02-08 10:37:21.000,702791622.0,5000611.0,1426834040.0,1236290000.0,original,226.0,original,226.0,original,228.0,original,4.0,original,0.0,gap_too_large,4.0,original,49.98,original,0.8679999999999999,original,702791622.0,original,5000611.0,original,1426834040.0,original,-114.0,original
865483.0,22.0,2024-02-08 12:00:00,WITEL_CHILLER,1236310000.0,227.0,227.0,229.0,4.0,0.0,4.0,50.07,0.8677999999999999,2024-02-08 12:00:13.000,2024-02-08 12:00:13.000,2024-02-08 12:00:13.000,702798803.0,5003936.0,1426856875.0,1236310000.0,original,227.0,original,227.0,original,229.0,original,4.0,original,0.0,gap_too_large,4.0,original,50.07,original,0.8677999999999999,original,702798803.0,original,5003936.0,original,1426856875.0,original,-106.0,original
865797.0,22.0,2024-02-08 14:00:00,WITEL_CHILLER,1236340000.0,227.0,228.0,229.0,4.0,0.0,4.0,50.02,0.8674999999999999,2024-02-08 14:00:08.000,2024-02-08 14:00:08.000,2024-02-08 14:00:08.000,702809290.0,5008749.0,1426890152.0,1236340000.0,original,227.0,original,228.0,original,229.0,original,4.0,original,0.0,gap_too_large,4.0,original,50.02,original,0.8674999999999999,original,702809290.0,original,5008749.0,original,1426890152.0,original,-111.0,original
866179.0,22.0,2024-02-08 16:00:00,WITEL_CHILLER,1236370000.0,227.0,228.0,229.0,4.0,0.0,4.0,49.96,0.8672,2024-02-08 16:10:08.000,2024-02-08 16:10:08.000,2024-02-08 16:10:08.000,702820742.0,5013974.0,1426926417.0,1236370000.0,original,227.0,original,228.0,original,229.0,original,4.0,original,0.0,gap_too_large,4.0,original,49.96,original,0.8672,original,702820742.0,original,5013974.0,original,1426926417.0,original,-109.0,original
866497.0,22.0,2024-02-08 18:00:00,WITEL_CHILLER,1236400000.0,230.0,230.0,232.0,4.0,0.0,4.0,50.05,0.8674,2024-02-08 18:00:11.000,2024-02-08 18:00:11.000,2024-02-08 18:00:11.000,702830589.0,5018410.0,1426957493.0,1236400000.0,original,230.0,original,230.0,original,232.0,original,4.0,original,0.0,gap_too_large,4.0,original,50.05,original,0.8674,original,702830589.0,original,5018410.0,original,1426957493.0,original,-108.0,original
866835.0,22.0,2024-02-08 20:00:00,WITEL_CHILLER,1236430000.0,227.0,227.0,229.0,4.0,0.0,4.0,50.03,0.8692,2024-02-08 20:00:09.000,2024-02-08 20:00:09.000,2024-02-08 20:00:09.000,702841350.0,5023235.0,1426991435.0,1236430000.0,original,227.0,original,227.0,original,229.0,original,4.0,original,0.0,gap_too_large,4.0,original,50.03,original,0.8692,original,702841350.0,original,5023235.0,original,1426991435.0,original,-109.0,original
867161.0,22.0,2024-02-08 22:00:00,WITEL_CHILLER,1236460000.0,229.0,229.0,231.0,4.0,0.0,4.0,50.03,0.8679999999999999,2024-02-08 22:10:08.000,2024-02-08 22:10:08.000,2024-02-08 22:10:08.000,702852867.0,5028461.0,1427027893.0,1236460000.0,original,229.0,original,229.0,original,231.0,original,4.0,original,0.0,gap_too_large,4.0,original,50.03,original,0.8679999999999999,original,702852867.0,original,5028461.0,original,1427027893.0,original,-109.0,original
867456.0,22.0,2024-02-09 00:00:00,WITEL_CHILLER,1236490000.0,228.0,228.0,230.0,4.0,0.0,4.0,49.95,0.8673,2024-02-09 00:00:07.000,2024-02-09 00:00:07.000,2024-02-09 00:00:07.000,702862829.0,5032893.0,1427059285.0,1236490000.0,original,228.0,original,228.0,original,230.0,original,4.0,original,0.0,gap_too_large,4.0,original,49.95,original,0.8673,original,702862829.0,original,5032893.0,original,1427059285.0,original,-113.0,original
867777.0,22.0,2024-02-09 02:00:00,WITEL_CHILLER,1236520000.0,230.0,230.0,232.0,4.0,0.0,4.0,50.07,0.8666999999999999,2024-02-09 02:10:10.000,2024-02-09 02:10:10.000,2024-02-09 02:10:10.000,702874435.0,5038122.0,1427095989.0,1236520000.0,original,230.0,original,230.0,original,232.0,original,4.0,original,0.0,gap_too_large,4.0,original,50.07,original,0.8666999999999999,original,702874435.0,original,5038122.0,original,1427095989.0,original,-109.0,original
868054.0,22.0,2024-02-09 04:00:00,WITEL_CHILLER,1236550000.0,231.0,231.0,233.0,4.0,0.0,4.0,50.01,0.8676999999999999,2024-02-09 04:00:09.000,2024-02-09 04:00:09.000,2024-02-09 04:00:09.000,702884477.0,5042547.0,1427127573.0,1236550000.0,original,231.0,original,231.0,original,233.0,original,4.0,original,0.0,gap_too_large,4.0,original,50.01,original,0.8676999999999999,original,702884477.0,original,5042547.0,original,1427127573.0,original,-111.0,original
868351.0,22.0,2024-02-09 06:00:00,WITEL_CHILLER,1236580000.0,229.0,229.0,231.0,4.0,0.0,4.0,49.94,0.8653,2024-02-09 06:00:05.000,2024-02-09 06:00:05.000,2024-02-09 06:00:05.000,702895395.0,5047379.0,1427161950.0,1236580000.0,original,229.0,original,229.0,original,231.0,original,4.0,original,0.0,gap_too_large,4.0,original,49.94,original,0.8653,original,702895395.0,original,5047379.0,original,1427161950.0,original,-109.0,original
868697.0,22.0,2024-02-09 08:00:00,WITEL_CHILLER,1236610000.0,226.0,227.0,228.0,4.0,0.0,4.0,49.97,0.8675999999999999,2024-02-09 08:00:11.000,2024-02-09 08:00:11.000,2024-02-09 08:00:11.000,702906013.0,5052218.0,1427195598.0,1236610000.0,original,226.0,original,227.0,original,228.0,original,4.0,original,0.0,gap_too_large,4.0,original,49.97,original,0.8675999999999999,original,702906013.0,original,5052218.0,original,1427195598.0,original,-121.0,original
869066.0,22.0,2024-02-09 10:00:00,WITEL_CHILLER,1236640000.0,227.0,228.0,229.0,4.0,0.0,4.0,50.0,0.8656999999999999,2024-02-09 10:10:09.000,2024-02-09 10:10:09.000,2024-02-09 10:10:09.000,702917309.0,5057450.0,1427231502.0,1236640000.0,original,227.0,original,228.0,original,229.0,original,4.0,original,0.0,gap_too_large,4.0,original,50.0,original,0.8656999999999999,original,702917309.0,original,5057450.0,original,1427231502.0,original,-111.0,original
869403.0,22.0,2024-02-09 12:00:00,WITEL_CHILLER,1236670000.0,230.0,230.0,232.0,4.0,0.0,4.0,50.03,0.8674,2024-02-09 12:10:14.000,2024-02-09 12:10:14.000,2024-02-09 12:10:14.000,702927987.0,5062285.0,1427265243.0,1236670000.0,original,230.0,original,230.0,original,232.0,original,4.0,original,0.0,gap_too_large,4.0,original,50.03,original,0.8674,original,702927987.0,original,5062285.0,original,1427265243.0,original,-121.0,original
869851.0,22.0,2024-02-09 14:00:00,WITEL_CHILLER,1236710000.0,226.0,227.0,228.0,4.0,0.0,4.0,50.03,0.8688999999999999,2024-02-09 14:50:10.000,2024-02-09 14:50:10.000,2024-02-09 14:50:10.000,702942016.0,5068720.0,1427309710.0,1236710000.0,original,226.0,original,227.0,original,228.0,original,4.0,original,0.0,gap_too_large,4.0,original,50.03,original,0.8688999999999999,original,702942016.0,original,5068720.0,original,1427309710.0,original,-121.0,original
870039.0,22.0,2024-02-09 16:00:00,WITEL_CHILLER,1236720000.0,226.0,227.0,229.0,4.0,0.0,4.0,50.01,0.8683,2024-02-09 16:00:11.000,2024-02-09 16:00:11.000,2024-02-09 16:00:11.000,702948106.0,5071533.0,1427329054.0,1236720000.0,original,226.0,original,227.0,original,229.0,original,4.0,original,0.0,gap_too_large,4.0,original,50.01,original,0.8683,original,702948106.0,original,5071533.0,original,1427329054.0,original,-112.0,original
870386.0,22.0,2024-02-09 18:00:00,WITEL_CHILLER,1236750000.0,229.0,229.0,231.0,4.0,0.0,4.0,49.95,0.8664,2024-02-09 18:10:11.000,2024-02-09 18:10:11.000,2024-02-09 18:10:11.000,702959661.0,5076774.0,1427365595.0,1236750000.0,original,229.0,original,229.0,original,231.0,original,4.0,original,0.0,gap_too_large,4.0,original,49.95,original,0.8664,original,702959661.0,original,5076774.0,original,1427365595.0,original,-119.0,original
870386.0,,2024-02-09 20:00:00,WITEL_CHILLER,0.0,0.0,0.0,0.0,0.0,0.0,0.0,0.0,0.0,,,,0.0,0.0,0.0,0.0,gap_too_large,0.0,gap_too_large,0.0,gap_too_large,0.0,gap_too_large,0.0,gap_too_large,0.0,gap_too_large,0.0,gap_too_large,0.0,gap_too_large,0.0,gap_too_large,0.0,gap_too_large,0.0,gap_too_large,0.0,gap_too_large,0.0,gap_too_large
870386.0,,2024-02-09 22:00:00,WITEL_CHILLER,0.0,0.0,0.0,0.0,0.0,0.0,0.0,0.0,0.0,,,,0.0,0.0,0.0,0.0,gap_too_large,0.0,gap_too_large,0.0,gap_too_large,0.0,gap_too_large,0.0,gap_too_large,0.0,gap_too_large,0.0,gap_too_large,0.0,gap_too_large,0.0,gap_too_large,0.0,gap_too_large,0.0,gap_too_large,0.0,gap_too_large,0.0,gap_too_large
870386.0,,2024-02-10 00:00:00,WITEL_CHILLER,0.0,0.0,0.0,0.0,0.0,0.0,0.0,0.0,0.0,,,,0.0,0.0,0.0,0.0,gap_too_large,0.0,gap_too_large,0.0,gap_too_large,0.0,gap_too_large,0.0,gap_too_large,0.0,gap_too_large,0.0,gap_too_large,0.0,gap_too_large,0.0,gap_too_large,0.0,gap_too_large,0.0,gap_too_large,0.0,gap_too_large,0.0,gap_too_large
871726.0,22.0,2024-02-10 02:00:00,WITEL_CHILLER,1236880000.0,229.0,229.0,231.0,4.0,0.0,4.0,50.06,0.8696999999999999,2024-02-10 02:37:25.000,2024-02-10 02:37:25.000,2024-02-10 02:37:25.000,703004483.0,5097158.0,1427507643.0,1236880000.0,original,229.0,original,229.0,original,231.0,original,4.0,original,0.0,gap_too_large,4.0,original,50.06,original,0.8696999999999999,original,703004483.0,original,5097158.0,original,1427507643.0,original,-111.0,original
872036.0,22.0,2024-02-10 04:00:00,WITEL_CHILLER,1236900000.0,229.0,229.0,231.0,4.0,0.0,4.0,49.94,0.8653,2024-02-10 04:30:09.000,2024-02-10 04:30:09.000,2024-02-10 04:30:09.000,703014614.0,5101712.0,1427539669.0,1236900000.0,original,229.0,original,229.0,original,231.0,original,4.0,original,0.0,gap_too_large,4.0,original,49.94,original,0.8653,original,703014614.0,original,5101712.0,original,1427539669.0,original,-111.0,original
872305.0,22.0,2024-02-10 06:00:00,WITEL_CHILLER,1236930000.0,229.0,229.0,231.0,4.0,0.0,4.0,49.95,0.8649999999999999,2024-02-10 06:10:10.000,2024-02-10 06:10:10.000,2024-02-10 06:10:10.000,703023603.0,5105754.0,1427568075.0,1236930000.0,original,229.0,original,229.0,original,231.0,original,4.0,original,0.0,gap_too_large,4.0,original,49.95,original,0.8649999999999999,original,703023603.0,original,5105754.0,original,1427568075.0,original,-113.0,original
872603.0,22.0,2024-02-10 08:00:00,WITEL_CHILLER,1236960000.0,228.0,228.0,230.0,4.0,0.0,4.0,50.03,0.8674,2024-02-10 08:00:08.000,2024-02-10 08:00:08.000,2024-02-10 08:00:08.000,703033478.0,5110205.0,1427599285.0,1236960000.0,original,228.0,original,228.0,original,230.0,original,4.0,original,0.0,gap_too_large,4.0,original,50.03,original,0.8674,original,703033478.0,original,5110205.0,original,1427599285.0,original,-113.0,original
872924.0,22.0,2024-02-10 10:00:00,WITEL_CHILLER,1236990000.0,225.0,225.0,227.0,4.0,0.0,4.0,50.0,0.8654,2024-02-10 10:00:12.000,2024-02-10 10:00:12.000,2024-02-10 10:00:12.000,703043968.0,5115034.0,1427632587.0,1236990000.0,original,225.0,original,225.0,original,227.0,original,4.0,original,0.0,gap_too_large,4.0,original,50.0,original,0.8654,original,703043968.0,original,5115034.0,original,1427632587.0,original,-113.0,original
873272.0,22.0,2024-02-10 12:00:00,WITEL_CHILLER,1237020000.0,227.0,228.0,229.0,4.0,0.0,4.0,50.03,0.8675999999999999,2024-02-10 12:10:13.000,2024-02-10 12:10:13.000,2024-02-10 12:10:13.000,703055392.0,5120262.0,1427668760.0,1237020000.0,original,227.0,original,228.0,original,229.0,original,4.0,original,0.0,gap_too_large,4.0,original,50.03,original,0.8675999999999999,original,703055392.0,original,5120262.0,original,1427668760.0,original,-106.0,original
873574.0,22.0,2024-02-10 14:00:00,WITEL_CHILLER,1237040000.0,227.0,227.0,229.0,4.0,0.0,4.0,50.05,0.8665999999999999,2024-02-10 14:00:11.000,2024-02-10 14:00:11.000,2024-02-10 14:00:11.000,703065027.0,5124682.0,1427699291.0,1237040000.0,original,227.0,original,227.0,original,229.0,original,4.0,original,0.0,gap_too_large,4.0,original,50.05,original,0.8665999999999999,original,703065027.0,original,5124682.0,original,1427699291.0,original,-111.0,original
873890.0,22.0,2024-02-10 16:00:00,WITEL_CHILLER,1237070000.0,228.0,228.0,230.0,4.0,0.0,4.0,50.04,0.8685999999999999,2024-02-10 16:00:08.000,2024-02-10 16:00:08.000,2024-02-10 16:00:08.000,703075571.0,5129504.0,1427732696.0,1237070000.0,original,228.0,original,228.0,original,230.0,original,4.0,original,0.0,gap_too_large,4.0,original,50.04,original,0.8685999999999999,original,703075571.0,original,5129504.0,original,1427732696.0,original,-113.0,original
874201.0,22.0,2024-02-10 18:00:00,WITEL_CHILLER,1237100000.0,227.0,228.0,230.0,4.0,0.0,4.0,49.97,0.8696999999999999,2024-02-10 18:00:03.000,2024-02-10 18:00:03.000,2024-02-10 18:00:03.000,703086192.0,5134330.0,1427766299.0,1237100000.0,original,227.0,original,228.0,original,230.0,original,4.0,original,0.0,gap_too_large,4.0,original,49.97,original,0.8696999999999999,original,703086192.0,original,5134330.0,original,1427766299.0,original,-111.0,original
874533.0,22.0,2024-02-10 20:00:00,WITEL_CHILLER,1237130000.0,228.0,228.0,230.0,4.0,0.0,4.0,50.06,0.8687999999999999,2024-02-10 20:00:12.000,2024-02-10 20:00:12.000,2024-02-10 20:00:12.000,703096794.0,5139146.0,1427799854.0,1237130000.0,original,228.0,original,228.0,original,230.0,original,4.0,original,0.0,gap_too_large,4.0,original,50.06,original,0.8687999999999999,original,703096794.0,original,5139146.0,original,1427799854.0,original,-111.0,original
874837.0,22.0,2024-02-10 22:00:00,WITEL_CHILLER,1237160000.0,229.0,229.0,231.0,4.0,0.0,4.0,49.98,0.8665999999999999,2024-02-10 22:00:10.000,2024-02-10 22:00:10.000,2024-02-10 22:00:10.000,703107494.0,5143971.0,1427833675.0,1237160000.0,original,229.0,original,229.0,original,231.0,original,4.0,original,0.0,gap_too_large,4.0,original,49.98,original,0.8665999999999999,original,703107494.0,original,5143971.0,original,1427833675.0,original,-107.0,original
875167.0,22.0,2024-02-11 00:00:00,WITEL_CHILLER,1237190000.0,229.0,229.0,231.0,4.0,0.0,4.0,50.03,0.8654999999999999,2024-02-11 00:00:05.000,2024-02-11 00:00:05.000,2024-02-11 00:00:05.000,703118461.0,5148806.0,1427868145.0,1237190000.0,original,229.0,original,229.0,original,231.0,original,4.0,original,0.0,gap_too_large,4.0,original,50.03,original,0.8654999999999999,original,703118461.0,original,5148806.0,original,1427868145.0,original,-109.0,original
875566.0,22.0,2024-02-11 02:00:00,WITEL_CHILLER,1237220000.0,230.0,230.0,232.0,4.0,0.0,4.0,49.96,0.8678999999999999,2024-02-11 02:20:08.000,2024-02-11 02:20:08.000,2024-02-11 02:20:08.000,703131066.0,5154438.0,1427907909.0,1237220000.0,original,230.0,original,230.0,original,232.0,original,4.0,original,0.0,gap_too_large,4.0,original,49.96,original,0.8678999999999999,original,703131066.0,original,5154438.0,original,1427907909.0,original,-109.0,original
875935.0,22.0,2024-02-11 04:00:00,WITEL_CHILLER,1237260000.0,231.0,231.0,233.0,4.0,0.0,4.0,50.07,0.8648999999999999,2024-02-11 04:30:11.000,2024-02-11 04:30:11.000,2024-02-11 04:30:11.000,703142950.0,5159677.0,1427945272.0,1237260000.0,original,231.0,original,231.0,original,233.0,original,4.0,original,0.0,gap_too_large,4.0,original,50.07,original,0.8648999999999999,original,703142950.0,original,5159677.0,original,1427945272.0,original,-123.0,original
876192.0,22.0,2024-02-11 06:00:00,WITEL_CHILLER,1237280000.0,230.0,230.0,232.0,4.0,0.0,4.0,49.95,0.8648999999999999,2024-02-11 06:00:07.000,2024-02-11 06:00:07.000,2024-02-11 06:00:07.000,703151178.0,5163306.0,1427971144.0,1237280000.0,original,230.0,original,230.0,original,232.0,original,4.0,original,0.0,gap_too_large,4.0,original,49.95,original,0.8648999999999999,original,703151178.0,original,5163306.0,original,1427971144.0,original,-114.0,original
876671.0,22.0,2024-02-11 08:00:00,WITEL_CHILLER,1237320000.0,226.0,227.0,228.0,4.0,0.0,4.0,49.96,0.8680999999999999,2024-02-11 08:50:13.000,2024-02-11 08:50:13.000,2024-02-11 08:50:13.000,703166435.0,5170147.0,1428019310.0,1237320000.0,original,226.0,original,227.0,original,228.0,original,4.0,original,0.0,gap_too_large,4.0,original,49.96,original,0.8680999999999999,original,703166435.0,original,5170147.0,original,1428019310.0,original,-111.0,original
876902.0,22.0,2024-02-11 10:00:00,WITEL_CHILLER,1237340000.0,227.0,227.0,229.0,4.0,0.0,4.0,49.98,0.8684,2024-02-11 10:20:05.000,2024-02-11 10:20:05.000,2024-02-11 10:20:05.000,703174294.0,5173760.0,1428044257.0,1237340000.0,original,227.0,original,227.0,original,229.0,original,4.0,original,0.0,gap_too_large,4.0,original,49.98,original,0.8684,original,703174294.0,original,5173760.0,original,1428044257.0,original,-109.0,original
876902.0,,2024-02-11 12:00:00,WITEL_CHILLER,0.0,0.0,0.0,0.0,0.0,0.0,0.0,0.0,0.0,,,,0.0,0.0,0.0,0.0,gap_too_large,0.0,gap_too_large,0.0,gap_too_large,0.0,gap_too_large,0.0,gap_too_large,0.0,gap_too_large,0.0,gap_too_large,0.0,gap_too_large,0.0,gap_too_large,0.0,gap_too_large,0.0,gap_too_large,0.0,gap_too_large,0.0,gap_too_large
876902.0,,2024-02-11 14:00:00,WITEL_CHILLER,0.0,0.0,0.0,0.0,0.0,0.0,0.0,0.0,0.0,,,,0.0,0.0,0.0,0.0,gap_too_large,0.0,gap_too_large,0.0,gap_too_large,0.0,gap_too_large,0.0,gap_too_large,0.0,gap_too_large,0.0,gap_too_large,0.0,gap_too_large,0.0,gap_too_large,0.0,gap_too_large,0.0,gap_too_large,0.0,gap_too_large,0.0,gap_too_large
876902.0,,2024-02-11 16:00:00,WITEL_CHILLER,0.0,0.0,0.0,0.0,0.0,0.0,0.0,0.0,0.0,,,,0.0,0.0,0.0,0.0,gap_too_large,0.0,gap_too_large,0.0,gap_too_large,0.0,gap_too_large,0.0,gap_too_large,0.0,gap_too_large,0.0,gap_too_large,0.0,gap_too_large,0.0,gap_too_large,0.0,gap_too_large,0.0,gap_too_large,0.0,gap_too_large,0.0,gap_too_large
876902.0,,2024-02-11 18:00:00,WITEL_CHILLER,0.0,0.0,0.0,0.0,0.0,0.0,0.0,0.0,0.0,,,,0.0,0.0,0.0,0.0,gap_too_large,0.0,gap_too_large,0.0,gap_too_large,0.0,gap_too_large,0.0,gap_too_large,0.0,gap_too_large,0.0,gap_too_large,0.0,gap_too_large,0.0,gap_too_large,0.0,gap_too_large,0.0,gap_too_large,0.0,gap_too_large,0.0,gap_too_large
876902.0,,2024-02-11 20:00:00,WITEL_CHILLER,0.0,0.0,0.0,0.0,0.0,0.0,0.0,0.0,0.0,,,,0.0,0.0,0.0,0.0,gap_too_large,0.0,gap_too_large,0.0,gap_too_large,0.0,gap_too_large,0.0,gap_too_large,0.0,gap_too_large,0.0,gap_too_large,0.0,gap_too_large,0.0,gap_too_large,0.0,gap_too_large,0.0,gap_too_large,0.0,gap_too_large,0.0,gap_too_large
876902.0,,2024-02-11 22:00:00,WITEL_CHILLER,0.0,0.0,0.0,0.0,0.0,0.0,0.0,0.0,0.0,,,,0.0,0.0,0.0,0.0,gap_too_large,0.0,gap_too_large,0.0,gap_too_large,0.0,gap_too_large,0.0,gap_too_large,0.0,gap_too_large,0.0,gap_too_large,0.0,gap_too_large,0.0,gap_too_large,0.0,gap_too_large,0.0,gap_too_large,0.0,gap_too_large,0.0,gap_too_large
876902.0,,2024-02-12 00:00:00,WITEL_CHILLER,0.0,0.0,0.0,0.0,0.0,0.0,0.0,0.0,0.0,,,,0.0,0.0,0.0,0.0,gap_too_large,0.0,gap_too_large,0.0,gap_too_large,0.0,gap_too_large,0.0,gap_too_large,0.0,gap_too_large,0.0,gap_too_large,0.0,gap_too_large,0.0,gap_too_large,0.0,gap_too_large,0.0,gap_too_large,0.0,gap_too_large,0.0,gap_too_large
876902.0,,2024-02-12 02:00:00,WITEL_CHILLER,0.0,0.0,0.0,0.0,0.0,0.0,0.0,0.0,0.0,,,,0.0,0.0,0.0,0.0,gap_too_large,0.0,gap_too_large,0.0,gap_too_large,0.0,gap_too_large,0.0,gap_too_large,0.0,gap_too_large,0.0,gap_too_large,0.0,gap_too_large,0.0,gap_too_large,0.0,gap_too_large,0.0,gap_too_large,0.0,gap_too_large,0.0,gap_too_large
876902.0,,2024-02-12 04:00:00,WITEL_CHILLER,0.0,0.0,0.0,0.0,0.0,0.0,0.0,0.0,0.0,,,,0.0,0.0,0.0,0.0,gap_too_large,0.0,gap_too_large,0.0,gap_too_large,0.0,gap_too_large,0.0,gap_too_large,0.0,gap_too_large,0.0,gap_too_large,0.0,gap_too_large,0.0,gap_too_large,0.0,gap_too_large,0.0,gap_too_large,0.0,gap_too_large,0.0,gap_too_large
876902.0,,2024-02-12 06:00:00,WITEL_CHILLER,0.0,0.0,0.0,0.0,0.0,0.0,0.0,0.0,0.0,,,,0.0,0.0,0.0,0.0,gap_too_large,0.0,gap_too_large,0.0,gap_too_large,0.0,gap_too_large,0.0,gap_too_large,0.0,gap_too_large,0.0,gap_too_large,0.0,gap_too_large,0.0,gap_too_large,0.0,gap_too_large,0.0,gap_too_large,0.0,gap_too_large,0.0,gap_too_large
876902.0,,2024-02-12 08:00:00,WITEL_CHILLER,0.0,0.0,0.0,0.0,0.0,0.0,0.0,0.0,0.0,,,,0.0,0.0,0.0,0.0,gap_too_large,0.0,gap_too_large,0.0,gap_too_large,0.0,gap_too_large,0.0,gap_too_large,0.0,gap_too_large,0.0,gap_too_large,0.0,gap_too_large,0.0,gap_too_large,0.0,gap_too_large,0.0,gap_too_large,0.0,gap_too_large,0.0,gap_too_large
877950.0,22.0,2024-02-12 10:00:00,WITEL_CHILLER,1239500000.0,221.0,223.0,225.0,204.0,208.0,214.0,49.98,0.8770999999999999,2024-02-12 10:40:09.000,2024-02-12 10:40:09.000,2024-02-12 10:40:09.000,704291827.0,5228720.0,1430506657.0,1239500000.0,original,221.0,original,223.0,original,225.0,original,204.0,original,208.0,original,214.0,original,49.98,original,0.8770999999999999,original,704291827.0,original,5228720.0,original,1430506657.0,original,-121.0,original
878178.0,22.0,2024-02-12 12:00:00,WITEL_CHILLER,1241160000.0,226.0,228.0,229.0,204.0,208.0,214.0,50.02,0.8722,2024-02-12 12:00:09.000,2024-02-12 12:00:09.000,2024-02-12 12:00:09.000,705198666.0,5228720.0,1432402302.0,1241160000.0,original,226.0,original,228.0,original,229.0,original,204.0,original,208.0,original,214.0,original,50.02,original,0.8722,original,705198666.0,original,5228720.0,original,1432402302.0,original,-100.0,original
878533.0,22.0,2024-02-12 14:00:00,WITEL_CHILLER,1244100000.0,223.0,224.0,226.0,209.0,213.0,219.0,50.05,0.8786999999999999,2024-02-12 14:20:08.000,2024-02-12 14:20:08.000,2024-02-12 14:20:08.000,706796909.0,5228720.0,1435747400.0,1244100000.0,original,223.0,original,224.0,original,226.0,original,209.0,original,213.0,original,219.0,original,50.05,original,0.8786999999999999,original,706796909.0,original,5228720.0,original,1435747400.0,original,-120.0,original
878837.0,22.0,2024-02-12 16:00:00,WITEL_CHILLER,1246120000.0,227.0,227.0,229.0,29.0,27.0,30.0,49.97,0.8582,2024-02-12 16:00:06.000,2024-02-12 16:00:06.000,2024-02-12 16:00:06.000,707898176.0,5228720.0,1438047985.0,1246120000.0,original,227.0,original,227.0,original,229.0,original,29.0,original,27.0,original,30.0,original,49.97,original,0.8582,original,707898176.0,original,5228720.0,original,1438047985.0,original,-113.0,original
879198.0,22.0,2024-02-12 18:00:00,WITEL_CHILLER,1246160000.0,228.0,229.0,231.0,4.0,0.0,4.0,50.05,0.8675999999999999,2024-02-12 18:00:12.000,2024-02-12 18:00:12.000,2024-02-12 18:00:12.000,707921078.0,5232275.0,1438099141.0,1246160000.0,original,228.0,original,229.0,original,231.0,original,4.0,original,0.0,gap_too_large,4.0,original,50.05,original,0.8675999999999999,original,707921078.0,original,5232275.0,original,1438099141.0,original,-113.0,original
879559.0,22.0,2024-02-12 20:00:00,WITEL_CHILLER,1246190000.0,229.0,229.0,231.0,4.0,0.0,4.0,49.99,0.8680999999999999,2024-02-12 20:00:12.000,2024-02-12 20:00:12.000,2024-02-12 20:00:12.000,707931811.0,5237088.0,1438133073.0,1246190000.0,original,229.0,original,229.0,original,231.0,original,4.0,original,0.0,gap_too_large,4.0,original,49.99,original,0.8680999999999999,original,707931811.0,original,5237088.0,original,1438133073.0,original,-116.0,original
879926.0,22.0,2024-02-12 22:00:00,WITEL_CHILLER,1246220000.0,231.0,231.0,233.0,4.0,0.0,4.0,50.02,0.8647999999999999,2024-02-12 22:10:08.000,2024-02-12 22:10:08.000,2024-02-12 22:10:08.000,707943571.0,5242317.0,1438170152.0,1246220000.0,original,231.0,original,231.0,original,233.0,original,4.0,original,0.0,gap_too_large,4.0,original,50.02,original,0.8647999999999999,original,707943571.0,original,5242317.0,original,1438170152.0,original,-105.0,original
880296.0,22.0,2024-02-13 00:00:00,WITEL_CHILLER,1246250000.0,230.0,231.0,233.0,4.0,0.0,4.0,49.94,0.8655999999999999,2024-02-13 00:10:05.000,2024-02-13 00:10:05.000,2024-02-13 00:10:05.000,707954419.0,5247139.0,1438204385.0,1246250000.0,original,230.0,original,231.0,original,233.0,original,4.0,original,0.0,gap_too_large,4.0,original,49.94,original,0.8655999999999999,original,707954419.0,original,5247139.0,original,1438204385.0,original,-112.0,original
880630.0,22.0,2024-02-13 02:00:00,WITEL_CHILLER,1246280000.0,229.0,230.0,232.0,4.0,0.0,4.0,50.01,0.8673,2024-02-13 02:00:08.000,2024-02-13 02:00:08.000,2024-02-13 02:00:08.000,707964387.0,5251568.0,1438235838.0,1246280000.0,original,229.0,original,230.0,original,232.0,original,4.0,original,0.0,gap_too_large,4.0,original,50.01,original,0.8673,original,707964387.0,original,5251568.0,original,1438235838.0,original,-117.0,original
880992.0,22.0,2024-02-13 04:00:00,WITEL_CHILLER,1246310000.0,229.0,229.0,231.0,4.0,0.0,4.0,50.05,0.8673,2024-02-13 04:00:11.000,2024-02-13 04:00:11.000,2024-02-13 04:00:11.000,707975312.0,5256410.0,1438270280.0,1246310000.0,original,229.0,original,229.0,original,231.0,original,4.0,original,0.0,gap_too_large,4.0,original,50.05,original,0.8673,original,707975312.0,original,5256410.0,original,1438270280.0,original,-111.0,original
881338.0,22.0,2024-02-13 06:00:00,WITEL_CHILLER,1246340000.0,225.0,226.0,227.0,4.0,0.0,4.0,50.01,0.8704999999999999,2024-02-13 06:00:12.000,2024-02-13 06:00:12.000,2024-02-13 06:00:12.000,707985888.0,5261238.0,1438303861.0,1246340000.0,original,225.0,original,226.0,original,227.0,original,4.0,original,0.0,gap_too_large,4.0,original,50.01,original,0.8704999999999999,original,707985888.0,original,5261238.0,original,1438303861.0,original,-111.0,original
881685.0,22.0,2024-02-13 08:00:00,WITEL_CHILLER,1246370000.0,225.0,226.0,227.0,4.0,324.0,4.0,50.06,0.8702,2024-02-13 08:00:07.000,2024-02-13 08:00:07.000,2024-02-13 08:00:07.000,707996262.0,5266054.0,1438336942.0,1246370000.0,original,225.0,original,226.0,original,227.0,original,4.0,original,324.0,original,4.0,original,50.06,original,0.8702,original,707996262.0,original,5266054.0,original,1438336942.0,original,-109.0,original
882027.0,22.0,2024-02-13 10:00:00,WITEL_CHILLER,1248670000.0,222.0,224.0,225.0,227.0,242.0,244.0,50.08,0.7898999999999999,2024-02-13 10:00:04.000,2024-02-13 10:00:04.000,2024-02-13 10:00:04.000,709358794.0,5267354.0,1441018827.0,1248670000.0,original,222.0,original,224.0,original,225.0,original,227.0,original,242.0,original,244.0,original,50.08,original,0.7898999999999999,original,709358794.0,original,5267354.0,original,1441018827.0,original,-111.0,original
882027.0,,2024-02-13 12:00:00,WITEL_CHILLER,0.0,0.0,0.0,0.0,0.0,0.0,0.0,0.0,0.0,,,,0.0,0.0,0.0,0.0,gap_too_large,0.0,gap_too_large,0.0,gap_too_large,0.0,gap_too_large,0.0,gap_too_large,0.0,gap_too_large,0.0,gap_too_large,0.0,gap_too_large,0.0,gap_too_large,0.0,gap_too_large,0.0,gap_too_large,0.0,gap_too_large,0.0,gap_too_large
882027.0,,2024-02-13 14:00:00,WITEL_CHILLER,0.0,0.0,0.0,0.0,0.0,0.0,0.0,0.0,0.0,,,,0.0,0.0,0.0,0.0,gap_too_large,0.0,gap_too_large,0.0,gap_too_large,0.0,gap_too_large,0.0,gap_too_large,0.0,gap_too_large,0.0,gap_too_large,0.0,gap_too_large,0.0,gap_too_large,0.0,gap_too_large,0.0,gap_too_large,0.0,gap_too_large,0.0,gap_too_large
882027.0,,2024-02-13 16:00:00,WITEL_CHILLER,0.0,0.0,0.0,0.0,0.0,0.0,0.0,0.0,0.0,,,,0.0,0.0,0.0,0.0,gap_too_large,0.0,gap_too_large,0.0,gap_too_large,0.0,gap_too_large,0.0,gap_too_large,0.0,gap_too_large,0.0,gap_too_large,0.0,gap_too_large,0.0,gap_too_large,0.0,gap_too_large,0.0,gap_too_large,0.0,gap_too_large,0.0,gap_too_large
883456.0,22.0,2024-02-13 18:00:00,WITEL_CHILLER,1257230000.0,227.0,228.0,230.0,4.0,0.0,4.0,50.0,0.8680999999999999,2024-02-13 18:39:25.000,2024-02-13 18:39:25.000,2024-02-13 18:39:25.000,714650339.0,5272320.0,1451100661.0,1257230000.0,original,227.0,original,228.0,original,230.0,original,4.0,original,0.0,gap_too_large,4.0,original,50.0,original,0.8680999999999999,original,714650339.0,original,5272320.0,original,1451100661.0,original,-107.0,original
883735.0,22.0,2024-02-13 20:00:00,WITEL_CHILLER,1257260000.0,227.0,228.0,230.0,4.0,0.0,4.0,50.0,0.8688999999999999,2024-02-13 20:20:11.000,2024-02-13 20:20:11.000,2024-02-13 20:20:11.000,714659242.0,5276333.0,1451128885.0,1257260000.0,original,227.0,original,228.0,original,230.0,original,4.0,original,0.0,gap_too_large,4.0,original,50.0,original,0.8688999999999999,original,714659242.0,original,5276333.0,original,1451128885.0,original,-111.0,original
883998.0,22.0,2024-02-13 22:00:00,WITEL_CHILLER,1257280000.0,225.0,226.0,227.0,4.0,0.0,4.0,50.05,0.8706999999999999,2024-02-13 22:00:05.000,2024-02-13 22:00:05.000,2024-02-13 22:00:05.000,714668029.0,5280317.0,1451156769.0,1257280000.0,original,225.0,original,226.0,original,227.0,original,4.0,original,0.0,gap_too_large,4.0,original,50.05,original,0.8706999999999999,original,714668029.0,original,5280317.0,original,1451156769.0,original,-114.0,original
884337.0,22.0,2024-02-14 00:00:00,WITEL_CHILLER,1257310000.0,229.0,230.0,232.0,4.0,0.0,4.0,50.04,0.8694,2024-02-14 00:00:06.000,2024-02-14 00:00:06.000,2024-02-14 00:00:06.000,714678730.0,5285107.0,1451190635.0,1257310000.0,original,229.0,original,230.0,original,232.0,original,4.0,original,0.0,gap_too_large,4.0,original,50.04,original,0.8694,original,714678730.0,original,5285107.0,original,1451190635.0,original,-113.0,original
884736.0,22.0,2024-02-14 02:00:00,WITEL_CHILLER,1257350000.0,229.0,229.0,231.0,4.0,0.0,4.0,50.04,0.8692,2024-02-14 02:20:07.000,2024-02-14 02:20:07.000,2024-02-14 02:20:07.000,714691453.0,5290710.0,1451230737.0,1257350000.0,original,229.0,original,229.0,original,231.0,original,4.0,original,0.0,gap_too_large,4.0,original,50.04,original,0.8692,original,714691453.0,original,5290710.0,original,1451230737.0,original,-109.0,original
885124.0,22.0,2024-02-14 04:00:00,WITEL_CHILLER,1257380000.0,231.0,231.0,233.0,4.0,0.0,4.0,49.98,0.8676999999999999,2024-02-14 04:40:07.000,2024-02-14 04:40:07.000,2024-02-14 04:40:07.000,714704198.0,5296346.0,1451270933.0,1257380000.0,original,231.0,original,231.0,original,233.0,original,4.0,original,0.0,gap_too_large,4.0,original,49.98,original,0.8676999999999999,original,714704198.0,original,5296346.0,original,1451270933.0,original,-121.0,original
885385.0,22.0,2024-02-14 06:00:00,WITEL_CHILLER,1257400000.0,229.0,230.0,231.0,4.0,0.0,4.0,49.97,0.8674,2024-02-14 06:10:11.000,2024-02-14 06:10:11.000,2024-02-14 06:10:11.000,714712416.0,5299974.0,1451296811.0,1257400000.0,original,229.0,original,230.0,original,231.0,original,4.0,original,0.0,gap_too_large,4.0,original,49.97,original,0.8674,original,714712416.0,original,5299974.0,original,1451296811.0,original,-114.0,original
885707.0,22.0,2024-02-14 08:00:00,WITEL_CHILLER,1257430000.0,229.0,230.0,231.0,4.0,0.0,4.0,49.95,0.8693,2024-02-14 08:00:04.000,2024-02-14 08:00:04.000,2024-02-14 08:00:04.000,714722352.0,5304410.0,1451328197.0,1257430000.0,original,229.0,original,230.0,original,231.0,original,4.0,original,0.0,gap_too_large,4.0,original,49.95,original,0.8693,original,714722352.0,original,5304410.0,original,1451328197.0,original,-121.0,original
886059.0,22.0,2024-02-14 10:00:00,WITEL_CHILLER,1257460000.0,226.0,226.0,228.0,4.0,0.0,4.0,50.07,0.8678999999999999,2024-02-14 10:00:06.000,2024-02-14 10:00:06.000,2024-02-14 10:00:06.000,714732915.0,5309232.0,1451361758.0,1257460000.0,original,226.0,original,226.0,original,228.0,original,4.0,original,0.0,gap_too_large,4.0,original,50.07,original,0.8678999999999999,original,714732915.0,original,5309232.0,original,1451361758.0,original,-109.0,original
886400.0,22.0,2024-02-14 12:00:00,WITEL_CHILLER,1257490000.0,227.0,228.0,229.0,4.0,0.0,4.0,50.05,0.8675999999999999,2024-02-14 12:00:10.000,2024-02-14 12:00:10.000,2024-02-14 12:00:10.000,714743338.0,5314054.0,1451394949.0,1257490000.0,original,227.0,original,228.0,original,229.0,original,4.0,original,0.0,gap_too_large,4.0,original,50.05,original,0.8675999999999999,original,714743338.0,original,5314054.0,original,1451394949.0,original,-109.0,original
886745.0,22.0,2024-02-14 14:00:00,WITEL_CHILLER,1257520000.0,225.0,226.0,227.0,4.0,0.0,4.0,49.98,0.8693,2024-02-14 14:00:08.000,2024-02-14 14:00:08.000,2024-02-14 14:00:08.000,714753789.0,5318858.0,1451428155.0,1257520000.0,original,225.0,original,226.0,original,227.0,original,4.0,original,0.0,gap_too_large,4.0,original,49.98,original,0.8693,original,714753789.0,original,5318858.0,original,1451428155.0,original,-107.0,original
887114.0,22.0,2024-02-14 16:00:00,WITEL_CHILLER,1257550000.0,227.0,228.0,229.0,4.0,0.0,4.0,49.93,0.8690999999999999,2024-02-14 16:00:07.000,2024-02-14 16:00:07.000,2024-02-14 16:00:07.000,714764227.0,5323654.0,1451461297.0,1257550000.0,original,227.0,original,228.0,original,229.0,original,4.0,original,0.0,gap_too_large,4.0,original,49.93,original,0.8690999999999999,original,714764227.0,original,5323654.0,original,1451461297.0,original,-101.0,original
887498.0,22.0,2024-02-14 18:00:00,WITEL_CHILLER,1257580000.0,227.0,228.0,229.0,4.0,0.0,4.0,50.07,0.8680999999999999,2024-02-14 18:00:11.000,2024-02-14 18:00:11.000,2024-02-14 18:00:11.000,714774768.0,5328448.0,1451494693.0,1257580000.0,original,227.0,original,228.0,original,229.0,original,4.0,original,0.0,gap_too_large,4.0,original,50.07,original,0.8680999999999999,original,714774768.0,original,5328448.0,original,1451494693.0,original,-123.0,original
887857.0,22.0,2024-02-14 20:00:00,WITEL_CHILLER,1257600000.0,226.0,227.0,228.0,4.0,0.0,4.0,49.99,0.8702,2024-02-14 20:00:06.000,2024-02-14 20:00:06.000,2024-02-14 20:00:06.000,714785229.0,5333229.0,1451527918.0,1257600000.0,original,226.0,original,227.0,original,228.0,original,4.0,original,0.0,gap_too_large,4.0,original,49.99,original,0.8702,original,714785229.0,original,5333229.0,original,1451527918.0,original,-108.0,original
888217.0,22.0,2024-02-14 22:00:00,WITEL_CHILLER,1257630000.0,228.0,228.0,230.0,4.0,0.0,4.0,49.94,0.8664999999999999,2024-02-14 22:00:09.000,2024-02-14 22:00:09.000,2024-02-14 22:00:09.000,714795754.0,5338013.0,1451561336.0,1257630000.0,original,228.0,original,228.0,original,230.0,original,4.0,original,0.0,gap_too_large,4.0,original,49.94,original,0.8664999999999999,original,714795754.0,original,5338013.0,original,1451561336.0,original,-121.0,original
888617.0,22.0,2024-02-15 00:00:00,WITEL_CHILLER,1257670000.0,229.0,230.0,232.0,4.0,0.0,4.0,49.98,0.8679999999999999,2024-02-15 00:10:10.000,2024-02-15 00:10:10.000,2024-02-15 00:10:10.000,714807389.0,5343206.0,1451598117.0,1257670000.0,original,229.0,original,230.0,original,232.0,original,4.0,original,0.0,gap_too_large,4.0,original,49.98,original,0.8679999999999999,original,714807389.0,original,5343206.0,original,1451598117.0,original,-123.0,original
888955.0,22.0,2024-02-15 02:00:00,WITEL_CHILLER,1257690000.0,227.0,228.0,230.0,4.0,0.0,4.0,49.95,0.8669999999999999,2024-02-15 02:00:05.000,2024-02-15 02:00:05.000,2024-02-15 02:00:05.000,714817107.0,5347590.0,1451628936.0,1257690000.0,original,227.0,original,228.0,original,230.0,original,4.0,original,0.0,gap_too_large,4.0,original,49.95,original,0.8669999999999999,original,714817107.0,original,5347590.0,original,1451628936.0,original,-111.0,original
889320.0,22.0,2024-02-15 04:00:00,WITEL_CHILLER,1257720000.0,228.0,229.0,231.0,4.0,0.0,4.0,50.04,0.8665999999999999,2024-02-15 04:00:08.000,2024-02-15 04:00:08.000,2024-02-15 04:00:08.000,714827782.0,5352381.0,1451662747.0,1257720000.0,original,228.0,original,229.0,original,231.0,original,4.0,original,0.0,gap_too_large,4.0,original,50.04,original,0.8665999999999999,original,714827782.0,original,5352381.0,original,1451662747.0,original,-111.0,original
889707.0,22.0,2024-02-15 06:00:00,WITEL_CHILLER,1257750000.0,227.0,228.0,229.0,4.0,0.0,4.0,49.98,0.8683,2024-02-15 06:10:06.000,2024-02-15 06:10:06.000,2024-02-15 06:10:06.000,714839216.0,5357565.0,1451699038.0,1257750000.0,original,227.0,original,228.0,original,229.0,original,4.0,original,0.0,gap_too_large,4.0,original,49.98,original,0.8683,original,714839216.0,original,5357565.0,original,1451699038.0,original,-106.0,original
890008.0,22.0,2024-02-15 08:00:00,WITEL_CHILLER,1257780000.0,225.0,226.0,227.0,4.0,392.0,4.0,49.95,0.8702,2024-02-15 08:00:04.000,2024-02-15 08:00:04.000,2024-02-15 08:00:04.000,714848707.0,5361942.0,1451729275.0,1257780000.0,original,225.0,original,226.0,original,227.0,original,4.0,original,392.0,original,4.0,original,49.95,original,0.8702,original,714848707.0,original,5361942.0,original,1451729275.0,original,-109.0,original
890366.0,22.0,2024-02-15 10:00:00,WITEL_CHILLER,1260950000.0,220.0,222.0,223.0,341.0,361.0,364.0,50.01,0.8697999999999999,2024-02-15 10:10:06.000,2024-02-15 10:10:06.000,2024-02-15 10:10:06.000,716670461.0,5363334.0,1455393461.0,1260950000.0,original,220.0,original,222.0,original,223.0,original,341.0,original,361.0,original,364.0,original,50.01,original,0.8697999999999999,original,716670461.0,original,5363334.0,original,1455393461.0,original,-109.0,original
890735.0,22.0,2024-02-15 12:00:00,WITEL_CHILLER,1265460000.0,222.0,224.0,226.0,344.0,364.0,370.0,50.01,0.8658999999999999,2024-02-15 12:20:11.000,2024-02-15 12:20:11.000,2024-02-15 12:20:11.000,719215661.0,5363334.0,1460569038.0,1265460000.0,original,222.0,original,224.0,original,226.0,original,344.0,original,364.0,original,370.0,original,50.01,original,0.8658999999999999,original,719215661.0,original,5363334.0,original,1460569038.0,original,-117.0,original
891013.0,22.0,2024-02-15 14:00:00,WITEL_CHILLER,1268930000.0,218.0,220.0,222.0,355.0,374.0,378.0,50.04,0.8744,2024-02-15 14:00:13.000,2024-02-15 14:00:13.000,2024-02-15 14:00:13.000,721179216.0,5363334.0,1464560849.0,1268930000.0,original,218.0,original,220.0,original,222.0,original,355.0,original,374.0,original,378.0,original,50.04,original,0.8744,original,721179216.0,original,5363334.0,original,1464560849.0,original,-109.0,original
891385.0,22.0,2024-02-15 16:00:00,WITEL_CHILLER,1271870000.0,227.0,228.0,230.0,4.0,0.0,4.0,50.05,0.8693,2024-02-15 16:10:07.000,2024-02-15 16:10:07.000,2024-02-15 16:10:07.000,722823443.0,5363830.0,1467928533.0,1271870000.0,original,227.0,original,228.0,original,230.0,original,4.0,original,0.0,gap_too_large,4.0,original,50.05,original,0.8693,original,722823443.0,original,5363830.0,original,1467928533.0,original,-109.0,original
891698.0,22.0,2024-02-15 18:00:00,WITEL_CHILLER,1271890000.0,230.0,230.0,232.0,4.0,0.0,4.0,50.1,0.8693,2024-02-15 18:00:06.000,2024-02-15 18:00:06.000,2024-02-15 18:00:06.000,722833277.0,5368218.0,1467959573.0,1271890000.0,original,230.0,original,230.0,original,232.0,original,4.0,original,0.0,gap_too_large,4.0,original,50.1,original,0.8693,original,722833277.0,original,5368218.0,original,1467959573.0,original,-111.0,original
892057.0,22.0,2024-02-15 20:00:00,WITEL_CHILLER,1271920000.0,230.0,231.0,232.0,4.0,0.0,4.0,50.02,0.8663,2024-02-15 20:10:07.000,2024-02-15 20:10:07.000,2024-02-15 20:10:07.000,722845072.0,5373418.0,1467996667.0,1271920000.0,original,230.0,original,231.0,original,232.0,original,4.0,original,0.0,gap_too_large,4.0,original,50.02,original,0.8663,original,722845072.0,original,5373418.0,original,1467996667.0,original,-108.0,original
892386.0,22.0,2024-02-15 22:00:00,WITEL_CHILLER,1271950000.0,230.0,230.0,232.0,4.0,0.0,4.0,49.92,0.8692,2024-02-15 22:10:06.000,2024-02-15 22:10:06.000,2024-02-15 22:10:06.000,722855968.0,5378211.0,1468030949.0,1271950000.0,original,230.0,original,230.0,original,232.0,original,4.0,original,0.0,gap_too_large,4.0,original,49.92,original,0.8692,original,722855968.0,original,5378211.0,original,1468030949.0,original,-110.0,original
892730.0,22.0,2024-02-16 00:00:00,WITEL_CHILLER,1271980000.0,230.0,230.0,232.0,4.0,0.0,4.0,49.93,0.8665999999999999,2024-02-16 00:10:11.000,2024-02-16 00:10:11.000,2024-02-16 00:10:11.000,722866851.0,5383005.0,1468065211.0,1271980000.0,original,230.0,original,230.0,original,232.0,original,4.0,original,0.0,gap_too_large,4.0,original,49.93,original,0.8665999999999999,original,722866851.0,original,5383005.0,original,1468065211.0,original,-111.0,original
893053.0,22.0,2024-02-16 02:00:00,WITEL_CHILLER,1272010000.0,230.0,231.0,233.0,4.0,0.0,4.0,50.04,0.8678999999999999,2024-02-16 02:10:05.000,2024-02-16 02:10:05.000,2024-02-16 02:10:05.000,722877821.0,5387795.0,1468099681.0,1272010000.0,original,230.0,original,231.0,original,233.0,original,4.0,original,0.0,gap_too_large,4.0,original,50.04,original,0.8678999999999999,original,722877821.0,original,5387795.0,original,1468099681.0,original,-97.0,original
893362.0,22.0,2024-02-16 04:00:00,WITEL_CHILLER,1272040000.0,230.0,231.0,232.0,4.0,0.0,4.0,50.08,0.8692,2024-02-16 04:00:09.000,2024-02-16 04:00:09.000,2024-02-16 04:00:09.000,722887811.0,5392189.0,1468131121.0,1272040000.0,original,230.0,original,231.0,original,232.0,original,4.0,original,0.0,gap_too_large,4.0,original,50.08,original,0.8692,original,722887811.0,original,5392189.0,original,1468131121.0,original,-113.0,original
893713.0,22.0,2024-02-16 06:00:00,WITEL_CHILLER,1272070000.0,226.0,227.0,228.0,4.0,0.0,4.0,50.03,0.8693,2024-02-16 06:10:08.000,2024-02-16 06:10:08.000,2024-02-16 06:10:08.000,722899459.0,5397376.0,1468167886.0,1272070000.0,original,226.0,original,227.0,original,228.0,original,4.0,original,0.0,gap_too_large,4.0,original,50.03,original,0.8693,original,722899459.0,original,5397376.0,original,1468167886.0,original,-107.0,original
894010.0,22.0,2024-02-16 08:00:00,WITEL_CHILLER,1272100000.0,226.0,227.0,228.0,4.0,371.0,4.0,50.02,0.8660999999999999,2024-02-16 08:00:08.000,2024-02-16 08:00:08.000,2024-02-16 08:00:08.000,722908989.0,5401754.0,1468198184.0,1272100000.0,original,226.0,original,227.0,original,228.0,original,4.0,original,371.0,original,4.0,original,50.02,original,0.8660999999999999,original,722908989.0,original,5401754.0,original,1468198184.0,original,-111.0,original
894320.0,22.0,2024-02-16 10:00:00,WITEL_CHILLER,1274870000.0,220.0,222.0,224.0,335.0,355.0,358.0,49.99,0.8678999999999999,2024-02-16 10:00:07.000,2024-02-16 10:00:07.000,2024-02-16 10:00:07.000,724491277.0,5403200.0,1471392513.0,1274870000.0,original,220.0,original,222.0,original,224.0,original,335.0,original,355.0,original,358.0,original,49.99,original,0.8678999999999999,original,724491277.0,original,5403200.0,original,1471392513.0,original,-111.0,original
894680.0,22.0,2024-02-16 12:00:00,WITEL_CHILLER,1279040000.0,225.0,226.0,228.0,186.0,190.0,197.0,49.97,0.8689999999999999,2024-02-16 12:20:09.000,2024-02-16 12:20:09.000,2024-02-16 12:20:09.000,726902630.0,5403200.0,1476210910.0,1279040000.0,original,225.0,original,226.0,original,228.0,original,186.0,original,190.0,original,197.0,original,49.97,original,0.8689999999999999,original,726902630.0,original,5403200.0,original,1476210910.0,original,-109.0,original
894988.0,22.0,2024-02-16 14:00:00,WITEL_CHILLER,1281360000.0,221.0,223.0,224.0,198.0,204.0,209.0,50.03,0.8788999999999999,2024-02-16 14:20:09.000,2024-02-16 14:20:09.000,2024-02-16 14:20:09.000,728186474.0,5403200.0,1478862549.0,1281360000.0,original,221.0,original,223.0,original,224.0,original,198.0,original,204.0,original,209.0,original,50.03,original,0.8788999999999999,original,728186474.0,original,5403200.0,original,1478862549.0,original,-109.0,original
895265.0,22.0,2024-02-16 16:00:00,WITEL_CHILLER,1282820000.0,226.0,227.0,228.0,3.0,204.0,4.0,50.05,0.8686999999999999,2024-02-16 16:00:03.000,2024-02-16 16:00:03.000,2024-02-16 16:00:03.000,728985466.0,5403200.0,1480527230.0,1282820000.0,original,226.0,original,227.0,original,228.0,original,3.0,original,204.0,interpolated,4.0,original,50.05,original,0.8686999999999999,original,728985466.0,original,5403200.0,original,1480527230.0,original,-110.0,original
