id_id,id_n_id,id_time,id_meter_id,id_stand_energy_kirim,id_v1,id_v2,id_v3,id_i1,id_i2,id_i3,id_frequency,id_power_factor,id_create_date,updated_at,created_at,reactive_energy_import,reactive_energy_export,apparent_energy_import,id_v1,id_v1_status,id_v2,id_v2_status,id_v3,id_v3_status,id_i1,id_i1_status,id_i2,id_i2_status,id_i3,id_i3_status,id_frequency,id_frequency_status,id_power_factor,id_power_factor_status,reactive_energy_import,reactive_energy_import_status,reactive_energy_export,reactive_energy_export_status,apparent_energy_import,apparent_energy_import_status,id_stand_energy_kirim,id_stand_energy_kirim_status,rssi,rssi_status
604993.0,22.0,2024-01-01 00:00:00,OPMC_LIFT,893038000.0,229.0,229.0,231.0,4.0,0.0,4.0,49.98,0.8674999999999999,2024-01-01 00:00:15.000,2024-01-01 00:00:15.000,2024-01-01 00:00:15.000,504937597.0,3274874.0,1029184270.0,229.0,original,229.0,original,231.0,original,4.0,original,0.0,gap_too_large,4.0,original,49.98,original,0.8674999999999999,original,504937597.0,original,3274874.0,original,1029184270.0,original,893038000.0,original,-106.0,original
605073.0,22.0,2024-01-01 00:30:00,OPMC_LIFT,893046000.0,229.0,230.0,231.0,4.0,0.0,4.0,50.0,0.8688999999999999,2024-01-01 00:30:15.000,2024-01-01 00:30:15.000,2024-01-01 00:30:15.000,504940288.0,3276074.0,1029192785.0,229.0,original,230.0,original,231.0,original,4.0,original,0.0,gap_too_large,4.0,original,50.0,original,0.8688999999999999,original,504940288.0,original,3276074.0,original,1029192785.0,original,893046000.0,original,-107.0,original
605185.0,22.0,2024-01-01 01:00:00,OPMC_LIFT,893056000.0,229.0,230.0,232.0,4.0,0.0,4.0,49.99,0.8686999999999999,2024-01-01 01:10:30.000,2024-01-01 01:10:30.000,2024-01-01 01:10:30.000,504943891.0,3277674.0,1029204177.0,229.0,original,230.0,original,232.0,original,4.0,original,0.0,gap_too_large,4.0,original,49.99,original,0.8686999999999999,original,504943891.0,original,3277674.0,original,1029204177.0,original,893056000.0,original,-107.0,original
605255.0,22.0,2024-01-01 01:30:00,OPMC_LIFT,893063000.0,229.0,230.0,232.0,4.0,0.0,4.0,50.01,0.8684,2024-01-01 01:40:11.000,2024-01-01 01:40:11.000,2024-01-01 01:40:11.000,504946598.0,3278877.0,1029212728.0,229.0,original,230.0,original,232.0,original,4.0,original,0.0,gap_too_large,4.0,original,50.01,original,0.8684,original,504946598.0,original,3278877.0,original,1029212728.0,original,893063000.0,original,-108.0,original
605311.0,22.0,2024-01-01 02:00:00,OPMC_LIFT,893068000.0,230.0,230.0,232.0,4.0,0.0,4.0,49.98,0.8674999999999999,2024-01-01 02:00:16.000,2024-01-01 02:00:16.000,2024-01-01 02:00:16.000,504948410.0,3279677.0,1029218446.0,230.0,original,230.0,original,232.0,original,4.0,original,0.0,gap_too_large,4.0,original,49.98,original,0.8674999999999999,original,504948410.0,original,3279677.0,original,1029218446.0,original,893068000.0,original,-101.0,original
605413.0,22.0,2024-01-01 02:30:00,OPMC_LIFT,893078000.0,230.0,231.0,232.0,4.0,0.0,4.0,50.03,0.8674999999999999,2024-01-01 02:40:16.000,2024-01-01 02:40:16.000,2024-01-01 02:40:16.000,504952045.0,3281280.0,1029229912.0,230.0,original,231.0,original,232.0,original,4.0,original,0.0,gap_too_large,4.0,original,50.03,original,0.8674999999999999,original,504952045.0,original,3281280.0,original,1029229912.0,original,893078000.0,original,-102.0,original
605523.0,22.0,2024-01-01 03:00:00,OPMC_LIFT,893088000.0,228.0,228.0,230.0,4.0,0.0,4.0,50.04,0.8668999999999999,2024-01-01 03:20:17.000,2024-01-01 03:20:17.000,2024-01-01 03:20:17.000,504955690.0,3282883.0,1029241400.0,228.0,original,228.0,original,230.0,original,4.0,original,0.0,gap_too_large,4.0,original,50.04,original,0.8668999999999999,original,504955690.0,original,3282883.0,original,1029241400.0,original,893088000.0,original,-108.0,original
605549.0,22.0,2024-01-01 03:30:00,OPMC_LIFT,893090000.0,228.0,228.0,230.0,4.0,0.0,4.0,50.0,0.8666999999999999,2024-01-01 03:30:15.000,2024-01-01 03:30:15.000,2024-01-01 03:30:15.000,504956579.0,3283283.0,1029244222.0,228.0,original,228.0,original,230.0,original,4.0,original,0.0,gap_too_large,4.0,original,50.0,original,0.8666999999999999,original,504956579.0,original,3283283.0,original,1029244222.0,original,893090000.0,original,-109.0,original
605658.0,22.0,2024-01-01 04:00:00,OPMC_LIFT,893100000.0,228.0,229.0,230.0,4.0,0.0,4.0,50.01,0.8683,2024-01-01 04:10:18.000,2024-01-01 04:10:18.000,2024-01-01 04:10:18.000,504960134.0,3284883.0,1029255499.0,228.0,original,229.0,original,230.0,original,4.0,original,0.0,gap_too_large,4.0,original,50.01,original,0.8683,original,504960134.0,original,3284883.0,original,1029255499.0,original,893100000.0,original,-111.0,original
605739.0,22.0,2024-01-01 04:30:00,OPMC_LIFT,893108000.0,228.0,229.0,231.0,4.0,0.0,4.0,50.08,0.8696999999999999,2024-01-01 04:40:16.000,2024-01-01 04:40:16.000,2024-01-01 04:40:16.000,504962803.0,3286083.0,1029263966.0,228.0,original,229.0,original,231.0,original,4.0,original,0.0,gap_too_large,4.0,original,50.08,original,0.8696999999999999,original,504962803.0,original,3286083.0,original,1029263966.0,original,893108000.0,original,-123.0,original
605812.0,22.0,2024-01-01 05:00:00,OPMC_LIFT,893115000.0,228.0,228.0,230.0,4.0,0.0,4.0,49.97,0.8685999999999999,2024-01-01 05:10:13.000,2024-01-01 05:10:13.000,2024-01-01 05:10:13.000,504965469.0,3287286.0,1029272427.0,228.0,original,228.0,original,230.0,original,4.0,original,0.0,gap_too_large,4.0,original,49.97,original,0.8685999999999999,original,504965469.0,original,3287286.0,original,1029272427.0,original,893115000.0,original,-109.0,original
605894.0,22.0,2024-01-01 05:30:00,OPMC_LIFT,893122000.0,228.0,228.0,230.0,4.0,0.0,4.0,50.0,0.8683,2024-01-01 05:40:13.000,2024-01-01 05:40:13.000,2024-01-01 05:40:13.000,504968122.0,3288486.0,1029280846.0,228.0,original,228.0,original,230.0,original,4.0,original,0.0,gap_too_large,4.0,original,50.0,original,0.8683,original,504968122.0,original,3288486.0,original,1029280846.0,original,893122000.0,original,-119.0,original
605950.0,22.0,2024-01-01 06:00:00,OPMC_LIFT,893127000.0,228.0,228.0,230.0,4.0,0.0,4.0,50.05,0.8718999999999999,2024-01-01 06:00:12.000,2024-01-01 06:00:12.000,2024-01-01 06:00:12.000,504969888.0,3289286.0,1029286459.0,228.0,original,228.0,original,230.0,original,4.0,original,0.0,gap_too_large,4.0,original,50.05,original,0.8718999999999999,original,504969888.0,original,3289286.0,original,1029286459.0,original,893127000.0,original,-108.0,original
606031.0,22.0,2024-01-01 06:30:00,OPMC_LIFT,893134000.0,227.0,228.0,229.0,4.0,0.0,4.0,50.02,0.8676999999999999,2024-01-01 06:30:12.000,2024-01-01 06:30:12.000,2024-01-01 06:30:12.000,504972531.0,3290486.0,1029294856.0,227.0,original,228.0,original,229.0,original,4.0,original,0.0,gap_too_large,4.0,original,50.02,original,0.8676999999999999,original,504972531.0,original,3290486.0,original,1029294856.0,original,893134000.0,original,-100.0,original
606117.0,22.0,2024-01-01 07:00:00,OPMC_LIFT,893142000.0,227.0,228.0,229.0,4.0,0.0,4.0,50.05,0.8700999999999999,2024-01-01 07:00:18.000,2024-01-01 07:00:18.000,2024-01-01 07:00:18.000,504975168.0,3291686.0,1029303246.0,227.0,original,228.0,original,229.0,original,4.0,original,0.0,gap_too_large,4.0,original,50.05,original,0.8700999999999999,original,504975168.0,original,3291686.0,original,1029303246.0,original,893142000.0,original,-109.0,original
606243.0,22.0,2024-01-01 07:30:00,OPMC_LIFT,893154000.0,227.0,228.0,229.0,4.0,0.0,4.0,50.01,0.8684999999999999,2024-01-01 07:50:16.000,2024-01-01 07:50:16.000,2024-01-01 07:50:16.000,504979562.0,3293690.0,1029317208.0,227.0,original,228.0,original,229.0,original,4.0,original,0.0,gap_too_large,4.0,original,50.01,original,0.8684999999999999,original,504979562.0,original,3293690.0,original,1029317208.0,original,893154000.0,original,-102.0,original
606313.0,22.0,2024-01-01 08:00:00,OPMC_LIFT,893161000.0,226.0,227.0,229.0,4.0,0.0,4.0,50.01,0.8684999999999999,2024-01-01 08:20:16.000,2024-01-01 08:20:16.000,2024-01-01 08:20:16.000,504982186.0,3294890.0,1029325557.0,226.0,original,227.0,original,229.0,original,4.0,original,0.0,gap_too_large,4.0,original,50.01,original,0.8684999999999999,original,504982186.0,original,3294890.0,original,1029325557.0,original,893161000.0,original,-121.0,original
606337.0,22.0,2024-01-01 08:30:00,OPMC_LIFT,893163000.0,226.0,227.0,229.0,4.0,0.0,4.0,49.98,0.8693,2024-01-01 08:30:15.000,2024-01-01 08:30:15.000,2024-01-01 08:30:15.000,504983059.0,3295290.0,1029328334.0,226.0,original,227.0,original,229.0,original,4.0,original,0.0,gap_too_large,4.0,original,49.98,original,0.8693,original,504983059.0,original,3295290.0,original,1029328334.0,original,893163000.0,original,-109.0,original
606415.0,22.0,2024-01-01 09:00:00,OPMC_LIFT,893171000.0,226.0,226.0,228.0,4.0,0.0,4.0,49.97,0.8690999999999999,2024-01-01 09:00:14.000,2024-01-01 09:00:14.000,2024-01-01 09:00:14.000,504985664.0,3296486.0,1029336632.0,226.0,original,226.0,original,228.0,original,4.0,original,0.0,gap_too_large,4.0,original,49.97,original,0.8690999999999999,original,504985664.0,original,3296486.0,original,1029336632.0,original,893171000.0,original,-108.0,original
606525.0,22.0,2024-01-01 09:30:00,OPMC_LIFT,893180000.0,225.0,225.0,227.0,4.0,0.0,4.0,50.01,0.8692,2024-01-01 09:40:15.000,2024-01-01 09:40:15.000,2024-01-01 09:40:15.000,504989110.0,3298080.0,1029347630.0,225.0,original,225.0,original,227.0,original,4.0,original,0.0,gap_too_large,4.0,original,50.01,original,0.8692,original,504989110.0,original,3298080.0,original,1029347630.0,original,893180000.0,original,-108.0,original
606525.0,,2024-01-01 10:00:00,OPMC_LIFT,893186000.0,225.5,226.0,227.5,4.0,0.0,4.0,50.004999999999995,0.8694,,,,504991276.5,3299075.0,1029354531.0,225.5,interpolated,226.0,interpolated,227.5,interpolated,4.0,interpolated,0.0,gap_too_large,4.0,interpolated,50.004999999999995,interpolated,0.8694,interpolated,504991276.5,interpolated,3299075.0,interpolated,1029354531.0,interpolated,893186000.0,interpolated,-104.0,interpolated
606650.0,22.0,2024-01-01 10:30:00,OPMC_LIFT,893192000.0,226.0,227.0,228.0,4.0,0.0,4.0,50.0,0.8695999999999999,2024-01-01 10:30:13.000,2024-01-01 10:30:13.000,2024-01-01 10:30:13.000,504993443.0,3300070.0,1029361432.0,226.0,original,227.0,original,228.0,original,4.0,original,0.0,gap_too_large,4.0,original,50.0,original,0.8695999999999999,original,504993443.0,original,3300070.0,original,1029361432.0,original,893192000.0,original,-100.0,original
606734.0,22.0,2024-01-01 11:00:00,OPMC_LIFT,893199000.0,226.0,227.0,228.0,4.0,0.0,4.0,50.01,0.8688999999999999,2024-01-01 11:00:17.000,2024-01-01 11:00:17.000,2024-01-01 11:00:17.000,504996051.0,3301267.0,1029369720.0,226.0,original,227.0,original,228.0,original,4.0,original,0.0,gap_too_large,4.0,original,50.01,original,0.8688999999999999,original,504996051.0,original,3301267.0,original,1029369720.0,original,893199000.0,original,-102.0,original
606809.0,22.0,2024-01-01 11:30:00,OPMC_LIFT,893207000.0,226.0,227.0,228.0,4.0,0.0,4.0,50.03,0.8680999999999999,2024-01-01 11:30:15.000,2024-01-01 11:30:15.000,2024-01-01 11:30:15.000,504998650.0,3302461.0,1029378001.0,226.0,original,227.0,original,228.0,original,4.0,original,0.0,gap_too_large,4.0,original,50.03,original,0.8680999999999999,original,504998650.0,original,3302461.0,original,1029378001.0,original,893207000.0,original,-99.0,original
606889.0,22.0,2024-01-01 12:00:00,OPMC_LIFT,893214000.0,226.0,226.0,228.0,4.0,0.0,4.0,50.01,0.8714,2024-01-01 12:00:13.000,2024-01-01 12:00:13.000,2024-01-01 12:00:13.000,505001248.0,3303654.0,1029386273.0,226.0,original,226.0,original,228.0,original,4.0,original,0.0,gap_too_large,4.0,original,50.01,original,0.8714,original,505001248.0,original,3303654.0,original,1029386273.0,original,893214000.0,original,-101.0,original
606957.0,22.0,2024-01-01 12:30:00,OPMC_LIFT,893221000.0,226.0,227.0,228.0,4.0,0.0,4.0,49.98,0.8688999999999999,2024-01-01 12:30:14.000,2024-01-01 12:30:14.000,2024-01-01 12:30:14.000,505003846.0,3304848.0,1029394545.0,226.0,original,227.0,original,228.0,original,4.0,original,0.0,gap_too_large,4.0,original,49.98,original,0.8688999999999999,original,505003846.0,original,3304848.0,original,1029394545.0,original,893221000.0,original,-106.0,original
607064.0,22.0,2024-01-01 13:00:00,OPMC_LIFT,893231000.0,226.0,226.0,228.0,4.0,0.0,4.0,49.95,0.8689999999999999,2024-01-01 13:10:14.000,2024-01-01 13:10:14.000,2024-01-01 13:10:14.000,505007309.0,3306438.0,1029405576.0,226.0,original,226.0,original,228.0,original,4.0,original,0.0,gap_too_large,4.0,original,49.95,original,0.8689999999999999,original,505007309.0,original,3306438.0,original,1029405576.0,original,893231000.0,original,-105.0,original
607161.0,22.0,2024-01-01 13:30:00,OPMC_LIFT,893240000.0,225.0,226.0,228.0,4.0,0.0,4.0,49.95,0.8686999999999999,2024-01-01 13:50:11.000,2024-01-01 13:50:11.000,2024-01-01 13:50:11.000,505010765.0,3308029.0,1029416581.0,225.0,original,226.0,original,228.0,original,4.0,original,0.0,gap_too_large,4.0,original,49.95,original,0.8686999999999999,original,505010765.0,original,3308029.0,original,1029416581.0,original,893240000.0,original,-105.0,original
607217.0,22.0,2024-01-01 14:00:00,OPMC_LIFT,893245000.0,225.0,226.0,228.0,4.0,0.0,4.0,49.99,0.8670999999999999,2024-01-01 14:10:17.000,2024-01-01 14:10:17.000,2024-01-01 14:10:17.000,505012490.0,3308826.0,1029422078.0,225.0,original,226.0,original,228.0,original,4.0,original,0.0,gap_too_large,4.0,original,49.99,original,0.8670999999999999,original,505012490.0,original,3308826.0,original,1029422078.0,original,893245000.0,original,-120.0,original
607303.0,22.0,2024-01-01 14:30:00,OPMC_LIFT,893252000.0,226.0,226.0,228.0,4.0,0.0,4.0,49.98,0.8682,2024-01-01 14:40:16.000,2024-01-01 14:40:16.000,2024-01-01 14:40:16.000,505015075.0,3310019.0,1029430325.0,226.0,original,226.0,original,228.0,original,4.0,original,0.0,gap_too_large,4.0,original,49.98,original,0.8682,original,505015075.0,original,3310019.0,original,1029430325.0,original,893252000.0,original,-107.0,original
607384.0,22.0,2024-01-01 15:00:00,OPMC_LIFT,893259000.0,226.0,226.0,228.0,4.0,0.0,4.0,50.01,0.8683,2024-01-01 15:10:15.000,2024-01-01 15:10:15.000,2024-01-01 15:10:15.000,505017667.0,3311213.0,1029438577.0,226.0,original,226.0,original,228.0,original,4.0,original,0.0,gap_too_large,4.0,original,50.01,original,0.8683,original,505017667.0,original,3311213.0,original,1029438577.0,original,893259000.0,original,-107.0,original
607437.0,22.0,2024-01-01 15:30:00,OPMC_LIFT,893264000.0,225.0,226.0,228.0,4.0,0.0,4.0,49.97,0.8690999999999999,2024-01-01 15:30:13.000,2024-01-01 15:30:13.000,2024-01-01 15:30:13.000,505019392.0,3312006.0,1029444078.0,225.0,original,226.0,original,228.0,original,4.0,original,0.0,gap_too_large,4.0,original,49.97,original,0.8690999999999999,original,505019392.0,original,3312006.0,original,1029444078.0,original,893264000.0,original,-97.0,original
607511.0,22.0,2024-01-01 16:00:00,OPMC_LIFT,893271000.0,225.0,226.0,227.0,4.0,0.0,4.0,49.95,0.8690999999999999,2024-01-01 16:00:14.000,2024-01-01 16:00:14.000,2024-01-01 16:00:14.000,505021978.0,3313197.0,1029452318.0,225.0,original,226.0,original,227.0,original,4.0,original,0.0,gap_too_large,4.0,original,49.95,original,0.8690999999999999,original,505021978.0,original,3313197.0,original,1029452318.0,original,893271000.0,original,-108.0,original
607643.0,22.0,2024-01-01 16:30:00,OPMC_LIFT,893283000.0,226.0,226.0,228.0,4.0,0.0,4.0,50.01,0.8659999999999999,2024-01-01 16:50:11.000,2024-01-01 16:50:11.000,2024-01-01 16:50:11.000,505026288.0,3315190.0,1029466065.0,226.0,original,226.0,original,228.0,original,4.0,original,0.0,gap_too_large,4.0,original,50.01,original,0.8659999999999999,original,505026288.0,original,3315190.0,original,1029466065.0,original,893283000.0,original,-100.0,original
607675.0,22.0,2024-01-01 17:00:00,OPMC_LIFT,893286000.0,226.0,226.0,228.0,4.0,0.0,4.0,50.03,0.8683,2024-01-01 17:00:15.000,2024-01-01 17:00:15.000,2024-01-01 17:00:15.000,505027149.0,3315587.0,1029468811.0,226.0,original,226.0,original,228.0,original,4.0,original,0.0,gap_too_large,4.0,original,50.03,original,0.8683,original,505027149.0,original,3315587.0,original,1029468811.0,original,893286000.0,original,-108.0,original
607755.0,22.0,2024-01-01 17:30:00,OPMC_LIFT,893293000.0,225.0,226.0,227.0,4.0,0.0,4.0,50.02,0.8674,2024-01-01 17:30:14.000,2024-01-01 17:30:14.000,2024-01-01 17:30:14.000,505029731.0,3316781.0,1029477051.0,225.0,original,226.0,original,227.0,original,4.0,original,0.0,gap_too_large,4.0,original,50.02,original,0.8674,original,505029731.0,original,3316781.0,original,1029477051.0,original,893293000.0,original,-100.0,original
607833.0,22.0,2024-01-01 18:00:00,OPMC_LIFT,893300000.0,225.0,225.0,227.0,4.0,0.0,3.0,50.0,0.8686999999999999,2024-01-01 18:00:15.000,2024-01-01 18:00:15.000,2024-01-01 18:00:15.000,505032301.0,3317974.0,1029485262.0,225.0,original,225.0,original,227.0,original,4.0,original,0.0,gap_too_large,3.0,original,50.0,original,0.8686999999999999,original,505032301.0,original,3317974.0,original,1029485262.0,original,893300000.0,original,-123.0,original
607919.0,22.0,2024-01-01 18:30:00,OPMC_LIFT,893307000.0,227.0,228.0,229.0,4.0,0.0,4.0,49.98,0.8687999999999999,2024-01-01 18:30:17.000,2024-01-01 18:30:17.000,2024-01-01 18:30:17.000,505034906.0,3319165.0,1029493553.0,227.0,original,228.0,original,229.0,original,4.0,original,0.0,gap_too_large,4.0,original,49.98,original,0.8687999999999999,original,505034906.0,original,3319165.0,original,1029493553.0,original,893307000.0,original,-103.0,original
607986.0,22.0,2024-01-01 19:00:00,OPMC_LIFT,893314000.0,227.0,228.0,229.0,4.0,0.0,4.0,49.99,0.8695999999999999,2024-01-01 19:00:10.000,2024-01-01 19:00:10.000,2024-01-01 19:00:10.000,505037542.0,3320358.0,1029501925.0,227.0,original,228.0,original,229.0,original,4.0,original,0.0,gap_too_large,4.0,original,49.99,original,0.8695999999999999,original,505037542.0,original,3320358.0,original,1029501925.0,original,893314000.0,original,-120.0,original
608077.0,22.0,2024-01-01 19:30:00,OPMC_LIFT,893322000.0,227.0,228.0,229.0,4.0,0.0,4.0,50.03,0.8678999999999999,2024-01-01 19:30:13.000,2024-01-01 19:30:13.000,2024-01-01 19:30:13.000,505040179.0,3321552.0,1029510302.0,227.0,original,228.0,original,229.0,original,4.0,original,0.0,gap_too_large,4.0,original,50.03,original,0.8678999999999999,original,505040179.0,original,3321552.0,original,1029510302.0,original,893322000.0,original,-123.0,original
608175.0,22.0,2024-01-01 20:00:00,OPMC_LIFT,893331000.0,227.0,228.0,230.0,4.0,0.0,4.0,50.02,0.8684,2024-01-01 20:10:12.000,2024-01-01 20:10:12.000,2024-01-01 20:10:12.000,505043699.0,3323146.0,1029521477.0,227.0,original,228.0,original,230.0,original,4.0,original,0.0,gap_too_large,4.0,original,50.02,original,0.8684,original,505043699.0,original,3323146.0,original,1029521477.0,original,893331000.0,original,-123.0,original
608230.0,22.0,2024-01-01 20:30:00,OPMC_LIFT,893336000.0,227.0,228.0,229.0,4.0,0.0,4.0,49.99,0.8674,2024-01-01 20:30:15.000,2024-01-01 20:30:15.000,2024-01-01 20:30:15.000,505045462.0,3323942.0,1029527070.0,227.0,original,228.0,original,229.0,original,4.0,original,0.0,gap_too_large,4.0,original,49.99,original,0.8674,original,505045462.0,original,3323942.0,original,1029527070.0,original,893336000.0,original,-121.0,original
608311.0,22.0,2024-01-01 21:00:00,OPMC_LIFT,893343000.0,227.0,228.0,230.0,4.0,0.0,4.0,49.98,0.8714999999999999,2024-01-01 21:00:12.000,2024-01-01 21:00:12.000,2024-01-01 21:00:12.000,505048106.0,3325142.0,1029535457.0,227.0,original,228.0,original,230.0,original,4.0,original,0.0,gap_too_large,4.0,original,49.98,original,0.8714999999999999,original,505048106.0,original,3325142.0,original,1029535457.0,original,893343000.0,original,-106.0,original
608391.0,22.0,2024-01-01 21:30:00,OPMC_LIFT,893351000.0,228.0,228.0,230.0,4.0,0.0,4.0,49.99,0.8703,2024-01-01 21:30:11.000,2024-01-01 21:30:11.000,2024-01-01 21:30:11.000,505050765.0,3326339.0,1029543883.0,228.0,original,228.0,original,230.0,original,4.0,original,0.0,gap_too_large,4.0,original,49.99,original,0.8703,original,505050765.0,original,3326339.0,original,1029543883.0,original,893351000.0,original,-108.0,original
608502.0,22.0,2024-01-01 22:00:00,OPMC_LIFT,893361000.0,229.0,230.0,232.0,4.0,0.0,4.0,50.03,0.8696999999999999,2024-01-01 22:10:19.000,2024-01-01 22:10:19.000,2024-01-01 22:10:19.000,505054342.0,3327939.0,1029555208.0,229.0,original,230.0,original,232.0,original,4.0,original,0.0,gap_too_large,4.0,original,50.03,original,0.8696999999999999,original,505054342.0,original,3327939.0,original,1029555208.0,original,893361000.0,original,-121.0,original
608551.0,22.0,2024-01-01 22:30:00,OPMC_LIFT,893366000.0,229.0,230.0,232.0,4.0,0.0,4.0,50.01,0.8664,2024-01-01 22:30:16.000,2024-01-01 22:30:16.000,2024-01-01 22:30:16.000,505056147.0,3328736.0,1029560913.0,229.0,original,230.0,original,232.0,original,4.0,original,0.0,gap_too_large,4.0,original,50.01,original,0.8664,original,505056147.0,original,3328736.0,original,1029560913.0,original,893366000.0,original,-101.0,original
608630.0,22.0,2024-01-01 23:00:00,OPMC_LIFT,893373000.0,230.0,230.0,233.0,4.0,0.0,4.0,50.04,0.8682,2024-01-01 23:00:19.000,2024-01-01 23:00:19.000,2024-01-01 23:00:19.000,505058867.0,3329936.0,1029569493.0,230.0,original,230.0,original,233.0,original,4.0,original,0.0,gap_too_large,4.0,original,50.04,original,0.8682,original,505058867.0,original,3329936.0,original,1029569493.0,original,893373000.0,original,-121.0,original
608703.0,22.0,2024-01-01 23:30:00,OPMC_LIFT,893380000.0,228.0,228.0,230.0,4.0,0.0,4.0,50.03,0.8694999999999999,2024-01-01 23:30:15.000,2024-01-01 23:30:15.000,2024-01-01 23:30:15.000,505061523.0,3331136.0,1029577925.0,228.0,original,228.0,original,230.0,original,4.0,original,0.0,gap_too_large,4.0,original,50.03,original,0.8694999999999999,original,505061523.0,original,3331136.0,original,1029577925.0,original,893380000.0,original,-121.0,original
608777.0,22.0,2024-01-02 00:00:00,OPMC_LIFT,893388000.0,228.0,229.0,231.0,4.0,0.0,4.0,50.03,0.8694999999999999,2024-01-02 00:00:15.000,2024-01-02 00:00:15.000,2024-01-02 00:00:15.000,505064195.0,3332333.0,1029586392.0,228.0,original,229.0,original,231.0,original,4.0,original,0.0,gap_too_large,4.0,original,50.03,original,0.8694999999999999,original,505064195.0,original,3332333.0,original,1029586392.0,original,893388000.0,original,-102.0,original
608848.0,22.0,2024-01-02 00:30:00,OPMC_LIFT,893395000.0,228.0,229.0,231.0,4.0,0.0,4.0,50.03,0.8692,2024-01-02 00:30:13.000,2024-01-02 00:30:13.000,2024-01-02 00:30:13.000,505066877.0,3333533.0,1029594881.0,228.0,original,229.0,original,231.0,original,4.0,original,0.0,gap_too_large,4.0,original,50.03,original,0.8692,original,505066877.0,original,3333533.0,original,1029594881.0,original,893395000.0,original,-101.0,original
608918.0,22.0,2024-01-02 01:00:00,OPMC_LIFT,893402000.0,229.0,229.0,231.0,4.0,0.0,4.0,50.0,0.8683,2024-01-02 01:00:15.000,2024-01-02 01:00:15.000,2024-01-02 01:00:15.000,505069568.0,3334730.0,1029603397.0,229.0,original,229.0,original,231.0,original,4.0,original,0.0,gap_too_large,4.0,original,50.0,original,0.8683,original,505069568.0,original,3334730.0,original,1029603397.0,original,893402000.0,original,-118.0,original
608995.0,22.0,2024-01-02 01:30:00,OPMC_LIFT,893410000.0,229.0,229.0,231.0,4.0,0.0,4.0,50.01,0.8699999999999999,2024-01-02 01:30:13.000,2024-01-02 01:30:13.000,2024-01-02 01:30:13.000,505072259.0,3335930.0,1029611915.0,229.0,original,229.0,original,231.0,original,4.0,original,0.0,gap_too_large,4.0,original,50.01,original,0.8699999999999999,original,505072259.0,original,3335930.0,original,1029611915.0,original,893410000.0,original,-123.0,original
608995.0,,2024-01-02 02:00:00,OPMC_LIFT,893418500.0,229.0,229.5,231.5,4.0,0.0,4.0,50.01,0.8678999999999999,,,,505075414.5,3337330.0,1029621892.5,229.0,interpolated,229.5,interpolated,231.5,interpolated,4.0,interpolated,0.0,gap_too_large,4.0,interpolated,50.01,interpolated,0.8678999999999999,interpolated,505075414.5,interpolated,3337330.0,interpolated,1029621892.5,interpolated,893418500.0,interpolated,-115.5,interpolated
609166.0,22.0,2024-01-02 02:30:00,OPMC_LIFT,893427000.0,229.0,230.0,232.0,4.0,0.0,4.0,50.01,0.8657999999999999,2024-01-02 02:40:12.000,2024-01-02 02:40:12.000,2024-01-02 02:40:12.000,505078570.0,3338730.0,1029631870.0,229.0,original,230.0,original,232.0,original,4.0,original,0.0,gap_too_large,4.0,original,50.01,original,0.8657999999999999,original,505078570.0,original,3338730.0,original,1029631870.0,original,893427000.0,original,-108.0,original
609242.0,22.0,2024-01-02 03:00:00,OPMC_LIFT,893435000.0,230.0,230.0,232.0,4.0,0.0,4.0,49.97,0.8657999999999999,2024-01-02 03:10:17.000,2024-01-02 03:10:17.000,2024-01-02 03:10:17.000,505081290.0,3339930.0,1029640449.0,230.0,original,230.0,original,232.0,original,4.0,original,0.0,gap_too_large,4.0,original,49.97,original,0.8657999999999999,original,505081290.0,original,3339930.0,original,1029640449.0,original,893435000.0,original,-103.0,original
609291.0,22.0,2024-01-02 03:30:00,OPMC_LIFT,893440000.0,230.0,230.0,232.0,4.0,0.0,4.0,49.97,0.8694,2024-01-02 03:30:12.000,2024-01-02 03:30:12.000,2024-01-02 03:30:12.000,505083104.0,3340730.0,1029646177.0,230.0,original,230.0,original,232.0,original,4.0,original,0.0,gap_too_large,4.0,original,49.97,original,0.8694,original,505083104.0,original,3340730.0,original,1029646177.0,original,893440000.0,original,-121.0,original
609409.0,22.0,2024-01-02 04:00:00,OPMC_LIFT,893452000.0,229.0,230.0,232.0,4.0,0.0,4.0,49.98,0.8709999999999999,2024-01-02 04:20:13.000,2024-01-02 04:20:13.000,2024-01-02 04:20:13.000,505087642.0,3342730.0,1029660481.0,229.0,original,230.0,original,232.0,original,4.0,original,0.0,gap_too_large,4.0,original,49.98,original,0.8709999999999999,original,505087642.0,original,3342730.0,original,1029660481.0,original,893452000.0,original,-121.0,original
609428.0,22.0,2024-01-02 04:30:00,OPMC_LIFT,893454000.0,229.0,230.0,232.0,4.0,0.0,4.0,49.98,0.8678999999999999,2024-01-02 04:30:10.000,2024-01-02 04:30:10.000,2024-01-02 04:30:10.000,505088544.0,3343130.0,1029663339.0,229.0,original,230.0,original,232.0,original,4.0,original,0.0,gap_too_large,4.0,original,49.98,original,0.8678999999999999,original,505088544.0,original,3343130.0,original,1029663339.0,original,893454000.0,original,-123.0,original
609505.0,22.0,2024-01-02 05:00:00,OPMC_LIFT,893462000.0,229.0,229.0,231.0,4.0,0.0,4.0,49.99,0.8662,2024-01-02 05:00:18.000,2024-01-02 05:00:18.000,2024-01-02 05:00:18.000,505091251.0,3344330.0,1029671889.0,229.0,original,229.0,original,231.0,original,4.0,original,0.0,gap_too_large,4.0,original,49.99,original,0.8662,original,505091251.0,original,3344330.0,original,1029671889.0,original,893462000.0,original,-101.0,original
609564.0,22.0,2024-01-02 05:30:00,OPMC_LIFT,893469000.0,227.0,228.0,230.0,4.0,0.0,4.0,49.97,0.8679999999999999,2024-01-02 05:30:12.000,2024-01-02 05:30:12.000,2024-01-02 05:30:12.000,505093930.0,3345530.0,1029680353.0,227.0,original,228.0,original,230.0,original,4.0,original,0.0,gap_too_large,4.0,original,49.97,original,0.8679999999999999,original,505093930.0,original,3345530.0,original,1029680353.0,original,893469000.0,original,-120.0,original
609639.0,22.0,2024-01-02 06:00:00,OPMC_LIFT,893477000.0,226.0,227.0,228.0,4.0,0.0,4.0,50.0,0.8704,2024-01-02 06:00:15.000,2024-01-02 06:00:15.000,2024-01-02 06:00:15.000,505096570.0,3346730.0,1029688744.0,226.0,original,227.0,original,228.0,original,4.0,original,0.0,gap_too_large,4.0,original,50.0,original,0.8704,original,505096570.0,original,3346730.0,original,1029688744.0,original,893477000.0,original,-123.0,original
609746.0,22.0,2024-01-02 06:30:00,OPMC_LIFT,893486000.0,225.0,226.0,227.0,4.0,0.0,4.0,49.99,0.8713,2024-01-02 06:40:17.000,2024-01-02 06:40:17.000,2024-01-02 06:40:17.000,505100010.0,3348323.0,1029699726.0,225.0,original,226.0,original,227.0,original,4.0,original,0.0,gap_too_large,4.0,original,49.99,original,0.8713,original,505100010.0,original,3348323.0,original,1029699726.0,original,893486000.0,original,-103.0,original
609817.0,22.0,2024-01-02 07:00:00,OPMC_LIFT,893493000.0,226.0,226.0,228.0,4.0,0.0,4.0,50.02,0.8743,2024-01-02 07:10:13.000,2024-01-02 07:10:13.000,2024-01-02 07:10:13.000,505102582.0,3349520.0,1029707934.0,226.0,original,226.0,original,228.0,original,4.0,original,0.0,gap_too_large,4.0,original,50.02,original,0.8743,original,505102582.0,original,3349520.0,original,1029707934.0,original,893493000.0,original,-120.0,original
609868.0,22.0,2024-01-02 07:30:00,OPMC_LIFT,893498000.0,224.0,225.0,227.0,4.0,0.0,4.0,49.99,0.8704,2024-01-02 07:30:11.000,2024-01-02 07:30:11.000,2024-01-02 07:30:11.000,505104291.0,3350314.0,1029713393.0,224.0,original,225.0,original,227.0,original,4.0,original,0.0,gap_too_large,4.0,original,49.99,original,0.8704,original,505104291.0,original,3350314.0,original,1029713393.0,original,893498000.0,original,-121.0,original
609945.0,22.0,2024-01-02 08:00:00,OPMC_LIFT,893505000.0,224.0,225.0,226.0,4.0,0.0,4.0,49.98,0.8730999999999999,2024-01-02 08:00:13.000,2024-01-02 08:00:13.000,2024-01-02 08:00:13.000,505106874.0,3351504.0,1029721614.0,224.0,original,225.0,original,226.0,original,4.0,original,0.0,gap_too_large,4.0,original,49.98,original,0.8730999999999999,original,505106874.0,original,3351504.0,original,1029721614.0,original,893505000.0,original,-107.0,original
610019.0,22.0,2024-01-02 08:30:00,OPMC_LIFT,893512000.0,225.0,226.0,227.0,4.0,271.0,4.0,49.99,0.8664999999999999,2024-01-02 08:30:13.000,2024-01-02 08:30:13.000,2024-01-02 08:30:13.000,505109443.0,3352698.0,1029729813.0,225.0,original,226.0,original,227.0,original,4.0,original,271.0,original,4.0,original,49.99,original,0.8664999999999999,original,505109443.0,original,3352698.0,original,1029729813.0,original,893512000.0,original,-104.0,original
610088.0,22.0,2024-01-02 09:00:00,OPMC_LIFT,894374000.0,220.0,222.0,224.0,363.0,383.0,381.0,50.02,0.8682,2024-01-02 09:00:12.000,2024-01-02 09:00:12.000,2024-01-02 09:00:12.000,505614989.0,3352714.0,1030731253.0,220.0,original,222.0,original,224.0,original,363.0,original,383.0,original,381.0,original,50.02,original,0.8682,original,505614989.0,original,3352714.0,original,1030731253.0,original,894374000.0,original,-121.0,original
610170.0,22.0,2024-01-02 09:30:00,OPMC_LIFT,895185000.0,222.0,223.0,225.0,197.0,205.0,208.0,49.97,0.8608999999999999,2024-01-02 09:30:13.000,2024-01-02 09:30:13.000,2024-01-02 09:30:13.000,506098643.0,3352714.0,1031675067.0,222.0,original,223.0,original,225.0,original,197.0,original,205.0,original,208.0,original,49.97,original,0.8608999999999999,original,506098643.0,original,3352714.0,original,1031675067.0,original,895185000.0,original,-120.0,original
610245.0,22.0,2024-01-02 10:00:00,OPMC_LIFT,895922000.0,219.0,221.0,222.0,296.0,315.0,313.0,49.98,0.8472999999999999,2024-01-02 10:00:16.000,2024-01-02 10:00:16.000,2024-01-02 10:00:16.000,506540282.0,3352714.0,1032535461.0,219.0,original,221.0,original,222.0,original,296.0,original,315.0,original,313.0,original,49.98,original,0.8472999999999999,original,506540282.0,original,3352714.0,original,1032535461.0,original,895922000.0,original,-120.0,original
610350.0,22.0,2024-01-02 10:30:00,OPMC_LIFT,896941000.0,221.0,223.0,224.0,311.0,330.0,328.0,50.02,0.8514999999999999,2024-01-02 10:40:16.000,2024-01-02 10:40:16.000,2024-01-02 10:40:16.000,507157914.0,3352714.0,1033729067.0,221.0,original,223.0,original,224.0,original,311.0,original,330.0,original,328.0,original,50.02,original,0.8514999999999999,original,507157914.0,original,3352714.0,original,1033729067.0,original,896941000.0,original,-103.0,original
610400.0,22.0,2024-01-02 11:00:00,OPMC_LIFT,897455000.0,222.0,224.0,226.0,203.0,209.0,211.0,49.99,0.8722,2024-01-02 11:00:15.000,2024-01-02 11:00:15.000,2024-01-02 11:00:15.000,507471114.0,3352714.0,1034330757.0,222.0,original,224.0,original,226.0,original,203.0,original,209.0,original,211.0,original,49.99,original,0.8722,original,507471114.0,original,3352714.0,original,1034330757.0,original,897455000.0,original,-108.0,original
610478.0,22.0,2024-01-02 11:30:00,OPMC_LIFT,898209000.0,223.0,224.0,226.0,211.0,216.0,219.0,50.02,0.8726999999999999,2024-01-02 11:30:11.000,2024-01-02 11:30:11.000,2024-01-02 11:30:11.000,507919101.0,3352714.0,1035208977.0,223.0,original,224.0,original,226.0,original,211.0,original,216.0,original,219.0,original,50.02,original,0.8726999999999999,original,507919101.0,original,3352714.0,original,1035208977.0,original,898209000.0,original,-108.0,original
610478.0,,2024-01-02 12:00:00,OPMC_LIFT,898998000.0,223.5,225.0,227.0,208.5,214.5,217.5,49.97,0.87105,,,,508401056.0,3352714.0,1036134427.0,223.5,interpolated,225.0,interpolated,227.0,interpolated,208.5,interpolated,214.5,interpolated,217.5,interpolated,49.97,interpolated,0.87105,interpolated,508401056.0,interpolated,3352714.0,interpolated,1036134427.0,interpolated,898998000.0,interpolated,-104.0,interpolated
610639.0,22.0,2024-01-02 12:30:00,OPMC_LIFT,899787000.0,224.0,226.0,228.0,206.0,213.0,216.0,49.92,0.8694,2024-01-02 12:30:20.000,2024-01-02 12:30:20.000,2024-01-02 12:30:20.000,508883011.0,3352714.0,1037059877.0,224.0,original,226.0,original,228.0,original,206.0,original,213.0,original,216.0,original,49.92,original,0.8694,original,508883011.0,original,3352714.0,original,1037059877.0,original,899787000.0,original,-100.0,original
610709.0,22.0,2024-01-02 13:00:00,OPMC_LIFT,900574000.0,223.0,225.0,226.0,202.0,211.0,212.0,50.04,0.8613,2024-01-02 13:00:14.000,2024-01-02 13:00:14.000,2024-01-02 13:00:14.000,509366694.0,3352714.0,1037985134.0,223.0,original,225.0,original,226.0,original,202.0,original,211.0,original,212.0,original,50.04,original,0.8613,original,509366694.0,original,3352714.0,original,1037985134.0,original,900574000.0,original,-108.0,original
610784.0,22.0,2024-01-02 13:30:00,OPMC_LIFT,901322000.0,220.0,222.0,224.0,211.0,217.0,220.0,49.99,0.8765999999999999,2024-01-02 13:30:17.000,2024-01-02 13:30:17.000,2024-01-02 13:30:17.000,509810621.0,3352714.0,1038855870.0,220.0,original,222.0,original,224.0,original,211.0,original,217.0,original,220.0,original,49.99,original,0.8765999999999999,original,509810621.0,original,3352714.0,original,1038855870.0,original,901322000.0,original,-106.0,original
610883.0,22.0,2024-01-02 14:00:00,OPMC_LIFT,902376000.0,218.0,220.0,222.0,380.0,399.0,396.0,50.01,0.8737999999999999,2024-01-02 14:10:14.000,2024-01-02 14:10:14.000,2024-01-02 14:10:14.000,510437933.0,3352714.0,1040084030.0,218.0,original,220.0,original,222.0,original,380.0,original,399.0,original,396.0,original,50.01,original,0.8737999999999999,original,510437933.0,original,3352714.0,original,1040084030.0,original,902376000.0,original,-121.0,original
610971.0,22.0,2024-01-02 14:30:00,OPMC_LIFT,903115000.0,221.0,222.0,224.0,242.0,257.0,257.0,50.02,0.8099999999999999,2024-01-02 14:40:14.000,2024-01-02 14:40:14.000,2024-01-02 14:40:14.000,510877965.0,3352714.0,1040945083.0,221.0,original,222.0,original,224.0,original,242.0,original,257.0,original,257.0,original,50.02,original,0.8099999999999999,original,510877965.0,original,3352714.0,original,1040945083.0,original,903115000.0,original,-98.0,original
611022.0,22.0,2024-01-02 15:00:00,OPMC_LIFT,903664000.0,222.0,224.0,225.0,204.0,210.0,212.0,50.01,0.8726999999999999,2024-01-02 15:00:12.000,2024-01-02 15:00:12.000,2024-01-02 15:00:12.000,511209008.0,3352714.0,1041586411.0,222.0,original,224.0,original,225.0,original,204.0,original,210.0,original,212.0,original,50.01,original,0.8726999999999999,original,511209008.0,original,3352714.0,original,1041586411.0,original,903664000.0,original,-103.0,original
611152.0,22.0,2024-01-02 15:30:00,OPMC_LIFT,904878000.0,222.0,223.0,225.0,203.0,211.0,213.0,50.04,0.8648999999999999,2024-01-02 15:50:14.000,2024-01-02 15:50:14.000,2024-01-02 15:50:14.000,511945366.0,3352714.0,1043007656.0,222.0,original,223.0,original,225.0,original,203.0,original,211.0,original,213.0,original,50.04,original,0.8648999999999999,original,511945366.0,original,3352714.0,original,1043007656.0,original,904878000.0,original,-123.0,original
611201.0,22.0,2024-01-02 16:00:00,OPMC_LIFT,905086000.0,226.0,227.0,229.0,136.66666666666669,0.0,143.33333333333331,49.94,1.0,2024-01-02 16:10:16.000,2024-01-02 16:10:16.000,2024-01-02 16:10:16.000,512073965.0,3352714.0,1043251912.0,226.0,original,227.0,original,229.0,original,136.66666666666669,interpolated,0.0,gap_too_large,143.33333333333331,interpolated,49.94,original,1.0,original,512073965.0,original,3352714.0,original,1043251912.0,original,905086000.0,original,-107.0,original
611201.0,,2024-01-02 16:30:00,OPMC_LIFT,905089500.0,227.5,228.5,230.0,70.33333333333334,0.0,73.66666666666666,50.0,0.9339,,,,512075296.0,3353254.5,1043255913.5,227.5,interpolated,228.5,interpolated,230.0,interpolated,70.33333333333334,interpolated,0.0,gap_too_large,73.66666666666666,interpolated,50.0,interpolated,0.9339,interpolated,512075296.0,interpolated,3353254.5,interpolated,1043255913.5,interpolated,905089500.0,interpolated,-106.5,interpolated
611332.0,22.0,2024-01-02 17:00:00,OPMC_LIFT,905093000.0,229.0,230.0,231.0,4.0,0.0,4.0,50.06,0.8677999999999999,2024-01-02 17:00:18.000,2024-01-02 17:00:18.000,2024-01-02 17:00:18.000,512076627.0,3353795.0,1043259915.0,229.0,original,230.0,original,231.0,original,4.0,original,0.0,gap_too_large,4.0,original,50.06,original,0.8677999999999999,original,512076627.0,original,3353795.0,original,1043259915.0,original,905093000.0,original,-106.0,original
611436.0,22.0,2024-01-02 17:30:00,OPMC_LIFT,905102000.0,228.0,229.0,231.0,4.0,0.0,4.0,50.03,0.8684,2024-01-02 17:40:14.000,2024-01-02 17:40:14.000,2024-01-02 17:40:14.000,512080179.0,3355395.0,1043271176.0,228.0,original,229.0,original,231.0,original,4.0,original,0.0,gap_too_large,4.0,original,50.03,original,0.8684,original,512080179.0,original,3355395.0,original,1043271176.0,original,905102000.0,original,-105.0,original
611518.0,22.0,2024-01-02 18:00:00,OPMC_LIFT,905110000.0,227.0,228.0,229.0,4.0,0.0,4.0,49.98,0.8680999999999999,2024-01-02 18:10:15.000,2024-01-02 18:10:15.000,2024-01-02 18:10:15.000,512082874.0,3356595.0,1043279688.0,227.0,original,228.0,original,229.0,original,4.0,original,0.0,gap_too_large,4.0,original,49.98,original,0.8680999999999999,original,512082874.0,original,3356595.0,original,1043279688.0,original,905110000.0,original,-106.0,original
611598.0,22.0,2024-01-02 18:30:00,OPMC_LIFT,905117000.0,228.0,229.0,230.0,4.0,0.0,4.0,50.02,0.8698999999999999,2024-01-02 18:40:17.000,2024-01-02 18:40:17.000,2024-01-02 18:40:17.000,512085526.0,3357795.0,1043288104.0,228.0,original,229.0,original,230.0,original,4.0,original,0.0,gap_too_large,4.0,original,50.02,original,0.8698999999999999,original,512085526.0,original,3357795.0,original,1043288104.0,original,905117000.0,original,-105.0,original
611677.0,22.0,2024-01-02 19:00:00,OPMC_LIFT,905124000.0,226.0,226.0,228.0,4.0,0.0,4.0,50.05,0.8687999999999999,2024-01-02 19:10:19.000,2024-01-02 19:10:19.000,2024-01-02 19:10:19.000,512088150.0,3358992.0,1043296453.0,226.0,original,226.0,original,228.0,original,4.0,original,0.0,gap_too_large,4.0,original,50.05,original,0.8687999999999999,original,512088150.0,original,3358992.0,original,1043296453.0,original,905124000.0,original,-101.0,original
611724.0,22.0,2024-01-02 19:30:00,OPMC_LIFT,905129000.0,226.0,227.0,228.0,4.0,0.0,4.0,50.0,0.8704,2024-01-02 19:30:16.000,2024-01-02 19:30:16.000,2024-01-02 19:30:16.000,512089875.0,3359792.0,1043301950.0,226.0,original,227.0,original,228.0,original,4.0,original,0.0,gap_too_large,4.0,original,50.0,original,0.8704,original,512089875.0,original,3359792.0,original,1043301950.0,original,905129000.0,original,-101.0,original
611794.0,22.0,2024-01-02 20:00:00,OPMC_LIFT,905136000.0,226.0,226.0,228.0,4.0,0.0,4.0,49.96,0.8694,2024-01-02 20:00:17.000,2024-01-02 20:00:17.000,2024-01-02 20:00:17.000,512092467.0,3360986.0,1043310213.0,226.0,original,226.0,original,228.0,original,4.0,original,0.0,gap_too_large,4.0,original,49.96,original,0.8694,original,512092467.0,original,3360986.0,original,1043310213.0,original,905136000.0,original,-100.0,original
611914.0,22.0,2024-01-02 20:30:00,OPMC_LIFT,905148000.0,225.0,226.0,227.0,4.0,0.0,4.0,49.97,0.8678999999999999,2024-01-02 20:50:12.000,2024-01-02 20:50:12.000,2024-01-02 20:50:12.000,512096784.0,3362979.0,1043323982.0,225.0,original,226.0,original,227.0,original,4.0,original,0.0,gap_too_large,4.0,original,49.97,original,0.8678999999999999,original,512096784.0,original,3362979.0,original,1043323982.0,original,905148000.0,original,-123.0,original
611945.0,22.0,2024-01-02 21:00:00,OPMC_LIFT,905151000.0,225.0,226.0,228.0,4.0,0.0,4.0,49.99,0.8699999999999999,2024-01-02 21:00:16.000,2024-01-02 21:00:16.000,2024-01-02 21:00:16.000,512097645.0,3363376.0,1043326731.0,225.0,original,226.0,original,228.0,original,4.0,original,0.0,gap_too_large,4.0,original,49.99,original,0.8699999999999999,original,512097645.0,original,3363376.0,original,1043326731.0,original,905151000.0,original,-121.0,original
612016.0,22.0,2024-01-02 21:30:00,OPMC_LIFT,905158000.0,226.0,227.0,228.0,4.0,0.0,4.0,49.98,0.8674,2024-01-02 21:30:09.000,2024-01-02 21:30:09.000,2024-01-02 21:30:09.000,512100240.0,3364573.0,1043335006.0,226.0,original,227.0,original,228.0,original,4.0,original,0.0,gap_too_large,4.0,original,49.98,original,0.8674,original,512100240.0,original,3364573.0,original,1043335006.0,original,905158000.0,original,-120.0,original
612119.0,22.0,2024-01-02 22:00:00,OPMC_LIFT,905168000.0,227.0,228.0,230.0,4.0,0.0,4.0,50.08,0.8693,2024-01-02 22:10:14.000,2024-01-02 22:10:14.000,2024-01-02 22:10:14.000,512103741.0,3366176.0,1043346145.0,227.0,original,228.0,original,230.0,original,4.0,original,0.0,gap_too_large,4.0,original,50.08,original,0.8693,original,512103741.0,original,3366176.0,original,1043346145.0,original,905168000.0,original,-123.0,original
612229.0,22.0,2024-01-02 22:30:00,OPMC_LIFT,905177000.0,228.0,229.0,231.0,4.0,0.0,4.0,49.95,0.8682,2024-01-02 22:50:11.000,2024-01-02 22:50:11.000,2024-01-02 22:50:11.000,512107274.0,3367776.0,1043357371.0,228.0,original,229.0,original,231.0,original,4.0,original,0.0,gap_too_large,4.0,original,49.95,original,0.8682,original,512107274.0,original,3367776.0,original,1043357371.0,original,905177000.0,original,-102.0,original
612258.0,22.0,2024-01-02 23:00:00,OPMC_LIFT,905180000.0,229.0,229.0,231.0,4.0,0.0,4.0,50.05,0.8678999999999999,2024-01-02 23:00:12.000,2024-01-02 23:00:12.000,2024-01-02 23:00:12.000,512108170.0,3368176.0,1043360200.0,229.0,original,229.0,original,231.0,original,4.0,original,0.0,gap_too_large,4.0,original,50.05,original,0.8678999999999999,original,512108170.0,original,3368176.0,original,1043360200.0,original,905180000.0,original,-120.0,original
612340.0,22.0,2024-01-02 23:30:00,OPMC_LIFT,905187000.0,228.0,229.0,231.0,4.0,0.0,4.0,49.93,0.8702,2024-01-02 23:30:14.000,2024-01-02 23:30:14.000,2024-01-02 23:30:14.000,512110851.0,3369379.0,1043368693.0,228.0,original,229.0,original,231.0,original,4.0,original,0.0,gap_too_large,4.0,original,49.93,original,0.8702,original,512110851.0,original,3369379.0,original,1043368693.0,original,905187000.0,original,-100.0,original
612420.0,22.0,2024-01-03 00:00:00,OPMC_LIFT,905195000.0,229.0,230.0,231.0,4.0,0.0,4.0,50.0,0.8678999999999999,2024-01-03 00:00:15.000,2024-01-03 00:00:15.000,2024-01-03 00:00:15.000,512113542.0,3370579.0,1043377198.0,229.0,original,230.0,original,231.0,original,4.0,original,0.0,gap_too_large,4.0,original,50.0,original,0.8678999999999999,original,512113542.0,original,3370579.0,original,1043377198.0,original,905195000.0,original,-108.0,original
612554.0,22.0,2024-01-03 00:30:00,OPMC_LIFT,905207000.0,229.0,230.0,232.0,4.0,0.0,4.0,49.96,0.8687999999999999,2024-01-03 00:50:18.000,2024-01-03 00:50:18.000,2024-01-03 00:50:18.000,512118054.0,3372586.0,1043391454.0,229.0,original,230.0,original,232.0,original,4.0,original,0.0,gap_too_large,4.0,original,49.96,original,0.8687999999999999,original,512118054.0,original,3372586.0,original,1043391454.0,original,905207000.0,original,-107.0,original
612642.0,22.0,2024-01-03 01:00:00,OPMC_LIFT,905214000.0,230.0,231.0,232.0,4.0,0.0,4.0,50.0,0.8696999999999999,2024-01-03 01:20:12.000,2024-01-03 01:20:12.000,2024-01-03 01:20:12.000,512120778.0,3373786.0,1043400037.0,230.0,original,231.0,original,232.0,original,4.0,original,0.0,gap_too_large,4.0,original,50.0,original,0.8696999999999999,original,512120778.0,original,3373786.0,original,1043400037.0,original,905214000.0,original,-107.0,original
612733.0,22.0,2024-01-03 01:30:00,OPMC_LIFT,905222000.0,231.0,231.0,233.0,4.0,0.0,4.0,50.03,0.8656999999999999,2024-01-03 01:50:16.000,2024-01-03 01:50:16.000,2024-01-03 01:50:16.000,512123514.0,3374989.0,1043408648.0,231.0,original,231.0,original,233.0,original,4.0,original,0.0,gap_too_large,4.0,original,50.03,original,0.8656999999999999,original,512123514.0,original,3374989.0,original,1043408648.0,original,905222000.0,original,-111.0,original
612756.0,22.0,2024-01-03 02:00:00,OPMC_LIFT,905224000.0,227.0,228.0,230.0,4.0,0.0,4.0,50.01,0.8674,2024-01-03 02:00:18.000,2024-01-03 02:00:18.000,2024-01-03 02:00:18.000,512124426.0,3375392.0,1043411518.0,227.0,original,228.0,original,230.0,original,4.0,original,0.0,gap_too_large,4.0,original,50.01,original,0.8674,original,512124426.0,original,3375392.0,original,1043411518.0,original,905224000.0,original,-107.0,original
612833.0,22.0,2024-01-03 02:30:00,OPMC_LIFT,905232000.0,228.0,229.0,230.0,4.0,0.0,4.0,50.06,0.8670999999999999,2024-01-03 02:30:13.000,2024-01-03 02:30:13.000,2024-01-03 02:30:13.000,512127078.0,3376592.0,1043419934.0,228.0,original,229.0,original,230.0,original,4.0,original,0.0,gap_too_large,4.0,original,50.06,original,0.8670999999999999,original,512127078.0,original,3376592.0,original,1043419934.0,original,905232000.0,original,-123.0,original
612914.0,22.0,2024-01-03 03:00:00,OPMC_LIFT,905239000.0,228.0,229.0,231.0,4.0,0.0,4.0,49.96,0.8694,2024-01-03 03:00:14.000,2024-01-03 03:00:14.000,2024-01-03 03:00:14.000,512129747.0,3377795.0,1043428392.0,228.0,original,229.0,original,231.0,original,4.0,original,0.0,gap_too_large,4.0,original,49.96,original,0.8694,original,512129747.0,original,3377795.0,original,1043428392.0,original,905239000.0,original,-121.0,original
612999.0,22.0,2024-01-03 03:30:00,OPMC_LIFT,905246000.0,230.0,230.0,232.0,4.0,0.0,4.0,50.01,0.8659999999999999,2024-01-03 03:30:15.000,2024-01-03 03:30:15.000,2024-01-03 03:30:15.000,512132442.0,3378998.0,1043436904.0,230.0,original,230.0,original,232.0,original,4.0,original,0.0,gap_too_large,4.0,original,50.01,original,0.8659999999999999,original,512132442.0,original,3378998.0,original,1043436904.0,original,905246000.0,original,-119.0,original
613099.0,22.0,2024-01-03 04:00:00,OPMC_LIFT,905256000.0,230.0,230.0,232.0,4.0,0.0,4.0,50.0,0.8675999999999999,2024-01-03 04:10:13.000,2024-01-03 04:10:13.000,2024-01-03 04:10:13.000,512136080.0,3380605.0,1043448373.0,230.0,original,230.0,original,232.0,original,4.0,original,0.0,gap_too_large,4.0,original,50.0,original,0.8675999999999999,original,512136080.0,original,3380605.0,original,1043448373.0,original,905256000.0,original,-101.0,original
613173.0,22.0,2024-01-03 04:30:00,OPMC_LIFT,905264000.0,229.0,230.0,232.0,4.0,0.0,4.0,50.01,0.8684999999999999,2024-01-03 04:40:09.000,2024-01-03 04:40:09.000,2024-01-03 04:40:09.000,512138797.0,3381811.0,1043456939.0,229.0,original,230.0,original,232.0,original,4.0,original,0.0,gap_too_large,4.0,original,50.01,original,0.8684999999999999,original,512138797.0,original,3381811.0,original,1043456939.0,original,905264000.0,original,-105.0,original
613283.0,22.0,2024-01-03 05:00:00,OPMC_LIFT,905274000.0,229.0,229.0,231.0,4.0,0.0,4.0,49.94,0.8695999999999999,2024-01-03 05:20:10.000,2024-01-03 05:20:10.000,2024-01-03 05:20:10.000,512142400.0,3383418.0,1043468312.0,229.0,original,229.0,original,231.0,original,4.0,original,0.0,gap_too_large,4.0,original,49.94,original,0.8695999999999999,original,512142400.0,original,3383418.0,original,1043468312.0,original,905274000.0,original,-123.0,original
613319.0,22.0,2024-01-03 05:30:00,OPMC_LIFT,905276000.0,228.0,229.0,231.0,4.0,0.0,4.0,50.03,0.8657999999999999,2024-01-03 05:30:15.000,2024-01-03 05:30:15.000,2024-01-03 05:30:15.000,512143293.0,3383818.0,1043471137.0,228.0,original,229.0,original,231.0,original,4.0,original,0.0,gap_too_large,4.0,original,50.03,original,0.8657999999999999,original,512143293.0,original,3383818.0,original,1043471137.0,original,905276000.0,original,-121.0,original
613425.0,22.0,2024-01-03 06:00:00,OPMC_LIFT,905286000.0,227.0,228.0,230.0,4.0,0.0,4.0,49.96,0.8688999999999999,2024-01-03 06:10:14.000,2024-01-03 06:10:14.000,2024-01-03 06:10:14.000,512146848.0,3385424.0,1043482405.0,227.0,original,228.0,original,230.0,original,4.0,original,0.0,gap_too_large,4.0,original,49.96,original,0.8688999999999999,original,512146848.0,original,3385424.0,original,1043482405.0,original,905286000.0,original,-102.0,original
613473.0,22.0,2024-01-03 06:30:00,OPMC_LIFT,905291000.0,227.0,228.0,230.0,4.0,0.0,4.0,50.11,0.8685999999999999,2024-01-03 06:30:16.000,2024-01-03 06:30:16.000,2024-01-03 06:30:16.000,512148608.0,3386224.0,1043487998.0,227.0,original,228.0,original,230.0,original,4.0,original,0.0,gap_too_large,4.0,original,50.11,original,0.8685999999999999,original,512148608.0,original,3386224.0,original,1043487998.0,original,905291000.0,original,-107.0,original
613556.0,22.0,2024-01-03 07:00:00,OPMC_LIFT,905298000.0,228.0,228.0,230.0,4.0,0.0,4.0,50.01,0.8702,2024-01-03 07:00:15.000,2024-01-03 07:00:15.000,2024-01-03 07:00:15.000,512151254.0,3387430.0,1043496408.0,228.0,original,228.0,original,230.0,original,4.0,original,0.0,gap_too_large,4.0,original,50.01,original,0.8702,original,512151254.0,original,3387430.0,original,1043496408.0,original,905298000.0,original,-121.0,original
613622.0,22.0,2024-01-03 07:30:00,OPMC_LIFT,905305000.0,228.0,229.0,230.0,4.0,0.0,4.0,50.1,0.8698999999999999,2024-01-03 07:30:12.000,2024-01-03 07:30:12.000,2024-01-03 07:30:12.000,512153888.0,3388637.0,1043504776.0,228.0,original,229.0,original,230.0,original,4.0,original,0.0,gap_too_large,4.0,original,50.1,original,0.8698999999999999,original,512153888.0,original,3388637.0,original,1043504776.0,original,905305000.0,original,-102.0,original
613728.0,22.0,2024-01-03 08:00:00,OPMC_LIFT,905315000.0,228.0,229.0,231.0,4.0,0.0,4.0,49.96,0.8684,2024-01-03 08:10:18.000,2024-01-03 08:10:18.000,2024-01-03 08:10:18.000,512157398.0,3390237.0,1043515931.0,228.0,original,229.0,original,231.0,original,4.0,original,0.0,gap_too_large,4.0,original,49.96,original,0.8684,original,512157398.0,original,3390237.0,original,1043515931.0,original,905315000.0,original,-121.0,original
613775.0,22.0,2024-01-03 08:30:00,OPMC_LIFT,905320000.0,227.0,229.0,230.0,4.0,254.0,4.0,50.04,0.8664,2024-01-03 08:30:19.000,2024-01-03 08:30:19.000,2024-01-03 08:30:19.000,512159171.0,3391040.0,1043521550.0,227.0,original,229.0,original,230.0,original,4.0,original,254.0,original,4.0,original,50.04,original,0.8664,original,512159171.0,original,3391040.0,original,1043521550.0,original,905320000.0,original,-102.0,original
613843.0,22.0,2024-01-03 09:00:00,OPMC_LIFT,906103000.0,221.0,223.0,224.0,337.0,356.0,358.0,50.02,0.8649999999999999,2024-01-03 09:00:13.000,2024-01-03 09:00:13.000,2024-01-03 09:00:13.000,512633434.0,3391146.0,1044439886.0,221.0,original,223.0,original,224.0,original,337.0,original,356.0,original,358.0,original,50.02,original,0.8649999999999999,original,512633434.0,original,3391146.0,original,1044439886.0,original,906103000.0,original,-121.0,original
613942.0,22.0,2024-01-03 09:30:00,OPMC_LIFT,907418000.0,220.0,222.0,223.0,322.0,342.0,344.0,50.03,0.8645999999999999,2024-01-03 09:40:17.000,2024-01-03 09:40:17.000,2024-01-03 09:40:17.000,513396589.0,3391146.0,1045961099.0,220.0,original,222.0,original,223.0,original,322.0,original,342.0,original,344.0,original,50.03,original,0.8645999999999999,original,513396589.0,original,3391146.0,original,1045961099.0,original,907418000.0,original,-107.0,original
614011.0,22.0,2024-01-03 10:00:00,OPMC_LIFT,908386000.0,222.0,225.0,226.0,317.0,338.0,339.0,50.03,0.8574999999999999,2024-01-03 10:10:18.000,2024-01-03 10:10:18.000,2024-01-03 10:10:18.000,513972403.0,3391146.0,1047088053.0,222.0,original,225.0,original,226.0,original,317.0,original,338.0,original,339.0,original,50.03,original,0.8574999999999999,original,513972403.0,original,3391146.0,original,1047088053.0,original,908386000.0,original,-119.0,original
614078.0,22.0,2024-01-03 10:30:00,OPMC_LIFT,909345000.0,223.0,225.0,226.0,318.0,337.0,339.0,50.01,0.8564999999999999,2024-01-03 10:40:19.000,2024-01-03 10:40:19.000,2024-01-03 10:40:19.000,514545984.0,3391146.0,1048206078.0,223.0,original,225.0,original,226.0,original,318.0,original,337.0,original,339.0,original,50.01,original,0.8564999999999999,original,514545984.0,original,3391146.0,original,1048206078.0,original,909345000.0,original,-121.0,original
614131.0,22.0,2024-01-03 11:00:00,OPMC_LIFT,909986000.0,222.0,225.0,226.0,319.0,338.0,340.0,50.06,0.8581,2024-01-03 11:00:18.000,2024-01-03 11:00:18.000,2024-01-03 11:00:18.000,514928464.0,3391146.0,1048952565.0,222.0,original,225.0,original,226.0,original,319.0,original,338.0,original,340.0,original,50.06,original,0.8581,original,514928464.0,original,3391146.0,original,1048952565.0,original,909986000.0,original,-123.0,original
614201.0,22.0,2024-01-03 11:30:00,OPMC_LIFT,910951000.0,223.0,225.0,226.0,323.0,342.0,344.0,50.04,0.8577999999999999,2024-01-03 11:30:14.000,2024-01-03 11:30:14.000,2024-01-03 11:30:14.000,515503667.0,3391146.0,1050077201.0,223.0,original,225.0,original,226.0,original,323.0,original,342.0,original,344.0,original,50.04,original,0.8577999999999999,original,515503667.0,original,3391146.0,original,1050077201.0,original,910951000.0,original,-106.0,original
614280.0,22.0,2024-01-03 12:00:00,OPMC_LIFT,911928000.0,222.0,224.0,225.0,327.0,347.0,349.0,50.08,0.8631,2024-01-03 12:00:17.000,2024-01-03 12:00:17.000,2024-01-03 12:00:17.000,516088086.0,3391146.0,1051215841.0,222.0,original,224.0,original,225.0,original,327.0,original,347.0,original,349.0,original,50.08,original,0.8631,original,516088086.0,original,3391146.0,original,1051215841.0,original,911928000.0,original,-121.0,original
614373.0,22.0,2024-01-03 12:30:00,OPMC_LIFT,913241000.0,221.0,223.0,225.0,328.0,348.0,349.0,50.05,0.8637999999999999,2024-01-03 12:40:14.000,2024-01-03 12:40:14.000,2024-01-03 12:40:14.000,516859325.0,3391146.0,1052739448.0,221.0,original,223.0,original,225.0,original,328.0,original,348.0,original,349.0,original,50.05,original,0.8637999999999999,original,516859325.0,original,3391146.0,original,1052739448.0,original,913241000.0,original,-121.0,original
614425.0,22.0,2024-01-03 13:00:00,OPMC_LIFT,913899000.0,220.0,222.0,223.0,327.0,346.0,347.0,49.91,0.8645999999999999,2024-01-03 13:00:15.000,2024-01-03 13:00:15.000,2024-01-03 13:00:15.000,517241341.0,3391146.0,1053500571.0,220.0,original,222.0,original,223.0,original,327.0,original,346.0,original,347.0,original,49.91,original,0.8645999999999999,original,517241341.0,original,3391146.0,original,1053500571.0,original,913899000.0,original,-100.0,original
614497.0,22.0,2024-01-03 13:30:00,OPMC_LIFT,914888000.0,220.0,223.0,224.0,331.0,349.0,350.0,50.05,0.8666999999999999,2024-01-03 13:30:14.000,2024-01-03 13:30:14.000,2024-01-03 13:30:14.000,517817987.0,3391146.0,1054646078.0,220.0,original,223.0,original,224.0,original,331.0,original,349.0,original,350.0,original,50.05,original,0.8666999999999999,original,517817987.0,original,3391146.0,original,1054646078.0,original,914888000.0,original,-100.0,original
614597.0,22.0,2024-01-03 14:00:00,OPMC_LIFT,916223000.0,220.0,221.0,223.0,340.0,360.0,360.0,49.94,0.8695999999999999,2024-01-03 14:10:16.000,2024-01-03 14:10:16.000,2024-01-03 14:10:16.000,518583341.0,3391146.0,1056185617.0,220.0,original,221.0,original,223.0,original,340.0,original,360.0,original,360.0,original,49.94,original,0.8695999999999999,original,518583341.0,original,3391146.0,original,1056185617.0,original,916223000.0,original,-105.0,original
614675.0,22.0,2024-01-03 14:30:00,OPMC_LIFT,917231000.0,224.0,226.0,228.0,336.0,354.0,356.0,50.01,0.8592,2024-01-03 14:40:17.000,2024-01-03 14:40:17.000,2024-01-03 14:40:17.000,519181379.0,3391146.0,1057358513.0,224.0,original,226.0,original,228.0,original,336.0,original,354.0,original,356.0,original,50.01,original,0.8592,original,519181379.0,original,3391146.0,original,1057358513.0,original,917231000.0,original,-121.0,original
614735.0,22.0,2024-01-03 15:00:00,OPMC_LIFT,918253000.0,220.0,223.0,224.0,336.0,356.0,357.0,50.01,0.8677999999999999,2024-01-03 15:10:12.000,2024-01-03 15:10:12.000,2024-01-03 15:10:12.000,519778659.0,3391146.0,1058542942.0,220.0,original,223.0,original,224.0,original,336.0,original,356.0,original,357.0,original,50.01,original,0.8677999999999999,original,519778659.0,original,3391146.0,original,1058542942.0,original,918253000.0,original,-120.0,original
614778.0,22.0,2024-01-03 15:30:00,OPMC_LIFT,918935000.0,221.0,222.0,224.0,336.0,355.0,356.0,49.98,0.8662,2024-01-03 15:30:15.000,2024-01-03 15:30:15.000,2024-01-03 15:30:15.000,520169283.0,3391146.0,1059329342.0,221.0,original,222.0,original,224.0,original,336.0,original,355.0,original,356.0,original,49.98,original,0.8662,original,520169283.0,original,3391146.0,original,1059329342.0,original,918935000.0,original,-109.0,original
614847.0,22.0,2024-01-03 16:00:00,OPMC_LIFT,919942000.0,227.0,228.0,229.0,29.0,27.0,30.0,50.04,0.8599999999999999,2024-01-03 16:00:13.000,2024-01-03 16:00:13.000,2024-01-03 16:00:13.000,520749952.0,3391146.0,1060491105.0,227.0,original,228.0,original,229.0,original,29.0,original,27.0,original,30.0,original,50.04,original,0.8599999999999999,original,520749952.0,original,3391146.0,original,1060491105.0,original,919942000.0,original,-107.0,original
614953.0,22.0,2024-01-03 16:30:00,OPMC_LIFT,919958000.0,229.0,230.0,231.0,5.0,0.0,4.0,49.99,0.8686999999999999,2024-01-03 16:50:16.000,2024-01-03 16:50:16.000,2024-01-03 16:50:16.000,520756317.0,3393389.0,1060509371.0,229.0,original,230.0,original,231.0,original,5.0,original,0.0,gap_too_large,4.0,original,49.99,original,0.8686999999999999,original,520756317.0,original,3393389.0,original,1060509371.0,original,919958000.0,original,-103.0,original
614972.0,22.0,2024-01-03 17:00:00,OPMC_LIFT,919961000.0,230.0,231.0,232.0,4.0,0.0,4.0,50.02,0.8649999999999999,2024-01-03 17:00:11.000,2024-01-03 17:00:11.000,2024-01-03 17:00:11.000,520757446.0,3394010.0,1060513112.0,230.0,original,231.0,original,232.0,original,4.0,original,0.0,gap_too_large,4.0,original,50.02,original,0.8649999999999999,original,520757446.0,original,3394010.0,original,1060513112.0,original,919961000.0,original,-121.0,original
615043.0,22.0,2024-01-03 17:30:00,OPMC_LIFT,919969000.0,228.0,229.0,231.0,4.0,0.0,4.0,50.03,0.8695999999999999,2024-01-03 17:30:15.000,2024-01-03 17:30:15.000,2024-01-03 17:30:15.000,520760150.0,3395197.0,1060521608.0,228.0,original,229.0,original,231.0,original,4.0,original,0.0,gap_too_large,4.0,original,50.03,original,0.8695999999999999,original,520760150.0,original,3395197.0,original,1060521608.0,original,919969000.0,original,-108.0,original
615104.0,22.0,2024-01-03 18:00:00,OPMC_LIFT,919976000.0,230.0,231.0,233.0,4.0,0.0,4.0,50.05,0.8643,2024-01-03 18:00:14.000,2024-01-03 18:00:14.000,2024-01-03 18:00:14.000,520762867.0,3396387.0,1060530149.0,230.0,original,231.0,original,233.0,original,4.0,original,0.0,gap_too_large,4.0,original,50.05,original,0.8643,original,520762867.0,original,3396387.0,original,1060530149.0,original,919976000.0,original,-105.0,original
615189.0,22.0,2024-01-03 18:30:00,OPMC_LIFT,919986000.0,228.0,229.0,230.0,4.0,0.0,4.0,50.01,0.8694999999999999,2024-01-03 18:40:16.000,2024-01-03 18:40:16.000,2024-01-03 18:40:16.000,520766531.0,3397981.0,1060541633.0,228.0,original,229.0,original,230.0,original,4.0,original,0.0,gap_too_large,4.0,original,50.01,original,0.8694999999999999,original,520766531.0,original,3397981.0,original,1060541633.0,original,919986000.0,original,-123.0,original
615235.0,22.0,2024-01-03 19:00:00,OPMC_LIFT,919991000.0,227.0,228.0,229.0,4.0,0.0,4.0,50.03,0.8703,2024-01-03 19:00:17.000,2024-01-03 19:00:17.000,2024-01-03 19:00:17.000,520768307.0,3398774.0,1060547240.0,227.0,original,228.0,original,229.0,original,4.0,original,0.0,gap_too_large,4.0,original,50.03,original,0.8703,original,520768307.0,original,3398774.0,original,1060547240.0,original,919991000.0,original,-103.0,original
615295.0,22.0,2024-01-03 19:30:00,OPMC_LIFT,919998000.0,226.0,227.0,228.0,4.0,0.0,4.0,49.99,0.8675999999999999,2024-01-03 19:30:11.000,2024-01-03 19:30:11.000,2024-01-03 19:30:11.000,520770950.0,3399962.0,1060555605.0,226.0,original,227.0,original,228.0,original,4.0,original,0.0,gap_too_large,4.0,original,49.99,original,0.8675999999999999,original,520770950.0,original,3399962.0,original,1060555605.0,original,919998000.0,original,-103.0,original
615362.0,22.0,2024-01-03 20:00:00,OPMC_LIFT,920005000.0,227.0,227.0,229.0,4.0,0.0,4.0,50.03,0.8676999999999999,2024-01-03 20:00:13.000,2024-01-03 20:00:13.000,2024-01-03 20:00:13.000,520773587.0,3401152.0,1060563953.0,227.0,original,227.0,original,229.0,original,4.0,original,0.0,gap_too_large,4.0,original,50.03,original,0.8676999999999999,original,520773587.0,original,3401152.0,original,1060563953.0,original,920005000.0,original,-101.0,original
615428.0,22.0,2024-01-03 20:30:00,OPMC_LIFT,920013000.0,227.0,228.0,229.0,4.0,0.0,4.0,50.02,0.8678999999999999,2024-01-03 20:30:11.000,2024-01-03 20:30:11.000,2024-01-03 20:30:11.000,520776230.0,3402349.0,1060572312.0,227.0,original,228.0,original,229.0,original,4.0,original,0.0,gap_too_large,4.0,original,50.02,original,0.8678999999999999,original,520776230.0,original,3402349.0,original,1060572312.0,original,920013000.0,original,-107.0,original
615491.0,22.0,2024-01-03 21:00:00,OPMC_LIFT,920020000.0,228.0,228.0,230.0,4.0,0.0,4.0,50.02,0.8688999999999999,2024-01-03 21:00:12.000,2024-01-03 21:00:12.000,2024-01-03 21:00:12.000,520778877.0,3403542.0,1060580686.0,228.0,original,228.0,original,230.0,original,4.0,original,0.0,gap_too_large,4.0,original,50.02,original,0.8688999999999999,original,520778877.0,original,3403542.0,original,1060580686.0,original,920020000.0,original,-107.0,original
615559.0,22.0,2024-01-03 21:30:00,OPMC_LIFT,920027000.0,228.0,229.0,230.0,4.0,0.0,4.0,50.02,0.8666999999999999,2024-01-03 21:30:13.000,2024-01-03 21:30:13.000,2024-01-03 21:30:13.000,520781546.0,3404736.0,1060589112.0,228.0,original,229.0,original,230.0,original,4.0,original,0.0,gap_too_large,4.0,original,50.02,original,0.8666999999999999,original,520781546.0,original,3404736.0,original,1060589112.0,original,920027000.0,original,-120.0,original
615625.0,22.0,2024-01-03 22:00:00,OPMC_LIFT,920035000.0,228.0,229.0,230.0,4.0,0.0,4.0,50.03,0.8706999999999999,2024-01-03 22:00:16.000,2024-01-03 22:00:16.000,2024-01-03 22:00:16.000,520784230.0,3405933.0,1060597585.0,228.0,original,229.0,original,230.0,original,4.0,original,0.0,gap_too_large,4.0,original,50.03,original,0.8706999999999999,original,520784230.0,original,3405933.0,original,1060597585.0,original,920035000.0,original,-121.0,original
615683.0,22.0,2024-01-03 22:30:00,OPMC_LIFT,920042000.0,229.0,230.0,231.0,4.0,0.0,4.0,50.05,0.8676999999999999,2024-01-03 22:30:16.000,2024-01-03 22:30:16.000,2024-01-03 22:30:16.000,520786918.0,3407130.0,1060606059.0,229.0,original,230.0,original,231.0,original,4.0,original,0.0,gap_too_large,4.0,original,50.05,original,0.8676999999999999,original,520786918.0,original,3407130.0,original,1060606059.0,original,920042000.0,original,-103.0,original
615805.0,22.0,2024-01-03 23:00:00,OPMC_LIFT,920052000.0,229.0,230.0,232.0,4.0,0.0,4.0,50.01,0.8659999999999999,2024-01-03 23:10:14.000,2024-01-03 23:10:14.000,2024-01-03 23:10:14.000,520790534.0,3408726.0,1060617448.0,229.0,original,230.0,original,232.0,original,4.0,original,0.0,gap_too_large,4.0,original,50.01,original,0.8659999999999999,original,520790534.0,original,3408726.0,original,1060617448.0,original,920052000.0,original,-107.0,original
615858.0,22.0,2024-01-03 23:30:00,OPMC_LIFT,920057000.0,229.0,230.0,232.0,4.0,0.0,4.0,50.01,0.8675999999999999,2024-01-03 23:30:15.000,2024-01-03 23:30:15.000,2024-01-03 23:30:15.000,520792349.0,3409526.0,1060623153.0,229.0,original,230.0,original,232.0,original,4.0,original,0.0,gap_too_large,4.0,original,50.01,original,0.8675999999999999,original,520792349.0,original,3409526.0,original,1060623153.0,original,920057000.0,original,-121.0,original
615939.0,22.0,2024-01-04 00:00:00,OPMC_LIFT,920064000.0,230.0,231.0,232.0,4.0,0.0,4.0,50.04,0.8683,2024-01-04 00:00:13.000,2024-01-04 00:00:13.000,2024-01-04 00:00:13.000,520795085.0,3410723.0,1060631749.0,230.0,original,231.0,original,232.0,original,4.0,original,0.0,gap_too_large,4.0,original,50.04,original,0.8683,original,520795085.0,original,3410723.0,original,1060631749.0,original,920064000.0,original,-123.0,original
616017.0,22.0,2024-01-04 00:30:00,OPMC_LIFT,920072000.0,226.0,227.0,228.0,4.0,0.0,4.0,50.05,0.8703,2024-01-04 00:30:13.000,2024-01-04 00:30:13.000,2024-01-04 00:30:13.000,520797773.0,3411920.0,1060640225.0,226.0,original,227.0,original,228.0,original,4.0,original,0.0,gap_too_large,4.0,original,50.05,original,0.8703,original,520797773.0,original,3411920.0,original,1060640225.0,original,920072000.0,original,-105.0,original
616134.0,22.0,2024-01-04 01:00:00,OPMC_LIFT,920081000.0,226.0,227.0,229.0,4.0,0.0,4.0,49.95,0.8643,2024-01-04 01:10:43.000,2024-01-04 01:10:43.000,2024-01-04 01:10:43.000,520801270.0,3413514.0,1060651339.0,226.0,original,227.0,original,229.0,original,4.0,original,0.0,gap_too_large,4.0,original,49.95,original,0.8643,original,520801270.0,original,3413514.0,original,1060651339.0,original,920081000.0,original,-107.0,original
616198.0,22.0,2024-01-04 01:30:00,OPMC_LIFT,920086000.0,227.0,228.0,229.0,4.0,0.0,4.0,49.94,0.8704999999999999,2024-01-04 01:30:15.000,2024-01-04 01:30:15.000,2024-01-04 01:30:15.000,520803027.0,3414310.0,1060656913.0,227.0,original,228.0,original,229.0,original,4.0,original,0.0,gap_too_large,4.0,original,49.94,original,0.8704999999999999,original,520803027.0,original,3414310.0,original,1060656913.0,original,920086000.0,original,-120.0,original
616278.0,22.0,2024-01-04 02:00:00,OPMC_LIFT,920093000.0,227.0,228.0,230.0,4.0,0.0,4.0,49.99,0.8697999999999999,2024-01-04 02:00:14.000,2024-01-04 02:00:14.000,2024-01-04 02:00:14.000,520805677.0,3415507.0,1060665313.0,227.0,original,228.0,original,230.0,original,4.0,original,0.0,gap_too_large,4.0,original,49.99,original,0.8697999999999999,original,520805677.0,original,3415507.0,original,1060665313.0,original,920093000.0,original,-108.0,original
616364.0,22.0,2024-01-04 02:30:00,OPMC_LIFT,920101000.0,228.0,228.0,230.0,4.0,0.0,4.0,50.03,0.8672,2024-01-04 02:30:16.000,2024-01-04 02:30:16.000,2024-01-04 02:30:16.000,520808333.0,3416704.0,1060673726.0,228.0,original,228.0,original,230.0,original,4.0,original,0.0,gap_too_large,4.0,original,50.03,original,0.8672,original,520808333.0,original,3416704.0,original,1060673726.0,original,920101000.0,original,-107.0,original
616474.0,22.0,2024-01-04 03:00:00,OPMC_LIFT,920110000.0,228.0,229.0,231.0,4.0,0.0,4.0,50.05,0.8685999999999999,2024-01-04 03:10:15.000,2024-01-04 03:10:15.000,2024-01-04 03:10:15.000,520811891.0,3418298.0,1060684987.0,228.0,original,229.0,original,231.0,original,4.0,original,0.0,gap_too_large,4.0,original,50.05,original,0.8685999999999999,original,520811891.0,original,3418298.0,original,1060684987.0,original,920110000.0,original,-105.0,original
616523.0,22.0,2024-01-04 03:30:00,OPMC_LIFT,920115000.0,228.0,229.0,231.0,4.0,0.0,4.0,49.97,0.8664999999999999,2024-01-04 03:30:14.000,2024-01-04 03:30:14.000,2024-01-04 03:30:14.000,520813680.0,3419098.0,1060690638.0,228.0,original,229.0,original,231.0,original,4.0,original,0.0,gap_too_large,4.0,original,49.97,original,0.8664999999999999,original,520813680.0,original,3419098.0,original,1060690638.0,original,920115000.0,original,-103.0,original
616631.0,22.0,2024-01-04 04:00:00,OPMC_LIFT,920125000.0,228.0,229.0,231.0,4.0,0.0,4.0,50.02,0.8676999999999999,2024-01-04 04:10:10.000,2024-01-04 04:10:10.000,2024-01-04 04:10:10.000,520817258.0,3420691.0,1060701944.0,228.0,original,229.0,original,231.0,original,4.0,original,0.0,gap_too_large,4.0,original,50.02,original,0.8676999999999999,original,520817258.0,original,3420691.0,original,1060701944.0,original,920125000.0,original,-105.0,original
616693.0,22.0,2024-01-04 04:30:00,OPMC_LIFT,920130000.0,228.0,229.0,230.0,4.0,0.0,4.0,49.99,0.8686999999999999,2024-01-04 04:30:14.000,2024-01-04 04:30:14.000,2024-01-04 04:30:14.000,520819040.0,3421488.0,1060707589.0,228.0,original,229.0,original,230.0,original,4.0,original,0.0,gap_too_large,4.0,original,49.99,original,0.8686999999999999,original,520819040.0,original,3421488.0,original,1060707589.0,original,920130000.0,original,-103.0,original
616778.0,22.0,2024-01-04 05:00:00,OPMC_LIFT,920137000.0,227.0,228.0,230.0,4.0,0.0,4.0,49.98,0.8699999999999999,2024-01-04 05:00:14.000,2024-01-04 05:00:14.000,2024-01-04 05:00:14.000,520821702.0,3422685.0,1060716021.0,227.0,original,228.0,original,230.0,original,4.0,original,0.0,gap_too_large,4.0,original,49.98,original,0.8699999999999999,original,520821702.0,original,3422685.0,original,1060716021.0,original,920137000.0,original,-106.0,original
616859.0,22.0,2024-01-04 05:30:00,OPMC_LIFT,920145000.0,226.0,226.0,228.0,4.0,0.0,4.0,49.97,0.8700999999999999,2024-01-04 05:30:12.000,2024-01-04 05:30:12.000,2024-01-04 05:30:12.000,520824333.0,3423878.0,1060724366.0,226.0,original,226.0,original,228.0,original,4.0,original,0.0,gap_too_large,4.0,original,49.97,original,0.8700999999999999,original,520824333.0,original,3423878.0,original,1060724366.0,original,920145000.0,original,-105.0,original
616943.0,22.0,2024-01-04 06:00:00,OPMC_LIFT,920152000.0,225.0,226.0,227.0,4.0,0.0,4.0,49.96,0.8727999999999999,2024-01-04 06:00:14.000,2024-01-04 06:00:14.000,2024-01-04 06:00:14.000,520826918.0,3425069.0,1060732613.0,225.0,original,226.0,original,227.0,original,4.0,original,0.0,gap_too_large,4.0,original,49.96,original,0.8727999999999999,original,520826918.0,original,3425069.0,original,1060732613.0,original,920152000.0,original,-120.0,original
617026.0,22.0,2024-01-04 06:30:00,OPMC_LIFT,920159000.0,226.0,227.0,228.0,4.0,0.0,4.0,49.97,0.8680999999999999,2024-01-04 06:30:17.000,2024-01-04 06:30:17.000,2024-01-04 06:30:17.000,520829523.0,3426262.0,1060740901.0,226.0,original,227.0,original,228.0,original,4.0,original,0.0,gap_too_large,4.0,original,49.97,original,0.8680999999999999,original,520829523.0,original,3426262.0,original,1060740901.0,original,920159000.0,original,-100.0,original
617122.0,22.0,2024-01-04 07:00:00,OPMC_LIFT,920169000.0,226.0,227.0,228.0,4.0,0.0,4.0,49.98,0.8714999999999999,2024-01-04 07:10:11.000,2024-01-04 07:10:11.000,2024-01-04 07:10:11.000,520832963.0,3427850.0,1060751857.0,226.0,original,227.0,original,228.0,original,4.0,original,0.0,gap_too_large,4.0,original,49.98,original,0.8714999999999999,original,520832963.0,original,3427850.0,original,1060751857.0,original,920169000.0,original,-101.0,original
617166.0,22.0,2024-01-04 07:30:00,OPMC_LIFT,920173000.0,224.0,225.0,226.0,4.0,0.0,4.0,50.03,0.8686999999999999,2024-01-04 07:30:13.000,2024-01-04 07:30:13.000,2024-01-04 07:30:13.000,520834678.0,3428643.0,1060757317.0,224.0,original,225.0,original,226.0,original,4.0,original,0.0,gap_too_large,4.0,original,50.03,original,0.8686999999999999,original,520834678.0,original,3428643.0,original,1060757317.0,original,920173000.0,original,-120.0,original
617234.0,22.0,2024-01-04 08:00:00,OPMC_LIFT,920180000.0,225.0,226.0,227.0,4.0,0.0,4.0,50.0,0.8674,2024-01-04 08:00:13.000,2024-01-04 08:00:13.000,2024-01-04 08:00:13.000,520837270.0,3429837.0,1060765557.0,225.0,original,226.0,original,227.0,original,4.0,original,0.0,gap_too_large,4.0,original,50.0,original,0.8674,original,520837270.0,original,3429837.0,original,1060765557.0,original,920180000.0,original,-102.0,original
617300.0,22.0,2024-01-04 08:30:00,OPMC_LIFT,920188000.0,225.0,226.0,227.0,30.0,28.0,30.0,49.99,0.8563999999999999,2024-01-04 08:30:11.000,2024-01-04 08:30:11.000,2024-01-04 08:30:11.000,520840483.0,3431014.0,1060775006.0,225.0,original,226.0,original,227.0,original,30.0,original,28.0,original,30.0,original,49.99,original,0.8563999999999999,original,520840483.0,original,3431014.0,original,1060775006.0,original,920188000.0,original,-107.0,original
617392.0,22.0,2024-01-04 09:00:00,OPMC_LIFT,921270000.0,221.0,223.0,224.0,196.0,204.0,205.0,50.0,0.8625999999999999,2024-01-04 09:10:13.000,2024-01-04 09:10:13.000,2024-01-04 09:10:13.000,521475866.0,3431014.0,1062031691.0,221.0,original,223.0,original,224.0,original,196.0,original,204.0,original,205.0,original,50.0,original,0.8625999999999999,original,521475866.0,original,3431014.0,original,1062031691.0,original,921270000.0,original,-108.0,original
617440.0,22.0,2024-01-04 09:30:00,OPMC_LIFT,921741000.0,218.0,221.0,221.0,308.0,326.0,323.0,50.01,0.8513999999999999,2024-01-04 09:30:12.000,2024-01-04 09:30:12.000,2024-01-04 09:30:12.000,521764278.0,3431014.0,1062584837.0,218.0,original,221.0,original,221.0,original,308.0,original,326.0,original,323.0,original,50.01,original,0.8513999999999999,original,521764278.0,original,3431014.0,original,1062584837.0,original,921741000.0,original,-121.0,original
617519.0,22.0,2024-01-04 10:00:00,OPMC_LIFT,922433000.0,223.0,225.0,225.0,134.0,139.0,142.0,49.97,0.8191999999999999,2024-01-04 10:00:15.000,2024-01-04 10:00:15.000,2024-01-04 10:00:15.000,522185674.0,3431014.0,1063395150.0,223.0,original,225.0,original,225.0,original,134.0,original,139.0,original,142.0,original,49.97,original,0.8191999999999999,original,522185674.0,original,3431014.0,original,1063395150.0,original,922433000.0,original,-106.0,original
617581.0,22.0,2024-01-04 10:30:00,OPMC_LIFT,923114000.0,222.0,224.0,225.0,193.0,200.0,200.0,49.91,0.8563999999999999,2024-01-04 10:30:12.000,2024-01-04 10:30:12.000,2024-01-04 10:30:12.000,522612275.0,3431014.0,1064200849.0,222.0,original,224.0,original,225.0,original,193.0,original,200.0,original,200.0,original,49.91,original,0.8563999999999999,original,522612275.0,original,3431014.0,original,1064200849.0,original,923114000.0,original,-108.0,original
617700.0,22.0,2024-01-04 11:00:00,OPMC_LIFT,924210000.0,222.0,224.0,224.0,198.0,206.0,208.0,50.02,0.8617999999999999,2024-01-04 11:20:12.000,2024-01-04 11:20:12.000,2024-01-04 11:20:12.000,523290256.0,3431014.0,1065490379.0,222.0,original,224.0,original,224.0,original,198.0,original,206.0,original,208.0,original,50.02,original,0.8617999999999999,original,523290256.0,original,3431014.0,original,1065490379.0,original,924210000.0,original,-101.0,original
617723.0,22.0,2024-01-04 11:30:00,OPMC_LIFT,924434000.0,223.0,225.0,226.0,141.0,146.0,148.0,50.02,0.8295999999999999,2024-01-04 11:30:16.000,2024-01-04 11:30:16.000,2024-01-04 11:30:16.000,523433920.0,3431014.0,1065756709.0,223.0,original,225.0,original,226.0,original,141.0,original,146.0,original,148.0,original,50.02,original,0.8295999999999999,original,523433920.0,original,3431014.0,original,1065756709.0,original,924434000.0,original,-121.0,original
617791.0,22.0,2024-01-04 12:00:00,OPMC_LIFT,925126000.0,223.0,225.0,226.0,367.0,388.0,384.0,50.01,0.8646999999999999,2024-01-04 12:00:13.000,2024-01-04 12:00:13.000,2024-01-04 12:00:13.000,523870886.0,3431014.0,1066577560.0,223.0,original,225.0,original,226.0,original,367.0,original,388.0,original,384.0,original,50.01,original,0.8646999999999999,original,523870886.0,original,3431014.0,original,1066577560.0,original,925126000.0,original,-122.0,original
617864.0,22.0,2024-01-04 12:30:00,OPMC_LIFT,925800000.0,223.0,225.0,226.0,204.0,209.0,212.0,49.96,0.8710999999999999,2024-01-04 12:30:19.000,2024-01-04 12:30:19.000,2024-01-04 12:30:19.000,524286890.0,3431014.0,1067370360.0,223.0,original,225.0,original,226.0,original,204.0,original,209.0,original,212.0,original,49.96,original,0.8710999999999999,original,524286890.0,original,3431014.0,original,1067370360.0,original,925800000.0,original,-103.0,original
617955.0,22.0,2024-01-04 13:00:00,OPMC_LIFT,926754000.0,218.0,220.0,221.0,302.0,319.0,316.0,49.98,0.8531,2024-01-04 13:10:19.000,2024-01-04 13:10:19.000,2024-01-04 13:10:19.000,524879638.0,3431014.0,1068494632.0,218.0,original,220.0,original,221.0,original,302.0,original,319.0,original,316.0,original,49.98,original,0.8531,original,524879638.0,original,3431014.0,original,1068494632.0,original,926754000.0,original,-106.0,original
618023.0,22.0,2024-01-04 13:30:00,OPMC_LIFT,927438000.0,220.0,222.0,223.0,318.0,335.0,332.0,49.98,0.852,2024-01-04 13:40:15.000,2024-01-04 13:40:15.000,2024-01-04 13:40:15.000,525306854.0,3431014.0,1069302696.0,220.0,original,222.0,original,223.0,original,318.0,original,335.0,original,332.0,original,49.98,original,0.852,original,525306854.0,original,3431014.0,original,1069302696.0,original,927438000.0,original,-106.0,original
618065.0,22.0,2024-01-04 14:00:00,OPMC_LIFT,927905000.0,223.0,225.0,226.0,200.0,206.0,208.0,50.06,0.8706999999999999,2024-01-04 14:00:11.000,2024-01-04 14:00:11.000,2024-01-04 14:00:11.000,525589674.0,3431014.0,1069848904.0,223.0,original,225.0,original,226.0,original,200.0,original,206.0,original,208.0,original,50.06,original,0.8706999999999999,original,525589674.0,original,3431014.0,original,1069848904.0,original,927905000.0,original,-122.0,original
618129.0,22.0,2024-01-04 14:30:00,OPMC_LIFT,928529000.0,224.0,226.0,227.0,186.0,192.0,193.0,50.07,0.8494999999999999,2024-01-04 14:30:11.000,2024-01-04 14:30:11.000,2024-01-04 14:30:11.000,525997498.0,3431014.0,1070595816.0,224.0,original,226.0,original,227.0,original,186.0,original,192.0,original,193.0,original,50.07,original,0.8494999999999999,original,525997498.0,original,3431014.0,original,1070595816.0,original,928529000.0,original,-106.0,original
618224.0,22.0,2024-01-04 15:00:00,OPMC_LIFT,929272000.0,225.0,226.0,228.0,189.0,196.0,198.0,50.0,0.8508999999999999,2024-01-04 15:10:12.000,2024-01-04 15:10:12.000,2024-01-04 15:10:12.000,526455827.0,3431014.0,1071469089.0,225.0,original,226.0,original,228.0,original,189.0,original,196.0,original,198.0,original,50.0,original,0.8508999999999999,original,526455827.0,original,3431014.0,original,1071469089.0,original,929272000.0,original,-109.0,original
618325.0,22.0,2024-01-04 15:30:00,OPMC_LIFT,930022000.0,225.0,227.0,228.0,189.0,196.0,197.0,50.03,0.8493999999999999,2024-01-04 15:50:17.000,2024-01-04 15:50:17.000,2024-01-04 15:50:17.000,526918547.0,3431014.0,1072349992.0,225.0,original,227.0,original,228.0,original,189.0,original,196.0,original,197.0,original,50.03,original,0.8493999999999999,original,526918547.0,original,3431014.0,original,1072349992.0,original,930022000.0,original,-105.0,original
618344.0,22.0,2024-01-04 16:00:00,OPMC_LIFT,930108000.0,224.0,225.0,226.0,3.0,0.0,100.5,50.04,0.85995,2024-01-04 16:00:15.000,2024-01-04 16:00:15.000,2024-01-04 16:00:15.000,526971872.0,3431094.0,1072451003.0,224.0,original,225.0,original,226.0,original,3.0,original,0.0,gap_too_large,100.5,interpolated,50.04,original,0.85995,interpolated,526971872.0,original,3431094.0,original,1072451003.0,original,930108000.0,original,-103.0,original
618413.0,22.0,2024-01-04 16:30:00,OPMC_LIFT,930111000.0,226.0,226.0,227.0,4.0,0.0,4.0,49.95,0.8704999999999999,2024-01-04 16:30:15.000,2024-01-04 16:30:15.000,2024-01-04 16:30:15.000,526974054.0,3431107.0,1072454459.0,226.0,original,226.0,original,227.0,original,4.0,original,0.0,gap_too_large,4.0,original,49.95,original,0.8704999999999999,original,526974054.0,original,3431107.0,original,1072454459.0,original,930111000.0,original,-106.0,original
618475.0,22.0,2024-01-04 17:00:00,OPMC_LIFT,930118000.0,227.0,228.0,229.0,4.0,0.0,4.0,50.0,0.8710999999999999,2024-01-04 17:00:12.000,2024-01-04 17:00:12.000,2024-01-04 17:00:12.000,526976669.0,3432310.0,1072462779.0,227.0,original,228.0,original,229.0,original,4.0,original,0.0,gap_too_large,4.0,original,50.0,original,0.8710999999999999,original,526976669.0,original,3432310.0,original,1072462779.0,original,930118000.0,original,-119.0,original
618539.0,22.0,2024-01-04 17:30:00,OPMC_LIFT,930125000.0,229.0,230.0,231.0,4.0,0.0,4.0,50.04,0.8664999999999999,2024-01-04 17:30:11.000,2024-01-04 17:30:11.000,2024-01-04 17:30:11.000,526979341.0,3433517.0,1072471249.0,229.0,original,230.0,original,231.0,original,4.0,original,0.0,gap_too_large,4.0,original,50.04,original,0.8664999999999999,original,526979341.0,original,3433517.0,original,1072471249.0,original,930125000.0,original,-100.0,original
618606.0,22.0,2024-01-04 18:00:00,OPMC_LIFT,930132000.0,229.0,230.0,231.0,4.0,0.0,4.0,50.09,0.8664999999999999,2024-01-04 18:00:14.000,2024-01-04 18:00:14.000,2024-01-04 18:00:14.000,526982013.0,3434720.0,1072479717.0,229.0,original,230.0,original,231.0,original,4.0,original,0.0,gap_too_large,4.0,original,50.09,original,0.8664999999999999,original,526982013.0,original,3434720.0,original,1072479717.0,original,930132000.0,original,-105.0,original
618664.0,22.0,2024-01-04 18:30:00,OPMC_LIFT,930140000.0,228.0,229.0,230.0,4.0,0.0,4.0,50.02,0.8709999999999999,2024-01-04 18:30:10.000,2024-01-04 18:30:10.000,2024-01-04 18:30:10.000,526984685.0,3435923.0,1072488177.0,228.0,original,229.0,original,230.0,original,4.0,original,0.0,gap_too_large,4.0,original,50.02,original,0.8709999999999999,original,526984685.0,original,3435923.0,original,1072488177.0,original,930140000.0,original,-107.0,original
618731.0,22.0,2024-01-04 19:00:00,OPMC_LIFT,930147000.0,225.0,225.0,226.0,4.0,0.0,3.0,50.05,0.8726999999999999,2024-01-04 19:00:13.000,2024-01-04 19:00:13.000,2024-01-04 19:00:13.000,526987251.0,3437123.0,1072496385.0,225.0,original,225.0,original,226.0,original,4.0,original,0.0,gap_too_large,3.0,original,50.05,original,0.8726999999999999,original,526987251.0,original,3437123.0,original,1072496385.0,original,930147000.0,original,-105.0,original
618797.0,22.0,2024-01-04 19:30:00,OPMC_LIFT,930154000.0,227.0,228.0,229.0,4.0,0.0,4.0,50.03,0.8696999999999999,2024-01-04 19:30:13.000,2024-01-04 19:30:13.000,2024-01-04 19:30:13.000,526989859.0,3438323.0,1072504689.0,227.0,original,228.0,original,229.0,original,4.0,original,0.0,gap_too_large,4.0,original,50.03,original,0.8696999999999999,original,526989859.0,original,3438323.0,original,1072504689.0,original,930154000.0,original,-102.0,original
618865.0,22.0,2024-01-04 20:00:00,OPMC_LIFT,930161000.0,227.0,228.0,229.0,4.0,0.0,4.0,50.0,0.8673,2024-01-04 20:00:16.000,2024-01-04 20:00:16.000,2024-01-04 20:00:16.000,526992480.0,3439530.0,1072513029.0,227.0,original,228.0,original,229.0,original,4.0,original,0.0,gap_too_large,4.0,original,50.0,original,0.8673,original,526992480.0,original,3439530.0,original,1072513029.0,original,930161000.0,original,-109.0,original
618927.0,22.0,2024-01-04 20:30:00,OPMC_LIFT,930169000.0,227.0,228.0,229.0,4.0,0.0,4.0,49.96,0.8682,2024-01-04 20:30:18.000,2024-01-04 20:30:18.000,2024-01-04 20:30:18.000,526995110.0,3440733.0,1072521393.0,227.0,original,228.0,original,229.0,original,4.0,original,0.0,gap_too_large,4.0,original,49.96,original,0.8682,original,526995110.0,original,3440733.0,original,1072521393.0,original,930169000.0,original,-107.0,original
618997.0,22.0,2024-01-04 21:00:00,OPMC_LIFT,930176000.0,228.0,228.0,230.0,4.0,0.0,4.0,49.98,0.8695999999999999,2024-01-04 21:00:19.000,2024-01-04 21:00:19.000,2024-01-04 21:00:19.000,526997744.0,3441939.0,1072529765.0,228.0,original,228.0,original,230.0,original,4.0,original,0.0,gap_too_large,4.0,original,49.98,original,0.8695999999999999,original,526997744.0,original,3441939.0,original,1072529765.0,original,930176000.0,original,-102.0,original
619060.0,22.0,2024-01-04 21:30:00,OPMC_LIFT,930183000.0,228.0,229.0,230.0,4.0,0.0,4.0,50.0,0.8687999999999999,2024-01-04 21:30:14.000,2024-01-04 21:30:14.000,2024-01-04 21:30:14.000,527000400.0,3443142.0,1072538190.0,228.0,original,229.0,original,230.0,original,4.0,original,0.0,gap_too_large,4.0,original,50.0,original,0.8687999999999999,original,527000400.0,original,3443142.0,original,1072538190.0,original,930183000.0,original,-101.0,original
619123.0,22.0,2024-01-04 22:00:00,OPMC_LIFT,930191000.0,228.0,229.0,230.0,4.0,0.0,4.0,49.97,0.8675999999999999,2024-01-04 22:00:14.000,2024-01-04 22:00:14.000,2024-01-04 22:00:14.000,527003069.0,3444349.0,1072546648.0,228.0,original,229.0,original,230.0,original,4.0,original,0.0,gap_too_large,4.0,original,49.97,original,0.8675999999999999,original,527003069.0,original,3444349.0,original,1072546648.0,original,930191000.0,original,-107.0,original
619184.0,22.0,2024-01-04 22:30:00,OPMC_LIFT,930198000.0,229.0,230.0,231.0,4.0,0.0,4.0,50.06,0.8647999999999999,2024-01-04 22:30:10.000,2024-01-04 22:30:10.000,2024-01-04 22:30:10.000,527005744.0,3445555.0,1072555128.0,229.0,original,230.0,original,231.0,original,4.0,original,0.0,gap_too_large,4.0,original,50.06,original,0.8647999999999999,original,527005744.0,original,3445555.0,original,1072555128.0,original,930198000.0,original,-106.0,original
619267.0,22.0,2024-01-04 23:00:00,OPMC_LIFT,930205000.0,229.0,230.0,232.0,4.0,0.0,4.0,50.02,0.8683,2024-01-04 23:00:11.000,2024-01-04 23:00:11.000,2024-01-04 23:00:11.000,527008438.0,3446765.0,1072563653.0,229.0,original,230.0,original,232.0,original,4.0,original,0.0,gap_too_large,4.0,original,50.02,original,0.8683,original,527008438.0,original,3446765.0,original,1072563653.0,original,930205000.0,original,-101.0,original
619352.0,22.0,2024-01-04 23:30:00,OPMC_LIFT,930215000.0,227.0,228.0,230.0,4.0,0.0,4.0,49.95,0.8683,2024-01-04 23:40:12.000,2024-01-04 23:40:12.000,2024-01-04 23:40:12.000,527011968.0,3448368.0,1072574869.0,227.0,original,228.0,original,230.0,original,4.0,original,0.0,gap_too_large,4.0,original,49.95,original,0.8683,original,527011968.0,original,3448368.0,original,1072574869.0,original,930215000.0,original,-100.0,original
619400.0,22.0,2024-01-05 00:00:00,OPMC_LIFT,930220000.0,228.0,228.0,230.0,4.0,0.0,4.0,49.96,0.8672,2024-01-05 00:00:14.000,2024-01-05 00:00:14.000,2024-01-05 00:00:14.000,527013731.0,3449174.0,1072580469.0,228.0,original,228.0,original,230.0,original,4.0,original,0.0,gap_too_large,4.0,original,49.96,original,0.8672,original,527013731.0,original,3449174.0,original,1072580469.0,original,930220000.0,original,-108.0,original
619495.0,22.0,2024-01-05 00:30:00,OPMC_LIFT,930230000.0,228.0,228.0,230.0,4.0,0.0,4.0,49.96,0.8663,2024-01-05 00:40:13.000,2024-01-05 00:40:13.000,2024-01-05 00:40:13.000,527017274.0,3450784.0,1072591707.0,228.0,original,228.0,original,230.0,original,4.0,original,0.0,gap_too_large,4.0,original,49.96,original,0.8663,original,527017274.0,original,3450784.0,original,1072591707.0,original,930230000.0,original,-123.0,original
619563.0,22.0,2024-01-05 01:00:00,OPMC_LIFT,930237000.0,228.0,229.0,230.0,4.0,0.0,4.0,50.03,0.8672,2024-01-05 01:10:11.000,2024-01-05 01:10:11.000,2024-01-05 01:10:11.000,527019939.0,3451994.0,1072600149.0,228.0,original,229.0,original,230.0,original,4.0,original,0.0,gap_too_large,4.0,original,50.03,original,0.8672,original,527019939.0,original,3451994.0,original,1072600149.0,original,930237000.0,original,-119.0,original
619634.0,22.0,2024-01-05 01:30:00,OPMC_LIFT,930242000.0,229.0,229.0,230.0,4.0,0.0,4.0,49.99,0.8679999999999999,2024-01-05 01:30:17.000,2024-01-05 01:30:17.000,2024-01-05 01:30:17.000,527021718.0,3452800.0,1072605790.0,229.0,original,229.0,original,230.0,original,4.0,original,0.0,gap_too_large,4.0,original,49.99,original,0.8679999999999999,original,527021718.0,original,3452800.0,original,1072605790.0,original,930242000.0,original,-109.0,original
619707.0,22.0,2024-01-05 02:00:00,OPMC_LIFT,930249000.0,229.0,230.0,231.0,4.0,0.0,4.0,50.02,0.8686999999999999,2024-01-05 02:00:12.000,2024-01-05 02:00:12.000,2024-01-05 02:00:12.000,527024406.0,3454010.0,1072614289.0,229.0,original,230.0,original,231.0,original,4.0,original,0.0,gap_too_large,4.0,original,50.02,original,0.8686999999999999,original,527024406.0,original,3454010.0,original,1072614289.0,original,930249000.0,original,-121.0,original
619807.0,22.0,2024-01-05 02:30:00,OPMC_LIFT,930259000.0,229.0,230.0,231.0,4.0,0.0,4.0,49.99,0.8675999999999999,2024-01-05 02:40:14.000,2024-01-05 02:40:14.000,2024-01-05 02:40:14.000,527028006.0,3455622.0,1072625665.0,229.0,original,230.0,original,231.0,original,4.0,original,0.0,gap_too_large,4.0,original,49.99,original,0.8675999999999999,original,527028006.0,original,3455622.0,original,1072625665.0,original,930259000.0,original,-121.0,original
619857.0,22.0,2024-01-05 03:00:00,OPMC_LIFT,930264000.0,230.0,230.0,232.0,4.0,0.0,4.0,49.97,0.8684,2024-01-05 03:00:15.000,2024-01-05 03:00:15.000,2024-01-05 03:00:15.000,527029814.0,3456432.0,1072631368.0,230.0,original,230.0,original,232.0,original,4.0,original,0.0,gap_too_large,4.0,original,49.97,original,0.8684,original,527029814.0,original,3456432.0,original,1072631368.0,original,930264000.0,original,-121.0,original
619928.0,22.0,2024-01-05 03:30:00,OPMC_LIFT,930272000.0,230.0,230.0,232.0,4.0,0.0,4.0,49.95,0.8664999999999999,2024-01-05 03:30:15.000,2024-01-05 03:30:15.000,2024-01-05 03:30:15.000,527032538.0,3457642.0,1072639947.0,230.0,original,230.0,original,232.0,original,4.0,original,0.0,gap_too_large,4.0,original,49.95,original,0.8664999999999999,original,527032538.0,original,3457642.0,original,1072639947.0,original,930272000.0,original,-121.0,original
620003.0,22.0,2024-01-05 04:00:00,OPMC_LIFT,930279000.0,230.0,230.0,232.0,4.0,0.0,4.0,50.01,0.8669999999999999,2024-01-05 04:00:16.000,2024-01-05 04:00:16.000,2024-01-05 04:00:16.000,527035267.0,3458851.0,1072648539.0,230.0,original,230.0,original,232.0,original,4.0,original,0.0,gap_too_large,4.0,original,50.01,original,0.8669999999999999,original,527035267.0,original,3458851.0,original,1072648539.0,original,930279000.0,original,-108.0,original
620092.0,22.0,2024-01-05 04:30:00,OPMC_LIFT,930289000.0,229.0,230.0,231.0,4.0,0.0,4.0,49.98,0.8667999999999999,2024-01-05 04:40:15.000,2024-01-05 04:40:15.000,2024-01-05 04:40:15.000,527038886.0,3460464.0,1072659960.0,229.0,original,230.0,original,231.0,original,4.0,original,0.0,gap_too_large,4.0,original,49.98,original,0.8667999999999999,original,527038886.0,original,3460464.0,original,1072659960.0,original,930289000.0,original,-120.0,original
620141.0,22.0,2024-01-05 05:00:00,OPMC_LIFT,930294000.0,229.0,230.0,231.0,4.0,0.0,4.0,49.96,0.8672,2024-01-05 05:00:12.000,2024-01-05 05:00:12.000,2024-01-05 05:00:12.000,527040688.0,3461267.0,1072665653.0,229.0,original,230.0,original,231.0,original,4.0,original,0.0,gap_too_large,4.0,original,49.96,original,0.8672,original,527040688.0,original,3461267.0,original,1072665653.0,original,930294000.0,original,-119.0,original
620211.0,22.0,2024-01-05 05:30:00,OPMC_LIFT,930301000.0,228.0,229.0,230.0,4.0,0.0,4.0,50.04,0.8682,2024-01-05 05:30:15.000,2024-01-05 05:30:15.000,2024-01-05 05:30:15.000,527043363.0,3462477.0,1072674117.0,228.0,original,229.0,original,230.0,original,4.0,original,0.0,gap_too_large,4.0,original,50.04,original,0.8682,original,527043363.0,original,3462477.0,original,1072674117.0,original,930301000.0,original,-107.0,original
620278.0,22.0,2024-01-05 06:00:00,OPMC_LIFT,930309000.0,227.0,228.0,229.0,4.0,0.0,4.0,49.95,0.8684999999999999,2024-01-05 06:00:09.000,2024-01-05 06:00:09.000,2024-01-05 06:00:09.000,527046006.0,3463686.0,1072682501.0,227.0,original,228.0,original,229.0,original,4.0,original,0.0,gap_too_large,4.0,original,49.95,original,0.8684999999999999,original,527046006.0,original,3463686.0,original,1072682501.0,original,930309000.0,original,-121.0,original
620388.0,22.0,2024-01-05 06:30:00,OPMC_LIFT,930318000.0,225.0,226.0,227.0,4.0,0.0,4.0,50.04,0.8695999999999999,2024-01-05 06:40:14.000,2024-01-05 06:40:14.000,2024-01-05 06:40:14.000,527049466.0,3465293.0,1072693525.0,225.0,original,226.0,original,227.0,original,4.0,original,0.0,gap_too_large,4.0,original,50.04,original,0.8695999999999999,original,527049466.0,original,3465293.0,original,1072693525.0,original,930318000.0,original,-105.0,original
620446.0,22.0,2024-01-05 07:00:00,OPMC_LIFT,930323000.0,224.0,225.0,226.0,4.0,0.0,4.0,49.96,0.8713,2024-01-05 07:00:16.000,2024-01-05 07:00:16.000,2024-01-05 07:00:16.000,527051168.0,3466096.0,1072698968.0,224.0,original,225.0,original,226.0,original,4.0,original,0.0,gap_too_large,4.0,original,49.96,original,0.8713,original,527051168.0,original,3466096.0,original,1072698968.0,original,930323000.0,original,-123.0,original
620519.0,22.0,2024-01-05 07:30:00,OPMC_LIFT,930330000.0,225.0,226.0,227.0,4.0,0.0,3.0,50.02,0.8698999999999999,2024-01-05 07:30:12.000,2024-01-05 07:30:12.000,2024-01-05 07:30:12.000,527053741.0,3467296.0,1072707169.0,225.0,original,226.0,original,227.0,original,4.0,original,0.0,gap_too_large,3.0,original,50.02,original,0.8698999999999999,original,527053741.0,original,3467296.0,original,1072707169.0,original,930330000.0,original,-123.0,original
620637.0,22.0,2024-01-05 08:00:00,OPMC_LIFT,930342000.0,224.0,225.0,226.0,4.0,0.0,4.0,50.07,0.8688999999999999,2024-01-05 08:20:16.000,2024-01-05 08:20:16.000,2024-01-05 08:20:16.000,527058045.0,3469302.0,1072720878.0,224.0,original,225.0,original,226.0,original,4.0,original,0.0,gap_too_large,4.0,original,50.07,original,0.8688999999999999,original,527058045.0,original,3469302.0,original,1072720878.0,original,930342000.0,original,-100.0,original
620666.0,22.0,2024-01-05 08:30:00,OPMC_LIFT,930344000.0,226.0,227.0,228.0,4.0,364.0,4.0,50.06,0.8677999999999999,2024-01-05 08:30:14.000,2024-01-05 08:30:14.000,2024-01-05 08:30:14.000,527058893.0,3469702.0,1072723585.0,226.0,original,227.0,original,228.0,original,4.0,original,364.0,original,4.0,original,50.06,original,0.8677999999999999,original,527058893.0,original,3469702.0,original,1072723585.0,original,930344000.0,original,-120.0,original
620767.0,22.0,2024-01-05 09:00:00,OPMC_LIFT,931502000.0,219.0,221.0,222.0,333.0,352.0,352.0,50.04,0.8687999999999999,2024-01-05 09:10:13.000,2024-01-05 09:10:13.000,2024-01-05 09:10:13.000,527732410.0,3469789.0,1074064600.0,219.0,original,221.0,original,222.0,original,333.0,original,352.0,original,352.0,original,50.04,original,0.8687999999999999,original,527732410.0,original,3469789.0,original,1074064600.0,original,931502000.0,original,-100.0,original
620824.0,22.0,2024-01-05 09:30:00,OPMC_LIFT,932157000.0,218.0,220.0,221.0,328.0,346.0,346.0,49.99,0.8683,2024-01-05 09:30:16.000,2024-01-05 09:30:16.000,2024-01-05 09:30:16.000,528105728.0,3469789.0,1074819880.0,218.0,original,220.0,original,221.0,original,328.0,original,346.0,original,346.0,original,49.99,original,0.8683,original,528105728.0,original,3469789.0,original,1074819880.0,original,932157000.0,original,-105.0,original
620941.0,22.0,2024-01-05 10:00:00,OPMC_LIFT,933793000.0,219.0,221.0,223.0,332.0,348.0,349.0,49.99,0.8683,2024-01-05 10:20:17.000,2024-01-05 10:20:17.000,2024-01-05 10:20:17.000,529047350.0,3469789.0,1076708091.0,219.0,original,221.0,original,223.0,original,332.0,original,348.0,original,349.0,original,49.99,original,0.8683,original,529047350.0,original,3469789.0,original,1076708091.0,original,933793000.0,original,-103.0,original
620968.0,22.0,2024-01-05 10:30:00,OPMC_LIFT,934125000.0,219.0,221.0,223.0,334.0,351.0,350.0,50.02,0.8684999999999999,2024-01-05 10:30:15.000,2024-01-05 10:30:15.000,2024-01-05 10:30:15.000,529236941.0,3469789.0,1077090654.0,219.0,original,221.0,original,223.0,original,334.0,original,351.0,original,350.0,original,50.02,original,0.8684999999999999,original,529236941.0,original,3469789.0,original,1077090654.0,original,934125000.0,original,-102.0,original
621064.0,22.0,2024-01-05 11:00:00,OPMC_LIFT,935464000.0,220.0,222.0,223.0,335.0,353.0,353.0,50.02,0.8670999999999999,2024-01-05 11:10:12.000,2024-01-05 11:10:12.000,2024-01-05 11:10:12.000,529998048.0,3469789.0,1078631089.0,220.0,original,222.0,original,223.0,original,335.0,original,353.0,original,353.0,original,50.02,original,0.8670999999999999,original,529998048.0,original,3469789.0,original,1078631089.0,original,935464000.0,original,-100.0,original
621115.0,22.0,2024-01-05 11:30:00,OPMC_LIFT,936140000.0,223.0,225.0,226.0,335.0,353.0,355.0,50.03,0.8633,2024-01-05 11:30:14.000,2024-01-05 11:30:14.000,2024-01-05 11:30:14.000,530386294.0,3469789.0,1079411525.0,223.0,original,225.0,original,226.0,original,335.0,original,353.0,original,355.0,original,50.03,original,0.8633,original,530386294.0,original,3469789.0,original,1079411525.0,original,936140000.0,original,-123.0,original
621210.0,22.0,2024-01-05 12:00:00,OPMC_LIFT,937488000.0,221.0,224.0,225.0,336.0,354.0,355.0,49.96,0.8649999999999999,2024-01-05 12:10:11.000,2024-01-05 12:10:11.000,2024-01-05 12:10:11.000,531174928.0,3469789.0,1080973365.0,221.0,original,224.0,original,225.0,original,336.0,original,354.0,original,355.0,original,49.96,original,0.8649999999999999,original,531174928.0,original,3469789.0,original,1080973365.0,original,937488000.0,original,-106.0,original
621268.0,22.0,2024-01-05 12:30:00,OPMC_LIFT,938164000.0,222.0,224.0,225.0,338.0,356.0,358.0,49.96,0.8653,2024-01-05 12:30:16.000,2024-01-05 12:30:16.000,2024-01-05 12:30:16.000,531566486.0,3469789.0,1081754965.0,222.0,original,224.0,original,225.0,original,338.0,original,356.0,original,358.0,original,49.96,original,0.8653,original,531566486.0,original,3469789.0,original,1081754965.0,original,938164000.0,original,-103.0,original
621342.0,22.0,2024-01-05 13:00:00,OPMC_LIFT,939179000.0,219.0,221.0,222.0,341.0,359.0,360.0,49.96,0.8705999999999999,2024-01-05 13:00:17.000,2024-01-05 13:00:17.000,2024-01-05 13:00:17.000,532149328.0,3469789.0,1082926478.0,219.0,original,221.0,original,222.0,original,341.0,original,359.0,original,360.0,original,49.96,original,0.8705999999999999,original,532149328.0,original,3469789.0,original,1082926478.0,original,939179000.0,original,-107.0,original
621407.0,22.0,2024-01-05 13:30:00,OPMC_LIFT,940204000.0,220.0,222.0,223.0,341.0,360.0,359.0,49.98,0.8700999999999999,2024-01-05 13:30:13.000,2024-01-05 13:30:13.000,2024-01-05 13:30:13.000,532726346.0,3469789.0,1084103013.0,220.0,original,222.0,original,223.0,original,341.0,original,360.0,original,359.0,original,49.98,original,0.8700999999999999,original,532726346.0,original,3469789.0,original,1084103013.0,original,940204000.0,original,-103.0,original
621507.0,22.0,2024-01-05 14:00:00,OPMC_LIFT,941487000.0,223.0,224.0,226.0,189.0,193.0,197.0,50.05,0.8743,2024-01-05 14:10:14.000,2024-01-05 14:10:14.000,2024-01-05 14:10:14.000,533451037.0,3469789.0,1085576094.0,223.0,original,224.0,original,226.0,original,189.0,original,193.0,original,197.0,original,50.05,original,0.8743,original,533451037.0,original,3469789.0,original,1085576094.0,original,941487000.0,original,-108.0,original
621559.0,22.0,2024-01-05 14:30:00,OPMC_LIFT,941874000.0,223.0,224.0,225.0,197.0,200.0,205.0,50.01,0.8755,2024-01-05 14:30:11.000,2024-01-05 14:30:11.000,2024-01-05 14:30:11.000,533664992.0,3469789.0,1086018622.0,223.0,original,224.0,original,225.0,original,197.0,original,200.0,original,205.0,original,50.01,original,0.8755,original,533664992.0,original,3469789.0,original,1086018622.0,original,941874000.0,original,-105.0,original
621650.0,22.0,2024-01-05 15:00:00,OPMC_LIFT,942476000.0,223.0,225.0,226.0,203.0,206.0,211.0,50.06,0.8761999999999999,2024-01-05 15:00:16.000,2024-01-05 15:00:16.000,2024-01-05 15:00:16.000,533994976.0,3469789.0,1086705304.0,223.0,original,225.0,original,226.0,original,203.0,original,206.0,original,211.0,original,50.06,original,0.8761999999999999,original,533994976.0,original,3469789.0,original,1086705304.0,original,942476000.0,original,-121.0,original
621726.0,22.0,2024-01-05 15:30:00,OPMC_LIFT,943089000.0,222.0,224.0,225.0,204.0,208.0,212.0,49.98,0.8774,2024-01-05 15:30:11.000,2024-01-05 15:30:11.000,2024-01-05 15:30:11.000,534330000.0,3469789.0,1087404161.0,222.0,original,224.0,original,225.0,original,204.0,original,208.0,original,212.0,original,49.98,original,0.8774,original,534330000.0,original,3469789.0,original,1087404161.0,original,943089000.0,original,-120.0,original
621801.0,22.0,2024-01-05 16:00:00,OPMC_LIFT,943649000.0,227.0,228.0,229.0,3.0,0.0,108.0,49.98,0.4741999999999999,2024-01-05 16:00:15.000,2024-01-05 16:00:15.000,2024-01-05 16:00:15.000,534637402.0,3469789.0,1088042472.0,227.0,original,228.0,original,229.0,original,3.0,original,0.0,gap_too_large,108.0,interpolated,49.98,original,0.4741999999999999,original,534637402.0,original,3469789.0,original,1088042472.0,original,943649000.0,original,-101.0,original
621884.0,22.0,2024-01-05 16:30:00,OPMC_LIFT,943652000.0,229.0,230.0,231.0,4.0,0.0,4.0,50.04,0.8693,2024-01-05 16:30:14.000,2024-01-05 16:30:14.000,2024-01-05 16:30:14.000,534639667.0,3469834.0,1088046145.0,229.0,original,230.0,original,231.0,original,4.0,original,0.0,gap_too_large,4.0,original,50.04,original,0.8693,original,534639667.0,original,3469834.0,original,1088046145.0,original,943652000.0,original,-100.0,original
621967.0,22.0,2024-01-05 17:00:00,OPMC_LIFT,943659000.0,226.0,227.0,228.0,4.0,0.0,4.0,50.05,0.8654,2024-01-05 17:00:19.000,2024-01-05 17:00:19.000,2024-01-05 17:00:19.000,534642339.0,3471030.0,1088054574.0,226.0,original,227.0,original,228.0,original,4.0,original,0.0,gap_too_large,4.0,original,50.05,original,0.8654,original,534642339.0,original,3471030.0,original,1088054574.0,original,943659000.0,original,-107.0,original
622044.0,22.0,2024-01-05 17:30:00,OPMC_LIFT,943666000.0,228.0,229.0,230.0,4.0,0.0,4.0,50.05,0.8642,2024-01-05 17:30:15.000,2024-01-05 17:30:15.000,2024-01-05 17:30:15.000,534644982.0,3472230.0,1088062942.0,228.0,original,229.0,original,230.0,original,4.0,original,0.0,gap_too_large,4.0,original,50.05,original,0.8642,original,534644982.0,original,3472230.0,original,1088062942.0,original,943666000.0,original,-121.0,original
622123.0,22.0,2024-01-05 18:00:00,OPMC_LIFT,943674000.0,227.0,228.0,229.0,4.0,0.0,4.0,50.04,0.8673,2024-01-05 18:00:10.000,2024-01-05 18:00:10.000,2024-01-05 18:00:10.000,534647670.0,3473427.0,1088071413.0,227.0,original,228.0,original,229.0,original,4.0,original,0.0,gap_too_large,4.0,original,50.04,original,0.8673,original,534647670.0,original,3473427.0,original,1088071413.0,original,943674000.0,original,-121.0,original
622204.0,22.0,2024-01-05 18:30:00,OPMC_LIFT,943681000.0,228.0,229.0,230.0,4.0,0.0,4.0,49.95,0.8658999999999999,2024-01-05 18:30:15.000,2024-01-05 18:30:15.000,2024-01-05 18:30:15.000,534650339.0,3474627.0,1088079848.0,228.0,original,229.0,original,230.0,original,4.0,original,0.0,gap_too_large,4.0,original,49.95,original,0.8658999999999999,original,534650339.0,original,3474627.0,original,1088079848.0,original,943681000.0,original,-103.0,original
622277.0,22.0,2024-01-05 19:00:00,OPMC_LIFT,943688000.0,229.0,229.0,231.0,4.0,0.0,4.0,50.07,0.8692,2024-01-05 19:00:11.000,2024-01-05 19:00:11.000,2024-01-05 19:00:11.000,534653011.0,3475827.0,1088088296.0,229.0,original,229.0,original,231.0,original,4.0,original,0.0,gap_too_large,4.0,original,50.07,original,0.8692,original,534653011.0,original,3475827.0,original,1088088296.0,original,943688000.0,original,-121.0,original
622354.0,22.0,2024-01-05 19:30:00,OPMC_LIFT,943696000.0,229.0,229.0,231.0,4.0,0.0,4.0,50.07,0.8678999999999999,2024-01-05 19:30:15.000,2024-01-05 19:30:15.000,2024-01-05 19:30:15.000,534655686.0,3477027.0,1088096753.0,229.0,original,229.0,original,231.0,original,4.0,original,0.0,gap_too_large,4.0,original,50.07,original,0.8678999999999999,original,534655686.0,original,3477027.0,original,1088096753.0,original,943696000.0,original,-121.0,original
622454.0,22.0,2024-01-05 20:00:00,OPMC_LIFT,943705000.0,228.0,229.0,230.0,4.0,0.0,4.0,50.05,0.8690999999999999,2024-01-05 20:10:12.000,2024-01-05 20:10:12.000,2024-01-05 20:10:12.000,534659248.0,3478630.0,1088108030.0,228.0,original,229.0,original,230.0,original,4.0,original,0.0,gap_too_large,4.0,original,50.05,original,0.8690999999999999,original,534659248.0,original,3478630.0,original,1088108030.0,original,943705000.0,original,-100.0,original
622531.0,22.0,2024-01-05 20:30:00,OPMC_LIFT,943713000.0,228.0,229.0,231.0,4.0,0.0,4.0,50.04,0.8674,2024-01-05 20:40:15.000,2024-01-05 20:40:15.000,2024-01-05 20:40:15.000,534661923.0,3479834.0,1088116491.0,228.0,original,229.0,original,231.0,original,4.0,original,0.0,gap_too_large,4.0,original,50.04,original,0.8674,original,534661923.0,original,3479834.0,original,1088116491.0,original,943713000.0,original,-121.0,original
622606.0,22.0,2024-01-05 21:00:00,OPMC_LIFT,943720000.0,229.0,230.0,231.0,4.0,0.0,4.0,50.02,0.8672,2024-01-05 21:10:29.000,2024-01-05 21:10:29.000,2024-01-05 21:10:29.000,534664614.0,3481040.0,1088124993.0,229.0,original,230.0,original,231.0,original,4.0,original,0.0,gap_too_large,4.0,original,50.02,original,0.8672,original,534664614.0,original,3481040.0,original,1088124993.0,original,943720000.0,original,-106.0,original
622661.0,22.0,2024-01-05 21:30:00,OPMC_LIFT,943725000.0,230.0,230.0,232.0,4.0,0.0,4.0,50.05,0.8675999999999999,2024-01-05 21:30:17.000,2024-01-05 21:30:17.000,2024-01-05 21:30:17.000,534666419.0,3481846.0,1088130689.0,230.0,original,230.0,original,232.0,original,4.0,original,0.0,gap_too_large,4.0,original,50.05,original,0.8675999999999999,original,534666419.0,original,3481846.0,original,1088130689.0,original,943725000.0,original,-101.0,original
622740.0,22.0,2024-01-05 22:00:00,OPMC_LIFT,943733000.0,230.0,231.0,232.0,4.0,0.0,4.0,49.94,0.8669999999999999,2024-01-05 22:00:17.000,2024-01-05 22:00:17.000,2024-01-05 22:00:17.000,534669149.0,3483056.0,1088139288.0,230.0,original,231.0,original,232.0,original,4.0,original,0.0,gap_too_large,4.0,original,49.94,original,0.8669999999999999,original,534669149.0,original,3483056.0,original,1088139288.0,original,943733000.0,original,-107.0,original
622804.0,22.0,2024-01-05 22:30:00,OPMC_LIFT,943740000.0,226.0,227.0,228.0,4.0,0.0,4.0,49.97,0.8697999999999999,2024-01-05 22:30:17.000,2024-01-05 22:30:17.000,2024-01-05 22:30:17.000,534671750.0,3484256.0,1088147573.0,226.0,original,227.0,original,228.0,original,4.0,original,0.0,gap_too_large,4.0,original,49.97,original,0.8697999999999999,original,534671750.0,original,3484256.0,original,1088147573.0,original,943740000.0,original,-109.0,original
622909.0,22.0,2024-01-05 23:00:00,OPMC_LIFT,943750000.0,227.0,227.0,229.0,4.0,0.0,4.0,49.96,0.8667999999999999,2024-01-05 23:10:14.000,2024-01-05 23:10:14.000,2024-01-05 23:10:14.000,534675238.0,3485859.0,1088158680.0,227.0,original,227.0,original,229.0,original,4.0,original,0.0,gap_too_large,4.0,original,49.96,original,0.8667999999999999,original,534675238.0,original,3485859.0,original,1088158680.0,original,943750000.0,original,-108.0,original
622956.0,22.0,2024-01-05 23:30:00,OPMC_LIFT,943754000.0,227.0,228.0,230.0,4.0,0.0,4.0,50.06,0.8704,2024-01-05 23:30:11.000,2024-01-05 23:30:11.000,2024-01-05 23:30:11.000,534676989.0,3486659.0,1088164248.0,227.0,original,228.0,original,230.0,original,4.0,original,0.0,gap_too_large,4.0,original,50.06,original,0.8704,original,534676989.0,original,3486659.0,original,1088164248.0,original,943754000.0,original,-120.0,original
623038.0,22.0,2024-01-06 00:00:00,OPMC_LIFT,943762000.0,228.0,228.0,230.0,4.0,0.0,4.0,49.92,0.8689999999999999,2024-01-06 00:00:12.000,2024-01-06 00:00:12.000,2024-01-06 00:00:12.000,534679632.0,3487862.0,1088172641.0,228.0,original,228.0,original,230.0,original,4.0,original,0.0,gap_too_large,4.0,original,49.92,original,0.8689999999999999,original,534679632.0,original,3487862.0,original,1088172641.0,original,943762000.0,original,-99.0,original
623107.0,22.0,2024-01-06 00:30:00,OPMC_LIFT,943769000.0,228.0,229.0,230.0,4.0,0.0,4.0,50.07,0.8688999999999999,2024-01-06 00:30:10.000,2024-01-06 00:30:10.000,2024-01-06 00:30:10.000,534682291.0,3489069.0,1088181080.0,228.0,original,229.0,original,230.0,original,4.0,original,0.0,gap_too_large,4.0,original,50.07,original,0.8688999999999999,original,534682291.0,original,3489069.0,original,1088181080.0,original,943769000.0,original,-107.0,original
623204.0,22.0,2024-01-06 01:00:00,OPMC_LIFT,943779000.0,228.0,229.0,231.0,4.0,0.0,4.0,50.04,0.8672,2024-01-06 01:10:10.000,2024-01-06 01:10:10.000,2024-01-06 01:10:10.000,534685856.0,3490675.0,1088192373.0,228.0,original,229.0,original,231.0,original,4.0,original,0.0,gap_too_large,4.0,original,50.04,original,0.8672,original,534685856.0,original,3490675.0,original,1088192373.0,original,943779000.0,original,-123.0,original
623273.0,22.0,2024-01-06 01:30:00,OPMC_LIFT,943784000.0,229.0,229.0,231.0,4.0,0.0,4.0,50.05,0.8647999999999999,2024-01-06 01:30:17.000,2024-01-06 01:30:17.000,2024-01-06 01:30:17.000,534687645.0,3491482.0,1088198033.0,229.0,original,229.0,original,231.0,original,4.0,original,0.0,gap_too_large,4.0,original,50.05,original,0.8647999999999999,original,534687645.0,original,3491482.0,original,1088198033.0,original,943784000.0,original,-121.0,original
623350.0,22.0,2024-01-06 02:00:00,OPMC_LIFT,943791000.0,230.0,230.0,232.0,4.0,0.0,4.0,50.1,0.8674,2024-01-06 02:00:15.000,2024-01-06 02:00:15.000,2024-01-06 02:00:15.000,534690342.0,3492688.0,1088206565.0,230.0,original,230.0,original,232.0,original,4.0,original,0.0,gap_too_large,4.0,original,50.1,original,0.8674,original,534690342.0,original,3492688.0,original,1088206565.0,original,943791000.0,original,-106.0,original
623449.0,22.0,2024-01-06 02:30:00,OPMC_LIFT,943801000.0,230.0,230.0,232.0,4.0,0.0,4.0,50.02,0.8670999999999999,2024-01-06 02:40:13.000,2024-01-06 02:40:13.000,2024-01-06 02:40:13.000,534693955.0,3494298.0,1088217966.0,230.0,original,230.0,original,232.0,original,4.0,original,0.0,gap_too_large,4.0,original,50.02,original,0.8670999999999999,original,534693955.0,original,3494298.0,original,1088217966.0,original,943801000.0,original,-105.0,original
623498.0,22.0,2024-01-06 03:00:00,OPMC_LIFT,943806000.0,230.0,230.0,232.0,4.0,0.0,4.0,50.01,0.8672,2024-01-06 03:00:12.000,2024-01-06 03:00:12.000,2024-01-06 03:00:12.000,534695766.0,3495101.0,1088223685.0,230.0,original,230.0,original,232.0,original,4.0,original,0.0,gap_too_large,4.0,original,50.01,original,0.8672,original,534695766.0,original,3495101.0,original,1088223685.0,original,943806000.0,original,-120.0,original
623574.0,22.0,2024-01-06 03:30:00,OPMC_LIFT,943813000.0,230.0,230.0,232.0,4.0,0.0,4.0,50.02,0.8675999999999999,2024-01-06 03:30:15.000,2024-01-06 03:30:15.000,2024-01-06 03:30:15.000,534698490.0,3496307.0,1088232273.0,230.0,original,230.0,original,232.0,original,4.0,original,0.0,gap_too_large,4.0,original,50.02,original,0.8675999999999999,original,534698490.0,original,3496307.0,original,1088232273.0,original,943813000.0,original,-120.0,original
623651.0,22.0,2024-01-06 04:00:00,OPMC_LIFT,943821000.0,230.0,230.0,232.0,4.0,0.0,4.0,49.94,0.8685999999999999,2024-01-06 04:00:14.000,2024-01-06 04:00:14.000,2024-01-06 04:00:14.000,534701222.0,3497510.0,1088240878.0,230.0,original,230.0,original,232.0,original,4.0,original,0.0,gap_too_large,4.0,original,49.94,original,0.8685999999999999,original,534701222.0,original,3497510.0,original,1088240878.0,original,943821000.0,original,-102.0,original
623723.0,22.0,2024-01-06 04:30:00,OPMC_LIFT,943828000.0,230.0,230.0,232.0,4.0,0.0,4.0,50.06,0.8684,2024-01-06 04:30:15.000,2024-01-06 04:30:15.000,2024-01-06 04:30:15.000,534703946.0,3498720.0,1088249464.0,230.0,original,230.0,original,232.0,original,4.0,original,0.0,gap_too_large,4.0,original,50.06,original,0.8684,original,534703946.0,original,3498720.0,original,1088249464.0,original,943828000.0,original,-107.0,original
623723.0,,2024-01-06 05:00:00,OPMC_LIFT,943835500.0,229.5,229.5,231.5,4.0,0.0,4.0,50.025000000000006,0.8678999999999999,,,,534706651.5,3499925.0,1088258004.5,229.5,interpolated,229.5,interpolated,231.5,interpolated,4.0,interpolated,0.0,gap_too_large,4.0,interpolated,50.025000000000006,interpolated,0.8678999999999999,interpolated,534706651.5,interpolated,3499925.0,interpolated,1088258004.5,interpolated,943835500.0,interpolated,-114.0,interpolated
623862.0,22.0,2024-01-06 05:30:00,OPMC_LIFT,943843000.0,229.0,229.0,231.0,4.0,0.0,4.0,49.99,0.8674,2024-01-06 05:30:10.000,2024-01-06 05:30:10.000,2024-01-06 05:30:10.000,534709357.0,3501130.0,1088266545.0,229.0,original,229.0,original,231.0,original,4.0,original,0.0,gap_too_large,4.0,original,49.99,original,0.8674,original,534709357.0,original,3501130.0,original,1088266545.0,original,943843000.0,original,-121.0,original
623970.0,22.0,2024-01-06 06:00:00,OPMC_LIFT,943853000.0,229.0,229.0,231.0,4.0,0.0,4.0,49.99,0.8665999999999999,2024-01-06 06:10:13.000,2024-01-06 06:10:13.000,2024-01-06 06:10:13.000,534712960.0,3502742.0,1088277921.0,229.0,original,229.0,original,231.0,original,4.0,original,0.0,gap_too_large,4.0,original,49.99,original,0.8665999999999999,original,534712960.0,original,3502742.0,original,1088277921.0,original,943853000.0,original,-120.0,original
624021.0,22.0,2024-01-06 06:30:00,OPMC_LIFT,943858000.0,228.0,229.0,231.0,4.0,0.0,4.0,50.04,0.8664,2024-01-06 06:30:16.000,2024-01-06 06:30:16.000,2024-01-06 06:30:16.000,534714749.0,3503546.0,1088283582.0,228.0,original,229.0,original,231.0,original,4.0,original,0.0,gap_too_large,4.0,original,50.04,original,0.8664,original,534714749.0,original,3503546.0,original,1088283582.0,original,943858000.0,original,-108.0,original
624101.0,22.0,2024-01-06 07:00:00,OPMC_LIFT,943865000.0,228.0,229.0,230.0,4.0,0.0,4.0,50.05,0.8674999999999999,2024-01-06 07:00:14.000,2024-01-06 07:00:14.000,2024-01-06 07:00:14.000,534717418.0,3504758.0,1088292037.0,228.0,original,229.0,original,230.0,original,4.0,original,0.0,gap_too_large,4.0,original,50.05,original,0.8674999999999999,original,534717418.0,original,3504758.0,original,1088292037.0,original,943865000.0,original,-111.0,original
624163.0,22.0,2024-01-06 07:30:00,OPMC_LIFT,943873000.0,227.0,228.0,229.0,4.0,0.0,4.0,49.99,0.8689999999999999,2024-01-06 07:30:11.000,2024-01-06 07:30:11.000,2024-01-06 07:30:11.000,534720064.0,3505965.0,1088300440.0,227.0,original,228.0,original,229.0,original,4.0,original,0.0,gap_too_large,4.0,original,49.99,original,0.8689999999999999,original,534720064.0,original,3505965.0,original,1088300440.0,original,943873000.0,original,-108.0,original
624278.0,22.0,2024-01-06 08:00:00,OPMC_LIFT,943885000.0,227.0,227.0,229.0,4.0,0.0,4.0,50.07,0.8677999999999999,2024-01-06 08:20:16.000,2024-01-06 08:20:16.000,2024-01-06 08:20:16.000,534724419.0,3507974.0,1088314293.0,227.0,original,227.0,original,229.0,original,4.0,original,0.0,gap_too_large,4.0,original,50.07,original,0.8677999999999999,original,534724419.0,original,3507974.0,original,1088314293.0,original,943885000.0,original,-112.0,original
624300.0,22.0,2024-01-06 08:30:00,OPMC_LIFT,943887000.0,226.0,227.0,229.0,4.0,0.0,4.0,50.06,0.8703,2024-01-06 08:30:14.000,2024-01-06 08:30:14.000,2024-01-06 08:30:14.000,534725290.0,3508378.0,1088317064.0,226.0,original,227.0,original,229.0,original,4.0,original,0.0,gap_too_large,4.0,original,50.06,original,0.8703,original,534725290.0,original,3508378.0,original,1088317064.0,original,943887000.0,original,-101.0,original
624372.0,22.0,2024-01-06 09:00:00,OPMC_LIFT,943894000.0,225.0,225.0,227.0,4.0,0.0,4.0,50.01,0.8709999999999999,2024-01-06 09:00:18.000,2024-01-06 09:00:18.000,2024-01-06 09:00:18.000,534727872.0,3509578.0,1088325297.0,225.0,original,225.0,original,227.0,original,4.0,original,0.0,gap_too_large,4.0,original,50.01,original,0.8709999999999999,original,534727872.0,original,3509578.0,original,1088325297.0,original,943894000.0,original,-123.0,original
624433.0,22.0,2024-01-06 09:30:00,OPMC_LIFT,943901000.0,226.0,227.0,228.0,4.0,0.0,4.0,50.06,0.8698999999999999,2024-01-06 09:30:13.000,2024-01-06 09:30:13.000,2024-01-06 09:30:13.000,534730486.0,3510784.0,1088333605.0,226.0,original,227.0,original,228.0,original,4.0,original,0.0,gap_too_large,4.0,original,50.06,original,0.8698999999999999,original,534730486.0,original,3510784.0,original,1088333605.0,original,943901000.0,original,-123.0,original
624505.0,22.0,2024-01-06 10:00:00,OPMC_LIFT,943908000.0,225.0,226.0,227.0,4.0,0.0,4.0,50.0,0.8693,2024-01-06 10:00:12.000,2024-01-06 10:00:12.000,2024-01-06 10:00:12.000,534733082.0,3511987.0,1088341867.0,225.0,original,226.0,original,227.0,original,4.0,original,0.0,gap_too_large,4.0,original,50.0,original,0.8693,original,534733082.0,original,3511987.0,original,1088341867.0,original,943908000.0,original,-101.0,original
624626.0,22.0,2024-01-06 10:30:00,OPMC_LIFT,943920000.0,227.0,228.0,229.0,4.0,0.0,4.0,49.99,0.8666999999999999,2024-01-06 10:50:16.000,2024-01-06 10:50:16.000,2024-01-06 10:50:16.000,534737414.0,3513994.0,1088355653.0,227.0,original,228.0,original,229.0,original,4.0,original,0.0,gap_too_large,4.0,original,49.99,original,0.8666999999999999,original,534737414.0,original,3513994.0,original,1088355653.0,original,943920000.0,original,-107.0,original
624654.0,22.0,2024-01-06 11:00:00,OPMC_LIFT,943923000.0,227.0,228.0,229.0,4.0,0.0,4.0,49.97,0.8658999999999999,2024-01-06 11:00:18.000,2024-01-06 11:00:18.000,2024-01-06 11:00:18.000,534738294.0,3514394.0,1088358440.0,227.0,original,228.0,original,229.0,original,4.0,original,0.0,gap_too_large,4.0,original,49.97,original,0.8658999999999999,original,534738294.0,original,3514394.0,original,1088358440.0,original,943923000.0,original,-112.0,original
624722.0,22.0,2024-01-06 11:30:00,OPMC_LIFT,943930000.0,228.0,228.0,230.0,4.0,0.0,4.0,50.02,0.8656999999999999,2024-01-06 11:30:17.000,2024-01-06 11:30:17.000,2024-01-06 11:30:17.000,534740934.0,3515597.0,1088366808.0,228.0,original,228.0,original,230.0,original,4.0,original,0.0,gap_too_large,4.0,original,50.02,original,0.8656999999999999,original,534740934.0,original,3515597.0,original,1088366808.0,original,943930000.0,original,-120.0,original
624815.0,22.0,2024-01-06 12:00:00,OPMC_LIFT,943940000.0,229.0,230.0,231.0,4.0,0.0,4.0,50.0,0.8679999999999999,2024-01-06 12:10:16.000,2024-01-06 12:10:16.000,2024-01-06 12:10:16.000,534744493.0,3517200.0,1088378059.0,229.0,original,230.0,original,231.0,original,4.0,original,0.0,gap_too_large,4.0,original,50.0,original,0.8679999999999999,original,534744493.0,original,3517200.0,original,1088378059.0,original,943940000.0,original,-121.0,original
624868.0,22.0,2024-01-06 12:30:00,OPMC_LIFT,943945000.0,229.0,230.0,231.0,4.0,0.0,4.0,50.03,0.8667999999999999,2024-01-06 12:30:17.000,2024-01-06 12:30:17.000,2024-01-06 12:30:17.000,534746291.0,3518003.0,1088383739.0,229.0,original,230.0,original,231.0,original,4.0,original,0.0,gap_too_large,4.0,original,50.03,original,0.8667999999999999,original,534746291.0,original,3518003.0,original,1088383739.0,original,943945000.0,original,-102.0,original
624930.0,22.0,2024-01-06 13:00:00,OPMC_LIFT,943952000.0,229.0,229.0,231.0,4.0,0.0,4.0,50.0,0.8647999999999999,2024-01-06 13:00:16.000,2024-01-06 13:00:16.000,2024-01-06 13:00:16.000,534748989.0,3519210.0,1088392241.0,229.0,original,229.0,original,231.0,original,4.0,original,0.0,gap_too_large,4.0,original,50.0,original,0.8647999999999999,original,534748989.0,original,3519210.0,original,1088392241.0,original,943952000.0,original,-108.0,original
624999.0,22.0,2024-01-06 13:30:00,OPMC_LIFT,943960000.0,228.0,228.0,230.0,4.0,0.0,4.0,50.05,0.8667999999999999,2024-01-06 13:30:13.000,2024-01-06 13:30:13.000,2024-01-06 13:30:13.000,534751658.0,3520413.0,1088400686.0,228.0,original,228.0,original,230.0,original,4.0,original,0.0,gap_too_large,4.0,original,50.05,original,0.8667999999999999,original,534751658.0,original,3520413.0,original,1088400686.0,original,943960000.0,original,-121.0,original
625091.0,22.0,2024-01-06 14:00:00,OPMC_LIFT,943969000.0,228.0,229.0,230.0,4.0,0.0,4.0,49.97,0.8703,2024-01-06 14:10:09.000,2024-01-06 14:10:09.000,2024-01-06 14:10:09.000,534755206.0,3522019.0,1088411915.0,228.0,original,229.0,original,230.0,original,4.0,original,0.0,gap_too_large,4.0,original,49.97,original,0.8703,original,534755206.0,original,3522019.0,original,1088411915.0,original,943969000.0,original,-121.0,original
625143.0,22.0,2024-01-06 14:30:00,OPMC_LIFT,943974000.0,229.0,229.0,231.0,4.0,0.0,4.0,50.05,0.8708999999999999,2024-01-06 14:30:17.000,2024-01-06 14:30:17.000,2024-01-06 14:30:17.000,534756989.0,3522822.0,1088417550.0,229.0,original,229.0,original,231.0,original,4.0,original,0.0,gap_too_large,4.0,original,50.05,original,0.8708999999999999,original,534756989.0,original,3522822.0,original,1088417550.0,original,943974000.0,original,-101.0,original
625227.0,22.0,2024-01-06 15:00:00,OPMC_LIFT,943982000.0,230.0,230.0,232.0,4.0,0.0,4.0,50.08,0.8649999999999999,2024-01-06 15:00:18.000,2024-01-06 15:00:18.000,2024-01-06 15:00:18.000,534759693.0,3524035.0,1088426085.0,230.0,original,230.0,original,232.0,original,4.0,original,0.0,gap_too_large,4.0,original,50.08,original,0.8649999999999999,original,534759693.0,original,3524035.0,original,1088426085.0,original,943982000.0,original,-102.0,original
625302.0,22.0,2024-01-06 15:30:00,OPMC_LIFT,943989000.0,230.0,231.0,232.0,4.0,0.0,4.0,50.02,0.8667999999999999,2024-01-06 15:30:10.000,2024-01-06 15:30:10.000,2024-01-06 15:30:10.000,534762416.0,3525248.0,1088434661.0,230.0,original,231.0,original,232.0,original,4.0,original,0.0,gap_too_large,4.0,original,50.02,original,0.8667999999999999,original,534762416.0,original,3525248.0,original,1088434661.0,original,943989000.0,original,-108.0,original
625387.0,22.0,2024-01-06 16:00:00,OPMC_LIFT,943996000.0,229.0,229.0,231.0,4.0,0.0,4.0,49.95,0.8659999999999999,2024-01-06 16:00:17.000,2024-01-06 16:00:17.000,2024-01-06 16:00:17.000,534765110.0,3526458.0,1088443166.0,229.0,original,229.0,original,231.0,original,4.0,original,0.0,gap_too_large,4.0,original,49.95,original,0.8659999999999999,original,534765110.0,original,3526458.0,original,1088443166.0,original,943996000.0,original,-108.0,original
625511.0,22.0,2024-01-06 16:30:00,OPMC_LIFT,944009000.0,230.0,231.0,232.0,4.0,0.0,4.0,49.98,0.8709999999999999,2024-01-06 16:50:12.000,2024-01-06 16:50:12.000,2024-01-06 16:50:12.000,534769629.0,3528470.0,1088457406.0,230.0,original,231.0,original,232.0,original,4.0,original,0.0,gap_too_large,4.0,original,49.98,original,0.8709999999999999,original,534769629.0,original,3528470.0,original,1088457406.0,original,944009000.0,original,-112.0,original
625541.0,22.0,2024-01-06 17:00:00,OPMC_LIFT,944011000.0,230.0,231.0,232.0,4.0,0.0,4.0,49.95,0.8676999999999999,2024-01-06 17:00:15.000,2024-01-06 17:00:15.000,2024-01-06 17:00:15.000,534770541.0,3528874.0,1088460273.0,230.0,original,231.0,original,232.0,original,4.0,original,0.0,gap_too_large,4.0,original,49.95,original,0.8676999999999999,original,534770541.0,original,3528874.0,original,1088460273.0,original,944011000.0,original,-120.0,original
625645.0,22.0,2024-01-06 17:30:00,OPMC_LIFT,944021000.0,229.0,229.0,231.0,4.0,0.0,4.0,50.02,0.8687999999999999,2024-01-06 17:40:09.000,2024-01-06 17:40:09.000,2024-01-06 17:40:09.000,534774125.0,3530486.0,1088471585.0,229.0,original,229.0,original,231.0,original,4.0,original,0.0,gap_too_large,4.0,original,50.02,original,0.8687999999999999,original,534774125.0,original,3530486.0,original,1088471585.0,original,944021000.0,original,-103.0,original
625645.0,,2024-01-06 18:00:00,OPMC_LIFT,944027000.0,228.5,228.5,230.5,4.0,0.0,4.0,50.02,0.8685499999999999,,,,534776368.0,3531492.5,1088478665.0,228.5,interpolated,228.5,interpolated,230.5,interpolated,4.0,interpolated,0.0,gap_too_large,4.0,interpolated,50.02,interpolated,0.8685499999999999,interpolated,534776368.0,interpolated,3531492.5,interpolated,1088478665.0,interpolated,944027000.0,interpolated,-112.0,interpolated
625780.0,22.0,2024-01-06 18:30:00,OPMC_LIFT,944033000.0,228.0,228.0,230.0,4.0,0.0,4.0,50.02,0.8683,2024-01-06 18:30:09.000,2024-01-06 18:30:09.000,2024-01-06 18:30:09.000,534778611.0,3532499.0,1088485745.0,228.0,original,228.0,original,230.0,original,4.0,original,0.0,gap_too_large,4.0,original,50.02,original,0.8683,original,534778611.0,original,3532499.0,original,1088485745.0,original,944033000.0,original,-121.0,original
625866.0,22.0,2024-01-06 19:00:00,OPMC_LIFT,944041000.0,225.0,225.0,227.0,4.0,0.0,4.0,50.06,0.8698999999999999,2024-01-06 19:00:10.000,2024-01-06 19:00:10.000,2024-01-06 19:00:10.000,534781248.0,3533706.0,1088494117.0,225.0,original,225.0,original,227.0,original,4.0,original,0.0,gap_too_large,4.0,original,50.06,original,0.8698999999999999,original,534781248.0,original,3533706.0,original,1088494117.0,original,944041000.0,original,-120.0,original
625981.0,22.0,2024-01-06 19:30:00,OPMC_LIFT,944050000.0,227.0,228.0,229.0,4.0,0.0,4.0,50.05,0.8659999999999999,2024-01-06 19:40:14.000,2024-01-06 19:40:14.000,2024-01-06 19:40:14.000,534784749.0,3535312.0,1088505227.0,227.0,original,228.0,original,229.0,original,4.0,original,0.0,gap_too_large,4.0,original,50.05,original,0.8659999999999999,original,534784749.0,original,3535312.0,original,1088505227.0,original,944050000.0,original,-101.0,original
626034.0,22.0,2024-01-06 20:00:00,OPMC_LIFT,944055000.0,227.0,227.0,229.0,4.0,0.0,4.0,50.01,0.8685999999999999,2024-01-06 20:00:14.000,2024-01-06 20:00:14.000,2024-01-06 20:00:14.000,534786502.0,3536118.0,1088510801.0,227.0,original,227.0,original,229.0,original,4.0,original,0.0,gap_too_large,4.0,original,50.01,original,0.8685999999999999,original,534786502.0,original,3536118.0,original,1088510801.0,original,944055000.0,original,-102.0,original
626145.0,22.0,2024-01-06 20:30:00,OPMC_LIFT,944065000.0,227.0,228.0,229.0,4.0,0.0,4.0,50.04,0.8666999999999999,2024-01-06 20:40:14.000,2024-01-06 20:40:14.000,2024-01-06 20:40:14.000,534790016.0,3537728.0,1088521957.0,227.0,original,228.0,original,229.0,original,4.0,original,0.0,gap_too_large,4.0,original,50.04,original,0.8666999999999999,original,534790016.0,original,3537728.0,original,1088521957.0,original,944065000.0,original,-107.0,original
626197.0,22.0,2024-01-06 21:00:00,OPMC_LIFT,944070000.0,228.0,228.0,230.0,4.0,0.0,4.0,50.1,0.8689999999999999,2024-01-06 21:00:12.000,2024-01-06 21:00:12.000,2024-01-06 21:00:12.000,534791776.0,3538531.0,1088527537.0,228.0,original,228.0,original,230.0,original,4.0,original,0.0,gap_too_large,4.0,original,50.1,original,0.8689999999999999,original,534791776.0,original,3538531.0,original,1088527537.0,original,944070000.0,original,-99.0,original
626282.0,22.0,2024-01-06 21:30:00,OPMC_LIFT,944077000.0,228.0,229.0,230.0,4.0,0.0,4.0,50.07,0.8689999999999999,2024-01-06 21:30:14.000,2024-01-06 21:30:14.000,2024-01-06 21:30:14.000,534794432.0,3539741.0,1088535960.0,228.0,original,229.0,original,230.0,original,4.0,original,0.0,gap_too_large,4.0,original,50.07,original,0.8689999999999999,original,534794432.0,original,3539741.0,original,1088535960.0,original,944077000.0,original,-112.0,original
626362.0,22.0,2024-01-06 22:00:00,OPMC_LIFT,944084000.0,229.0,229.0,231.0,4.0,0.0,4.0,50.06,0.8665999999999999,2024-01-06 22:00:18.000,2024-01-06 22:00:18.000,2024-01-06 22:00:18.000,534797107.0,3540947.0,1088544430.0,229.0,original,229.0,original,231.0,original,4.0,original,0.0,gap_too_large,4.0,original,50.06,original,0.8665999999999999,original,534797107.0,original,3540947.0,original,1088544430.0,original,944084000.0,original,-108.0,original
626456.0,22.0,2024-01-06 22:30:00,OPMC_LIFT,944094000.0,229.0,230.0,232.0,4.0,0.0,4.0,49.99,0.8684999999999999,2024-01-06 22:40:10.000,2024-01-06 22:40:10.000,2024-01-06 22:40:10.000,534800717.0,3542557.0,1088555813.0,229.0,original,230.0,original,232.0,original,4.0,original,0.0,gap_too_large,4.0,original,49.99,original,0.8684999999999999,original,534800717.0,original,3542557.0,original,1088555813.0,original,944094000.0,original,-106.0,original
626562.0,22.0,2024-01-06 23:00:00,OPMC_LIFT,944104000.0,230.0,230.0,232.0,4.0,0.0,4.0,49.95,0.8674999999999999,2024-01-06 23:20:14.000,2024-01-06 23:20:14.000,2024-01-06 23:20:14.000,534804355.0,3544166.0,1088567272.0,230.0,original,230.0,original,232.0,original,4.0,original,0.0,gap_too_large,4.0,original,49.95,original,0.8674999999999999,original,534804355.0,original,3544166.0,original,1088567272.0,original,944104000.0,original,-109.0,original
626583.0,22.0,2024-01-06 23:30:00,OPMC_LIFT,944107000.0,230.0,230.0,232.0,4.0,0.0,4.0,49.94,0.8656999999999999,2024-01-06 23:30:16.000,2024-01-06 23:30:16.000,2024-01-06 23:30:16.000,534805267.0,3544570.0,1088570142.0,230.0,original,230.0,original,232.0,original,4.0,original,0.0,gap_too_large,4.0,original,49.94,original,0.8656999999999999,original,534805267.0,original,3544570.0,original,1088570142.0,original,944107000.0,original,-120.0,original
626666.0,22.0,2024-01-07 00:00:00,OPMC_LIFT,944114000.0,230.0,231.0,233.0,4.0,0.0,4.0,49.94,0.8686999999999999,2024-01-07 00:00:12.000,2024-01-07 00:00:12.000,2024-01-07 00:00:12.000,534808006.0,3545776.0,1088578753.0,230.0,original,231.0,original,233.0,original,4.0,original,0.0,gap_too_large,4.0,original,49.94,original,0.8686999999999999,original,534808006.0,original,3545776.0,original,1088578753.0,original,944114000.0,original,-111.0,original
626796.0,22.0,2024-01-07 00:30:00,OPMC_LIFT,944126000.0,228.0,229.0,231.0,4.0,0.0,4.0,49.99,0.8687999999999999,2024-01-07 00:50:15.000,2024-01-07 00:50:15.000,2024-01-07 00:50:15.000,534812467.0,3547782.0,1088592862.0,228.0,original,229.0,original,231.0,original,4.0,original,0.0,gap_too_large,4.0,original,49.99,original,0.8687999999999999,original,534812467.0,original,3547782.0,original,1088592862.0,original,944126000.0,original,-118.0,original
626826.0,22.0,2024-01-07 01:00:00,OPMC_LIFT,944129000.0,229.0,229.0,231.0,4.0,0.0,4.0,49.95,0.8698999999999999,2024-01-07 01:00:13.000,2024-01-07 01:00:13.000,2024-01-07 01:00:13.000,534813363.0,3548186.0,1088595694.0,229.0,original,229.0,original,231.0,original,4.0,original,0.0,gap_too_large,4.0,original,49.95,original,0.8698999999999999,original,534813363.0,original,3548186.0,original,1088595694.0,original,944129000.0,original,-109.0,original
626911.0,22.0,2024-01-07 01:30:00,OPMC_LIFT,944136000.0,229.0,229.0,231.0,4.0,0.0,4.0,50.06,0.8662,2024-01-07 01:30:11.000,2024-01-07 01:30:11.000,2024-01-07 01:30:11.000,534816058.0,3549389.0,1088604200.0,229.0,original,229.0,original,231.0,original,4.0,original,0.0,gap_too_large,4.0,original,50.06,original,0.8662,original,534816058.0,original,3549389.0,original,1088604200.0,original,944136000.0,original,-105.0,original
626983.0,22.0,2024-01-07 02:00:00,OPMC_LIFT,944143000.0,229.0,230.0,232.0,4.0,0.0,4.0,50.02,0.8655999999999999,2024-01-07 02:00:12.000,2024-01-07 02:00:12.000,2024-01-07 02:00:12.000,534818758.0,3550595.0,1088612718.0,229.0,original,230.0,original,232.0,original,4.0,original,0.0,gap_too_large,4.0,original,50.02,original,0.8655999999999999,original,534818758.0,original,3550595.0,original,1088612718.0,original,944143000.0,original,-111.0,original
627064.0,22.0,2024-01-07 02:30:00,OPMC_LIFT,944151000.0,230.0,230.0,232.0,4.0,0.0,4.0,50.01,0.8647999999999999,2024-01-07 02:30:16.000,2024-01-07 02:30:16.000,2024-01-07 02:30:16.000,534821469.0,3551802.0,1088621262.0,230.0,original,230.0,original,232.0,original,4.0,original,0.0,gap_too_large,4.0,original,50.01,original,0.8647999999999999,original,534821469.0,original,3551802.0,original,1088621262.0,original,944151000.0,original,-109.0,original
627168.0,22.0,2024-01-07 03:00:00,OPMC_LIFT,944161000.0,230.0,230.0,232.0,4.0,0.0,4.0,50.05,0.8677999999999999,2024-01-07 03:10:16.000,2024-01-07 03:10:16.000,2024-01-07 03:10:16.000,534825107.0,3553414.0,1088632718.0,230.0,original,230.0,original,232.0,original,4.0,original,0.0,gap_too_large,4.0,original,50.05,original,0.8677999999999999,original,534825107.0,original,3553414.0,original,1088632718.0,original,944161000.0,original,-108.0,original
627215.0,22.0,2024-01-07 03:30:00,OPMC_LIFT,944166000.0,230.0,231.0,233.0,4.0,0.0,4.0,50.06,0.8699999999999999,2024-01-07 03:30:12.000,2024-01-07 03:30:12.000,2024-01-07 03:30:12.000,534826928.0,3554218.0,1088638446.0,230.0,original,231.0,original,233.0,original,4.0,original,0.0,gap_too_large,4.0,original,50.06,original,0.8699999999999999,original,534826928.0,original,3554218.0,original,1088638446.0,original,944166000.0,original,-105.0,original
627291.0,22.0,2024-01-07 04:00:00,OPMC_LIFT,944173000.0,230.0,230.0,232.0,4.0,0.0,4.0,50.0,0.8668999999999999,2024-01-07 04:00:16.000,2024-01-07 04:00:16.000,2024-01-07 04:00:16.000,534829664.0,3555427.0,1088647061.0,230.0,original,230.0,original,232.0,original,4.0,original,0.0,gap_too_large,4.0,original,50.0,original,0.8668999999999999,original,534829664.0,original,3555427.0,original,1088647061.0,original,944173000.0,original,-102.0,original
627369.0,22.0,2024-01-07 04:30:00,OPMC_LIFT,944181000.0,230.0,230.0,232.0,4.0,0.0,4.0,50.01,0.8662,2024-01-07 04:30:15.000,2024-01-07 04:30:15.000,2024-01-07 04:30:15.000,534832397.0,3556634.0,1088655659.0,230.0,original,230.0,original,232.0,original,4.0,original,0.0,gap_too_large,4.0,original,50.01,original,0.8662,original,534832397.0,original,3556634.0,original,1088655659.0,original,944181000.0,original,-105.0,original
627472.0,22.0,2024-01-07 05:00:00,OPMC_LIFT,944191000.0,229.0,230.0,232.0,4.0,0.0,4.0,49.98,0.8684999999999999,2024-01-07 05:10:14.000,2024-01-07 05:10:14.000,2024-01-07 05:10:14.000,534836032.0,3558243.0,1088667099.0,229.0,original,230.0,original,232.0,original,4.0,original,0.0,gap_too_large,4.0,original,49.98,original,0.8684999999999999,original,534836032.0,original,3558243.0,original,1088667099.0,original,944191000.0,original,-102.0,original
627520.0,22.0,2024-01-07 05:30:00,OPMC_LIFT,944196000.0,229.0,230.0,232.0,4.0,0.0,4.0,49.98,0.8674,2024-01-07 05:30:13.000,2024-01-07 05:30:13.000,2024-01-07 05:30:13.000,534837843.0,3559046.0,1088672805.0,229.0,original,230.0,original,232.0,original,4.0,original,0.0,gap_too_large,4.0,original,49.98,original,0.8674,original,534837843.0,original,3559046.0,original,1088672805.0,original,944196000.0,original,-121.0,original
627627.0,22.0,2024-01-07 06:00:00,OPMC_LIFT,944206000.0,229.0,230.0,231.0,4.0,0.0,4.0,50.04,0.8668999999999999,2024-01-07 06:10:14.000,2024-01-07 06:10:14.000,2024-01-07 06:10:14.000,534841462.0,3560659.0,1088684206.0,229.0,original,230.0,original,231.0,original,4.0,original,0.0,gap_too_large,4.0,original,50.04,original,0.8668999999999999,original,534841462.0,original,3560659.0,original,1088684206.0,original,944206000.0,original,-121.0,original
627676.0,22.0,2024-01-07 06:30:00,OPMC_LIFT,944210000.0,229.0,230.0,232.0,4.0,0.0,4.0,50.05,0.8672,2024-01-07 06:30:10.000,2024-01-07 06:30:10.000,2024-01-07 06:30:10.000,534843270.0,3561469.0,1088689909.0,229.0,original,230.0,original,232.0,original,4.0,original,0.0,gap_too_large,4.0,original,50.05,original,0.8672,original,534843270.0,original,3561469.0,original,1088689909.0,original,944210000.0,original,-109.0,original
627798.0,22.0,2024-01-07 07:00:00,OPMC_LIFT,944220000.0,229.0,229.0,231.0,4.0,0.0,4.0,50.0,0.8656999999999999,2024-01-07 07:10:18.000,2024-01-07 07:10:18.000,2024-01-07 07:10:18.000,534846880.0,3563082.0,1088701285.0,229.0,original,229.0,original,231.0,original,4.0,original,0.0,gap_too_large,4.0,original,50.0,original,0.8656999999999999,original,534846880.0,original,3563082.0,original,1088701285.0,original,944220000.0,original,-102.0,original
627848.0,22.0,2024-01-07 07:30:00,OPMC_LIFT,944225000.0,228.0,229.0,230.0,4.0,0.0,4.0,49.96,0.8676999999999999,2024-01-07 07:30:18.000,2024-01-07 07:30:18.000,2024-01-07 07:30:18.000,534848669.0,3563885.0,1088706936.0,228.0,original,229.0,original,230.0,original,4.0,original,0.0,gap_too_large,4.0,original,49.96,original,0.8676999999999999,original,534848669.0,original,3563885.0,original,1088706936.0,original,944225000.0,original,-109.0,original
627921.0,22.0,2024-01-07 08:00:00,OPMC_LIFT,944233000.0,228.0,228.0,230.0,4.0,0.0,4.0,49.99,0.8664,2024-01-07 08:00:13.000,2024-01-07 08:00:13.000,2024-01-07 08:00:13.000,534851334.0,3565094.0,1088715368.0,228.0,original,228.0,original,230.0,original,4.0,original,0.0,gap_too_large,4.0,original,49.99,original,0.8664,original,534851334.0,original,3565094.0,original,1088715368.0,original,944233000.0,original,-118.0,original
627998.0,22.0,2024-01-07 08:30:00,OPMC_LIFT,944240000.0,227.0,227.0,229.0,4.0,0.0,4.0,49.96,0.8677999999999999,2024-01-07 08:30:15.000,2024-01-07 08:30:15.000,2024-01-07 08:30:15.000,534853971.0,3566301.0,1088723729.0,227.0,original,227.0,original,229.0,original,4.0,original,0.0,gap_too_large,4.0,original,49.96,original,0.8677999999999999,original,534853971.0,original,3566301.0,original,1088723729.0,original,944240000.0,original,-103.0,original
628072.0,22.0,2024-01-07 09:00:00,OPMC_LIFT,944247000.0,226.0,226.0,228.0,4.0,0.0,4.0,50.04,0.8695999999999999,2024-01-07 09:00:11.000,2024-01-07 09:00:11.000,2024-01-07 09:00:11.000,534856579.0,3567501.0,1088732014.0,226.0,original,226.0,original,228.0,original,4.0,original,0.0,gap_too_large,4.0,original,50.04,original,0.8695999999999999,original,534856579.0,original,3567501.0,original,1088732014.0,original,944247000.0,original,-109.0,original
628196.0,22.0,2024-01-07 09:30:00,OPMC_LIFT,944259000.0,227.0,227.0,229.0,4.0,0.0,4.0,50.04,0.8684999999999999,2024-01-07 09:50:10.000,2024-01-07 09:50:10.000,2024-01-07 09:50:10.000,534860915.0,3569501.0,1088745787.0,227.0,original,227.0,original,229.0,original,4.0,original,0.0,gap_too_large,4.0,original,50.04,original,0.8684999999999999,original,534860915.0,original,3569501.0,original,1088745787.0,original,944259000.0,original,-102.0,original
628245.0,22.0,2024-01-07 10:00:00,OPMC_LIFT,944264000.0,226.0,227.0,228.0,4.0,0.0,4.0,50.02,0.8688999999999999,2024-01-07 10:10:14.000,2024-01-07 10:10:14.000,2024-01-07 10:10:14.000,534862659.0,3570304.0,1088751320.0,226.0,original,227.0,original,228.0,original,4.0,original,0.0,gap_too_large,4.0,original,50.02,original,0.8688999999999999,original,534862659.0,original,3570304.0,original,1088751320.0,original,944264000.0,original,-111.0,original
628301.0,22.0,2024-01-07 10:30:00,OPMC_LIFT,944269000.0,226.0,226.0,228.0,4.0,0.0,4.0,50.01,0.8660999999999999,2024-01-07 10:30:15.000,2024-01-07 10:30:15.000,2024-01-07 10:30:15.000,534864390.0,3571104.0,1088756821.0,226.0,original,226.0,original,228.0,original,4.0,original,0.0,gap_too_large,4.0,original,50.01,original,0.8660999999999999,original,534864390.0,original,3571104.0,original,1088756821.0,original,944269000.0,original,-121.0,original
628368.0,22.0,2024-01-07 11:00:00,OPMC_LIFT,944276000.0,226.0,226.0,228.0,4.0,0.0,4.0,50.06,0.8694,2024-01-07 11:00:11.000,2024-01-07 11:00:11.000,2024-01-07 11:00:11.000,534866989.0,3572301.0,1088765073.0,226.0,original,226.0,original,228.0,original,4.0,original,0.0,gap_too_large,4.0,original,50.06,original,0.8694,original,534866989.0,original,3572301.0,original,1088765073.0,original,944276000.0,original,-108.0,original
628442.0,22.0,2024-01-07 11:30:00,OPMC_LIFT,944283000.0,226.0,226.0,228.0,4.0,0.0,4.0,49.97,0.8663,2024-01-07 11:30:13.000,2024-01-07 11:30:13.000,2024-01-07 11:30:13.000,534869584.0,3573501.0,1088773326.0,226.0,original,226.0,original,228.0,original,4.0,original,0.0,gap_too_large,4.0,original,49.97,original,0.8663,original,534869584.0,original,3573501.0,original,1088773326.0,original,944283000.0,original,-121.0,original
628513.0,22.0,2024-01-07 12:00:00,OPMC_LIFT,944290000.0,226.0,227.0,228.0,4.0,0.0,4.0,49.99,0.8641,2024-01-07 12:00:18.000,2024-01-07 12:00:18.000,2024-01-07 12:00:18.000,534872182.0,3574701.0,1088781579.0,226.0,original,227.0,original,228.0,original,4.0,original,0.0,gap_too_large,4.0,original,49.99,original,0.8641,original,534872182.0,original,3574701.0,original,1088781579.0,original,944290000.0,original,-121.0,original
628632.0,22.0,2024-01-07 12:30:00,OPMC_LIFT,944302000.0,226.0,227.0,228.0,4.0,0.0,4.0,50.02,0.8690999999999999,2024-01-07 12:50:11.000,2024-01-07 12:50:11.000,2024-01-07 12:50:11.000,534876522.0,3576698.0,1088795358.0,226.0,original,227.0,original,228.0,original,4.0,original,0.0,gap_too_large,4.0,original,50.02,original,0.8690999999999999,original,534876522.0,original,3576698.0,original,1088795358.0,original,944302000.0,original,-107.0,original
628658.0,22.0,2024-01-07 13:00:00,OPMC_LIFT,944304000.0,226.0,227.0,228.0,4.0,0.0,4.0,50.04,0.8663,2024-01-07 13:00:17.000,2024-01-07 13:00:17.000,2024-01-07 13:00:17.000,534877389.0,3577098.0,1088798113.0,226.0,original,227.0,original,228.0,original,4.0,original,0.0,gap_too_large,4.0,original,50.04,original,0.8663,original,534877389.0,original,3577098.0,original,1088798113.0,original,944304000.0,original,-108.0,original
628735.0,22.0,2024-01-07 13:30:00,OPMC_LIFT,944312000.0,226.0,227.0,228.0,4.0,0.0,4.0,50.05,0.8696999999999999,2024-01-07 13:30:14.000,2024-01-07 13:30:14.000,2024-01-07 13:30:14.000,534879987.0,3578301.0,1088806373.0,226.0,original,227.0,original,228.0,original,4.0,original,0.0,gap_too_large,4.0,original,50.05,original,0.8696999999999999,original,534879987.0,original,3578301.0,original,1088806373.0,original,944312000.0,original,-123.0,original
628847.0,22.0,2024-01-07 14:00:00,OPMC_LIFT,944324000.0,226.0,227.0,229.0,4.0,0.0,4.0,49.99,0.8664,2024-01-07 14:20:13.000,2024-01-07 14:20:13.000,2024-01-07 14:20:13.000,534884342.0,3580301.0,1088820187.0,226.0,original,227.0,original,229.0,original,4.0,original,0.0,gap_too_large,4.0,original,49.99,original,0.8664,original,534884342.0,original,3580301.0,original,1088820187.0,original,944324000.0,original,-108.0,original
628911.0,22.0,2024-01-07 14:30:00,OPMC_LIFT,944328000.0,227.0,227.0,229.0,4.0,0.0,4.0,50.05,0.8668999999999999,2024-01-07 14:40:16.000,2024-01-07 14:40:16.000,2024-01-07 14:40:16.000,534886086.0,3581104.0,1088825726.0,227.0,original,227.0,original,229.0,original,4.0,original,0.0,gap_too_large,4.0,original,50.05,original,0.8668999999999999,original,534886086.0,original,3581104.0,original,1088825726.0,original,944328000.0,original,-121.0,original
628991.0,22.0,2024-01-07 15:00:00,OPMC_LIFT,944336000.0,227.0,227.0,229.0,4.0,0.0,4.0,49.98,0.8668999999999999,2024-01-07 15:10:11.000,2024-01-07 15:10:11.000,2024-01-07 15:10:11.000,534888717.0,3582307.0,1088834065.0,227.0,original,227.0,original,229.0,original,4.0,original,0.0,gap_too_large,4.0,original,49.98,original,0.8668999999999999,original,534888717.0,original,3582307.0,original,1088834065.0,original,944336000.0,original,-108.0,original
629049.0,22.0,2024-01-07 15:30:00,OPMC_LIFT,944340000.0,227.0,227.0,229.0,4.0,0.0,4.0,50.05,0.8689999999999999,2024-01-07 15:30:18.000,2024-01-07 15:30:18.000,2024-01-07 15:30:18.000,534890467.0,3583110.0,1088839621.0,227.0,original,227.0,original,229.0,original,4.0,original,0.0,gap_too_large,4.0,original,50.05,original,0.8689999999999999,original,534890467.0,original,3583110.0,original,1088839621.0,original,944340000.0,original,-102.0,original
629154.0,22.0,2024-01-07 16:00:00,OPMC_LIFT,944350000.0,227.0,228.0,229.0,4.0,0.0,4.0,50.05,0.8652,2024-01-07 16:10:13.000,2024-01-07 16:10:13.000,2024-01-07 16:10:13.000,534893971.0,3584717.0,1088850731.0,227.0,original,228.0,original,229.0,original,4.0,original,0.0,gap_too_large,4.0,original,50.05,original,0.8652,original,534893971.0,original,3584717.0,original,1088850731.0,original,944350000.0,original,-101.0,original
629266.0,22.0,2024-01-07 16:30:00,OPMC_LIFT,944360000.0,228.0,228.0,230.0,4.0,0.0,4.0,50.08,0.8667999999999999,2024-01-07 16:50:16.000,2024-01-07 16:50:16.000,2024-01-07 16:50:16.000,534897491.0,3586330.0,1088861899.0,228.0,original,228.0,original,230.0,original,4.0,original,0.0,gap_too_large,4.0,original,50.08,original,0.8667999999999999,original,534897491.0,original,3586330.0,original,1088861899.0,original,944360000.0,original,-121.0,original
629299.0,22.0,2024-01-07 17:00:00,OPMC_LIFT,944362000.0,228.0,228.0,230.0,4.0,0.0,4.0,50.07,0.8678999999999999,2024-01-07 17:00:13.000,2024-01-07 17:00:13.000,2024-01-07 17:00:13.000,534898374.0,3586733.0,1088864696.0,228.0,original,228.0,original,230.0,original,4.0,original,0.0,gap_too_large,4.0,original,50.07,original,0.8678999999999999,original,534898374.0,original,3586733.0,original,1088864696.0,original,944362000.0,original,-109.0,original
629431.0,22.0,2024-01-07 17:30:00,OPMC_LIFT,944374000.0,228.0,228.0,230.0,4.0,0.0,4.0,50.0,0.8679999999999999,2024-01-07 17:50:14.000,2024-01-07 17:50:14.000,2024-01-07 17:50:14.000,534902803.0,3588746.0,1088878712.0,228.0,original,228.0,original,230.0,original,4.0,original,0.0,gap_too_large,4.0,original,50.0,original,0.8679999999999999,original,534902803.0,original,3588746.0,original,1088878712.0,original,944374000.0,original,-103.0,original
629454.0,22.0,2024-01-07 18:00:00,OPMC_LIFT,944377000.0,228.0,228.0,230.0,4.0,0.0,4.0,50.0,0.8674,2024-01-07 18:00:10.000,2024-01-07 18:00:10.000,2024-01-07 18:00:10.000,534903690.0,3589149.0,1088881518.0,228.0,original,228.0,original,230.0,original,4.0,original,0.0,gap_too_large,4.0,original,50.0,original,0.8674,original,534903690.0,original,3589149.0,original,1088881518.0,original,944377000.0,original,-108.0,original
629536.0,22.0,2024-01-07 18:30:00,OPMC_LIFT,944384000.0,228.0,228.0,230.0,4.0,0.0,4.0,50.02,0.8684999999999999,2024-01-07 18:30:11.000,2024-01-07 18:30:11.000,2024-01-07 18:30:11.000,534906358.0,3590355.0,1088889953.0,228.0,original,228.0,original,230.0,original,4.0,original,0.0,gap_too_large,4.0,original,50.02,original,0.8684999999999999,original,534906358.0,original,3590355.0,original,1088889953.0,original,944384000.0,original,-107.0,original
629617.0,22.0,2024-01-07 19:00:00,OPMC_LIFT,944391000.0,228.0,228.0,230.0,4.0,0.0,4.0,49.95,0.8686999999999999,2024-01-07 19:00:13.000,2024-01-07 19:00:13.000,2024-01-07 19:00:13.000,534909021.0,3591562.0,1088898379.0,228.0,original,228.0,original,230.0,original,4.0,original,0.0,gap_too_large,4.0,original,49.95,original,0.8686999999999999,original,534909021.0,original,3591562.0,original,1088898379.0,original,944391000.0,original,-121.0,original
629697.0,22.0,2024-01-07 19:30:00,OPMC_LIFT,944399000.0,228.0,229.0,230.0,4.0,0.0,4.0,50.02,0.8663,2024-01-07 19:30:14.000,2024-01-07 19:30:14.000,2024-01-07 19:30:14.000,534911690.0,3592765.0,1088906811.0,228.0,original,229.0,original,230.0,original,4.0,original,0.0,gap_too_large,4.0,original,50.02,original,0.8663,original,534911690.0,original,3592765.0,original,1088906811.0,original,944399000.0,original,-103.0,original
629779.0,22.0,2024-01-07 20:00:00,OPMC_LIFT,944406000.0,228.0,229.0,230.0,4.0,0.0,4.0,49.98,0.8684,2024-01-07 20:00:13.000,2024-01-07 20:00:13.000,2024-01-07 20:00:13.000,534914365.0,3593971.0,1088915262.0,228.0,original,229.0,original,230.0,original,4.0,original,0.0,gap_too_large,4.0,original,49.98,original,0.8684,original,534914365.0,original,3593971.0,original,1088915262.0,original,944406000.0,original,-103.0,original
629865.0,22.0,2024-01-07 20:30:00,OPMC_LIFT,944413000.0,229.0,229.0,231.0,4.0,0.0,4.0,50.02,0.8669999999999999,2024-01-07 20:30:14.000,2024-01-07 20:30:14.000,2024-01-07 20:30:14.000,534917043.0,3595178.0,1088923726.0,229.0,original,229.0,original,231.0,original,4.0,original,0.0,gap_too_large,4.0,original,50.02,original,0.8669999999999999,original,534917043.0,original,3595178.0,original,1088923726.0,original,944413000.0,original,-108.0,original
629978.0,22.0,2024-01-07 21:00:00,OPMC_LIFT,944423000.0,229.0,229.0,231.0,4.0,0.0,4.0,49.97,0.8673,2024-01-07 21:10:15.000,2024-01-07 21:10:15.000,2024-01-07 21:10:15.000,534920627.0,3596787.0,1088935041.0,229.0,original,229.0,original,231.0,original,4.0,original,0.0,gap_too_large,4.0,original,49.97,original,0.8673,original,534920627.0,original,3596787.0,original,1088935041.0,original,944423000.0,original,-108.0,original
630030.0,22.0,2024-01-07 21:30:00,OPMC_LIFT,944428000.0,229.0,230.0,231.0,4.0,0.0,4.0,50.0,0.8624999999999999,2024-01-07 21:30:12.000,2024-01-07 21:30:12.000,2024-01-07 21:30:12.000,534922426.0,3597590.0,1088940718.0,229.0,original,230.0,original,231.0,original,4.0,original,0.0,gap_too_large,4.0,original,50.0,original,0.8624999999999999,original,534922426.0,original,3597590.0,original,1088940718.0,original,944428000.0,original,-101.0,original
630107.0,22.0,2024-01-07 22:00:00,OPMC_LIFT,944436000.0,230.0,230.0,232.0,4.0,0.0,4.0,50.0,0.8638999999999999,2024-01-07 22:00:10.000,2024-01-07 22:00:10.000,2024-01-07 22:00:10.000,534925139.0,3598797.0,1088949265.0,230.0,original,230.0,original,232.0,original,4.0,original,0.0,gap_too_large,4.0,original,50.0,original,0.8638999999999999,original,534925139.0,original,3598797.0,original,1088949265.0,original,944436000.0,original,-102.0,original
630216.0,22.0,2024-01-07 22:30:00,OPMC_LIFT,944445000.0,230.0,230.0,232.0,4.0,0.0,4.0,49.95,0.8659999999999999,2024-01-07 22:40:13.000,2024-01-07 22:40:13.000,2024-01-07 22:40:13.000,534928768.0,3600410.0,1088960693.0,230.0,original,230.0,original,232.0,original,4.0,original,0.0,gap_too_large,4.0,original,49.95,original,0.8659999999999999,original,534928768.0,original,3600410.0,original,1088960693.0,original,944445000.0,original,-123.0,original
630272.0,22.0,2024-01-07 23:00:00,OPMC_LIFT,944450000.0,228.0,229.0,230.0,4.0,0.0,4.0,50.03,0.8672,2024-01-07 23:00:11.000,2024-01-07 23:00:11.000,2024-01-07 23:00:11.000,534930579.0,3601213.0,1088966395.0,228.0,original,229.0,original,230.0,original,4.0,original,0.0,gap_too_large,4.0,original,50.03,original,0.8672,original,534930579.0,original,3601213.0,original,1088966395.0,original,944450000.0,original,-95.0,original
630388.0,22.0,2024-01-07 23:30:00,OPMC_LIFT,944463000.0,228.0,229.0,231.0,4.0,0.0,4.0,50.04,0.8663,2024-01-07 23:50:10.000,2024-01-07 23:50:10.000,2024-01-07 23:50:10.000,534935037.0,3603219.0,1088980491.0,228.0,original,229.0,original,231.0,original,4.0,original,0.0,gap_too_large,4.0,original,50.04,original,0.8663,original,534935037.0,original,3603219.0,original,1088980491.0,original,944463000.0,original,-107.0,original
630420.0,22.0,2024-01-08 00:00:00,OPMC_LIFT,944465000.0,229.0,229.0,231.0,4.0,0.0,4.0,50.05,0.8697999999999999,2024-01-08 00:00:13.000,2024-01-08 00:00:13.000,2024-01-08 00:00:13.000,534935930.0,3603622.0,1088983317.0,229.0,original,229.0,original,231.0,original,4.0,original,0.0,gap_too_large,4.0,original,50.05,original,0.8697999999999999,original,534935930.0,original,3603622.0,original,1088983317.0,original,944465000.0,original,-100.0,original
630498.0,22.0,2024-01-08 00:30:00,OPMC_LIFT,944472000.0,229.0,230.0,232.0,4.0,0.0,4.0,50.05,0.8662,2024-01-08 00:30:17.000,2024-01-08 00:30:17.000,2024-01-08 00:30:17.000,534938621.0,3604826.0,1088991813.0,229.0,original,230.0,original,232.0,original,4.0,original,0.0,gap_too_large,4.0,original,50.05,original,0.8662,original,534938621.0,original,3604826.0,original,1088991813.0,original,944472000.0,original,-100.0,original
630572.0,22.0,2024-01-08 01:00:00,OPMC_LIFT,944480000.0,229.0,230.0,231.0,4.0,0.0,4.0,50.06,0.8685999999999999,2024-01-08 01:00:17.000,2024-01-08 01:00:17.000,2024-01-08 01:00:17.000,534941322.0,3606032.0,1089000337.0,229.0,original,230.0,original,231.0,original,4.0,original,0.0,gap_too_large,4.0,original,50.06,original,0.8685999999999999,original,534941322.0,original,3606032.0,original,1089000337.0,original,944480000.0,original,-106.0,original
630657.0,22.0,2024-01-08 01:30:00,OPMC_LIFT,944487000.0,229.0,229.0,231.0,4.0,0.0,4.0,49.95,0.8684999999999999,2024-01-08 01:30:12.000,2024-01-08 01:30:12.000,2024-01-08 01:30:12.000,534944016.0,3607238.0,1089008849.0,229.0,original,229.0,original,231.0,original,4.0,original,0.0,gap_too_large,4.0,original,49.95,original,0.8684999999999999,original,534944016.0,original,3607238.0,original,1089008849.0,original,944487000.0,original,-99.0,original
630743.0,22.0,2024-01-08 02:00:00,OPMC_LIFT,944495000.0,229.0,230.0,232.0,4.0,0.0,4.0,50.03,0.8668999999999999,2024-01-08 02:00:17.000,2024-01-08 02:00:17.000,2024-01-08 02:00:17.000,534946723.0,3608445.0,1089017387.0,229.0,original,230.0,original,232.0,original,4.0,original,0.0,gap_too_large,4.0,original,50.03,original,0.8668999999999999,original,534946723.0,original,3608445.0,original,1089017387.0,original,944495000.0,original,-99.0,original
630815.0,22.0,2024-01-08 02:30:00,OPMC_LIFT,944502000.0,230.0,230.0,232.0,4.0,0.0,4.0,50.06,0.8672,2024-01-08 02:30:13.000,2024-01-08 02:30:13.000,2024-01-08 02:30:13.000,534949437.0,3609651.0,1089025941.0,230.0,original,230.0,original,232.0,original,4.0,original,0.0,gap_too_large,4.0,original,50.06,original,0.8672,original,534949437.0,original,3609651.0,original,1089025941.0,original,944502000.0,original,-105.0,original
630892.0,22.0,2024-01-08 03:00:00,OPMC_LIFT,944510000.0,230.0,230.0,232.0,4.0,0.0,4.0,50.02,0.8668999999999999,2024-01-08 03:00:12.000,2024-01-08 03:00:12.000,2024-01-08 03:00:12.000,534952160.0,3610858.0,1089034523.0,230.0,original,230.0,original,232.0,original,4.0,original,0.0,gap_too_large,4.0,original,50.02,original,0.8668999999999999,original,534952160.0,original,3610858.0,original,1089034523.0,original,944510000.0,original,-107.0,original
630967.0,22.0,2024-01-08 03:30:00,OPMC_LIFT,944517000.0,228.0,228.0,230.0,4.0,0.0,4.0,50.07,0.8663,2024-01-08 03:30:12.000,2024-01-08 03:30:12.000,2024-01-08 03:30:12.000,534954893.0,3612067.0,1089043121.0,228.0,original,228.0,original,230.0,original,4.0,original,0.0,gap_too_large,4.0,original,50.07,original,0.8663,original,534954893.0,original,3612067.0,original,1089043121.0,original,944517000.0,original,-121.0,original
631044.0,22.0,2024-01-08 04:00:00,OPMC_LIFT,944524000.0,227.0,228.0,230.0,4.0,0.0,4.0,49.98,0.8668999999999999,2024-01-08 04:00:16.000,2024-01-08 04:00:16.000,2024-01-08 04:00:16.000,534957552.0,3613270.0,1089051553.0,227.0,original,228.0,original,230.0,original,4.0,original,0.0,gap_too_large,4.0,original,49.98,original,0.8668999999999999,original,534957552.0,original,3613270.0,original,1089051553.0,original,944524000.0,original,-120.0,original
631117.0,22.0,2024-01-08 04:30:00,OPMC_LIFT,944532000.0,227.0,227.0,229.0,4.0,0.0,4.0,50.03,0.8677999999999999,2024-01-08 04:30:15.000,2024-01-08 04:30:15.000,2024-01-08 04:30:15.000,534960202.0,3614470.0,1089059947.0,227.0,original,227.0,original,229.0,original,4.0,original,0.0,gap_too_large,4.0,original,50.03,original,0.8677999999999999,original,534960202.0,original,3614470.0,original,1089059947.0,original,944532000.0,original,-105.0,original
631195.0,22.0,2024-01-08 05:00:00,OPMC_LIFT,944539000.0,226.0,227.0,228.0,4.0,0.0,4.0,50.04,0.8674999999999999,2024-01-08 05:00:15.000,2024-01-08 05:00:15.000,2024-01-08 05:00:15.000,534962829.0,3615670.0,1089068286.0,226.0,original,227.0,original,228.0,original,4.0,original,0.0,gap_too_large,4.0,original,50.04,original,0.8674999999999999,original,534962829.0,original,3615670.0,original,1089068286.0,original,944539000.0,original,-103.0,original
631314.0,22.0,2024-01-08 05:30:00,OPMC_LIFT,944551000.0,227.0,227.0,229.0,4.0,0.0,4.0,50.06,0.8690999999999999,2024-01-08 05:50:12.000,2024-01-08 05:50:12.000,2024-01-08 05:50:12.000,534967171.0,3617670.0,1089082104.0,227.0,original,227.0,original,229.0,original,4.0,original,0.0,gap_too_large,4.0,original,50.06,original,0.8690999999999999,original,534967171.0,original,3617670.0,original,1089082104.0,original,944551000.0,original,-103.0,original
631344.0,22.0,2024-01-08 06:00:00,OPMC_LIFT,944553000.0,226.0,227.0,228.0,4.0,0.0,4.0,50.0,0.8683,2024-01-08 06:00:19.000,2024-01-08 06:00:19.000,2024-01-08 06:00:19.000,534968042.0,3618070.0,1089084872.0,226.0,original,227.0,original,228.0,original,4.0,original,0.0,gap_too_large,4.0,original,50.0,original,0.8683,original,534968042.0,original,3618070.0,original,1089084872.0,original,944553000.0,original,-100.0,original
631462.0,22.0,2024-01-08 06:30:00,OPMC_LIFT,944563000.0,226.0,226.0,228.0,4.0,0.0,4.0,50.02,0.8694,2024-01-08 06:40:11.000,2024-01-08 06:40:11.000,2024-01-08 06:40:11.000,534971494.0,3619674.0,1089095873.0,226.0,original,226.0,original,228.0,original,4.0,original,0.0,gap_too_large,4.0,original,50.02,original,0.8694,original,534971494.0,original,3619674.0,original,1089095873.0,original,944563000.0,original,-121.0,original
631524.0,22.0,2024-01-08 07:00:00,OPMC_LIFT,944568000.0,226.0,226.0,228.0,4.0,0.0,4.0,50.07,0.8705999999999999,2024-01-08 07:00:16.000,2024-01-08 07:00:16.000,2024-01-08 07:00:16.000,534973219.0,3620474.0,1089101368.0,226.0,original,226.0,original,228.0,original,4.0,original,0.0,gap_too_large,4.0,original,50.07,original,0.8705999999999999,original,534973219.0,original,3620474.0,original,1089101368.0,original,944568000.0,original,-99.0,original
631634.0,22.0,2024-01-08 07:30:00,OPMC_LIFT,944577000.0,225.0,226.0,227.0,4.0,0.0,3.0,50.01,0.8705999999999999,2024-01-08 07:40:12.000,2024-01-08 07:40:12.000,2024-01-08 07:40:12.000,534976653.0,3622067.0,1089112315.0,225.0,original,226.0,original,227.0,original,4.0,original,0.0,gap_too_large,3.0,original,50.01,original,0.8705999999999999,original,534976653.0,original,3622067.0,original,1089112315.0,original,944577000.0,original,-106.0,original
631751.0,22.0,2024-01-08 08:00:00,OPMC_LIFT,944587000.0,225.0,226.0,227.0,4.0,0.0,4.0,50.0,0.8697999999999999,2024-01-08 08:20:17.000,2024-01-08 08:20:17.000,2024-01-08 08:20:17.000,534980080.0,3623661.0,1089123224.0,225.0,original,226.0,original,227.0,original,4.0,original,0.0,gap_too_large,4.0,original,50.0,original,0.8697999999999999,original,534980080.0,original,3623661.0,original,1089123224.0,original,944587000.0,original,-101.0,original
631777.0,22.0,2024-01-08 08:30:00,OPMC_LIFT,944589000.0,224.0,225.0,226.0,30.0,28.0,31.0,50.01,0.8604999999999999,2024-01-08 08:30:12.000,2024-01-08 08:30:12.000,2024-01-08 08:30:12.000,534981261.0,3624051.0,1089126625.0,224.0,original,225.0,original,226.0,original,30.0,original,28.0,original,31.0,original,50.01,original,0.8604999999999999,original,534981261.0,original,3624051.0,original,1089126625.0,original,944589000.0,original,-99.0,original
631865.0,22.0,2024-01-08 09:00:00,OPMC_LIFT,945527000.0,219.0,222.0,223.0,349.0,370.0,369.0,49.98,0.8698999999999999,2024-01-08 09:00:15.000,2024-01-08 09:00:15.000,2024-01-08 09:00:15.000,535519738.0,3624051.0,1090209678.0,219.0,original,222.0,original,223.0,original,349.0,original,370.0,original,369.0,original,49.98,original,0.8698999999999999,original,535519738.0,original,3624051.0,original,1090209678.0,original,945527000.0,original,-100.0,original
631948.0,22.0,2024-01-08 09:30:00,OPMC_LIFT,946558000.0,219.0,221.0,222.0,342.0,362.0,362.0,49.97,0.8704,2024-01-08 09:30:14.000,2024-01-08 09:30:14.000,2024-01-08 09:30:14.000,536102691.0,3624051.0,1091394875.0,219.0,original,221.0,original,222.0,original,342.0,original,362.0,original,362.0,original,49.97,original,0.8704,original,536102691.0,original,3624051.0,original,1091394875.0,original,946558000.0,original,-104.0,original
632060.0,22.0,2024-01-08 10:00:00,OPMC_LIFT,947921000.0,218.0,220.0,222.0,340.0,360.0,359.0,50.06,0.8725999999999999,2024-01-08 10:10:14.000,2024-01-08 10:10:14.000,2024-01-08 10:10:14.000,536868493.0,3624051.0,1092958977.0,218.0,original,220.0,original,222.0,original,340.0,original,360.0,original,359.0,original,50.06,original,0.8725999999999999,original,536868493.0,original,3624051.0,original,1092958977.0,original,947921000.0,original,-102.0,original
632116.0,22.0,2024-01-08 10:30:00,OPMC_LIFT,948601000.0,220.0,222.0,223.0,341.0,361.0,361.0,50.02,0.8692,2024-01-08 10:30:12.000,2024-01-08 10:30:12.000,2024-01-08 10:30:12.000,537254166.0,3624051.0,1093741525.0,220.0,original,222.0,original,223.0,original,341.0,original,361.0,original,361.0,original,50.02,original,0.8692,original,537254166.0,original,3624051.0,original,1093741525.0,original,948601000.0,original,-121.0,original
632205.0,22.0,2024-01-08 11:00:00,OPMC_LIFT,949625000.0,220.0,222.0,223.0,341.0,361.0,362.0,49.97,0.8694999999999999,2024-01-08 11:00:15.000,2024-01-08 11:00:15.000,2024-01-08 11:00:15.000,537835571.0,3624051.0,1094919646.0,220.0,original,222.0,original,223.0,original,341.0,original,361.0,original,362.0,original,49.97,original,0.8694999999999999,original,537835571.0,original,3624051.0,original,1094919646.0,original,949625000.0,original,-106.0,original
632293.0,22.0,2024-01-08 11:30:00,OPMC_LIFT,950658000.0,221.0,223.0,224.0,342.0,363.0,363.0,50.03,0.8679999999999999,2024-01-08 11:30:15.000,2024-01-08 11:30:15.000,2024-01-08 11:30:15.000,538423478.0,3624051.0,1096108833.0,221.0,original,223.0,original,224.0,original,342.0,original,363.0,original,363.0,original,50.03,original,0.8679999999999999,original,538423478.0,original,3624051.0,original,1096108833.0,original,950658000.0,original,-102.0,original
632376.0,22.0,2024-01-08 12:00:00,OPMC_LIFT,951714000.0,223.0,225.0,227.0,359.0,381.0,382.0,50.06,0.8676999999999999,2024-01-08 12:00:15.000,2024-01-08 12:00:15.000,2024-01-08 12:00:15.000,539025267.0,3624051.0,1097323422.0,223.0,original,225.0,original,227.0,original,359.0,original,381.0,original,382.0,original,50.06,original,0.8676999999999999,original,539025267.0,original,3624051.0,original,1097323422.0,original,951714000.0,original,-108.0,original
632462.0,22.0,2024-01-08 12:30:00,OPMC_LIFT,952778000.0,221.0,223.0,224.0,346.0,365.0,367.0,50.01,0.8694999999999999,2024-01-08 12:30:15.000,2024-01-08 12:30:15.000,2024-01-08 12:30:15.000,539629008.0,3624051.0,1098548481.0,221.0,original,223.0,original,224.0,original,346.0,original,365.0,original,367.0,original,50.01,original,0.8694999999999999,original,539629008.0,original,3624051.0,original,1098548481.0,original,952778000.0,original,-120.0,original
632570.0,22.0,2024-01-08 13:00:00,OPMC_LIFT,954198000.0,219.0,222.0,223.0,362.0,383.0,382.0,49.96,0.8740999999999999,2024-01-08 13:10:09.000,2024-01-08 13:10:09.000,2024-01-08 13:10:09.000,540424368.0,3624051.0,1100176491.0,219.0,original,222.0,original,223.0,original,362.0,original,383.0,original,382.0,original,49.96,original,0.8740999999999999,original,540424368.0,original,3624051.0,original,1100176491.0,original,954198000.0,original,-103.0,original
632631.0,22.0,2024-01-08 13:30:00,OPMC_LIFT,954918000.0,218.0,220.0,221.0,369.0,390.0,389.0,49.97,0.8770999999999999,2024-01-08 13:30:15.000,2024-01-08 13:30:15.000,2024-01-08 13:30:15.000,540823235.0,3624051.0,1101000334.0,218.0,original,220.0,original,221.0,original,369.0,original,390.0,original,389.0,original,49.97,original,0.8770999999999999,original,540823235.0,original,3624051.0,original,1101000334.0,original,954918000.0,original,-107.0,original
632712.0,22.0,2024-01-08 14:00:00,OPMC_LIFT,956006000.0,218.0,220.0,221.0,358.0,378.0,378.0,49.99,0.8753,2024-01-08 14:00:12.000,2024-01-08 14:00:12.000,2024-01-08 14:00:12.000,541420410.0,3624051.0,1102241694.0,218.0,original,220.0,original,221.0,original,358.0,original,378.0,original,378.0,original,49.99,original,0.8753,original,541420410.0,original,3624051.0,original,1102241694.0,original,956006000.0,original,-107.0,original
632793.0,22.0,2024-01-08 14:30:00,OPMC_LIFT,957075000.0,218.0,221.0,222.0,355.0,375.0,375.0,49.98,0.8747999999999999,2024-01-08 14:30:13.000,2024-01-08 14:30:13.000,2024-01-08 14:30:13.000,542010717.0,3624051.0,1103463544.0,218.0,original,221.0,original,222.0,original,355.0,original,375.0,original,375.0,original,49.98,original,0.8747999999999999,original,542010717.0,original,3624051.0,original,1103463544.0,original,957075000.0,original,-102.0,original
632889.0,22.0,2024-01-08 15:00:00,OPMC_LIFT,958129000.0,219.0,222.0,223.0,347.0,367.0,366.0,49.97,0.8704,2024-01-08 15:00:15.000,2024-01-08 15:00:15.000,2024-01-08 15:00:15.000,542598058.0,3624051.0,1104670952.0,219.0,original,222.0,original,223.0,original,347.0,original,367.0,original,366.0,original,49.97,original,0.8704,original,542598058.0,original,3624051.0,original,1104670952.0,original,958129000.0,original,-103.0,original
632960.0,22.0,2024-01-08 15:30:00,OPMC_LIFT,959185000.0,220.0,222.0,223.0,349.0,369.0,368.0,50.02,0.8720999999999999,2024-01-08 15:30:13.000,2024-01-08 15:30:13.000,2024-01-08 15:30:13.000,543188214.0,3624051.0,1105881163.0,220.0,original,222.0,original,223.0,original,349.0,original,369.0,original,368.0,original,50.02,original,0.8720999999999999,original,543188214.0,original,3624051.0,original,1105881163.0,original,959185000.0,original,-121.0,original
633065.0,22.0,2024-01-08 16:00:00,OPMC_LIFT,960048000.0,228.0,229.0,230.0,176.5,0.0,186.0,50.03,1.0,2024-01-08 16:10:17.000,2024-01-08 16:10:17.000,2024-01-08 16:10:17.000,543673763.0,3624051.0,1106870190.0,228.0,original,229.0,original,230.0,original,176.5,interpolated,0.0,gap_too_large,186.0,interpolated,50.03,original,1.0,original,543673763.0,original,3624051.0,original,1106870190.0,original,960048000.0,original,-100.0,original
633116.0,22.0,2024-01-08 16:30:00,OPMC_LIFT,960049000.0,229.0,230.0,231.0,4.0,0.0,4.0,50.0,0.8694,2024-01-08 16:30:12.000,2024-01-08 16:30:12.000,2024-01-08 16:30:12.000,543674394.0,3624198.0,1106871694.0,229.0,original,230.0,original,231.0,original,4.0,original,0.0,gap_too_large,4.0,original,50.0,original,0.8694,original,543674394.0,original,3624198.0,original,1106871694.0,original,960049000.0,original,-120.0,original
633218.0,22.0,2024-01-08 17:00:00,OPMC_LIFT,960059000.0,228.0,229.0,230.0,4.0,0.0,4.0,50.09,0.8673,2024-01-08 17:10:11.000,2024-01-08 17:10:11.000,2024-01-08 17:10:11.000,543677958.0,3625798.0,1106882968.0,228.0,original,229.0,original,230.0,original,4.0,original,0.0,gap_too_large,4.0,original,50.09,original,0.8673,original,543677958.0,original,3625798.0,original,1106882968.0,original,960059000.0,original,-108.0,original
633269.0,22.0,2024-01-08 17:30:00,OPMC_LIFT,960063000.0,229.0,229.0,231.0,4.0,0.0,4.0,50.05,0.8664,2024-01-08 17:30:11.000,2024-01-08 17:30:11.000,2024-01-08 17:30:11.000,543679731.0,3626598.0,1106888590.0,229.0,original,229.0,original,231.0,original,4.0,original,0.0,gap_too_large,4.0,original,50.05,original,0.8664,original,543679731.0,original,3626598.0,original,1106888590.0,original,960063000.0,original,-102.0,original
633355.0,22.0,2024-01-08 18:00:00,OPMC_LIFT,960071000.0,227.0,228.0,229.0,4.0,0.0,4.0,50.08,0.8684999999999999,2024-01-08 18:00:14.000,2024-01-08 18:00:14.000,2024-01-08 18:00:14.000,543682422.0,3627805.0,1106897096.0,227.0,original,228.0,original,229.0,original,4.0,original,0.0,gap_too_large,4.0,original,50.08,original,0.8684999999999999,original,543682422.0,original,3627805.0,original,1106897096.0,original,960071000.0,original,-123.0,original
633475.0,22.0,2024-01-08 18:30:00,OPMC_LIFT,960083000.0,228.0,229.0,230.0,4.0,0.0,4.0,50.02,0.8694,2024-01-08 18:50:13.000,2024-01-08 18:50:13.000,2024-01-08 18:50:13.000,543686864.0,3629805.0,1106911163.0,228.0,original,229.0,original,230.0,original,4.0,original,0.0,gap_too_large,4.0,original,50.02,original,0.8694,original,543686864.0,original,3629805.0,original,1106911163.0,original,960083000.0,original,-103.0,original
633510.0,22.0,2024-01-08 19:00:00,OPMC_LIFT,960086000.0,225.0,226.0,227.0,4.0,0.0,4.0,49.98,0.8698999999999999,2024-01-08 19:00:16.000,2024-01-08 19:00:16.000,2024-01-08 19:00:16.000,543687747.0,3630205.0,1106913963.0,225.0,original,226.0,original,227.0,original,4.0,original,0.0,gap_too_large,4.0,original,49.98,original,0.8698999999999999,original,543687747.0,original,3630205.0,original,1106913963.0,original,960086000.0,original,-119.0,original
633582.0,22.0,2024-01-08 19:30:00,OPMC_LIFT,960093000.0,225.0,226.0,227.0,4.0,0.0,4.0,50.02,0.8702,2024-01-08 19:30:09.000,2024-01-08 19:30:09.000,2024-01-08 19:30:09.000,543690323.0,3631398.0,1106922181.0,225.0,original,226.0,original,227.0,original,4.0,original,0.0,gap_too_large,4.0,original,50.02,original,0.8702,original,543690323.0,original,3631398.0,original,1106922181.0,original,960093000.0,original,-121.0,original
633673.0,22.0,2024-01-08 20:00:00,OPMC_LIFT,960100000.0,225.0,226.0,227.0,4.0,0.0,4.0,50.0,0.8694999999999999,2024-01-08 20:00:15.000,2024-01-08 20:00:15.000,2024-01-08 20:00:15.000,543692893.0,3632595.0,1106930385.0,225.0,original,226.0,original,227.0,original,4.0,original,0.0,gap_too_large,4.0,original,50.0,original,0.8694999999999999,original,543692893.0,original,3632595.0,original,1106930385.0,original,960100000.0,original,-121.0,original
633746.0,22.0,2024-01-08 20:30:00,OPMC_LIFT,960107000.0,226.0,226.0,228.0,4.0,0.0,4.0,50.03,0.8674,2024-01-08 20:30:12.000,2024-01-08 20:30:12.000,2024-01-08 20:30:12.000,543695472.0,3633795.0,1106938609.0,226.0,original,226.0,original,228.0,original,4.0,original,0.0,gap_too_large,4.0,original,50.03,original,0.8674,original,543695472.0,original,3633795.0,original,1106938609.0,original,960107000.0,original,-107.0,original
633828.0,22.0,2024-01-08 21:00:00,OPMC_LIFT,960114000.0,226.0,227.0,228.0,4.0,0.0,4.0,50.03,0.8682,2024-01-08 21:00:14.000,2024-01-08 21:00:14.000,2024-01-08 21:00:14.000,543698061.0,3634995.0,1106946859.0,226.0,original,227.0,original,228.0,original,4.0,original,0.0,gap_too_large,4.0,original,50.03,original,0.8682,original,543698061.0,original,3634995.0,original,1106946859.0,original,960114000.0,original,-120.0,original
633904.0,22.0,2024-01-08 21:30:00,OPMC_LIFT,960121000.0,227.0,227.0,229.0,4.0,0.0,4.0,50.04,0.8679999999999999,2024-01-08 21:30:16.000,2024-01-08 21:30:16.000,2024-01-08 21:30:16.000,543700669.0,3636198.0,1106955153.0,227.0,original,227.0,original,229.0,original,4.0,original,0.0,gap_too_large,4.0,original,50.04,original,0.8679999999999999,original,543700669.0,original,3636198.0,original,1106955153.0,original,960121000.0,original,-100.0,original
633982.0,22.0,2024-01-08 22:00:00,OPMC_LIFT,960129000.0,227.0,228.0,229.0,4.0,0.0,4.0,50.05,0.8679999999999999,2024-01-08 22:00:14.000,2024-01-08 22:00:14.000,2024-01-08 22:00:14.000,543703302.0,3637402.0,1106963515.0,227.0,original,228.0,original,229.0,original,4.0,original,0.0,gap_too_large,4.0,original,50.05,original,0.8679999999999999,original,543703302.0,original,3637402.0,original,1106963515.0,original,960129000.0,original,-105.0,original
634060.0,22.0,2024-01-08 22:30:00,OPMC_LIFT,960136000.0,228.0,228.0,230.0,4.0,0.0,4.0,50.03,0.8655999999999999,2024-01-08 22:30:18.000,2024-01-08 22:30:18.000,2024-01-08 22:30:18.000,543705949.0,3638605.0,1106971905.0,228.0,original,228.0,original,230.0,original,4.0,original,0.0,gap_too_large,4.0,original,50.03,original,0.8655999999999999,original,543705949.0,original,3638605.0,original,1106971905.0,original,960136000.0,original,-107.0,original
634149.0,22.0,2024-01-08 23:00:00,OPMC_LIFT,960143000.0,228.0,229.0,230.0,4.0,0.0,4.0,50.01,0.8676999999999999,2024-01-08 23:00:14.000,2024-01-08 23:00:14.000,2024-01-08 23:00:14.000,543708611.0,3639808.0,1106980334.0,228.0,original,229.0,original,230.0,original,4.0,original,0.0,gap_too_large,4.0,original,50.01,original,0.8676999999999999,original,543708611.0,original,3639808.0,original,1106980334.0,original,960143000.0,original,-120.0,original
634237.0,22.0,2024-01-08 23:30:00,OPMC_LIFT,960150000.0,226.0,226.0,228.0,4.0,0.0,4.0,50.0,0.8710999999999999,2024-01-08 23:30:14.000,2024-01-08 23:30:14.000,2024-01-08 23:30:14.000,543711226.0,3641011.0,1106988645.0,226.0,original,226.0,original,228.0,original,4.0,original,0.0,gap_too_large,4.0,original,50.0,original,0.8710999999999999,original,543711226.0,original,3641011.0,original,1106988645.0,original,960150000.0,original,-104.0,original
634337.0,22.0,2024-01-09 00:00:00,OPMC_LIFT,960160000.0,226.0,227.0,229.0,4.0,0.0,4.0,49.97,0.8692,2024-01-09 00:10:12.000,2024-01-09 00:10:12.000,2024-01-09 00:10:12.000,543714701.0,3642611.0,1106999704.0,226.0,original,227.0,original,229.0,original,4.0,original,0.0,gap_too_large,4.0,original,49.97,original,0.8692,original,543714701.0,original,3642611.0,original,1106999704.0,original,960160000.0,original,-103.0,original
634416.0,22.0,2024-01-09 00:30:00,OPMC_LIFT,960167000.0,227.0,228.0,229.0,4.0,0.0,4.0,50.06,0.8694999999999999,2024-01-09 00:40:15.000,2024-01-09 00:40:15.000,2024-01-09 00:40:15.000,543717328.0,3643814.0,1107008056.0,227.0,original,228.0,original,229.0,original,4.0,original,0.0,gap_too_large,4.0,original,50.06,original,0.8694999999999999,original,543717328.0,original,3643814.0,original,1107008056.0,original,960167000.0,original,-108.0,original
634464.0,22.0,2024-01-09 01:00:00,OPMC_LIFT,960172000.0,227.0,228.0,230.0,4.0,0.0,4.0,49.97,0.8662,2024-01-09 01:00:12.000,2024-01-09 01:00:12.000,2024-01-09 01:00:12.000,543719091.0,3644618.0,1107013643.0,227.0,original,228.0,original,230.0,original,4.0,original,0.0,gap_too_large,4.0,original,49.97,original,0.8662,original,543719091.0,original,3644618.0,original,1107013643.0,original,960172000.0,original,-99.0,original
634550.0,22.0,2024-01-09 01:30:00,OPMC_LIFT,960179000.0,228.0,228.0,230.0,4.0,0.0,4.0,50.05,0.8688999999999999,2024-01-09 01:30:14.000,2024-01-09 01:30:14.000,2024-01-09 01:30:14.000,543721738.0,3645818.0,1107022033.0,228.0,original,228.0,original,230.0,original,4.0,original,0.0,gap_too_large,4.0,original,50.05,original,0.8688999999999999,original,543721738.0,original,3645818.0,original,1107022033.0,original,960179000.0,original,-121.0,original
634625.0,22.0,2024-01-09 02:00:00,OPMC_LIFT,960187000.0,228.0,228.0,230.0,4.0,0.0,4.0,50.0,0.8666999999999999,2024-01-09 02:00:11.000,2024-01-09 02:00:11.000,2024-01-09 02:00:11.000,543724384.0,3647021.0,1107030430.0,228.0,original,228.0,original,230.0,original,4.0,original,0.0,gap_too_large,4.0,original,50.0,original,0.8666999999999999,original,543724384.0,original,3647021.0,original,1107030430.0,original,960187000.0,original,-121.0,original
634697.0,22.0,2024-01-09 02:30:00,OPMC_LIFT,960194000.0,228.0,229.0,230.0,4.0,0.0,4.0,50.02,0.8679999999999999,2024-01-09 02:30:10.000,2024-01-09 02:30:10.000,2024-01-09 02:30:10.000,543727046.0,3648224.0,1107038865.0,228.0,original,229.0,original,230.0,original,4.0,original,0.0,gap_too_large,4.0,original,50.02,original,0.8679999999999999,original,543727046.0,original,3648224.0,original,1107038865.0,original,960194000.0,original,-121.0,original
634771.0,22.0,2024-01-09 03:00:00,OPMC_LIFT,960201000.0,229.0,230.0,231.0,4.0,0.0,4.0,50.06,0.8690999999999999,2024-01-09 03:00:14.000,2024-01-09 03:00:14.000,2024-01-09 03:00:14.000,543729731.0,3649427.0,1107047352.0,229.0,original,230.0,original,231.0,original,4.0,original,0.0,gap_too_large,4.0,original,50.06,original,0.8690999999999999,original,543729731.0,original,3649427.0,original,1107047352.0,original,960201000.0,original,-120.0,original
634851.0,22.0,2024-01-09 03:30:00,OPMC_LIFT,960209000.0,229.0,230.0,231.0,4.0,0.0,4.0,50.05,0.8684,2024-01-09 03:30:15.000,2024-01-09 03:30:15.000,2024-01-09 03:30:15.000,543732429.0,3650634.0,1107055880.0,229.0,original,230.0,original,231.0,original,4.0,original,0.0,gap_too_large,4.0,original,50.05,original,0.8684,original,543732429.0,original,3650634.0,original,1107055880.0,original,960209000.0,original,-123.0,original
634926.0,22.0,2024-01-09 04:00:00,OPMC_LIFT,960216000.0,229.0,229.0,231.0,4.0,0.0,4.0,49.94,0.8700999999999999,2024-01-09 04:00:10.000,2024-01-09 04:00:10.000,2024-01-09 04:00:10.000,543735126.0,3651837.0,1107064405.0,229.0,original,229.0,original,231.0,original,4.0,original,0.0,gap_too_large,4.0,original,49.94,original,0.8700999999999999,original,543735126.0,original,3651837.0,original,1107064405.0,original,960216000.0,original,-107.0,original
635054.0,22.0,2024-01-09 04:30:00,OPMC_LIFT,960228000.0,228.0,229.0,230.0,4.0,0.0,4.0,50.0,0.8687999999999999,2024-01-09 04:50:13.000,2024-01-09 04:50:13.000,2024-01-09 04:50:13.000,543739597.0,3653843.0,1107078536.0,228.0,original,229.0,original,230.0,original,4.0,original,0.0,gap_too_large,4.0,original,50.0,original,0.8687999999999999,original,543739597.0,original,3653843.0,original,1107078536.0,original,960228000.0,original,-105.0,original
635078.0,22.0,2024-01-09 05:00:00,OPMC_LIFT,960231000.0,228.0,228.0,230.0,4.0,0.0,4.0,49.95,0.8654,2024-01-09 05:00:15.000,2024-01-09 05:00:15.000,2024-01-09 05:00:15.000,543740486.0,3654246.0,1107081349.0,228.0,original,228.0,original,230.0,original,4.0,original,0.0,gap_too_large,4.0,original,49.95,original,0.8654,original,543740486.0,original,3654246.0,original,1107081349.0,original,960231000.0,original,-99.0,original
635156.0,22.0,2024-01-09 05:30:00,OPMC_LIFT,960238000.0,226.0,227.0,228.0,4.0,0.0,4.0,50.03,0.8665999999999999,2024-01-09 05:30:15.000,2024-01-09 05:30:15.000,2024-01-09 05:30:15.000,543743120.0,3655446.0,1107089707.0,226.0,original,227.0,original,228.0,original,4.0,original,0.0,gap_too_large,4.0,original,50.03,original,0.8665999999999999,original,543743120.0,original,3655446.0,original,1107089707.0,original,960238000.0,original,-105.0,original
635254.0,22.0,2024-01-09 06:00:00,OPMC_LIFT,960248000.0,225.0,225.0,227.0,4.0,0.0,3.0,49.95,0.8669999999999999,2024-01-09 06:10:15.000,2024-01-09 06:10:15.000,2024-01-09 06:10:15.000,543746570.0,3657050.0,1107100705.0,225.0,original,225.0,original,227.0,original,4.0,original,0.0,gap_too_large,3.0,original,49.95,original,0.8669999999999999,original,543746570.0,original,3657050.0,original,1107100705.0,original,960248000.0,original,-102.0,original
635302.0,22.0,2024-01-09 06:30:00,OPMC_LIFT,960252000.0,226.0,227.0,228.0,4.0,0.0,4.0,50.08,0.8693,2024-01-09 06:30:13.000,2024-01-09 06:30:13.000,2024-01-09 06:30:13.000,543748278.0,3657850.0,1107106168.0,226.0,original,227.0,original,228.0,original,4.0,original,0.0,gap_too_large,4.0,original,50.08,original,0.8693,original,543748278.0,original,3657850.0,original,1107106168.0,original,960252000.0,original,-102.0,original
635396.0,22.0,2024-01-09 07:00:00,OPMC_LIFT,960260000.0,226.0,227.0,229.0,4.0,0.0,4.0,49.93,0.8687999999999999,2024-01-09 07:00:13.000,2024-01-09 07:00:13.000,2024-01-09 07:00:13.000,543750890.0,3659059.0,1107114485.0,226.0,original,227.0,original,229.0,original,4.0,original,0.0,gap_too_large,4.0,original,49.93,original,0.8687999999999999,original,543750890.0,original,3659059.0,original,1107114485.0,original,960260000.0,original,-120.0,original
635497.0,22.0,2024-01-09 07:30:00,OPMC_LIFT,960269000.0,225.0,226.0,228.0,4.0,0.0,4.0,50.02,0.8690999999999999,2024-01-09 07:40:10.000,2024-01-09 07:40:10.000,2024-01-09 07:40:10.000,543754320.0,3660659.0,1107125422.0,225.0,original,226.0,original,228.0,original,4.0,original,0.0,gap_too_large,4.0,original,50.02,original,0.8690999999999999,original,543754320.0,original,3660659.0,original,1107125422.0,original,960269000.0,original,-105.0,original
635605.0,22.0,2024-01-09 08:00:00,OPMC_LIFT,960279000.0,225.0,226.0,228.0,4.0,0.0,4.0,50.06,0.8694,2024-01-09 08:20:11.000,2024-01-09 08:20:11.000,2024-01-09 08:20:11.000,543757754.0,3662250.0,1107136369.0,225.0,original,226.0,original,228.0,original,4.0,original,0.0,gap_too_large,4.0,original,50.06,original,0.8694,original,543757754.0,original,3662250.0,original,1107136369.0,original,960279000.0,original,-121.0,original
635685.0,22.0,2024-01-09 08:30:00,OPMC_LIFT,960709000.0,218.0,220.0,222.0,361.0,381.0,380.0,50.03,0.8708999999999999,2024-01-09 08:50:15.000,2024-01-09 08:50:15.000,2024-01-09 08:50:15.000,544024090.0,3662778.0,1107645736.0,218.0,original,220.0,original,222.0,original,361.0,original,381.0,original,380.0,original,50.03,original,0.8708999999999999,original,544024090.0,original,3662778.0,original,1107645736.0,original,960709000.0,original,-119.0,original
635732.0,22.0,2024-01-09 09:00:00,OPMC_LIFT,961126000.0,222.0,224.0,225.0,201.0,207.0,210.0,50.0,0.8705999999999999,2024-01-09 09:10:13.000,2024-01-09 09:10:13.000,2024-01-09 09:10:13.000,544258230.0,3662778.0,1108123560.0,222.0,original,224.0,original,225.0,original,201.0,original,207.0,original,210.0,original,50.0,original,0.8705999999999999,original,544258230.0,original,3662778.0,original,1108123560.0,original,961126000.0,original,-106.0,original
635793.0,22.0,2024-01-09 09:30:00,OPMC_LIFT,961533000.0,222.0,224.0,225.0,204.0,210.0,214.0,49.96,0.8734,2024-01-09 09:30:13.000,2024-01-09 09:30:13.000,2024-01-09 09:30:13.000,544485984.0,3662778.0,1108589899.0,222.0,original,224.0,original,225.0,original,204.0,original,210.0,original,214.0,original,49.96,original,0.8734,original,544485984.0,original,3662778.0,original,1108589899.0,original,961533000.0,original,-102.0,original
635877.0,22.0,2024-01-09 10:00:00,OPMC_LIFT,962150000.0,220.0,222.0,223.0,208.0,213.0,216.0,49.97,0.8769999999999999,2024-01-09 10:00:13.000,2024-01-09 10:00:13.000,2024-01-09 10:00:13.000,544826720.0,3662778.0,1109294952.0,220.0,original,222.0,original,223.0,original,208.0,original,213.0,original,216.0,original,49.97,original,0.8769999999999999,original,544826720.0,original,3662778.0,original,1109294952.0,original,962150000.0,original,-100.0,original
635949.0,22.0,2024-01-09 10:30:00,OPMC_LIFT,962775000.0,222.0,224.0,225.0,206.0,212.0,215.0,50.02,0.8744999999999999,2024-01-09 10:30:11.000,2024-01-09 10:30:11.000,2024-01-09 10:30:11.000,545172800.0,3662778.0,1110009099.0,222.0,original,224.0,original,225.0,original,206.0,original,212.0,original,215.0,original,50.02,original,0.8744999999999999,original,545172800.0,original,3662778.0,original,1110009099.0,original,962775000.0,original,-120.0,original
636025.0,22.0,2024-01-09 11:00:00,OPMC_LIFT,963401000.0,222.0,224.0,225.0,209.0,215.0,218.0,50.02,0.8756999999999999,2024-01-09 11:00:09.000,2024-01-09 11:00:09.000,2024-01-09 11:00:09.000,545519046.0,3662778.0,1110724625.0,222.0,original,224.0,original,225.0,original,209.0,original,215.0,original,218.0,original,50.02,original,0.8756999999999999,original,545519046.0,original,3662778.0,original,1110724625.0,original,963401000.0,original,-120.0,original
636156.0,22.0,2024-01-09 11:30:00,OPMC_LIFT,964500000.0,221.0,224.0,225.0,303.0,322.0,321.0,50.01,0.8444999999999999,2024-01-09 11:50:12.000,2024-01-09 11:50:12.000,2024-01-09 11:50:12.000,546144096.0,3662778.0,1111990069.0,221.0,original,224.0,original,225.0,original,303.0,original,322.0,original,321.0,original,50.01,original,0.8444999999999999,original,546144096.0,original,3662778.0,original,1111990069.0,original,964500000.0,original,-118.0,original
636184.0,22.0,2024-01-09 12:00:00,OPMC_LIFT,964735000.0,225.0,227.0,228.0,206.0,214.0,217.0,50.07,0.8585999999999999,2024-01-09 12:00:11.000,2024-01-09 12:00:11.000,2024-01-09 12:00:11.000,546286470.0,3662778.0,1112264670.0,225.0,original,227.0,original,228.0,original,206.0,original,214.0,original,217.0,original,50.07,original,0.8585999999999999,original,546286470.0,original,3662778.0,original,1112264670.0,original,964735000.0,original,-101.0,original
636271.0,22.0,2024-01-09 12:30:00,OPMC_LIFT,965419000.0,224.0,226.0,227.0,205.0,213.0,216.0,49.98,0.8603999999999999,2024-01-09 12:30:15.000,2024-01-09 12:30:15.000,2024-01-09 12:30:15.000,546707274.0,3662778.0,1113068523.0,224.0,original,226.0,original,227.0,original,205.0,original,213.0,original,216.0,original,49.98,original,0.8603999999999999,original,546707274.0,original,3662778.0,original,1113068523.0,original,965419000.0,original,-119.0,original
636349.0,22.0,2024-01-09 13:00:00,OPMC_LIFT,966116000.0,222.0,224.0,225.0,209.0,217.0,219.0,50.04,0.8647999999999999,2024-01-09 13:00:16.000,2024-01-09 13:00:16.000,2024-01-09 13:00:16.000,547129686.0,3662778.0,1113885304.0,222.0,original,224.0,original,225.0,original,209.0,original,217.0,original,219.0,original,50.04,original,0.8647999999999999,original,547129686.0,original,3662778.0,original,1113885304.0,original,966116000.0,original,-118.0,original
636441.0,22.0,2024-01-09 13:30:00,OPMC_LIFT,966830000.0,220.0,222.0,223.0,214.0,222.0,224.0,49.98,0.8706999999999999,2024-01-09 13:30:18.000,2024-01-09 13:30:18.000,2024-01-09 13:30:18.000,547551626.0,3662778.0,1114715032.0,220.0,original,222.0,original,223.0,original,214.0,original,222.0,original,224.0,original,49.98,original,0.8706999999999999,original,547551626.0,original,3662778.0,original,1114715032.0,original,966830000.0,original,-103.0,original
636513.0,22.0,2024-01-09 14:00:00,OPMC_LIFT,967537000.0,218.0,221.0,222.0,297.0,315.0,313.0,50.01,0.8484999999999999,2024-01-09 14:00:09.000,2024-01-09 14:00:09.000,2024-01-09 14:00:09.000,547967120.0,3662778.0,1115535960.0,218.0,original,221.0,original,222.0,original,297.0,original,315.0,original,313.0,original,50.01,original,0.8484999999999999,original,547967120.0,original,3662778.0,original,1115535960.0,original,967537000.0,original,-119.0,original
636608.0,22.0,2024-01-09 14:30:00,OPMC_LIFT,968392000.0,219.0,222.0,223.0,392.0,414.0,411.0,50.02,0.8739999999999999,2024-01-09 14:30:13.000,2024-01-09 14:30:13.000,2024-01-09 14:30:13.000,548470371.0,3662778.0,1116529800.0,219.0,original,222.0,original,223.0,original,392.0,original,414.0,original,411.0,original,50.02,original,0.8739999999999999,original,548470371.0,original,3662778.0,original,1116529800.0,original,968392000.0,original,-107.0,original
636695.0,22.0,2024-01-09 15:00:00,OPMC_LIFT,969222000.0,223.0,225.0,226.0,206.0,212.0,215.0,50.0,0.8717999999999999,2024-01-09 15:00:16.000,2024-01-09 15:00:16.000,2024-01-09 15:00:16.000,548960762.0,3662778.0,1117493790.0,223.0,original,225.0,original,226.0,original,206.0,original,212.0,original,215.0,original,50.0,original,0.8717999999999999,original,548960762.0,original,3662778.0,original,1117493790.0,original,969222000.0,original,-107.0,original
636773.0,22.0,2024-01-09 15:30:00,OPMC_LIFT,970030000.0,222.0,224.0,225.0,246.0,261.0,262.0,50.0,0.8092999999999999,2024-01-09 15:30:13.000,2024-01-09 15:30:13.000,2024-01-09 15:30:13.000,549436243.0,3662778.0,1118432949.0,222.0,original,224.0,original,225.0,original,246.0,original,261.0,original,262.0,original,50.0,original,0.8092999999999999,original,549436243.0,original,3662778.0,original,1118432949.0,original,970030000.0,original,-118.0,original
636853.0,22.0,2024-01-09 16:00:00,OPMC_LIFT,970777000.0,224.0,226.0,227.0,200.0,210.0,212.0,50.01,0.8573,2024-01-09 16:00:16.000,2024-01-09 16:00:16.000,2024-01-09 16:00:16.000,549894621.0,3662778.0,1119309662.0,224.0,original,226.0,original,227.0,original,200.0,original,210.0,original,212.0,original,50.01,original,0.8573,original,549894621.0,original,3662778.0,original,1119309662.0,original,970777000.0,original,-106.0,original
636923.0,22.0,2024-01-09 16:30:00,OPMC_LIFT,970885000.0,227.0,228.0,229.0,4.0,0.0,4.0,49.98,1.0,2024-01-09 16:30:15.000,2024-01-09 16:30:15.000,2024-01-09 16:30:15.000,549965341.0,3662778.0,1119438312.0,227.0,original,228.0,original,229.0,original,4.0,original,0.0,gap_too_large,4.0,original,49.98,original,1.0,original,549965341.0,original,3662778.0,original,1119438312.0,original,970885000.0,original,-99.0,original
636996.0,22.0,2024-01-09 17:00:00,OPMC_LIFT,970890000.0,229.0,230.0,232.0,4.0,0.0,4.0,50.05,0.8674999999999999,2024-01-09 17:00:12.000,2024-01-09 17:00:12.000,2024-01-09 17:00:12.000,549967459.0,3663600.0,1119444584.0,229.0,original,230.0,original,232.0,original,4.0,original,0.0,gap_too_large,4.0,original,50.05,original,0.8674999999999999,original,549967459.0,original,3663600.0,original,1119444584.0,original,970890000.0,original,-119.0,original
637071.0,22.0,2024-01-09 17:30:00,OPMC_LIFT,970897000.0,228.0,229.0,230.0,4.0,0.0,4.0,49.96,0.8680999999999999,2024-01-09 17:30:16.000,2024-01-09 17:30:16.000,2024-01-09 17:30:16.000,549970106.0,3664797.0,1119452984.0,228.0,original,229.0,original,230.0,original,4.0,original,0.0,gap_too_large,4.0,original,49.96,original,0.8680999999999999,original,549970106.0,original,3664797.0,original,1119452984.0,original,970897000.0,original,-120.0,original
637146.0,22.0,2024-01-09 18:00:00,OPMC_LIFT,970905000.0,228.0,228.0,230.0,4.0,0.0,4.0,50.04,0.8672,2024-01-09 18:00:17.000,2024-01-09 18:00:17.000,2024-01-09 18:00:17.000,549972781.0,3665994.0,1119461461.0,228.0,original,228.0,original,230.0,original,4.0,original,0.0,gap_too_large,4.0,original,50.04,original,0.8672,original,549972781.0,original,3665994.0,original,1119461461.0,original,970905000.0,original,-120.0,original
637210.0,22.0,2024-01-09 18:30:00,OPMC_LIFT,970912000.0,229.0,229.0,231.0,4.0,0.0,4.0,50.03,0.8676999999999999,2024-01-09 18:30:18.000,2024-01-09 18:30:18.000,2024-01-09 18:30:18.000,549975453.0,3667190.0,1119469918.0,229.0,original,229.0,original,231.0,original,4.0,original,0.0,gap_too_large,4.0,original,50.03,original,0.8676999999999999,original,549975453.0,original,3667190.0,original,1119469918.0,original,970912000.0,original,-118.0,original
637328.0,22.0,2024-01-09 19:00:00,OPMC_LIFT,970924000.0,226.0,227.0,228.0,4.0,0.0,4.0,50.04,0.8692,2024-01-09 19:20:14.000,2024-01-09 19:20:14.000,2024-01-09 19:20:14.000,549979885.0,3669184.0,1119483963.0,226.0,original,227.0,original,228.0,original,4.0,original,0.0,gap_too_large,4.0,original,50.04,original,0.8692,original,549979885.0,original,3669184.0,original,1119483963.0,original,970924000.0,original,-120.0,original
637371.0,22.0,2024-01-09 19:30:00,OPMC_LIFT,970929000.0,226.0,226.0,228.0,4.0,0.0,4.0,49.97,0.8714999999999999,2024-01-09 19:40:12.000,2024-01-09 19:40:12.000,2024-01-09 19:40:12.000,549981606.0,3669978.0,1119489464.0,226.0,original,226.0,original,228.0,original,4.0,original,0.0,gap_too_large,4.0,original,49.97,original,0.8714999999999999,original,549981606.0,original,3669978.0,original,1119489464.0,original,970929000.0,original,-101.0,original
637472.0,22.0,2024-01-09 20:00:00,OPMC_LIFT,970938000.0,226.0,227.0,228.0,4.0,0.0,4.0,49.96,0.8695999999999999,2024-01-09 20:20:10.000,2024-01-09 20:20:10.000,2024-01-09 20:20:10.000,549985059.0,3671568.0,1119500481.0,226.0,original,227.0,original,228.0,original,4.0,original,0.0,gap_too_large,4.0,original,49.96,original,0.8695999999999999,original,549985059.0,original,3671568.0,original,1119500481.0,original,970938000.0,original,-108.0,original
637501.0,22.0,2024-01-09 20:30:00,OPMC_LIFT,970941000.0,226.0,226.0,228.0,4.0,0.0,4.0,50.01,0.8703,2024-01-09 20:30:16.000,2024-01-09 20:30:16.000,2024-01-09 20:30:16.000,549985926.0,3671965.0,1119503249.0,226.0,original,226.0,original,228.0,original,4.0,original,0.0,gap_too_large,4.0,original,50.01,original,0.8703,original,549985926.0,original,3671965.0,original,1119503249.0,original,970941000.0,original,-101.0,original
637577.0,22.0,2024-01-09 21:00:00,OPMC_LIFT,970948000.0,227.0,227.0,229.0,4.0,0.0,4.0,50.04,0.8677999999999999,2024-01-09 21:00:15.000,2024-01-09 21:00:15.000,2024-01-09 21:00:15.000,549988534.0,3673158.0,1119511557.0,227.0,original,227.0,original,229.0,original,4.0,original,0.0,gap_too_large,4.0,original,50.04,original,0.8677999999999999,original,549988534.0,original,3673158.0,original,1119511557.0,original,970948000.0,original,-121.0,original
637637.0,22.0,2024-01-09 21:30:00,OPMC_LIFT,970955000.0,228.0,228.0,230.0,4.0,0.0,4.0,50.02,0.8704999999999999,2024-01-09 21:30:13.000,2024-01-09 21:30:13.000,2024-01-09 21:30:13.000,549991162.0,3674358.0,1119519925.0,228.0,original,228.0,original,230.0,original,4.0,original,0.0,gap_too_large,4.0,original,50.02,original,0.8704999999999999,original,549991162.0,original,3674358.0,original,1119519925.0,original,970955000.0,original,-120.0,original
637730.0,22.0,2024-01-09 22:00:00,OPMC_LIFT,970965000.0,228.0,229.0,231.0,4.0,0.0,4.0,50.06,0.8673,2024-01-09 22:10:09.000,2024-01-09 22:10:09.000,2024-01-09 22:10:09.000,549994694.0,3675955.0,1119531147.0,228.0,original,229.0,original,231.0,original,4.0,original,0.0,gap_too_large,4.0,original,50.06,original,0.8673,original,549994694.0,original,3675955.0,original,1119531147.0,original,970965000.0,original,-120.0,original
637814.0,22.0,2024-01-09 22:30:00,OPMC_LIFT,970972000.0,229.0,229.0,231.0,4.0,0.0,4.0,50.02,0.8698999999999999,2024-01-09 22:40:13.000,2024-01-09 22:40:13.000,2024-01-09 22:40:13.000,549997370.0,3677158.0,1119539624.0,229.0,original,229.0,original,231.0,original,4.0,original,0.0,gap_too_large,4.0,original,50.02,original,0.8698999999999999,original,549997370.0,original,3677158.0,original,1119539624.0,original,970972000.0,original,-107.0,original
637868.0,22.0,2024-01-09 23:00:00,OPMC_LIFT,970977000.0,229.0,229.0,231.0,4.0,0.0,4.0,50.04,0.8667999999999999,2024-01-09 23:00:13.000,2024-01-09 23:00:13.000,2024-01-09 23:00:13.000,549999155.0,3677958.0,1119545281.0,229.0,original,229.0,original,231.0,original,4.0,original,0.0,gap_too_large,4.0,original,50.04,original,0.8667999999999999,original,549999155.0,original,3677958.0,original,1119545281.0,original,970977000.0,original,-107.0,original
637962.0,22.0,2024-01-09 23:30:00,OPMC_LIFT,970987000.0,226.0,226.0,228.0,4.0,0.0,4.0,49.94,0.8688999999999999,2024-01-09 23:40:12.000,2024-01-09 23:40:12.000,2024-01-09 23:40:12.000,550002714.0,3679558.0,1119556552.0,226.0,original,226.0,original,228.0,original,4.0,original,0.0,gap_too_large,4.0,original,49.94,original,0.8688999999999999,original,550002714.0,original,3679558.0,original,1119556552.0,original,970987000.0,original,-105.0,original
638026.0,22.0,2024-01-10 00:00:00,OPMC_LIFT,970994000.0,227.0,227.0,229.0,4.0,0.0,4.0,49.99,0.8685999999999999,2024-01-10 00:10:13.000,2024-01-10 00:10:13.000,2024-01-10 00:10:13.000,550005328.0,3680758.0,1119564885.0,227.0,original,227.0,original,229.0,original,4.0,original,0.0,gap_too_large,4.0,original,49.99,original,0.8685999999999999,original,550005328.0,original,3680758.0,original,1119564885.0,original,970994000.0,original,-108.0,original
638073.0,22.0,2024-01-10 00:30:00,OPMC_LIFT,970999000.0,227.0,227.0,229.0,4.0,0.0,4.0,49.99,0.8713,2024-01-10 00:30:17.000,2024-01-10 00:30:17.000,2024-01-10 00:30:17.000,550007078.0,3681555.0,1119570456.0,227.0,original,227.0,original,229.0,original,4.0,original,0.0,gap_too_large,4.0,original,49.99,original,0.8713,original,550007078.0,original,3681555.0,original,1119570456.0,original,970999000.0,original,-121.0,original
638144.0,22.0,2024-01-10 01:00:00,OPMC_LIFT,971007000.0,227.0,228.0,230.0,4.0,0.0,4.0,49.99,0.8682,2024-01-10 01:00:12.000,2024-01-10 01:00:12.000,2024-01-10 01:00:12.000,550009709.0,3682755.0,1119578817.0,227.0,original,228.0,original,230.0,original,4.0,original,0.0,gap_too_large,4.0,original,49.99,original,0.8682,original,550009709.0,original,3682755.0,original,1119578817.0,original,971007000.0,original,-120.0,original
638242.0,22.0,2024-01-10 01:30:00,OPMC_LIFT,971016000.0,228.0,228.0,230.0,4.0,0.0,4.0,49.99,0.8705999999999999,2024-01-10 01:40:14.000,2024-01-10 01:40:14.000,2024-01-10 01:40:14.000,550013229.0,3684355.0,1119589995.0,228.0,original,228.0,original,230.0,original,4.0,original,0.0,gap_too_large,4.0,original,49.99,original,0.8705999999999999,original,550013229.0,original,3684355.0,original,1119589995.0,original,971016000.0,original,-106.0,original
638315.0,22.0,2024-01-10 02:00:00,OPMC_LIFT,971024000.0,228.0,229.0,231.0,4.0,0.0,4.0,49.96,0.8685999999999999,2024-01-10 02:10:16.000,2024-01-10 02:10:16.000,2024-01-10 02:10:16.000,550015888.0,3685555.0,1119598430.0,228.0,original,229.0,original,231.0,original,4.0,original,0.0,gap_too_large,4.0,original,49.96,original,0.8685999999999999,original,550015888.0,original,3685555.0,original,1119598430.0,original,971024000.0,original,-121.0,original
638359.0,22.0,2024-01-10 02:30:00,OPMC_LIFT,971028000.0,229.0,229.0,231.0,4.0,0.0,4.0,50.06,0.8702,2024-01-10 02:30:12.000,2024-01-10 02:30:12.000,2024-01-10 02:30:12.000,550017670.0,3686358.0,1119604078.0,229.0,original,229.0,original,231.0,original,4.0,original,0.0,gap_too_large,4.0,original,50.06,original,0.8702,original,550017670.0,original,3686358.0,original,1119604078.0,original,971028000.0,original,-120.0,original
638450.0,22.0,2024-01-10 03:00:00,OPMC_LIFT,971038000.0,229.0,229.0,231.0,4.0,0.0,4.0,50.02,0.8692,2024-01-10 03:10:12.000,2024-01-10 03:10:12.000,2024-01-10 03:10:12.000,550021248.0,3687958.0,1119615409.0,229.0,original,229.0,original,231.0,original,4.0,original,0.0,gap_too_large,4.0,original,50.02,original,0.8692,original,550021248.0,original,3687958.0,original,1119615409.0,original,971038000.0,original,-98.0,original
638494.0,22.0,2024-01-10 03:30:00,OPMC_LIFT,971043000.0,229.0,230.0,231.0,4.0,0.0,4.0,50.04,0.8664,2024-01-10 03:30:09.000,2024-01-10 03:30:09.000,2024-01-10 03:30:09.000,550023040.0,3688762.0,1119621077.0,229.0,original,230.0,original,231.0,original,4.0,original,0.0,gap_too_large,4.0,original,50.04,original,0.8664,original,550023040.0,original,3688762.0,original,1119621077.0,original,971043000.0,original,-105.0,original
638587.0,22.0,2024-01-10 04:00:00,OPMC_LIFT,971053000.0,229.0,230.0,231.0,4.0,0.0,4.0,50.04,0.8684999999999999,2024-01-10 04:10:13.000,2024-01-10 04:10:13.000,2024-01-10 04:10:13.000,550026634.0,3690365.0,1119632437.0,229.0,original,230.0,original,231.0,original,4.0,original,0.0,gap_too_large,4.0,original,50.04,original,0.8684999999999999,original,550026634.0,original,3690365.0,original,1119632437.0,original,971053000.0,original,-121.0,original
638635.0,22.0,2024-01-10 04:30:00,OPMC_LIFT,971058000.0,229.0,229.0,231.0,4.0,0.0,4.0,50.03,0.8682,2024-01-10 04:30:14.000,2024-01-10 04:30:14.000,2024-01-10 04:30:14.000,550028419.0,3691168.0,1119638094.0,229.0,original,229.0,original,231.0,original,4.0,original,0.0,gap_too_large,4.0,original,50.03,original,0.8682,original,550028419.0,original,3691168.0,original,1119638094.0,original,971058000.0,original,-121.0,original
638700.0,22.0,2024-01-10 05:00:00,OPMC_LIFT,971065000.0,228.0,228.0,230.0,4.0,0.0,4.0,49.98,0.8687999999999999,2024-01-10 05:00:14.000,2024-01-10 05:00:14.000,2024-01-10 05:00:14.000,550031091.0,3692368.0,1119646555.0,228.0,original,228.0,original,230.0,original,4.0,original,0.0,gap_too_large,4.0,original,49.98,original,0.8687999999999999,original,550031091.0,original,3692368.0,original,1119646555.0,original,971065000.0,original,-120.0,original
638762.0,22.0,2024-01-10 05:30:00,OPMC_LIFT,971073000.0,227.0,227.0,229.0,4.0,0.0,4.0,50.01,0.8679999999999999,2024-01-10 05:30:12.000,2024-01-10 05:30:12.000,2024-01-10 05:30:12.000,550033725.0,3693565.0,1119654933.0,227.0,original,227.0,original,229.0,original,4.0,original,0.0,gap_too_large,4.0,original,50.01,original,0.8679999999999999,original,550033725.0,original,3693565.0,original,1119654933.0,original,971073000.0,original,-103.0,original
638825.0,22.0,2024-01-10 06:00:00,OPMC_LIFT,971080000.0,226.0,227.0,228.0,4.0,0.0,4.0,50.05,0.8674999999999999,2024-01-10 06:00:14.000,2024-01-10 06:00:14.000,2024-01-10 06:00:14.000,550036326.0,3694765.0,1119663227.0,226.0,original,227.0,original,228.0,original,4.0,original,0.0,gap_too_large,4.0,original,50.05,original,0.8674999999999999,original,550036326.0,original,3694765.0,original,1119663227.0,original,971080000.0,original,-120.0,original
638897.0,22.0,2024-01-10 06:30:00,OPMC_LIFT,971087000.0,224.0,225.0,227.0,4.0,0.0,3.0,50.08,0.8693,2024-01-10 06:30:15.000,2024-01-10 06:30:15.000,2024-01-10 06:30:15.000,550038893.0,3695965.0,1119671438.0,224.0,original,225.0,original,227.0,original,4.0,original,0.0,gap_too_large,3.0,original,50.08,original,0.8693,original,550038893.0,original,3695965.0,original,1119671438.0,original,971087000.0,original,-93.0,original
638986.0,22.0,2024-01-10 07:00:00,OPMC_LIFT,971094000.0,226.0,226.0,228.0,4.0,0.0,4.0,49.99,0.8689999999999999,2024-01-10 07:00:15.000,2024-01-10 07:00:15.000,2024-01-10 07:00:15.000,550041459.0,3697165.0,1119679640.0,226.0,original,226.0,original,228.0,original,4.0,original,0.0,gap_too_large,4.0,original,49.99,original,0.8689999999999999,original,550041459.0,original,3697165.0,original,1119679640.0,original,971094000.0,original,-95.0,original
639051.0,22.0,2024-01-10 07:30:00,OPMC_LIFT,971101000.0,226.0,227.0,228.0,4.0,0.0,4.0,50.04,0.8686999999999999,2024-01-10 07:30:13.000,2024-01-10 07:30:13.000,2024-01-10 07:30:13.000,550044022.0,3698362.0,1119687829.0,226.0,original,227.0,original,228.0,original,4.0,original,0.0,gap_too_large,4.0,original,50.04,original,0.8686999999999999,original,550044022.0,original,3698362.0,original,1119687829.0,original,971101000.0,original,-107.0,original
639148.0,22.0,2024-01-10 08:00:00,OPMC_LIFT,971111000.0,224.0,225.0,226.0,4.0,0.0,3.0,50.04,0.8673,2024-01-10 08:10:14.000,2024-01-10 08:10:14.000,2024-01-10 08:10:14.000,550047450.0,3699958.0,1119698760.0,224.0,original,225.0,original,226.0,original,4.0,original,0.0,gap_too_large,3.0,original,50.04,original,0.8673,original,550047450.0,original,3699958.0,original,1119698760.0,original,971111000.0,original,-102.0,original
639214.0,22.0,2024-01-10 08:30:00,OPMC_LIFT,971349000.0,218.0,221.0,222.0,376.0,399.0,398.0,50.02,0.8758999999999999,2024-01-10 08:40:13.000,2024-01-10 08:40:13.000,2024-01-10 08:40:13.000,550194982.0,3700736.0,1119981797.0,218.0,original,221.0,original,222.0,original,376.0,original,399.0,original,398.0,original,50.02,original,0.8758999999999999,original,550194982.0,original,3700736.0,original,1119981797.0,original,971349000.0,original,-103.0,original
639263.0,22.0,2024-01-10 09:00:00,OPMC_LIFT,972076000.0,218.0,220.0,221.0,356.0,376.0,376.0,50.08,0.8755999999999999,2024-01-10 09:00:11.000,2024-01-10 09:00:11.000,2024-01-10 09:00:11.000,550595587.0,3700736.0,1120811870.0,218.0,original,220.0,original,221.0,original,356.0,original,376.0,original,376.0,original,50.08,original,0.8755999999999999,original,550595587.0,original,3700736.0,original,1120811870.0,original,972076000.0,original,-102.0,original
639342.0,22.0,2024-01-10 09:30:00,OPMC_LIFT,973132000.0,219.0,221.0,222.0,350.0,371.0,370.0,50.02,0.8720999999999999,2024-01-10 09:30:13.000,2024-01-10 09:30:13.000,2024-01-10 09:30:13.000,551188282.0,3700736.0,1122023054.0,219.0,original,221.0,original,222.0,original,350.0,original,371.0,original,370.0,original,50.02,original,0.8720999999999999,original,551188282.0,original,3700736.0,original,1122023054.0,original,973132000.0,original,-106.0,original
639449.0,22.0,2024-01-10 10:00:00,OPMC_LIFT,974527000.0,220.0,223.0,224.0,349.0,370.0,369.0,50.03,0.8702,2024-01-10 10:10:13.000,2024-01-10 10:10:13.000,2024-01-10 10:10:13.000,551972682.0,3700736.0,1123623707.0,220.0,original,223.0,original,224.0,original,349.0,original,370.0,original,369.0,original,50.03,original,0.8702,original,551972682.0,original,3700736.0,original,1123623707.0,original,974527000.0,original,-120.0,original
639506.0,22.0,2024-01-10 10:30:00,OPMC_LIFT,975225000.0,221.0,224.0,225.0,346.0,368.0,367.0,50.0,0.8674999999999999,2024-01-10 10:30:16.000,2024-01-10 10:30:16.000,2024-01-10 10:30:16.000,552371414.0,3700736.0,1124428027.0,221.0,original,224.0,original,225.0,original,346.0,original,368.0,original,367.0,original,50.0,original,0.8674999999999999,original,552371414.0,original,3700736.0,original,1124428027.0,original,975225000.0,original,-107.0,original
639584.0,22.0,2024-01-10 11:00:00,OPMC_LIFT,976273000.0,221.0,224.0,225.0,350.0,371.0,371.0,50.02,0.8682,2024-01-10 11:00:13.000,2024-01-10 11:00:13.000,2024-01-10 11:00:13.000,552972675.0,3700736.0,1125637921.0,221.0,original,224.0,original,225.0,original,350.0,original,371.0,original,371.0,original,50.02,original,0.8682,original,552972675.0,original,3700736.0,original,1125637921.0,original,976273000.0,original,-100.0,original
639658.0,22.0,2024-01-10 11:30:00,OPMC_LIFT,977332000.0,222.0,224.0,226.0,349.0,370.0,370.0,50.07,0.8674,2024-01-10 11:30:13.000,2024-01-10 11:30:13.000,2024-01-10 11:30:13.000,553578074.0,3700736.0,1126857864.0,222.0,original,224.0,original,226.0,original,349.0,original,370.0,original,370.0,original,50.07,original,0.8674,original,553578074.0,original,3700736.0,original,1126857864.0,original,977332000.0,original,-120.0,original
639741.0,22.0,2024-01-10 12:00:00,OPMC_LIFT,978383000.0,222.0,225.0,226.0,343.0,363.0,365.0,50.09,0.8652,2024-01-10 12:00:13.000,2024-01-10 12:00:13.000,2024-01-10 12:00:13.000,554182566.0,3700736.0,1128071048.0,222.0,original,225.0,original,226.0,original,343.0,original,363.0,original,365.0,original,50.09,original,0.8652,original,554182566.0,original,3700736.0,original,1128071048.0,original,978383000.0,original,-100.0,original
639841.0,22.0,2024-01-10 12:30:00,OPMC_LIFT,979773000.0,222.0,225.0,226.0,335.0,357.0,358.0,50.05,0.8631,2024-01-10 12:40:14.000,2024-01-10 12:40:14.000,2024-01-10 12:40:14.000,554987818.0,3700736.0,1129677582.0,222.0,original,225.0,original,226.0,original,335.0,original,357.0,original,358.0,original,50.05,original,0.8631,original,554987818.0,original,3700736.0,original,1129677582.0,original,979773000.0,original,-118.0,original
639894.0,22.0,2024-01-10 13:00:00,OPMC_LIFT,980459000.0,222.0,224.0,225.0,334.0,355.0,355.0,50.05,0.8644999999999999,2024-01-10 13:00:13.000,2024-01-10 13:00:13.000,2024-01-10 13:00:13.000,555385030.0,3700736.0,1130470616.0,222.0,original,224.0,original,225.0,original,334.0,original,355.0,original,355.0,original,50.05,original,0.8644999999999999,original,555385030.0,original,3700736.0,original,1130470616.0,original,980459000.0,original,-102.0,original
639968.0,22.0,2024-01-10 13:30:00,OPMC_LIFT,981470000.0,220.0,222.0,223.0,334.0,353.0,354.0,50.06,0.8679999999999999,2024-01-10 13:30:12.000,2024-01-10 13:30:12.000,2024-01-10 13:30:12.000,555962134.0,3700736.0,1131635541.0,220.0,original,222.0,original,223.0,original,334.0,original,353.0,original,354.0,original,50.06,original,0.8679999999999999,original,555962134.0,original,3700736.0,original,1131635541.0,original,981470000.0,original,-102.0,original
640045.0,22.0,2024-01-10 14:00:00,OPMC_LIFT,982476000.0,220.0,222.0,223.0,336.0,356.0,356.0,49.98,0.8684999999999999,2024-01-10 14:00:17.000,2024-01-10 14:00:17.000,2024-01-10 14:00:17.000,556534934.0,3700736.0,1132794536.0,220.0,original,222.0,original,223.0,original,336.0,original,356.0,original,356.0,original,49.98,original,0.8684999999999999,original,556534934.0,original,3700736.0,original,1132794536.0,original,982476000.0,original,-106.0,original
640166.0,22.0,2024-01-10 14:30:00,OPMC_LIFT,983833000.0,221.0,223.0,224.0,338.0,357.0,358.0,50.09,0.8669999999999999,2024-01-10 14:40:14.000,2024-01-10 14:40:14.000,2024-01-10 14:40:14.000,557307405.0,3700736.0,1134355950.0,221.0,original,223.0,original,224.0,original,338.0,original,357.0,original,358.0,original,50.09,original,0.8669999999999999,original,557307405.0,original,3700736.0,original,1134355950.0,original,983833000.0,original,-102.0,original
640215.0,22.0,2024-01-10 15:00:00,OPMC_LIFT,984506000.0,222.0,224.0,225.0,328.0,346.0,347.0,50.01,0.8621,2024-01-10 15:00:14.000,2024-01-10 15:00:14.000,2024-01-10 15:00:14.000,557695002.0,3700736.0,1135132901.0,222.0,original,224.0,original,225.0,original,328.0,original,346.0,original,347.0,original,50.01,original,0.8621,original,557695002.0,original,3700736.0,original,1135132901.0,original,984506000.0,original,-106.0,original
640294.0,22.0,2024-01-10 15:30:00,OPMC_LIFT,985477000.0,222.0,224.0,225.0,321.0,340.0,340.0,50.02,0.8603999999999999,2024-01-10 15:30:10.000,2024-01-10 15:30:10.000,2024-01-10 15:30:10.000,558266611.0,3700736.0,1136260177.0,222.0,original,224.0,original,225.0,original,321.0,original,340.0,original,340.0,original,50.02,original,0.8603999999999999,original,558266611.0,original,3700736.0,original,1136260177.0,original,985477000.0,original,-119.0,original
640378.0,22.0,2024-01-10 16:00:00,OPMC_LIFT,986103000.0,229.0,229.0,231.0,3.0,0.0,3.0,49.96,0.4689,2024-01-10 16:00:17.000,2024-01-10 16:00:17.000,2024-01-10 16:00:17.000,558641034.0,3701053.0,1136989825.0,229.0,original,229.0,original,231.0,original,3.0,original,0.0,gap_too_large,3.0,original,49.96,original,0.4689,original,558641034.0,original,3701053.0,original,1136989825.0,original,986103000.0,original,-120.0,original
640456.0,22.0,2024-01-10 16:30:00,OPMC_LIFT,986111000.0,228.0,228.0,230.0,5.0,0.0,4.0,50.0,0.8684,2024-01-10 16:30:15.000,2024-01-10 16:30:15.000,2024-01-10 16:30:15.000,558643827.0,3702371.0,1136998741.0,228.0,original,228.0,original,230.0,original,5.0,original,0.0,gap_too_large,4.0,original,50.0,original,0.8684,original,558643827.0,original,3702371.0,original,1136998741.0,original,986111000.0,original,-120.0,original
640560.0,22.0,2024-01-10 17:00:00,OPMC_LIFT,986124000.0,228.0,228.0,230.0,5.0,0.0,4.0,50.06,0.8700999999999999,2024-01-10 17:10:14.000,2024-01-10 17:10:14.000,2024-01-10 17:10:14.000,558648294.0,3704877.0,1137013582.0,228.0,original,228.0,original,230.0,original,5.0,original,0.0,gap_too_large,4.0,original,50.06,original,0.8700999999999999,original,558648294.0,original,3704877.0,original,1137013582.0,original,986124000.0,original,-101.0,original
640657.0,22.0,2024-01-10 17:30:00,OPMC_LIFT,986134000.0,230.0,230.0,232.0,4.0,0.0,4.0,50.05,0.8655999999999999,2024-01-10 17:50:12.000,2024-01-10 17:50:12.000,2024-01-10 17:50:12.000,558652013.0,3706576.0,1137025355.0,230.0,original,230.0,original,232.0,original,4.0,original,0.0,gap_too_large,4.0,original,50.05,original,0.8655999999999999,original,558652013.0,original,3706576.0,original,1137025355.0,original,986134000.0,original,-117.0,original
640683.0,22.0,2024-01-10 18:00:00,OPMC_LIFT,986137000.0,227.0,228.0,230.0,4.0,0.0,4.0,50.03,0.8678999999999999,2024-01-10 18:00:14.000,2024-01-10 18:00:14.000,2024-01-10 18:00:14.000,558652922.0,3706973.0,1137028213.0,227.0,original,228.0,original,230.0,original,4.0,original,0.0,gap_too_large,4.0,original,50.03,original,0.8678999999999999,original,558652922.0,original,3706973.0,original,1137028213.0,original,986137000.0,original,-105.0,original
640781.0,22.0,2024-01-10 18:30:00,OPMC_LIFT,986146000.0,229.0,229.0,231.0,4.0,0.0,4.0,49.95,0.8655999999999999,2024-01-10 18:40:10.000,2024-01-10 18:40:10.000,2024-01-10 18:40:10.000,558656512.0,3708557.0,1137039515.0,229.0,original,229.0,original,231.0,original,4.0,original,0.0,gap_too_large,4.0,original,49.95,original,0.8655999999999999,original,558656512.0,original,3708557.0,original,1137039515.0,original,986146000.0,original,-120.0,original
640832.0,22.0,2024-01-10 19:00:00,OPMC_LIFT,986151000.0,229.0,229.0,231.0,4.0,0.0,4.0,50.01,0.8699999999999999,2024-01-10 19:00:14.000,2024-01-10 19:00:14.000,2024-01-10 19:00:14.000,558658310.0,3709347.0,1137045179.0,229.0,original,229.0,original,231.0,original,4.0,original,0.0,gap_too_large,4.0,original,50.01,original,0.8699999999999999,original,558658310.0,original,3709347.0,original,1137045179.0,original,986151000.0,original,-120.0,original
640868.0,22.0,2024-01-10 19:30:00,OPMC_LIFT,986159000.0,229.0,229.0,231.0,4.0,0.0,4.0,50.01,0.8688999999999999,2024-01-10 19:30:13.000,2024-01-10 19:30:13.000,2024-01-10 19:30:13.000,558661008.0,3710538.0,1137053665.0,229.0,original,229.0,original,231.0,original,4.0,original,0.0,gap_too_large,4.0,original,50.01,original,0.8688999999999999,original,558661008.0,original,3710538.0,original,1137053665.0,original,986159000.0,original,-121.0,original
641096.0,22.0,2024-01-10 20:00:00,OPMC_LIFT,986171000.0,229.0,229.0,231.0,4.0,0.0,4.0,50.0,0.8668999999999999,2024-01-10 20:20:16.000,2024-01-10 20:20:16.000,2024-01-10 20:20:16.000,558665504.0,3712525.0,1137067822.0,229.0,original,229.0,original,231.0,original,4.0,original,0.0,gap_too_large,4.0,original,50.0,original,0.8668999999999999,original,558665504.0,original,3712525.0,original,1137067822.0,original,986171000.0,original,-121.0,original
641138.0,22.0,2024-01-10 20:30:00,OPMC_LIFT,986174000.0,229.0,229.0,231.0,4.0,0.0,4.0,49.96,0.8636999999999999,2024-01-10 20:30:11.000,2024-01-10 20:30:11.000,2024-01-10 20:30:11.000,558666403.0,3712922.0,1137070654.0,229.0,original,229.0,original,231.0,original,4.0,original,0.0,gap_too_large,4.0,original,49.96,original,0.8636999999999999,original,558666403.0,original,3712922.0,original,1137070654.0,original,986174000.0,original,-100.0,original
641340.0,22.0,2024-01-10 21:00:00,OPMC_LIFT,986183000.0,229.0,230.0,232.0,4.0,0.0,4.0,50.04,0.8658999999999999,2024-01-10 21:10:17.000,2024-01-10 21:10:17.000,2024-01-10 21:10:17.000,558670019.0,3714515.0,1137082017.0,229.0,original,230.0,original,232.0,original,4.0,original,0.0,gap_too_large,4.0,original,50.04,original,0.8658999999999999,original,558670019.0,original,3714515.0,original,1137082017.0,original,986183000.0,original,-120.0,original
641442.0,22.0,2024-01-10 21:30:00,OPMC_LIFT,986188000.0,230.0,231.0,232.0,4.0,0.0,4.0,50.0,0.8673,2024-01-10 21:30:14.000,2024-01-10 21:30:14.000,2024-01-10 21:30:14.000,558671840.0,3715312.0,1137087736.0,230.0,original,231.0,original,232.0,original,4.0,original,0.0,gap_too_large,4.0,original,50.0,original,0.8673,original,558671840.0,original,3715312.0,original,1137087736.0,original,986188000.0,original,-104.0,original
641598.0,22.0,2024-01-10 22:00:00,OPMC_LIFT,986196000.0,230.0,231.0,232.0,4.0,0.0,4.0,50.05,0.8637999999999999,2024-01-10 22:00:15.000,2024-01-10 22:00:15.000,2024-01-10 22:00:15.000,558674582.0,3716512.0,1137096341.0,230.0,original,231.0,original,232.0,original,4.0,original,0.0,gap_too_large,4.0,original,50.05,original,0.8637999999999999,original,558674582.0,original,3716512.0,original,1137096341.0,original,986196000.0,original,-120.0,original
641886.0,22.0,2024-01-10 22:30:00,OPMC_LIFT,986209000.0,229.0,229.0,231.0,4.0,0.0,4.0,50.04,0.8665999999999999,2024-01-10 22:53:44.000,2024-01-10 22:53:44.000,2024-01-10 22:53:44.000,558679430.0,3718646.0,1137111592.0,229.0,original,229.0,original,231.0,original,4.0,original,0.0,gap_too_large,4.0,original,50.04,original,0.8665999999999999,original,558679430.0,original,3718646.0,original,1137111592.0,original,986209000.0,original,-120.0,original
641925.0,22.0,2024-01-10 23:00:00,OPMC_LIFT,986211000.0,229.0,230.0,232.0,4.0,0.0,4.0,50.08,0.8683,2024-01-10 23:00:11.000,2024-01-10 23:00:11.000,2024-01-10 23:00:11.000,558680022.0,3718909.0,1137113451.0,229.0,original,230.0,original,232.0,original,4.0,original,0.0,gap_too_large,4.0,original,50.08,original,0.8683,original,558680022.0,original,3718909.0,original,1137113451.0,original,986211000.0,original,-121.0,original
642174.0,22.0,2024-01-10 23:30:00,OPMC_LIFT,986218000.0,229.0,230.0,232.0,4.0,0.0,4.0,50.04,0.8680999999999999,2024-01-10 23:30:14.000,2024-01-10 23:30:14.000,2024-01-10 23:30:14.000,558682730.0,3720106.0,1137121973.0,229.0,original,230.0,original,232.0,original,4.0,original,0.0,gap_too_large,4.0,original,50.04,original,0.8680999999999999,original,558682730.0,original,3720106.0,original,1137121973.0,original,986218000.0,original,-121.0,original
642486.0,22.0,2024-01-11 00:00:00,OPMC_LIFT,986228000.0,229.0,230.0,232.0,4.0,0.0,4.0,49.99,0.8678999999999999,2024-01-11 00:10:11.000,2024-01-11 00:10:11.000,2024-01-11 00:10:11.000,558686352.0,3721702.0,1137133361.0,229.0,original,230.0,original,232.0,original,4.0,original,0.0,gap_too_large,4.0,original,49.99,original,0.8678999999999999,original,558686352.0,original,3721702.0,original,1137133361.0,original,986228000.0,original,-107.0,original
642642.0,22.0,2024-01-11 00:30:00,OPMC_LIFT,986233000.0,230.0,230.0,232.0,4.0,0.0,4.0,50.02,0.8669999999999999,2024-01-11 00:30:13.000,2024-01-11 00:30:13.000,2024-01-11 00:30:13.000,558688170.0,3722499.0,1137139077.0,230.0,original,230.0,original,232.0,original,4.0,original,0.0,gap_too_large,4.0,original,50.02,original,0.8669999999999999,original,558688170.0,original,3722499.0,original,1137139077.0,original,986233000.0,original,-120.0,original
642885.0,22.0,2024-01-11 01:00:00,OPMC_LIFT,986240000.0,230.0,230.0,232.0,4.0,0.0,4.0,49.99,0.8667999999999999,2024-01-11 01:00:12.000,2024-01-11 01:00:12.000,2024-01-11 01:00:12.000,558690909.0,3723696.0,1137147675.0,230.0,original,230.0,original,232.0,original,4.0,original,0.0,gap_too_large,4.0,original,49.99,original,0.8667999999999999,original,558690909.0,original,3723696.0,original,1137147675.0,original,986240000.0,original,-102.0,original
643179.0,22.0,2024-01-11 01:30:00,OPMC_LIFT,986248000.0,230.0,231.0,232.0,4.0,0.0,4.0,49.97,0.8660999999999999,2024-01-11 01:30:14.000,2024-01-11 01:30:14.000,2024-01-11 01:30:14.000,558693651.0,3724896.0,1137156280.0,230.0,original,231.0,original,232.0,original,4.0,original,0.0,gap_too_large,4.0,original,49.97,original,0.8660999999999999,original,558693651.0,original,3724896.0,original,1137156280.0,original,986248000.0,original,-119.0,original
643518.0,22.0,2024-01-11 02:00:00,OPMC_LIFT,986258000.0,228.0,229.0,231.0,4.0,0.0,4.0,50.01,0.8666999999999999,2024-01-11 02:10:13.000,2024-01-11 02:10:13.000,2024-01-11 02:10:13.000,558697286.0,3726496.0,1137167707.0,228.0,original,229.0,original,231.0,original,4.0,original,0.0,gap_too_large,4.0,original,50.01,original,0.8666999999999999,original,558697286.0,original,3726496.0,original,1137167707.0,original,986258000.0,original,-105.0,original
643677.0,22.0,2024-01-11 02:30:00,OPMC_LIFT,986263000.0,229.0,229.0,231.0,4.0,0.0,4.0,50.05,0.8652,2024-01-11 02:30:12.000,2024-01-11 02:30:12.000,2024-01-11 02:30:12.000,558699082.0,3727296.0,1137173368.0,229.0,original,229.0,original,231.0,original,4.0,original,0.0,gap_too_large,4.0,original,50.05,original,0.8652,original,558699082.0,original,3727296.0,original,1137173368.0,original,986263000.0,original,-101.0,original
643926.0,22.0,2024-01-11 03:00:00,OPMC_LIFT,986270000.0,229.0,230.0,232.0,4.0,0.0,4.0,50.06,0.8690999999999999,2024-01-11 03:00:13.000,2024-01-11 03:00:13.000,2024-01-11 03:00:13.000,558701782.0,3728493.0,1137181889.0,229.0,original,230.0,original,232.0,original,4.0,original,0.0,gap_too_large,4.0,original,50.06,original,0.8690999999999999,original,558701782.0,original,3728493.0,original,1137181889.0,original,986270000.0,original,-121.0,original
644187.0,22.0,2024-01-11 03:30:00,OPMC_LIFT,986277000.0,230.0,230.0,232.0,4.0,0.0,4.0,50.03,0.8678999999999999,2024-01-11 03:30:18.000,2024-01-11 03:30:18.000,2024-01-11 03:30:18.000,558704502.0,3729696.0,1137190446.0,230.0,original,230.0,original,232.0,original,4.0,original,0.0,gap_too_large,4.0,original,50.03,original,0.8678999999999999,original,558704502.0,original,3729696.0,original,1137190446.0,original,986277000.0,original,-119.0,original
644526.0,22.0,2024-01-11 04:00:00,OPMC_LIFT,986287000.0,229.0,230.0,232.0,4.0,0.0,4.0,49.97,0.8658999999999999,2024-01-11 04:10:17.000,2024-01-11 04:10:17.000,2024-01-11 04:10:17.000,558708144.0,3731293.0,1137201883.0,229.0,original,230.0,original,232.0,original,4.0,original,0.0,gap_too_large,4.0,original,49.97,original,0.8658999999999999,original,558708144.0,original,3731293.0,original,1137201883.0,original,986287000.0,original,-107.0,original
644670.0,22.0,2024-01-11 04:30:00,OPMC_LIFT,986292000.0,229.0,230.0,232.0,4.0,0.0,4.0,49.97,0.8682,2024-01-11 04:30:17.000,2024-01-11 04:30:17.000,2024-01-11 04:30:17.000,558709958.0,3732093.0,1137207589.0,229.0,original,230.0,original,232.0,original,4.0,original,0.0,gap_too_large,4.0,original,49.97,original,0.8682,original,558709958.0,original,3732093.0,original,1137207589.0,original,986292000.0,original,-119.0,original
644889.0,22.0,2024-01-11 05:00:00,OPMC_LIFT,986300000.0,229.0,229.0,231.0,4.0,0.0,4.0,50.01,0.8677999999999999,2024-01-11 05:00:11.000,2024-01-11 05:00:11.000,2024-01-11 05:00:11.000,558712669.0,3733290.0,1137216117.0,229.0,original,229.0,original,231.0,original,4.0,original,0.0,gap_too_large,4.0,original,50.01,original,0.8677999999999999,original,558712669.0,original,3733290.0,original,1137216117.0,original,986300000.0,original,-121.0,original
645132.0,22.0,2024-01-11 05:30:00,OPMC_LIFT,986307000.0,227.0,227.0,229.0,4.0,0.0,4.0,49.99,0.8668999999999999,2024-01-11 05:30:12.000,2024-01-11 05:30:12.000,2024-01-11 05:30:12.000,558715341.0,3734486.0,1137224552.0,227.0,original,227.0,original,229.0,original,4.0,original,0.0,gap_too_large,4.0,original,49.99,original,0.8668999999999999,original,558715341.0,original,3734486.0,original,1137224552.0,original,986307000.0,original,-121.0,original
645378.0,22.0,2024-01-11 06:00:00,OPMC_LIFT,986314000.0,226.0,227.0,228.0,4.0,0.0,4.0,50.05,0.8669999999999999,2024-01-11 06:00:13.000,2024-01-11 06:00:13.000,2024-01-11 06:00:13.000,558717974.0,3735683.0,1137232897.0,226.0,original,227.0,original,228.0,original,4.0,original,0.0,gap_too_large,4.0,original,50.05,original,0.8669999999999999,original,558717974.0,original,3735683.0,original,1137232897.0,original,986314000.0,original,-121.0,original
645615.0,22.0,2024-01-11 06:30:00,OPMC_LIFT,986321000.0,225.0,226.0,227.0,4.0,0.0,4.0,50.05,0.8677999999999999,2024-01-11 06:30:11.000,2024-01-11 06:30:11.000,2024-01-11 06:30:11.000,558720570.0,3736880.0,1137241160.0,225.0,original,226.0,original,227.0,original,4.0,original,0.0,gap_too_large,4.0,original,50.05,original,0.8677999999999999,original,558720570.0,original,3736880.0,original,1137241160.0,original,986321000.0,original,-113.0,original
645888.0,22.0,2024-01-11 07:00:00,OPMC_LIFT,986329000.0,224.0,225.0,226.0,4.0,0.0,3.0,49.94,0.8672,2024-01-11 07:00:13.000,2024-01-11 07:00:13.000,2024-01-11 07:00:13.000,558723136.0,3738074.0,1137249336.0,224.0,original,225.0,original,226.0,original,4.0,original,0.0,gap_too_large,3.0,original,49.94,original,0.8672,original,558723136.0,original,3738074.0,original,1137249336.0,original,986329000.0,original,-121.0,original
646092.0,22.0,2024-01-11 07:30:00,OPMC_LIFT,986336000.0,225.0,226.0,227.0,4.0,0.0,4.0,50.11,0.8648999999999999,2024-01-11 07:30:17.000,2024-01-11 07:30:17.000,2024-01-11 07:30:17.000,558725734.0,3739267.0,1137257573.0,225.0,original,226.0,original,227.0,original,4.0,original,0.0,gap_too_large,4.0,original,50.11,original,0.8648999999999999,original,558725734.0,original,3739267.0,original,1137257573.0,original,986336000.0,original,-106.0,original
646293.0,22.0,2024-01-11 08:00:00,OPMC_LIFT,986343000.0,226.0,226.0,228.0,4.0,0.0,4.0,50.04,0.8678999999999999,2024-01-11 08:00:09.000,2024-01-11 08:00:09.000,2024-01-11 08:00:09.000,558728330.0,3740458.0,1137265819.0,226.0,original,226.0,original,228.0,original,4.0,original,0.0,gap_too_large,4.0,original,50.04,original,0.8678999999999999,original,558728330.0,original,3740458.0,original,1137265819.0,original,986343000.0,original,-120.0,original
646515.0,22.0,2024-01-11 08:30:00,OPMC_LIFT,986350000.0,225.0,226.0,228.0,4.0,326.0,4.0,50.07,0.8704999999999999,2024-01-11 08:30:12.000,2024-01-11 08:30:12.000,2024-01-11 08:30:12.000,558730909.0,3741648.0,1137274021.0,225.0,original,226.0,original,228.0,original,4.0,original,326.0,original,4.0,original,50.07,original,0.8704999999999999,original,558730909.0,original,3741648.0,original,1137274021.0,original,986350000.0,original,-120.0,original
646731.0,22.0,2024-01-11 09:00:00,OPMC_LIFT,987158000.0,222.0,224.0,226.0,202.0,207.0,211.0,50.04,0.8710999999999999,2024-01-11 09:00:16.000,2024-01-11 09:00:16.000,2024-01-11 09:00:16.000,559209882.0,3741709.0,1138216149.0,222.0,original,224.0,original,226.0,original,202.0,original,207.0,original,211.0,original,50.04,original,0.8710999999999999,original,559209882.0,original,3741709.0,original,1138216149.0,original,987158000.0,original,-105.0,original
647001.0,22.0,2024-01-11 09:30:00,OPMC_LIFT,988119000.0,220.0,222.0,224.0,229.0,242.0,243.0,50.02,0.7946,2024-01-11 09:40:12.000,2024-01-11 09:40:12.000,2024-01-11 09:40:12.000,559786902.0,3741709.0,1139338190.0,220.0,original,222.0,original,224.0,original,229.0,original,242.0,original,243.0,original,50.02,original,0.7946,original,559786902.0,original,3741709.0,original,1139338190.0,original,988119000.0,original,-108.0,original
647139.0,22.0,2024-01-11 10:00:00,OPMC_LIFT,988599000.0,218.0,221.0,222.0,301.0,318.0,317.0,50.0,0.8523999999999999,2024-01-11 10:00:13.000,2024-01-11 10:00:13.000,2024-01-11 10:00:13.000,560083715.0,3741709.0,1139903749.0,218.0,original,221.0,original,222.0,original,301.0,original,318.0,original,317.0,original,50.0,original,0.8523999999999999,original,560083715.0,original,3741709.0,original,1139903749.0,original,988599000.0,original,-118.0,original
647343.0,22.0,2024-01-11 10:30:00,OPMC_LIFT,989267000.0,220.0,222.0,224.0,311.0,327.0,327.0,50.04,0.8483999999999999,2024-01-11 10:30:11.000,2024-01-11 10:30:11.000,2024-01-11 10:30:11.000,560496797.0,3741709.0,1140689701.0,220.0,original,222.0,original,224.0,original,311.0,original,327.0,original,327.0,original,50.04,original,0.8483999999999999,original,560496797.0,original,3741709.0,original,1140689701.0,original,989267000.0,original,-107.0,original
647580.0,22.0,2024-01-11 11:00:00,OPMC_LIFT,989958000.0,222.0,224.0,225.0,200.0,208.0,210.0,50.03,0.8622,2024-01-11 11:00:14.000,2024-01-11 11:00:14.000,2024-01-11 11:00:14.000,560920662.0,3741709.0,1141501598.0,222.0,original,224.0,original,225.0,original,200.0,original,208.0,original,210.0,original,50.03,original,0.8622,original,560920662.0,original,3741709.0,original,1141501598.0,original,989958000.0,original,-107.0,original
647781.0,22.0,2024-01-11 11:30:00,OPMC_LIFT,990666000.0,220.0,222.0,224.0,297.0,314.0,313.0,50.04,0.8451,2024-01-11 11:30:10.000,2024-01-11 11:30:10.000,2024-01-11 11:30:10.000,561359626.0,3741709.0,1142335563.0,220.0,original,222.0,original,224.0,original,297.0,original,314.0,original,313.0,original,50.04,original,0.8451,original,561359626.0,original,3741709.0,original,1142335563.0,original,990666000.0,original,-108.0,original
648024.0,22.0,2024-01-11 12:00:00,OPMC_LIFT,991320000.0,224.0,226.0,227.0,229.0,243.0,245.0,50.06,0.7804,2024-01-11 12:00:17.000,2024-01-11 12:00:17.000,2024-01-11 12:00:17.000,561770602.0,3741709.0,1143109230.0,224.0,original,226.0,original,227.0,original,229.0,original,243.0,original,245.0,original,50.06,original,0.7804,original,561770602.0,original,3741709.0,original,1143109230.0,original,991320000.0,original,-105.0,original
648204.0,22.0,2024-01-11 12:30:00,OPMC_LIFT,992041000.0,225.0,227.0,228.0,201.0,209.0,212.0,50.02,0.8546999999999999,2024-01-11 12:30:09.000,2024-01-11 12:30:09.000,2024-01-11 12:30:09.000,562223370.0,3741709.0,1143961221.0,225.0,original,227.0,original,228.0,original,201.0,original,209.0,original,212.0,original,50.02,original,0.8546999999999999,original,562223370.0,original,3741709.0,original,1143961221.0,original,992041000.0,original,-121.0,original
648468.0,22.0,2024-01-11 13:00:00,OPMC_LIFT,992730000.0,222.0,224.0,225.0,305.0,323.0,322.0,49.95,0.8438999999999999,2024-01-11 13:00:15.000,2024-01-11 13:00:15.000,2024-01-11 13:00:15.000,562657046.0,3741709.0,1144776395.0,222.0,original,224.0,original,225.0,original,305.0,original,323.0,original,322.0,original,49.95,original,0.8438999999999999,original,562657046.0,original,3741709.0,original,1144776395.0,original,992730000.0,original,-121.0,original
648756.0,22.0,2024-01-11 13:30:00,OPMC_LIFT,993668000.0,221.0,223.0,224.0,202.0,210.0,211.0,50.01,0.8623,2024-01-11 13:40:15.000,2024-01-11 13:40:15.000,2024-01-11 13:40:15.000,563232550.0,3741709.0,1145878817.0,221.0,original,223.0,original,224.0,original,202.0,original,210.0,original,211.0,original,50.01,original,0.8623,original,563232550.0,original,3741709.0,original,1145878817.0,original,993668000.0,original,-120.0,original
648870.0,22.0,2024-01-11 14:00:00,OPMC_LIFT,994116000.0,220.0,222.0,224.0,302.0,318.0,317.0,50.03,0.8457999999999999,2024-01-11 14:00:09.000,2024-01-11 14:00:09.000,2024-01-11 14:00:09.000,563509984.0,3741709.0,1146406395.0,220.0,original,222.0,original,224.0,original,302.0,original,318.0,original,317.0,original,50.03,original,0.8457999999999999,original,563509984.0,original,3741709.0,original,1146406395.0,original,994116000.0,original,-119.0,original
649092.0,22.0,2024-01-11 14:30:00,OPMC_LIFT,994697000.0,223.0,225.0,226.0,188.0,194.0,197.0,50.07,0.8660999999999999,2024-01-11 14:30:11.000,2024-01-11 14:30:11.000,2024-01-11 14:30:11.000,563844163.0,3741709.0,1147076705.0,223.0,original,225.0,original,226.0,original,188.0,original,194.0,original,197.0,original,50.07,original,0.8660999999999999,original,563844163.0,original,3741709.0,original,1147076705.0,original,994697000.0,original,-121.0,original
649389.0,22.0,2024-01-11 15:00:00,OPMC_LIFT,995269000.0,224.0,226.0,227.0,191.0,196.0,199.0,50.02,0.8659999999999999,2024-01-11 15:00:15.000,2024-01-11 15:00:15.000,2024-01-11 15:00:15.000,564172826.0,3741709.0,1147736622.0,224.0,original,226.0,original,227.0,original,191.0,original,196.0,original,199.0,original,50.02,original,0.8659999999999999,original,564172826.0,original,3741709.0,original,1147736622.0,original,995269000.0,original,-100.0,original
649591.0,22.0,2024-01-11 15:30:00,OPMC_LIFT,995846000.0,224.0,226.0,227.0,192.0,196.0,200.0,50.03,0.8659999999999999,2024-01-11 15:30:13.000,2024-01-11 15:30:13.000,2024-01-11 15:30:13.000,564504707.0,3741709.0,1148402309.0,224.0,original,226.0,original,227.0,original,192.0,original,196.0,original,200.0,original,50.03,original,0.8659999999999999,original,564504707.0,original,3741709.0,original,1148402309.0,original,995846000.0,original,-109.0,original
649668.0,22.0,2024-01-11 16:00:00,OPMC_LIFT,996257000.0,229.0,229.0,231.0,3.0,0.0,3.0,50.02,0.4717999999999999,2024-01-11 16:00:17.000,2024-01-11 16:00:17.000,2024-01-11 16:00:17.000,564741360.0,3741805.0,1148876273.0,229.0,original,229.0,original,231.0,original,3.0,original,0.0,gap_too_large,3.0,original,50.02,original,0.4717999999999999,original,564741360.0,original,3741805.0,original,1148876273.0,original,996257000.0,original,-121.0,original
649738.0,22.0,2024-01-11 16:30:00,OPMC_LIFT,996261000.0,227.0,228.0,230.0,4.0,0.0,4.0,49.98,0.8683,2024-01-11 16:30:17.000,2024-01-11 16:30:17.000,2024-01-11 16:30:17.000,564743712.0,3742211.0,1148881432.0,227.0,original,228.0,original,230.0,original,4.0,original,0.0,gap_too_large,4.0,original,49.98,original,0.8683,original,564743712.0,original,3742211.0,original,1148881432.0,original,996261000.0,original,-109.0,original
649815.0,22.0,2024-01-11 17:00:00,OPMC_LIFT,996268000.0,229.0,230.0,232.0,4.0,0.0,4.0,50.04,0.8665999999999999,2024-01-11 17:00:09.000,2024-01-11 17:00:09.000,2024-01-11 17:00:09.000,564746390.0,3743414.0,1148889883.0,229.0,original,230.0,original,232.0,original,4.0,original,0.0,gap_too_large,4.0,original,50.04,original,0.8665999999999999,original,564746390.0,original,3743414.0,original,1148889883.0,original,996268000.0,original,-120.0,original
649900.0,22.0,2024-01-11 17:30:00,OPMC_LIFT,996276000.0,229.0,229.0,231.0,4.0,0.0,4.0,50.07,0.8678999999999999,2024-01-11 17:30:16.000,2024-01-11 17:30:16.000,2024-01-11 17:30:16.000,564749072.0,3744624.0,1148898366.0,229.0,original,229.0,original,231.0,original,4.0,original,0.0,gap_too_large,4.0,original,50.07,original,0.8678999999999999,original,564749072.0,original,3744624.0,original,1148898366.0,original,996276000.0,original,-120.0,original
649976.0,22.0,2024-01-11 18:00:00,OPMC_LIFT,996283000.0,228.0,229.0,230.0,4.0,0.0,4.0,50.05,0.8654999999999999,2024-01-11 18:00:09.000,2024-01-11 18:00:09.000,2024-01-11 18:00:09.000,564751734.0,3745830.0,1148906805.0,228.0,original,229.0,original,230.0,original,4.0,original,0.0,gap_too_large,4.0,original,50.05,original,0.8654999999999999,original,564751734.0,original,3745830.0,original,1148906805.0,original,996283000.0,original,-120.0,original
650054.0,22.0,2024-01-11 18:30:00,OPMC_LIFT,996290000.0,229.0,230.0,231.0,4.0,0.0,4.0,50.07,0.8649999999999999,2024-01-11 18:30:11.000,2024-01-11 18:30:11.000,2024-01-11 18:30:11.000,564754426.0,3747040.0,1148915310.0,229.0,original,230.0,original,231.0,original,4.0,original,0.0,gap_too_large,4.0,original,50.07,original,0.8649999999999999,original,564754426.0,original,3747040.0,original,1148915310.0,original,996290000.0,original,-119.0,original
650127.0,22.0,2024-01-11 19:00:00,OPMC_LIFT,996298000.0,229.0,230.0,231.0,4.0,0.0,4.0,50.0,0.8707999999999999,2024-01-11 19:00:12.000,2024-01-11 19:00:12.000,2024-01-11 19:00:12.000,564757123.0,3748246.0,1148923819.0,229.0,original,230.0,original,231.0,original,4.0,original,0.0,gap_too_large,4.0,original,50.0,original,0.8707999999999999,original,564757123.0,original,3748246.0,original,1148923819.0,original,996298000.0,original,-101.0,original
650225.0,22.0,2024-01-11 19:30:00,OPMC_LIFT,996308000.0,229.0,229.0,231.0,4.0,0.0,4.0,49.98,0.8645999999999999,2024-01-11 19:40:14.000,2024-01-11 19:40:14.000,2024-01-11 19:40:14.000,564760707.0,3749856.0,1148935144.0,229.0,original,229.0,original,231.0,original,4.0,original,0.0,gap_too_large,4.0,original,49.98,original,0.8645999999999999,original,564760707.0,original,3749856.0,original,1148935144.0,original,996308000.0,original,-118.0,original
650289.0,22.0,2024-01-11 20:00:00,OPMC_LIFT,996313000.0,229.0,229.0,231.0,4.0,0.0,4.0,50.02,0.8699999999999999,2024-01-11 20:00:13.000,2024-01-11 20:00:13.000,2024-01-11 20:00:13.000,564762499.0,3750659.0,1148940808.0,229.0,original,229.0,original,231.0,original,4.0,original,0.0,gap_too_large,4.0,original,50.02,original,0.8699999999999999,original,564762499.0,original,3750659.0,original,1148940808.0,original,996313000.0,original,-120.0,original
650471.0,22.0,2024-01-11 20:30:00,OPMC_LIFT,996322000.0,229.0,230.0,231.0,4.0,0.0,4.0,49.97,0.8667999999999999,2024-01-11 20:40:11.000,2024-01-11 20:40:11.000,2024-01-11 20:40:11.000,564766083.0,3752272.0,1148952129.0,229.0,original,230.0,original,231.0,original,4.0,original,0.0,gap_too_large,4.0,original,49.97,original,0.8667999999999999,original,564766083.0,original,3752272.0,original,1148952129.0,original,996322000.0,original,-107.0,original
650571.0,22.0,2024-01-11 21:00:00,OPMC_LIFT,996327000.0,229.0,230.0,231.0,4.0,0.0,4.0,49.94,0.8694,2024-01-11 21:00:09.000,2024-01-11 21:00:09.000,2024-01-11 21:00:09.000,564767885.0,3753075.0,1148957813.0,229.0,original,230.0,original,231.0,original,4.0,original,0.0,gap_too_large,4.0,original,49.94,original,0.8694,original,564767885.0,original,3753075.0,original,1148957813.0,original,996327000.0,original,-102.0,original
650717.0,22.0,2024-01-11 21:30:00,OPMC_LIFT,996335000.0,230.0,230.0,232.0,4.0,0.0,4.0,50.01,0.8692,2024-01-11 21:30:10.000,2024-01-11 21:30:10.000,2024-01-11 21:30:10.000,564770592.0,3754285.0,1148966350.0,230.0,original,230.0,original,232.0,original,4.0,original,0.0,gap_too_large,4.0,original,50.01,original,0.8692,original,564770592.0,original,3754285.0,original,1148966350.0,original,996335000.0,original,-107.0,original
650883.0,22.0,2024-01-11 22:00:00,OPMC_LIFT,996342000.0,230.0,231.0,233.0,4.0,0.0,4.0,49.98,0.8680999999999999,2024-01-11 22:00:15.000,2024-01-11 22:00:15.000,2024-01-11 22:00:15.000,564773318.0,3755498.0,1148974945.0,230.0,original,231.0,original,233.0,original,4.0,original,0.0,gap_too_large,4.0,original,49.98,original,0.8680999999999999,original,564773318.0,original,3755498.0,original,1148974945.0,original,996342000.0,original,-121.0,original
651041.0,22.0,2024-01-11 22:30:00,OPMC_LIFT,996350000.0,228.0,228.0,230.0,4.0,0.0,4.0,49.99,0.8687999999999999,2024-01-11 22:30:14.000,2024-01-11 22:30:14.000,2024-01-11 22:30:14.000,564776003.0,3756704.0,1148983429.0,228.0,original,228.0,original,230.0,original,4.0,original,0.0,gap_too_large,4.0,original,49.99,original,0.8687999999999999,original,564776003.0,original,3756704.0,original,1148983429.0,original,996350000.0,original,-109.0,original
651267.0,22.0,2024-01-11 23:00:00,OPMC_LIFT,996359000.0,229.0,229.0,231.0,4.0,0.0,4.0,50.0,0.8659999999999999,2024-01-11 23:10:12.000,2024-01-11 23:10:12.000,2024-01-11 23:10:12.000,564779578.0,3758314.0,1148994728.0,229.0,original,229.0,original,231.0,original,4.0,original,0.0,gap_too_large,4.0,original,50.0,original,0.8659999999999999,original,564779578.0,original,3758314.0,original,1148994728.0,original,996359000.0,original,-120.0,original
651369.0,22.0,2024-01-11 23:30:00,OPMC_LIFT,996364000.0,229.0,230.0,231.0,4.0,0.0,4.0,49.99,0.8683,2024-01-11 23:30:10.000,2024-01-11 23:30:10.000,2024-01-11 23:30:10.000,564781379.0,3759117.0,1149000408.0,229.0,original,230.0,original,231.0,original,4.0,original,0.0,gap_too_large,4.0,original,49.99,original,0.8683,original,564781379.0,original,3759117.0,original,1149000408.0,original,996364000.0,original,-123.0,original
651523.0,22.0,2024-01-12 00:00:00,OPMC_LIFT,996372000.0,230.0,230.0,233.0,4.0,0.0,4.0,50.04,0.8659999999999999,2024-01-12 00:00:13.000,2024-01-12 00:00:13.000,2024-01-12 00:00:13.000,564784093.0,3760326.0,1149008968.0,230.0,original,230.0,original,233.0,original,4.0,original,0.0,gap_too_large,4.0,original,50.04,original,0.8659999999999999,original,564784093.0,original,3760326.0,original,1149008968.0,original,996372000.0,original,-120.0,original
651671.0,22.0,2024-01-12 00:30:00,OPMC_LIFT,996379000.0,228.0,228.0,230.0,4.0,0.0,4.0,49.96,0.8684999999999999,2024-01-12 00:30:14.000,2024-01-12 00:30:14.000,2024-01-12 00:30:14.000,564786822.0,3761536.0,1149017563.0,228.0,original,228.0,original,230.0,original,4.0,original,0.0,gap_too_large,4.0,original,49.96,original,0.8684999999999999,original,564786822.0,original,3761536.0,original,1149017563.0,original,996379000.0,original,-105.0,original
651819.0,22.0,2024-01-12 01:00:00,OPMC_LIFT,996387000.0,228.0,229.0,230.0,4.0,0.0,4.0,49.99,0.8668999999999999,2024-01-12 01:00:11.000,2024-01-12 01:00:11.000,2024-01-12 01:00:11.000,564789494.0,3762742.0,1149026014.0,228.0,original,229.0,original,230.0,original,4.0,original,0.0,gap_too_large,4.0,original,49.99,original,0.8668999999999999,original,564789494.0,original,3762742.0,original,1149026014.0,original,996387000.0,original,-120.0,original
652005.0,22.0,2024-01-12 01:30:00,OPMC_LIFT,996394000.0,228.0,229.0,231.0,4.0,0.0,4.0,50.0,0.8690999999999999,2024-01-12 01:30:15.000,2024-01-12 01:30:15.000,2024-01-12 01:30:15.000,564792166.0,3763949.0,1149034465.0,228.0,original,229.0,original,231.0,original,4.0,original,0.0,gap_too_large,4.0,original,50.0,original,0.8690999999999999,original,564792166.0,original,3763949.0,original,1149034465.0,original,996394000.0,original,-119.0,original
652209.0,22.0,2024-01-12 02:00:00,OPMC_LIFT,996404000.0,229.0,229.0,231.0,4.0,0.0,4.0,50.05,0.8713,2024-01-12 02:10:16.000,2024-01-12 02:10:16.000,2024-01-12 02:10:16.000,564795744.0,3765558.0,1149045771.0,229.0,original,229.0,original,231.0,original,4.0,original,0.0,gap_too_large,4.0,original,50.05,original,0.8713,original,564795744.0,original,3765558.0,original,1149045771.0,original,996404000.0,original,-120.0,original
652285.0,22.0,2024-01-12 02:30:00,OPMC_LIFT,996409000.0,229.0,230.0,232.0,4.0,0.0,4.0,50.02,0.8649999999999999,2024-01-12 02:30:09.000,2024-01-12 02:30:09.000,2024-01-12 02:30:09.000,564797546.0,3766362.0,1149051454.0,229.0,original,230.0,original,232.0,original,4.0,original,0.0,gap_too_large,4.0,original,50.02,original,0.8649999999999999,original,564797546.0,original,3766362.0,original,1149051454.0,original,996409000.0,original,-121.0,original
652435.0,22.0,2024-01-12 03:00:00,OPMC_LIFT,996416000.0,230.0,230.0,232.0,4.0,0.0,4.0,49.99,0.8666999999999999,2024-01-12 03:00:11.000,2024-01-12 03:00:11.000,2024-01-12 03:00:11.000,564800256.0,3767568.0,1149060008.0,230.0,original,230.0,original,232.0,original,4.0,original,0.0,gap_too_large,4.0,original,49.99,original,0.8666999999999999,original,564800256.0,original,3767568.0,original,1149060008.0,original,996416000.0,original,-103.0,original
652591.0,22.0,2024-01-12 03:30:00,OPMC_LIFT,996423000.0,230.0,230.0,232.0,4.0,0.0,4.0,49.96,0.8664999999999999,2024-01-12 03:30:14.000,2024-01-12 03:30:14.000,2024-01-12 03:30:14.000,564802979.0,3768774.0,1149068584.0,230.0,original,230.0,original,232.0,original,4.0,original,0.0,gap_too_large,4.0,original,49.96,original,0.8664999999999999,original,564802979.0,original,3768774.0,original,1149068584.0,original,996423000.0,original,-101.0,original
652737.0,22.0,2024-01-12 04:00:00,OPMC_LIFT,996431000.0,230.0,230.0,232.0,4.0,0.0,4.0,49.99,0.8686999999999999,2024-01-12 04:00:16.000,2024-01-12 04:00:16.000,2024-01-12 04:00:16.000,564805712.0,3769984.0,1149077179.0,230.0,original,230.0,original,232.0,original,4.0,original,0.0,gap_too_large,4.0,original,49.99,original,0.8686999999999999,original,564805712.0,original,3769984.0,original,1149077179.0,original,996431000.0,original,-106.0,original
652879.0,22.0,2024-01-12 04:30:00,OPMC_LIFT,996438000.0,229.0,230.0,232.0,4.0,0.0,4.0,49.96,0.8666999999999999,2024-01-12 04:30:17.000,2024-01-12 04:30:17.000,2024-01-12 04:30:17.000,564808435.0,3771190.0,1149085749.0,229.0,original,230.0,original,232.0,original,4.0,original,0.0,gap_too_large,4.0,original,49.96,original,0.8666999999999999,original,564808435.0,original,3771190.0,original,1149085749.0,original,996438000.0,original,-119.0,original
653069.0,22.0,2024-01-12 05:00:00,OPMC_LIFT,996448000.0,229.0,229.0,231.0,4.0,0.0,4.0,49.98,0.8680999999999999,2024-01-12 05:10:11.000,2024-01-12 05:10:11.000,2024-01-12 05:10:11.000,564812038.0,3772800.0,1149097112.0,229.0,original,229.0,original,231.0,original,4.0,original,0.0,gap_too_large,4.0,original,49.98,original,0.8680999999999999,original,564812038.0,original,3772800.0,original,1149097112.0,original,996448000.0,original,-121.0,original
653147.0,22.0,2024-01-12 05:30:00,OPMC_LIFT,996453000.0,228.0,228.0,230.0,4.0,0.0,4.0,50.04,0.8690999999999999,2024-01-12 05:30:09.000,2024-01-12 05:30:09.000,2024-01-12 05:30:09.000,564813814.0,3773603.0,1149102734.0,228.0,original,228.0,original,230.0,original,4.0,original,0.0,gap_too_large,4.0,original,50.04,original,0.8690999999999999,original,564813814.0,original,3773603.0,original,1149102734.0,original,996453000.0,original,-120.0,original
653297.0,22.0,2024-01-12 06:00:00,OPMC_LIFT,996460000.0,227.0,227.0,229.0,4.0,0.0,4.0,50.02,0.8689999999999999,2024-01-12 06:00:07.000,2024-01-12 06:00:07.000,2024-01-12 06:00:07.000,564816454.0,3774810.0,1149111093.0,227.0,original,227.0,original,229.0,original,4.0,original,0.0,gap_too_large,4.0,original,50.02,original,0.8689999999999999,original,564816454.0,original,3774810.0,original,1149111093.0,original,996460000.0,original,-121.0,original
653461.0,22.0,2024-01-12 06:30:00,OPMC_LIFT,996468000.0,226.0,227.0,228.0,4.0,0.0,4.0,50.06,0.8685999999999999,2024-01-12 06:30:10.000,2024-01-12 06:30:10.000,2024-01-12 06:30:10.000,564819066.0,3776013.0,1149119403.0,226.0,original,227.0,original,228.0,original,4.0,original,0.0,gap_too_large,4.0,original,50.06,original,0.8685999999999999,original,564819066.0,original,3776013.0,original,1149119403.0,original,996468000.0,original,-106.0,original
653709.0,22.0,2024-01-12 07:00:00,OPMC_LIFT,996477000.0,227.0,227.0,229.0,4.0,0.0,4.0,50.01,0.8704,2024-01-12 07:10:15.000,2024-01-12 07:10:15.000,2024-01-12 07:10:15.000,564822515.0,3777622.0,1149130392.0,227.0,original,227.0,original,229.0,original,4.0,original,0.0,gap_too_large,4.0,original,50.01,original,0.8704,original,564822515.0,original,3777622.0,original,1149130392.0,original,996477000.0,original,-121.0,original
653819.0,22.0,2024-01-12 07:30:00,OPMC_LIFT,996482000.0,225.0,226.0,227.0,4.0,0.0,4.0,49.99,0.8712,2024-01-12 07:30:13.000,2024-01-12 07:30:13.000,2024-01-12 07:30:13.000,564824246.0,3778419.0,1149135899.0,225.0,original,226.0,original,227.0,original,4.0,original,0.0,gap_too_large,4.0,original,49.99,original,0.8712,original,564824246.0,original,3778419.0,original,1149135899.0,original,996482000.0,original,-120.0,original
653989.0,22.0,2024-01-12 08:00:00,OPMC_LIFT,996489000.0,225.0,226.0,227.0,4.0,0.0,4.0,49.97,0.8678999999999999,2024-01-12 08:00:15.000,2024-01-12 08:00:15.000,2024-01-12 08:00:15.000,564826826.0,3779616.0,1149144101.0,225.0,original,226.0,original,227.0,original,4.0,original,0.0,gap_too_large,4.0,original,49.97,original,0.8678999999999999,original,564826826.0,original,3779616.0,original,1149144101.0,original,996489000.0,original,-108.0,original
654133.0,22.0,2024-01-12 08:30:00,OPMC_LIFT,996496000.0,225.0,226.0,227.0,4.0,212.0,4.0,50.0,0.8682,2024-01-12 08:30:14.000,2024-01-12 08:30:14.000,2024-01-12 08:30:14.000,564829402.0,3780813.0,1149152305.0,225.0,original,226.0,original,227.0,original,4.0,original,212.0,original,4.0,original,50.0,original,0.8682,original,564829402.0,original,3780813.0,original,1149152305.0,original,996496000.0,original,-106.0,original
654367.0,22.0,2024-01-12 09:00:00,OPMC_LIFT,997569000.0,220.0,222.0,223.0,343.0,362.0,362.0,49.99,0.8684999999999999,2024-01-12 09:10:16.000,2024-01-12 09:10:16.000,2024-01-12 09:10:16.000,565453171.0,3781002.0,1150395707.0,220.0,original,222.0,original,223.0,original,343.0,original,362.0,original,362.0,original,49.99,original,0.8684999999999999,original,565453171.0,original,3781002.0,original,1150395707.0,original,997569000.0,original,-108.0,original
654465.0,22.0,2024-01-12 09:30:00,OPMC_LIFT,998247000.0,220.0,222.0,223.0,336.0,353.0,355.0,50.01,0.8677999999999999,2024-01-12 09:30:12.000,2024-01-12 09:30:12.000,2024-01-12 09:30:12.000,565839930.0,3781002.0,1151177128.0,220.0,original,222.0,original,223.0,original,336.0,original,353.0,original,355.0,original,50.01,original,0.8677999999999999,original,565839930.0,original,3781002.0,original,1151177128.0,original,998247000.0,original,-101.0,original
654623.0,22.0,2024-01-12 10:00:00,OPMC_LIFT,999255000.0,219.0,221.0,222.0,335.0,353.0,355.0,50.0,0.8696999999999999,2024-01-12 10:00:12.000,2024-01-12 10:00:12.000,2024-01-12 10:00:12.000,566412320.0,3781002.0,1152336712.0,219.0,original,221.0,original,222.0,original,335.0,original,353.0,original,355.0,original,50.0,original,0.8696999999999999,original,566412320.0,original,3781002.0,original,1152336712.0,original,999255000.0,original,-108.0,original
654801.0,22.0,2024-01-12 10:30:00,OPMC_LIFT,1000250000.0,220.0,223.0,224.0,330.0,348.0,349.0,50.0,0.8650999999999999,2024-01-12 10:30:16.000,2024-01-12 10:30:16.000,2024-01-12 10:30:16.000,566980480.0,3781002.0,1153487387.0,220.0,original,223.0,original,224.0,original,330.0,original,348.0,original,349.0,original,50.0,original,0.8650999999999999,original,566980480.0,original,3781002.0,original,1153487387.0,original,1000250000.0,original,-119.0,original
654997.0,22.0,2024-01-12 11:00:00,OPMC_LIFT,1001590000.0,221.0,223.0,224.0,330.0,348.0,349.0,49.98,0.8636999999999999,2024-01-12 11:10:08.000,2024-01-12 11:10:08.000,2024-01-12 11:10:08.000,567751981.0,3781002.0,1155030587.0,221.0,original,223.0,original,224.0,original,330.0,original,348.0,original,349.0,original,49.98,original,0.8636999999999999,original,567751981.0,original,3781002.0,original,1155030587.0,original,1001590000.0,original,-109.0,original
655233.0,22.0,2024-01-12 11:30:00,OPMC_LIFT,1002920000.0,223.0,225.0,227.0,329.0,348.0,350.0,50.0,0.8602,2024-01-12 11:50:15.000,2024-01-12 11:50:15.000,2024-01-12 11:50:15.000,568533712.0,3781002.0,1156577045.0,223.0,original,225.0,original,227.0,original,329.0,original,348.0,original,350.0,original,50.0,original,0.8602,original,568533712.0,original,3781002.0,original,1156577045.0,original,1002920000.0,original,-121.0,original
655283.0,22.0,2024-01-12 12:00:00,OPMC_LIFT,1003260000.0,223.0,226.0,227.0,330.0,350.0,351.0,50.0,0.8588999999999999,2024-01-12 12:00:10.000,2024-01-12 12:00:10.000,2024-01-12 12:00:10.000,568732714.0,3781002.0,1156968437.0,223.0,original,226.0,original,227.0,original,330.0,original,350.0,original,351.0,original,50.0,original,0.8588999999999999,original,568732714.0,original,3781002.0,original,1156968437.0,original,1003260000.0,original,-119.0,original
655463.0,22.0,2024-01-12 12:30:00,OPMC_LIFT,1004270000.0,221.0,223.0,225.0,336.0,356.0,357.0,50.03,0.8663,2024-01-12 12:30:16.000,2024-01-12 12:30:16.000,2024-01-12 12:30:16.000,569315926.0,3781002.0,1158133528.0,221.0,original,223.0,original,225.0,original,336.0,original,356.0,original,357.0,original,50.03,original,0.8663,original,569315926.0,original,3781002.0,original,1158133528.0,original,1004270000.0,original,-108.0,original
655613.0,22.0,2024-01-12 13:00:00,OPMC_LIFT,1005280000.0,218.0,220.0,222.0,340.0,359.0,360.0,49.99,0.8723,2024-01-12 13:00:13.000,2024-01-12 13:00:13.000,2024-01-12 13:00:13.000,569895658.0,3781002.0,1159302917.0,218.0,original,220.0,original,222.0,original,340.0,original,359.0,original,360.0,original,49.99,original,0.8723,original,569895658.0,original,3781002.0,original,1159302917.0,original,1005280000.0,original,-121.0,original
655769.0,22.0,2024-01-12 13:30:00,OPMC_LIFT,1006320000.0,219.0,221.0,222.0,346.0,364.0,364.0,50.01,0.8719999999999999,2024-01-12 13:30:13.000,2024-01-12 13:30:13.000,2024-01-12 13:30:13.000,570477325.0,3781002.0,1160492555.0,219.0,original,221.0,original,222.0,original,346.0,original,364.0,original,364.0,original,50.01,original,0.8719999999999999,original,570477325.0,original,3781002.0,original,1160492555.0,original,1006320000.0,original,-119.0,original
655931.0,22.0,2024-01-12 14:00:00,OPMC_LIFT,1007360000.0,218.0,220.0,222.0,348.0,366.0,367.0,49.99,0.8743,2024-01-12 14:00:12.000,2024-01-12 14:00:12.000,2024-01-12 14:00:12.000,571054566.0,3781002.0,1161677317.0,218.0,original,220.0,original,222.0,original,348.0,original,366.0,original,367.0,original,49.99,original,0.8743,original,571054566.0,original,3781002.0,original,1161677317.0,original,1007360000.0,original,-120.0,original
656111.0,22.0,2024-01-12 14:30:00,OPMC_LIFT,1007420000.0,224.0,225.0,226.0,4.0,0.0,4.0,50.01,0.8702,2024-01-12 14:30:15.000,2024-01-12 14:30:15.000,2024-01-12 14:30:15.000,571088598.0,3781946.0,1161749006.0,224.0,original,225.0,original,226.0,original,4.0,original,0.0,gap_too_large,4.0,original,50.01,original,0.8702,original,571088598.0,original,3781946.0,original,1161749006.0,original,1007420000.0,original,-118.0,original
656347.0,22.0,2024-01-12 15:00:00,OPMC_LIFT,1007430000.0,224.0,225.0,226.0,5.0,0.0,4.0,49.99,0.8699999999999999,2024-01-12 15:10:09.000,2024-01-12 15:10:09.000,2024-01-12 15:10:09.000,571092832.0,3784365.0,1161763147.0,224.0,original,225.0,original,226.0,original,5.0,original,0.0,gap_too_large,4.0,original,49.99,original,0.8699999999999999,original,571092832.0,original,3784365.0,original,1161763147.0,original,1007430000.0,original,-120.0,original
656465.0,22.0,2024-01-12 15:30:00,OPMC_LIFT,1007440000.0,225.0,226.0,227.0,4.0,0.0,4.0,50.05,0.8663,2024-01-12 15:30:13.000,2024-01-12 15:30:13.000,2024-01-12 15:30:13.000,571094598.0,3785200.0,1161768785.0,225.0,original,226.0,original,227.0,original,4.0,original,0.0,gap_too_large,4.0,original,50.05,original,0.8663,original,571094598.0,original,3785200.0,original,1161768785.0,original,1007440000.0,original,-119.0,original
656641.0,22.0,2024-01-12 16:00:00,OPMC_LIFT,1007440000.0,227.0,228.0,229.0,4.0,0.0,4.0,50.07,0.8686999999999999,2024-01-12 16:00:16.000,2024-01-12 16:00:16.000,2024-01-12 16:00:16.000,571097206.0,3786387.0,1161777041.0,227.0,original,228.0,original,229.0,original,4.0,original,0.0,gap_too_large,4.0,original,50.07,original,0.8686999999999999,original,571097206.0,original,3786387.0,original,1161777041.0,original,1007440000.0,original,-121.0,original
656817.0,22.0,2024-01-12 16:30:00,OPMC_LIFT,1007450000.0,228.0,229.0,230.0,4.0,0.0,4.0,50.06,0.8674999999999999,2024-01-12 16:30:16.000,2024-01-12 16:30:16.000,2024-01-12 16:30:16.000,571099856.0,3787581.0,1161785406.0,228.0,original,229.0,original,230.0,original,4.0,original,0.0,gap_too_large,4.0,original,50.06,original,0.8674999999999999,original,571099856.0,original,3787581.0,original,1161785406.0,original,1007450000.0,original,-105.0,original
657055.0,22.0,2024-01-12 17:00:00,OPMC_LIFT,1007460000.0,229.0,229.0,230.0,4.0,0.0,4.0,49.94,0.8675999999999999,2024-01-12 17:10:18.000,2024-01-12 17:10:18.000,2024-01-12 17:10:18.000,571103450.0,3789178.0,1161796699.0,229.0,original,229.0,original,230.0,original,4.0,original,0.0,gap_too_large,4.0,original,49.94,original,0.8675999999999999,original,571103450.0,original,3789178.0,original,1161796699.0,original,1007460000.0,original,-105.0,original
657159.0,22.0,2024-01-12 17:30:00,OPMC_LIFT,1007470000.0,230.0,231.0,232.0,4.0,0.0,4.0,50.03,0.8674999999999999,2024-01-12 17:30:11.000,2024-01-12 17:30:11.000,2024-01-12 17:30:11.000,571105261.0,3789978.0,1161802389.0,230.0,original,231.0,original,232.0,original,4.0,original,0.0,gap_too_large,4.0,original,50.03,original,0.8674999999999999,original,571105261.0,original,3789978.0,original,1161802389.0,original,1007470000.0,original,-120.0,original
657337.0,22.0,2024-01-12 18:00:00,OPMC_LIFT,1007470000.0,229.0,230.0,231.0,4.0,0.0,4.0,50.04,0.8678999999999999,2024-01-12 18:00:16.000,2024-01-12 18:00:16.000,2024-01-12 18:00:16.000,571107942.0,3791174.0,1161810837.0,229.0,original,230.0,original,231.0,original,4.0,original,0.0,gap_too_large,4.0,original,50.04,original,0.8678999999999999,original,571107942.0,original,3791174.0,original,1161810837.0,original,1007470000.0,original,-121.0,original
657503.0,22.0,2024-01-12 18:30:00,OPMC_LIFT,1007480000.0,228.0,228.0,230.0,4.0,0.0,4.0,49.96,0.8665999999999999,2024-01-12 18:30:14.000,2024-01-12 18:30:14.000,2024-01-12 18:30:14.000,571110640.0,3792368.0,1161819333.0,228.0,original,228.0,original,230.0,original,4.0,original,0.0,gap_too_large,4.0,original,49.96,original,0.8665999999999999,original,571110640.0,original,3792368.0,original,1161819333.0,original,1007480000.0,original,-120.0,original
657667.0,22.0,2024-01-12 19:00:00,OPMC_LIFT,1007490000.0,228.0,229.0,230.0,4.0,0.0,4.0,50.0,0.8686999999999999,2024-01-12 19:00:16.000,2024-01-12 19:00:16.000,2024-01-12 19:00:16.000,571113306.0,3793565.0,1161827739.0,228.0,original,229.0,original,230.0,original,4.0,original,0.0,gap_too_large,4.0,original,50.0,original,0.8686999999999999,original,571113306.0,original,3793565.0,original,1161827739.0,original,1007490000.0,original,-118.0,original
657845.0,22.0,2024-01-12 19:30:00,OPMC_LIFT,1007490000.0,228.0,228.0,230.0,4.0,0.0,4.0,49.98,0.8684,2024-01-12 19:30:13.000,2024-01-12 19:30:13.000,2024-01-12 19:30:13.000,571115971.0,3794758.0,1161836155.0,228.0,original,228.0,original,230.0,original,4.0,original,0.0,gap_too_large,4.0,original,49.98,original,0.8684,original,571115971.0,original,3794758.0,original,1161836155.0,original,1007490000.0,original,-102.0,original
658013.0,22.0,2024-01-12 20:00:00,OPMC_LIFT,1007500000.0,228.0,228.0,229.0,4.0,0.0,4.0,49.95,0.8684999999999999,2024-01-12 20:00:12.000,2024-01-12 20:00:12.000,2024-01-12 20:00:12.000,571118634.0,3795955.0,1161844561.0,228.0,original,228.0,original,229.0,original,4.0,original,0.0,gap_too_large,4.0,original,49.95,original,0.8684999999999999,original,571118634.0,original,3795955.0,original,1161844561.0,original,1007500000.0,original,-106.0,original
658195.0,22.0,2024-01-12 20:30:00,OPMC_LIFT,1007510000.0,227.0,228.0,229.0,4.0,0.0,4.0,49.95,0.8666999999999999,2024-01-12 20:30:14.000,2024-01-12 20:30:14.000,2024-01-12 20:30:14.000,571121290.0,3797152.0,1161852955.0,227.0,original,228.0,original,229.0,original,4.0,original,0.0,gap_too_large,4.0,original,49.95,original,0.8666999999999999,original,571121290.0,original,3797152.0,original,1161852955.0,original,1007510000.0,original,-105.0,original
658409.0,22.0,2024-01-12 21:00:00,OPMC_LIFT,1007520000.0,228.0,229.0,231.0,4.0,0.0,4.0,50.04,0.8672,2024-01-12 21:10:14.000,2024-01-12 21:10:14.000,2024-01-12 21:10:14.000,571124838.0,3798749.0,1161864165.0,228.0,original,229.0,original,231.0,original,4.0,original,0.0,gap_too_large,4.0,original,50.04,original,0.8672,original,571124838.0,original,3798749.0,original,1161864165.0,original,1007520000.0,original,-121.0,original
658523.0,22.0,2024-01-12 21:30:00,OPMC_LIFT,1007520000.0,228.0,229.0,230.0,4.0,0.0,4.0,50.02,0.8667999999999999,2024-01-12 21:30:14.000,2024-01-12 21:30:14.000,2024-01-12 21:30:14.000,571126624.0,3799546.0,1161869806.0,228.0,original,229.0,original,230.0,original,4.0,original,0.0,gap_too_large,4.0,original,50.02,original,0.8667999999999999,original,571126624.0,original,3799546.0,original,1161869806.0,original,1007520000.0,original,-100.0,original
658685.0,22.0,2024-01-12 22:00:00,OPMC_LIFT,1007530000.0,228.0,229.0,231.0,4.0,0.0,4.0,49.98,0.8649999999999999,2024-01-12 22:00:12.000,2024-01-12 22:00:12.000,2024-01-12 22:00:12.000,571129312.0,3800746.0,1161878277.0,228.0,original,229.0,original,231.0,original,4.0,original,0.0,gap_too_large,4.0,original,49.98,original,0.8649999999999999,original,571129312.0,original,3800746.0,original,1161878277.0,original,1007530000.0,original,-121.0,original
658939.0,22.0,2024-01-12 22:30:00,OPMC_LIFT,1007540000.0,229.0,229.0,231.0,4.0,0.0,4.0,50.04,0.8694999999999999,2024-01-12 22:40:15.000,2024-01-12 22:40:15.000,2024-01-12 22:40:15.000,571132906.0,3802342.0,1161889617.0,229.0,original,229.0,original,231.0,original,4.0,original,0.0,gap_too_large,4.0,original,50.04,original,0.8694999999999999,original,571132906.0,original,3802342.0,original,1161889617.0,original,1007540000.0,original,-105.0,original
659103.0,22.0,2024-01-12 23:00:00,OPMC_LIFT,1007550000.0,230.0,230.0,232.0,4.0,0.0,4.0,50.03,0.8665999999999999,2024-01-12 23:10:14.000,2024-01-12 23:10:14.000,2024-01-12 23:10:14.000,571135629.0,3803542.0,1161898184.0,230.0,original,230.0,original,232.0,original,4.0,original,0.0,gap_too_large,4.0,original,50.03,original,0.8665999999999999,original,571135629.0,original,3803542.0,original,1161898184.0,original,1007550000.0,original,-120.0,original
659305.0,22.0,2024-01-12 23:30:00,OPMC_LIFT,1007560000.0,228.0,228.0,230.0,4.0,0.0,4.0,50.03,0.8665999999999999,2024-01-12 23:50:11.000,2024-01-12 23:50:11.000,2024-01-12 23:50:11.000,571139184.0,3805139.0,1161909419.0,228.0,original,228.0,original,230.0,original,4.0,original,0.0,gap_too_large,4.0,original,50.03,original,0.8665999999999999,original,571139184.0,original,3805139.0,original,1161909419.0,original,1007560000.0,original,-120.0,original
659355.0,22.0,2024-01-13 00:00:00,OPMC_LIFT,1007560000.0,228.0,229.0,231.0,4.0,0.0,4.0,50.06,0.8690999999999999,2024-01-13 00:00:16.000,2024-01-13 00:00:16.000,2024-01-13 00:00:16.000,571140077.0,3805539.0,1161912241.0,228.0,original,229.0,original,231.0,original,4.0,original,0.0,gap_too_large,4.0,original,50.06,original,0.8690999999999999,original,571140077.0,original,3805539.0,original,1161912241.0,original,1007560000.0,original,-121.0,original
659493.0,22.0,2024-01-13 00:30:00,OPMC_LIFT,1007570000.0,228.0,229.0,231.0,4.0,0.0,4.0,49.98,0.8660999999999999,2024-01-13 00:30:11.000,2024-01-13 00:30:11.000,2024-01-13 00:30:11.000,571142758.0,3806736.0,1161920709.0,228.0,original,229.0,original,231.0,original,4.0,original,0.0,gap_too_large,4.0,original,49.98,original,0.8660999999999999,original,571142758.0,original,3806736.0,original,1161920709.0,original,1007570000.0,original,-120.0,original
659707.0,22.0,2024-01-13 01:00:00,OPMC_LIFT,1007580000.0,226.0,227.0,228.0,4.0,0.0,4.0,49.97,0.8684,2024-01-13 01:10:14.000,2024-01-13 01:10:14.000,2024-01-13 01:10:14.000,571146336.0,3808333.0,1161932001.0,226.0,original,227.0,original,228.0,original,4.0,original,0.0,gap_too_large,4.0,original,49.97,original,0.8684,original,571146336.0,original,3808333.0,original,1161932001.0,original,1007580000.0,original,-120.0,original
659827.0,22.0,2024-01-13 01:30:00,OPMC_LIFT,1007580000.0,226.0,227.0,229.0,4.0,0.0,4.0,49.96,0.8688999999999999,2024-01-13 01:30:10.000,2024-01-13 01:30:10.000,2024-01-13 01:30:10.000,571148083.0,3809130.0,1161937550.0,226.0,original,227.0,original,229.0,original,4.0,original,0.0,gap_too_large,4.0,original,49.96,original,0.8688999999999999,original,571148083.0,original,3809130.0,original,1161937550.0,original,1007580000.0,original,-120.0,original
660005.0,22.0,2024-01-13 02:00:00,OPMC_LIFT,1007590000.0,227.0,227.0,229.0,4.0,0.0,4.0,49.97,0.8652,2024-01-13 02:00:16.000,2024-01-13 02:00:16.000,2024-01-13 02:00:16.000,571150717.0,3810326.0,1161945896.0,227.0,original,227.0,original,229.0,original,4.0,original,0.0,gap_too_large,4.0,original,49.97,original,0.8652,original,571150717.0,original,3810326.0,original,1161945896.0,original,1007590000.0,original,-121.0,original
660139.0,22.0,2024-01-13 02:30:00,OPMC_LIFT,1007600000.0,228.0,228.0,230.0,4.0,0.0,4.0,50.04,0.8683,2024-01-13 02:30:09.000,2024-01-13 02:30:09.000,2024-01-13 02:30:09.000,571153363.0,3811520.0,1161954283.0,228.0,original,228.0,original,230.0,original,4.0,original,0.0,gap_too_large,4.0,original,50.04,original,0.8683,original,571153363.0,original,3811520.0,original,1161954283.0,original,1007600000.0,original,-121.0,original
660351.0,22.0,2024-01-13 03:00:00,OPMC_LIFT,1007610000.0,228.0,229.0,230.0,4.0,0.0,4.0,50.0,0.8677999999999999,2024-01-13 03:10:13.000,2024-01-13 03:10:13.000,2024-01-13 03:10:13.000,571156918.0,3813114.0,1161965525.0,228.0,original,229.0,original,230.0,original,4.0,original,0.0,gap_too_large,4.0,original,50.0,original,0.8677999999999999,original,571156918.0,original,3813114.0,original,1161965525.0,original,1007610000.0,original,-107.0,original
660451.0,22.0,2024-01-13 03:30:00,OPMC_LIFT,1007610000.0,229.0,229.0,231.0,4.0,0.0,4.0,50.01,0.8702,2024-01-13 03:30:15.000,2024-01-13 03:30:15.000,2024-01-13 03:30:15.000,571158707.0,3813910.0,1161971166.0,229.0,original,229.0,original,231.0,original,4.0,original,0.0,gap_too_large,4.0,original,50.01,original,0.8702,original,571158707.0,original,3813910.0,original,1161971166.0,original,1007610000.0,original,-120.0,original
660591.0,22.0,2024-01-13 04:00:00,OPMC_LIFT,1007620000.0,228.0,229.0,231.0,4.0,0.0,4.0,49.95,0.8679999999999999,2024-01-13 04:00:13.000,2024-01-13 04:00:13.000,2024-01-13 04:00:13.000,571161392.0,3815107.0,1161979640.0,228.0,original,229.0,original,231.0,original,4.0,original,0.0,gap_too_large,4.0,original,49.95,original,0.8679999999999999,original,571161392.0,original,3815107.0,original,1161979640.0,original,1007620000.0,original,-119.0,original
660761.0,22.0,2024-01-13 04:30:00,OPMC_LIFT,1007630000.0,229.0,229.0,231.0,4.0,0.0,4.0,50.02,0.8678999999999999,2024-01-13 04:30:13.000,2024-01-13 04:30:13.000,2024-01-13 04:30:13.000,571164074.0,3816304.0,1161988113.0,229.0,original,229.0,original,231.0,original,4.0,original,0.0,gap_too_large,4.0,original,50.02,original,0.8678999999999999,original,571164074.0,original,3816304.0,original,1161988113.0,original,1007630000.0,original,-119.0,original
660943.0,22.0,2024-01-13 05:00:00,OPMC_LIFT,1007640000.0,228.0,229.0,230.0,4.0,0.0,4.0,49.96,0.8688999999999999,2024-01-13 05:10:10.000,2024-01-13 05:10:10.000,2024-01-13 05:10:10.000,571167648.0,3817898.0,1161999406.0,228.0,original,229.0,original,230.0,original,4.0,original,0.0,gap_too_large,4.0,original,49.96,original,0.8688999999999999,original,571167648.0,original,3817898.0,original,1161999406.0,original,1007640000.0,original,-121.0,original
661063.0,22.0,2024-01-13 05:30:00,OPMC_LIFT,1007640000.0,228.0,228.0,230.0,4.0,0.0,4.0,49.98,0.8665999999999999,2024-01-13 05:30:11.000,2024-01-13 05:30:11.000,2024-01-13 05:30:11.000,571169427.0,3818698.0,1162005035.0,228.0,original,228.0,original,230.0,original,4.0,original,0.0,gap_too_large,4.0,original,49.98,original,0.8665999999999999,original,571169427.0,original,3818698.0,original,1162005035.0,original,1007640000.0,original,-101.0,original
661209.0,22.0,2024-01-13 06:00:00,OPMC_LIFT,1007650000.0,228.0,228.0,230.0,4.0,0.0,4.0,50.01,0.8667999999999999,2024-01-13 06:00:13.000,2024-01-13 06:00:13.000,2024-01-13 06:00:13.000,571172096.0,3819894.0,1162013464.0,228.0,original,228.0,original,230.0,original,4.0,original,0.0,gap_too_large,4.0,original,50.01,original,0.8667999999999999,original,571172096.0,original,3819894.0,original,1162013464.0,original,1007650000.0,original,-120.0,original
661373.0,22.0,2024-01-13 06:30:00,OPMC_LIFT,1007660000.0,228.0,228.0,230.0,4.0,0.0,4.0,49.99,0.8689999999999999,2024-01-13 06:30:16.000,2024-01-13 06:30:16.000,2024-01-13 06:30:16.000,571174749.0,3821094.0,1162021867.0,228.0,original,228.0,original,230.0,original,4.0,original,0.0,gap_too_large,4.0,original,49.99,original,0.8689999999999999,original,571174749.0,original,3821094.0,original,1162021867.0,original,1007660000.0,original,-102.0,original
661563.0,22.0,2024-01-13 07:00:00,OPMC_LIFT,1007660000.0,227.0,228.0,230.0,4.0,0.0,4.0,50.02,0.8697999999999999,2024-01-13 07:00:15.000,2024-01-13 07:00:15.000,2024-01-13 07:00:15.000,571177402.0,3822294.0,1162030270.0,227.0,original,228.0,original,230.0,original,4.0,original,0.0,gap_too_large,4.0,original,50.02,original,0.8697999999999999,original,571177402.0,original,3822294.0,original,1162030270.0,original,1007660000.0,original,-101.0,original
661703.0,22.0,2024-01-13 07:30:00,OPMC_LIFT,1007670000.0,226.0,226.0,228.0,4.0,0.0,4.0,50.04,0.8675999999999999,2024-01-13 07:30:07.000,2024-01-13 07:30:07.000,2024-01-13 07:30:07.000,571180029.0,3823498.0,1162038603.0,226.0,original,226.0,original,228.0,original,4.0,original,0.0,gap_too_large,4.0,original,50.04,original,0.8675999999999999,original,571180029.0,original,3823498.0,original,1162038603.0,original,1007670000.0,original,-121.0,original
661855.0,22.0,2024-01-13 08:00:00,OPMC_LIFT,1007680000.0,225.0,225.0,227.0,4.0,0.0,4.0,49.97,0.8668999999999999,2024-01-13 08:00:09.000,2024-01-13 08:00:09.000,2024-01-13 08:00:09.000,571182614.0,3824694.0,1162046840.0,225.0,original,225.0,original,227.0,original,4.0,original,0.0,gap_too_large,4.0,original,49.97,original,0.8668999999999999,original,571182614.0,original,3824694.0,original,1162046840.0,original,1007680000.0,original,-119.0,original
662019.0,22.0,2024-01-13 08:30:00,OPMC_LIFT,1007680000.0,225.0,226.0,227.0,4.0,0.0,4.0,50.03,0.8696999999999999,2024-01-13 08:30:15.000,2024-01-13 08:30:15.000,2024-01-13 08:30:15.000,571185216.0,3825891.0,1162055105.0,225.0,original,226.0,original,227.0,original,4.0,original,0.0,gap_too_large,4.0,original,50.03,original,0.8696999999999999,original,571185216.0,original,3825891.0,original,1162055105.0,original,1007680000.0,original,-106.0,original
662181.0,22.0,2024-01-13 09:00:00,OPMC_LIFT,1007690000.0,227.0,227.0,229.0,4.0,0.0,4.0,50.02,0.8676999999999999,2024-01-13 09:00:10.000,2024-01-13 09:00:10.000,2024-01-13 09:00:10.000,571187821.0,3827091.0,1162063381.0,227.0,original,227.0,original,229.0,original,4.0,original,0.0,gap_too_large,4.0,original,50.02,original,0.8676999999999999,original,571187821.0,original,3827091.0,original,1162063381.0,original,1007690000.0,original,-101.0,original
662337.0,22.0,2024-01-13 09:30:00,OPMC_LIFT,1007700000.0,226.0,226.0,228.0,4.0,0.0,4.0,49.96,0.8676999999999999,2024-01-13 09:30:12.000,2024-01-13 09:30:12.000,2024-01-13 09:30:12.000,571190435.0,3828291.0,1162071681.0,226.0,original,226.0,original,228.0,original,4.0,original,0.0,gap_too_large,4.0,original,49.96,original,0.8676999999999999,original,571190435.0,original,3828291.0,original,1162071681.0,original,1007700000.0,original,-120.0,original
662487.0,22.0,2024-01-13 10:00:00,OPMC_LIFT,1007710000.0,227.0,227.0,229.0,4.0,0.0,4.0,49.94,0.8670999999999999,2024-01-13 10:00:09.000,2024-01-13 10:00:09.000,2024-01-13 10:00:09.000,571193024.0,3829491.0,1162079912.0,227.0,original,227.0,original,229.0,original,4.0,original,0.0,gap_too_large,4.0,original,49.94,original,0.8670999999999999,original,571193024.0,original,3829491.0,original,1162079912.0,original,1007710000.0,original,-107.0,original
662753.0,22.0,2024-01-13 10:30:00,OPMC_LIFT,1007720000.0,226.0,227.0,228.0,4.0,0.0,4.0,50.0,0.8695999999999999,2024-01-13 10:50:14.000,2024-01-13 10:50:14.000,2024-01-13 10:50:14.000,571197386.0,3831488.0,1162093758.0,226.0,original,227.0,original,228.0,original,4.0,original,0.0,gap_too_large,4.0,original,50.0,original,0.8695999999999999,original,571197386.0,original,3831488.0,original,1162093758.0,original,1007720000.0,original,-121.0,original
662913.0,22.0,2024-01-13 11:00:00,OPMC_LIFT,1007730000.0,227.0,227.0,229.0,4.0,0.0,4.0,50.08,0.8657999999999999,2024-01-13 11:20:11.000,2024-01-13 11:20:11.000,2024-01-13 11:20:11.000,571200003.0,3832688.0,1162102062.0,227.0,original,227.0,original,229.0,original,4.0,original,0.0,gap_too_large,4.0,original,50.08,original,0.8657999999999999,original,571200003.0,original,3832688.0,original,1162102062.0,original,1007730000.0,original,-121.0,original
663043.0,22.0,2024-01-13 11:30:00,OPMC_LIFT,1007730000.0,227.0,228.0,229.0,4.0,0.0,4.0,50.05,0.8674999999999999,2024-01-13 11:40:16.000,2024-01-13 11:40:16.000,2024-01-13 11:40:16.000,571201750.0,3833488.0,1162107608.0,227.0,original,228.0,original,229.0,original,4.0,original,0.0,gap_too_large,4.0,original,50.05,original,0.8674999999999999,original,571201750.0,original,3833488.0,original,1162107608.0,original,1007730000.0,original,-120.0,original
663133.0,22.0,2024-01-13 12:00:00,OPMC_LIFT,1007730000.0,228.0,229.0,230.0,4.0,0.0,4.0,50.05,0.8684,2024-01-13 12:00:11.000,2024-01-13 12:00:11.000,2024-01-13 12:00:11.000,571203510.0,3834288.0,1162113179.0,228.0,original,229.0,original,230.0,original,4.0,original,0.0,gap_too_large,4.0,original,50.05,original,0.8684,original,571203510.0,original,3834288.0,original,1162113179.0,original,1007730000.0,original,-121.0,original
663351.0,22.0,2024-01-13 12:30:00,OPMC_LIFT,1007740000.0,228.0,229.0,230.0,4.0,0.0,4.0,50.01,0.8683,2024-01-13 12:40:14.000,2024-01-13 12:40:14.000,2024-01-13 12:40:14.000,571207075.0,3835891.0,1162124440.0,228.0,original,229.0,original,230.0,original,4.0,original,0.0,gap_too_large,4.0,original,50.01,original,0.8683,original,571207075.0,original,3835891.0,original,1162124440.0,original,1007740000.0,original,-121.0,original
663465.0,22.0,2024-01-13 13:00:00,OPMC_LIFT,1007750000.0,228.0,228.0,230.0,4.0,0.0,4.0,49.98,0.8689999999999999,2024-01-13 13:00:14.000,2024-01-13 13:00:14.000,2024-01-13 13:00:14.000,571208858.0,3836691.0,1162130065.0,228.0,original,228.0,original,230.0,original,4.0,original,0.0,gap_too_large,4.0,original,49.98,original,0.8689999999999999,original,571208858.0,original,3836691.0,original,1162130065.0,original,1007750000.0,original,-119.0,original
663619.0,22.0,2024-01-13 13:30:00,OPMC_LIFT,1007760000.0,227.0,227.0,229.0,4.0,0.0,4.0,49.92,0.8673,2024-01-13 13:30:12.000,2024-01-13 13:30:12.000,2024-01-13 13:30:12.000,571211504.0,3837891.0,1162138433.0,227.0,original,227.0,original,229.0,original,4.0,original,0.0,gap_too_large,4.0,original,49.92,original,0.8673,original,571211504.0,original,3837891.0,original,1162138433.0,original,1007760000.0,original,-100.0,original
663789.0,22.0,2024-01-13 14:00:00,OPMC_LIFT,1007760000.0,227.0,227.0,229.0,4.0,0.0,4.0,49.95,0.8687999999999999,2024-01-13 14:00:14.000,2024-01-13 14:00:14.000,2024-01-13 14:00:14.000,571214138.0,3839088.0,1162146773.0,227.0,original,227.0,original,229.0,original,4.0,original,0.0,gap_too_large,4.0,original,49.95,original,0.8687999999999999,original,571214138.0,original,3839088.0,original,1162146773.0,original,1007760000.0,original,-121.0,original
664061.0,22.0,2024-01-13 14:30:00,OPMC_LIFT,1007770000.0,227.0,228.0,229.0,4.0,0.0,4.0,49.99,0.8683,2024-01-13 14:40:14.000,2024-01-13 14:40:14.000,2024-01-13 14:40:14.000,571217654.0,3840685.0,1162157912.0,227.0,original,228.0,original,229.0,original,4.0,original,0.0,gap_too_large,4.0,original,49.99,original,0.8683,original,571217654.0,original,3840685.0,original,1162157912.0,original,1007770000.0,original,-121.0,original
664165.0,22.0,2024-01-13 15:00:00,OPMC_LIFT,1007780000.0,228.0,228.0,229.0,4.0,0.0,4.0,50.01,0.8689999999999999,2024-01-13 15:00:15.000,2024-01-13 15:00:15.000,2024-01-13 15:00:15.000,571219421.0,3841485.0,1162163499.0,228.0,original,228.0,original,229.0,original,4.0,original,0.0,gap_too_large,4.0,original,50.01,original,0.8689999999999999,original,571219421.0,original,3841485.0,original,1162163499.0,original,1007780000.0,original,-107.0,original
664319.0,22.0,2024-01-13 15:30:00,OPMC_LIFT,1007790000.0,228.0,228.0,229.0,4.0,0.0,4.0,49.98,0.8702,2024-01-13 15:30:13.000,2024-01-13 15:30:13.000,2024-01-13 15:30:13.000,571222077.0,3842685.0,1162171886.0,228.0,original,228.0,original,229.0,original,4.0,original,0.0,gap_too_large,4.0,original,49.98,original,0.8702,original,571222077.0,original,3842685.0,original,1162171886.0,original,1007790000.0,original,-121.0,original
664535.0,22.0,2024-01-13 16:00:00,OPMC_LIFT,1007800000.0,229.0,230.0,231.0,4.0,0.0,4.0,50.04,0.8664,2024-01-13 16:10:12.000,2024-01-13 16:10:12.000,2024-01-13 16:10:12.000,571225648.0,3844285.0,1162183163.0,229.0,original,230.0,original,231.0,original,4.0,original,0.0,gap_too_large,4.0,original,50.04,original,0.8664,original,571225648.0,original,3844285.0,original,1162183163.0,original,1007800000.0,original,-121.0,original
664653.0,22.0,2024-01-13 16:30:00,OPMC_LIFT,1007800000.0,229.0,230.0,231.0,4.0,0.0,4.0,49.97,0.8677999999999999,2024-01-13 16:30:14.000,2024-01-13 16:30:14.000,2024-01-13 16:30:14.000,571227453.0,3845088.0,1162188840.0,229.0,original,230.0,original,231.0,original,4.0,original,0.0,gap_too_large,4.0,original,49.97,original,0.8677999999999999,original,571227453.0,original,3845088.0,original,1162188840.0,original,1007800000.0,original,-120.0,original
664811.0,22.0,2024-01-13 17:00:00,OPMC_LIFT,1007810000.0,228.0,228.0,230.0,4.0,0.0,4.0,50.04,0.8689999999999999,2024-01-13 17:00:15.000,2024-01-13 17:00:15.000,2024-01-13 17:00:15.000,571230163.0,3846291.0,1162197374.0,228.0,original,228.0,original,230.0,original,4.0,original,0.0,gap_too_large,4.0,original,50.04,original,0.8689999999999999,original,571230163.0,original,3846291.0,original,1162197374.0,original,1007810000.0,original,-121.0,original
664963.0,22.0,2024-01-13 17:30:00,OPMC_LIFT,1007820000.0,229.0,229.0,231.0,4.0,0.0,4.0,50.04,0.8647999999999999,2024-01-13 17:30:12.000,2024-01-13 17:30:12.000,2024-01-13 17:30:12.000,571232835.0,3847491.0,1162205816.0,229.0,original,229.0,original,231.0,original,4.0,original,0.0,gap_too_large,4.0,original,50.04,original,0.8647999999999999,original,571232835.0,original,3847491.0,original,1162205816.0,original,1007820000.0,original,-119.0,original
665131.0,22.0,2024-01-13 18:00:00,OPMC_LIFT,1007820000.0,229.0,230.0,231.0,4.0,0.0,4.0,49.94,0.8629999999999999,2024-01-13 18:00:12.000,2024-01-13 18:00:12.000,2024-01-13 18:00:12.000,571235526.0,3848694.0,1162214302.0,229.0,original,230.0,original,231.0,original,4.0,original,0.0,gap_too_large,4.0,original,49.94,original,0.8629999999999999,original,571235526.0,original,3848694.0,original,1162214302.0,original,1007820000.0,original,-103.0,original
665297.0,22.0,2024-01-13 18:30:00,OPMC_LIFT,1007830000.0,227.0,228.0,229.0,4.0,0.0,4.0,49.99,0.8674,2024-01-13 18:30:13.000,2024-01-13 18:30:13.000,2024-01-13 18:30:13.000,571238192.0,3849894.0,1162222721.0,227.0,original,228.0,original,229.0,original,4.0,original,0.0,gap_too_large,4.0,original,49.99,original,0.8674,original,571238192.0,original,3849894.0,original,1162222721.0,original,1007830000.0,original,-100.0,original
665443.0,22.0,2024-01-13 19:00:00,OPMC_LIFT,1007840000.0,228.0,228.0,230.0,4.0,0.0,4.0,50.01,0.8672,2024-01-13 19:00:16.000,2024-01-13 19:00:16.000,2024-01-13 19:00:16.000,571240835.0,3851091.0,1162231093.0,228.0,original,228.0,original,230.0,original,4.0,original,0.0,gap_too_large,4.0,original,50.01,original,0.8672,original,571240835.0,original,3851091.0,original,1162231093.0,original,1007840000.0,original,-118.0,original
665601.0,22.0,2024-01-13 19:30:00,OPMC_LIFT,1007840000.0,228.0,228.0,230.0,4.0,0.0,4.0,49.99,0.8674999999999999,2024-01-13 19:30:13.000,2024-01-13 19:30:13.000,2024-01-13 19:30:13.000,571243488.0,3852291.0,1162239493.0,228.0,original,228.0,original,230.0,original,4.0,original,0.0,gap_too_large,4.0,original,49.99,original,0.8674999999999999,original,571243488.0,original,3852291.0,original,1162239493.0,original,1007840000.0,original,-120.0,original
665759.0,22.0,2024-01-13 20:00:00,OPMC_LIFT,1007850000.0,228.0,228.0,230.0,4.0,0.0,4.0,50.03,0.8667999999999999,2024-01-13 20:00:13.000,2024-01-13 20:00:13.000,2024-01-13 20:00:13.000,571246147.0,3853494.0,1162247909.0,228.0,original,228.0,original,230.0,original,4.0,original,0.0,gap_too_large,4.0,original,50.03,original,0.8667999999999999,original,571246147.0,original,3853494.0,original,1162247909.0,original,1007850000.0,original,-100.0,original
666023.0,22.0,2024-01-13 20:30:00,OPMC_LIFT,1007860000.0,228.0,228.0,230.0,4.0,0.0,4.0,49.99,0.8677999999999999,2024-01-13 20:50:11.000,2024-01-13 20:50:11.000,2024-01-13 20:50:11.000,571250589.0,3855498.0,1162261953.0,228.0,original,228.0,original,230.0,original,4.0,original,0.0,gap_too_large,4.0,original,49.99,original,0.8677999999999999,original,571250589.0,original,3855498.0,original,1162261953.0,original,1007860000.0,original,-118.0,original
666133.0,22.0,2024-01-13 21:00:00,OPMC_LIFT,1007870000.0,228.0,229.0,230.0,4.0,0.0,4.0,50.05,0.8680999999999999,2024-01-13 21:10:11.000,2024-01-13 21:10:11.000,2024-01-13 21:10:11.000,571252368.0,3856298.0,1162267569.0,228.0,original,229.0,original,230.0,original,4.0,original,0.0,gap_too_large,4.0,original,50.05,original,0.8680999999999999,original,571252368.0,original,3856298.0,original,1162267569.0,original,1007870000.0,original,-119.0,original
666237.0,22.0,2024-01-13 21:30:00,OPMC_LIFT,1007870000.0,229.0,229.0,231.0,4.0,0.0,4.0,50.05,0.8690999999999999,2024-01-13 21:30:17.000,2024-01-13 21:30:17.000,2024-01-13 21:30:17.000,571254154.0,3857098.0,1162273221.0,229.0,original,229.0,original,231.0,original,4.0,original,0.0,gap_too_large,4.0,original,50.05,original,0.8690999999999999,original,571254154.0,original,3857098.0,original,1162273221.0,original,1007870000.0,original,-121.0,original
666237.0,,2024-01-13 22:00:00,OPMC_LIFT,1007880000.0,229.5,229.5,231.5,4.0,0.0,4.0,50.045,0.8684499999999999,,,,571256834.0,3858301.0,1162281686.5,229.5,interpolated,229.5,interpolated,231.5,interpolated,4.0,interpolated,0.0,gap_too_large,4.0,interpolated,50.045,interpolated,0.8684499999999999,interpolated,571256834.0,interpolated,3858301.0,interpolated,1162281686.5,interpolated,1007880000.0,interpolated,-120.5,interpolated
666557.0,22.0,2024-01-13 22:30:00,OPMC_LIFT,1007890000.0,230.0,230.0,232.0,4.0,0.0,4.0,50.04,0.8677999999999999,2024-01-13 22:30:13.000,2024-01-13 22:30:13.000,2024-01-13 22:30:13.000,571259514.0,3859504.0,1162290152.0,230.0,original,230.0,original,232.0,original,4.0,original,0.0,gap_too_large,4.0,original,50.04,original,0.8677999999999999,original,571259514.0,original,3859504.0,original,1162290152.0,original,1007890000.0,original,-120.0,original
666707.0,22.0,2024-01-13 23:00:00,OPMC_LIFT,1007900000.0,228.0,229.0,231.0,4.0,0.0,4.0,50.05,0.8673,2024-01-13 23:00:11.000,2024-01-13 23:00:11.000,2024-01-13 23:00:11.000,571262192.0,3860707.0,1162298619.0,228.0,original,229.0,original,231.0,original,4.0,original,0.0,gap_too_large,4.0,original,50.05,original,0.8673,original,571262192.0,original,3860707.0,original,1162298619.0,original,1007900000.0,original,-99.0,original
666857.0,22.0,2024-01-13 23:30:00,OPMC_LIFT,1007900000.0,228.0,228.0,230.0,4.0,0.0,4.0,50.01,0.8689999999999999,2024-01-13 23:30:13.000,2024-01-13 23:30:13.000,2024-01-13 23:30:13.000,571264861.0,3861910.0,1162307070.0,228.0,original,228.0,original,230.0,original,4.0,original,0.0,gap_too_large,4.0,original,50.01,original,0.8689999999999999,original,571264861.0,original,3861910.0,original,1162307070.0,original,1007900000.0,original,-121.0,original
666981.0,22.0,2024-01-14 00:00:00,OPMC_LIFT,1007910000.0,228.0,229.0,231.0,4.0,0.0,4.0,49.99,0.8669999999999999,2024-01-14 00:00:11.000,2024-01-14 00:00:11.000,2024-01-14 00:00:11.000,571267536.0,3863114.0,1162315525.0,228.0,original,229.0,original,231.0,original,4.0,original,0.0,gap_too_large,4.0,original,49.99,original,0.8669999999999999,original,571267536.0,original,3863114.0,original,1162315525.0,original,1007910000.0,original,-121.0,original
667179.0,22.0,2024-01-14 00:30:00,OPMC_LIFT,1007920000.0,229.0,229.0,231.0,4.0,0.0,4.0,50.01,0.8674999999999999,2024-01-14 00:40:12.000,2024-01-14 00:40:12.000,2024-01-14 00:40:12.000,571271126.0,3864717.0,1162326856.0,229.0,original,229.0,original,231.0,original,4.0,original,0.0,gap_too_large,4.0,original,50.01,original,0.8674999999999999,original,571271126.0,original,3864717.0,original,1162326856.0,original,1007920000.0,original,-105.0,original
667275.0,22.0,2024-01-14 01:00:00,OPMC_LIFT,1007930000.0,229.0,230.0,232.0,4.0,0.0,4.0,50.04,0.8678999999999999,2024-01-14 01:00:11.000,2024-01-14 01:00:11.000,2024-01-14 01:00:11.000,571272928.0,3865517.0,1162332549.0,229.0,original,230.0,original,232.0,original,4.0,original,0.0,gap_too_large,4.0,original,50.04,original,0.8678999999999999,original,571272928.0,original,3865517.0,original,1162332549.0,original,1007930000.0,original,-118.0,original
667501.0,22.0,2024-01-14 01:30:00,OPMC_LIFT,1007940000.0,230.0,230.0,232.0,4.0,0.0,4.0,50.02,0.8682,2024-01-14 01:40:13.000,2024-01-14 01:40:13.000,2024-01-14 01:40:13.000,571276550.0,3867120.0,1162343957.0,230.0,original,230.0,original,232.0,original,4.0,original,0.0,gap_too_large,4.0,original,50.02,original,0.8682,original,571276550.0,original,3867120.0,original,1162343957.0,original,1007940000.0,original,-120.0,original
667603.0,22.0,2024-01-14 02:00:00,OPMC_LIFT,1007940000.0,230.0,230.0,232.0,4.0,0.0,4.0,49.95,0.8662,2024-01-14 02:00:17.000,2024-01-14 02:00:17.000,2024-01-14 02:00:17.000,571278365.0,3867923.0,1162349669.0,230.0,original,230.0,original,232.0,original,4.0,original,0.0,gap_too_large,4.0,original,49.95,original,0.8662,original,571278365.0,original,3867923.0,original,1162349669.0,original,1007940000.0,original,-108.0,original
667735.0,22.0,2024-01-14 02:30:00,OPMC_LIFT,1007950000.0,230.0,230.0,232.0,4.0,0.0,4.0,50.01,0.8673,2024-01-14 02:30:08.000,2024-01-14 02:30:08.000,2024-01-14 02:30:08.000,571281098.0,3869123.0,1162358264.0,230.0,original,230.0,original,232.0,original,4.0,original,0.0,gap_too_large,4.0,original,50.01,original,0.8673,original,571281098.0,original,3869123.0,original,1162358264.0,original,1007950000.0,original,-102.0,original
667897.0,22.0,2024-01-14 03:00:00,OPMC_LIFT,1007960000.0,230.0,231.0,233.0,4.0,0.0,4.0,50.04,0.8674,2024-01-14 03:00:13.000,2024-01-14 03:00:13.000,2024-01-14 03:00:13.000,571283840.0,3870330.0,1162366891.0,230.0,original,231.0,original,233.0,original,4.0,original,0.0,gap_too_large,4.0,original,50.04,original,0.8674,original,571283840.0,original,3870330.0,original,1162366891.0,original,1007960000.0,original,-120.0,original
668043.0,22.0,2024-01-14 03:30:00,OPMC_LIFT,1007960000.0,230.0,231.0,233.0,4.0,0.0,4.0,50.03,0.8652,2024-01-14 03:30:09.000,2024-01-14 03:30:09.000,2024-01-14 03:30:09.000,571286589.0,3871533.0,1162375521.0,230.0,original,231.0,original,233.0,original,4.0,original,0.0,gap_too_large,4.0,original,50.03,original,0.8652,original,571286589.0,original,3871533.0,original,1162375521.0,original,1007960000.0,original,-106.0,original
668193.0,22.0,2024-01-14 04:00:00,OPMC_LIFT,1007970000.0,228.0,228.0,230.0,4.0,0.0,4.0,49.94,0.8682,2024-01-14 04:00:16.000,2024-01-14 04:00:16.000,2024-01-14 04:00:16.000,571289302.0,3872736.0,1162384072.0,228.0,original,228.0,original,230.0,original,4.0,original,0.0,gap_too_large,4.0,original,49.94,original,0.8682,original,571289302.0,original,3872736.0,original,1162384072.0,original,1007970000.0,original,-108.0,original
668347.0,22.0,2024-01-14 04:30:00,OPMC_LIFT,1007980000.0,228.0,228.0,230.0,4.0,0.0,4.0,49.98,0.8654999999999999,2024-01-14 04:30:11.000,2024-01-14 04:30:11.000,2024-01-14 04:30:11.000,571291971.0,3873939.0,1162392510.0,228.0,original,228.0,original,230.0,original,4.0,original,0.0,gap_too_large,4.0,original,49.98,original,0.8654999999999999,original,571291971.0,original,3873939.0,original,1162392510.0,original,1007980000.0,original,-99.0,original
668543.0,22.0,2024-01-14 05:00:00,OPMC_LIFT,1007990000.0,227.0,228.0,230.0,4.0,0.0,4.0,49.95,0.8677999999999999,2024-01-14 05:10:13.000,2024-01-14 05:10:13.000,2024-01-14 05:10:13.000,571295514.0,3875539.0,1162403733.0,227.0,original,228.0,original,230.0,original,4.0,original,0.0,gap_too_large,4.0,original,49.95,original,0.8677999999999999,original,571295514.0,original,3875539.0,original,1162403733.0,original,1007990000.0,original,-121.0,original
668631.0,22.0,2024-01-14 05:30:00,OPMC_LIFT,1007990000.0,227.0,228.0,230.0,4.0,0.0,4.0,50.05,0.8716999999999999,2024-01-14 05:30:10.000,2024-01-14 05:30:10.000,2024-01-14 05:30:10.000,571297280.0,3876339.0,1162409333.0,227.0,original,228.0,original,230.0,original,4.0,original,0.0,gap_too_large,4.0,original,50.05,original,0.8716999999999999,original,571297280.0,original,3876339.0,original,1162409333.0,original,1007990000.0,original,-121.0,original
668799.0,22.0,2024-01-14 06:00:00,OPMC_LIFT,1008000000.0,228.0,228.0,230.0,4.0,0.0,4.0,50.06,0.8655999999999999,2024-01-14 06:00:15.000,2024-01-14 06:00:15.000,2024-01-14 06:00:15.000,571299933.0,3877542.0,1162417739.0,228.0,original,228.0,original,230.0,original,4.0,original,0.0,gap_too_large,4.0,original,50.06,original,0.8655999999999999,original,571299933.0,original,3877542.0,original,1162417739.0,original,1008000000.0,original,-123.0,original
669037.0,22.0,2024-01-14 06:30:00,OPMC_LIFT,1008010000.0,227.0,228.0,230.0,4.0,0.0,4.0,50.0,0.8704999999999999,2024-01-14 06:40:16.000,2024-01-14 06:40:16.000,2024-01-14 06:40:16.000,571303466.0,3879142.0,1162428933.0,227.0,original,228.0,original,230.0,original,4.0,original,0.0,gap_too_large,4.0,original,50.0,original,0.8704999999999999,original,571303466.0,original,3879142.0,original,1162428933.0,original,1008010000.0,original,-121.0,original
669147.0,22.0,2024-01-14 07:00:00,OPMC_LIFT,1008010000.0,228.0,228.0,230.0,4.0,0.0,4.0,50.05,0.8684999999999999,2024-01-14 07:00:14.000,2024-01-14 07:00:14.000,2024-01-14 07:00:14.000,571305232.0,3879946.0,1162434533.0,228.0,original,228.0,original,230.0,original,4.0,original,0.0,gap_too_large,4.0,original,50.05,original,0.8684999999999999,original,571305232.0,original,3879946.0,original,1162434533.0,original,1008010000.0,original,-120.0,original
669305.0,22.0,2024-01-14 07:30:00,OPMC_LIFT,1008020000.0,226.0,227.0,229.0,4.0,0.0,4.0,49.97,0.8686999999999999,2024-01-14 07:30:17.000,2024-01-14 07:30:17.000,2024-01-14 07:30:17.000,571307866.0,3881146.0,1162442885.0,226.0,original,227.0,original,229.0,original,4.0,original,0.0,gap_too_large,4.0,original,49.97,original,0.8686999999999999,original,571307866.0,original,3881146.0,original,1162442885.0,original,1008020000.0,original,-121.0,original
669477.0,22.0,2024-01-14 08:00:00,OPMC_LIFT,1008030000.0,226.0,226.0,228.0,4.0,0.0,4.0,50.01,0.8676999999999999,2024-01-14 08:00:16.000,2024-01-14 08:00:16.000,2024-01-14 08:00:16.000,571310483.0,3882346.0,1162451195.0,226.0,original,226.0,original,228.0,original,4.0,original,0.0,gap_too_large,4.0,original,50.01,original,0.8676999999999999,original,571310483.0,original,3882346.0,original,1162451195.0,original,1008030000.0,original,-121.0,original
669629.0,22.0,2024-01-14 08:30:00,OPMC_LIFT,1008040000.0,225.0,226.0,227.0,4.0,0.0,4.0,50.03,0.8729999999999999,2024-01-14 08:30:11.000,2024-01-14 08:30:11.000,2024-01-14 08:30:11.000,571313075.0,3883542.0,1162459445.0,225.0,original,226.0,original,227.0,original,4.0,original,0.0,gap_too_large,4.0,original,50.03,original,0.8729999999999999,original,571313075.0,original,3883542.0,original,1162459445.0,original,1008040000.0,original,-102.0,original
669793.0,22.0,2024-01-14 09:00:00,OPMC_LIFT,1008040000.0,226.0,227.0,229.0,4.0,0.0,4.0,49.97,0.8659999999999999,2024-01-14 09:00:12.000,2024-01-14 09:00:12.000,2024-01-14 09:00:12.000,571315690.0,3884742.0,1162467742.0,226.0,original,227.0,original,229.0,original,4.0,original,0.0,gap_too_large,4.0,original,49.97,original,0.8659999999999999,original,571315690.0,original,3884742.0,original,1162467742.0,original,1008040000.0,original,-102.0,original
670003.0,22.0,2024-01-14 09:30:00,OPMC_LIFT,1008050000.0,225.0,226.0,227.0,4.0,0.0,4.0,49.94,0.8644999999999999,2024-01-14 09:40:14.000,2024-01-14 09:40:14.000,2024-01-14 09:40:14.000,571319162.0,3886339.0,1162478776.0,225.0,original,226.0,original,227.0,original,4.0,original,0.0,gap_too_large,4.0,original,49.94,original,0.8644999999999999,original,571319162.0,original,3886339.0,original,1162478776.0,original,1008050000.0,original,-120.0,original
670103.0,22.0,2024-01-14 10:00:00,OPMC_LIFT,1008060000.0,227.0,227.0,229.0,4.0,0.0,4.0,49.98,0.8667999999999999,2024-01-14 10:00:11.000,2024-01-14 10:00:11.000,2024-01-14 10:00:11.000,571320883.0,3887136.0,1162484251.0,227.0,original,227.0,original,229.0,original,4.0,original,0.0,gap_too_large,4.0,original,49.98,original,0.8667999999999999,original,571320883.0,original,3887136.0,original,1162484251.0,original,1008060000.0,original,-121.0,original
670257.0,22.0,2024-01-14 10:30:00,OPMC_LIFT,1008060000.0,226.0,227.0,228.0,4.0,0.0,4.0,50.02,0.8674999999999999,2024-01-14 10:30:11.000,2024-01-14 10:30:11.000,2024-01-14 10:30:11.000,571323498.0,3888336.0,1162492558.0,226.0,original,227.0,original,228.0,original,4.0,original,0.0,gap_too_large,4.0,original,50.02,original,0.8674999999999999,original,571323498.0,original,3888336.0,original,1162492558.0,original,1008060000.0,original,-117.0,original
670421.0,22.0,2024-01-14 11:00:00,OPMC_LIFT,1008070000.0,226.0,227.0,228.0,4.0,0.0,4.0,49.99,0.8678999999999999,2024-01-14 11:00:17.000,2024-01-14 11:00:17.000,2024-01-14 11:00:17.000,571326115.0,3889533.0,1162500865.0,226.0,original,227.0,original,228.0,original,4.0,original,0.0,gap_too_large,4.0,original,49.99,original,0.8678999999999999,original,571326115.0,original,3889533.0,original,1162500865.0,original,1008070000.0,original,-103.0,original
670633.0,22.0,2024-01-14 11:30:00,OPMC_LIFT,1008080000.0,226.0,227.0,229.0,4.0,0.0,4.0,49.97,0.8680999999999999,2024-01-14 11:40:15.000,2024-01-14 11:40:15.000,2024-01-14 11:40:15.000,571329606.0,3891126.0,1162511944.0,226.0,original,227.0,original,229.0,original,4.0,original,0.0,gap_too_large,4.0,original,49.97,original,0.8680999999999999,original,571329606.0,original,3891126.0,original,1162511944.0,original,1008080000.0,original,-118.0,original
670749.0,22.0,2024-01-14 12:00:00,OPMC_LIFT,1008090000.0,226.0,227.0,229.0,4.0,0.0,4.0,49.97,0.8692,2024-01-14 12:00:13.000,2024-01-14 12:00:13.000,2024-01-14 12:00:13.000,571331357.0,3891926.0,1162517493.0,226.0,original,227.0,original,229.0,original,4.0,original,0.0,gap_too_large,4.0,original,49.97,original,0.8692,original,571331357.0,original,3891926.0,original,1162517493.0,original,1008090000.0,original,-123.0,original
670893.0,22.0,2024-01-14 12:30:00,OPMC_LIFT,1008090000.0,227.0,227.0,229.0,4.0,0.0,4.0,49.96,0.8684999999999999,2024-01-14 12:30:14.000,2024-01-14 12:30:14.000,2024-01-14 12:30:14.000,571333987.0,3893123.0,1162525832.0,227.0,original,227.0,original,229.0,original,4.0,original,0.0,gap_too_large,4.0,original,49.96,original,0.8684999999999999,original,571333987.0,original,3893123.0,original,1162525832.0,original,1008090000.0,original,-119.0,original
671053.0,22.0,2024-01-14 13:00:00,OPMC_LIFT,1008100000.0,227.0,227.0,229.0,4.0,0.0,4.0,50.02,0.8684999999999999,2024-01-14 13:00:14.000,2024-01-14 13:00:14.000,2024-01-14 13:00:14.000,571336614.0,3894317.0,1162534155.0,227.0,original,227.0,original,229.0,original,4.0,original,0.0,gap_too_large,4.0,original,50.02,original,0.8684999999999999,original,571336614.0,original,3894317.0,original,1162534155.0,original,1008100000.0,original,-121.0,original
671205.0,22.0,2024-01-14 13:30:00,OPMC_LIFT,1008110000.0,226.0,227.0,228.0,4.0,0.0,4.0,50.0,0.8672,2024-01-14 13:30:13.000,2024-01-14 13:30:13.000,2024-01-14 13:30:13.000,571339229.0,3895514.0,1162542453.0,226.0,original,227.0,original,228.0,original,4.0,original,0.0,gap_too_large,4.0,original,50.0,original,0.8672,original,571339229.0,original,3895514.0,original,1162542453.0,original,1008110000.0,original,-108.0,original
671371.0,22.0,2024-01-14 14:00:00,OPMC_LIFT,1008110000.0,225.0,226.0,228.0,4.0,0.0,4.0,50.01,0.8694999999999999,2024-01-14 14:00:15.000,2024-01-14 14:00:15.000,2024-01-14 14:00:15.000,571341830.0,3896707.0,1162550715.0,225.0,original,226.0,original,228.0,original,4.0,original,0.0,gap_too_large,4.0,original,50.01,original,0.8694999999999999,original,571341830.0,original,3896707.0,original,1162550715.0,original,1008110000.0,original,-106.0,original
671677.0,22.0,2024-01-14 14:30:00,OPMC_LIFT,1008130000.0,226.0,227.0,228.0,4.0,0.0,4.0,49.97,0.8717999999999999,2024-01-14 14:50:11.000,2024-01-14 14:50:11.000,2024-01-14 14:50:11.000,571346160.0,3898694.0,1162564488.0,226.0,original,227.0,original,228.0,original,4.0,original,0.0,gap_too_large,4.0,original,49.97,original,0.8717999999999999,original,571346160.0,original,3898694.0,original,1162564488.0,original,1008130000.0,original,-120.0,original
671735.0,22.0,2024-01-14 15:00:00,OPMC_LIFT,1008130000.0,226.0,227.0,228.0,4.0,0.0,4.0,49.96,0.8700999999999999,2024-01-14 15:00:11.000,2024-01-14 15:00:11.000,2024-01-14 15:00:11.000,571347027.0,3899094.0,1162567240.0,226.0,original,227.0,original,228.0,original,4.0,original,0.0,gap_too_large,4.0,original,49.96,original,0.8700999999999999,original,571347027.0,original,3899094.0,original,1162567240.0,original,1008130000.0,original,-120.0,original
671903.0,22.0,2024-01-14 15:30:00,OPMC_LIFT,1008140000.0,226.0,227.0,228.0,4.0,0.0,4.0,50.02,0.8692,2024-01-14 15:30:18.000,2024-01-14 15:30:18.000,2024-01-14 15:30:18.000,571349632.0,3900285.0,1162575515.0,226.0,original,227.0,original,228.0,original,4.0,original,0.0,gap_too_large,4.0,original,50.02,original,0.8692,original,571349632.0,original,3900285.0,original,1162575515.0,original,1008140000.0,original,-119.0,original
672073.0,22.0,2024-01-14 16:00:00,OPMC_LIFT,1008140000.0,226.0,227.0,229.0,4.0,0.0,4.0,50.03,0.8679999999999999,2024-01-14 16:00:16.000,2024-01-14 16:00:16.000,2024-01-14 16:00:16.000,571352240.0,3901478.0,1162583809.0,226.0,original,227.0,original,229.0,original,4.0,original,0.0,gap_too_large,4.0,original,50.03,original,0.8679999999999999,original,571352240.0,original,3901478.0,original,1162583809.0,original,1008140000.0,original,-121.0,original
672249.0,22.0,2024-01-14 16:30:00,OPMC_LIFT,1008150000.0,227.0,228.0,229.0,4.0,0.0,4.0,50.01,0.8676999999999999,2024-01-14 16:30:11.000,2024-01-14 16:30:11.000,2024-01-14 16:30:11.000,571354867.0,3902678.0,1162592139.0,227.0,original,228.0,original,229.0,original,4.0,original,0.0,gap_too_large,4.0,original,50.01,original,0.8676999999999999,original,571354867.0,original,3902678.0,original,1162592139.0,original,1008150000.0,original,-121.0,original
672473.0,22.0,2024-01-14 17:00:00,OPMC_LIFT,1008160000.0,228.0,228.0,230.0,4.0,0.0,4.0,50.06,0.8685999999999999,2024-01-14 17:10:11.000,2024-01-14 17:10:11.000,2024-01-14 17:10:11.000,571358390.0,3904282.0,1162603304.0,228.0,original,228.0,original,230.0,original,4.0,original,0.0,gap_too_large,4.0,original,50.06,original,0.8685999999999999,original,571358390.0,original,3904282.0,original,1162603304.0,original,1008160000.0,original,-120.0,original
672585.0,22.0,2024-01-14 17:30:00,OPMC_LIFT,1008170000.0,228.0,228.0,230.0,4.0,0.0,4.0,49.97,0.8682,2024-01-14 17:30:13.000,2024-01-14 17:30:13.000,2024-01-14 17:30:13.000,571360163.0,3905082.0,1162608913.0,228.0,original,228.0,original,230.0,original,4.0,original,0.0,gap_too_large,4.0,original,49.97,original,0.8682,original,571360163.0,original,3905082.0,original,1162608913.0,original,1008170000.0,original,-102.0,original
672763.0,22.0,2024-01-14 18:00:00,OPMC_LIFT,1008170000.0,228.0,228.0,230.0,4.0,0.0,4.0,49.99,0.8698999999999999,2024-01-14 18:00:15.000,2024-01-14 18:00:15.000,2024-01-14 18:00:15.000,571362826.0,3906282.0,1162617333.0,228.0,original,228.0,original,230.0,original,4.0,original,0.0,gap_too_large,4.0,original,49.99,original,0.8698999999999999,original,571362826.0,original,3906282.0,original,1162617333.0,original,1008170000.0,original,-109.0,original
672919.0,22.0,2024-01-14 18:30:00,OPMC_LIFT,1008180000.0,228.0,228.0,230.0,4.0,0.0,4.0,50.0,0.8664999999999999,2024-01-14 18:30:11.000,2024-01-14 18:30:11.000,2024-01-14 18:30:11.000,571365488.0,3907478.0,1162625745.0,228.0,original,228.0,original,230.0,original,4.0,original,0.0,gap_too_large,4.0,original,50.0,original,0.8664999999999999,original,571365488.0,original,3907478.0,original,1162625745.0,original,1008180000.0,original,-121.0,original
673119.0,22.0,2024-01-14 19:00:00,OPMC_LIFT,1008190000.0,228.0,228.0,230.0,4.0,0.0,4.0,50.01,0.8703,2024-01-14 19:10:12.000,2024-01-14 19:10:12.000,2024-01-14 19:10:12.000,571369030.0,3909078.0,1162636965.0,228.0,original,228.0,original,230.0,original,4.0,original,0.0,gap_too_large,4.0,original,50.01,original,0.8703,original,571369030.0,original,3909078.0,original,1162636965.0,original,1008190000.0,original,-117.0,original
673233.0,22.0,2024-01-14 19:30:00,OPMC_LIFT,1008190000.0,225.0,226.0,228.0,4.0,0.0,4.0,50.04,0.8675999999999999,2024-01-14 19:30:12.000,2024-01-14 19:30:12.000,2024-01-14 19:30:12.000,571370755.0,3909875.0,1162642453.0,225.0,original,226.0,original,228.0,original,4.0,original,0.0,gap_too_large,4.0,original,50.04,original,0.8675999999999999,original,571370755.0,original,3909875.0,original,1162642453.0,original,1008190000.0,original,-120.0,original
673385.0,22.0,2024-01-14 20:00:00,OPMC_LIFT,1008200000.0,225.0,226.0,227.0,4.0,0.0,4.0,49.96,0.8697999999999999,2024-01-14 20:00:09.000,2024-01-14 20:00:09.000,2024-01-14 20:00:09.000,571373341.0,3911072.0,1162650699.0,225.0,original,226.0,original,227.0,original,4.0,original,0.0,gap_too_large,4.0,original,49.96,original,0.8697999999999999,original,571373341.0,original,3911072.0,original,1162650699.0,original,1008200000.0,original,-121.0,original
673575.0,22.0,2024-01-14 20:30:00,OPMC_LIFT,1008210000.0,225.0,226.0,227.0,4.0,0.0,4.0,50.01,0.8690999999999999,2024-01-14 20:30:14.000,2024-01-14 20:30:14.000,2024-01-14 20:30:14.000,571375930.0,3912269.0,1162658939.0,225.0,original,226.0,original,227.0,original,4.0,original,0.0,gap_too_large,4.0,original,50.01,original,0.8690999999999999,original,571375930.0,original,3912269.0,original,1162658939.0,original,1008210000.0,original,-108.0,original
673725.0,22.0,2024-01-14 21:00:00,OPMC_LIFT,1008220000.0,226.0,226.0,228.0,4.0,0.0,4.0,50.02,0.8674999999999999,2024-01-14 21:00:15.000,2024-01-14 21:00:15.000,2024-01-14 21:00:15.000,571378515.0,3913466.0,1162667179.0,226.0,original,226.0,original,228.0,original,4.0,original,0.0,gap_too_large,4.0,original,50.02,original,0.8674999999999999,original,571378515.0,original,3913466.0,original,1162667179.0,original,1008220000.0,original,-120.0,original
673879.0,22.0,2024-01-14 21:30:00,OPMC_LIFT,1008220000.0,226.0,226.0,228.0,4.0,0.0,4.0,50.03,0.8673,2024-01-14 21:30:13.000,2024-01-14 21:30:13.000,2024-01-14 21:30:13.000,571381114.0,3914659.0,1162675448.0,226.0,original,226.0,original,228.0,original,4.0,original,0.0,gap_too_large,4.0,original,50.03,original,0.8673,original,571381114.0,original,3914659.0,original,1162675448.0,original,1008220000.0,original,-120.0,original
674025.0,22.0,2024-01-14 22:00:00,OPMC_LIFT,1008230000.0,226.0,227.0,229.0,4.0,0.0,4.0,50.03,0.8688999999999999,2024-01-14 22:00:08.000,2024-01-14 22:00:08.000,2024-01-14 22:00:08.000,571383725.0,3915856.0,1162683755.0,226.0,original,227.0,original,229.0,original,4.0,original,0.0,gap_too_large,4.0,original,50.03,original,0.8688999999999999,original,571383725.0,original,3915856.0,original,1162683755.0,original,1008230000.0,original,-123.0,original
674215.0,22.0,2024-01-14 22:30:00,OPMC_LIFT,1008240000.0,228.0,229.0,230.0,4.0,0.0,4.0,50.01,0.8683,2024-01-14 22:30:12.000,2024-01-14 22:30:12.000,2024-01-14 22:30:12.000,571386365.0,3917053.0,1162692133.0,228.0,original,229.0,original,230.0,original,4.0,original,0.0,gap_too_large,4.0,original,50.01,original,0.8683,original,571386365.0,original,3917053.0,original,1162692133.0,original,1008240000.0,original,-120.0,original
674383.0,22.0,2024-01-14 23:00:00,OPMC_LIFT,1008240000.0,227.0,227.0,229.0,4.0,0.0,4.0,50.08,0.8683,2024-01-14 23:00:11.000,2024-01-14 23:00:11.000,2024-01-14 23:00:11.000,571389011.0,3918253.0,1162700517.0,227.0,original,227.0,original,229.0,original,4.0,original,0.0,gap_too_large,4.0,original,50.08,original,0.8683,original,571389011.0,original,3918253.0,original,1162700517.0,original,1008240000.0,original,-107.0,original
674529.0,22.0,2024-01-14 23:30:00,OPMC_LIFT,1008250000.0,227.0,227.0,229.0,4.0,0.0,4.0,50.05,0.8686999999999999,2024-01-14 23:30:14.000,2024-01-14 23:30:14.000,2024-01-14 23:30:14.000,571391642.0,3919446.0,1162708872.0,227.0,original,227.0,original,229.0,original,4.0,original,0.0,gap_too_large,4.0,original,50.05,original,0.8686999999999999,original,571391642.0,original,3919446.0,original,1162708872.0,original,1008250000.0,original,-107.0,original
674667.0,22.0,2024-01-15 00:00:00,OPMC_LIFT,1008260000.0,227.0,228.0,229.0,4.0,0.0,4.0,49.97,0.8708999999999999,2024-01-15 00:00:11.000,2024-01-15 00:00:11.000,2024-01-15 00:00:11.000,571394282.0,3920643.0,1162717243.0,227.0,original,228.0,original,229.0,original,4.0,original,0.0,gap_too_large,4.0,original,49.97,original,0.8708999999999999,original,571394282.0,original,3920643.0,original,1162717243.0,original,1008260000.0,original,-120.0,original
674811.0,22.0,2024-01-15 00:30:00,OPMC_LIFT,1008270000.0,228.0,228.0,230.0,4.0,0.0,4.0,49.96,0.8693,2024-01-15 00:30:12.000,2024-01-15 00:30:12.000,2024-01-15 00:30:12.000,571396931.0,3921840.0,1162725646.0,228.0,original,228.0,original,230.0,original,4.0,original,0.0,gap_too_large,4.0,original,49.96,original,0.8693,original,571396931.0,original,3921840.0,original,1162725646.0,original,1008270000.0,original,-102.0,original
675003.0,22.0,2024-01-15 01:00:00,OPMC_LIFT,1008280000.0,228.0,229.0,230.0,4.0,0.0,4.0,50.01,0.8677999999999999,2024-01-15 01:10:13.000,2024-01-15 01:10:13.000,2024-01-15 01:10:13.000,571400483.0,3923434.0,1162736888.0,228.0,original,229.0,original,230.0,original,4.0,original,0.0,gap_too_large,4.0,original,50.01,original,0.8677999999999999,original,571400483.0,original,3923434.0,original,1162736888.0,original,1008280000.0,original,-119.0,original
675131.0,22.0,2024-01-15 01:30:00,OPMC_LIFT,1008280000.0,228.0,229.0,231.0,4.0,0.0,4.0,50.05,0.8706999999999999,2024-01-15 01:30:16.000,2024-01-15 01:30:16.000,2024-01-15 01:30:16.000,571402266.0,3924234.0,1162742526.0,228.0,original,229.0,original,231.0,original,4.0,original,0.0,gap_too_large,4.0,original,50.05,original,0.8706999999999999,original,571402266.0,original,3924234.0,original,1162742526.0,original,1008280000.0,original,-107.0,original
675279.0,22.0,2024-01-15 02:00:00,OPMC_LIFT,1008290000.0,229.0,229.0,231.0,4.0,0.0,4.0,49.94,0.8652,2024-01-15 02:00:13.000,2024-01-15 02:00:13.000,2024-01-15 02:00:13.000,571404950.0,3925430.0,1162751006.0,229.0,original,229.0,original,231.0,original,4.0,original,0.0,gap_too_large,4.0,original,49.94,original,0.8652,original,571404950.0,original,3925430.0,original,1162751006.0,original,1008290000.0,original,-109.0,original
675421.0,22.0,2024-01-15 02:30:00,OPMC_LIFT,1008300000.0,229.0,229.0,231.0,4.0,0.0,4.0,50.0,0.8657999999999999,2024-01-15 02:30:11.000,2024-01-15 02:30:11.000,2024-01-15 02:30:11.000,571407645.0,3926630.0,1162759515.0,229.0,original,229.0,original,231.0,original,4.0,original,0.0,gap_too_large,4.0,original,50.0,original,0.8657999999999999,original,571407645.0,original,3926630.0,original,1162759515.0,original,1008300000.0,original,-103.0,original
675611.0,22.0,2024-01-15 03:00:00,OPMC_LIFT,1008310000.0,229.0,230.0,232.0,4.0,0.0,4.0,50.01,0.8673,2024-01-15 03:10:17.000,2024-01-15 03:10:17.000,2024-01-15 03:10:17.000,571411251.0,3928227.0,1162770891.0,229.0,original,230.0,original,232.0,original,4.0,original,0.0,gap_too_large,4.0,original,50.01,original,0.8673,original,571411251.0,original,3928227.0,original,1162770891.0,original,1008310000.0,original,-121.0,original
675697.0,22.0,2024-01-15 03:30:00,OPMC_LIFT,1008310000.0,229.0,230.0,232.0,4.0,0.0,4.0,49.97,0.8674,2024-01-15 03:30:13.000,2024-01-15 03:30:13.000,2024-01-15 03:30:13.000,571413059.0,3929027.0,1162776587.0,229.0,original,230.0,original,232.0,original,4.0,original,0.0,gap_too_large,4.0,original,49.97,original,0.8674,original,571413059.0,original,3929027.0,original,1162776587.0,original,1008310000.0,original,-121.0,original
675827.0,22.0,2024-01-15 04:00:00,OPMC_LIFT,1008320000.0,229.0,230.0,232.0,4.0,0.0,4.0,50.05,0.8674999999999999,2024-01-15 04:00:11.000,2024-01-15 04:00:11.000,2024-01-15 04:00:11.000,571415766.0,3930227.0,1162785125.0,229.0,original,230.0,original,232.0,original,4.0,original,0.0,gap_too_large,4.0,original,50.05,original,0.8674999999999999,original,571415766.0,original,3930227.0,original,1162785125.0,original,1008320000.0,original,-121.0,original
675965.0,22.0,2024-01-15 04:30:00,OPMC_LIFT,1008330000.0,229.0,229.0,231.0,4.0,0.0,4.0,50.01,0.8674,2024-01-15 04:30:11.000,2024-01-15 04:30:11.000,2024-01-15 04:30:11.000,571418461.0,3931427.0,1162793633.0,229.0,original,229.0,original,231.0,original,4.0,original,0.0,gap_too_large,4.0,original,50.01,original,0.8674,original,571418461.0,original,3931427.0,original,1162793633.0,original,1008330000.0,original,-120.0,original
676109.0,22.0,2024-01-15 05:00:00,OPMC_LIFT,1008330000.0,228.0,229.0,230.0,4.0,0.0,4.0,50.05,0.8700999999999999,2024-01-15 05:00:11.000,2024-01-15 05:00:11.000,2024-01-15 05:00:11.000,571421142.0,3932627.0,1162802104.0,228.0,original,229.0,original,230.0,original,4.0,original,0.0,gap_too_large,4.0,original,50.05,original,0.8700999999999999,original,571421142.0,original,3932627.0,original,1162802104.0,original,1008330000.0,original,-121.0,original
676289.0,22.0,2024-01-15 05:30:00,OPMC_LIFT,1008340000.0,226.0,227.0,228.0,4.0,0.0,4.0,50.04,0.8704999999999999,2024-01-15 05:40:13.000,2024-01-15 05:40:13.000,2024-01-15 05:40:13.000,571424650.0,3934221.0,1162813233.0,226.0,original,227.0,original,228.0,original,4.0,original,0.0,gap_too_large,4.0,original,50.04,original,0.8704999999999999,original,571424650.0,original,3934221.0,original,1162813233.0,original,1008340000.0,original,-109.0,original
676393.0,22.0,2024-01-15 06:00:00,OPMC_LIFT,1008350000.0,225.0,226.0,227.0,4.0,0.0,4.0,50.05,0.8698999999999999,2024-01-15 06:00:14.000,2024-01-15 06:00:14.000,2024-01-15 06:00:14.000,571426378.0,3935018.0,1162818734.0,225.0,original,226.0,original,227.0,original,4.0,original,0.0,gap_too_large,4.0,original,50.05,original,0.8698999999999999,original,571426378.0,original,3935018.0,original,1162818734.0,original,1008350000.0,original,-109.0,original
676527.0,22.0,2024-01-15 06:30:00,OPMC_LIFT,1008350000.0,226.0,226.0,228.0,4.0,0.0,4.0,50.03,0.8679999999999999,2024-01-15 06:30:13.000,2024-01-15 06:30:13.000,2024-01-15 06:30:13.000,571428976.0,3936208.0,1162826993.0,226.0,original,226.0,original,228.0,original,4.0,original,0.0,gap_too_large,4.0,original,50.03,original,0.8679999999999999,original,571428976.0,original,3936208.0,original,1162826993.0,original,1008350000.0,original,-121.0,original
676703.0,22.0,2024-01-15 07:00:00,OPMC_LIFT,1008360000.0,224.0,225.0,226.0,4.0,0.0,4.0,49.98,0.8712,2024-01-15 07:00:11.000,2024-01-15 07:00:11.000,2024-01-15 07:00:11.000,571431558.0,3937402.0,1162835211.0,224.0,original,225.0,original,226.0,original,4.0,original,0.0,gap_too_large,4.0,original,49.98,original,0.8712,original,571431558.0,original,3937402.0,original,1162835211.0,original,1008360000.0,original,-98.0,original
676857.0,22.0,2024-01-15 07:30:00,OPMC_LIFT,1008370000.0,225.0,226.0,227.0,4.0,0.0,3.0,49.99,0.8686999999999999,2024-01-15 07:30:10.000,2024-01-15 07:30:10.000,2024-01-15 07:30:10.000,571434144.0,3938595.0,1162843441.0,225.0,original,226.0,original,227.0,original,4.0,original,0.0,gap_too_large,3.0,original,49.99,original,0.8686999999999999,original,571434144.0,original,3938595.0,original,1162843441.0,original,1008370000.0,original,-121.0,original
677027.0,22.0,2024-01-15 08:00:00,OPMC_LIFT,1008380000.0,225.0,226.0,228.0,4.0,0.0,4.0,50.08,0.8674999999999999,2024-01-15 08:00:13.000,2024-01-15 08:00:13.000,2024-01-15 08:00:13.000,571436726.0,3939792.0,1162851665.0,225.0,original,226.0,original,228.0,original,4.0,original,0.0,gap_too_large,4.0,original,50.08,original,0.8674999999999999,original,571436726.0,original,3939792.0,original,1162851665.0,original,1008380000.0,original,-121.0,original
677201.0,22.0,2024-01-15 08:30:00,OPMC_LIFT,1008380000.0,226.0,227.0,228.0,4.0,404.0,4.0,50.11,0.8657999999999999,2024-01-15 08:30:16.000,2024-01-15 08:30:16.000,2024-01-15 08:30:16.000,571439312.0,3940982.0,1162859889.0,226.0,original,227.0,original,228.0,original,4.0,original,404.0,original,4.0,original,50.11,original,0.8657999999999999,original,571439312.0,original,3940982.0,original,1162859889.0,original,1008380000.0,original,-121.0,original
677345.0,22.0,2024-01-15 09:00:00,OPMC_LIFT,1009220000.0,218.0,220.0,222.0,371.0,392.0,389.0,50.1,0.8734,2024-01-15 09:00:11.000,2024-01-15 09:00:11.000,2024-01-15 09:00:11.000,571921920.0,3941056.0,1163827253.0,218.0,original,220.0,original,222.0,original,371.0,original,392.0,original,389.0,original,50.1,original,0.8734,original,571921920.0,original,3941056.0,original,1163827253.0,original,1009220000.0,original,-120.0,original
677507.0,22.0,2024-01-15 09:30:00,OPMC_LIFT,1010020000.0,220.0,222.0,224.0,296.0,313.0,313.0,50.06,0.8425999999999999,2024-01-15 09:30:14.000,2024-01-15 09:30:14.000,2024-01-15 09:30:14.000,572390973.0,3941056.0,1164759265.0,220.0,original,222.0,original,224.0,original,296.0,original,313.0,original,313.0,original,50.06,original,0.8425999999999999,original,572390973.0,original,3941056.0,original,1164759265.0,original,1010020000.0,original,-121.0,original
677657.0,22.0,2024-01-15 10:00:00,OPMC_LIFT,1010760000.0,219.0,221.0,223.0,298.0,316.0,315.0,50.04,0.848,2024-01-15 10:00:14.000,2024-01-15 10:00:14.000,2024-01-15 10:00:14.000,572836458.0,3941056.0,1165622725.0,219.0,original,221.0,original,223.0,original,298.0,original,316.0,original,315.0,original,50.04,original,0.848,original,572836458.0,original,3941056.0,original,1165622725.0,original,1010760000.0,original,-121.0,original
677859.0,22.0,2024-01-15 10:30:00,OPMC_LIFT,1011740000.0,222.0,223.0,225.0,210.0,216.0,219.0,50.07,0.8746999999999999,2024-01-15 10:40:12.000,2024-01-15 10:40:12.000,2024-01-15 10:40:12.000,573423510.0,3941056.0,1166759995.0,222.0,original,223.0,original,225.0,original,210.0,original,216.0,original,219.0,original,50.07,original,0.8746999999999999,original,573423510.0,original,3941056.0,original,1166759995.0,original,1011740000.0,original,-105.0,original
677973.0,22.0,2024-01-15 11:00:00,OPMC_LIFT,1012240000.0,219.0,222.0,223.0,309.0,328.0,326.0,50.02,0.8526999999999999,2024-01-15 11:00:13.000,2024-01-15 11:00:13.000,2024-01-15 11:00:13.000,573724656.0,3941056.0,1167343665.0,219.0,original,222.0,original,223.0,original,309.0,original,328.0,original,326.0,original,50.02,original,0.8526999999999999,original,573724656.0,original,3941056.0,original,1167343665.0,original,1012240000.0,original,-102.0,original
678181.0,22.0,2024-01-15 11:30:00,OPMC_LIFT,1013200000.0,219.0,222.0,223.0,381.0,403.0,401.0,50.04,0.8730999999999999,2024-01-15 11:40:13.000,2024-01-15 11:40:13.000,2024-01-15 11:40:13.000,574313264.0,3941056.0,1168478997.0,219.0,original,222.0,original,223.0,original,381.0,original,403.0,original,401.0,original,50.04,original,0.8730999999999999,original,574313264.0,original,3941056.0,original,1168478997.0,original,1013200000.0,original,-120.0,original
678291.0,22.0,2024-01-15 12:00:00,OPMC_LIFT,1013680000.0,224.0,226.0,228.0,208.0,215.0,219.0,50.11,0.8705999999999999,2024-01-15 12:00:15.000,2024-01-15 12:00:15.000,2024-01-15 12:00:15.000,574597654.0,3941056.0,1169032165.0,224.0,original,226.0,original,228.0,original,208.0,original,215.0,original,219.0,original,50.11,original,0.8705999999999999,original,574597654.0,original,3941056.0,original,1169032165.0,original,1013680000.0,original,-120.0,original
678431.0,22.0,2024-01-15 12:30:00,OPMC_LIFT,1014450000.0,221.0,224.0,225.0,385.0,408.0,406.0,49.99,0.8693,2024-01-15 12:30:10.000,2024-01-15 12:30:10.000,2024-01-15 12:30:10.000,575073264.0,3941056.0,1169941038.0,221.0,original,224.0,original,225.0,original,385.0,original,408.0,original,406.0,original,49.99,original,0.8693,original,575073264.0,original,3941056.0,original,1169941038.0,original,1014450000.0,original,-120.0,original
678591.0,22.0,2024-01-15 13:00:00,OPMC_LIFT,1015180000.0,224.0,226.0,227.0,163.0,173.0,187.0,49.95,0.8652,2024-01-15 13:00:13.000,2024-01-15 13:00:13.000,2024-01-15 13:00:13.000,575532093.0,3941056.0,1170802728.0,224.0,original,226.0,original,227.0,original,163.0,original,173.0,original,187.0,original,49.95,original,0.8652,original,575532093.0,original,3941056.0,original,1170802728.0,original,1015180000.0,original,-102.0,original
678757.0,22.0,2024-01-15 13:30:00,OPMC_LIFT,1015930000.0,220.0,222.0,224.0,386.0,406.0,403.0,50.02,0.8722,2024-01-15 13:30:14.000,2024-01-15 13:30:14.000,2024-01-15 13:30:14.000,575989504.0,3941056.0,1171682088.0,220.0,original,222.0,original,224.0,original,386.0,original,406.0,original,403.0,original,50.02,original,0.8722,original,575989504.0,original,3941056.0,original,1171682088.0,original,1015930000.0,original,-109.0,original
678913.0,22.0,2024-01-15 14:00:00,OPMC_LIFT,1016650000.0,221.0,223.0,225.0,297.0,315.0,314.0,50.07,0.8428999999999999,2024-01-15 14:00:13.000,2024-01-15 14:00:13.000,2024-01-15 14:00:13.000,576438432.0,3941056.0,1172535534.0,221.0,original,223.0,original,225.0,original,297.0,original,315.0,original,314.0,original,50.07,original,0.8428999999999999,original,576438432.0,original,3941056.0,original,1172535534.0,original,1016650000.0,original,-121.0,original
679165.0,22.0,2024-01-15 14:30:00,OPMC_LIFT,1017630000.0,223.0,225.0,227.0,299.0,318.0,318.0,49.98,0.8387999999999999,2024-01-15 14:40:12.000,2024-01-15 14:40:12.000,2024-01-15 14:40:12.000,577041082.0,3941056.0,1173686405.0,223.0,original,225.0,original,227.0,original,299.0,original,318.0,original,318.0,original,49.98,original,0.8387999999999999,original,577041082.0,original,3941056.0,original,1173686405.0,original,1017630000.0,original,-118.0,original
679375.0,22.0,2024-01-15 15:00:00,OPMC_LIFT,1018600000.0,222.0,224.0,225.0,237.0,252.0,252.0,49.99,0.8039,2024-01-15 15:20:09.000,2024-01-15 15:20:09.000,2024-01-15 15:20:09.000,577642637.0,3941056.0,1174825371.0,222.0,original,224.0,original,225.0,original,237.0,original,252.0,original,252.0,original,49.99,original,0.8039,original,577642637.0,original,3941056.0,original,1174825371.0,original,1018600000.0,original,-120.0,original
679441.0,22.0,2024-01-15 15:30:00,OPMC_LIFT,1018830000.0,222.0,224.0,226.0,207.0,213.0,216.0,50.0,0.8730999999999999,2024-01-15 15:30:16.000,2024-01-15 15:30:16.000,2024-01-15 15:30:16.000,577791997.0,3941056.0,1175105793.0,222.0,original,224.0,original,226.0,original,207.0,original,213.0,original,216.0,original,50.0,original,0.8730999999999999,original,577791997.0,original,3941056.0,original,1175105793.0,original,1018830000.0,original,-119.0,original
679593.0,22.0,2024-01-15 16:00:00,OPMC_LIFT,1019410000.0,227.0,228.0,230.0,105.5,0.0,110.0,49.99,1.0,2024-01-15 16:00:14.000,2024-01-15 16:00:14.000,2024-01-15 16:00:14.000,578155091.0,3941056.0,1175788347.0,227.0,original,228.0,original,230.0,original,105.5,interpolated,0.0,gap_too_large,110.0,interpolated,49.99,original,1.0,original,578155091.0,original,3941056.0,original,1175788347.0,original,1019410000.0,original,-121.0,original
679737.0,22.0,2024-01-15 16:30:00,OPMC_LIFT,1019410000.0,229.0,230.0,231.0,4.0,0.0,4.0,50.04,0.8674,2024-01-15 16:30:13.000,2024-01-15 16:30:13.000,2024-01-15 16:30:13.000,578155443.0,3941104.0,1175789134.0,229.0,original,230.0,original,231.0,original,4.0,original,0.0,gap_too_large,4.0,original,50.04,original,0.8674,original,578155443.0,original,3941104.0,original,1175789134.0,original,1019410000.0,original,-111.0,original
679957.0,22.0,2024-01-15 17:00:00,OPMC_LIFT,1019420000.0,229.0,229.0,231.0,4.0,0.0,4.0,49.99,0.8693,2024-01-15 17:10:17.000,2024-01-15 17:10:17.000,2024-01-15 17:10:17.000,578158989.0,3942704.0,1175800357.0,229.0,original,229.0,original,231.0,original,4.0,original,0.0,gap_too_large,4.0,original,49.99,original,0.8693,original,578158989.0,original,3942704.0,original,1175800357.0,original,1019420000.0,original,-121.0,original
680069.0,22.0,2024-01-15 17:30:00,OPMC_LIFT,1019430000.0,230.0,231.0,232.0,4.0,0.0,4.0,50.07,0.8676999999999999,2024-01-15 17:30:14.000,2024-01-15 17:30:14.000,2024-01-15 17:30:14.000,578160787.0,3943504.0,1175806040.0,230.0,original,231.0,original,232.0,original,4.0,original,0.0,gap_too_large,4.0,original,50.07,original,0.8676999999999999,original,578160787.0,original,3943504.0,original,1175806040.0,original,1019430000.0,original,-120.0,original
680211.0,22.0,2024-01-15 18:00:00,OPMC_LIFT,1019430000.0,228.0,229.0,230.0,4.0,0.0,4.0,49.99,0.8684999999999999,2024-01-15 18:00:09.000,2024-01-15 18:00:09.000,2024-01-15 18:00:09.000,578163440.0,3944704.0,1175814453.0,228.0,original,229.0,original,230.0,original,4.0,original,0.0,gap_too_large,4.0,original,49.99,original,0.8684999999999999,original,578163440.0,original,3944704.0,original,1175814453.0,original,1019430000.0,original,-121.0,original
680367.0,22.0,2024-01-15 18:30:00,OPMC_LIFT,1019440000.0,226.0,227.0,228.0,4.0,0.0,4.0,49.99,0.8714,2024-01-15 18:30:13.000,2024-01-15 18:30:13.000,2024-01-15 18:30:13.000,578166109.0,3945898.0,1175822894.0,226.0,original,227.0,original,228.0,original,4.0,original,0.0,gap_too_large,4.0,original,49.99,original,0.8714,original,578166109.0,original,3945898.0,original,1175822894.0,original,1019440000.0,original,-120.0,original
680521.0,22.0,2024-01-15 19:00:00,OPMC_LIFT,1019450000.0,226.0,226.0,228.0,4.0,0.0,4.0,50.0,0.8729999999999999,2024-01-15 19:00:09.000,2024-01-15 19:00:09.000,2024-01-15 19:00:09.000,578168698.0,3947091.0,1175831144.0,226.0,original,226.0,original,228.0,original,4.0,original,0.0,gap_too_large,4.0,original,50.0,original,0.8729999999999999,original,578168698.0,original,3947091.0,original,1175831144.0,original,1019450000.0,original,-120.0,original
680675.0,22.0,2024-01-15 19:30:00,OPMC_LIFT,1019460000.0,226.0,226.0,228.0,4.0,0.0,4.0,50.02,0.8698999999999999,2024-01-15 19:30:10.000,2024-01-15 19:30:10.000,2024-01-15 19:30:10.000,578171286.0,3948285.0,1175839397.0,226.0,original,226.0,original,228.0,original,4.0,original,0.0,gap_too_large,4.0,original,50.02,original,0.8698999999999999,original,578171286.0,original,3948285.0,original,1175839397.0,original,1019460000.0,original,-121.0,original
680839.0,22.0,2024-01-15 20:00:00,OPMC_LIFT,1019460000.0,226.0,227.0,229.0,4.0,0.0,4.0,50.02,0.8694,2024-01-15 20:00:11.000,2024-01-15 20:00:11.000,2024-01-15 20:00:11.000,578173882.0,3949482.0,1175847675.0,226.0,original,227.0,original,229.0,original,4.0,original,0.0,gap_too_large,4.0,original,50.02,original,0.8694,original,578173882.0,original,3949482.0,original,1175847675.0,original,1019460000.0,original,-109.0,original
681003.0,22.0,2024-01-15 20:30:00,OPMC_LIFT,1019470000.0,227.0,227.0,229.0,4.0,0.0,4.0,50.01,0.8683,2024-01-15 20:30:12.000,2024-01-15 20:30:12.000,2024-01-15 20:30:12.000,578176493.0,3950678.0,1175855985.0,227.0,original,227.0,original,229.0,original,4.0,original,0.0,gap_too_large,4.0,original,50.01,original,0.8683,original,578176493.0,original,3950678.0,original,1175855985.0,original,1019470000.0,original,-104.0,original
681203.0,22.0,2024-01-15 21:00:00,OPMC_LIFT,1019480000.0,228.0,228.0,230.0,4.0,0.0,4.0,50.0,0.8680999999999999,2024-01-15 21:10:13.000,2024-01-15 21:10:13.000,2024-01-15 21:10:13.000,578180010.0,3952275.0,1175867144.0,228.0,original,228.0,original,230.0,original,4.0,original,0.0,gap_too_large,4.0,original,50.0,original,0.8680999999999999,original,578180010.0,original,3952275.0,original,1175867144.0,original,1019480000.0,original,-121.0,original
681313.0,22.0,2024-01-15 21:30:00,OPMC_LIFT,1019490000.0,228.0,229.0,231.0,4.0,0.0,4.0,50.01,0.8700999999999999,2024-01-15 21:30:16.000,2024-01-15 21:30:16.000,2024-01-15 21:30:16.000,578181782.0,3953075.0,1175872766.0,228.0,original,229.0,original,231.0,original,4.0,original,0.0,gap_too_large,4.0,original,50.01,original,0.8700999999999999,original,578181782.0,original,3953075.0,original,1175872766.0,original,1019490000.0,original,-103.0,original
681465.0,22.0,2024-01-15 22:00:00,OPMC_LIFT,1019490000.0,229.0,230.0,232.0,4.0,0.0,4.0,50.07,0.8682,2024-01-15 22:00:14.000,2024-01-15 22:00:14.000,2024-01-15 22:00:14.000,578184474.0,3954278.0,1175881269.0,229.0,original,230.0,original,232.0,original,4.0,original,0.0,gap_too_large,4.0,original,50.07,original,0.8682,original,578184474.0,original,3954278.0,original,1175881269.0,original,1019490000.0,original,-121.0,original
681625.0,22.0,2024-01-15 22:30:00,OPMC_LIFT,1019500000.0,227.0,228.0,230.0,4.0,0.0,4.0,50.04,0.8683,2024-01-15 22:30:14.000,2024-01-15 22:30:14.000,2024-01-15 22:30:14.000,578187120.0,3955478.0,1175889659.0,227.0,original,228.0,original,230.0,original,4.0,original,0.0,gap_too_large,4.0,original,50.04,original,0.8683,original,578187120.0,original,3955478.0,original,1175889659.0,original,1019500000.0,original,-120.0,original
681845.0,22.0,2024-01-15 23:00:00,OPMC_LIFT,1019510000.0,228.0,229.0,231.0,4.0,0.0,4.0,49.97,0.8673,2024-01-15 23:10:12.000,2024-01-15 23:10:12.000,2024-01-15 23:10:12.000,578190662.0,3957078.0,1175900901.0,228.0,original,229.0,original,231.0,original,4.0,original,0.0,gap_too_large,4.0,original,49.97,original,0.8673,original,578190662.0,original,3957078.0,original,1175900901.0,original,1019510000.0,original,-106.0,original
681923.0,22.0,2024-01-15 23:30:00,OPMC_LIFT,1019510000.0,228.0,229.0,231.0,4.0,0.0,4.0,50.01,0.8706999999999999,2024-01-15 23:30:10.000,2024-01-15 23:30:10.000,2024-01-15 23:30:10.000,578192445.0,3957878.0,1175906545.0,228.0,original,229.0,original,231.0,original,4.0,original,0.0,gap_too_large,4.0,original,50.01,original,0.8706999999999999,original,578192445.0,original,3957878.0,original,1175906545.0,original,1019510000.0,original,-101.0,original
682079.0,22.0,2024-01-16 00:00:00,OPMC_LIFT,1019520000.0,229.0,230.0,232.0,4.0,0.0,4.0,49.98,0.8678999999999999,2024-01-16 00:00:12.000,2024-01-16 00:00:12.000,2024-01-16 00:00:12.000,578195139.0,3959078.0,1175915054.0,229.0,original,230.0,original,232.0,original,4.0,original,0.0,gap_too_large,4.0,original,49.98,original,0.8678999999999999,original,578195139.0,original,3959078.0,original,1175915054.0,original,1019520000.0,original,-123.0,original
682241.0,22.0,2024-01-16 00:30:00,OPMC_LIFT,1019530000.0,227.0,228.0,230.0,4.0,0.0,4.0,50.01,0.8698999999999999,2024-01-16 00:30:13.000,2024-01-16 00:30:13.000,2024-01-16 00:30:13.000,578197846.0,3960282.0,1175923601.0,227.0,original,228.0,original,230.0,original,4.0,original,0.0,gap_too_large,4.0,original,50.01,original,0.8698999999999999,original,578197846.0,original,3960282.0,original,1175923601.0,original,1019530000.0,original,-111.0,original
682391.0,22.0,2024-01-16 01:00:00,OPMC_LIFT,1019540000.0,228.0,228.0,230.0,4.0,0.0,4.0,49.97,0.8697999999999999,2024-01-16 01:00:14.000,2024-01-16 01:00:14.000,2024-01-16 01:00:14.000,578200493.0,3961478.0,1175931995.0,228.0,original,228.0,original,230.0,original,4.0,original,0.0,gap_too_large,4.0,original,49.97,original,0.8697999999999999,original,578200493.0,original,3961478.0,original,1175931995.0,original,1019540000.0,original,-105.0,original
682577.0,22.0,2024-01-16 01:30:00,OPMC_LIFT,1019540000.0,228.0,228.0,230.0,4.0,0.0,4.0,50.04,0.8707999999999999,2024-01-16 01:30:11.000,2024-01-16 01:30:11.000,2024-01-16 01:30:11.000,578203133.0,3962678.0,1175940379.0,228.0,original,228.0,original,230.0,original,4.0,original,0.0,gap_too_large,4.0,original,50.04,original,0.8707999999999999,original,578203133.0,original,3962678.0,original,1175940379.0,original,1019540000.0,original,-103.0,original
682723.0,22.0,2024-01-16 02:00:00,OPMC_LIFT,1019550000.0,228.0,228.0,230.0,4.0,0.0,4.0,50.0,0.8694,2024-01-16 02:00:12.000,2024-01-16 02:00:12.000,2024-01-16 02:00:12.000,578205782.0,3963878.0,1175948785.0,228.0,original,228.0,original,230.0,original,4.0,original,0.0,gap_too_large,4.0,original,50.0,original,0.8694,original,578205782.0,original,3963878.0,original,1175948785.0,original,1019550000.0,original,-120.0,original
682881.0,22.0,2024-01-16 02:30:00,OPMC_LIFT,1019560000.0,228.0,229.0,231.0,4.0,0.0,4.0,50.01,0.8700999999999999,2024-01-16 02:30:15.000,2024-01-16 02:30:15.000,2024-01-16 02:30:15.000,578208448.0,3965082.0,1175957240.0,228.0,original,229.0,original,231.0,original,4.0,original,0.0,gap_too_large,4.0,original,50.01,original,0.8700999999999999,original,578208448.0,original,3965082.0,original,1175957240.0,original,1019560000.0,original,-113.0,original
683049.0,22.0,2024-01-16 03:00:00,OPMC_LIFT,1019570000.0,229.0,230.0,232.0,4.0,0.0,4.0,50.0,0.8668999999999999,2024-01-16 03:10:11.000,2024-01-16 03:10:11.000,2024-01-16 03:10:11.000,578212038.0,3966685.0,1175968590.0,229.0,original,230.0,original,232.0,original,4.0,original,0.0,gap_too_large,4.0,original,50.0,original,0.8668999999999999,original,578212038.0,original,3966685.0,original,1175968590.0,original,1019570000.0,original,-120.0,original
683141.0,22.0,2024-01-16 03:30:00,OPMC_LIFT,1019570000.0,229.0,230.0,232.0,4.0,0.0,4.0,50.01,0.8698999999999999,2024-01-16 03:30:11.000,2024-01-16 03:30:11.000,2024-01-16 03:30:11.000,578213840.0,3967488.0,1175974283.0,229.0,original,230.0,original,232.0,original,4.0,original,0.0,gap_too_large,4.0,original,50.01,original,0.8698999999999999,original,578213840.0,original,3967488.0,original,1175974283.0,original,1019570000.0,original,-102.0,original
683295.0,22.0,2024-01-16 04:00:00,OPMC_LIFT,1019580000.0,230.0,230.0,232.0,4.0,0.0,4.0,50.05,0.8689999999999999,2024-01-16 04:00:12.000,2024-01-16 04:00:12.000,2024-01-16 04:00:12.000,578216544.0,3968694.0,1175982827.0,230.0,original,230.0,original,232.0,original,4.0,original,0.0,gap_too_large,4.0,original,50.05,original,0.8689999999999999,original,578216544.0,original,3968694.0,original,1175982827.0,original,1019580000.0,original,-123.0,original
683439.0,22.0,2024-01-16 04:30:00,OPMC_LIFT,1019590000.0,229.0,229.0,231.0,4.0,0.0,4.0,50.01,0.8674999999999999,2024-01-16 04:30:14.000,2024-01-16 04:30:14.000,2024-01-16 04:30:14.000,578219242.0,3969898.0,1175991358.0,229.0,original,229.0,original,231.0,original,4.0,original,0.0,gap_too_large,4.0,original,50.01,original,0.8674999999999999,original,578219242.0,original,3969898.0,original,1175991358.0,original,1019590000.0,original,-108.0,original
683571.0,22.0,2024-01-16 05:00:00,OPMC_LIFT,1019600000.0,228.0,229.0,230.0,4.0,0.0,4.0,50.02,0.8710999999999999,2024-01-16 05:00:13.000,2024-01-16 05:00:13.000,2024-01-16 05:00:13.000,578221923.0,3971104.0,1175999848.0,228.0,original,229.0,original,230.0,original,4.0,original,0.0,gap_too_large,4.0,original,50.02,original,0.8710999999999999,original,578221923.0,original,3971104.0,original,1175999848.0,original,1019600000.0,original,-121.0,original
683711.0,22.0,2024-01-16 05:30:00,OPMC_LIFT,1019600000.0,227.0,227.0,229.0,4.0,0.0,4.0,49.98,0.8665999999999999,2024-01-16 05:30:14.000,2024-01-16 05:30:14.000,2024-01-16 05:30:14.000,578224570.0,3972307.0,1176008245.0,227.0,original,227.0,original,229.0,original,4.0,original,0.0,gap_too_large,4.0,original,49.98,original,0.8665999999999999,original,578224570.0,original,3972307.0,original,1176008245.0,original,1019600000.0,original,-120.0,original
683861.0,22.0,2024-01-16 06:00:00,OPMC_LIFT,1019610000.0,226.0,227.0,228.0,4.0,0.0,4.0,50.05,0.8710999999999999,2024-01-16 06:00:16.000,2024-01-16 06:00:16.000,2024-01-16 06:00:16.000,578227184.0,3973507.0,1176016568.0,226.0,original,227.0,original,228.0,original,4.0,original,0.0,gap_too_large,4.0,original,50.05,original,0.8710999999999999,original,578227184.0,original,3973507.0,original,1176016568.0,original,1019610000.0,original,-120.0,original
683999.0,22.0,2024-01-16 06:30:00,OPMC_LIFT,1019620000.0,225.0,225.0,226.0,4.0,0.0,3.0,50.04,0.8715999999999999,2024-01-16 06:30:14.000,2024-01-16 06:30:14.000,2024-01-16 06:30:14.000,578229760.0,3974710.0,1176024801.0,225.0,original,225.0,original,226.0,original,4.0,original,0.0,gap_too_large,3.0,original,50.04,original,0.8715999999999999,original,578229760.0,original,3974710.0,original,1176024801.0,original,1019620000.0,original,-109.0,original
684275.0,22.0,2024-01-16 07:00:00,OPMC_LIFT,1019630000.0,225.0,226.0,227.0,4.0,0.0,4.0,50.07,0.8677999999999999,2024-01-16 07:20:09.000,2024-01-16 07:20:09.000,2024-01-16 07:20:09.000,578234032.0,3976707.0,1176038440.0,225.0,original,226.0,original,227.0,original,4.0,original,0.0,gap_too_large,4.0,original,50.07,original,0.8677999999999999,original,578234032.0,original,3976707.0,original,1176038440.0,original,1019630000.0,original,-108.0,original
684325.0,22.0,2024-01-16 07:30:00,OPMC_LIFT,1019630000.0,224.0,225.0,226.0,4.0,0.0,3.0,50.05,0.8714999999999999,2024-01-16 07:30:09.000,2024-01-16 07:30:09.000,2024-01-16 07:30:09.000,578234880.0,3977107.0,1176041157.0,224.0,original,225.0,original,226.0,original,4.0,original,0.0,gap_too_large,3.0,original,50.05,original,0.8714999999999999,original,578234880.0,original,3977107.0,original,1176041157.0,original,1019630000.0,original,-119.0,original
684473.0,22.0,2024-01-16 08:00:00,OPMC_LIFT,1019640000.0,224.0,225.0,226.0,4.0,0.0,4.0,50.08,0.8707999999999999,2024-01-16 08:00:15.000,2024-01-16 08:00:15.000,2024-01-16 08:00:15.000,578237443.0,3978307.0,1176049345.0,224.0,original,225.0,original,226.0,original,4.0,original,0.0,gap_too_large,4.0,original,50.08,original,0.8707999999999999,original,578237443.0,original,3978307.0,original,1176049345.0,original,1019640000.0,original,-120.0,original
684679.0,22.0,2024-01-16 08:30:00,OPMC_LIFT,1019770000.0,221.0,223.0,224.0,299.0,316.0,318.0,49.98,0.8452999999999999,2024-01-16 08:40:12.000,2024-01-16 08:40:12.000,2024-01-16 08:40:12.000,578335069.0,3979565.0,1176216805.0,221.0,original,223.0,original,224.0,original,299.0,original,316.0,original,318.0,original,49.98,original,0.8452999999999999,original,578335069.0,original,3979565.0,original,1176216805.0,original,1019770000.0,original,-121.0,original
684771.0,22.0,2024-01-16 09:00:00,OPMC_LIFT,1020480000.0,219.0,221.0,223.0,354.0,374.0,376.0,50.07,0.8714999999999999,2024-01-16 09:00:10.000,2024-01-16 09:00:10.000,2024-01-16 09:00:10.000,578736291.0,3979565.0,1177033205.0,219.0,original,221.0,original,223.0,original,354.0,original,374.0,original,376.0,original,50.07,original,0.8714999999999999,original,578736291.0,original,3979565.0,original,1177033205.0,original,1020480000.0,original,-99.0,original
684917.0,22.0,2024-01-16 09:30:00,OPMC_LIFT,1021540000.0,218.0,221.0,222.0,358.0,380.0,380.0,50.09,0.8754,2024-01-16 09:30:09.000,2024-01-16 09:30:09.000,2024-01-16 09:30:09.000,579325920.0,3979565.0,1178244923.0,218.0,original,221.0,original,222.0,original,358.0,original,380.0,original,380.0,original,50.09,original,0.8754,original,579325920.0,original,3979565.0,original,1178244923.0,original,1021540000.0,original,-102.0,original
685069.0,22.0,2024-01-16 10:00:00,OPMC_LIFT,1022600000.0,220.0,222.0,223.0,353.0,374.0,375.0,50.06,0.8723,2024-01-16 10:00:11.000,2024-01-16 10:00:11.000,2024-01-16 10:00:11.000,579915248.0,3979565.0,1179455243.0,220.0,original,222.0,original,223.0,original,353.0,original,374.0,original,375.0,original,50.06,original,0.8723,original,579915248.0,original,3979565.0,original,1179455243.0,original,1022600000.0,original,-102.0,original
685275.0,22.0,2024-01-16 10:30:00,OPMC_LIFT,1024020000.0,219.0,221.0,222.0,347.0,367.0,368.0,49.98,0.8718999999999999,2024-01-16 10:40:11.000,2024-01-16 10:40:11.000,2024-01-16 10:40:11.000,580705398.0,3979565.0,1181079099.0,219.0,original,221.0,original,222.0,original,347.0,original,367.0,original,368.0,original,49.98,original,0.8718999999999999,original,580705398.0,original,3979565.0,original,1181079099.0,original,1024020000.0,original,-119.0,original
685387.0,22.0,2024-01-16 11:00:00,OPMC_LIFT,1024720000.0,219.0,221.0,223.0,354.0,373.0,373.0,50.01,0.8724,2024-01-16 11:00:12.000,2024-01-16 11:00:12.000,2024-01-16 11:00:12.000,581099146.0,3979565.0,1181889246.0,219.0,original,221.0,original,223.0,original,354.0,original,373.0,original,373.0,original,50.01,original,0.8724,original,581099146.0,original,3979565.0,original,1181889246.0,original,1024720000.0,original,-105.0,original
685577.0,22.0,2024-01-16 11:30:00,OPMC_LIFT,1026170000.0,219.0,222.0,223.0,363.0,383.0,383.0,50.0,0.8736999999999999,2024-01-16 11:40:09.000,2024-01-16 11:40:09.000,2024-01-16 11:40:09.000,581899802.0,3979565.0,1183543845.0,219.0,original,222.0,original,223.0,original,363.0,original,383.0,original,383.0,original,50.0,original,0.8736999999999999,original,581899802.0,original,3979565.0,original,1183543845.0,original,1026170000.0,original,-105.0,original
685723.0,22.0,2024-01-16 12:00:00,OPMC_LIFT,1027270000.0,222.0,224.0,225.0,364.0,384.0,385.0,49.99,0.8695999999999999,2024-01-16 12:10:09.000,2024-01-16 12:10:09.000,2024-01-16 12:10:09.000,582515549.0,3979565.0,1184804760.0,222.0,original,224.0,original,225.0,original,364.0,original,384.0,original,385.0,original,49.99,original,0.8695999999999999,original,582515549.0,original,3979565.0,original,1184804760.0,original,1027270000.0,original,-118.0,original
685819.0,22.0,2024-01-16 12:30:00,OPMC_LIFT,1028010000.0,221.0,224.0,225.0,374.0,395.0,396.0,50.02,0.8725999999999999,2024-01-16 12:30:15.000,2024-01-16 12:30:15.000,2024-01-16 12:30:15.000,582931987.0,3979565.0,1185652945.0,221.0,original,224.0,original,225.0,original,374.0,original,395.0,original,396.0,original,50.02,original,0.8725999999999999,original,582931987.0,original,3979565.0,original,1185652945.0,original,1028010000.0,original,-111.0,original
685961.0,22.0,2024-01-16 13:00:00,OPMC_LIFT,1029130000.0,220.0,222.0,223.0,372.0,393.0,394.0,49.95,0.8754,2024-01-16 13:00:11.000,2024-01-16 13:00:11.000,2024-01-16 13:00:11.000,583558470.0,3979565.0,1186940261.0,220.0,original,222.0,original,223.0,original,372.0,original,393.0,original,394.0,original,49.95,original,0.8754,original,583558470.0,original,3979565.0,original,1186940261.0,original,1029130000.0,original,-102.0,original
686115.0,22.0,2024-01-16 13:30:00,OPMC_LIFT,1030250000.0,219.0,222.0,223.0,374.0,395.0,395.0,49.99,0.8757999999999999,2024-01-16 13:30:13.000,2024-01-16 13:30:13.000,2024-01-16 13:30:13.000,584173734.0,3979565.0,1188220113.0,219.0,original,222.0,original,223.0,original,374.0,original,395.0,original,395.0,original,49.99,original,0.8757999999999999,original,584173734.0,original,3979565.0,original,1188220113.0,original,1030250000.0,original,-105.0,original
686277.0,22.0,2024-01-16 14:00:00,OPMC_LIFT,1031380000.0,220.0,222.0,223.0,366.0,386.0,386.0,50.01,0.8733,2024-01-16 14:00:15.000,2024-01-16 14:00:15.000,2024-01-16 14:00:15.000,584795552.0,3979565.0,1189509550.0,220.0,original,222.0,original,223.0,original,366.0,original,386.0,original,386.0,original,50.01,original,0.8733,original,584795552.0,original,3979565.0,original,1189509550.0,original,1031380000.0,original,-107.0,original
686499.0,22.0,2024-01-16 14:30:00,OPMC_LIFT,1032870000.0,220.0,222.0,224.0,365.0,386.0,386.0,50.08,0.8744999999999999,2024-01-16 14:40:12.000,2024-01-16 14:40:12.000,2024-01-16 14:40:12.000,585617802.0,3979565.0,1191208641.0,220.0,original,222.0,original,224.0,original,365.0,original,386.0,original,386.0,original,50.08,original,0.8744999999999999,original,585617802.0,original,3979565.0,original,1191208641.0,original,1032870000.0,original,-121.0,original
686601.0,22.0,2024-01-16 15:00:00,OPMC_LIFT,1033610000.0,221.0,223.0,225.0,364.0,383.0,384.0,50.07,0.8717999999999999,2024-01-16 15:00:08.000,2024-01-16 15:00:08.000,2024-01-16 15:00:08.000,586027341.0,3979565.0,1192052395.0,221.0,original,223.0,original,225.0,original,364.0,original,383.0,original,384.0,original,50.07,original,0.8717999999999999,original,586027341.0,original,3979565.0,original,1192052395.0,original,1033610000.0,original,-119.0,original
686841.0,22.0,2024-01-16 15:30:00,OPMC_LIFT,1035070000.0,221.0,223.0,224.0,357.0,377.0,378.0,49.98,0.8713,2024-01-16 15:40:12.000,2024-01-16 15:40:12.000,2024-01-16 15:40:12.000,586846954.0,3979565.0,1193733445.0,221.0,original,223.0,original,224.0,original,357.0,original,377.0,original,378.0,original,49.98,original,0.8713,original,586846954.0,original,3979565.0,original,1193733445.0,original,1035070000.0,original,-119.0,original
686947.0,22.0,2024-01-16 16:00:00,OPMC_LIFT,1035700000.0,228.0,229.0,230.0,180.5,0.0,191.0,50.0,1.0,2024-01-16 16:00:12.000,2024-01-16 16:00:12.000,2024-01-16 16:00:12.000,587199677.0,3979565.0,1194451326.0,228.0,original,229.0,original,230.0,original,180.5,interpolated,0.0,gap_too_large,191.0,interpolated,50.0,original,1.0,original,587199677.0,original,3979565.0,original,1194451326.0,original,1035700000.0,original,-102.0,original
687115.0,22.0,2024-01-16 16:30:00,OPMC_LIFT,1035700000.0,227.0,228.0,229.0,4.0,0.0,4.0,50.02,0.8722,2024-01-16 16:30:11.000,2024-01-16 16:30:11.000,2024-01-16 16:30:11.000,587200086.0,3979581.0,1194452017.0,227.0,original,228.0,original,229.0,original,4.0,original,0.0,gap_too_large,4.0,original,50.02,original,0.8722,original,587200086.0,original,3979581.0,original,1194452017.0,original,1035700000.0,original,-121.0,original
687257.0,22.0,2024-01-16 17:00:00,OPMC_LIFT,1035710000.0,227.0,228.0,229.0,4.0,0.0,4.0,50.1,0.8689999999999999,2024-01-16 17:00:13.000,2024-01-16 17:00:13.000,2024-01-16 17:00:13.000,587202742.0,3980774.0,1194460433.0,227.0,original,228.0,original,229.0,original,4.0,original,0.0,gap_too_large,4.0,original,50.1,original,0.8689999999999999,original,587202742.0,original,3980774.0,original,1194460433.0,original,1035710000.0,original,-119.0,original
687473.0,22.0,2024-01-16 17:30:00,OPMC_LIFT,1035720000.0,229.0,230.0,231.0,4.0,0.0,4.0,50.05,0.8697999999999999,2024-01-16 17:40:13.000,2024-01-16 17:40:13.000,2024-01-16 17:40:13.000,587206304.0,3982371.0,1194471717.0,229.0,original,230.0,original,231.0,original,4.0,original,0.0,gap_too_large,4.0,original,50.05,original,0.8697999999999999,original,587206304.0,original,3982371.0,original,1194471717.0,original,1035720000.0,original,-103.0,original
687591.0,22.0,2024-01-16 18:00:00,OPMC_LIFT,1035720000.0,228.0,229.0,230.0,4.0,0.0,4.0,50.07,0.8705999999999999,2024-01-16 18:00:14.000,2024-01-16 18:00:14.000,2024-01-16 18:00:14.000,587208093.0,3983168.0,1194477371.0,228.0,original,229.0,original,230.0,original,4.0,original,0.0,gap_too_large,4.0,original,50.07,original,0.8705999999999999,original,587208093.0,original,3983168.0,original,1194477371.0,original,1035720000.0,original,-118.0,original
687727.0,22.0,2024-01-16 18:30:00,OPMC_LIFT,1035730000.0,228.0,229.0,230.0,4.0,0.0,4.0,50.06,0.8692,2024-01-16 18:30:10.000,2024-01-16 18:30:10.000,2024-01-16 18:30:10.000,587210762.0,3984362.0,1194485825.0,228.0,original,229.0,original,230.0,original,4.0,original,0.0,gap_too_large,4.0,original,50.06,original,0.8692,original,587210762.0,original,3984362.0,original,1194485825.0,original,1035730000.0,original,-120.0,original
687861.0,22.0,2024-01-16 19:00:00,OPMC_LIFT,1035740000.0,229.0,229.0,230.0,4.0,0.0,4.0,50.05,0.8682,2024-01-16 19:00:07.000,2024-01-16 19:00:07.000,2024-01-16 19:00:07.000,587213427.0,3985555.0,1194494273.0,229.0,original,229.0,original,230.0,original,4.0,original,0.0,gap_too_large,4.0,original,50.05,original,0.8682,original,587213427.0,original,3985555.0,original,1194494273.0,original,1035740000.0,original,-117.0,original
687861.0,,2024-01-16 19:30:00,OPMC_LIFT,1035745000.0,227.5,228.0,229.0,4.0,0.0,4.0,50.04,0.8687499999999999,,,,587216020.5,3986744.0,1194502543.5,227.5,interpolated,228.0,interpolated,229.0,interpolated,4.0,interpolated,0.0,gap_too_large,4.0,interpolated,50.04,interpolated,0.8687499999999999,interpolated,587216020.5,interpolated,3986744.0,interpolated,1194502543.5,interpolated,1035745000.0,interpolated,-110.0,interpolated
688199.0,22.0,2024-01-16 20:00:00,OPMC_LIFT,1035750000.0,226.0,227.0,228.0,4.0,0.0,4.0,50.03,0.8693,2024-01-16 20:00:14.000,2024-01-16 20:00:14.000,2024-01-16 20:00:14.000,587218614.0,3987933.0,1194510814.0,226.0,original,227.0,original,228.0,original,4.0,original,0.0,gap_too_large,4.0,original,50.03,original,0.8693,original,587218614.0,original,3987933.0,original,1194510814.0,original,1035750000.0,original,-103.0,original
688401.0,22.0,2024-01-16 20:30:00,OPMC_LIFT,1035760000.0,227.0,227.0,228.0,4.0,0.0,4.0,50.02,0.8694,2024-01-16 20:40:11.000,2024-01-16 20:40:11.000,2024-01-16 20:40:11.000,587222083.0,3989520.0,1194521877.0,227.0,original,227.0,original,228.0,original,4.0,original,0.0,gap_too_large,4.0,original,50.02,original,0.8694,original,587222083.0,original,3989520.0,original,1194521877.0,original,1035760000.0,original,-103.0,original
688521.0,22.0,2024-01-16 21:00:00,OPMC_LIFT,1035760000.0,227.0,227.0,229.0,4.0,0.0,4.0,49.97,0.8684,2024-01-16 21:00:15.000,2024-01-16 21:00:15.000,2024-01-16 21:00:15.000,587223827.0,3990314.0,1194527432.0,227.0,original,227.0,original,229.0,original,4.0,original,0.0,gap_too_large,4.0,original,49.97,original,0.8684,original,587223827.0,original,3990314.0,original,1194527432.0,original,1035760000.0,original,-103.0,original
688669.0,22.0,2024-01-16 21:30:00,OPMC_LIFT,1035770000.0,228.0,228.0,230.0,4.0,0.0,4.0,50.03,0.8687999999999999,2024-01-16 21:30:14.000,2024-01-16 21:30:14.000,2024-01-16 21:30:14.000,587226464.0,3991507.0,1194535809.0,228.0,original,228.0,original,230.0,original,4.0,original,0.0,gap_too_large,4.0,original,50.03,original,0.8687999999999999,original,587226464.0,original,3991507.0,original,1194535809.0,original,1035770000.0,original,-120.0,original
688879.0,22.0,2024-01-16 22:00:00,OPMC_LIFT,1035780000.0,229.0,229.0,231.0,4.0,0.0,4.0,50.02,0.8702,2024-01-16 22:10:14.000,2024-01-16 22:10:14.000,2024-01-16 22:10:14.000,587230019.0,3993101.0,1194547077.0,229.0,original,229.0,original,231.0,original,4.0,original,0.0,gap_too_large,4.0,original,50.02,original,0.8702,original,587230019.0,original,3993101.0,original,1194547077.0,original,1035780000.0,original,-101.0,original
688993.0,22.0,2024-01-16 22:30:00,OPMC_LIFT,1035790000.0,229.0,230.0,231.0,4.0,0.0,4.0,49.96,0.8672,2024-01-16 22:30:14.000,2024-01-16 22:30:14.000,2024-01-16 22:30:14.000,587231811.0,3993898.0,1194552750.0,229.0,original,230.0,original,231.0,original,4.0,original,0.0,gap_too_large,4.0,original,49.96,original,0.8672,original,587231811.0,original,3993898.0,original,1194552750.0,original,1035790000.0,original,-121.0,original
689181.0,22.0,2024-01-16 23:00:00,OPMC_LIFT,1035790000.0,230.0,231.0,232.0,4.0,0.0,4.0,50.03,0.8722,2024-01-16 23:00:11.000,2024-01-16 23:00:11.000,2024-01-16 23:00:11.000,587234522.0,3995094.0,1194561310.0,230.0,original,231.0,original,232.0,original,4.0,original,0.0,gap_too_large,4.0,original,50.03,original,0.8722,original,587234522.0,original,3995094.0,original,1194561310.0,original,1035790000.0,original,-123.0,original
689373.0,22.0,2024-01-16 23:30:00,OPMC_LIFT,1035800000.0,229.0,229.0,231.0,4.0,0.0,4.0,50.0,0.8704999999999999,2024-01-16 23:40:14.000,2024-01-16 23:40:14.000,2024-01-16 23:40:14.000,587238106.0,3996688.0,1194572651.0,229.0,original,229.0,original,231.0,original,4.0,original,0.0,gap_too_large,4.0,original,50.0,original,0.8704999999999999,original,587238106.0,original,3996688.0,original,1194572651.0,original,1035800000.0,original,-121.0,original
689373.0,,2024-01-17 00:00:00,OPMC_LIFT,1035810000.0,229.0,229.5,231.0,4.0,0.0,4.0,50.015,0.8695999999999999,,,,587240350.5,3997685.0,1194579748.5,229.0,interpolated,229.5,interpolated,231.0,interpolated,4.0,interpolated,0.0,gap_too_large,4.0,interpolated,50.015,interpolated,0.8695999999999999,interpolated,587240350.5,interpolated,3997685.0,interpolated,1194579748.5,interpolated,1035810000.0,interpolated,-121.0,interpolated
689639.0,22.0,2024-01-17 00:30:00,OPMC_LIFT,1035820000.0,229.0,230.0,231.0,4.0,0.0,4.0,50.03,0.8686999999999999,2024-01-17 00:30:12.000,2024-01-17 00:30:12.000,2024-01-17 00:30:12.000,587242595.0,3998682.0,1194586846.0,229.0,original,230.0,original,231.0,original,4.0,original,0.0,gap_too_large,4.0,original,50.03,original,0.8686999999999999,original,587242595.0,original,3998682.0,original,1194586846.0,original,1035820000.0,original,-121.0,original
689803.0,22.0,2024-01-17 01:00:00,OPMC_LIFT,1035820000.0,229.0,230.0,231.0,4.0,0.0,4.0,49.98,0.8707999999999999,2024-01-17 01:00:13.000,2024-01-17 01:00:13.000,2024-01-17 01:00:13.000,587245293.0,3999875.0,1194595371.0,229.0,original,230.0,original,231.0,original,4.0,original,0.0,gap_too_large,4.0,original,49.98,original,0.8707999999999999,original,587245293.0,original,3999875.0,original,1194595371.0,original,1035820000.0,original,-120.0,original
689961.0,22.0,2024-01-17 01:30:00,OPMC_LIFT,1035830000.0,229.0,230.0,232.0,4.0,0.0,4.0,49.99,0.8682,2024-01-17 01:30:09.000,2024-01-17 01:30:09.000,2024-01-17 01:30:09.000,587247994.0,4001072.0,1194603912.0,229.0,original,230.0,original,232.0,original,4.0,original,0.0,gap_too_large,4.0,original,49.99,original,0.8682,original,587247994.0,original,4001072.0,original,1194603912.0,original,1035830000.0,original,-107.0,original
690185.0,22.0,2024-01-17 02:00:00,OPMC_LIFT,1035840000.0,230.0,230.0,232.0,4.0,0.0,4.0,50.02,0.8656999999999999,2024-01-17 02:00:14.000,2024-01-17 02:00:14.000,2024-01-17 02:00:14.000,587250710.0,4002269.0,1194612488.0,230.0,original,230.0,original,232.0,original,4.0,original,0.0,gap_too_large,4.0,original,50.02,original,0.8656999999999999,original,587250710.0,original,4002269.0,original,1194612488.0,original,1035840000.0,original,-121.0,original
690185.0,,2024-01-17 02:30:00,OPMC_LIFT,1035850000.0,229.5,229.5,231.5,4.0,0.0,4.0,50.035,0.8673999999999998,,,,587253876.5,4003669.0,1194622486.5,229.5,interpolated,229.5,interpolated,231.5,interpolated,4.0,interpolated,0.0,gap_too_large,4.0,interpolated,50.035,interpolated,0.8673999999999998,interpolated,587253876.5,interpolated,4003669.0,interpolated,1194622486.5,interpolated,1035850000.0,interpolated,-112.0,interpolated
690701.0,22.0,2024-01-17 03:00:00,OPMC_LIFT,1035860000.0,229.0,229.0,231.0,4.0,0.0,4.0,50.05,0.8690999999999999,2024-01-17 03:10:10.000,2024-01-17 03:10:10.000,2024-01-17 03:10:10.000,587257043.0,4005069.0,1194632485.0,229.0,original,229.0,original,231.0,original,4.0,original,0.0,gap_too_large,4.0,original,50.05,original,0.8690999999999999,original,587257043.0,original,4005069.0,original,1194632485.0,original,1035860000.0,original,-103.0,original
690863.0,22.0,2024-01-17 03:30:00,OPMC_LIFT,1035860000.0,229.0,229.0,231.0,4.0,0.0,4.0,50.05,0.8688999999999999,2024-01-17 03:30:12.000,2024-01-17 03:30:12.000,2024-01-17 03:30:12.000,587258829.0,4005869.0,1194638142.0,229.0,original,229.0,original,231.0,original,4.0,original,0.0,gap_too_large,4.0,original,50.05,original,0.8688999999999999,original,587258829.0,original,4005869.0,original,1194638142.0,original,1035860000.0,original,-120.0,original
691244.0,22.0,2024-01-17 04:00:00,OPMC_LIFT,1035870000.0,228.0,229.0,230.0,4.0,0.0,4.0,49.95,0.8693,2024-01-17 04:20:10.000,2024-01-17 04:20:10.000,2024-01-17 04:20:10.000,587263293.0,4007869.0,1194652286.0,228.0,original,229.0,original,230.0,original,4.0,original,0.0,gap_too_large,4.0,original,49.95,original,0.8693,original,587263293.0,original,4007869.0,original,1194652286.0,original,1035870000.0,original,-107.0,original
691313.0,22.0,2024-01-17 04:30:00,OPMC_LIFT,1035880000.0,228.0,229.0,230.0,4.0,0.0,4.0,50.04,0.8673,2024-01-17 04:30:10.000,2024-01-17 04:30:10.000,2024-01-17 04:30:10.000,587264182.0,4008266.0,1194655105.0,228.0,original,229.0,original,230.0,original,4.0,original,0.0,gap_too_large,4.0,original,50.04,original,0.8673,original,587264182.0,original,4008266.0,original,1194655105.0,original,1035880000.0,original,-119.0,original
691565.0,22.0,2024-01-17 05:00:00,OPMC_LIFT,1035880000.0,228.0,228.0,230.0,4.0,0.0,4.0,49.99,0.8677999999999999,2024-01-17 05:00:13.000,2024-01-17 05:00:13.000,2024-01-17 05:00:13.000,587266842.0,4009462.0,1194663541.0,228.0,original,228.0,original,230.0,original,4.0,original,0.0,gap_too_large,4.0,original,49.99,original,0.8677999999999999,original,587266842.0,original,4009462.0,original,1194663541.0,original,1035880000.0,original,-120.0,original
691814.0,22.0,2024-01-17 05:30:00,OPMC_LIFT,1035890000.0,227.0,227.0,229.0,4.0,0.0,4.0,50.04,0.8689999999999999,2024-01-17 05:30:15.000,2024-01-17 05:30:15.000,2024-01-17 05:30:15.000,587269475.0,4010659.0,1194671902.0,227.0,original,227.0,original,229.0,original,4.0,original,0.0,gap_too_large,4.0,original,50.04,original,0.8689999999999999,original,587269475.0,original,4010659.0,original,1194671902.0,original,1035890000.0,original,-120.0,original
692042.0,22.0,2024-01-17 06:00:00,OPMC_LIFT,1035900000.0,226.0,226.0,228.0,4.0,0.0,4.0,50.04,0.8686999999999999,2024-01-17 06:00:13.000,2024-01-17 06:00:13.000,2024-01-17 06:00:13.000,587272080.0,4011856.0,1194680206.0,226.0,original,226.0,original,228.0,original,4.0,original,0.0,gap_too_large,4.0,original,50.04,original,0.8686999999999999,original,587272080.0,original,4011856.0,original,1194680206.0,original,1035900000.0,original,-112.0,original
692285.0,22.0,2024-01-17 06:30:00,OPMC_LIFT,1035900000.0,232.0,233.0,233.0,4.0,0.0,4.0,50.0,1.0,2024-01-17 06:30:11.000,2024-01-17 06:30:11.000,2024-01-17 06:30:11.000,587273629.0,4012566.0,1194685147.0,232.0,original,233.0,original,233.0,original,4.0,interpolated,0.0,gap_too_large,4.0,interpolated,50.0,original,1.0,original,587273629.0,original,4012566.0,original,1194685147.0,original,1035900000.0,original,-106.0,original
692285.0,,2024-01-17 07:00:00,OPMC_LIFT,1035905000.0,229.0,230.0,230.5,4.0,0.0,4.0,50.045,0.93415,,,,587275141.0,4013216.0,1194689814.0,229.0,interpolated,230.0,interpolated,230.5,interpolated,4.0,interpolated,0.0,gap_too_large,4.0,interpolated,50.045,interpolated,0.93415,interpolated,587275141.0,interpolated,4013216.0,interpolated,1194689814.0,interpolated,1035905000.0,interpolated,-114.5,interpolated
692783.0,22.0,2024-01-17 07:30:00,OPMC_LIFT,1035910000.0,226.0,227.0,228.0,4.0,0.0,4.0,50.09,0.8683,2024-01-17 07:40:10.000,2024-01-17 07:40:10.000,2024-01-17 07:40:10.000,587276653.0,4013866.0,1194694481.0,226.0,original,227.0,original,228.0,original,4.0,original,0.0,gap_too_large,4.0,original,50.09,original,0.8683,original,587276653.0,original,4013866.0,original,1194694481.0,original,1035910000.0,original,-123.0,original
692951.0,22.0,2024-01-17 08:00:00,OPMC_LIFT,1035910000.0,224.0,225.0,226.0,4.0,0.0,3.0,50.05,0.8707999999999999,2024-01-17 08:00:14.000,2024-01-17 08:00:14.000,2024-01-17 08:00:14.000,587278365.0,4014662.0,1194699957.0,224.0,original,225.0,original,226.0,original,4.0,original,0.0,gap_too_large,3.0,original,50.05,original,0.8707999999999999,original,587278365.0,original,4014662.0,original,1194699957.0,original,1035910000.0,original,-102.0,original
693170.0,22.0,2024-01-17 08:30:00,OPMC_LIFT,1035920000.0,223.0,224.0,226.0,4.0,397.0,3.0,50.02,0.8727999999999999,2024-01-17 08:30:13.000,2024-01-17 08:30:13.000,2024-01-17 08:30:13.000,587280915.0,4015856.0,1194708113.0,223.0,original,224.0,original,226.0,original,4.0,original,397.0,original,3.0,original,50.02,original,0.8727999999999999,original,587280915.0,original,4015856.0,original,1194708113.0,original,1035920000.0,original,-111.0,original
693440.0,22.0,2024-01-17 09:00:00,OPMC_LIFT,1037100000.0,221.0,223.0,224.0,199.0,207.0,210.0,50.05,0.8623999999999999,2024-01-17 09:10:11.000,2024-01-17 09:10:11.000,2024-01-17 09:10:11.000,587966848.0,4015901.0,1196077025.0,221.0,original,223.0,original,224.0,original,199.0,original,207.0,original,210.0,original,50.05,original,0.8623999999999999,original,587966848.0,original,4015901.0,original,1196077025.0,original,1037100000.0,original,-120.0,original
693599.0,22.0,2024-01-17 09:30:00,OPMC_LIFT,1037570000.0,221.0,223.0,224.0,204.0,210.0,213.0,50.06,0.8736999999999999,2024-01-17 09:30:17.000,2024-01-17 09:30:17.000,2024-01-17 09:30:17.000,588245363.0,4015901.0,1196623253.0,221.0,original,223.0,original,224.0,original,204.0,original,210.0,original,213.0,original,50.06,original,0.8736999999999999,original,588245363.0,original,4015901.0,original,1196623253.0,original,1037570000.0,original,-119.0,original
693884.0,22.0,2024-01-17 10:00:00,OPMC_LIFT,1038520000.0,222.0,224.0,225.0,200.0,206.0,209.0,50.06,0.8708999999999999,2024-01-17 10:10:14.000,2024-01-17 10:10:14.000,2024-01-17 10:10:14.000,588831798.0,4015901.0,1197743057.0,222.0,original,224.0,original,225.0,original,200.0,original,206.0,original,209.0,original,50.06,original,0.8708999999999999,original,588831798.0,original,4015901.0,original,1197743057.0,original,1038520000.0,original,-121.0,original
694034.0,22.0,2024-01-17 10:30:00,OPMC_LIFT,1039010000.0,223.0,224.0,225.0,144.0,149.0,152.0,49.99,0.8334999999999999,2024-01-17 10:30:15.000,2024-01-17 10:30:15.000,2024-01-17 10:30:15.000,589127734.0,4015901.0,1198308517.0,223.0,original,224.0,original,225.0,original,144.0,original,149.0,original,152.0,original,49.99,original,0.8334999999999999,original,589127734.0,original,4015901.0,original,1198308517.0,original,1039010000.0,original,-119.0,original
694253.0,22.0,2024-01-17 11:00:00,OPMC_LIFT,1039740000.0,222.0,223.0,225.0,198.0,206.0,207.0,50.01,0.8622,2024-01-17 11:00:17.000,2024-01-17 11:00:17.000,2024-01-17 11:00:17.000,589572493.0,4015901.0,1199165448.0,222.0,original,223.0,original,225.0,original,198.0,original,206.0,original,207.0,original,50.01,original,0.8622,original,589572493.0,original,4015901.0,original,1199165448.0,original,1039740000.0,original,-111.0,original
694427.0,22.0,2024-01-17 11:30:00,OPMC_LIFT,1040430000.0,221.0,223.0,224.0,278.0,295.0,295.0,49.95,0.8373999999999999,2024-01-17 11:30:14.000,2024-01-17 11:30:14.000,2024-01-17 11:30:14.000,590002496.0,4015901.0,1199980059.0,221.0,original,223.0,original,224.0,original,278.0,original,295.0,original,295.0,original,49.95,original,0.8373999999999999,original,590002496.0,original,4015901.0,original,1199980059.0,original,1040430000.0,original,-104.0,original
694637.0,22.0,2024-01-17 12:00:00,OPMC_LIFT,1041050000.0,226.0,227.0,229.0,195.0,201.0,204.0,50.05,0.6990999999999999,2024-01-17 12:00:11.000,2024-01-17 12:00:11.000,2024-01-17 12:00:11.000,590406973.0,4015901.0,1200721928.0,226.0,original,227.0,original,229.0,original,195.0,original,201.0,original,204.0,original,50.05,original,0.6990999999999999,original,590406973.0,original,4015901.0,original,1200721928.0,original,1041050000.0,original,-102.0,original
694913.0,22.0,2024-01-17 12:30:00,OPMC_LIFT,1041920000.0,224.0,225.0,227.0,196.0,202.0,205.0,49.94,0.8686999999999999,2024-01-17 12:40:13.000,2024-01-17 12:40:13.000,2024-01-17 12:40:13.000,590951331.0,4015901.0,1201749166.0,224.0,original,225.0,original,227.0,original,196.0,original,202.0,original,205.0,original,49.94,original,0.8686999999999999,original,590951331.0,original,4015901.0,original,1201749166.0,original,1041920000.0,original,-103.0,original
695051.0,22.0,2024-01-17 13:00:00,OPMC_LIFT,1042300000.0,224.0,225.0,226.0,189.0,195.0,198.0,49.97,0.8658999999999999,2024-01-17 13:00:14.000,2024-01-17 13:00:14.000,2024-01-17 13:00:14.000,591170474.0,4015901.0,1202188005.0,224.0,original,225.0,original,226.0,original,189.0,original,195.0,original,198.0,original,49.97,original,0.8658999999999999,original,591170474.0,original,4015901.0,original,1202188005.0,original,1042300000.0,original,-120.0,original
695264.0,22.0,2024-01-17 13:30:00,OPMC_LIFT,1042870000.0,221.0,223.0,224.0,194.0,199.0,201.0,49.99,0.8714999999999999,2024-01-17 13:30:13.000,2024-01-17 13:30:13.000,2024-01-17 13:30:13.000,591494486.0,4015901.0,1202846715.0,221.0,original,223.0,original,224.0,original,194.0,original,199.0,original,201.0,original,49.99,original,0.8714999999999999,original,591494486.0,original,4015901.0,original,1202846715.0,original,1042870000.0,original,-119.0,original
695504.0,22.0,2024-01-17 14:00:00,OPMC_LIFT,1043450000.0,222.0,223.0,224.0,195.0,199.0,202.0,50.04,0.8715999999999999,2024-01-17 14:00:13.000,2024-01-17 14:00:13.000,2024-01-17 14:00:13.000,591819213.0,4015901.0,1203510917.0,222.0,original,223.0,original,224.0,original,195.0,original,199.0,original,202.0,original,50.04,original,0.8715999999999999,original,591819213.0,original,4015901.0,original,1203510917.0,original,1043450000.0,original,-121.0,original
695504.0,,2024-01-17 14:30:00,OPMC_LIFT,0.0,0.0,0.0,0.0,0.0,0.0,0.0,0.0,0.0,,,,0.0,0.0,0.0,0.0,gap_too_large,0.0,gap_too_large,0.0,gap_too_large,0.0,gap_too_large,0.0,gap_too_large,0.0,gap_too_large,0.0,gap_too_large,0.0,gap_too_large,0.0,gap_too_large,0.0,gap_too_large,0.0,gap_too_large,0.0,gap_too_large,0.0,gap_too_large
695504.0,,2024-01-17 15:00:00,OPMC_LIFT,0.0,0.0,0.0,0.0,0.0,0.0,0.0,0.0,0.0,,,,0.0,0.0,0.0,0.0,gap_too_large,0.0,gap_too_large,0.0,gap_too_large,0.0,gap_too_large,0.0,gap_too_large,0.0,gap_too_large,0.0,gap_too_large,0.0,gap_too_large,0.0,gap_too_large,0.0,gap_too_large,0.0,gap_too_large,0.0,gap_too_large,0.0,gap_too_large
695504.0,,2024-01-17 15:30:00,OPMC_LIFT,0.0,0.0,0.0,0.0,0.0,0.0,0.0,0.0,0.0,,,,0.0,0.0,0.0,0.0,gap_too_large,0.0,gap_too_large,0.0,gap_too_large,0.0,gap_too_large,0.0,gap_too_large,0.0,gap_too_large,0.0,gap_too_large,0.0,gap_too_large,0.0,gap_too_large,0.0,gap_too_large,0.0,gap_too_large,0.0,gap_too_large,0.0,gap_too_large
695504.0,,2024-01-17 16:00:00,OPMC_LIFT,0.0,0.0,0.0,0.0,0.0,0.0,0.0,0.0,0.0,,,,0.0,0.0,0.0,0.0,gap_too_large,0.0,gap_too_large,0.0,gap_too_large,0.0,gap_too_large,0.0,gap_too_large,0.0,gap_too_large,0.0,gap_too_large,0.0,gap_too_large,0.0,gap_too_large,0.0,gap_too_large,0.0,gap_too_large,0.0,gap_too_large,0.0,gap_too_large
695504.0,,2024-01-17 16:30:00,OPMC_LIFT,0.0,0.0,0.0,0.0,0.0,0.0,0.0,0.0,0.0,,,,0.0,0.0,0.0,0.0,gap_too_large,0.0,gap_too_large,0.0,gap_too_large,0.0,gap_too_large,0.0,gap_too_large,0.0,gap_too_large,0.0,gap_too_large,0.0,gap_too_large,0.0,gap_too_large,0.0,gap_too_large,0.0,gap_too_large,0.0,gap_too_large,0.0,gap_too_large
695504.0,,2024-01-17 17:00:00,OPMC_LIFT,0.0,0.0,0.0,0.0,0.0,0.0,0.0,0.0,0.0,,,,0.0,0.0,0.0,0.0,gap_too_large,0.0,gap_too_large,0.0,gap_too_large,0.0,gap_too_large,0.0,gap_too_large,0.0,gap_too_large,0.0,gap_too_large,0.0,gap_too_large,0.0,gap_too_large,0.0,gap_too_large,0.0,gap_too_large,0.0,gap_too_large,0.0,gap_too_large
695504.0,,2024-01-17 17:30:00,OPMC_LIFT,0.0,0.0,0.0,0.0,0.0,0.0,0.0,0.0,0.0,,,,0.0,0.0,0.0,0.0,gap_too_large,0.0,gap_too_large,0.0,gap_too_large,0.0,gap_too_large,0.0,gap_too_large,0.0,gap_too_large,0.0,gap_too_large,0.0,gap_too_large,0.0,gap_too_large,0.0,gap_too_large,0.0,gap_too_large,0.0,gap_too_large,0.0,gap_too_large
695504.0,,2024-01-17 18:00:00,OPMC_LIFT,0.0,0.0,0.0,0.0,0.0,0.0,0.0,0.0,0.0,,,,0.0,0.0,0.0,0.0,gap_too_large,0.0,gap_too_large,0.0,gap_too_large,0.0,gap_too_large,0.0,gap_too_large,0.0,gap_too_large,0.0,gap_too_large,0.0,gap_too_large,0.0,gap_too_large,0.0,gap_too_large,0.0,gap_too_large,0.0,gap_too_large,0.0,gap_too_large
695504.0,,2024-01-17 18:30:00,OPMC_LIFT,0.0,0.0,0.0,0.0,0.0,0.0,0.0,0.0,0.0,,,,0.0,0.0,0.0,0.0,gap_too_large,0.0,gap_too_large,0.0,gap_too_large,0.0,gap_too_large,0.0,gap_too_large,0.0,gap_too_large,0.0,gap_too_large,0.0,gap_too_large,0.0,gap_too_large,0.0,gap_too_large,0.0,gap_too_large,0.0,gap_too_large,0.0,gap_too_large
695504.0,,2024-01-17 19:00:00,OPMC_LIFT,0.0,0.0,0.0,0.0,0.0,0.0,0.0,0.0,0.0,,,,0.0,0.0,0.0,0.0,gap_too_large,0.0,gap_too_large,0.0,gap_too_large,0.0,gap_too_large,0.0,gap_too_large,0.0,gap_too_large,0.0,gap_too_large,0.0,gap_too_large,0.0,gap_too_large,0.0,gap_too_large,0.0,gap_too_large,0.0,gap_too_large,0.0,gap_too_large
695504.0,,2024-01-17 19:30:00,OPMC_LIFT,0.0,0.0,0.0,0.0,0.0,0.0,0.0,0.0,0.0,,,,0.0,0.0,0.0,0.0,gap_too_large,0.0,gap_too_large,0.0,gap_too_large,0.0,gap_too_large,0.0,gap_too_large,0.0,gap_too_large,0.0,gap_too_large,0.0,gap_too_large,0.0,gap_too_large,0.0,gap_too_large,0.0,gap_too_large,0.0,gap_too_large,0.0,gap_too_large
695504.0,,2024-01-17 20:00:00,OPMC_LIFT,0.0,0.0,0.0,0.0,0.0,0.0,0.0,0.0,0.0,,,,0.0,0.0,0.0,0.0,gap_too_large,0.0,gap_too_large,0.0,gap_too_large,0.0,gap_too_large,0.0,gap_too_large,0.0,gap_too_large,0.0,gap_too_large,0.0,gap_too_large,0.0,gap_too_large,0.0,gap_too_large,0.0,gap_too_large,0.0,gap_too_large,0.0,gap_too_large
695504.0,,2024-01-17 20:30:00,OPMC_LIFT,0.0,0.0,0.0,0.0,0.0,0.0,0.0,0.0,0.0,,,,0.0,0.0,0.0,0.0,gap_too_large,0.0,gap_too_large,0.0,gap_too_large,0.0,gap_too_large,0.0,gap_too_large,0.0,gap_too_large,0.0,gap_too_large,0.0,gap_too_large,0.0,gap_too_large,0.0,gap_too_large,0.0,gap_too_large,0.0,gap_too_large,0.0,gap_too_large
695504.0,,2024-01-17 21:00:00,OPMC_LIFT,0.0,0.0,0.0,0.0,0.0,0.0,0.0,0.0,0.0,,,,0.0,0.0,0.0,0.0,gap_too_large,0.0,gap_too_large,0.0,gap_too_large,0.0,gap_too_large,0.0,gap_too_large,0.0,gap_too_large,0.0,gap_too_large,0.0,gap_too_large,0.0,gap_too_large,0.0,gap_too_large,0.0,gap_too_large,0.0,gap_too_large,0.0,gap_too_large
695504.0,,2024-01-17 21:30:00,OPMC_LIFT,0.0,0.0,0.0,0.0,0.0,0.0,0.0,0.0,0.0,,,,0.0,0.0,0.0,0.0,gap_too_large,0.0,gap_too_large,0.0,gap_too_large,0.0,gap_too_large,0.0,gap_too_large,0.0,gap_too_large,0.0,gap_too_large,0.0,gap_too_large,0.0,gap_too_large,0.0,gap_too_large,0.0,gap_too_large,0.0,gap_too_large,0.0,gap_too_large
695504.0,,2024-01-17 22:00:00,OPMC_LIFT,0.0,0.0,0.0,0.0,0.0,0.0,0.0,0.0,0.0,,,,0.0,0.0,0.0,0.0,gap_too_large,0.0,gap_too_large,0.0,gap_too_large,0.0,gap_too_large,0.0,gap_too_large,0.0,gap_too_large,0.0,gap_too_large,0.0,gap_too_large,0.0,gap_too_large,0.0,gap_too_large,0.0,gap_too_large,0.0,gap_too_large,0.0,gap_too_large
699395.0,22.0,2024-01-17 22:30:00,OPMC_LIFT,1045550000.0,229.0,229.0,231.0,4.0,0.0,4.0,50.08,0.8664,2024-01-17 22:35:17.000,2024-01-17 22:35:17.000,2024-01-17 22:35:17.000,592989699.0,4031110.0,1205927931.0,229.0,original,229.0,original,231.0,original,4.0,original,0.0,gap_too_large,4.0,original,50.08,original,0.8664,original,592989699.0,original,4031110.0,original,1205927931.0,original,1045550000.0,original,-109.0,original
699734.0,22.0,2024-01-17 23:00:00,OPMC_LIFT,1045560000.0,227.0,228.0,229.0,4.0,0.0,4.0,50.03,0.8663,2024-01-17 23:20:12.000,2024-01-17 23:20:12.000,2024-01-17 23:20:12.000,592993709.0,4032906.0,1205940587.0,227.0,original,228.0,original,229.0,original,4.0,original,0.0,gap_too_large,4.0,original,50.03,original,0.8663,original,592993709.0,original,4032906.0,original,1205940587.0,original,1045560000.0,original,-107.0,original
699812.0,22.0,2024-01-17 23:30:00,OPMC_LIFT,1045570000.0,227.0,227.0,229.0,4.0,0.0,4.0,49.96,0.8663,2024-01-17 23:30:13.000,2024-01-17 23:30:13.000,2024-01-17 23:30:13.000,592994589.0,4033306.0,1205943374.0,227.0,original,227.0,original,229.0,original,4.0,original,0.0,gap_too_large,4.0,original,49.96,original,0.8663,original,592994589.0,original,4033306.0,original,1205943374.0,original,1045570000.0,original,-120.0,original
700016.0,22.0,2024-01-18 00:00:00,OPMC_LIFT,1045570000.0,228.0,228.0,230.0,4.0,0.0,4.0,50.06,0.8695999999999999,2024-01-18 00:00:16.000,2024-01-18 00:00:16.000,2024-01-18 00:00:16.000,592997238.0,4034506.0,1205951765.0,228.0,original,228.0,original,230.0,original,4.0,original,0.0,gap_too_large,4.0,original,50.06,original,0.8695999999999999,original,592997238.0,original,4034506.0,original,1205951765.0,original,1045570000.0,original,-121.0,original
700292.0,22.0,2024-01-18 00:30:00,OPMC_LIFT,1045580000.0,229.0,229.0,231.0,4.0,0.0,4.0,50.04,0.8678999999999999,2024-01-18 00:40:12.000,2024-01-18 00:40:12.000,2024-01-18 00:40:12.000,593000803.0,4036106.0,1205963029.0,229.0,original,229.0,original,231.0,original,4.0,original,0.0,gap_too_large,4.0,original,50.04,original,0.8678999999999999,original,593000803.0,original,4036106.0,original,1205963029.0,original,1045580000.0,original,-105.0,original
700379.0,22.0,2024-01-18 01:00:00,OPMC_LIFT,1045590000.0,229.0,229.0,231.0,4.0,0.0,4.0,50.0,0.8678999999999999,2024-01-18 01:00:09.000,2024-01-18 01:00:09.000,2024-01-18 01:00:09.000,593002598.0,4036906.0,1205968686.0,229.0,original,229.0,original,231.0,original,4.0,original,0.0,gap_too_large,4.0,original,50.0,original,0.8678999999999999,original,593002598.0,original,4036906.0,original,1205968686.0,original,1045590000.0,original,-100.0,original
700667.0,22.0,2024-01-18 01:30:00,OPMC_LIFT,1045600000.0,229.0,229.0,231.0,4.0,0.0,4.0,50.05,0.8662,2024-01-18 01:30:10.000,2024-01-18 01:30:10.000,2024-01-18 01:30:10.000,593005296.0,4038102.0,1205977192.0,229.0,original,229.0,original,231.0,original,4.0,original,0.0,gap_too_large,4.0,original,50.05,original,0.8662,original,593005296.0,original,4038102.0,original,1205977192.0,original,1045600000.0,original,-121.0,original
700979.0,22.0,2024-01-18 02:00:00,OPMC_LIFT,1045600000.0,230.0,230.0,232.0,4.0,0.0,4.0,50.05,0.8688999999999999,2024-01-18 02:00:12.000,2024-01-18 02:00:12.000,2024-01-18 02:00:12.000,593008003.0,4039302.0,1205985717.0,230.0,original,230.0,original,232.0,original,4.0,original,0.0,gap_too_large,4.0,original,50.05,original,0.8688999999999999,original,593008003.0,original,4039302.0,original,1205985717.0,original,1045600000.0,original,-105.0,original
701259.0,22.0,2024-01-18 02:30:00,OPMC_LIFT,1045610000.0,230.0,230.0,232.0,4.0,0.0,4.0,49.96,0.8663,2024-01-18 02:30:11.000,2024-01-18 02:30:11.000,2024-01-18 02:30:11.000,593010720.0,4040502.0,1205994273.0,230.0,original,230.0,original,232.0,original,4.0,original,0.0,gap_too_large,4.0,original,49.96,original,0.8663,original,593010720.0,original,4040502.0,original,1205994273.0,original,1045610000.0,original,-121.0,original
701535.0,22.0,2024-01-18 03:00:00,OPMC_LIFT,1045620000.0,230.0,230.0,232.0,4.0,0.0,4.0,50.05,0.8703,2024-01-18 03:00:12.000,2024-01-18 03:00:12.000,2024-01-18 03:00:12.000,593013450.0,4041702.0,1206002853.0,230.0,original,230.0,original,232.0,original,4.0,original,0.0,gap_too_large,4.0,original,50.05,original,0.8703,original,593013450.0,original,4041702.0,original,1206002853.0,original,1045620000.0,original,-120.0,original
701823.0,22.0,2024-01-18 03:30:00,OPMC_LIFT,1045630000.0,230.0,231.0,233.0,4.0,0.0,4.0,50.06,0.8658999999999999,2024-01-18 03:30:09.000,2024-01-18 03:30:09.000,2024-01-18 03:30:09.000,593016182.0,4042906.0,1206011454.0,230.0,original,231.0,original,233.0,original,4.0,original,0.0,gap_too_large,4.0,original,50.06,original,0.8658999999999999,original,593016182.0,original,4042906.0,original,1206011454.0,original,1045630000.0,original,-120.0,original
702123.0,22.0,2024-01-18 04:00:00,OPMC_LIFT,1045630000.0,231.0,231.0,233.0,4.0,0.0,4.0,50.08,0.8676999999999999,2024-01-18 04:00:13.000,2024-01-18 04:00:13.000,2024-01-18 04:00:13.000,593018928.0,4044109.0,1206020078.0,231.0,original,231.0,original,233.0,original,4.0,original,0.0,gap_too_large,4.0,original,50.08,original,0.8676999999999999,original,593018928.0,original,4044109.0,original,1206020078.0,original,1045630000.0,original,-120.0,original
702371.0,22.0,2024-01-18 04:30:00,OPMC_LIFT,1045640000.0,230.0,230.0,232.0,4.0,0.0,4.0,50.05,0.8650999999999999,2024-01-18 04:30:08.000,2024-01-18 04:30:08.000,2024-01-18 04:30:08.000,593021661.0,4045306.0,1206028670.0,230.0,original,230.0,original,232.0,original,4.0,original,0.0,gap_too_large,4.0,original,50.05,original,0.8650999999999999,original,593021661.0,original,4045306.0,original,1206028670.0,original,1045640000.0,original,-108.0,original
702683.0,22.0,2024-01-18 05:00:00,OPMC_LIFT,1045650000.0,230.0,230.0,232.0,4.0,0.0,4.0,50.01,0.8664,2024-01-18 05:00:12.000,2024-01-18 05:00:12.000,2024-01-18 05:00:12.000,593024381.0,4046506.0,1206037233.0,230.0,original,230.0,original,232.0,original,4.0,original,0.0,gap_too_large,4.0,original,50.01,original,0.8664,original,593024381.0,original,4046506.0,original,1206037233.0,original,1045650000.0,original,-119.0,original
702963.0,22.0,2024-01-18 05:30:00,OPMC_LIFT,1045650000.0,228.0,228.0,230.0,4.0,0.0,4.0,50.04,0.8686999999999999,2024-01-18 05:30:12.000,2024-01-18 05:30:12.000,2024-01-18 05:30:12.000,593027072.0,4047706.0,1206045717.0,228.0,original,228.0,original,230.0,original,4.0,original,0.0,gap_too_large,4.0,original,50.04,original,0.8686999999999999,original,593027072.0,original,4047706.0,original,1206045717.0,original,1045650000.0,original,-120.0,original
703227.0,22.0,2024-01-18 06:00:00,OPMC_LIFT,1045660000.0,228.0,228.0,230.0,4.0,0.0,4.0,50.01,0.8669999999999999,2024-01-18 06:00:10.000,2024-01-18 06:00:10.000,2024-01-18 06:00:10.000,593029722.0,4048906.0,1206054110.0,228.0,original,228.0,original,230.0,original,4.0,original,0.0,gap_too_large,4.0,original,50.01,original,0.8669999999999999,original,593029722.0,original,4048906.0,original,1206054110.0,original,1045660000.0,original,-107.0,original
703227.0,,2024-01-18 06:30:00,OPMC_LIFT,0.0,0.0,0.0,0.0,0.0,0.0,0.0,0.0,0.0,,,,0.0,0.0,0.0,0.0,gap_too_large,0.0,gap_too_large,0.0,gap_too_large,0.0,gap_too_large,0.0,gap_too_large,0.0,gap_too_large,0.0,gap_too_large,0.0,gap_too_large,0.0,gap_too_large,0.0,gap_too_large,0.0,gap_too_large,0.0,gap_too_large,0.0,gap_too_large
703227.0,,2024-01-18 07:00:00,OPMC_LIFT,0.0,0.0,0.0,0.0,0.0,0.0,0.0,0.0,0.0,,,,0.0,0.0,0.0,0.0,gap_too_large,0.0,gap_too_large,0.0,gap_too_large,0.0,gap_too_large,0.0,gap_too_large,0.0,gap_too_large,0.0,gap_too_large,0.0,gap_too_large,0.0,gap_too_large,0.0,gap_too_large,0.0,gap_too_large,0.0,gap_too_large,0.0,gap_too_large
703227.0,,2024-01-18 07:30:00,OPMC_LIFT,0.0,0.0,0.0,0.0,0.0,0.0,0.0,0.0,0.0,,,,0.0,0.0,0.0,0.0,gap_too_large,0.0,gap_too_large,0.0,gap_too_large,0.0,gap_too_large,0.0,gap_too_large,0.0,gap_too_large,0.0,gap_too_large,0.0,gap_too_large,0.0,gap_too_large,0.0,gap_too_large,0.0,gap_too_large,0.0,gap_too_large,0.0,gap_too_large
703227.0,,2024-01-18 08:00:00,OPMC_LIFT,0.0,0.0,0.0,0.0,0.0,0.0,0.0,0.0,0.0,,,,0.0,0.0,0.0,0.0,gap_too_large,0.0,gap_too_large,0.0,gap_too_large,0.0,gap_too_large,0.0,gap_too_large,0.0,gap_too_large,0.0,gap_too_large,0.0,gap_too_large,0.0,gap_too_large,0.0,gap_too_large,0.0,gap_too_large,0.0,gap_too_large,0.0,gap_too_large
703227.0,,2024-01-18 08:30:00,OPMC_LIFT,0.0,0.0,0.0,0.0,0.0,0.0,0.0,0.0,0.0,,,,0.0,0.0,0.0,0.0,gap_too_large,0.0,gap_too_large,0.0,gap_too_large,0.0,gap_too_large,0.0,gap_too_large,0.0,gap_too_large,0.0,gap_too_large,0.0,gap_too_large,0.0,gap_too_large,0.0,gap_too_large,0.0,gap_too_large,0.0,gap_too_large,0.0,gap_too_large
703227.0,,2024-01-18 09:00:00,OPMC_LIFT,0.0,0.0,0.0,0.0,0.0,0.0,0.0,0.0,0.0,,,,0.0,0.0,0.0,0.0,gap_too_large,0.0,gap_too_large,0.0,gap_too_large,0.0,gap_too_large,0.0,gap_too_large,0.0,gap_too_large,0.0,gap_too_large,0.0,gap_too_large,0.0,gap_too_large,0.0,gap_too_large,0.0,gap_too_large,0.0,gap_too_large,0.0,gap_too_large
703227.0,,2024-01-18 09:30:00,OPMC_LIFT,0.0,0.0,0.0,0.0,0.0,0.0,0.0,0.0,0.0,,,,0.0,0.0,0.0,0.0,gap_too_large,0.0,gap_too_large,0.0,gap_too_large,0.0,gap_too_large,0.0,gap_too_large,0.0,gap_too_large,0.0,gap_too_large,0.0,gap_too_large,0.0,gap_too_large,0.0,gap_too_large,0.0,gap_too_large,0.0,gap_too_large,0.0,gap_too_large
703227.0,,2024-01-18 10:00:00,OPMC_LIFT,0.0,0.0,0.0,0.0,0.0,0.0,0.0,0.0,0.0,,,,0.0,0.0,0.0,0.0,gap_too_large,0.0,gap_too_large,0.0,gap_too_large,0.0,gap_too_large,0.0,gap_too_large,0.0,gap_too_large,0.0,gap_too_large,0.0,gap_too_large,0.0,gap_too_large,0.0,gap_too_large,0.0,gap_too_large,0.0,gap_too_large,0.0,gap_too_large
703227.0,,2024-01-18 10:30:00,OPMC_LIFT,0.0,0.0,0.0,0.0,0.0,0.0,0.0,0.0,0.0,,,,0.0,0.0,0.0,0.0,gap_too_large,0.0,gap_too_large,0.0,gap_too_large,0.0,gap_too_large,0.0,gap_too_large,0.0,gap_too_large,0.0,gap_too_large,0.0,gap_too_large,0.0,gap_too_large,0.0,gap_too_large,0.0,gap_too_large,0.0,gap_too_large,0.0,gap_too_large
703227.0,,2024-01-18 11:00:00,OPMC_LIFT,0.0,0.0,0.0,0.0,0.0,0.0,0.0,0.0,0.0,,,,0.0,0.0,0.0,0.0,gap_too_large,0.0,gap_too_large,0.0,gap_too_large,0.0,gap_too_large,0.0,gap_too_large,0.0,gap_too_large,0.0,gap_too_large,0.0,gap_too_large,0.0,gap_too_large,0.0,gap_too_large,0.0,gap_too_large,0.0,gap_too_large,0.0,gap_too_large
703227.0,,2024-01-18 11:30:00,OPMC_LIFT,0.0,0.0,0.0,0.0,0.0,0.0,0.0,0.0,0.0,,,,0.0,0.0,0.0,0.0,gap_too_large,0.0,gap_too_large,0.0,gap_too_large,0.0,gap_too_large,0.0,gap_too_large,0.0,gap_too_large,0.0,gap_too_large,0.0,gap_too_large,0.0,gap_too_large,0.0,gap_too_large,0.0,gap_too_large,0.0,gap_too_large,0.0,gap_too_large
703227.0,,2024-01-18 12:00:00,OPMC_LIFT,0.0,0.0,0.0,0.0,0.0,0.0,0.0,0.0,0.0,,,,0.0,0.0,0.0,0.0,gap_too_large,0.0,gap_too_large,0.0,gap_too_large,0.0,gap_too_large,0.0,gap_too_large,0.0,gap_too_large,0.0,gap_too_large,0.0,gap_too_large,0.0,gap_too_large,0.0,gap_too_large,0.0,gap_too_large,0.0,gap_too_large,0.0,gap_too_large
703227.0,,2024-01-18 12:30:00,OPMC_LIFT,0.0,0.0,0.0,0.0,0.0,0.0,0.0,0.0,0.0,,,,0.0,0.0,0.0,0.0,gap_too_large,0.0,gap_too_large,0.0,gap_too_large,0.0,gap_too_large,0.0,gap_too_large,0.0,gap_too_large,0.0,gap_too_large,0.0,gap_too_large,0.0,gap_too_large,0.0,gap_too_large,0.0,gap_too_large,0.0,gap_too_large,0.0,gap_too_large
703227.0,,2024-01-18 13:00:00,OPMC_LIFT,0.0,0.0,0.0,0.0,0.0,0.0,0.0,0.0,0.0,,,,0.0,0.0,0.0,0.0,gap_too_large,0.0,gap_too_large,0.0,gap_too_large,0.0,gap_too_large,0.0,gap_too_large,0.0,gap_too_large,0.0,gap_too_large,0.0,gap_too_large,0.0,gap_too_large,0.0,gap_too_large,0.0,gap_too_large,0.0,gap_too_large,0.0,gap_too_large
703227.0,,2024-01-18 13:30:00,OPMC_LIFT,0.0,0.0,0.0,0.0,0.0,0.0,0.0,0.0,0.0,,,,0.0,0.0,0.0,0.0,gap_too_large,0.0,gap_too_large,0.0,gap_too_large,0.0,gap_too_large,0.0,gap_too_large,0.0,gap_too_large,0.0,gap_too_large,0.0,gap_too_large,0.0,gap_too_large,0.0,gap_too_large,0.0,gap_too_large,0.0,gap_too_large,0.0,gap_too_large
703227.0,,2024-01-18 14:00:00,OPMC_LIFT,0.0,0.0,0.0,0.0,0.0,0.0,0.0,0.0,0.0,,,,0.0,0.0,0.0,0.0,gap_too_large,0.0,gap_too_large,0.0,gap_too_large,0.0,gap_too_large,0.0,gap_too_large,0.0,gap_too_large,0.0,gap_too_large,0.0,gap_too_large,0.0,gap_too_large,0.0,gap_too_large,0.0,gap_too_large,0.0,gap_too_large,0.0,gap_too_large
708091.0,22.0,2024-01-18 14:30:00,OPMC_LIFT,1058200000.0,221.0,223.0,224.0,338.0,357.0,358.0,50.04,0.8674999999999999,2024-01-18 14:34:41.000,2024-01-18 14:34:41.000,2024-01-18 14:34:41.000,600119866.0,4054966.0,1220470987.0,221.0,original,223.0,original,224.0,original,338.0,original,357.0,original,358.0,original,50.04,original,0.8674999999999999,original,600119866.0,original,4054966.0,original,1220470987.0,original,1058200000.0,original,-121.0,original
708347.0,22.0,2024-01-18 15:00:00,OPMC_LIFT,1059060000.0,222.0,224.0,226.0,332.0,351.0,353.0,50.03,0.8638999999999999,2024-01-18 15:00:14.000,2024-01-18 15:00:14.000,2024-01-18 15:00:14.000,600617501.0,4054966.0,1221466817.0,222.0,original,224.0,original,226.0,original,332.0,original,351.0,original,353.0,original,50.03,original,0.8638999999999999,original,600617501.0,original,4054966.0,original,1221466817.0,original,1059060000.0,original,-119.0,original
708583.0,22.0,2024-01-18 15:30:00,OPMC_LIFT,1060090000.0,222.0,224.0,225.0,342.0,361.0,361.0,50.0,0.8663,2024-01-18 15:30:12.000,2024-01-18 15:30:12.000,2024-01-18 15:30:12.000,601208291.0,4054966.0,1222650577.0,222.0,original,224.0,original,225.0,original,342.0,original,361.0,original,361.0,original,50.0,original,0.8663,original,601208291.0,original,4054966.0,original,1222650577.0,original,1060090000.0,original,-120.0,original
708831.0,22.0,2024-01-18 16:00:00,OPMC_LIFT,1060340000.0,228.0,229.0,230.0,3.0,0.0,3.0,50.04,0.4674999999999999,2024-01-18 16:00:09.000,2024-01-18 16:00:09.000,2024-01-18 16:00:09.000,601352704.0,4055702.0,1222941189.0,228.0,original,229.0,original,230.0,original,3.0,original,0.0,gap_too_large,3.0,original,50.04,original,0.4674999999999999,original,601352704.0,original,4055702.0,original,1222941189.0,original,1060340000.0,original,-121.0,original
709099.0,22.0,2024-01-18 16:30:00,OPMC_LIFT,1060350000.0,227.0,228.0,230.0,5.0,0.0,4.0,49.98,0.8727999999999999,2024-01-18 16:30:14.000,2024-01-18 16:30:14.000,2024-01-18 16:30:14.000,601355882.0,4057382.0,1222951595.0,227.0,original,228.0,original,230.0,original,5.0,original,0.0,gap_too_large,4.0,original,49.98,original,0.8727999999999999,original,601355882.0,original,4057382.0,original,1222951595.0,original,1060350000.0,original,-106.0,original
709411.0,22.0,2024-01-18 17:00:00,OPMC_LIFT,1060360000.0,228.0,228.0,230.0,4.0,0.0,4.0,49.98,0.8698999999999999,2024-01-18 17:10:11.000,2024-01-18 17:10:11.000,2024-01-18 17:10:11.000,601359901.0,4059411.0,1222964609.0,228.0,original,228.0,original,230.0,original,4.0,original,0.0,gap_too_large,4.0,original,49.98,original,0.8698999999999999,original,601359901.0,original,4059411.0,original,1222964609.0,original,1060360000.0,original,-105.0,original
709591.0,22.0,2024-01-18 17:30:00,OPMC_LIFT,1060370000.0,229.0,229.0,231.0,4.0,0.0,4.0,49.96,0.8663,2024-01-18 17:30:12.000,2024-01-18 17:30:12.000,2024-01-18 17:30:12.000,601361699.0,4060205.0,1222970261.0,229.0,original,229.0,original,231.0,original,4.0,original,0.0,gap_too_large,4.0,original,49.96,original,0.8663,original,601361699.0,original,4060205.0,original,1222970261.0,original,1060370000.0,original,-119.0,original
709847.0,22.0,2024-01-18 18:00:00,OPMC_LIFT,1060370000.0,228.0,229.0,230.0,4.0,0.0,4.0,50.03,0.8683,2024-01-18 18:00:09.000,2024-01-18 18:00:09.000,2024-01-18 18:00:09.000,601364406.0,4061398.0,1222978776.0,228.0,original,229.0,original,230.0,original,4.0,original,0.0,gap_too_large,4.0,original,50.03,original,0.8683,original,601364406.0,original,4061398.0,original,1222978776.0,original,1060370000.0,original,-100.0,original
710091.0,22.0,2024-01-18 18:30:00,OPMC_LIFT,1060380000.0,229.0,230.0,232.0,4.0,0.0,4.0,49.99,0.8668999999999999,2024-01-18 18:30:08.000,2024-01-18 18:30:08.000,2024-01-18 18:30:08.000,601367130.0,4062589.0,1222987333.0,229.0,original,230.0,original,232.0,original,4.0,original,0.0,gap_too_large,4.0,original,49.99,original,0.8668999999999999,original,601367130.0,original,4062589.0,original,1222987333.0,original,1060380000.0,original,-106.0,original
710415.0,22.0,2024-01-18 19:00:00,OPMC_LIFT,1060390000.0,226.0,226.0,228.0,4.0,0.0,4.0,50.01,0.8646999999999999,2024-01-18 19:10:17.000,2024-01-18 19:10:17.000,2024-01-18 19:10:17.000,601370720.0,4064182.0,1222998635.0,226.0,original,226.0,original,228.0,original,4.0,original,0.0,gap_too_large,4.0,original,50.01,original,0.8646999999999999,original,601370720.0,original,4064182.0,original,1222998635.0,original,1060390000.0,original,-109.0,original
710587.0,22.0,2024-01-18 19:30:00,OPMC_LIFT,1060400000.0,226.0,226.0,228.0,4.0,0.0,4.0,49.99,0.8687999999999999,2024-01-18 19:30:15.000,2024-01-18 19:30:15.000,2024-01-18 19:30:15.000,601372461.0,4064976.0,1223004155.0,226.0,original,226.0,original,228.0,original,4.0,original,0.0,gap_too_large,4.0,original,49.99,original,0.8687999999999999,original,601372461.0,original,4064976.0,original,1223004155.0,original,1060400000.0,original,-102.0,original
710811.0,22.0,2024-01-18 20:00:00,OPMC_LIFT,1060400000.0,227.0,227.0,229.0,4.0,0.0,4.0,50.05,0.8668999999999999,2024-01-18 20:00:12.000,2024-01-18 20:00:12.000,2024-01-18 20:00:12.000,601375085.0,4066173.0,1223012475.0,227.0,original,227.0,original,229.0,original,4.0,original,0.0,gap_too_large,4.0,original,50.05,original,0.8668999999999999,original,601375085.0,original,4066173.0,original,1223012475.0,original,1060400000.0,original,-120.0,original
711063.0,22.0,2024-01-18 20:30:00,OPMC_LIFT,1060410000.0,227.0,228.0,229.0,4.0,0.0,4.0,50.02,0.8674,2024-01-18 20:30:15.000,2024-01-18 20:30:15.000,2024-01-18 20:30:15.000,601377718.0,4067366.0,1223020814.0,227.0,original,228.0,original,229.0,original,4.0,original,0.0,gap_too_large,4.0,original,50.02,original,0.8674,original,601377718.0,original,4067366.0,original,1223020814.0,original,1060410000.0,original,-117.0,original
711439.0,22.0,2024-01-18 21:00:00,OPMC_LIFT,1060420000.0,228.0,228.0,230.0,4.0,0.0,4.0,49.95,0.8657999999999999,2024-01-18 21:20:12.000,2024-01-18 21:20:12.000,2024-01-18 21:20:12.000,601382138.0,4069357.0,1223034785.0,228.0,original,228.0,original,230.0,original,4.0,original,0.0,gap_too_large,4.0,original,49.95,original,0.8657999999999999,original,601382138.0,original,4069357.0,original,1223034785.0,original,1060420000.0,original,-121.0,original
711511.0,22.0,2024-01-18 21:30:00,OPMC_LIFT,1060420000.0,228.0,228.0,230.0,4.0,0.0,4.0,49.97,0.8686999999999999,2024-01-18 21:30:09.000,2024-01-18 21:30:09.000,2024-01-18 21:30:09.000,601383027.0,4069757.0,1223037595.0,228.0,original,228.0,original,230.0,original,4.0,original,0.0,gap_too_large,4.0,original,49.97,original,0.8686999999999999,original,601383027.0,original,4069757.0,original,1223037595.0,original,1060420000.0,original,-121.0,original
711759.0,22.0,2024-01-18 22:00:00,OPMC_LIFT,1060430000.0,228.0,229.0,231.0,4.0,0.0,4.0,50.0,0.8677999999999999,2024-01-18 22:00:14.000,2024-01-18 22:00:14.000,2024-01-18 22:00:14.000,601385706.0,4070954.0,1223046056.0,228.0,original,229.0,original,231.0,original,4.0,original,0.0,gap_too_large,4.0,original,50.0,original,0.8677999999999999,original,601385706.0,original,4070954.0,original,1223046056.0,original,1060430000.0,original,-121.0,original
711995.0,22.0,2024-01-18 22:30:00,OPMC_LIFT,1060440000.0,229.0,230.0,232.0,4.0,0.0,4.0,50.05,0.8676999999999999,2024-01-18 22:30:15.000,2024-01-18 22:30:15.000,2024-01-18 22:30:15.000,601388416.0,4072154.0,1223054587.0,229.0,original,230.0,original,232.0,original,4.0,original,0.0,gap_too_large,4.0,original,50.05,original,0.8676999999999999,original,601388416.0,original,4072154.0,original,1223054587.0,original,1060440000.0,original,-104.0,original
711995.0,,2024-01-18 23:00:00,OPMC_LIFT,0.0,0.0,0.0,0.0,0.0,0.0,0.0,0.0,0.0,,,,0.0,0.0,0.0,0.0,gap_too_large,0.0,gap_too_large,0.0,gap_too_large,0.0,gap_too_large,0.0,gap_too_large,0.0,gap_too_large,0.0,gap_too_large,0.0,gap_too_large,0.0,gap_too_large,0.0,gap_too_large,0.0,gap_too_large,0.0,gap_too_large,0.0,gap_too_large
711995.0,,2024-01-18 23:30:00,OPMC_LIFT,0.0,0.0,0.0,0.0,0.0,0.0,0.0,0.0,0.0,,,,0.0,0.0,0.0,0.0,gap_too_large,0.0,gap_too_large,0.0,gap_too_large,0.0,gap_too_large,0.0,gap_too_large,0.0,gap_too_large,0.0,gap_too_large,0.0,gap_too_large,0.0,gap_too_large,0.0,gap_too_large,0.0,gap_too_large,0.0,gap_too_large,0.0,gap_too_large
711995.0,,2024-01-19 00:00:00,OPMC_LIFT,0.0,0.0,0.0,0.0,0.0,0.0,0.0,0.0,0.0,,,,0.0,0.0,0.0,0.0,gap_too_large,0.0,gap_too_large,0.0,gap_too_large,0.0,gap_too_large,0.0,gap_too_large,0.0,gap_too_large,0.0,gap_too_large,0.0,gap_too_large,0.0,gap_too_large,0.0,gap_too_large,0.0,gap_too_large,0.0,gap_too_large,0.0,gap_too_large
711995.0,,2024-01-19 00:30:00,OPMC_LIFT,0.0,0.0,0.0,0.0,0.0,0.0,0.0,0.0,0.0,,,,0.0,0.0,0.0,0.0,gap_too_large,0.0,gap_too_large,0.0,gap_too_large,0.0,gap_too_large,0.0,gap_too_large,0.0,gap_too_large,0.0,gap_too_large,0.0,gap_too_large,0.0,gap_too_large,0.0,gap_too_large,0.0,gap_too_large,0.0,gap_too_large,0.0,gap_too_large
711995.0,,2024-01-19 01:00:00,OPMC_LIFT,0.0,0.0,0.0,0.0,0.0,0.0,0.0,0.0,0.0,,,,0.0,0.0,0.0,0.0,gap_too_large,0.0,gap_too_large,0.0,gap_too_large,0.0,gap_too_large,0.0,gap_too_large,0.0,gap_too_large,0.0,gap_too_large,0.0,gap_too_large,0.0,gap_too_large,0.0,gap_too_large,0.0,gap_too_large,0.0,gap_too_large,0.0,gap_too_large
711995.0,,2024-01-19 01:30:00,OPMC_LIFT,0.0,0.0,0.0,0.0,0.0,0.0,0.0,0.0,0.0,,,,0.0,0.0,0.0,0.0,gap_too_large,0.0,gap_too_large,0.0,gap_too_large,0.0,gap_too_large,0.0,gap_too_large,0.0,gap_too_large,0.0,gap_too_large,0.0,gap_too_large,0.0,gap_too_large,0.0,gap_too_large,0.0,gap_too_large,0.0,gap_too_large,0.0,gap_too_large
711995.0,,2024-01-19 02:00:00,OPMC_LIFT,0.0,0.0,0.0,0.0,0.0,0.0,0.0,0.0,0.0,,,,0.0,0.0,0.0,0.0,gap_too_large,0.0,gap_too_large,0.0,gap_too_large,0.0,gap_too_large,0.0,gap_too_large,0.0,gap_too_large,0.0,gap_too_large,0.0,gap_too_large,0.0,gap_too_large,0.0,gap_too_large,0.0,gap_too_large,0.0,gap_too_large,0.0,gap_too_large
711995.0,,2024-01-19 02:30:00,OPMC_LIFT,0.0,0.0,0.0,0.0,0.0,0.0,0.0,0.0,0.0,,,,0.0,0.0,0.0,0.0,gap_too_large,0.0,gap_too_large,0.0,gap_too_large,0.0,gap_too_large,0.0,gap_too_large,0.0,gap_too_large,0.0,gap_too_large,0.0,gap_too_large,0.0,gap_too_large,0.0,gap_too_large,0.0,gap_too_large,0.0,gap_too_large,0.0,gap_too_large
711995.0,,2024-01-19 03:00:00,OPMC_LIFT,0.0,0.0,0.0,0.0,0.0,0.0,0.0,0.0,0.0,,,,0.0,0.0,0.0,0.0,gap_too_large,0.0,gap_too_large,0.0,gap_too_large,0.0,gap_too_large,0.0,gap_too_large,0.0,gap_too_large,0.0,gap_too_large,0.0,gap_too_large,0.0,gap_too_large,0.0,gap_too_large,0.0,gap_too_large,0.0,gap_too_large,0.0,gap_too_large
711995.0,,2024-01-19 03:30:00,OPMC_LIFT,0.0,0.0,0.0,0.0,0.0,0.0,0.0,0.0,0.0,,,,0.0,0.0,0.0,0.0,gap_too_large,0.0,gap_too_large,0.0,gap_too_large,0.0,gap_too_large,0.0,gap_too_large,0.0,gap_too_large,0.0,gap_too_large,0.0,gap_too_large,0.0,gap_too_large,0.0,gap_too_large,0.0,gap_too_large,0.0,gap_too_large,0.0,gap_too_large
711995.0,,2024-01-19 04:00:00,OPMC_LIFT,0.0,0.0,0.0,0.0,0.0,0.0,0.0,0.0,0.0,,,,0.0,0.0,0.0,0.0,gap_too_large,0.0,gap_too_large,0.0,gap_too_large,0.0,gap_too_large,0.0,gap_too_large,0.0,gap_too_large,0.0,gap_too_large,0.0,gap_too_large,0.0,gap_too_large,0.0,gap_too_large,0.0,gap_too_large,0.0,gap_too_large,0.0,gap_too_large
711995.0,,2024-01-19 04:30:00,OPMC_LIFT,0.0,0.0,0.0,0.0,0.0,0.0,0.0,0.0,0.0,,,,0.0,0.0,0.0,0.0,gap_too_large,0.0,gap_too_large,0.0,gap_too_large,0.0,gap_too_large,0.0,gap_too_large,0.0,gap_too_large,0.0,gap_too_large,0.0,gap_too_large,0.0,gap_too_large,0.0,gap_too_large,0.0,gap_too_large,0.0,gap_too_large,0.0,gap_too_large
711995.0,,2024-01-19 05:00:00,OPMC_LIFT,0.0,0.0,0.0,0.0,0.0,0.0,0.0,0.0,0.0,,,,0.0,0.0,0.0,0.0,gap_too_large,0.0,gap_too_large,0.0,gap_too_large,0.0,gap_too_large,0.0,gap_too_large,0.0,gap_too_large,0.0,gap_too_large,0.0,gap_too_large,0.0,gap_too_large,0.0,gap_too_large,0.0,gap_too_large,0.0,gap_too_large,0.0,gap_too_large
711995.0,,2024-01-19 05:30:00,OPMC_LIFT,0.0,0.0,0.0,0.0,0.0,0.0,0.0,0.0,0.0,,,,0.0,0.0,0.0,0.0,gap_too_large,0.0,gap_too_large,0.0,gap_too_large,0.0,gap_too_large,0.0,gap_too_large,0.0,gap_too_large,0.0,gap_too_large,0.0,gap_too_large,0.0,gap_too_large,0.0,gap_too_large,0.0,gap_too_large,0.0,gap_too_large,0.0,gap_too_large
711995.0,,2024-01-19 06:00:00,OPMC_LIFT,0.0,0.0,0.0,0.0,0.0,0.0,0.0,0.0,0.0,,,,0.0,0.0,0.0,0.0,gap_too_large,0.0,gap_too_large,0.0,gap_too_large,0.0,gap_too_large,0.0,gap_too_large,0.0,gap_too_large,0.0,gap_too_large,0.0,gap_too_large,0.0,gap_too_large,0.0,gap_too_large,0.0,gap_too_large,0.0,gap_too_large,0.0,gap_too_large
716603.0,22.0,2024-01-19 06:30:00,OPMC_LIFT,1060560000.0,227.0,227.0,229.0,4.0,0.0,4.0,50.01,0.8672,2024-01-19 06:33:26.000,2024-01-19 06:33:26.000,2024-01-19 06:33:26.000,601431642.0,4091482.0,1223191179.0,227.0,original,227.0,original,229.0,original,4.0,original,0.0,gap_too_large,4.0,original,50.01,original,0.8672,original,601431642.0,original,4091482.0,original,1223191179.0,original,1060560000.0,original,-120.0,original
716923.0,22.0,2024-01-19 07:00:00,OPMC_LIFT,1060560000.0,226.0,226.0,228.0,4.0,0.0,4.0,50.02,0.8684,2024-01-19 07:00:15.000,2024-01-19 07:00:15.000,2024-01-19 07:00:15.000,601433971.0,4092554.0,1223198581.0,226.0,original,226.0,original,228.0,original,4.0,original,0.0,gap_too_large,4.0,original,50.02,original,0.8684,original,601433971.0,original,4092554.0,original,1223198581.0,original,1060560000.0,original,-121.0,original
717431.0,22.0,2024-01-19 07:30:00,OPMC_LIFT,1060580000.0,226.0,227.0,228.0,4.0,0.0,4.0,50.07,0.8696999999999999,2024-01-19 07:50:14.000,2024-01-19 07:50:14.000,2024-01-19 07:50:14.000,601438314.0,4094550.0,1223212369.0,226.0,original,227.0,original,228.0,original,4.0,original,0.0,gap_too_large,4.0,original,50.07,original,0.8696999999999999,original,601438314.0,original,4094550.0,original,1223212369.0,original,1060580000.0,original,-115.0,original
717747.0,22.0,2024-01-19 08:00:00,OPMC_LIFT,1060580000.0,226.0,226.0,228.0,4.0,0.0,4.0,50.05,0.8713,2024-01-19 08:20:12.000,2024-01-19 08:20:12.000,2024-01-19 08:20:12.000,601440906.0,4095747.0,1223220606.0,226.0,original,226.0,original,228.0,original,4.0,original,0.0,gap_too_large,4.0,original,50.05,original,0.8713,original,601440906.0,original,4095747.0,original,1223220606.0,original,1060580000.0,original,-120.0,original
717863.0,22.0,2024-01-19 08:30:00,OPMC_LIFT,1060590000.0,225.0,226.0,227.0,4.0,0.0,4.0,50.0,0.8699999999999999,2024-01-19 08:30:12.000,2024-01-19 08:30:12.000,2024-01-19 08:30:12.000,601441770.0,4096147.0,1223223355.0,225.0,original,226.0,original,227.0,original,4.0,original,0.0,gap_too_large,4.0,original,50.0,original,0.8699999999999999,original,601441770.0,original,4096147.0,original,1223223355.0,original,1060590000.0,original,-102.0,original
718175.0,22.0,2024-01-19 09:00:00,OPMC_LIFT,1060640000.0,221.0,222.0,223.0,188.0,198.0,201.0,50.03,0.7504,2024-01-19 09:00:14.000,2024-01-19 09:00:14.000,2024-01-19 09:00:14.000,601481178.0,4097149.0,1223289227.0,221.0,original,222.0,original,223.0,original,188.0,original,198.0,original,201.0,original,50.03,original,0.7504,original,601481178.0,original,4097149.0,original,1223289227.0,original,1060640000.0,original,-107.0,original
718483.0,22.0,2024-01-19 09:30:00,OPMC_LIFT,1061370000.0,222.0,223.0,224.0,221.0,235.0,235.0,49.98,0.7961999999999999,2024-01-19 09:30:09.000,2024-01-19 09:30:09.000,2024-01-19 09:30:09.000,601930966.0,4097149.0,1224152241.0,222.0,original,223.0,original,224.0,original,221.0,original,235.0,original,235.0,original,49.98,original,0.7961999999999999,original,601930966.0,original,4097149.0,original,1224152241.0,original,1061370000.0,original,-114.0,original
719027.0,22.0,2024-01-19 10:00:00,OPMC_LIFT,1062370000.0,222.0,223.0,224.0,186.0,193.0,195.0,49.98,0.8552,2024-01-19 10:20:11.000,2024-01-19 10:20:11.000,2024-01-19 10:20:11.000,602562675.0,4097149.0,1225337985.0,222.0,original,223.0,original,224.0,original,186.0,original,193.0,original,195.0,original,49.98,original,0.8552,original,602562675.0,original,4097149.0,original,1225337985.0,original,1062370000.0,original,-121.0,original
719131.0,22.0,2024-01-19 10:30:00,OPMC_LIFT,1062560000.0,222.0,223.0,224.0,185.0,192.0,194.0,50.0,0.8537999999999999,2024-01-19 10:30:08.000,2024-01-19 10:30:08.000,2024-01-19 10:30:08.000,602672781.0,4097149.0,1225550549.0,222.0,original,223.0,original,224.0,original,185.0,original,192.0,original,194.0,original,50.0,original,0.8537999999999999,original,602672781.0,original,4097149.0,original,1225550549.0,original,1062560000.0,original,-101.0,original
719435.0,22.0,2024-01-19 11:00:00,OPMC_LIFT,1063100000.0,223.0,224.0,225.0,185.0,191.0,193.0,50.03,0.8532,2024-01-19 11:00:17.000,2024-01-19 11:00:17.000,2024-01-19 11:00:17.000,603004467.0,4097149.0,1226189966.0,223.0,original,224.0,original,225.0,original,185.0,original,191.0,original,193.0,original,50.03,original,0.8532,original,603004467.0,original,4097149.0,original,1226189966.0,original,1063100000.0,original,-108.0,original
719767.0,22.0,2024-01-19 11:30:00,OPMC_LIFT,1063650000.0,226.0,227.0,228.0,183.0,189.0,193.0,49.99,0.8432999999999999,2024-01-19 11:30:13.000,2024-01-19 11:30:13.000,2024-01-19 11:30:13.000,603340499.0,4097149.0,1226832293.0,226.0,original,227.0,original,228.0,original,183.0,original,189.0,original,193.0,original,49.99,original,0.8432999999999999,original,603340499.0,original,4097149.0,original,1226832293.0,original,1063650000.0,original,-115.0,original
720203.0,22.0,2024-01-19 12:00:00,OPMC_LIFT,1064370000.0,226.0,227.0,228.0,183.0,190.0,193.0,49.99,0.8443999999999999,2024-01-19 12:10:12.000,2024-01-19 12:10:12.000,2024-01-19 12:10:12.000,603799181.0,4097149.0,1227690558.0,226.0,original,227.0,original,228.0,original,183.0,original,190.0,original,193.0,original,49.99,original,0.8443999999999999,original,603799181.0,original,4097149.0,original,1227690558.0,original,1064370000.0,original,-110.0,original
720395.0,22.0,2024-01-19 12:30:00,OPMC_LIFT,1064740000.0,226.0,227.0,229.0,184.0,191.0,194.0,50.06,0.8455999999999999,2024-01-19 12:30:11.000,2024-01-19 12:30:11.000,2024-01-19 12:30:11.000,604029389.0,4097149.0,1228121374.0,226.0,original,227.0,original,229.0,original,184.0,original,191.0,original,194.0,original,50.06,original,0.8455999999999999,original,604029389.0,original,4097149.0,original,1228121374.0,original,1064740000.0,original,-120.0,original
720735.0,22.0,2024-01-19 13:00:00,OPMC_LIFT,1065290000.0,223.0,225.0,226.0,186.0,192.0,195.0,49.93,0.8512,2024-01-19 13:00:11.000,2024-01-19 13:00:11.000,2024-01-19 13:00:11.000,604373530.0,4097149.0,1228770040.0,223.0,original,225.0,original,226.0,original,186.0,original,192.0,original,195.0,original,49.93,original,0.8512,original,604373530.0,original,4097149.0,original,1228770040.0,original,1065290000.0,original,-120.0,original
721151.0,22.0,2024-01-19 13:30:00,OPMC_LIFT,1066020000.0,222.0,224.0,225.0,188.0,193.0,196.0,50.03,0.8556999999999999,2024-01-19 13:40:10.000,2024-01-19 13:40:10.000,2024-01-19 13:40:10.000,604817776.0,4097149.0,1229627125.0,222.0,original,224.0,original,225.0,original,188.0,original,193.0,original,196.0,original,50.03,original,0.8556999999999999,original,604817776.0,original,4097149.0,original,1229627125.0,original,1066020000.0,original,-121.0,original
721571.0,22.0,2024-01-19 14:00:00,OPMC_LIFT,1066760000.0,222.0,224.0,225.0,189.0,195.0,196.0,50.06,0.8571,2024-01-19 14:20:12.000,2024-01-19 14:20:12.000,2024-01-19 14:20:12.000,605263114.0,4097149.0,1230491326.0,222.0,original,224.0,original,225.0,original,189.0,original,195.0,original,196.0,original,50.06,original,0.8571,original,605263114.0,original,4097149.0,original,1230491326.0,original,1066760000.0,original,-119.0,original
721695.0,22.0,2024-01-19 14:30:00,OPMC_LIFT,1066950000.0,223.0,224.0,225.0,189.0,196.0,197.0,50.07,0.8563999999999999,2024-01-19 14:30:17.000,2024-01-19 14:30:17.000,2024-01-19 14:30:17.000,605374816.0,4097149.0,1230707745.0,223.0,original,224.0,original,225.0,original,189.0,original,196.0,original,197.0,original,50.07,original,0.8563999999999999,original,605374816.0,original,4097149.0,original,1230707745.0,original,1066950000.0,original,-102.0,original
722051.0,22.0,2024-01-19 15:00:00,OPMC_LIFT,1067500000.0,223.0,224.0,225.0,191.0,197.0,198.0,49.98,0.8576999999999999,2024-01-19 15:00:11.000,2024-01-19 15:00:11.000,2024-01-19 15:00:11.000,605710902.0,4097149.0,1231358469.0,223.0,original,224.0,original,225.0,original,191.0,original,197.0,original,198.0,original,49.98,original,0.8576999999999999,original,605710902.0,original,4097149.0,original,1231358469.0,original,1067500000.0,original,-118.0,original
722339.0,22.0,2024-01-19 15:30:00,OPMC_LIFT,1068060000.0,225.0,226.0,227.0,28.0,26.0,29.0,50.0,0.8564999999999999,2024-01-19 15:30:13.000,2024-01-19 15:30:13.000,2024-01-19 15:30:13.000,606044256.0,4097149.0,1232004593.0,225.0,original,226.0,original,227.0,original,28.0,original,26.0,original,29.0,original,50.0,original,0.8564999999999999,original,606044256.0,original,4097149.0,original,1232004593.0,original,1068060000.0,original,-121.0,original
722615.0,22.0,2024-01-19 16:00:00,OPMC_LIFT,1068060000.0,226.0,227.0,228.0,3.0,0.0,4.0,49.98,0.8695999999999999,2024-01-19 16:00:12.000,2024-01-19 16:00:12.000,2024-01-19 16:00:12.000,606047581.0,4097149.0,1232010155.0,226.0,original,227.0,original,228.0,original,3.0,original,0.0,gap_too_large,4.0,original,49.98,original,0.8695999999999999,original,606047581.0,original,4097149.0,original,1232010155.0,original,1068060000.0,original,-121.0,original
723003.0,22.0,2024-01-19 16:30:00,OPMC_LIFT,1068070000.0,229.0,229.0,230.0,4.0,0.0,4.0,50.03,0.8655999999999999,2024-01-19 16:40:17.000,2024-01-19 16:40:17.000,2024-01-19 16:40:17.000,606051050.0,4098560.0,1232020520.0,229.0,original,229.0,original,230.0,original,4.0,original,0.0,gap_too_large,4.0,original,50.03,original,0.8655999999999999,original,606051050.0,original,4098560.0,original,1232020520.0,original,1068070000.0,original,-107.0,original
723167.0,22.0,2024-01-19 17:00:00,OPMC_LIFT,1068080000.0,230.0,230.0,231.0,4.0,0.0,4.0,49.98,0.8687999999999999,2024-01-19 17:00:10.000,2024-01-19 17:00:10.000,2024-01-19 17:00:10.000,606052848.0,4099363.0,1232026174.0,230.0,original,230.0,original,231.0,original,4.0,original,0.0,gap_too_large,4.0,original,49.98,original,0.8687999999999999,original,606052848.0,original,4099363.0,original,1232026174.0,original,1068080000.0,original,-103.0,original
723471.0,22.0,2024-01-19 17:30:00,OPMC_LIFT,1068080000.0,229.0,230.0,231.0,4.0,0.0,4.0,50.03,0.8685999999999999,2024-01-19 17:30:12.000,2024-01-19 17:30:12.000,2024-01-19 17:30:12.000,606055552.0,4100570.0,1232034673.0,229.0,original,230.0,original,231.0,original,4.0,original,0.0,gap_too_large,4.0,original,50.03,original,0.8685999999999999,original,606055552.0,original,4100570.0,original,1232034673.0,original,1068080000.0,original,-123.0,original
723763.0,22.0,2024-01-19 18:00:00,OPMC_LIFT,1068090000.0,228.0,229.0,230.0,4.0,0.0,4.0,50.03,0.8662,2024-01-19 18:00:09.000,2024-01-19 18:00:09.000,2024-01-19 18:00:09.000,606058266.0,4101776.0,1232043208.0,228.0,original,229.0,original,230.0,original,4.0,original,0.0,gap_too_large,4.0,original,50.03,original,0.8662,original,606058266.0,original,4101776.0,original,1232043208.0,original,1068090000.0,original,-121.0,original
724087.0,22.0,2024-01-19 18:30:00,OPMC_LIFT,1068100000.0,229.0,229.0,231.0,4.0,0.0,4.0,49.97,0.8676999999999999,2024-01-19 18:30:12.000,2024-01-19 18:30:12.000,2024-01-19 18:30:12.000,606060966.0,4102979.0,1232051697.0,229.0,original,229.0,original,231.0,original,4.0,original,0.0,gap_too_large,4.0,original,49.97,original,0.8676999999999999,original,606060966.0,original,4102979.0,original,1232051697.0,original,1068100000.0,original,-119.0,original
724387.0,22.0,2024-01-19 19:00:00,OPMC_LIFT,1068100000.0,229.0,229.0,231.0,4.0,0.0,4.0,49.96,0.8678999999999999,2024-01-19 19:00:11.000,2024-01-19 19:00:11.000,2024-01-19 19:00:11.000,606063667.0,4104182.0,1232060187.0,229.0,original,229.0,original,231.0,original,4.0,original,0.0,gap_too_large,4.0,original,49.96,original,0.8678999999999999,original,606063667.0,original,4104182.0,original,1232060187.0,original,1068100000.0,original,-98.0,original
724763.0,22.0,2024-01-19 19:30:00,OPMC_LIFT,1068110000.0,226.0,226.0,228.0,4.0,0.0,4.0,49.95,0.8664,2024-01-19 19:40:14.000,2024-01-19 19:40:14.000,2024-01-19 19:40:14.000,606067178.0,4105786.0,1232071288.0,226.0,original,226.0,original,228.0,original,4.0,original,0.0,gap_too_large,4.0,original,49.95,original,0.8664,original,606067178.0,original,4105786.0,original,1232071288.0,original,1068110000.0,original,-118.0,original
724971.0,22.0,2024-01-19 20:00:00,OPMC_LIFT,1068120000.0,226.0,227.0,228.0,4.0,0.0,4.0,49.99,0.8662,2024-01-19 20:00:12.000,2024-01-19 20:00:12.000,2024-01-19 20:00:12.000,606068912.0,4106586.0,1232076805.0,226.0,original,227.0,original,228.0,original,4.0,original,0.0,gap_too_large,4.0,original,49.99,original,0.8662,original,606068912.0,original,4106586.0,original,1232076805.0,original,1068120000.0,original,-105.0,original
725271.0,22.0,2024-01-19 20:30:00,OPMC_LIFT,1068130000.0,226.0,227.0,228.0,4.0,0.0,4.0,50.0,0.8688999999999999,2024-01-19 20:30:13.000,2024-01-19 20:30:13.000,2024-01-19 20:30:13.000,606071533.0,4107786.0,1232085102.0,226.0,original,227.0,original,228.0,original,4.0,original,0.0,gap_too_large,4.0,original,50.0,original,0.8688999999999999,original,606071533.0,original,4107786.0,original,1232085102.0,original,1068130000.0,original,-121.0,original
725663.0,22.0,2024-01-19 21:00:00,OPMC_LIFT,1068140000.0,227.0,228.0,229.0,4.0,0.0,4.0,49.95,0.8686999999999999,2024-01-19 21:10:14.000,2024-01-19 21:10:14.000,2024-01-19 21:10:14.000,606075030.0,4109389.0,1232096187.0,227.0,original,228.0,original,229.0,original,4.0,original,0.0,gap_too_large,4.0,original,49.95,original,0.8686999999999999,original,606075030.0,original,4109389.0,original,1232096187.0,original,1068140000.0,original,-108.0,original
725839.0,22.0,2024-01-19 21:30:00,OPMC_LIFT,1068140000.0,227.0,227.0,229.0,4.0,0.0,4.0,50.05,0.8676999999999999,2024-01-19 21:30:14.000,2024-01-19 21:30:14.000,2024-01-19 21:30:14.000,606076787.0,4110189.0,1232101752.0,227.0,original,227.0,original,229.0,original,4.0,original,0.0,gap_too_large,4.0,original,50.05,original,0.8676999999999999,original,606076787.0,original,4110189.0,original,1232101752.0,original,1068140000.0,original,-120.0,original
726139.0,22.0,2024-01-19 22:00:00,OPMC_LIFT,1068150000.0,228.0,228.0,230.0,4.0,0.0,4.0,50.03,0.8682,2024-01-19 22:00:15.000,2024-01-19 22:00:15.000,2024-01-19 22:00:15.000,606079430.0,4111395.0,1232110117.0,228.0,original,228.0,original,230.0,original,4.0,original,0.0,gap_too_large,4.0,original,50.03,original,0.8682,original,606079430.0,original,4111395.0,original,1232110117.0,original,1068150000.0,original,-107.0,original
726523.0,22.0,2024-01-19 22:30:00,OPMC_LIFT,1068160000.0,228.0,228.0,230.0,4.0,0.0,4.0,49.98,0.8663,2024-01-19 22:34:47.000,2024-01-19 22:34:47.000,2024-01-19 22:34:47.000,606082506.0,4112781.0,1232119819.0,228.0,original,228.0,original,230.0,original,4.0,original,0.0,gap_too_large,4.0,original,49.98,original,0.8663,original,606082506.0,original,4112781.0,original,1232119819.0,original,1068160000.0,original,-121.0,original
726783.0,22.0,2024-01-19 23:00:00,OPMC_LIFT,1068160000.0,229.0,229.0,231.0,4.0,0.0,4.0,50.01,0.8675999999999999,2024-01-19 23:00:08.000,2024-01-19 23:00:08.000,2024-01-19 23:00:08.000,606084768.0,4113798.0,1232126965.0,229.0,original,229.0,original,231.0,original,4.0,original,0.0,gap_too_large,4.0,original,50.01,original,0.8675999999999999,original,606084768.0,original,4113798.0,original,1232126965.0,original,1068160000.0,original,-107.0,original
727187.0,22.0,2024-01-19 23:30:00,OPMC_LIFT,1068170000.0,228.0,229.0,230.0,4.0,0.0,4.0,49.99,0.8659999999999999,2024-01-19 23:40:13.000,2024-01-19 23:40:13.000,2024-01-19 23:40:13.000,606088352.0,4115405.0,1232138261.0,228.0,original,229.0,original,230.0,original,4.0,original,0.0,gap_too_large,4.0,original,49.99,original,0.8659999999999999,original,606088352.0,original,4115405.0,original,1232138261.0,original,1068170000.0,original,-105.0,original
727387.0,22.0,2024-01-20 00:00:00,OPMC_LIFT,1068180000.0,229.0,229.0,231.0,4.0,0.0,4.0,50.04,0.8673,2024-01-20 00:00:10.000,2024-01-20 00:00:10.000,2024-01-20 00:00:10.000,606090138.0,4116208.0,1232143893.0,229.0,original,229.0,original,231.0,original,4.0,original,0.0,gap_too_large,4.0,original,50.04,original,0.8673,original,606090138.0,original,4116208.0,original,1232143893.0,original,1068180000.0,original,-100.0,original
727659.0,22.0,2024-01-20 00:30:00,OPMC_LIFT,1068180000.0,226.0,227.0,228.0,4.0,0.0,4.0,49.96,0.8694,2024-01-20 00:30:12.000,2024-01-20 00:30:12.000,2024-01-20 00:30:12.000,606092790.0,4117408.0,1232152280.0,226.0,original,227.0,original,228.0,original,4.0,original,0.0,gap_too_large,4.0,original,49.96,original,0.8694,original,606092790.0,original,4117408.0,original,1232152280.0,original,1068180000.0,original,-119.0,original
727919.0,22.0,2024-01-20 01:00:00,OPMC_LIFT,1068190000.0,227.0,227.0,229.0,4.0,0.0,4.0,49.98,0.8648999999999999,2024-01-20 01:00:10.000,2024-01-20 01:00:10.000,2024-01-20 01:00:10.000,606095414.0,4118608.0,1232160603.0,227.0,original,227.0,original,229.0,original,4.0,original,0.0,gap_too_large,4.0,original,49.98,original,0.8648999999999999,original,606095414.0,original,4118608.0,original,1232160603.0,original,1068190000.0,original,-105.0,original
728263.0,22.0,2024-01-20 01:30:00,OPMC_LIFT,1068200000.0,227.0,227.0,229.0,4.0,0.0,4.0,49.99,0.8665999999999999,2024-01-20 01:30:07.000,2024-01-20 01:30:07.000,2024-01-20 01:30:07.000,606098048.0,4119811.0,1232168949.0,227.0,original,227.0,original,229.0,original,4.0,original,0.0,gap_too_large,4.0,original,49.99,original,0.8665999999999999,original,606098048.0,original,4119811.0,original,1232168949.0,original,1068200000.0,original,-113.0,original
728651.0,22.0,2024-01-20 02:00:00,OPMC_LIFT,1068210000.0,227.0,228.0,230.0,4.0,0.0,4.0,49.98,0.8677999999999999,2024-01-20 02:10:15.000,2024-01-20 02:10:15.000,2024-01-20 02:10:15.000,606101574.0,4121411.0,1232180101.0,227.0,original,228.0,original,230.0,original,4.0,original,0.0,gap_too_large,4.0,original,49.98,original,0.8677999999999999,original,606101574.0,original,4121411.0,original,1232180101.0,original,1068210000.0,original,-121.0,original
728819.0,22.0,2024-01-20 02:30:00,OPMC_LIFT,1068210000.0,228.0,228.0,230.0,4.0,0.0,4.0,49.98,0.8665999999999999,2024-01-20 02:30:09.000,2024-01-20 02:30:09.000,2024-01-20 02:30:09.000,606103344.0,4122211.0,1232185701.0,228.0,original,228.0,original,230.0,original,4.0,original,0.0,gap_too_large,4.0,original,49.98,original,0.8665999999999999,original,606103344.0,original,4122211.0,original,1232185701.0,original,1068210000.0,original,-106.0,original
729219.0,22.0,2024-01-20 03:00:00,OPMC_LIFT,1068220000.0,228.0,229.0,231.0,4.0,0.0,4.0,50.02,0.8668999999999999,2024-01-20 03:10:10.000,2024-01-20 03:10:10.000,2024-01-20 03:10:10.000,606106909.0,4123814.0,1232196961.0,228.0,original,229.0,original,231.0,original,4.0,original,0.0,gap_too_large,4.0,original,50.02,original,0.8668999999999999,original,606106909.0,original,4123814.0,original,1232196961.0,original,1068220000.0,original,-123.0,original
729587.0,22.0,2024-01-20 03:30:00,OPMC_LIFT,1068230000.0,229.0,229.0,231.0,4.0,0.0,4.0,50.0,0.8669999999999999,2024-01-20 03:50:08.000,2024-01-20 03:50:08.000,2024-01-20 03:50:08.000,606110493.0,4125418.0,1232208267.0,229.0,original,229.0,original,231.0,original,4.0,original,0.0,gap_too_large,4.0,original,50.0,original,0.8669999999999999,original,606110493.0,original,4125418.0,original,1232208267.0,original,1068230000.0,original,-123.0,original
729675.0,22.0,2024-01-20 04:00:00,OPMC_LIFT,1068240000.0,229.0,229.0,231.0,4.0,0.0,4.0,49.96,0.8670999999999999,2024-01-20 04:00:08.000,2024-01-20 04:00:08.000,2024-01-20 04:00:08.000,606111389.0,4125821.0,1232211093.0,229.0,original,229.0,original,231.0,original,4.0,original,0.0,gap_too_large,4.0,original,49.96,original,0.8670999999999999,original,606111389.0,original,4125821.0,original,1232211093.0,original,1068240000.0,original,-119.0,original
729963.0,22.0,2024-01-20 04:30:00,OPMC_LIFT,1068240000.0,228.0,229.0,231.0,4.0,0.0,4.0,50.01,0.8685999999999999,2024-01-20 04:30:09.000,2024-01-20 04:30:09.000,2024-01-20 04:30:09.000,606114074.0,4127021.0,1232219553.0,228.0,original,229.0,original,231.0,original,4.0,original,0.0,gap_too_large,4.0,original,50.01,original,0.8685999999999999,original,606114074.0,original,4127021.0,original,1232219553.0,original,1068240000.0,original,-121.0,original
730259.0,22.0,2024-01-20 05:00:00,OPMC_LIFT,1068250000.0,228.0,229.0,230.0,4.0,0.0,4.0,50.0,0.8712,2024-01-20 05:00:16.000,2024-01-20 05:00:16.000,2024-01-20 05:00:16.000,606116746.0,4128224.0,1232227995.0,228.0,original,229.0,original,230.0,original,4.0,original,0.0,gap_too_large,4.0,original,50.0,original,0.8712,original,606116746.0,original,4128224.0,original,1232227995.0,original,1068250000.0,original,-105.0,original
730523.0,22.0,2024-01-20 05:30:00,OPMC_LIFT,1068260000.0,228.0,228.0,230.0,4.0,0.0,4.0,50.0,0.8690999999999999,2024-01-20 05:30:08.000,2024-01-20 05:30:08.000,2024-01-20 05:30:08.000,606119405.0,4129427.0,1232236414.0,228.0,original,228.0,original,230.0,original,4.0,original,0.0,gap_too_large,4.0,original,50.0,original,0.8690999999999999,original,606119405.0,original,4129427.0,original,1232236414.0,original,1068260000.0,original,-121.0,original
730847.0,22.0,2024-01-20 06:00:00,OPMC_LIFT,1068260000.0,228.0,228.0,230.0,4.0,0.0,4.0,50.06,0.8670999999999999,2024-01-20 06:00:12.000,2024-01-20 06:00:12.000,2024-01-20 06:00:12.000,606122054.0,4130630.0,1232244801.0,228.0,original,228.0,original,230.0,original,4.0,original,0.0,gap_too_large,4.0,original,50.06,original,0.8670999999999999,original,606122054.0,original,4130630.0,original,1232244801.0,original,1068260000.0,original,-100.0,original
731111.0,22.0,2024-01-20 06:30:00,OPMC_LIFT,1068270000.0,227.0,228.0,229.0,4.0,0.0,4.0,50.06,0.8684999999999999,2024-01-20 06:30:14.000,2024-01-20 06:30:14.000,2024-01-20 06:30:14.000,606124694.0,4131837.0,1232253166.0,227.0,original,228.0,original,229.0,original,4.0,original,0.0,gap_too_large,4.0,original,50.06,original,0.8684999999999999,original,606124694.0,original,4131837.0,original,1232253166.0,original,1068270000.0,original,-121.0,original
731547.0,22.0,2024-01-20 07:00:00,OPMC_LIFT,1068280000.0,226.0,226.0,228.0,4.0,0.0,4.0,49.95,0.8697999999999999,2024-01-20 07:10:15.000,2024-01-20 07:10:15.000,2024-01-20 07:10:15.000,606128182.0,4133443.0,1232264241.0,226.0,original,226.0,original,228.0,original,4.0,original,0.0,gap_too_large,4.0,original,49.95,original,0.8697999999999999,original,606128182.0,original,4133443.0,original,1232264241.0,original,1068280000.0,original,-121.0,original
731719.0,22.0,2024-01-20 07:30:00,OPMC_LIFT,1068290000.0,227.0,227.0,229.0,4.0,0.0,4.0,49.99,0.8657999999999999,2024-01-20 07:30:14.000,2024-01-20 07:30:14.000,2024-01-20 07:30:14.000,606129926.0,4134246.0,1232269774.0,227.0,original,227.0,original,229.0,original,4.0,original,0.0,gap_too_large,4.0,original,49.99,original,0.8657999999999999,original,606129926.0,original,4134246.0,original,1232269774.0,original,1068290000.0,original,-105.0,original
731999.0,22.0,2024-01-20 08:00:00,OPMC_LIFT,1068290000.0,226.0,226.0,228.0,4.0,0.0,4.0,49.97,0.8682,2024-01-20 08:00:09.000,2024-01-20 08:00:09.000,2024-01-20 08:00:09.000,606132534.0,4135453.0,1232278062.0,226.0,original,226.0,original,228.0,original,4.0,original,0.0,gap_too_large,4.0,original,49.97,original,0.8682,original,606132534.0,original,4135453.0,original,1232278062.0,original,1068290000.0,original,-111.0,original
732399.0,22.0,2024-01-20 08:30:00,OPMC_LIFT,1068300000.0,226.0,227.0,228.0,4.0,0.0,4.0,50.01,0.8684999999999999,2024-01-20 08:40:14.000,2024-01-20 08:40:14.000,2024-01-20 08:40:14.000,606136013.0,4137056.0,1232289096.0,226.0,original,227.0,original,228.0,original,4.0,original,0.0,gap_too_large,4.0,original,50.01,original,0.8684999999999999,original,606136013.0,original,4137056.0,original,1232289096.0,original,1068300000.0,original,-120.0,original
732587.0,22.0,2024-01-20 09:00:00,OPMC_LIFT,1068310000.0,225.0,226.0,227.0,4.0,0.0,3.0,49.95,0.8675999999999999,2024-01-20 09:00:10.000,2024-01-20 09:00:10.000,2024-01-20 09:00:10.000,606137741.0,4137859.0,1232294587.0,225.0,original,226.0,original,227.0,original,4.0,original,0.0,gap_too_large,3.0,original,49.95,original,0.8675999999999999,original,606137741.0,original,4137859.0,original,1232294587.0,original,1068310000.0,original,-102.0,original
732995.0,22.0,2024-01-20 09:30:00,OPMC_LIFT,1068320000.0,227.0,227.0,228.0,4.0,0.0,4.0,50.04,0.8660999999999999,2024-01-20 09:40:14.000,2024-01-20 09:40:14.000,2024-01-20 09:40:14.000,606141232.0,4139466.0,1232305653.0,227.0,original,227.0,original,228.0,original,4.0,original,0.0,gap_too_large,4.0,original,50.04,original,0.8660999999999999,original,606141232.0,original,4139466.0,original,1232305653.0,original,1068320000.0,original,-102.0,original
733207.0,22.0,2024-01-20 10:00:00,OPMC_LIFT,1068320000.0,225.0,226.0,227.0,4.0,0.0,4.0,50.02,0.8690999999999999,2024-01-20 10:00:15.000,2024-01-20 10:00:15.000,2024-01-20 10:00:15.000,606142966.0,4140269.0,1232311160.0,225.0,original,226.0,original,227.0,original,4.0,original,0.0,gap_too_large,4.0,original,50.02,original,0.8690999999999999,original,606142966.0,original,4140269.0,original,1232311160.0,original,1068320000.0,original,-121.0,original
733471.0,22.0,2024-01-20 10:30:00,OPMC_LIFT,1068330000.0,225.0,226.0,227.0,4.0,0.0,3.0,50.02,0.8684999999999999,2024-01-20 10:30:08.000,2024-01-20 10:30:08.000,2024-01-20 10:30:08.000,606145536.0,4141469.0,1232319345.0,225.0,original,226.0,original,227.0,original,4.0,original,0.0,gap_too_large,3.0,original,50.02,original,0.8684999999999999,original,606145536.0,original,4141469.0,original,1232319345.0,original,1068330000.0,original,-118.0,original
733851.0,22.0,2024-01-20 11:00:00,OPMC_LIFT,1068340000.0,225.0,225.0,226.0,4.0,0.0,3.0,49.94,0.8685999999999999,2024-01-20 11:10:09.000,2024-01-20 11:10:09.000,2024-01-20 11:10:09.000,606148960.0,4143072.0,1232330241.0,225.0,original,225.0,original,226.0,original,4.0,original,0.0,gap_too_large,3.0,original,49.94,original,0.8685999999999999,original,606148960.0,original,4143072.0,original,1232330241.0,original,1068340000.0,original,-103.0,original
734163.0,22.0,2024-01-20 11:30:00,OPMC_LIFT,1068350000.0,225.0,226.0,227.0,4.0,0.0,4.0,50.02,0.8665999999999999,2024-01-20 11:40:14.000,2024-01-20 11:40:14.000,2024-01-20 11:40:14.000,606151533.0,4144275.0,1232338424.0,225.0,original,226.0,original,227.0,original,4.0,original,0.0,gap_too_large,4.0,original,50.02,original,0.8665999999999999,original,606151533.0,original,4144275.0,original,1232338424.0,original,1068350000.0,original,-120.0,original
734355.0,22.0,2024-01-20 12:00:00,OPMC_LIFT,1068350000.0,226.0,227.0,228.0,4.0,0.0,4.0,50.02,0.8690999999999999,2024-01-20 12:00:15.000,2024-01-20 12:00:15.000,2024-01-20 12:00:15.000,606153258.0,4145075.0,1232343912.0,226.0,original,227.0,original,228.0,original,4.0,original,0.0,gap_too_large,4.0,original,50.02,original,0.8690999999999999,original,606153258.0,original,4145075.0,original,1232343912.0,original,1068350000.0,original,-111.0,original
734727.0,22.0,2024-01-20 12:30:00,OPMC_LIFT,1068360000.0,226.0,227.0,228.0,4.0,0.0,4.0,49.98,0.8654999999999999,2024-01-20 12:40:12.000,2024-01-20 12:40:12.000,2024-01-20 12:40:12.000,606156746.0,4146682.0,1232354971.0,226.0,original,227.0,original,228.0,original,4.0,original,0.0,gap_too_large,4.0,original,49.98,original,0.8654999999999999,original,606156746.0,original,4146682.0,original,1232354971.0,original,1068360000.0,original,-121.0,original
734931.0,22.0,2024-01-20 13:00:00,OPMC_LIFT,1068370000.0,226.0,227.0,228.0,4.0,0.0,4.0,49.97,0.8699999999999999,2024-01-20 13:00:11.000,2024-01-20 13:00:11.000,2024-01-20 13:00:11.000,606158486.0,4147482.0,1232360491.0,226.0,original,227.0,original,228.0,original,4.0,original,0.0,gap_too_large,4.0,original,49.97,original,0.8699999999999999,original,606158486.0,original,4147482.0,original,1232360491.0,original,1068370000.0,original,-102.0,original
735223.0,22.0,2024-01-20 13:30:00,OPMC_LIFT,1068370000.0,225.0,226.0,227.0,4.0,0.0,4.0,50.03,0.8687999999999999,2024-01-20 13:30:10.000,2024-01-20 13:30:10.000,2024-01-20 13:30:10.000,606161059.0,4148678.0,1232368696.0,225.0,original,226.0,original,227.0,original,4.0,original,0.0,gap_too_large,4.0,original,50.03,original,0.8687999999999999,original,606161059.0,original,4148678.0,original,1232368696.0,original,1068370000.0,original,-105.0,original
735519.0,22.0,2024-01-20 14:00:00,OPMC_LIFT,1068380000.0,225.0,226.0,227.0,4.0,0.0,4.0,49.94,0.8683,2024-01-20 14:00:10.000,2024-01-20 14:00:10.000,2024-01-20 14:00:10.000,606163629.0,4149875.0,1232376888.0,225.0,original,226.0,original,227.0,original,4.0,original,0.0,gap_too_large,4.0,original,49.94,original,0.8683,original,606163629.0,original,4149875.0,original,1232376888.0,original,1068380000.0,original,-108.0,original
735519.0,,2024-01-20 14:30:00,OPMC_LIFT,1068385000.0,225.5,226.5,227.5,4.0,0.0,4.0,49.989999999999995,0.86835,,,,606166200.0,4151070.5,1232385089.5,225.5,interpolated,226.5,interpolated,227.5,interpolated,4.0,interpolated,0.0,gap_too_large,4.0,interpolated,49.989999999999995,interpolated,0.86835,interpolated,606166200.0,interpolated,4151070.5,interpolated,1232385089.5,interpolated,1068385000.0,interpolated,-107.0,interpolated
736227.0,22.0,2024-01-20 15:00:00,OPMC_LIFT,1068390000.0,226.0,227.0,228.0,4.0,0.0,4.0,50.04,0.8684,2024-01-20 15:00:13.000,2024-01-20 15:00:13.000,2024-01-20 15:00:13.000,606168771.0,4152266.0,1232393291.0,226.0,original,227.0,original,228.0,original,4.0,original,0.0,gap_too_large,4.0,original,50.04,original,0.8684,original,606168771.0,original,4152266.0,original,1232393291.0,original,1068390000.0,original,-106.0,original
736671.0,22.0,2024-01-20 15:30:00,OPMC_LIFT,1068400000.0,227.0,227.0,228.0,4.0,0.0,4.0,50.03,0.8693,2024-01-20 15:40:12.000,2024-01-20 15:40:12.000,2024-01-20 15:40:12.000,606172227.0,4153859.0,1232404299.0,227.0,original,227.0,original,228.0,original,4.0,original,0.0,gap_too_large,4.0,original,50.03,original,0.8693,original,606172227.0,original,4153859.0,original,1232404299.0,original,1068400000.0,original,-99.0,original
736891.0,22.0,2024-01-20 16:00:00,OPMC_LIFT,1068410000.0,227.0,228.0,229.0,4.0,0.0,4.0,49.97,0.8685999999999999,2024-01-20 16:00:12.000,2024-01-20 16:00:12.000,2024-01-20 16:00:12.000,606173968.0,4154656.0,1232409832.0,227.0,original,228.0,original,229.0,original,4.0,original,0.0,gap_too_large,4.0,original,49.97,original,0.8685999999999999,original,606173968.0,original,4154656.0,original,1232409832.0,original,1068410000.0,original,-111.0,original
737239.0,22.0,2024-01-20 16:30:00,OPMC_LIFT,1068420000.0,228.0,228.0,230.0,4.0,0.0,4.0,49.99,0.8678999999999999,2024-01-20 16:30:12.000,2024-01-20 16:30:12.000,2024-01-20 16:30:12.000,606176611.0,4155853.0,1232418197.0,228.0,original,228.0,original,230.0,original,4.0,original,0.0,gap_too_large,4.0,original,49.99,original,0.8678999999999999,original,606176611.0,original,4155853.0,original,1232418197.0,original,1068420000.0,original,-103.0,original
737579.0,22.0,2024-01-20 17:00:00,OPMC_LIFT,1068420000.0,229.0,229.0,231.0,4.0,0.0,4.0,50.03,0.8697999999999999,2024-01-20 17:00:14.000,2024-01-20 17:00:14.000,2024-01-20 17:00:14.000,606179267.0,4157053.0,1232426603.0,229.0,original,229.0,original,231.0,original,4.0,original,0.0,gap_too_large,4.0,original,50.03,original,0.8697999999999999,original,606179267.0,original,4157053.0,original,1232426603.0,original,1068420000.0,original,-116.0,original
737919.0,22.0,2024-01-20 17:30:00,OPMC_LIFT,1068430000.0,230.0,230.0,232.0,4.0,0.0,4.0,50.03,0.8647999999999999,2024-01-20 17:30:13.000,2024-01-20 17:30:13.000,2024-01-20 17:30:13.000,606181968.0,4158256.0,1232435115.0,230.0,original,230.0,original,232.0,original,4.0,original,0.0,gap_too_large,4.0,original,50.03,original,0.8647999999999999,original,606181968.0,original,4158256.0,original,1232435115.0,original,1068430000.0,original,-100.0,original
738299.0,22.0,2024-01-20 18:00:00,OPMC_LIFT,1068440000.0,230.0,231.0,232.0,4.0,0.0,4.0,49.94,0.8678999999999999,2024-01-20 18:10:10.000,2024-01-20 18:10:10.000,2024-01-20 18:10:10.000,606185600.0,4159856.0,1232446545.0,230.0,original,231.0,original,232.0,original,4.0,original,0.0,gap_too_large,4.0,original,49.94,original,0.8678999999999999,original,606185600.0,original,4159856.0,original,1232446545.0,original,1068440000.0,original,-106.0,original
738635.0,22.0,2024-01-20 18:30:00,OPMC_LIFT,1068450000.0,230.0,231.0,232.0,4.0,0.0,4.0,49.98,0.8670999999999999,2024-01-20 18:40:16.000,2024-01-20 18:40:16.000,2024-01-20 18:40:16.000,606188336.0,4161056.0,1232455147.0,230.0,original,231.0,original,232.0,original,4.0,original,0.0,gap_too_large,4.0,original,49.98,original,0.8670999999999999,original,606188336.0,original,4161056.0,original,1232455147.0,original,1068450000.0,original,-108.0,original
738979.0,22.0,2024-01-20 19:00:00,OPMC_LIFT,1068450000.0,228.0,229.0,230.0,4.0,0.0,4.0,50.05,0.8686999999999999,2024-01-20 19:10:15.000,2024-01-20 19:10:15.000,2024-01-20 19:10:15.000,606191040.0,4162256.0,1232463662.0,228.0,original,229.0,original,230.0,original,4.0,original,0.0,gap_too_large,4.0,original,50.05,original,0.8686999999999999,original,606191040.0,original,4162256.0,original,1232463662.0,original,1068450000.0,original,-91.0,original
739195.0,22.0,2024-01-20 19:30:00,OPMC_LIFT,1068460000.0,228.0,229.0,230.0,4.0,0.0,4.0,49.95,0.8664999999999999,2024-01-20 19:30:13.000,2024-01-20 19:30:13.000,2024-01-20 19:30:13.000,606192813.0,4163053.0,1232469278.0,228.0,original,229.0,original,230.0,original,4.0,original,0.0,gap_too_large,4.0,original,49.95,original,0.8664999999999999,original,606192813.0,original,4163053.0,original,1232469278.0,original,1068460000.0,original,-101.0,original
739611.0,22.0,2024-01-20 20:00:00,OPMC_LIFT,1068470000.0,227.0,227.0,229.0,4.0,0.0,4.0,50.03,0.8709999999999999,2024-01-20 20:10:14.000,2024-01-20 20:10:14.000,2024-01-20 20:10:14.000,606196294.0,4164646.0,1232480341.0,227.0,original,227.0,original,229.0,original,4.0,original,0.0,gap_too_large,4.0,original,50.03,original,0.8709999999999999,original,606196294.0,original,4164646.0,original,1232480341.0,original,1068470000.0,original,-105.0,original
739811.0,22.0,2024-01-20 20:30:00,OPMC_LIFT,1068470000.0,226.0,227.0,228.0,4.0,0.0,4.0,49.95,0.8694,2024-01-20 20:30:10.000,2024-01-20 20:30:10.000,2024-01-20 20:30:10.000,606198032.0,4165446.0,1232485870.0,226.0,original,227.0,original,228.0,original,4.0,original,0.0,gap_too_large,4.0,original,49.95,original,0.8694,original,606198032.0,original,4165446.0,original,1232485870.0,original,1068470000.0,original,-100.0,original
740131.0,22.0,2024-01-20 21:00:00,OPMC_LIFT,1068480000.0,227.0,227.0,229.0,4.0,0.0,4.0,50.01,0.8704,2024-01-20 21:00:12.000,2024-01-20 21:00:12.000,2024-01-20 21:00:12.000,606200643.0,4166643.0,1232494177.0,227.0,original,227.0,original,229.0,original,4.0,original,0.0,gap_too_large,4.0,original,50.01,original,0.8704,original,606200643.0,original,4166643.0,original,1232494177.0,original,1068480000.0,original,-98.0,original
740547.0,22.0,2024-01-20 21:30:00,OPMC_LIFT,1068490000.0,227.0,228.0,229.0,4.0,0.0,4.0,49.98,0.8699999999999999,2024-01-20 21:40:12.000,2024-01-20 21:40:12.000,2024-01-20 21:40:12.000,606204150.0,4168240.0,1232505310.0,227.0,original,228.0,original,229.0,original,4.0,original,0.0,gap_too_large,4.0,original,49.98,original,0.8699999999999999,original,606204150.0,original,4168240.0,original,1232505310.0,original,1068490000.0,original,-101.0,original
740859.0,22.0,2024-01-20 22:00:00,OPMC_LIFT,1068500000.0,228.0,228.0,230.0,4.0,0.0,4.0,50.05,0.8697999999999999,2024-01-20 22:10:16.000,2024-01-20 22:10:16.000,2024-01-20 22:10:16.000,606206800.0,4169437.0,1232513713.0,228.0,original,228.0,original,230.0,original,4.0,original,0.0,gap_too_large,4.0,original,50.05,original,0.8697999999999999,original,606206800.0,original,4169437.0,original,1232513713.0,original,1068500000.0,original,-119.0,original
741035.0,22.0,2024-01-20 22:30:00,OPMC_LIFT,1068500000.0,228.0,229.0,231.0,4.0,0.0,4.0,50.06,0.8675999999999999,2024-01-20 22:30:08.000,2024-01-20 22:30:08.000,2024-01-20 22:30:08.000,606208579.0,4170237.0,1232519339.0,228.0,original,229.0,original,231.0,original,4.0,original,0.0,gap_too_large,4.0,original,50.06,original,0.8675999999999999,original,606208579.0,original,4170237.0,original,1232519339.0,original,1068500000.0,original,-105.0,original
741359.0,22.0,2024-01-20 23:00:00,OPMC_LIFT,1068510000.0,229.0,230.0,232.0,4.0,0.0,4.0,50.03,0.8723,2024-01-20 23:00:11.000,2024-01-20 23:00:11.000,2024-01-20 23:00:11.000,606211270.0,4171434.0,1232527838.0,229.0,original,230.0,original,232.0,original,4.0,original,0.0,gap_too_large,4.0,original,50.03,original,0.8723,original,606211270.0,original,4171434.0,original,1232527838.0,original,1068510000.0,original,-120.0,original
741691.0,22.0,2024-01-20 23:30:00,OPMC_LIFT,1068520000.0,230.0,230.0,232.0,4.0,0.0,4.0,49.99,0.8665999999999999,2024-01-20 23:40:09.000,2024-01-20 23:40:09.000,2024-01-20 23:40:09.000,606214886.0,4173030.0,1232539246.0,230.0,original,230.0,original,232.0,original,4.0,original,0.0,gap_too_large,4.0,original,49.99,original,0.8665999999999999,original,606214886.0,original,4173030.0,original,1232539246.0,original,1068520000.0,original,-120.0,original
741883.0,22.0,2024-01-21 00:00:00,OPMC_LIFT,1068530000.0,230.0,231.0,233.0,4.0,0.0,4.0,50.02,0.8675999999999999,2024-01-21 00:00:11.000,2024-01-21 00:00:11.000,2024-01-21 00:00:11.000,606216707.0,4173830.0,1232544981.0,230.0,original,231.0,original,233.0,original,4.0,original,0.0,gap_too_large,4.0,original,50.02,original,0.8675999999999999,original,606216707.0,original,4173830.0,original,1232544981.0,original,1068530000.0,original,-100.0,original
742139.0,22.0,2024-01-21 00:30:00,OPMC_LIFT,1068530000.0,230.0,231.0,233.0,4.0,0.0,4.0,49.97,0.8657999999999999,2024-01-21 00:30:12.000,2024-01-21 00:30:12.000,2024-01-21 00:30:12.000,606219450.0,4175034.0,1232553605.0,230.0,original,231.0,original,233.0,original,4.0,original,0.0,gap_too_large,4.0,original,49.97,original,0.8657999999999999,original,606219450.0,original,4175034.0,original,1232553605.0,original,1068530000.0,original,-117.0,original
742415.0,22.0,2024-01-21 01:00:00,OPMC_LIFT,1068540000.0,231.0,231.0,233.0,4.0,0.0,4.0,50.0,0.8664999999999999,2024-01-21 01:00:10.000,2024-01-21 01:00:10.000,2024-01-21 01:00:10.000,606222195.0,4176230.0,1232562238.0,231.0,original,231.0,original,233.0,original,4.0,original,0.0,gap_too_large,4.0,original,50.0,original,0.8664999999999999,original,606222195.0,original,4176230.0,original,1232562238.0,original,1068540000.0,original,-106.0,original
742767.0,22.0,2024-01-21 01:30:00,OPMC_LIFT,1068550000.0,229.0,229.0,231.0,4.0,0.0,4.0,50.01,0.8693,2024-01-21 01:30:09.000,2024-01-21 01:30:09.000,2024-01-21 01:30:09.000,606224893.0,4177430.0,1232570753.0,229.0,original,229.0,original,231.0,original,4.0,original,0.0,gap_too_large,4.0,original,50.01,original,0.8693,original,606224893.0,original,4177430.0,original,1232570753.0,original,1068550000.0,original,-102.0,original
743039.0,22.0,2024-01-21 02:00:00,OPMC_LIFT,1068560000.0,229.0,230.0,232.0,4.0,0.0,4.0,50.05,0.8684999999999999,2024-01-21 02:00:15.000,2024-01-21 02:00:15.000,2024-01-21 02:00:15.000,606227590.0,4178634.0,1232579262.0,229.0,original,230.0,original,232.0,original,4.0,original,0.0,gap_too_large,4.0,original,50.05,original,0.8684999999999999,original,606227590.0,original,4178634.0,original,1232579262.0,original,1068560000.0,original,-118.0,original
743291.0,22.0,2024-01-21 02:30:00,OPMC_LIFT,1068560000.0,230.0,230.0,232.0,4.0,0.0,4.0,49.97,0.8669999999999999,2024-01-21 02:30:09.000,2024-01-21 02:30:09.000,2024-01-21 02:30:09.000,606230298.0,4179834.0,1232587806.0,230.0,original,230.0,original,232.0,original,4.0,original,0.0,gap_too_large,4.0,original,49.97,original,0.8669999999999999,original,606230298.0,original,4179834.0,original,1232587806.0,original,1068560000.0,original,-118.0,original
743551.0,22.0,2024-01-21 03:00:00,OPMC_LIFT,1068570000.0,230.0,231.0,233.0,4.0,0.0,4.0,50.02,0.8677999999999999,2024-01-21 03:00:12.000,2024-01-21 03:00:12.000,2024-01-21 03:00:12.000,606233021.0,4181034.0,1232596389.0,230.0,original,231.0,original,233.0,original,4.0,original,0.0,gap_too_large,4.0,original,50.02,original,0.8677999999999999,original,606233021.0,original,4181034.0,original,1232596389.0,original,1068570000.0,original,-119.0,original
743955.0,22.0,2024-01-21 03:30:00,OPMC_LIFT,1068580000.0,230.0,231.0,233.0,4.0,0.0,4.0,50.03,0.8674,2024-01-21 03:50:13.000,2024-01-21 03:50:13.000,2024-01-21 03:50:13.000,606237594.0,4183037.0,1232610769.0,230.0,original,231.0,original,233.0,original,4.0,original,0.0,gap_too_large,4.0,original,50.03,original,0.8674,original,606237594.0,original,4183037.0,original,1232610769.0,original,1068580000.0,original,-105.0,original
744039.0,22.0,2024-01-21 04:00:00,OPMC_LIFT,1068590000.0,231.0,231.0,233.0,4.0,0.0,4.0,50.04,0.8684,2024-01-21 04:00:15.000,2024-01-21 04:00:15.000,2024-01-21 04:00:15.000,606238509.0,4183437.0,1232613646.0,231.0,original,231.0,original,233.0,original,4.0,original,0.0,gap_too_large,4.0,original,50.04,original,0.8684,original,606238509.0,original,4183437.0,original,1232613646.0,original,1068590000.0,original,-101.0,original
744275.0,22.0,2024-01-21 04:30:00,OPMC_LIFT,1068590000.0,230.0,231.0,233.0,4.0,0.0,4.0,50.03,0.8694999999999999,2024-01-21 04:30:12.000,2024-01-21 04:30:12.000,2024-01-21 04:30:12.000,606241254.0,4184640.0,1232622273.0,230.0,original,231.0,original,233.0,original,4.0,original,0.0,gap_too_large,4.0,original,50.03,original,0.8694999999999999,original,606241254.0,original,4184640.0,original,1232622273.0,original,1068590000.0,original,-118.0,original
744543.0,22.0,2024-01-21 05:00:00,OPMC_LIFT,1068600000.0,230.0,230.0,232.0,4.0,0.0,4.0,50.0,0.8688999999999999,2024-01-21 05:00:10.000,2024-01-21 05:00:10.000,2024-01-21 05:00:10.000,606243994.0,4185843.0,1232630891.0,230.0,original,230.0,original,232.0,original,4.0,original,0.0,gap_too_large,4.0,original,50.0,original,0.8688999999999999,original,606243994.0,original,4185843.0,original,1232630891.0,original,1068600000.0,original,-116.0,original
744819.0,22.0,2024-01-21 05:30:00,OPMC_LIFT,1068610000.0,230.0,230.0,232.0,4.0,0.0,4.0,50.04,0.8689999999999999,2024-01-21 05:30:15.000,2024-01-21 05:30:15.000,2024-01-21 05:30:15.000,606246723.0,4187043.0,1232639473.0,230.0,original,230.0,original,232.0,original,4.0,original,0.0,gap_too_large,4.0,original,50.04,original,0.8689999999999999,original,606246723.0,original,4187043.0,original,1232639473.0,original,1068610000.0,original,-101.0,original
745079.0,22.0,2024-01-21 06:00:00,OPMC_LIFT,1068610000.0,230.0,230.0,232.0,4.0,0.0,4.0,50.01,0.8669999999999999,2024-01-21 06:00:12.000,2024-01-21 06:00:12.000,2024-01-21 06:00:12.000,606249450.0,4188250.0,1232648065.0,230.0,original,230.0,original,232.0,original,4.0,original,0.0,gap_too_large,4.0,original,50.01,original,0.8669999999999999,original,606249450.0,original,4188250.0,original,1232648065.0,original,1068610000.0,original,-110.0,original
745319.0,22.0,2024-01-21 06:30:00,OPMC_LIFT,1068620000.0,230.0,230.0,232.0,4.0,0.0,4.0,50.06,0.8665999999999999,2024-01-21 06:30:07.000,2024-01-21 06:30:07.000,2024-01-21 06:30:07.000,606252179.0,4189459.0,1232656648.0,230.0,original,230.0,original,232.0,original,4.0,original,0.0,gap_too_large,4.0,original,50.06,original,0.8665999999999999,original,606252179.0,original,4189459.0,original,1232656648.0,original,1068620000.0,original,-118.0,original
745735.0,22.0,2024-01-21 07:00:00,OPMC_LIFT,1068630000.0,230.0,231.0,232.0,4.0,0.0,4.0,50.14,0.8663,2024-01-21 07:00:17.000,2024-01-21 07:00:17.000,2024-01-21 07:00:17.000,606254906.0,4190669.0,1232665224.0,230.0,original,231.0,original,232.0,original,4.0,original,0.0,gap_too_large,4.0,original,50.14,original,0.8663,original,606254906.0,original,4190669.0,original,1232665224.0,original,1068630000.0,original,-99.0,original
746027.0,22.0,2024-01-21 07:30:00,OPMC_LIFT,1068640000.0,229.0,230.0,231.0,4.0,0.0,4.0,50.0,0.8679999999999999,2024-01-21 07:30:09.000,2024-01-21 07:30:09.000,2024-01-21 07:30:09.000,606257616.0,4191875.0,1232673768.0,229.0,original,230.0,original,231.0,original,4.0,original,0.0,gap_too_large,4.0,original,50.0,original,0.8679999999999999,original,606257616.0,original,4191875.0,original,1232673768.0,original,1068640000.0,original,-119.0,original
746335.0,22.0,2024-01-21 08:00:00,OPMC_LIFT,1068640000.0,228.0,229.0,230.0,4.0,0.0,4.0,49.99,0.8677999999999999,2024-01-21 08:00:13.000,2024-01-21 08:00:13.000,2024-01-21 08:00:13.000,606260304.0,4193082.0,1232682254.0,228.0,original,229.0,original,230.0,original,4.0,original,0.0,gap_too_large,4.0,original,49.99,original,0.8677999999999999,original,606260304.0,original,4193082.0,original,1232682254.0,original,1068640000.0,original,-119.0,original
746623.0,22.0,2024-01-21 08:30:00,OPMC_LIFT,1068650000.0,227.0,228.0,229.0,4.0,0.0,4.0,49.94,0.8680999999999999,2024-01-21 08:30:14.000,2024-01-21 08:30:14.000,2024-01-21 08:30:14.000,606262966.0,4194285.0,1232690667.0,227.0,original,228.0,original,229.0,original,4.0,original,0.0,gap_too_large,4.0,original,49.94,original,0.8680999999999999,original,606262966.0,original,4194285.0,original,1232690667.0,original,1068650000.0,original,-117.0,original
746915.0,22.0,2024-01-21 09:00:00,OPMC_LIFT,1068660000.0,226.0,226.0,228.0,4.0,0.0,4.0,49.95,0.8686999999999999,2024-01-21 09:00:14.000,2024-01-21 09:00:14.000,2024-01-21 09:00:14.000,606265587.0,4195485.0,1232698987.0,226.0,original,226.0,original,228.0,original,4.0,original,0.0,gap_too_large,4.0,original,49.95,original,0.8686999999999999,original,606265587.0,original,4195485.0,original,1232698987.0,original,1068660000.0,original,-101.0,original
747215.0,22.0,2024-01-21 09:30:00,OPMC_LIFT,1068670000.0,225.0,225.0,227.0,4.0,0.0,4.0,50.0,0.8684,2024-01-21 09:30:14.000,2024-01-21 09:30:14.000,2024-01-21 09:30:14.000,606268176.0,4196685.0,1232707217.0,225.0,original,225.0,original,227.0,original,4.0,original,0.0,gap_too_large,4.0,original,50.0,original,0.8684,original,606268176.0,original,4196685.0,original,1232707217.0,original,1068670000.0,original,-106.0,original
747503.0,22.0,2024-01-21 10:00:00,OPMC_LIFT,1068670000.0,226.0,227.0,228.0,4.0,0.0,4.0,50.04,0.8692,2024-01-21 10:00:09.000,2024-01-21 10:00:09.000,2024-01-21 10:00:09.000,606270806.0,4197885.0,1232715557.0,226.0,original,227.0,original,228.0,original,4.0,original,0.0,gap_too_large,4.0,original,50.04,original,0.8692,original,606270806.0,original,4197885.0,original,1232715557.0,original,1068670000.0,original,-118.0,original
747831.0,22.0,2024-01-21 10:30:00,OPMC_LIFT,1068680000.0,226.0,227.0,228.0,4.0,0.0,4.0,50.04,0.8680999999999999,2024-01-21 10:30:16.000,2024-01-21 10:30:16.000,2024-01-21 10:30:16.000,606273424.0,4199088.0,1232723857.0,226.0,original,227.0,original,228.0,original,4.0,original,0.0,gap_too_large,4.0,original,50.04,original,0.8680999999999999,original,606273424.0,original,4199088.0,original,1232723857.0,original,1068680000.0,original,-100.0,original
748119.0,22.0,2024-01-21 11:00:00,OPMC_LIFT,1068690000.0,226.0,227.0,228.0,4.0,0.0,4.0,50.05,0.8660999999999999,2024-01-21 11:00:14.000,2024-01-21 11:00:14.000,2024-01-21 11:00:14.000,606276029.0,4200291.0,1232732136.0,226.0,original,227.0,original,228.0,original,4.0,original,0.0,gap_too_large,4.0,original,50.05,original,0.8660999999999999,original,606276029.0,original,4200291.0,original,1232732136.0,original,1068690000.0,original,-118.0,original
748383.0,22.0,2024-01-21 11:30:00,OPMC_LIFT,1068700000.0,226.0,226.0,228.0,4.0,0.0,4.0,49.96,0.8695999999999999,2024-01-21 11:30:11.000,2024-01-21 11:30:11.000,2024-01-21 11:30:11.000,606278634.0,4201491.0,1232740395.0,226.0,original,226.0,original,228.0,original,4.0,original,0.0,gap_too_large,4.0,original,49.96,original,0.8695999999999999,original,606278634.0,original,4201491.0,original,1232740395.0,original,1068700000.0,original,-106.0,original
748691.0,22.0,2024-01-21 12:00:00,OPMC_LIFT,1068700000.0,226.0,227.0,228.0,4.0,0.0,4.0,49.94,0.8680999999999999,2024-01-21 12:00:12.000,2024-01-21 12:00:12.000,2024-01-21 12:00:12.000,606281238.0,4202691.0,1232748667.0,226.0,original,227.0,original,228.0,original,4.0,original,0.0,gap_too_large,4.0,original,49.94,original,0.8680999999999999,original,606281238.0,original,4202691.0,original,1232748667.0,original,1068700000.0,original,-105.0,original
749067.0,22.0,2024-01-21 12:30:00,OPMC_LIFT,1068710000.0,226.0,227.0,228.0,4.0,0.0,4.0,50.04,0.8669999999999999,2024-01-21 12:40:11.000,2024-01-21 12:40:11.000,2024-01-21 12:40:11.000,606284714.0,4204288.0,1232759710.0,226.0,original,227.0,original,228.0,original,4.0,original,0.0,gap_too_large,4.0,original,50.04,original,0.8669999999999999,original,606284714.0,original,4204288.0,original,1232759710.0,original,1068710000.0,original,-117.0,original
749255.0,22.0,2024-01-21 13:00:00,OPMC_LIFT,1068720000.0,226.0,226.0,228.0,4.0,0.0,4.0,49.94,0.8680999999999999,2024-01-21 13:00:09.000,2024-01-21 13:00:09.000,2024-01-21 13:00:09.000,606286448.0,4205088.0,1232765227.0,226.0,original,226.0,original,228.0,original,4.0,original,0.0,gap_too_large,4.0,original,49.94,original,0.8680999999999999,original,606286448.0,original,4205088.0,original,1232765227.0,original,1068720000.0,original,-101.0,original
749571.0,22.0,2024-01-21 13:30:00,OPMC_LIFT,1068720000.0,225.0,226.0,228.0,4.0,0.0,4.0,50.06,0.8696999999999999,2024-01-21 13:30:10.000,2024-01-21 13:30:10.000,2024-01-21 13:30:10.000,606289030.0,4206282.0,1232773441.0,225.0,original,226.0,original,228.0,original,4.0,original,0.0,gap_too_large,4.0,original,50.06,original,0.8696999999999999,original,606289030.0,original,4206282.0,original,1232773441.0,original,1068720000.0,original,-106.0,original
749887.0,22.0,2024-01-21 14:00:00,OPMC_LIFT,1068730000.0,226.0,227.0,228.0,4.0,0.0,4.0,50.02,0.8656999999999999,2024-01-21 14:00:12.000,2024-01-21 14:00:12.000,2024-01-21 14:00:12.000,606291619.0,4207478.0,1232781688.0,226.0,original,227.0,original,228.0,original,4.0,original,0.0,gap_too_large,4.0,original,50.02,original,0.8656999999999999,original,606291619.0,original,4207478.0,original,1232781688.0,original,1068730000.0,original,-118.0,original
750255.0,22.0,2024-01-21 14:30:00,OPMC_LIFT,1068740000.0,226.0,227.0,228.0,4.0,0.0,4.0,49.99,0.8634999999999999,2024-01-21 14:35:00.000,2024-01-21 14:35:00.000,2024-01-21 14:35:00.000,606294640.0,4208870.0,1232791288.0,226.0,original,227.0,original,228.0,original,4.0,original,0.0,gap_too_large,4.0,original,49.99,original,0.8634999999999999,original,606294640.0,original,4208870.0,original,1232791288.0,original,1068740000.0,original,-106.0,original
750535.0,22.0,2024-01-21 15:00:00,OPMC_LIFT,1068750000.0,227.0,227.0,229.0,4.0,0.0,4.0,50.07,0.8676999999999999,2024-01-21 15:00:12.000,2024-01-21 15:00:12.000,2024-01-21 15:00:12.000,606296835.0,4209878.0,1232798261.0,227.0,original,227.0,original,229.0,original,4.0,original,0.0,gap_too_large,4.0,original,50.07,original,0.8676999999999999,original,606296835.0,original,4209878.0,original,1232798261.0,original,1068750000.0,original,-118.0,original
750783.0,22.0,2024-01-21 15:30:00,OPMC_LIFT,1068750000.0,226.0,227.0,228.0,4.0,0.0,4.0,49.98,0.8680999999999999,2024-01-21 15:30:07.000,2024-01-21 15:30:07.000,2024-01-21 15:30:07.000,606299456.0,4211082.0,1232806574.0,226.0,original,227.0,original,228.0,original,4.0,original,0.0,gap_too_large,4.0,original,49.98,original,0.8680999999999999,original,606299456.0,original,4211082.0,original,1232806574.0,original,1068750000.0,original,-99.0,original
751091.0,22.0,2024-01-21 16:00:00,OPMC_LIFT,1068760000.0,226.0,227.0,228.0,4.0,0.0,4.0,49.97,0.8679999999999999,2024-01-21 16:00:16.000,2024-01-21 16:00:16.000,2024-01-21 16:00:16.000,606302067.0,4212282.0,1232814865.0,226.0,original,227.0,original,228.0,original,4.0,original,0.0,gap_too_large,4.0,original,49.97,original,0.8679999999999999,original,606302067.0,original,4212282.0,original,1232814865.0,original,1068760000.0,original,-119.0,original
751359.0,22.0,2024-01-21 16:30:00,OPMC_LIFT,1068770000.0,227.0,227.0,228.0,4.0,0.0,4.0,49.98,0.8664999999999999,2024-01-21 16:30:10.000,2024-01-21 16:30:10.000,2024-01-21 16:30:10.000,606304678.0,4213485.0,1232823163.0,227.0,original,227.0,original,228.0,original,4.0,original,0.0,gap_too_large,4.0,original,49.98,original,0.8664999999999999,original,606304678.0,original,4213485.0,original,1232823163.0,original,1068770000.0,original,-119.0,original
751607.0,22.0,2024-01-21 17:00:00,OPMC_LIFT,1068770000.0,227.0,228.0,229.0,4.0,0.0,4.0,50.03,0.8690999999999999,2024-01-21 17:00:12.000,2024-01-21 17:00:12.000,2024-01-21 17:00:12.000,606307299.0,4214688.0,1232831477.0,227.0,original,228.0,original,229.0,original,4.0,original,0.0,gap_too_large,4.0,original,50.03,original,0.8690999999999999,original,606307299.0,original,4214688.0,original,1232831477.0,original,1068770000.0,original,-117.0,original
751991.0,22.0,2024-01-21 17:30:00,OPMC_LIFT,1068780000.0,227.0,228.0,229.0,4.0,0.0,4.0,50.0,0.8678999999999999,2024-01-21 17:40:12.000,2024-01-21 17:40:12.000,2024-01-21 17:40:12.000,606310806.0,4216291.0,1232842603.0,227.0,original,228.0,original,229.0,original,4.0,original,0.0,gap_too_large,4.0,original,50.0,original,0.8678999999999999,original,606310806.0,original,4216291.0,original,1232842603.0,original,1068780000.0,original,-118.0,original
752151.0,22.0,2024-01-21 18:00:00,OPMC_LIFT,1068790000.0,227.0,228.0,229.0,4.0,0.0,4.0,50.01,0.8673,2024-01-21 18:00:09.000,2024-01-21 18:00:09.000,2024-01-21 18:00:09.000,606312570.0,4217094.0,1232848184.0,227.0,original,228.0,original,229.0,original,4.0,original,0.0,gap_too_large,4.0,original,50.01,original,0.8673,original,606312570.0,original,4217094.0,original,1232848184.0,original,1068790000.0,original,-113.0,original
752415.0,22.0,2024-01-21 18:30:00,OPMC_LIFT,1068800000.0,227.0,228.0,229.0,4.0,0.0,4.0,49.97,0.8687999999999999,2024-01-21 18:30:08.000,2024-01-21 18:30:08.000,2024-01-21 18:30:08.000,606315210.0,4218298.0,1232856558.0,227.0,original,228.0,original,229.0,original,4.0,original,0.0,gap_too_large,4.0,original,49.97,original,0.8687999999999999,original,606315210.0,original,4218298.0,original,1232856558.0,original,1068800000.0,original,-119.0,original
752811.0,22.0,2024-01-21 19:00:00,OPMC_LIFT,1068810000.0,227.0,228.0,229.0,4.0,0.0,4.0,49.96,0.8685999999999999,2024-01-21 19:10:11.000,2024-01-21 19:10:11.000,2024-01-21 19:10:11.000,606318733.0,4219901.0,1232867726.0,227.0,original,228.0,original,229.0,original,4.0,original,0.0,gap_too_large,4.0,original,49.96,original,0.8685999999999999,original,606318733.0,original,4219901.0,original,1232867726.0,original,1068810000.0,original,-118.0,original
752995.0,22.0,2024-01-21 19:30:00,OPMC_LIFT,1068810000.0,227.0,228.0,229.0,4.0,0.0,4.0,49.96,0.8678999999999999,2024-01-21 19:30:07.000,2024-01-21 19:30:07.000,2024-01-21 19:30:07.000,606320493.0,4220704.0,1232873310.0,227.0,original,228.0,original,229.0,original,4.0,original,0.0,gap_too_large,4.0,original,49.96,original,0.8678999999999999,original,606320493.0,original,4220704.0,original,1232873310.0,original,1068810000.0,original,-105.0,original
753267.0,22.0,2024-01-21 20:00:00,OPMC_LIFT,1068820000.0,227.0,228.0,230.0,4.0,0.0,4.0,49.96,0.8676999999999999,2024-01-21 20:00:12.000,2024-01-21 20:00:12.000,2024-01-21 20:00:12.000,606323136.0,4221910.0,1232881694.0,227.0,original,228.0,original,230.0,original,4.0,original,0.0,gap_too_large,4.0,original,49.96,original,0.8676999999999999,original,606323136.0,original,4221910.0,original,1232881694.0,original,1068820000.0,original,-101.0,original
753523.0,22.0,2024-01-21 20:30:00,OPMC_LIFT,1068830000.0,227.0,227.0,229.0,4.0,0.0,4.0,50.0,0.8696999999999999,2024-01-21 20:30:07.000,2024-01-21 20:30:07.000,2024-01-21 20:30:07.000,606325770.0,4223114.0,1232890049.0,227.0,original,227.0,original,229.0,original,4.0,original,0.0,gap_too_large,4.0,original,50.0,original,0.8696999999999999,original,606325770.0,original,4223114.0,original,1232890049.0,original,1068830000.0,original,-106.0,original
753887.0,22.0,2024-01-21 21:00:00,OPMC_LIFT,1068830000.0,227.0,228.0,229.0,4.0,0.0,4.0,50.05,0.8657999999999999,2024-01-21 21:10:12.000,2024-01-21 21:10:12.000,2024-01-21 21:10:12.000,606329264.0,4224717.0,1232901157.0,227.0,original,228.0,original,229.0,original,4.0,original,0.0,gap_too_large,4.0,original,50.05,original,0.8657999999999999,original,606329264.0,original,4224717.0,original,1232901157.0,original,1068830000.0,original,-119.0,original
754063.0,22.0,2024-01-21 21:30:00,OPMC_LIFT,1068840000.0,228.0,228.0,230.0,4.0,0.0,4.0,49.98,0.8696999999999999,2024-01-21 21:30:10.000,2024-01-21 21:30:10.000,2024-01-21 21:30:10.000,606331024.0,4225517.0,1232906737.0,228.0,original,228.0,original,230.0,original,4.0,original,0.0,gap_too_large,4.0,original,49.98,original,0.8696999999999999,original,606331024.0,original,4225517.0,original,1232906737.0,original,1068840000.0,original,-100.0,original
754491.0,22.0,2024-01-21 22:00:00,OPMC_LIFT,1068850000.0,228.0,229.0,231.0,4.0,0.0,4.0,50.05,0.8689999999999999,2024-01-21 22:20:12.000,2024-01-21 22:20:12.000,2024-01-21 22:20:12.000,606335456.0,4227526.0,1232920782.0,228.0,original,229.0,original,231.0,original,4.0,original,0.0,gap_too_large,4.0,original,50.05,original,0.8689999999999999,original,606335456.0,original,4227526.0,original,1232920782.0,original,1068850000.0,original,-120.0,original
754575.0,22.0,2024-01-21 22:30:00,OPMC_LIFT,1068850000.0,228.0,229.0,231.0,4.0,0.0,4.0,49.98,0.8677999999999999,2024-01-21 22:30:07.000,2024-01-21 22:30:07.000,2024-01-21 22:30:07.000,606336346.0,4227926.0,1232923598.0,228.0,original,229.0,original,231.0,original,4.0,original,0.0,gap_too_large,4.0,original,49.98,original,0.8677999999999999,original,606336346.0,original,4227926.0,original,1232923598.0,original,1068850000.0,original,-106.0,original
754959.0,22.0,2024-01-21 23:00:00,OPMC_LIFT,1068860000.0,229.0,229.0,231.0,4.0,0.0,4.0,50.02,0.8689999999999999,2024-01-21 23:00:13.000,2024-01-21 23:00:13.000,2024-01-21 23:00:13.000,606339034.0,4229130.0,1232932088.0,229.0,original,229.0,original,231.0,original,4.0,original,0.0,gap_too_large,4.0,original,50.02,original,0.8689999999999999,original,606339034.0,original,4229130.0,original,1232932088.0,original,1068860000.0,original,-119.0,original
755339.0,22.0,2024-01-21 23:30:00,OPMC_LIFT,1068870000.0,229.0,230.0,232.0,4.0,0.0,4.0,50.0,0.8677999999999999,2024-01-21 23:40:10.000,2024-01-21 23:40:10.000,2024-01-21 23:40:10.000,606342637.0,4230736.0,1232943457.0,229.0,original,230.0,original,232.0,original,4.0,original,0.0,gap_too_large,4.0,original,50.0,original,0.8677999999999999,original,606342637.0,original,4230736.0,original,1232943457.0,original,1068870000.0,original,-117.0,original
755547.0,22.0,2024-01-22 00:00:00,OPMC_LIFT,1068880000.0,230.0,230.0,232.0,4.0,0.0,4.0,50.02,0.8680999999999999,2024-01-22 00:00:09.000,2024-01-22 00:00:09.000,2024-01-22 00:00:09.000,606344445.0,4231539.0,1232949160.0,230.0,original,230.0,original,232.0,original,4.0,original,0.0,gap_too_large,4.0,original,50.02,original,0.8680999999999999,original,606344445.0,original,4231539.0,original,1232949160.0,original,1068880000.0,original,-119.0,original
755963.0,22.0,2024-01-22 00:30:00,OPMC_LIFT,1068890000.0,229.0,230.0,232.0,4.0,0.0,4.0,49.95,0.8657999999999999,2024-01-22 00:40:08.000,2024-01-22 00:40:08.000,2024-01-22 00:40:08.000,606348061.0,4233146.0,1232960549.0,229.0,original,230.0,original,232.0,original,4.0,original,0.0,gap_too_large,4.0,original,49.95,original,0.8657999999999999,original,606348061.0,original,4233146.0,original,1232960549.0,original,1068890000.0,original,-108.0,original
756183.0,22.0,2024-01-22 01:00:00,OPMC_LIFT,1068890000.0,230.0,230.0,232.0,4.0,0.0,4.0,50.0,0.8685999999999999,2024-01-22 01:00:10.000,2024-01-22 01:00:10.000,2024-01-22 01:00:10.000,606349872.0,4233946.0,1232966257.0,230.0,original,230.0,original,232.0,original,4.0,original,0.0,gap_too_large,4.0,original,50.0,original,0.8685999999999999,original,606349872.0,original,4233946.0,original,1232966257.0,original,1068890000.0,original,-116.0,original
756515.0,22.0,2024-01-22 01:30:00,OPMC_LIFT,1068900000.0,230.0,230.0,232.0,4.0,0.0,4.0,50.05,0.8678999999999999,2024-01-22 01:30:08.000,2024-01-22 01:30:08.000,2024-01-22 01:30:08.000,606352595.0,4235149.0,1232974830.0,230.0,original,230.0,original,232.0,original,4.0,original,0.0,gap_too_large,4.0,original,50.05,original,0.8678999999999999,original,606352595.0,original,4235149.0,original,1232974830.0,original,1068900000.0,original,-116.0,original
756899.0,22.0,2024-01-22 02:00:00,OPMC_LIFT,1068910000.0,231.0,231.0,233.0,4.0,0.0,4.0,50.01,0.8697999999999999,2024-01-22 02:10:12.000,2024-01-22 02:10:12.000,2024-01-22 02:10:12.000,606356240.0,4236755.0,1232986296.0,231.0,original,231.0,original,233.0,original,4.0,original,0.0,gap_too_large,4.0,original,50.01,original,0.8697999999999999,original,606356240.0,original,4236755.0,original,1232986296.0,original,1068910000.0,original,-103.0,original
757095.0,22.0,2024-01-22 02:30:00,OPMC_LIFT,1068910000.0,231.0,231.0,233.0,4.0,0.0,4.0,50.02,0.8667999999999999,2024-01-22 02:30:06.000,2024-01-22 02:30:06.000,2024-01-22 02:30:06.000,606358074.0,4237558.0,1232992053.0,231.0,original,231.0,original,233.0,original,4.0,original,0.0,gap_too_large,4.0,original,50.02,original,0.8667999999999999,original,606358074.0,original,4237558.0,original,1232992053.0,original,1068910000.0,original,-101.0,original
757635.0,22.0,2024-01-22 03:00:00,OPMC_LIFT,1068930000.0,229.0,229.0,231.0,4.0,0.0,4.0,50.06,0.8644999999999999,2024-01-22 03:20:11.000,2024-01-22 03:20:11.000,2024-01-22 03:20:11.000,606362566.0,4239562.0,1233006238.0,229.0,original,229.0,original,231.0,original,4.0,original,0.0,gap_too_large,4.0,original,50.06,original,0.8644999999999999,original,606362566.0,original,4239562.0,original,1233006238.0,original,1068930000.0,original,-108.0,original
757743.0,22.0,2024-01-22 03:30:00,OPMC_LIFT,1068930000.0,229.0,229.0,231.0,4.0,0.0,4.0,50.03,0.8672,2024-01-22 03:30:12.000,2024-01-22 03:30:12.000,2024-01-22 03:30:12.000,606363466.0,4239965.0,1233009077.0,229.0,original,229.0,original,231.0,original,4.0,original,0.0,gap_too_large,4.0,original,50.03,original,0.8672,original,606363466.0,original,4239965.0,original,1233009077.0,original,1068930000.0,original,-106.0,original
758011.0,22.0,2024-01-22 04:00:00,OPMC_LIFT,1068940000.0,229.0,229.0,231.0,4.0,0.0,4.0,50.06,0.8675999999999999,2024-01-22 04:00:06.000,2024-01-22 04:00:06.000,2024-01-22 04:00:06.000,606366160.0,4241168.0,1233017589.0,229.0,original,229.0,original,231.0,original,4.0,original,0.0,gap_too_large,4.0,original,50.06,original,0.8675999999999999,original,606366160.0,original,4241168.0,original,1233017589.0,original,1068940000.0,original,-119.0,original
758459.0,22.0,2024-01-22 04:30:00,OPMC_LIFT,1068950000.0,228.0,229.0,230.0,4.0,0.0,4.0,50.05,0.8684,2024-01-22 04:40:10.000,2024-01-22 04:40:10.000,2024-01-22 04:40:10.000,606369734.0,4242771.0,1233028888.0,228.0,original,229.0,original,230.0,original,4.0,original,0.0,gap_too_large,4.0,original,50.05,original,0.8684,original,606369734.0,original,4242771.0,original,1233028888.0,original,1068950000.0,original,-119.0,original
758671.0,22.0,2024-01-22 05:00:00,OPMC_LIFT,1068950000.0,228.0,228.0,230.0,4.0,0.0,4.0,50.03,0.8684999999999999,2024-01-22 05:00:12.000,2024-01-22 05:00:12.000,2024-01-22 05:00:12.000,606371510.0,4243574.0,1233034510.0,228.0,original,228.0,original,230.0,original,4.0,original,0.0,gap_too_large,4.0,original,50.03,original,0.8684999999999999,original,606371510.0,original,4243574.0,original,1233034510.0,original,1068950000.0,original,-118.0,original
759067.0,22.0,2024-01-22 05:30:00,OPMC_LIFT,1068960000.0,227.0,227.0,229.0,4.0,0.0,4.0,49.98,0.8674,2024-01-22 05:40:13.000,2024-01-22 05:40:13.000,2024-01-22 05:40:13.000,606375024.0,4245171.0,1233045646.0,227.0,original,227.0,original,229.0,original,4.0,original,0.0,gap_too_large,4.0,original,49.98,original,0.8674,original,606375024.0,original,4245171.0,original,1233045646.0,original,1068960000.0,original,-99.0,original
759275.0,22.0,2024-01-22 06:00:00,OPMC_LIFT,1068960000.0,226.0,227.0,228.0,4.0,0.0,4.0,50.04,0.8722,2024-01-22 06:00:15.000,2024-01-22 06:00:15.000,2024-01-22 06:00:15.000,606376768.0,4245971.0,1233051189.0,226.0,original,227.0,original,228.0,original,4.0,original,0.0,gap_too_large,4.0,original,50.04,original,0.8722,original,606376768.0,original,4245971.0,original,1233051189.0,original,1068960000.0,original,-118.0,original
759275.0,,2024-01-22 06:30:00,OPMC_LIFT,0.0,0.0,0.0,0.0,0.0,0.0,0.0,0.0,0.0,,,,0.0,0.0,0.0,0.0,gap_too_large,0.0,gap_too_large,0.0,gap_too_large,0.0,gap_too_large,0.0,gap_too_large,0.0,gap_too_large,0.0,gap_too_large,0.0,gap_too_large,0.0,gap_too_large,0.0,gap_too_large,0.0,gap_too_large,0.0,gap_too_large,0.0,gap_too_large
759275.0,,2024-01-22 07:00:00,OPMC_LIFT,0.0,0.0,0.0,0.0,0.0,0.0,0.0,0.0,0.0,,,,0.0,0.0,0.0,0.0,gap_too_large,0.0,gap_too_large,0.0,gap_too_large,0.0,gap_too_large,0.0,gap_too_large,0.0,gap_too_large,0.0,gap_too_large,0.0,gap_too_large,0.0,gap_too_large,0.0,gap_too_large,0.0,gap_too_large,0.0,gap_too_large,0.0,gap_too_large
759275.0,,2024-01-22 07:30:00,OPMC_LIFT,0.0,0.0,0.0,0.0,0.0,0.0,0.0,0.0,0.0,,,,0.0,0.0,0.0,0.0,gap_too_large,0.0,gap_too_large,0.0,gap_too_large,0.0,gap_too_large,0.0,gap_too_large,0.0,gap_too_large,0.0,gap_too_large,0.0,gap_too_large,0.0,gap_too_large,0.0,gap_too_large,0.0,gap_too_large,0.0,gap_too_large,0.0,gap_too_large
759275.0,,2024-01-22 08:00:00,OPMC_LIFT,0.0,0.0,0.0,0.0,0.0,0.0,0.0,0.0,0.0,,,,0.0,0.0,0.0,0.0,gap_too_large,0.0,gap_too_large,0.0,gap_too_large,0.0,gap_too_large,0.0,gap_too_large,0.0,gap_too_large,0.0,gap_too_large,0.0,gap_too_large,0.0,gap_too_large,0.0,gap_too_large,0.0,gap_too_large,0.0,gap_too_large,0.0,gap_too_large
759275.0,,2024-01-22 08:30:00,OPMC_LIFT,0.0,0.0,0.0,0.0,0.0,0.0,0.0,0.0,0.0,,,,0.0,0.0,0.0,0.0,gap_too_large,0.0,gap_too_large,0.0,gap_too_large,0.0,gap_too_large,0.0,gap_too_large,0.0,gap_too_large,0.0,gap_too_large,0.0,gap_too_large,0.0,gap_too_large,0.0,gap_too_large,0.0,gap_too_large,0.0,gap_too_large,0.0,gap_too_large
759275.0,,2024-01-22 09:00:00,OPMC_LIFT,0.0,0.0,0.0,0.0,0.0,0.0,0.0,0.0,0.0,,,,0.0,0.0,0.0,0.0,gap_too_large,0.0,gap_too_large,0.0,gap_too_large,0.0,gap_too_large,0.0,gap_too_large,0.0,gap_too_large,0.0,gap_too_large,0.0,gap_too_large,0.0,gap_too_large,0.0,gap_too_large,0.0,gap_too_large,0.0,gap_too_large,0.0,gap_too_large
759275.0,,2024-01-22 09:30:00,OPMC_LIFT,0.0,0.0,0.0,0.0,0.0,0.0,0.0,0.0,0.0,,,,0.0,0.0,0.0,0.0,gap_too_large,0.0,gap_too_large,0.0,gap_too_large,0.0,gap_too_large,0.0,gap_too_large,0.0,gap_too_large,0.0,gap_too_large,0.0,gap_too_large,0.0,gap_too_large,0.0,gap_too_large,0.0,gap_too_large,0.0,gap_too_large,0.0,gap_too_large
759275.0,,2024-01-22 10:00:00,OPMC_LIFT,0.0,0.0,0.0,0.0,0.0,0.0,0.0,0.0,0.0,,,,0.0,0.0,0.0,0.0,gap_too_large,0.0,gap_too_large,0.0,gap_too_large,0.0,gap_too_large,0.0,gap_too_large,0.0,gap_too_large,0.0,gap_too_large,0.0,gap_too_large,0.0,gap_too_large,0.0,gap_too_large,0.0,gap_too_large,0.0,gap_too_large,0.0,gap_too_large
759275.0,,2024-01-22 10:30:00,OPMC_LIFT,0.0,0.0,0.0,0.0,0.0,0.0,0.0,0.0,0.0,,,,0.0,0.0,0.0,0.0,gap_too_large,0.0,gap_too_large,0.0,gap_too_large,0.0,gap_too_large,0.0,gap_too_large,0.0,gap_too_large,0.0,gap_too_large,0.0,gap_too_large,0.0,gap_too_large,0.0,gap_too_large,0.0,gap_too_large,0.0,gap_too_large,0.0,gap_too_large
759275.0,,2024-01-22 11:00:00,OPMC_LIFT,0.0,0.0,0.0,0.0,0.0,0.0,0.0,0.0,0.0,,,,0.0,0.0,0.0,0.0,gap_too_large,0.0,gap_too_large,0.0,gap_too_large,0.0,gap_too_large,0.0,gap_too_large,0.0,gap_too_large,0.0,gap_too_large,0.0,gap_too_large,0.0,gap_too_large,0.0,gap_too_large,0.0,gap_too_large,0.0,gap_too_large,0.0,gap_too_large
759275.0,,2024-01-22 11:30:00,OPMC_LIFT,0.0,0.0,0.0,0.0,0.0,0.0,0.0,0.0,0.0,,,,0.0,0.0,0.0,0.0,gap_too_large,0.0,gap_too_large,0.0,gap_too_large,0.0,gap_too_large,0.0,gap_too_large,0.0,gap_too_large,0.0,gap_too_large,0.0,gap_too_large,0.0,gap_too_large,0.0,gap_too_large,0.0,gap_too_large,0.0,gap_too_large,0.0,gap_too_large
759275.0,,2024-01-22 12:00:00,OPMC_LIFT,0.0,0.0,0.0,0.0,0.0,0.0,0.0,0.0,0.0,,,,0.0,0.0,0.0,0.0,gap_too_large,0.0,gap_too_large,0.0,gap_too_large,0.0,gap_too_large,0.0,gap_too_large,0.0,gap_too_large,0.0,gap_too_large,0.0,gap_too_large,0.0,gap_too_large,0.0,gap_too_large,0.0,gap_too_large,0.0,gap_too_large,0.0,gap_too_large
759275.0,,2024-01-22 12:30:00,OPMC_LIFT,0.0,0.0,0.0,0.0,0.0,0.0,0.0,0.0,0.0,,,,0.0,0.0,0.0,0.0,gap_too_large,0.0,gap_too_large,0.0,gap_too_large,0.0,gap_too_large,0.0,gap_too_large,0.0,gap_too_large,0.0,gap_too_large,0.0,gap_too_large,0.0,gap_too_large,0.0,gap_too_large,0.0,gap_too_large,0.0,gap_too_large,0.0,gap_too_large
759275.0,,2024-01-22 13:00:00,OPMC_LIFT,0.0,0.0,0.0,0.0,0.0,0.0,0.0,0.0,0.0,,,,0.0,0.0,0.0,0.0,gap_too_large,0.0,gap_too_large,0.0,gap_too_large,0.0,gap_too_large,0.0,gap_too_large,0.0,gap_too_large,0.0,gap_too_large,0.0,gap_too_large,0.0,gap_too_large,0.0,gap_too_large,0.0,gap_too_large,0.0,gap_too_large,0.0,gap_too_large
759275.0,,2024-01-22 13:30:00,OPMC_LIFT,0.0,0.0,0.0,0.0,0.0,0.0,0.0,0.0,0.0,,,,0.0,0.0,0.0,0.0,gap_too_large,0.0,gap_too_large,0.0,gap_too_large,0.0,gap_too_large,0.0,gap_too_large,0.0,gap_too_large,0.0,gap_too_large,0.0,gap_too_large,0.0,gap_too_large,0.0,gap_too_large,0.0,gap_too_large,0.0,gap_too_large,0.0,gap_too_large
759275.0,,2024-01-22 14:00:00,OPMC_LIFT,0.0,0.0,0.0,0.0,0.0,0.0,0.0,0.0,0.0,,,,0.0,0.0,0.0,0.0,gap_too_large,0.0,gap_too_large,0.0,gap_too_large,0.0,gap_too_large,0.0,gap_too_large,0.0,gap_too_large,0.0,gap_too_large,0.0,gap_too_large,0.0,gap_too_large,0.0,gap_too_large,0.0,gap_too_large,0.0,gap_too_large,0.0,gap_too_large
762277.0,22.0,2024-01-22 14:30:00,OPMC_LIFT,1082080000.0,220.0,222.0,224.0,374.0,395.0,395.0,49.96,0.8744999999999999,2024-01-22 14:33:47.000,2024-01-22 14:33:47.000,2024-01-22 14:33:47.000,613654826.0,4252093.0,1248061054.0,220.0,original,222.0,original,224.0,original,374.0,original,395.0,original,395.0,original,49.96,original,0.8744999999999999,original,613654826.0,original,4252093.0,original,1248061054.0,original,1082080000.0,original,-105.0,original
762349.0,22.0,2024-01-22 15:00:00,OPMC_LIFT,1083050000.0,222.0,224.0,225.0,361.0,382.0,382.0,50.09,0.8709999999999999,2024-01-22 15:00:10.000,2024-01-22 15:00:10.000,2024-01-22 15:00:10.000,614199238.0,4252093.0,1249180049.0,222.0,original,224.0,original,225.0,original,361.0,original,382.0,original,382.0,original,50.09,original,0.8709999999999999,original,614199238.0,original,4252093.0,original,1249180049.0,original,1083050000.0,original,-105.0,original
762422.0,22.0,2024-01-22 15:30:00,OPMC_LIFT,1084160000.0,221.0,223.0,225.0,359.0,380.0,379.0,49.96,0.8709999999999999,2024-01-22 15:30:14.000,2024-01-22 15:30:14.000,2024-01-22 15:30:14.000,614817056.0,4252093.0,1250445585.0,221.0,original,223.0,original,225.0,original,359.0,original,380.0,original,379.0,original,49.96,original,0.8709999999999999,original,614817056.0,original,4252093.0,original,1250445585.0,original,1084160000.0,original,-105.0,original
762509.0,22.0,2024-01-22 16:00:00,OPMC_LIFT,1085100000.0,227.0,228.0,229.0,181.5,0.0,191.5,49.92,1.0,2024-01-22 16:10:12.000,2024-01-22 16:10:12.000,2024-01-22 16:10:12.000,615345398.0,4252093.0,1251521326.0,227.0,original,228.0,original,229.0,original,181.5,interpolated,0.0,gap_too_large,191.5,interpolated,49.92,original,1.0,original,615345398.0,original,4252093.0,original,1251521326.0,original,1085100000.0,original,-107.0,original
762553.0,22.0,2024-01-22 16:30:00,OPMC_LIFT,1085100000.0,227.0,228.0,230.0,4.0,0.0,4.0,49.96,0.8698999999999999,2024-01-22 16:30:14.000,2024-01-22 16:30:14.000,2024-01-22 16:30:14.000,615345930.0,4252157.0,1251522392.0,227.0,original,228.0,original,230.0,original,4.0,original,0.0,gap_too_large,4.0,original,49.96,original,0.8698999999999999,original,615345930.0,original,4252157.0,original,1251522392.0,original,1085100000.0,original,-107.0,original
762620.0,22.0,2024-01-22 17:00:00,OPMC_LIFT,1085100000.0,227.0,228.0,229.0,4.0,0.0,4.0,50.07,0.8688999999999999,2024-01-22 17:00:12.000,2024-01-22 17:00:12.000,2024-01-22 17:00:12.000,615348605.0,4253350.0,1251530837.0,227.0,original,228.0,original,229.0,original,4.0,original,0.0,gap_too_large,4.0,original,50.07,original,0.8688999999999999,original,615348605.0,original,4253350.0,original,1251530837.0,original,1085100000.0,original,-119.0,original
762669.0,22.0,2024-01-22 17:30:00,OPMC_LIFT,1085110000.0,230.0,230.0,232.0,4.0,0.0,4.0,50.04,0.8649999999999999,2024-01-22 17:32:28.000,2024-01-22 17:32:28.000,2024-01-22 17:32:28.000,615351296.0,4254550.0,1251539339.0,230.0,original,230.0,original,232.0,original,4.0,original,0.0,gap_too_large,4.0,original,50.04,original,0.8649999999999999,original,615351296.0,original,4254550.0,original,1251539339.0,original,1085110000.0,original,-116.0,original
762734.0,22.0,2024-01-22 18:00:00,OPMC_LIFT,1085120000.0,230.0,230.0,232.0,4.0,0.0,4.0,50.05,0.8666999999999999,2024-01-22 18:00:12.000,2024-01-22 18:00:12.000,2024-01-22 18:00:12.000,615353971.0,4255747.0,1251547803.0,230.0,original,230.0,original,232.0,original,4.0,original,0.0,gap_too_large,4.0,original,50.05,original,0.8666999999999999,original,615353971.0,original,4255747.0,original,1251547803.0,original,1085120000.0,original,-107.0,original
762798.0,22.0,2024-01-22 18:30:00,OPMC_LIFT,1085130000.0,227.0,228.0,229.0,4.0,0.0,4.0,49.95,0.8642,2024-01-22 18:30:10.000,2024-01-22 18:30:10.000,2024-01-22 18:30:10.000,615356634.0,4256941.0,1251556225.0,227.0,original,228.0,original,229.0,original,4.0,original,0.0,gap_too_large,4.0,original,49.95,original,0.8642,original,615356634.0,original,4256941.0,original,1251556225.0,original,1085130000.0,original,-119.0,original
762867.0,22.0,2024-01-22 19:00:00,OPMC_LIFT,1085130000.0,227.0,228.0,228.0,4.0,0.0,4.0,50.01,0.8692,2024-01-22 19:00:10.000,2024-01-22 19:00:10.000,2024-01-22 19:00:10.000,615359264.0,4258131.0,1251564568.0,227.0,original,228.0,original,228.0,original,4.0,original,0.0,gap_too_large,4.0,original,50.01,original,0.8692,original,615359264.0,original,4258131.0,original,1251564568.0,original,1085130000.0,original,-105.0,original
762932.0,22.0,2024-01-22 19:30:00,OPMC_LIFT,1085140000.0,227.0,228.0,229.0,4.0,0.0,4.0,49.98,0.8705999999999999,2024-01-22 19:30:10.000,2024-01-22 19:30:10.000,2024-01-22 19:30:10.000,615361882.0,4259322.0,1251572894.0,227.0,original,228.0,original,229.0,original,4.0,original,0.0,gap_too_large,4.0,original,49.98,original,0.8705999999999999,original,615361882.0,original,4259322.0,original,1251572894.0,original,1085140000.0,original,-103.0,original
763035.0,22.0,2024-01-22 20:00:00,OPMC_LIFT,1085150000.0,228.0,228.0,229.0,4.0,0.0,4.0,49.99,0.8710999999999999,2024-01-22 20:20:14.000,2024-01-22 20:20:14.000,2024-01-22 20:20:14.000,615366275.0,4261306.0,1251586843.0,228.0,original,228.0,original,229.0,original,4.0,original,0.0,gap_too_large,4.0,original,49.99,original,0.8710999999999999,original,615366275.0,original,4261306.0,original,1251586843.0,original,1085150000.0,original,-118.0,original
763055.0,22.0,2024-01-22 20:30:00,OPMC_LIFT,1085160000.0,227.0,228.0,229.0,4.0,0.0,4.0,49.96,0.8672,2024-01-22 20:30:10.000,2024-01-22 20:30:10.000,2024-01-22 20:30:10.000,615367152.0,4261706.0,1251589633.0,227.0,original,228.0,original,229.0,original,4.0,original,0.0,gap_too_large,4.0,original,49.96,original,0.8672,original,615367152.0,original,4261706.0,original,1251589633.0,original,1085160000.0,original,-118.0,original
763121.0,22.0,2024-01-22 21:00:00,OPMC_LIFT,1085160000.0,228.0,229.0,230.0,4.0,0.0,4.0,50.06,0.8673,2024-01-22 21:00:08.000,2024-01-22 21:00:08.000,2024-01-22 21:00:08.000,615369798.0,4262899.0,1251598024.0,228.0,original,229.0,original,230.0,original,4.0,original,0.0,gap_too_large,4.0,original,50.06,original,0.8673,original,615369798.0,original,4262899.0,original,1251598024.0,original,1085160000.0,original,-102.0,original
763209.0,22.0,2024-01-22 21:30:00,OPMC_LIFT,1085170000.0,229.0,229.0,231.0,4.0,0.0,4.0,50.07,0.8689999999999999,2024-01-22 21:40:10.000,2024-01-22 21:40:10.000,2024-01-22 21:40:10.000,615373360.0,4264493.0,1251609307.0,229.0,original,229.0,original,231.0,original,4.0,original,0.0,gap_too_large,4.0,original,50.07,original,0.8689999999999999,original,615373360.0,original,4264493.0,original,1251609307.0,original,1085170000.0,original,-119.0,original
763275.0,22.0,2024-01-22 22:00:00,OPMC_LIFT,1085180000.0,229.0,230.0,232.0,4.0,0.0,4.0,49.94,0.8695999999999999,2024-01-22 22:10:08.000,2024-01-22 22:10:08.000,2024-01-22 22:10:08.000,615376054.0,4265690.0,1251617822.0,229.0,original,230.0,original,232.0,original,4.0,original,0.0,gap_too_large,4.0,original,49.94,original,0.8695999999999999,original,615376054.0,original,4265690.0,original,1251617822.0,original,1085180000.0,original,-119.0,original
763314.0,22.0,2024-01-22 22:30:00,OPMC_LIFT,1085190000.0,230.0,230.0,232.0,4.0,0.0,4.0,50.01,0.8684999999999999,2024-01-22 22:30:10.000,2024-01-22 22:30:10.000,2024-01-22 22:30:10.000,615377862.0,4266490.0,1251623528.0,230.0,original,230.0,original,232.0,original,4.0,original,0.0,gap_too_large,4.0,original,50.01,original,0.8684999999999999,original,615377862.0,original,4266490.0,original,1251623528.0,original,1085190000.0,original,-118.0,original
763400.0,22.0,2024-01-22 23:00:00,OPMC_LIFT,1085200000.0,230.0,230.0,232.0,4.0,0.0,4.0,49.99,0.8676999999999999,2024-01-22 23:10:12.000,2024-01-22 23:10:12.000,2024-01-22 23:10:12.000,615381491.0,4268090.0,1251634965.0,230.0,original,230.0,original,232.0,original,4.0,original,0.0,gap_too_large,4.0,original,49.99,original,0.8676999999999999,original,615381491.0,original,4268090.0,original,1251634965.0,original,1085200000.0,original,-117.0,original
763441.0,22.0,2024-01-22 23:30:00,OPMC_LIFT,1085200000.0,230.0,230.0,232.0,4.0,0.0,4.0,50.02,0.8670999999999999,2024-01-22 23:30:10.000,2024-01-22 23:30:10.000,2024-01-22 23:30:10.000,615383306.0,4268890.0,1251640683.0,230.0,original,230.0,original,232.0,original,4.0,original,0.0,gap_too_large,4.0,original,50.02,original,0.8670999999999999,original,615383306.0,original,4268890.0,original,1251640683.0,original,1085200000.0,original,-109.0,original
763530.0,22.0,2024-01-23 00:00:00,OPMC_LIFT,1085210000.0,230.0,231.0,233.0,4.0,0.0,4.0,49.98,0.8656999999999999,2024-01-23 00:10:09.000,2024-01-23 00:10:09.000,2024-01-23 00:10:09.000,615386950.0,4270490.0,1251652158.0,230.0,original,231.0,original,233.0,original,4.0,original,0.0,gap_too_large,4.0,original,49.98,original,0.8656999999999999,original,615386950.0,original,4270490.0,original,1251652158.0,original,1085210000.0,original,-119.0,original
763573.0,22.0,2024-01-23 00:30:00,OPMC_LIFT,1085220000.0,228.0,229.0,231.0,4.0,0.0,4.0,50.02,0.8669999999999999,2024-01-23 00:30:09.000,2024-01-23 00:30:09.000,2024-01-23 00:30:09.000,615388752.0,4271290.0,1251657841.0,228.0,original,229.0,original,231.0,original,4.0,original,0.0,gap_too_large,4.0,original,50.02,original,0.8669999999999999,original,615388752.0,original,4271290.0,original,1251657841.0,original,1085220000.0,original,-102.0,original
763640.0,22.0,2024-01-23 01:00:00,OPMC_LIFT,1085220000.0,228.0,229.0,231.0,4.0,0.0,4.0,50.0,0.8664999999999999,2024-01-23 01:00:10.000,2024-01-23 01:00:10.000,2024-01-23 01:00:10.000,615391430.0,4272490.0,1251666315.0,228.0,original,229.0,original,231.0,original,4.0,original,0.0,gap_too_large,4.0,original,50.0,original,0.8664999999999999,original,615391430.0,original,4272490.0,original,1251666315.0,original,1085220000.0,original,-106.0,original
763718.0,22.0,2024-01-23 01:30:00,OPMC_LIFT,1085230000.0,229.0,229.0,231.0,4.0,0.0,4.0,49.98,0.8664999999999999,2024-01-23 01:30:12.000,2024-01-23 01:30:12.000,2024-01-23 01:30:12.000,615394112.0,4273690.0,1251674795.0,229.0,original,229.0,original,231.0,original,4.0,original,0.0,gap_too_large,4.0,original,49.98,original,0.8664999999999999,original,615394112.0,original,4273690.0,original,1251674795.0,original,1085230000.0,original,-119.0,original
763804.0,22.0,2024-01-23 02:00:00,OPMC_LIFT,1085240000.0,229.0,230.0,232.0,4.0,0.0,4.0,49.98,0.8674,2024-01-23 02:10:15.000,2024-01-23 02:10:15.000,2024-01-23 02:10:15.000,615397706.0,4275290.0,1251686155.0,229.0,original,230.0,original,232.0,original,4.0,original,0.0,gap_too_large,4.0,original,49.98,original,0.8674,original,615397706.0,original,4275290.0,original,1251686155.0,original,1085240000.0,original,-117.0,original
763852.0,22.0,2024-01-23 02:30:00,OPMC_LIFT,1085240000.0,230.0,230.0,232.0,4.0,0.0,4.0,50.08,0.8687999999999999,2024-01-23 02:30:10.000,2024-01-23 02:30:10.000,2024-01-23 02:30:10.000,615399517.0,4276093.0,1251691870.0,230.0,original,230.0,original,232.0,original,4.0,original,0.0,gap_too_large,4.0,original,50.08,original,0.8687999999999999,original,615399517.0,original,4276093.0,original,1251691870.0,original,1085240000.0,original,-118.0,original
763914.0,22.0,2024-01-23 03:00:00,OPMC_LIFT,1085250000.0,231.0,231.0,233.0,4.0,0.0,4.0,50.07,0.8653,2024-01-23 03:00:11.000,2024-01-23 03:00:11.000,2024-01-23 03:00:11.000,615402250.0,4277296.0,1251700472.0,231.0,original,231.0,original,233.0,original,4.0,original,0.0,gap_too_large,4.0,original,50.07,original,0.8653,original,615402250.0,original,4277296.0,original,1251700472.0,original,1085250000.0,original,-107.0,original
763982.0,22.0,2024-01-23 03:30:00,OPMC_LIFT,1085260000.0,231.0,231.0,233.0,4.0,0.0,4.0,50.01,0.8679999999999999,2024-01-23 03:30:10.000,2024-01-23 03:30:10.000,2024-01-23 03:30:10.000,615404998.0,4278502.0,1251709118.0,231.0,original,231.0,original,233.0,original,4.0,original,0.0,gap_too_large,4.0,original,50.01,original,0.8679999999999999,original,615404998.0,original,4278502.0,original,1251709118.0,original,1085260000.0,original,-116.0,original
764045.0,22.0,2024-01-23 04:00:00,OPMC_LIFT,1085270000.0,228.0,229.0,231.0,4.0,0.0,4.0,50.04,0.8679999999999999,2024-01-23 04:00:07.000,2024-01-23 04:00:07.000,2024-01-23 04:00:07.000,615407731.0,4279702.0,1251717720.0,228.0,original,229.0,original,231.0,original,4.0,original,0.0,gap_too_large,4.0,original,50.04,original,0.8679999999999999,original,615407731.0,original,4279702.0,original,1251717720.0,original,1085270000.0,original,-103.0,original
764106.0,22.0,2024-01-23 04:30:00,OPMC_LIFT,1085270000.0,228.0,228.0,230.0,4.0,0.0,4.0,50.04,0.8707999999999999,2024-01-23 04:30:07.000,2024-01-23 04:30:07.000,2024-01-23 04:30:07.000,615410403.0,4280906.0,1251726174.0,228.0,original,228.0,original,230.0,original,4.0,original,0.0,gap_too_large,4.0,original,50.04,original,0.8707999999999999,original,615410403.0,original,4280906.0,original,1251726174.0,original,1085270000.0,original,-100.0,original
764201.0,22.0,2024-01-23 05:00:00,OPMC_LIFT,1085280000.0,227.0,228.0,229.0,4.0,0.0,4.0,50.0,0.8698999999999999,2024-01-23 05:10:13.000,2024-01-23 05:10:13.000,2024-01-23 05:10:13.000,615413946.0,4282502.0,1251737400.0,227.0,original,228.0,original,229.0,original,4.0,original,0.0,gap_too_large,4.0,original,50.0,original,0.8698999999999999,original,615413946.0,original,4282502.0,original,1251737400.0,original,1085280000.0,original,-118.0,original
764249.0,22.0,2024-01-23 05:30:00,OPMC_LIFT,1085290000.0,226.0,227.0,228.0,4.0,0.0,4.0,49.98,0.8712,2024-01-23 05:30:10.000,2024-01-23 05:30:10.000,2024-01-23 05:30:10.000,615415696.0,4283299.0,1251742958.0,226.0,original,227.0,original,228.0,original,4.0,original,0.0,gap_too_large,4.0,original,49.98,original,0.8712,original,615415696.0,original,4283299.0,original,1251742958.0,original,1085290000.0,original,-109.0,original
764337.0,22.0,2024-01-23 06:00:00,OPMC_LIFT,1085300000.0,225.0,225.0,227.0,4.0,0.0,4.0,50.03,0.8709999999999999,2024-01-23 06:10:12.000,2024-01-23 06:10:12.000,2024-01-23 06:10:12.000,615419152.0,4284896.0,1251753969.0,225.0,original,225.0,original,227.0,original,4.0,original,0.0,gap_too_large,4.0,original,50.03,original,0.8709999999999999,original,615419152.0,original,4284896.0,original,1251753969.0,original,1085300000.0,original,-118.0,original
764377.0,22.0,2024-01-23 06:30:00,OPMC_LIFT,1085300000.0,227.0,227.0,229.0,4.0,0.0,4.0,50.06,0.8668999999999999,2024-01-23 06:30:10.000,2024-01-23 06:30:10.000,2024-01-23 06:30:10.000,615420896.0,4285696.0,1251759518.0,227.0,original,227.0,original,229.0,original,4.0,original,0.0,gap_too_large,4.0,original,50.06,original,0.8668999999999999,original,615420896.0,original,4285696.0,original,1251759518.0,original,1085300000.0,original,-116.0,original
764489.0,22.0,2024-01-23 07:00:00,OPMC_LIFT,1085310000.0,224.0,225.0,227.0,4.0,125.0,4.0,49.99,0.8714,2024-01-23 07:10:12.000,2024-01-23 07:10:12.000,2024-01-23 07:10:12.000,615424378.0,4287290.0,1251770574.0,224.0,original,225.0,original,227.0,original,4.0,original,125.0,original,4.0,original,49.99,original,0.8714,original,615424378.0,original,4287290.0,original,1251770574.0,original,1085310000.0,original,-118.0,original
764552.0,22.0,2024-01-23 07:30:00,OPMC_LIFT,1085990000.0,219.0,222.0,223.0,353.0,375.0,372.0,49.95,0.8668999999999999,2024-01-23 07:40:10.000,2024-01-23 07:40:10.000,2024-01-23 07:40:10.000,615832557.0,4287552.0,1252560056.0,219.0,original,222.0,original,223.0,original,353.0,original,375.0,original,372.0,original,49.95,original,0.8668999999999999,original,615832557.0,original,4287552.0,original,1252560056.0,original,1085990000.0,original,-105.0,original
764600.0,22.0,2024-01-23 08:00:00,OPMC_LIFT,1086570000.0,220.0,222.0,223.0,255.0,270.0,269.0,49.95,0.8219,2024-01-23 08:00:11.000,2024-01-23 08:00:11.000,2024-01-23 08:00:11.000,616163654.0,4287552.0,1253228008.0,220.0,original,222.0,original,223.0,original,255.0,original,270.0,original,269.0,original,49.95,original,0.8219,original,616163654.0,original,4287552.0,original,1253228008.0,original,1086570000.0,original,-119.0,original
764669.0,22.0,2024-01-23 08:30:00,OPMC_LIFT,1087330000.0,220.0,222.0,223.0,204.0,210.0,213.0,50.0,0.8755,2024-01-23 08:30:08.000,2024-01-23 08:30:08.000,2024-01-23 08:30:08.000,616606816.0,4287552.0,1254110987.0,220.0,original,222.0,original,223.0,original,204.0,original,210.0,original,213.0,original,50.0,original,0.8755,original,616606816.0,original,4287552.0,original,1254110987.0,original,1087330000.0,original,-108.0,original
764805.0,22.0,2024-01-23 09:00:00,OPMC_LIFT,1088070000.0,221.0,223.0,224.0,199.0,205.0,208.0,49.98,0.8726999999999999,2024-01-23 09:00:12.000,2024-01-23 09:00:12.000,2024-01-23 09:00:12.000,617037210.0,4287552.0,1254966129.0,221.0,original,223.0,original,224.0,original,199.0,original,205.0,original,208.0,original,49.98,original,0.8726999999999999,original,617037210.0,original,4287552.0,original,1254966129.0,original,1088070000.0,original,-103.0,original
764962.0,22.0,2024-01-23 09:30:00,OPMC_LIFT,1088810000.0,220.0,222.0,224.0,203.0,208.0,212.0,49.95,0.8737999999999999,2024-01-23 09:30:13.000,2024-01-23 09:30:13.000,2024-01-23 09:30:13.000,617465440.0,4287552.0,1255821256.0,220.0,original,222.0,original,224.0,original,203.0,original,208.0,original,212.0,original,49.95,original,0.8737999999999999,original,617465440.0,original,4287552.0,original,1255821256.0,original,1088810000.0,original,-100.0,original
765096.0,22.0,2024-01-23 10:00:00,OPMC_LIFT,1089480000.0,223.0,224.0,226.0,204.0,209.0,212.0,50.0,0.8728999999999999,2024-01-23 10:00:11.000,2024-01-23 10:00:11.000,2024-01-23 10:00:11.000,617857546.0,4287552.0,1256605185.0,223.0,original,224.0,original,226.0,original,204.0,original,209.0,original,212.0,original,50.0,original,0.8728999999999999,original,617857546.0,original,4287552.0,original,1256605185.0,original,1089480000.0,original,-103.0,original
765238.0,22.0,2024-01-23 10:30:00,OPMC_LIFT,1090170000.0,222.0,223.0,225.0,206.0,212.0,215.0,49.99,0.8739999999999999,2024-01-23 10:30:13.000,2024-01-23 10:30:13.000,2024-01-23 10:30:13.000,618256493.0,4287552.0,1257400846.0,222.0,original,223.0,original,225.0,original,206.0,original,212.0,original,215.0,original,49.99,original,0.8739999999999999,original,618256493.0,original,4287552.0,original,1257400846.0,original,1090170000.0,original,-119.0,original
765426.0,22.0,2024-01-23 11:00:00,OPMC_LIFT,1091120000.0,221.0,223.0,224.0,208.0,214.0,218.0,49.97,0.8746999999999999,2024-01-23 11:10:10.000,2024-01-23 11:10:10.000,2024-01-23 11:10:10.000,618804739.0,4287552.0,1258493419.0,221.0,original,223.0,original,224.0,original,208.0,original,214.0,original,218.0,original,49.97,original,0.8746999999999999,original,618804739.0,original,4287552.0,original,1258493419.0,original,1091120000.0,original,-120.0,original
765518.0,22.0,2024-01-23 11:30:00,OPMC_LIFT,1091580000.0,222.0,224.0,225.0,209.0,215.0,219.0,50.05,0.8735999999999999,2024-01-23 11:30:09.000,2024-01-23 11:30:09.000,2024-01-23 11:30:09.000,619069376.0,4287552.0,1259027157.0,222.0,original,224.0,original,225.0,original,209.0,original,215.0,original,219.0,original,50.05,original,0.8735999999999999,original,619069376.0,original,4287552.0,original,1259027157.0,original,1091580000.0,original,-118.0,original
765648.0,22.0,2024-01-23 12:00:00,OPMC_LIFT,1092310000.0,223.0,225.0,227.0,304.0,322.0,324.0,50.11,0.8424999999999999,2024-01-23 12:00:10.000,2024-01-23 12:00:10.000,2024-01-23 12:00:10.000,619510598.0,4287552.0,1259884491.0,223.0,original,225.0,original,227.0,original,304.0,original,322.0,original,324.0,original,50.11,original,0.8424999999999999,original,619510598.0,original,4287552.0,original,1259884491.0,original,1092310000.0,original,-105.0,original
765782.0,22.0,2024-01-23 12:30:00,OPMC_LIFT,1093010000.0,224.0,226.0,227.0,233.0,247.0,250.0,50.01,0.7870999999999999,2024-01-23 12:30:09.000,2024-01-23 12:30:09.000,2024-01-23 12:30:09.000,619953619.0,4287552.0,1260714193.0,224.0,original,226.0,original,227.0,original,233.0,original,247.0,original,250.0,original,50.01,original,0.7870999999999999,original,619953619.0,original,4287552.0,original,1260714193.0,original,1093010000.0,original,-120.0,original
765921.0,22.0,2024-01-23 13:00:00,OPMC_LIFT,1093760000.0,223.0,225.0,226.0,212.0,219.0,222.0,50.01,0.8733,2024-01-23 13:00:09.000,2024-01-23 13:00:09.000,2024-01-23 13:00:09.000,620416909.0,4287552.0,1261593189.0,223.0,original,225.0,original,226.0,original,212.0,original,219.0,original,222.0,original,50.01,original,0.8733,original,620416909.0,original,4287552.0,original,1261593189.0,original,1093760000.0,original,-105.0,original
765921.0,,2024-01-23 13:30:00,OPMC_LIFT,1094590000.0,223.0,225.0,226.0,172.0,178.0,181.5,50.03,0.8448499999999999,,,,620918957.0,4287552.0,1262563899.0,223.0,interpolated,225.0,interpolated,226.0,interpolated,172.0,interpolated,178.0,interpolated,181.5,interpolated,50.03,interpolated,0.8448499999999999,interpolated,620918957.0,interpolated,4287552.0,interpolated,1262563899.0,interpolated,1094590000.0,interpolated,-103.5,interpolated
766257.0,22.0,2024-01-23 14:00:00,OPMC_LIFT,1095420000.0,223.0,225.0,226.0,132.0,137.0,141.0,50.05,0.8163999999999999,2024-01-23 14:10:11.000,2024-01-23 14:10:11.000,2024-01-23 14:10:11.000,621421005.0,4287552.0,1263534609.0,223.0,original,225.0,original,226.0,original,132.0,original,137.0,original,141.0,original,50.05,original,0.8163999999999999,original,621421005.0,original,4287552.0,original,1263534609.0,original,1095420000.0,original,-102.0,original
766364.0,22.0,2024-01-23 14:30:00,OPMC_LIFT,1095860000.0,222.0,224.0,225.0,211.0,217.0,220.0,50.07,0.8748999999999999,2024-01-23 14:30:16.000,2024-01-23 14:30:16.000,2024-01-23 14:30:16.000,621681299.0,4287552.0,1264052043.0,222.0,original,224.0,original,225.0,original,211.0,original,217.0,original,220.0,original,50.07,original,0.8748999999999999,original,621681299.0,original,4287552.0,original,1264052043.0,original,1095860000.0,original,-119.0,original
766548.0,22.0,2024-01-23 15:00:00,OPMC_LIFT,1096610000.0,220.0,223.0,224.0,381.0,403.0,400.0,50.04,0.8714999999999999,2024-01-23 15:00:13.000,2024-01-23 15:00:13.000,2024-01-23 15:00:13.000,622131386.0,4287552.0,1264925051.0,220.0,original,223.0,original,224.0,original,381.0,original,403.0,original,400.0,original,50.04,original,0.8714999999999999,original,622131386.0,original,4287552.0,original,1264925051.0,original,1096610000.0,original,-105.0,original
766693.0,22.0,2024-01-23 15:30:00,OPMC_LIFT,1097300000.0,221.0,224.0,225.0,274.0,279.0,275.0,49.99,0.8331999999999999,2024-01-23 15:30:10.000,2024-01-23 15:30:10.000,2024-01-23 15:30:10.000,622555296.0,4287552.0,1265739573.0,221.0,original,224.0,original,225.0,original,274.0,original,279.0,original,275.0,original,49.99,original,0.8331999999999999,original,622555296.0,original,4287552.0,original,1265739573.0,original,1097300000.0,original,-120.0,original
766884.0,22.0,2024-01-23 16:00:00,OPMC_LIFT,1097990000.0,228.0,229.0,230.0,138.5,0.0,139.0,49.94,1.0,2024-01-23 16:10:13.000,2024-01-23 16:10:13.000,2024-01-23 16:10:13.000,622981088.0,4287552.0,1266543409.0,228.0,original,229.0,original,230.0,original,138.5,interpolated,0.0,gap_too_large,139.0,interpolated,49.94,original,1.0,original,622981088.0,original,4287552.0,original,1266543409.0,original,1097990000.0,original,-120.0,original
766983.0,22.0,2024-01-23 16:30:00,OPMC_LIFT,1097990000.0,229.0,230.0,231.0,3.0,0.0,3.0,49.94,0.4730999999999999,2024-01-23 16:30:10.000,2024-01-23 16:30:10.000,2024-01-23 16:30:10.000,622981187.0,4287571.0,1266543627.0,229.0,original,230.0,original,231.0,original,3.0,original,0.0,gap_too_large,3.0,original,49.94,original,0.4730999999999999,original,622981187.0,original,4287571.0,original,1266543627.0,original,1097990000.0,original,-119.0,original
767149.0,22.0,2024-01-23 17:00:00,OPMC_LIFT,1097990000.0,229.0,229.0,231.0,4.0,0.0,4.0,50.06,0.8662,2024-01-23 17:00:15.000,2024-01-23 17:00:15.000,2024-01-23 17:00:15.000,622983805.0,4288682.0,1266551717.0,229.0,original,229.0,original,231.0,original,4.0,original,0.0,gap_too_large,4.0,original,50.06,original,0.8662,original,622983805.0,original,4288682.0,original,1266551717.0,original,1097990000.0,original,-105.0,original
767286.0,22.0,2024-01-23 17:30:00,OPMC_LIFT,1098000000.0,228.0,229.0,230.0,4.0,0.0,4.0,50.07,0.8699999999999999,2024-01-23 17:30:09.000,2024-01-23 17:30:09.000,2024-01-23 17:30:09.000,622986464.0,4289882.0,1266560155.0,228.0,original,229.0,original,230.0,original,4.0,original,0.0,gap_too_large,4.0,original,50.07,original,0.8699999999999999,original,622986464.0,original,4289882.0,original,1266560155.0,original,1098000000.0,original,-103.0,original
767510.0,22.0,2024-01-23 18:00:00,OPMC_LIFT,1098010000.0,229.0,229.0,231.0,4.0,0.0,4.0,49.94,0.8672,2024-01-23 18:10:11.000,2024-01-23 18:10:11.000,2024-01-23 18:10:11.000,622990038.0,4291478.0,1266571473.0,229.0,original,229.0,original,231.0,original,4.0,original,0.0,gap_too_large,4.0,original,49.94,original,0.8672,original,622990038.0,original,4291478.0,original,1266571473.0,original,1098010000.0,original,-103.0,original
767622.0,22.0,2024-01-23 18:30:00,OPMC_LIFT,1098010000.0,229.0,230.0,231.0,4.0,0.0,4.0,49.96,0.8662,2024-01-23 18:30:13.000,2024-01-23 18:30:13.000,2024-01-23 18:30:13.000,622991837.0,4292275.0,1266577144.0,229.0,original,230.0,original,231.0,original,4.0,original,0.0,gap_too_large,4.0,original,49.96,original,0.8662,original,622991837.0,original,4292275.0,original,1266577144.0,original,1098010000.0,original,-101.0,original
767789.0,22.0,2024-01-23 19:00:00,OPMC_LIFT,1098020000.0,229.0,230.0,231.0,4.0,0.0,4.0,49.98,0.8654999999999999,2024-01-23 19:00:10.000,2024-01-23 19:00:10.000,2024-01-23 19:00:10.000,622994522.0,4293469.0,1266585637.0,229.0,original,230.0,original,231.0,original,4.0,original,0.0,gap_too_large,4.0,original,49.98,original,0.8654999999999999,original,622994522.0,original,4293469.0,original,1266585637.0,original,1098020000.0,original,-120.0,original
767949.0,22.0,2024-01-23 19:30:00,OPMC_LIFT,1098030000.0,226.0,227.0,228.0,4.0,0.0,4.0,49.97,0.8694999999999999,2024-01-23 19:30:12.000,2024-01-23 19:30:12.000,2024-01-23 19:30:12.000,622997162.0,4294666.0,1266594011.0,226.0,original,227.0,original,228.0,original,4.0,original,0.0,gap_too_large,4.0,original,49.97,original,0.8694999999999999,original,622997162.0,original,4294666.0,original,1266594011.0,original,1098030000.0,original,-102.0,original
768092.0,22.0,2024-01-23 20:00:00,OPMC_LIFT,1098040000.0,227.0,227.0,229.0,4.0,0.0,4.0,49.98,0.8705999999999999,2024-01-23 20:00:10.000,2024-01-23 20:00:10.000,2024-01-23 20:00:10.000,622999773.0,4295859.0,1266602321.0,227.0,original,227.0,original,229.0,original,4.0,original,0.0,gap_too_large,4.0,original,49.98,original,0.8705999999999999,original,622999773.0,original,4295859.0,original,1266602321.0,original,1098040000.0,original,-118.0,original
768251.0,22.0,2024-01-23 20:30:00,OPMC_LIFT,1098040000.0,227.0,227.0,229.0,4.0,0.0,4.0,49.97,0.8705999999999999,2024-01-23 20:30:08.000,2024-01-23 20:30:08.000,2024-01-23 20:30:08.000,623002394.0,4297056.0,1266610654.0,227.0,original,227.0,original,229.0,original,4.0,original,0.0,gap_too_large,4.0,original,49.97,original,0.8705999999999999,original,623002394.0,original,4297056.0,original,1266610654.0,original,1098040000.0,original,-117.0,original
768404.0,22.0,2024-01-23 21:00:00,OPMC_LIFT,1098050000.0,228.0,228.0,230.0,4.0,0.0,4.0,50.06,0.8684,2024-01-23 21:00:11.000,2024-01-23 21:00:11.000,2024-01-23 21:00:11.000,623005030.0,4298256.0,1266619032.0,228.0,original,228.0,original,230.0,original,4.0,original,0.0,gap_too_large,4.0,original,50.06,original,0.8684,original,623005030.0,original,4298256.0,original,1266619032.0,original,1098050000.0,original,-119.0,original
768561.0,22.0,2024-01-23 21:30:00,OPMC_LIFT,1098060000.0,228.0,229.0,231.0,4.0,0.0,4.0,50.04,0.8672,2024-01-23 21:30:10.000,2024-01-23 21:30:10.000,2024-01-23 21:30:10.000,623007699.0,4299459.0,1266627486.0,228.0,original,229.0,original,231.0,original,4.0,original,0.0,gap_too_large,4.0,original,50.04,original,0.8672,original,623007699.0,original,4299459.0,original,1266627486.0,original,1098060000.0,original,-113.0,original
768721.0,22.0,2024-01-23 22:00:00,OPMC_LIFT,1098070000.0,229.0,229.0,231.0,4.0,0.0,4.0,50.04,0.8695999999999999,2024-01-23 22:00:09.000,2024-01-23 22:00:09.000,2024-01-23 22:00:09.000,623010378.0,4300659.0,1266635957.0,229.0,original,229.0,original,231.0,original,4.0,original,0.0,gap_too_large,4.0,original,50.04,original,0.8695999999999999,original,623010378.0,original,4300659.0,original,1266635957.0,original,1098070000.0,original,-120.0,original
768880.0,22.0,2024-01-23 22:30:00,OPMC_LIFT,1098070000.0,230.0,231.0,233.0,4.0,0.0,4.0,50.06,0.8677999999999999,2024-01-23 22:36:17.000,2024-01-23 22:36:17.000,2024-01-23 22:36:17.000,623013635.0,4302106.0,1266646257.0,230.0,original,231.0,original,233.0,original,4.0,original,0.0,gap_too_large,4.0,original,50.06,original,0.8677999999999999,original,623013635.0,original,4302106.0,original,1266646257.0,original,1098070000.0,original,-117.0,original
768997.0,22.0,2024-01-23 23:00:00,OPMC_LIFT,1098080000.0,228.0,229.0,231.0,4.0,0.0,4.0,50.06,0.8694999999999999,2024-01-23 23:10:14.000,2024-01-23 23:10:14.000,2024-01-23 23:10:14.000,623016685.0,4303459.0,1266655899.0,228.0,original,229.0,original,231.0,original,4.0,original,0.0,gap_too_large,4.0,original,50.06,original,0.8694999999999999,original,623016685.0,original,4303459.0,original,1266655899.0,original,1098080000.0,original,-119.0,original
769099.0,22.0,2024-01-23 23:30:00,OPMC_LIFT,1098090000.0,228.0,229.0,230.0,4.0,0.0,4.0,50.05,0.8659999999999999,2024-01-23 23:30:09.000,2024-01-23 23:30:09.000,2024-01-23 23:30:09.000,623018458.0,4304259.0,1266661528.0,228.0,original,229.0,original,230.0,original,4.0,original,0.0,gap_too_large,4.0,original,50.05,original,0.8659999999999999,original,623018458.0,original,4304259.0,original,1266661528.0,original,1098090000.0,original,-103.0,original
769312.0,22.0,2024-01-24 00:00:00,OPMC_LIFT,1098100000.0,230.0,230.0,232.0,4.0,0.0,4.0,50.05,0.8696999999999999,2024-01-24 00:10:08.000,2024-01-24 00:10:08.000,2024-01-24 00:10:08.000,623022035.0,4305862.0,1266672856.0,230.0,original,230.0,original,232.0,original,4.0,original,0.0,gap_too_large,4.0,original,50.05,original,0.8696999999999999,original,623022035.0,original,4305862.0,original,1266672856.0,original,1098100000.0,original,-120.0,original
769414.0,22.0,2024-01-24 00:30:00,OPMC_LIFT,1098100000.0,229.0,230.0,232.0,4.0,0.0,4.0,49.99,0.8696999999999999,2024-01-24 00:30:13.000,2024-01-24 00:30:13.000,2024-01-24 00:30:13.000,623023834.0,4306662.0,1266678545.0,229.0,original,230.0,original,232.0,original,4.0,original,0.0,gap_too_large,4.0,original,49.99,original,0.8696999999999999,original,623023834.0,original,4306662.0,original,1266678545.0,original,1098100000.0,original,-120.0,original
769572.0,22.0,2024-01-24 01:00:00,OPMC_LIFT,1098110000.0,230.0,231.0,233.0,4.0,0.0,4.0,50.04,0.8690999999999999,2024-01-24 01:00:12.000,2024-01-24 01:00:12.000,2024-01-24 01:00:12.000,623026554.0,4307862.0,1266687128.0,230.0,original,231.0,original,233.0,original,4.0,original,0.0,gap_too_large,4.0,original,50.04,original,0.8690999999999999,original,623026554.0,original,4307862.0,original,1266687128.0,original,1098110000.0,original,-120.0,original
769766.0,22.0,2024-01-24 01:30:00,OPMC_LIFT,1098120000.0,230.0,231.0,233.0,4.0,0.0,4.0,50.03,0.8665999999999999,2024-01-24 01:30:09.000,2024-01-24 01:30:09.000,2024-01-24 01:30:09.000,623029290.0,4309062.0,1266695742.0,230.0,original,231.0,original,233.0,original,4.0,original,0.0,gap_too_large,4.0,original,50.03,original,0.8665999999999999,original,623029290.0,original,4309062.0,original,1266695742.0,original,1098120000.0,original,-119.0,original
769925.0,22.0,2024-01-24 02:00:00,OPMC_LIFT,1098120000.0,229.0,229.0,231.0,4.0,0.0,4.0,50.03,0.8695999999999999,2024-01-24 02:00:13.000,2024-01-24 02:00:13.000,2024-01-24 02:00:13.000,623031965.0,4310262.0,1266704222.0,229.0,original,229.0,original,231.0,original,4.0,original,0.0,gap_too_large,4.0,original,50.03,original,0.8695999999999999,original,623031965.0,original,4310262.0,original,1266704222.0,original,1098120000.0,original,-119.0,original
770078.0,22.0,2024-01-24 02:30:00,OPMC_LIFT,1098130000.0,228.0,229.0,231.0,4.0,0.0,4.0,49.93,0.8694,2024-01-24 02:30:07.000,2024-01-24 02:30:07.000,2024-01-24 02:30:07.000,623034646.0,4311459.0,1266712715.0,228.0,original,229.0,original,231.0,original,4.0,original,0.0,gap_too_large,4.0,original,49.93,original,0.8694,original,623034646.0,original,4311459.0,original,1266712715.0,original,1098130000.0,original,-119.0,original
770266.0,22.0,2024-01-24 03:00:00,OPMC_LIFT,1098140000.0,229.0,229.0,231.0,4.0,0.0,4.0,50.05,0.8674,2024-01-24 03:00:12.000,2024-01-24 03:00:12.000,2024-01-24 03:00:12.000,623037325.0,4312659.0,1266721198.0,229.0,original,229.0,original,231.0,original,4.0,original,0.0,gap_too_large,4.0,original,50.05,original,0.8674,original,623037325.0,original,4312659.0,original,1266721198.0,original,1098140000.0,original,-121.0,original
770412.0,22.0,2024-01-24 03:30:00,OPMC_LIFT,1098150000.0,229.0,229.0,231.0,4.0,0.0,4.0,50.05,0.8705999999999999,2024-01-24 03:30:08.000,2024-01-24 03:30:08.000,2024-01-24 03:30:08.000,623040013.0,4313856.0,1266729704.0,229.0,original,229.0,original,231.0,original,4.0,original,0.0,gap_too_large,4.0,original,50.05,original,0.8705999999999999,original,623040013.0,original,4313856.0,original,1266729704.0,original,1098150000.0,original,-118.0,original
770641.0,22.0,2024-01-24 04:00:00,OPMC_LIFT,1098160000.0,229.0,229.0,231.0,4.0,0.0,4.0,50.0,0.8668999999999999,2024-01-24 04:10:14.000,2024-01-24 04:10:14.000,2024-01-24 04:10:14.000,623043613.0,4315456.0,1266741077.0,229.0,original,229.0,original,231.0,original,4.0,original,0.0,gap_too_large,4.0,original,50.0,original,0.8668999999999999,original,623043613.0,original,4315456.0,original,1266741077.0,original,1098160000.0,original,-120.0,original
770744.0,22.0,2024-01-24 04:30:00,OPMC_LIFT,1098160000.0,229.0,229.0,231.0,4.0,0.0,4.0,50.02,0.8697999999999999,2024-01-24 04:30:12.000,2024-01-24 04:30:12.000,2024-01-24 04:30:12.000,623045402.0,4316256.0,1266746744.0,229.0,original,229.0,original,231.0,original,4.0,original,0.0,gap_too_large,4.0,original,50.02,original,0.8697999999999999,original,623045402.0,original,4316256.0,original,1266746744.0,original,1098160000.0,original,-107.0,original
770942.0,22.0,2024-01-24 05:00:00,OPMC_LIFT,1098170000.0,228.0,228.0,230.0,4.0,0.0,4.0,50.01,0.8672,2024-01-24 05:10:10.000,2024-01-24 05:10:10.000,2024-01-24 05:10:10.000,623048957.0,4317856.0,1266758008.0,228.0,original,228.0,original,230.0,original,4.0,original,0.0,gap_too_large,4.0,original,50.01,original,0.8672,original,623048957.0,original,4317856.0,original,1266758008.0,original,1098170000.0,original,-120.0,original
771201.0,22.0,2024-01-24 05:30:00,OPMC_LIFT,1098180000.0,227.0,227.0,229.0,4.0,0.0,4.0,49.99,0.8707999999999999,2024-01-24 05:30:10.000,2024-01-24 05:30:10.000,2024-01-24 05:30:10.000,623050714.0,4318653.0,1266763585.0,227.0,original,227.0,original,229.0,original,4.0,original,0.0,gap_too_large,4.0,original,49.99,original,0.8707999999999999,original,623050714.0,original,4318653.0,original,1266763585.0,original,1098180000.0,original,-105.0,original
771615.0,22.0,2024-01-24 06:00:00,OPMC_LIFT,1098180000.0,226.0,226.0,228.0,4.0,0.0,4.0,50.05,0.8697999999999999,2024-01-24 06:00:08.000,2024-01-24 06:00:08.000,2024-01-24 06:00:08.000,623053318.0,4319853.0,1266771886.0,226.0,original,226.0,original,228.0,original,4.0,original,0.0,gap_too_large,4.0,original,50.05,original,0.8697999999999999,original,623053318.0,original,4319853.0,original,1266771886.0,original,1098180000.0,original,-121.0,original
772062.0,22.0,2024-01-24 06:30:00,OPMC_LIFT,1098190000.0,227.0,227.0,229.0,4.0,0.0,4.0,50.03,0.8705999999999999,2024-01-24 06:30:15.000,2024-01-24 06:30:15.000,2024-01-24 06:30:15.000,623055894.0,4321053.0,1266780117.0,227.0,original,227.0,original,229.0,original,4.0,original,0.0,gap_too_large,4.0,original,50.03,original,0.8705999999999999,original,623055894.0,original,4321053.0,original,1266780117.0,original,1098190000.0,original,-105.0,original
772722.0,22.0,2024-01-24 07:00:00,OPMC_LIFT,1098200000.0,226.0,227.0,228.0,4.0,0.0,4.0,50.02,0.8675999999999999,2024-01-24 07:10:12.000,2024-01-24 07:10:12.000,2024-01-24 07:10:12.000,623059354.0,4322656.0,1266791144.0,226.0,original,227.0,original,228.0,original,4.0,original,0.0,gap_too_large,4.0,original,50.02,original,0.8675999999999999,original,623059354.0,original,4322656.0,original,1266791144.0,original,1098200000.0,original,-108.0,original
772986.0,22.0,2024-01-24 07:30:00,OPMC_LIFT,1098210000.0,224.0,224.0,226.0,4.0,0.0,3.0,50.03,0.8682,2024-01-24 07:30:14.000,2024-01-24 07:30:14.000,2024-01-24 07:30:14.000,623061066.0,4323453.0,1266796600.0,224.0,original,224.0,original,226.0,original,4.0,original,0.0,gap_too_large,3.0,original,50.03,original,0.8682,original,623061066.0,original,4323453.0,original,1266796600.0,original,1098210000.0,original,-102.0,original
773380.0,22.0,2024-01-24 08:00:00,OPMC_LIFT,1098210000.0,225.0,226.0,228.0,4.0,0.0,4.0,50.01,0.8719999999999999,2024-01-24 08:00:13.000,2024-01-24 08:00:13.000,2024-01-24 08:00:13.000,623063648.0,4324653.0,1266804817.0,225.0,original,226.0,original,228.0,original,4.0,original,0.0,gap_too_large,4.0,original,50.01,original,0.8719999999999999,original,623063648.0,original,4324653.0,original,1266804817.0,original,1098210000.0,original,-107.0,original
773808.0,22.0,2024-01-24 08:30:00,OPMC_LIFT,1098220000.0,225.0,226.0,227.0,4.0,390.0,3.0,50.0,0.8662,2024-01-24 08:30:13.000,2024-01-24 08:30:13.000,2024-01-24 08:30:13.000,623066214.0,4325850.0,1266813000.0,225.0,original,226.0,original,227.0,original,4.0,original,390.0,original,3.0,original,50.0,original,0.8662,original,623066214.0,original,4325850.0,original,1266813000.0,original,1098220000.0,original,-118.0,original
774358.0,22.0,2024-01-24 09:00:00,OPMC_LIFT,1099330000.0,218.0,220.0,222.0,356.0,375.0,375.0,50.11,0.8738999999999999,2024-01-24 09:10:12.000,2024-01-24 09:10:12.000,2024-01-24 09:10:12.000,623698154.0,4326054.0,1268091912.0,218.0,original,220.0,original,222.0,original,356.0,original,375.0,original,375.0,original,50.11,original,0.8738999999999999,original,623698154.0,original,4326054.0,original,1268091912.0,original,1099330000.0,original,-108.0,original
774766.0,22.0,2024-01-24 09:30:00,OPMC_LIFT,1100390000.0,220.0,222.0,224.0,349.0,370.0,369.0,49.97,0.8704999999999999,2024-01-24 09:40:09.000,2024-01-24 09:40:09.000,2024-01-24 09:40:09.000,624290659.0,4326054.0,1269305633.0,220.0,original,222.0,original,224.0,original,349.0,original,370.0,original,369.0,original,49.97,original,0.8704999999999999,original,624290659.0,original,4326054.0,original,1269305633.0,original,1100390000.0,original,-101.0,original
775210.0,22.0,2024-01-24 10:00:00,OPMC_LIFT,1101440000.0,219.0,221.0,222.0,352.0,372.0,371.0,50.01,0.8736999999999999,2024-01-24 10:10:10.000,2024-01-24 10:10:10.000,2024-01-24 10:10:10.000,624879632.0,4326054.0,1270508971.0,219.0,original,221.0,original,222.0,original,352.0,original,372.0,original,371.0,original,50.01,original,0.8736999999999999,original,624879632.0,original,4326054.0,original,1270508971.0,original,1101440000.0,original,-119.0,original
775527.0,22.0,2024-01-24 10:30:00,OPMC_LIFT,1102140000.0,218.0,220.0,221.0,363.0,384.0,382.0,50.03,0.8766999999999999,2024-01-24 10:30:08.000,2024-01-24 10:30:08.000,2024-01-24 10:30:08.000,625271613.0,4326054.0,1271318587.0,218.0,original,220.0,original,221.0,original,363.0,original,384.0,original,382.0,original,50.03,original,0.8766999999999999,original,625271613.0,original,4326054.0,original,1271318587.0,original,1102140000.0,original,-108.0,original
775936.0,22.0,2024-01-24 11:00:00,OPMC_LIFT,1103210000.0,220.0,222.0,224.0,351.0,372.0,372.0,49.96,0.8707999999999999,2024-01-24 11:00:11.000,2024-01-24 11:00:11.000,2024-01-24 11:00:11.000,625862845.0,4326054.0,1272538635.0,220.0,original,222.0,original,224.0,original,351.0,original,372.0,original,372.0,original,49.96,original,0.8707999999999999,original,625862845.0,original,4326054.0,original,1272538635.0,original,1103210000.0,original,-105.0,original
776329.0,22.0,2024-01-24 11:30:00,OPMC_LIFT,1104280000.0,221.0,223.0,224.0,358.0,380.0,378.0,50.05,0.8714,2024-01-24 11:30:13.000,2024-01-24 11:30:13.000,2024-01-24 11:30:13.000,626463725.0,4326054.0,1273762238.0,221.0,original,223.0,original,224.0,original,358.0,original,380.0,original,378.0,original,50.05,original,0.8714,original,626463725.0,original,4326054.0,original,1273762238.0,original,1104280000.0,original,-117.0,original
776906.0,22.0,2024-01-24 12:00:00,OPMC_LIFT,1105680000.0,222.0,224.0,225.0,341.0,364.0,363.0,50.03,0.8657999999999999,2024-01-24 12:10:15.000,2024-01-24 12:10:15.000,2024-01-24 12:10:15.000,627269021.0,4326054.0,1275385464.0,222.0,original,224.0,original,225.0,original,341.0,original,364.0,original,363.0,original,50.03,original,0.8657999999999999,original,627269021.0,original,4326054.0,original,1275385464.0,original,1105680000.0,original,-102.0,original
777442.0,22.0,2024-01-24 12:30:00,OPMC_LIFT,1107070000.0,221.0,223.0,225.0,353.0,375.0,374.0,49.99,0.8688999999999999,2024-01-24 12:50:08.000,2024-01-24 12:50:08.000,2024-01-24 12:50:08.000,628068326.0,4326054.0,1276989697.0,221.0,original,223.0,original,225.0,original,353.0,original,375.0,original,374.0,original,49.99,original,0.8688999999999999,original,628068326.0,original,4326054.0,original,1276989697.0,original,1107070000.0,original,-100.0,original
777856.0,22.0,2024-01-24 13:00:00,OPMC_LIFT,1108150000.0,220.0,222.0,223.0,354.0,376.0,374.0,50.0,0.8723,2024-01-24 13:20:11.000,2024-01-24 13:20:11.000,2024-01-24 13:20:11.000,628667987.0,4326054.0,1278220280.0,220.0,original,222.0,original,223.0,original,354.0,original,376.0,original,374.0,original,50.0,original,0.8723,original,628667987.0,original,4326054.0,original,1278220280.0,original,1108150000.0,original,-118.0,original
777962.0,22.0,2024-01-24 13:30:00,OPMC_LIFT,1108500000.0,219.0,222.0,223.0,361.0,383.0,380.0,49.99,0.8742,2024-01-24 13:30:10.000,2024-01-24 13:30:10.000,2024-01-24 13:30:10.000,628867066.0,4326054.0,1278629128.0,219.0,original,222.0,original,223.0,original,361.0,original,383.0,original,380.0,original,49.99,original,0.8742,original,628867066.0,original,4326054.0,original,1278629128.0,original,1108500000.0,original,-119.0,original
778374.0,22.0,2024-01-24 14:00:00,OPMC_LIFT,1109590000.0,220.0,222.0,223.0,351.0,372.0,371.0,50.07,0.8724999999999999,2024-01-24 14:00:13.000,2024-01-24 14:00:13.000,2024-01-24 14:00:13.000,629470042.0,4326054.0,1279871950.0,220.0,original,222.0,original,223.0,original,351.0,original,372.0,original,371.0,original,50.07,original,0.8724999999999999,original,629470042.0,original,4326054.0,original,1279871950.0,original,1109590000.0,original,-106.0,original
778783.0,22.0,2024-01-24 14:30:00,OPMC_LIFT,1110660000.0,220.0,222.0,223.0,364.0,385.0,383.0,50.1,0.8746999999999999,2024-01-24 14:30:09.000,2024-01-24 14:30:09.000,2024-01-24 14:30:09.000,630063341.0,4326054.0,1281091838.0,220.0,original,222.0,original,223.0,original,364.0,original,385.0,original,383.0,original,50.1,original,0.8746999999999999,original,630063341.0,original,4326054.0,original,1281091838.0,original,1110660000.0,original,-119.0,original
779242.0,22.0,2024-01-24 15:00:00,OPMC_LIFT,1111720000.0,220.0,223.0,224.0,351.0,371.0,370.0,50.06,0.8713,2024-01-24 15:00:15.000,2024-01-24 15:00:15.000,2024-01-24 15:00:15.000,630659082.0,4326054.0,1282315227.0,220.0,original,223.0,original,224.0,original,351.0,original,371.0,original,370.0,original,50.06,original,0.8713,original,630659082.0,original,4326054.0,original,1282315227.0,original,1111720000.0,original,-103.0,original
779630.0,22.0,2024-01-24 15:30:00,OPMC_LIFT,1112790000.0,220.0,222.0,223.0,356.0,377.0,375.0,49.94,0.8723,2024-01-24 15:30:13.000,2024-01-24 15:30:13.000,2024-01-24 15:30:13.000,631255680.0,4326054.0,1283538942.0,220.0,original,222.0,original,223.0,original,356.0,original,377.0,original,375.0,original,49.94,original,0.8723,original,631255680.0,original,4326054.0,original,1283538942.0,original,1112790000.0,original,-119.0,original
779994.0,22.0,2024-01-24 16:00:00,OPMC_LIFT,1113480000.0,227.0,228.0,229.0,3.0,0.0,3.0,50.05,0.4684999999999999,2024-01-24 16:00:12.000,2024-01-24 16:00:12.000,2024-01-24 16:00:12.000,631637891.0,4326390.0,1284323480.0,227.0,original,228.0,original,229.0,original,3.0,original,0.0,gap_too_large,3.0,original,50.05,original,0.4684999999999999,original,631637891.0,original,4326390.0,original,1284323480.0,original,1113480000.0,original,-107.0,original
780384.0,22.0,2024-01-24 16:30:00,OPMC_LIFT,1113490000.0,229.0,229.0,230.0,5.0,0.0,4.0,49.99,0.8705999999999999,2024-01-24 16:30:09.000,2024-01-24 16:30:09.000,2024-01-24 16:30:09.000,631640710.0,4327728.0,1284332481.0,229.0,original,229.0,original,230.0,original,5.0,original,0.0,gap_too_large,4.0,original,49.99,original,0.8705999999999999,original,631640710.0,original,4327728.0,original,1284332481.0,original,1113490000.0,original,-106.0,original
780773.0,22.0,2024-01-24 17:00:00,OPMC_LIFT,1113490000.0,228.0,229.0,230.0,4.0,0.0,4.0,50.0,0.8664999999999999,2024-01-24 17:00:08.000,2024-01-24 17:00:08.000,2024-01-24 17:00:08.000,631643798.0,4329322.0,1284342513.0,228.0,original,229.0,original,230.0,original,4.0,original,0.0,gap_too_large,4.0,original,50.0,original,0.8664999999999999,original,631643798.0,original,4329322.0,original,1284342513.0,original,1113490000.0,original,-112.0,original
781198.0,22.0,2024-01-24 17:30:00,OPMC_LIFT,1113500000.0,228.0,229.0,230.0,4.0,0.0,4.0,49.99,0.8659999999999999,2024-01-24 17:30:14.000,2024-01-24 17:30:14.000,2024-01-24 17:30:14.000,631646486.0,4330509.0,1284350968.0,228.0,original,229.0,original,230.0,original,4.0,original,0.0,gap_too_large,4.0,original,49.99,original,0.8659999999999999,original,631646486.0,original,4330509.0,original,1284350968.0,original,1113500000.0,original,-118.0,original
781607.0,22.0,2024-01-24 18:00:00,OPMC_LIFT,1113510000.0,228.0,228.0,230.0,4.0,0.0,4.0,50.06,0.8693,2024-01-24 18:00:12.000,2024-01-24 18:00:12.000,2024-01-24 18:00:12.000,631649190.0,4331699.0,1284359473.0,228.0,original,228.0,original,230.0,original,4.0,original,0.0,gap_too_large,4.0,original,50.06,original,0.8693,original,631649190.0,original,4331699.0,original,1284359473.0,original,1113510000.0,original,-120.0,original
782011.0,22.0,2024-01-24 18:30:00,OPMC_LIFT,1113520000.0,228.0,229.0,230.0,4.0,0.0,4.0,49.97,0.8684,2024-01-24 18:30:10.000,2024-01-24 18:30:10.000,2024-01-24 18:30:10.000,631651875.0,4332886.0,1284367934.0,228.0,original,229.0,original,230.0,original,4.0,original,0.0,gap_too_large,4.0,original,49.97,original,0.8684,original,631651875.0,original,4332886.0,original,1284367934.0,original,1113520000.0,original,-120.0,original
782380.0,22.0,2024-01-24 19:00:00,OPMC_LIFT,1113520000.0,226.0,227.0,228.0,4.0,0.0,4.0,49.94,0.8674,2024-01-24 19:00:11.000,2024-01-24 19:00:11.000,2024-01-24 19:00:11.000,631654560.0,4334070.0,1284376392.0,226.0,original,227.0,original,228.0,original,4.0,original,0.0,gap_too_large,4.0,original,49.94,original,0.8674,original,631654560.0,original,4334070.0,original,1284376392.0,original,1113520000.0,original,-103.0,original
782809.0,22.0,2024-01-24 19:30:00,OPMC_LIFT,1113530000.0,226.0,227.0,228.0,4.0,0.0,4.0,50.02,0.8709999999999999,2024-01-24 19:30:12.000,2024-01-24 19:30:12.000,2024-01-24 19:30:12.000,631657168.0,4335254.0,1284384677.0,226.0,original,227.0,original,228.0,original,4.0,original,0.0,gap_too_large,4.0,original,50.02,original,0.8709999999999999,original,631657168.0,original,4335254.0,original,1284384677.0,original,1113530000.0,original,-107.0,original
783208.0,22.0,2024-01-24 20:00:00,OPMC_LIFT,1113540000.0,227.0,227.0,229.0,4.0,0.0,4.0,50.03,0.8695999999999999,2024-01-24 20:00:14.000,2024-01-24 20:00:14.000,2024-01-24 20:00:14.000,631659798.0,4336438.0,1284393009.0,227.0,original,227.0,original,229.0,original,4.0,original,0.0,gap_too_large,4.0,original,50.03,original,0.8695999999999999,original,631659798.0,original,4336438.0,original,1284393009.0,original,1113540000.0,original,-107.0,original
783623.0,22.0,2024-01-24 20:30:00,OPMC_LIFT,1113550000.0,227.0,227.0,229.0,4.0,0.0,4.0,50.06,0.8712,2024-01-24 20:30:13.000,2024-01-24 20:30:13.000,2024-01-24 20:30:13.000,631662432.0,4337622.0,1284401365.0,227.0,original,227.0,original,229.0,original,4.0,original,0.0,gap_too_large,4.0,original,50.06,original,0.8712,original,631662432.0,original,4337622.0,original,1284401365.0,original,1113550000.0,original,-107.0,original
783961.0,22.0,2024-01-24 21:00:00,OPMC_LIFT,1113550000.0,226.0,227.0,229.0,4.0,0.0,4.0,49.99,0.8673,2024-01-24 21:00:07.000,2024-01-24 21:00:07.000,2024-01-24 21:00:07.000,631665050.0,4338806.0,1284409678.0,226.0,original,227.0,original,229.0,original,4.0,original,0.0,gap_too_large,4.0,original,49.99,original,0.8673,original,631665050.0,original,4338806.0,original,1284409678.0,original,1113550000.0,original,-103.0,original
784411.0,22.0,2024-01-24 21:30:00,OPMC_LIFT,1113560000.0,227.0,228.0,229.0,4.0,0.0,4.0,49.97,0.8690999999999999,2024-01-24 21:30:13.000,2024-01-24 21:30:13.000,2024-01-24 21:30:13.000,631667680.0,4339990.0,1284418021.0,227.0,original,228.0,original,229.0,original,4.0,original,0.0,gap_too_large,4.0,original,49.97,original,0.8690999999999999,original,631667680.0,original,4339990.0,original,1284418021.0,original,1113560000.0,original,-105.0,original
784851.0,22.0,2024-01-24 22:00:00,OPMC_LIFT,1113570000.0,228.0,229.0,230.0,4.0,0.0,4.0,50.01,0.8684999999999999,2024-01-24 22:10:12.000,2024-01-24 22:10:12.000,2024-01-24 22:10:12.000,631671222.0,4341571.0,1284429233.0,228.0,original,229.0,original,230.0,original,4.0,original,0.0,gap_too_large,4.0,original,50.01,original,0.8684999999999999,original,631671222.0,original,4341571.0,original,1284429233.0,original,1113570000.0,original,-107.0,original
785035.0,22.0,2024-01-24 22:30:00,OPMC_LIFT,1113580000.0,229.0,229.0,231.0,4.0,0.0,4.0,49.94,0.8697999999999999,2024-01-24 22:35:44.000,2024-01-24 22:35:44.000,2024-01-24 22:35:44.000,631673504.0,4342582.0,1284436433.0,229.0,original,229.0,original,231.0,original,4.0,original,0.0,gap_too_large,4.0,original,49.94,original,0.8697999999999999,original,631673504.0,original,4342582.0,original,1284436433.0,original,1113580000.0,original,-102.0,original
785433.0,22.0,2024-01-24 23:00:00,OPMC_LIFT,1113580000.0,230.0,230.0,232.0,4.0,0.0,4.0,50.03,0.8685999999999999,2024-01-24 23:00:13.000,2024-01-24 23:00:13.000,2024-01-24 23:00:13.000,631675712.0,4343552.0,1284443400.0,230.0,original,230.0,original,232.0,original,4.0,original,0.0,gap_too_large,4.0,original,50.03,original,0.8685999999999999,original,631675712.0,original,4343552.0,original,1284443400.0,original,1113580000.0,original,-117.0,original
785944.0,22.0,2024-01-24 23:30:00,OPMC_LIFT,1113590000.0,227.0,228.0,230.0,4.0,0.0,4.0,50.04,0.8693,2024-01-24 23:40:06.000,2024-01-24 23:40:06.000,2024-01-24 23:40:06.000,631679293.0,4345133.0,1284454709.0,227.0,original,228.0,original,230.0,original,4.0,original,0.0,gap_too_large,4.0,original,50.04,original,0.8693,original,631679293.0,original,4345133.0,original,1284454709.0,original,1113590000.0,original,-106.0,original
786241.0,22.0,2024-01-25 00:00:00,OPMC_LIFT,1113600000.0,228.0,228.0,230.0,4.0,0.0,4.0,49.96,0.8707999999999999,2024-01-25 00:00:14.000,2024-01-25 00:00:14.000,2024-01-25 00:00:14.000,631681062.0,4345926.0,1284460315.0,228.0,original,228.0,original,230.0,original,4.0,original,0.0,gap_too_large,4.0,original,49.96,original,0.8707999999999999,original,631681062.0,original,4345926.0,original,1284460315.0,original,1113600000.0,original,-103.0,original
786634.0,22.0,2024-01-25 00:30:00,OPMC_LIFT,1113600000.0,228.0,229.0,231.0,4.0,0.0,4.0,50.03,0.8676999999999999,2024-01-25 00:30:11.000,2024-01-25 00:30:11.000,2024-01-25 00:30:11.000,631683738.0,4347117.0,1284468769.0,228.0,original,229.0,original,231.0,original,4.0,original,0.0,gap_too_large,4.0,original,50.03,original,0.8676999999999999,original,631683738.0,original,4347117.0,original,1284468769.0,original,1113600000.0,original,-102.0,original
787064.0,22.0,2024-01-25 01:00:00,OPMC_LIFT,1113610000.0,226.0,227.0,229.0,4.0,0.0,4.0,50.04,0.8688999999999999,2024-01-25 01:00:09.000,2024-01-25 01:00:09.000,2024-01-25 01:00:09.000,631686400.0,4348307.0,1284477198.0,226.0,original,227.0,original,229.0,original,4.0,original,0.0,gap_too_large,4.0,original,50.04,original,0.8688999999999999,original,631686400.0,original,4348307.0,original,1284477198.0,original,1113610000.0,original,-103.0,original
787635.0,22.0,2024-01-25 01:30:00,OPMC_LIFT,1113620000.0,226.0,227.0,229.0,4.0,0.0,4.0,50.01,0.8696999999999999,2024-01-25 01:40:08.000,2024-01-25 01:40:08.000,2024-01-25 01:40:08.000,631689882.0,4349891.0,1284488277.0,226.0,original,227.0,original,229.0,original,4.0,original,0.0,gap_too_large,4.0,original,50.01,original,0.8696999999999999,original,631689882.0,original,4349891.0,original,1284488277.0,original,1113620000.0,original,-105.0,original
787913.0,22.0,2024-01-25 02:00:00,OPMC_LIFT,1113630000.0,227.0,227.0,229.0,4.0,0.0,4.0,50.02,0.8708999999999999,2024-01-25 02:00:14.000,2024-01-25 02:00:14.000,2024-01-25 02:00:14.000,631691635.0,4350685.0,1284493838.0,227.0,original,227.0,original,229.0,original,4.0,original,0.0,gap_too_large,4.0,original,50.02,original,0.8708999999999999,original,631691635.0,original,4350685.0,original,1284493838.0,original,1113630000.0,original,-100.0,original
788311.0,22.0,2024-01-25 02:30:00,OPMC_LIFT,1113630000.0,227.0,228.0,230.0,4.0,0.0,4.0,50.06,0.8682,2024-01-25 02:30:11.000,2024-01-25 02:30:11.000,2024-01-25 02:30:11.000,631694275.0,4351872.0,1284502216.0,227.0,original,228.0,original,230.0,original,4.0,original,0.0,gap_too_large,4.0,original,50.06,original,0.8682,original,631694275.0,original,4351872.0,original,1284502216.0,original,1113630000.0,original,-119.0,original
788701.0,22.0,2024-01-25 03:00:00,OPMC_LIFT,1113640000.0,228.0,228.0,230.0,4.0,0.0,4.0,50.07,0.8669999999999999,2024-01-25 03:00:11.000,2024-01-25 03:00:11.000,2024-01-25 03:00:11.000,631696934.0,4353062.0,1284510635.0,228.0,original,228.0,original,230.0,original,4.0,original,0.0,gap_too_large,4.0,original,50.07,original,0.8669999999999999,original,631696934.0,original,4353062.0,original,1284510635.0,original,1113640000.0,original,-105.0,original
789235.0,22.0,2024-01-25 03:30:00,OPMC_LIFT,1113650000.0,228.0,229.0,231.0,4.0,0.0,4.0,50.05,0.8698999999999999,2024-01-25 03:40:10.000,2024-01-25 03:40:10.000,2024-01-25 03:40:10.000,631700502.0,4354653.0,1284521921.0,228.0,original,229.0,original,231.0,original,4.0,original,0.0,gap_too_large,4.0,original,50.05,original,0.8698999999999999,original,631700502.0,original,4354653.0,original,1284521921.0,original,1113650000.0,original,-117.0,original
789488.0,22.0,2024-01-25 04:00:00,OPMC_LIFT,1113650000.0,229.0,229.0,231.0,4.0,0.0,4.0,50.04,0.8679999999999999,2024-01-25 04:00:08.000,2024-01-25 04:00:08.000,2024-01-25 04:00:08.000,631702294.0,4355450.0,1284527582.0,229.0,original,229.0,original,231.0,original,4.0,original,0.0,gap_too_large,4.0,original,50.04,original,0.8679999999999999,original,631702294.0,original,4355450.0,original,1284527582.0,original,1113650000.0,original,-120.0,original
790054.0,22.0,2024-01-25 04:30:00,OPMC_LIFT,1113660000.0,228.0,229.0,231.0,4.0,0.0,4.0,50.07,0.8692,2024-01-25 04:40:12.000,2024-01-25 04:40:12.000,2024-01-25 04:40:12.000,631705866.0,4357043.0,1284538875.0,228.0,original,229.0,original,231.0,original,4.0,original,0.0,gap_too_large,4.0,original,50.07,original,0.8692,original,631705866.0,original,4357043.0,original,1284538875.0,original,1113660000.0,original,-102.0,original
790438.0,22.0,2024-01-25 05:00:00,OPMC_LIFT,1113670000.0,227.0,228.0,229.0,4.0,0.0,4.0,49.94,0.8699999999999999,2024-01-25 05:10:09.000,2024-01-25 05:10:09.000,2024-01-25 05:10:09.000,631708531.0,4358234.0,1284547310.0,227.0,original,228.0,original,229.0,original,4.0,original,0.0,gap_too_large,4.0,original,49.94,original,0.8699999999999999,original,631708531.0,original,4358234.0,original,1284547310.0,original,1113670000.0,original,-119.0,original
790842.0,22.0,2024-01-25 05:30:00,OPMC_LIFT,1113680000.0,226.0,227.0,228.0,4.0,0.0,4.0,50.01,0.8683,2024-01-25 05:40:12.000,2024-01-25 05:40:12.000,2024-01-25 05:40:12.000,631711152.0,4359424.0,1284555646.0,226.0,original,227.0,original,228.0,original,4.0,original,0.0,gap_too_large,4.0,original,50.01,original,0.8683,original,631711152.0,original,4359424.0,original,1284555646.0,original,1113680000.0,original,-118.0,original
791094.0,22.0,2024-01-25 06:00:00,OPMC_LIFT,1113680000.0,226.0,226.0,228.0,4.0,0.0,4.0,50.06,0.8694999999999999,2024-01-25 06:00:16.000,2024-01-25 06:00:16.000,2024-01-25 06:00:16.000,631712883.0,4360218.0,1284561160.0,226.0,original,226.0,original,228.0,original,4.0,original,0.0,gap_too_large,4.0,original,50.06,original,0.8694999999999999,original,631712883.0,original,4360218.0,original,1284561160.0,original,1113680000.0,original,-120.0,original
791473.0,22.0,2024-01-25 06:30:00,OPMC_LIFT,1113690000.0,226.0,227.0,229.0,4.0,0.0,4.0,50.03,0.8702,2024-01-25 06:30:11.000,2024-01-25 06:30:11.000,2024-01-25 06:30:11.000,631715472.0,4361408.0,1284569403.0,226.0,original,227.0,original,229.0,original,4.0,original,0.0,gap_too_large,4.0,original,50.03,original,0.8702,original,631715472.0,original,4361408.0,original,1284569403.0,original,1113690000.0,original,-118.0,original
791938.0,22.0,2024-01-25 07:00:00,OPMC_LIFT,1113700000.0,226.0,227.0,228.0,4.0,0.0,4.0,49.97,0.8675999999999999,2024-01-25 07:00:12.000,2024-01-25 07:00:12.000,2024-01-25 07:00:12.000,631718083.0,4362602.0,1284577717.0,226.0,original,227.0,original,228.0,original,4.0,original,0.0,gap_too_large,4.0,original,49.97,original,0.8675999999999999,original,631718083.0,original,4362602.0,original,1284577717.0,original,1113700000.0,original,-119.0,original
792357.0,22.0,2024-01-25 07:30:00,OPMC_LIFT,1113710000.0,224.0,225.0,227.0,4.0,0.0,3.0,50.03,0.8668999999999999,2024-01-25 07:30:12.000,2024-01-25 07:30:12.000,2024-01-25 07:30:12.000,631720659.0,4363792.0,1284585925.0,224.0,original,225.0,original,227.0,original,4.0,original,0.0,gap_too_large,3.0,original,50.03,original,0.8668999999999999,original,631720659.0,original,4363792.0,original,1284585925.0,original,1113710000.0,original,-117.0,original
792790.0,22.0,2024-01-25 08:00:00,OPMC_LIFT,1113710000.0,225.0,225.0,227.0,4.0,0.0,4.0,50.05,0.8685999999999999,2024-01-25 08:00:09.000,2024-01-25 08:00:09.000,2024-01-25 08:00:09.000,631723248.0,4364982.0,1284594152.0,225.0,original,225.0,original,227.0,original,4.0,original,0.0,gap_too_large,4.0,original,50.05,original,0.8685999999999999,original,631723248.0,original,4364982.0,original,1284594152.0,original,1113710000.0,original,-115.0,original
793284.0,22.0,2024-01-25 08:30:00,OPMC_LIFT,1113780000.0,222.0,224.0,225.0,219.0,232.0,233.0,49.95,0.7705,2024-01-25 08:40:08.000,2024-01-25 08:40:08.000,2024-01-25 08:40:08.000,631777053.0,4366349.0,1284685435.0,222.0,original,224.0,original,225.0,original,219.0,original,232.0,original,233.0,original,49.95,original,0.7705,original,631777053.0,original,4366349.0,original,1284685435.0,original,1113780000.0,original,-118.0,original
793545.0,22.0,2024-01-25 09:00:00,OPMC_LIFT,1114490000.0,219.0,221.0,223.0,365.0,385.0,381.0,49.96,0.8694999999999999,2024-01-25 09:00:08.000,2024-01-25 09:00:08.000,2024-01-25 09:00:08.000,632187590.0,4366349.0,1285503269.0,219.0,original,221.0,original,223.0,original,365.0,original,385.0,original,381.0,original,49.96,original,0.8694999999999999,original,632187590.0,original,4366349.0,original,1285503269.0,original,1114490000.0,original,-118.0,original
793959.0,22.0,2024-01-25 09:30:00,OPMC_LIFT,1115220000.0,219.0,221.0,222.0,303.0,319.0,318.0,49.99,0.8518999999999999,2024-01-25 09:30:11.000,2024-01-25 09:30:11.000,2024-01-25 09:30:11.000,632619238.0,4366349.0,1286353390.0,219.0,original,221.0,original,222.0,original,303.0,original,319.0,original,318.0,original,49.99,original,0.8518999999999999,original,632619238.0,original,4366349.0,original,1286353390.0,original,1115220000.0,original,-118.0,original
794369.0,22.0,2024-01-25 10:00:00,OPMC_LIFT,1115910000.0,219.0,222.0,223.0,367.0,386.0,383.0,50.0,0.8700999999999999,2024-01-25 10:00:10.000,2024-01-25 10:00:10.000,2024-01-25 10:00:10.000,633050026.0,4366349.0,1287168619.0,219.0,original,222.0,original,223.0,original,367.0,original,386.0,original,383.0,original,50.0,original,0.8700999999999999,original,633050026.0,original,4366349.0,original,1287168619.0,original,1115910000.0,original,-119.0,original
794860.0,22.0,2024-01-25 10:30:00,OPMC_LIFT,1116830000.0,222.0,224.0,225.0,211.0,216.0,218.0,49.99,0.8736999999999999,2024-01-25 10:40:12.000,2024-01-25 10:40:12.000,2024-01-25 10:40:12.000,633612515.0,4366349.0,1288246222.0,222.0,original,224.0,original,225.0,original,211.0,original,216.0,original,218.0,original,49.99,original,0.8736999999999999,original,633612515.0,original,4366349.0,original,1288246222.0,original,1116830000.0,original,-118.0,original
795119.0,22.0,2024-01-25 11:00:00,OPMC_LIFT,1117310000.0,221.0,223.0,224.0,212.0,217.0,220.0,50.03,0.8745999999999999,2024-01-25 11:00:10.000,2024-01-25 11:00:10.000,2024-01-25 11:00:10.000,633907827.0,4366349.0,1288811320.0,221.0,original,223.0,original,224.0,original,212.0,original,217.0,original,220.0,original,50.03,original,0.8745999999999999,original,633907827.0,original,4366349.0,original,1288811320.0,original,1117310000.0,original,-102.0,original
795527.0,22.0,2024-01-25 11:30:00,OPMC_LIFT,1118060000.0,219.0,221.0,223.0,382.0,402.0,397.0,50.02,0.8726999999999999,2024-01-25 11:30:11.000,2024-01-25 11:30:11.000,2024-01-25 11:30:11.000,634358176.0,4366349.0,1289683493.0,219.0,original,221.0,original,223.0,original,382.0,original,402.0,original,397.0,original,50.02,original,0.8726999999999999,original,634358176.0,original,4366349.0,original,1289683493.0,original,1118060000.0,original,-119.0,original
795930.0,22.0,2024-01-25 12:00:00,OPMC_LIFT,1118780000.0,224.0,226.0,227.0,246.0,260.0,256.0,50.04,0.8152999999999999,2024-01-25 12:00:10.000,2024-01-25 12:00:10.000,2024-01-25 12:00:10.000,634796218.0,4366349.0,1290533461.0,224.0,original,226.0,original,227.0,original,246.0,original,260.0,original,256.0,original,50.04,original,0.8152999999999999,original,634796218.0,original,4366349.0,original,1290533461.0,original,1118780000.0,original,-118.0,original
796475.0,22.0,2024-01-25 12:30:00,OPMC_LIFT,1119770000.0,223.0,225.0,226.0,288.0,305.0,305.0,49.93,0.8351999999999999,2024-01-25 12:40:10.000,2024-01-25 12:40:10.000,2024-01-25 12:40:10.000,635399165.0,4366349.0,1291691934.0,223.0,original,225.0,original,226.0,original,288.0,original,305.0,original,305.0,original,49.93,original,0.8351999999999999,original,635399165.0,original,4366349.0,original,1291691934.0,original,1119770000.0,original,-119.0,original
796743.0,22.0,2024-01-25 13:00:00,OPMC_LIFT,1120280000.0,223.0,225.0,226.0,209.0,217.0,218.0,50.0,0.8619999999999999,2024-01-25 13:00:10.000,2024-01-25 13:00:10.000,2024-01-25 13:00:10.000,635710861.0,4366349.0,1292290101.0,223.0,original,225.0,original,226.0,original,209.0,original,217.0,original,218.0,original,50.0,original,0.8619999999999999,original,635710861.0,original,4366349.0,original,1292290101.0,original,1120280000.0,original,-100.0,original
797156.0,22.0,2024-01-25 13:30:00,OPMC_LIFT,1121060000.0,224.0,225.0,226.0,139.0,144.0,146.0,50.03,0.8262999999999999,2024-01-25 13:30:10.000,2024-01-25 13:30:10.000,2024-01-25 13:30:10.000,636182957.0,4366349.0,1293203169.0,224.0,original,225.0,original,226.0,original,139.0,original,144.0,original,146.0,original,50.03,original,0.8262999999999999,original,636182957.0,original,4366349.0,original,1293203169.0,original,1121060000.0,original,-99.0,original
797570.0,22.0,2024-01-25 14:00:00,OPMC_LIFT,1121770000.0,221.0,223.0,224.0,259.0,274.0,273.0,49.99,0.8251999999999999,2024-01-25 14:00:13.000,2024-01-25 14:00:13.000,2024-01-25 14:00:13.000,636616237.0,4366349.0,1294038219.0,221.0,original,223.0,original,224.0,original,259.0,original,274.0,original,273.0,original,49.99,original,0.8251999999999999,original,636616237.0,original,4366349.0,original,1294038219.0,original,1121770000.0,original,-119.0,original
798147.0,22.0,2024-01-25 14:30:00,OPMC_LIFT,1122800000.0,223.0,224.0,226.0,198.0,204.0,207.0,50.02,0.8700999999999999,2024-01-25 14:40:08.000,2024-01-25 14:40:08.000,2024-01-25 14:40:08.000,637232006.0,4366349.0,1295233630.0,223.0,original,224.0,original,226.0,original,198.0,original,204.0,original,207.0,original,50.02,original,0.8700999999999999,original,637232006.0,original,4366349.0,original,1295233630.0,original,1122800000.0,original,-111.0,original
798430.0,22.0,2024-01-25 15:00:00,OPMC_LIFT,1123320000.0,221.0,223.0,224.0,322.0,340.0,337.0,50.05,0.8546999999999999,2024-01-25 15:00:12.000,2024-01-25 15:00:12.000,2024-01-25 15:00:12.000,637547885.0,4366349.0,1295842513.0,221.0,original,223.0,original,224.0,original,322.0,original,340.0,original,337.0,original,50.05,original,0.8546999999999999,original,637547885.0,original,4366349.0,original,1295842513.0,original,1123320000.0,original,-120.0,original
798808.0,22.0,2024-01-25 15:30:00,OPMC_LIFT,1124090000.0,223.0,224.0,226.0,207.0,215.0,216.0,50.02,0.8625999999999999,2024-01-25 15:30:15.000,2024-01-25 15:30:15.000,2024-01-25 15:30:15.000,638005725.0,4366349.0,1296737742.0,223.0,original,224.0,original,226.0,original,207.0,original,215.0,original,216.0,original,50.02,original,0.8625999999999999,original,638005725.0,original,4366349.0,original,1296737742.0,original,1124090000.0,original,-119.0,original
799181.0,22.0,2024-01-25 16:00:00,OPMC_LIFT,1124770000.0,228.0,229.0,230.0,105.5,0.0,110.0,50.01,1.0,2024-01-25 16:00:12.000,2024-01-25 16:00:12.000,2024-01-25 16:00:12.000,638420160.0,4366349.0,1297542158.0,228.0,original,229.0,original,230.0,original,105.5,interpolated,0.0,gap_too_large,110.0,interpolated,50.01,original,1.0,original,638420160.0,original,4366349.0,original,1297542158.0,original,1124770000.0,original,-111.0,original
799686.0,22.0,2024-01-25 16:30:00,OPMC_LIFT,1124780000.0,227.0,228.0,229.0,4.0,0.0,4.0,50.05,0.8689999999999999,2024-01-25 16:40:10.000,2024-01-25 16:40:10.000,2024-01-25 16:40:10.000,638421280.0,4366707.0,1297545169.0,227.0,original,228.0,original,229.0,original,4.0,original,0.0,gap_too_large,4.0,original,50.05,original,0.8689999999999999,original,638421280.0,original,4366707.0,original,1297545169.0,original,1124780000.0,original,-119.0,original
799955.0,22.0,2024-01-25 17:00:00,OPMC_LIFT,1124780000.0,229.0,230.0,231.0,4.0,0.0,4.0,50.06,0.8672,2024-01-25 17:00:11.000,2024-01-25 17:00:11.000,2024-01-25 17:00:11.000,638423053.0,4367510.0,1297550773.0,229.0,original,230.0,original,231.0,original,4.0,original,0.0,gap_too_large,4.0,original,50.06,original,0.8672,original,638423053.0,original,4367510.0,original,1297550773.0,original,1124780000.0,original,-118.0,original
800379.0,22.0,2024-01-25 17:30:00,OPMC_LIFT,1124790000.0,229.0,229.0,231.0,4.0,0.0,4.0,50.01,0.8700999999999999,2024-01-25 17:30:14.000,2024-01-25 17:30:14.000,2024-01-25 17:30:14.000,638425715.0,4368707.0,1297559208.0,229.0,original,229.0,original,231.0,original,4.0,original,0.0,gap_too_large,4.0,original,50.01,original,0.8700999999999999,original,638425715.0,original,4368707.0,original,1297559208.0,original,1124790000.0,original,-108.0,original
800733.0,22.0,2024-01-25 18:00:00,OPMC_LIFT,1124800000.0,228.0,228.0,230.0,4.0,0.0,4.0,50.01,0.8680999999999999,2024-01-25 18:00:13.000,2024-01-25 18:00:13.000,2024-01-25 18:00:13.000,638428410.0,4369904.0,1297567710.0,228.0,original,228.0,original,230.0,original,4.0,original,0.0,gap_too_large,4.0,original,50.01,original,0.8680999999999999,original,638428410.0,original,4369904.0,original,1297567710.0,original,1124800000.0,original,-108.0,original
801222.0,22.0,2024-01-25 18:30:00,OPMC_LIFT,1124810000.0,227.0,228.0,229.0,4.0,0.0,4.0,49.99,0.8705999999999999,2024-01-25 18:40:15.000,2024-01-25 18:40:15.000,2024-01-25 18:40:15.000,638431955.0,4371498.0,1297578942.0,227.0,original,228.0,original,229.0,original,4.0,original,0.0,gap_too_large,4.0,original,49.99,original,0.8705999999999999,original,638431955.0,original,4371498.0,original,1297578942.0,original,1124810000.0,original,-117.0,original
801495.0,22.0,2024-01-25 19:00:00,OPMC_LIFT,1124810000.0,228.0,228.0,230.0,4.0,0.0,4.0,49.97,0.8694,2024-01-25 19:00:13.000,2024-01-25 19:00:13.000,2024-01-25 19:00:13.000,638433725.0,4372294.0,1297584545.0,228.0,original,228.0,original,230.0,original,4.0,original,0.0,gap_too_large,4.0,original,49.97,original,0.8694,original,638433725.0,original,4372294.0,original,1297584545.0,original,1124810000.0,original,-120.0,original
801882.0,22.0,2024-01-25 19:30:00,OPMC_LIFT,1124820000.0,228.0,229.0,230.0,4.0,0.0,4.0,49.95,0.8694,2024-01-25 19:30:12.000,2024-01-25 19:30:12.000,2024-01-25 19:30:12.000,638436378.0,4373488.0,1297592952.0,228.0,original,229.0,original,230.0,original,4.0,original,0.0,gap_too_large,4.0,original,49.95,original,0.8694,original,638436378.0,original,4373488.0,original,1297592952.0,original,1124820000.0,original,-109.0,original
802271.0,22.0,2024-01-25 20:00:00,OPMC_LIFT,1124830000.0,228.0,229.0,230.0,4.0,0.0,4.0,50.06,0.8664999999999999,2024-01-25 20:00:13.000,2024-01-25 20:00:13.000,2024-01-25 20:00:13.000,638439037.0,4374685.0,1297601377.0,228.0,original,229.0,original,230.0,original,4.0,original,0.0,gap_too_large,4.0,original,50.06,original,0.8664999999999999,original,638439037.0,original,4374685.0,original,1297601377.0,original,1124830000.0,original,-120.0,original
802655.0,22.0,2024-01-25 20:30:00,OPMC_LIFT,1124830000.0,228.0,229.0,230.0,4.0,0.0,4.0,49.97,0.8676999999999999,2024-01-25 20:30:11.000,2024-01-25 20:30:11.000,2024-01-25 20:30:11.000,638441712.0,4375882.0,1297609845.0,228.0,original,229.0,original,230.0,original,4.0,original,0.0,gap_too_large,4.0,original,49.97,original,0.8676999999999999,original,638441712.0,original,4375882.0,original,1297609845.0,original,1124830000.0,original,-113.0,original
803040.0,22.0,2024-01-25 21:00:00,OPMC_LIFT,1124840000.0,229.0,230.0,231.0,4.0,0.0,4.0,49.96,0.8696999999999999,2024-01-25 21:00:12.000,2024-01-25 21:00:12.000,2024-01-25 21:00:12.000,638444400.0,4377078.0,1297618341.0,229.0,original,230.0,original,231.0,original,4.0,original,0.0,gap_too_large,4.0,original,49.96,original,0.8696999999999999,original,638444400.0,original,4377078.0,original,1297618341.0,original,1124840000.0,original,-119.0,original
803374.0,22.0,2024-01-25 21:30:00,OPMC_LIFT,1124850000.0,230.0,231.0,232.0,4.0,0.0,4.0,50.04,0.8654,2024-01-25 21:30:07.000,2024-01-25 21:30:07.000,2024-01-25 21:30:07.000,638447110.0,4378278.0,1297626891.0,230.0,original,231.0,original,232.0,original,4.0,original,0.0,gap_too_large,4.0,original,50.04,original,0.8654,original,638447110.0,original,4378278.0,original,1297626891.0,original,1124850000.0,original,-107.0,original
803753.0,22.0,2024-01-25 22:00:00,OPMC_LIFT,1124860000.0,228.0,229.0,230.0,4.0,0.0,4.0,50.04,0.8654,2024-01-25 22:00:09.000,2024-01-25 22:00:09.000,2024-01-25 22:00:09.000,638449808.0,4379478.0,1297635416.0,228.0,original,229.0,original,230.0,original,4.0,original,0.0,gap_too_large,4.0,original,50.04,original,0.8654,original,638449808.0,original,4379478.0,original,1297635416.0,original,1124860000.0,original,-120.0,original
803753.0,,2024-01-25 22:30:00,OPMC_LIFT,0.0,0.0,0.0,0.0,0.0,0.0,0.0,0.0,0.0,,,,0.0,0.0,0.0,0.0,gap_too_large,0.0,gap_too_large,0.0,gap_too_large,0.0,gap_too_large,0.0,gap_too_large,0.0,gap_too_large,0.0,gap_too_large,0.0,gap_too_large,0.0,gap_too_large,0.0,gap_too_large,0.0,gap_too_large,0.0,gap_too_large,0.0,gap_too_large
803753.0,,2024-01-25 23:00:00,OPMC_LIFT,0.0,0.0,0.0,0.0,0.0,0.0,0.0,0.0,0.0,,,,0.0,0.0,0.0,0.0,gap_too_large,0.0,gap_too_large,0.0,gap_too_large,0.0,gap_too_large,0.0,gap_too_large,0.0,gap_too_large,0.0,gap_too_large,0.0,gap_too_large,0.0,gap_too_large,0.0,gap_too_large,0.0,gap_too_large,0.0,gap_too_large,0.0,gap_too_large
803753.0,,2024-01-25 23:30:00,OPMC_LIFT,0.0,0.0,0.0,0.0,0.0,0.0,0.0,0.0,0.0,,,,0.0,0.0,0.0,0.0,gap_too_large,0.0,gap_too_large,0.0,gap_too_large,0.0,gap_too_large,0.0,gap_too_large,0.0,gap_too_large,0.0,gap_too_large,0.0,gap_too_large,0.0,gap_too_large,0.0,gap_too_large,0.0,gap_too_large,0.0,gap_too_large,0.0,gap_too_large
803753.0,,2024-01-26 00:00:00,OPMC_LIFT,0.0,0.0,0.0,0.0,0.0,0.0,0.0,0.0,0.0,,,,0.0,0.0,0.0,0.0,gap_too_large,0.0,gap_too_large,0.0,gap_too_large,0.0,gap_too_large,0.0,gap_too_large,0.0,gap_too_large,0.0,gap_too_large,0.0,gap_too_large,0.0,gap_too_large,0.0,gap_too_large,0.0,gap_too_large,0.0,gap_too_large,0.0,gap_too_large
803753.0,,2024-01-26 00:30:00,OPMC_LIFT,0.0,0.0,0.0,0.0,0.0,0.0,0.0,0.0,0.0,,,,0.0,0.0,0.0,0.0,gap_too_large,0.0,gap_too_large,0.0,gap_too_large,0.0,gap_too_large,0.0,gap_too_large,0.0,gap_too_large,0.0,gap_too_large,0.0,gap_too_large,0.0,gap_too_large,0.0,gap_too_large,0.0,gap_too_large,0.0,gap_too_large,0.0,gap_too_large
803753.0,,2024-01-26 01:00:00,OPMC_LIFT,0.0,0.0,0.0,0.0,0.0,0.0,0.0,0.0,0.0,,,,0.0,0.0,0.0,0.0,gap_too_large,0.0,gap_too_large,0.0,gap_too_large,0.0,gap_too_large,0.0,gap_too_large,0.0,gap_too_large,0.0,gap_too_large,0.0,gap_too_large,0.0,gap_too_large,0.0,gap_too_large,0.0,gap_too_large,0.0,gap_too_large,0.0,gap_too_large
803753.0,,2024-01-26 01:30:00,OPMC_LIFT,0.0,0.0,0.0,0.0,0.0,0.0,0.0,0.0,0.0,,,,0.0,0.0,0.0,0.0,gap_too_large,0.0,gap_too_large,0.0,gap_too_large,0.0,gap_too_large,0.0,gap_too_large,0.0,gap_too_large,0.0,gap_too_large,0.0,gap_too_large,0.0,gap_too_large,0.0,gap_too_large,0.0,gap_too_large,0.0,gap_too_large,0.0,gap_too_large
803753.0,,2024-01-26 02:00:00,OPMC_LIFT,0.0,0.0,0.0,0.0,0.0,0.0,0.0,0.0,0.0,,,,0.0,0.0,0.0,0.0,gap_too_large,0.0,gap_too_large,0.0,gap_too_large,0.0,gap_too_large,0.0,gap_too_large,0.0,gap_too_large,0.0,gap_too_large,0.0,gap_too_large,0.0,gap_too_large,0.0,gap_too_large,0.0,gap_too_large,0.0,gap_too_large,0.0,gap_too_large
803753.0,,2024-01-26 02:30:00,OPMC_LIFT,0.0,0.0,0.0,0.0,0.0,0.0,0.0,0.0,0.0,,,,0.0,0.0,0.0,0.0,gap_too_large,0.0,gap_too_large,0.0,gap_too_large,0.0,gap_too_large,0.0,gap_too_large,0.0,gap_too_large,0.0,gap_too_large,0.0,gap_too_large,0.0,gap_too_large,0.0,gap_too_large,0.0,gap_too_large,0.0,gap_too_large,0.0,gap_too_large
803753.0,,2024-01-26 03:00:00,OPMC_LIFT,0.0,0.0,0.0,0.0,0.0,0.0,0.0,0.0,0.0,,,,0.0,0.0,0.0,0.0,gap_too_large,0.0,gap_too_large,0.0,gap_too_large,0.0,gap_too_large,0.0,gap_too_large,0.0,gap_too_large,0.0,gap_too_large,0.0,gap_too_large,0.0,gap_too_large,0.0,gap_too_large,0.0,gap_too_large,0.0,gap_too_large,0.0,gap_too_large
803753.0,,2024-01-26 03:30:00,OPMC_LIFT,0.0,0.0,0.0,0.0,0.0,0.0,0.0,0.0,0.0,,,,0.0,0.0,0.0,0.0,gap_too_large,0.0,gap_too_large,0.0,gap_too_large,0.0,gap_too_large,0.0,gap_too_large,0.0,gap_too_large,0.0,gap_too_large,0.0,gap_too_large,0.0,gap_too_large,0.0,gap_too_large,0.0,gap_too_large,0.0,gap_too_large,0.0,gap_too_large
803753.0,,2024-01-26 04:00:00,OPMC_LIFT,0.0,0.0,0.0,0.0,0.0,0.0,0.0,0.0,0.0,,,,0.0,0.0,0.0,0.0,gap_too_large,0.0,gap_too_large,0.0,gap_too_large,0.0,gap_too_large,0.0,gap_too_large,0.0,gap_too_large,0.0,gap_too_large,0.0,gap_too_large,0.0,gap_too_large,0.0,gap_too_large,0.0,gap_too_large,0.0,gap_too_large,0.0,gap_too_large
803753.0,,2024-01-26 04:30:00,OPMC_LIFT,0.0,0.0,0.0,0.0,0.0,0.0,0.0,0.0,0.0,,,,0.0,0.0,0.0,0.0,gap_too_large,0.0,gap_too_large,0.0,gap_too_large,0.0,gap_too_large,0.0,gap_too_large,0.0,gap_too_large,0.0,gap_too_large,0.0,gap_too_large,0.0,gap_too_large,0.0,gap_too_large,0.0,gap_too_large,0.0,gap_too_large,0.0,gap_too_large
803753.0,,2024-01-26 05:00:00,OPMC_LIFT,0.0,0.0,0.0,0.0,0.0,0.0,0.0,0.0,0.0,,,,0.0,0.0,0.0,0.0,gap_too_large,0.0,gap_too_large,0.0,gap_too_large,0.0,gap_too_large,0.0,gap_too_large,0.0,gap_too_large,0.0,gap_too_large,0.0,gap_too_large,0.0,gap_too_large,0.0,gap_too_large,0.0,gap_too_large,0.0,gap_too_large,0.0,gap_too_large
803753.0,,2024-01-26 05:30:00,OPMC_LIFT,0.0,0.0,0.0,0.0,0.0,0.0,0.0,0.0,0.0,,,,0.0,0.0,0.0,0.0,gap_too_large,0.0,gap_too_large,0.0,gap_too_large,0.0,gap_too_large,0.0,gap_too_large,0.0,gap_too_large,0.0,gap_too_large,0.0,gap_too_large,0.0,gap_too_large,0.0,gap_too_large,0.0,gap_too_large,0.0,gap_too_large,0.0,gap_too_large
803753.0,,2024-01-26 06:00:00,OPMC_LIFT,0.0,0.0,0.0,0.0,0.0,0.0,0.0,0.0,0.0,,,,0.0,0.0,0.0,0.0,gap_too_large,0.0,gap_too_large,0.0,gap_too_large,0.0,gap_too_large,0.0,gap_too_large,0.0,gap_too_large,0.0,gap_too_large,0.0,gap_too_large,0.0,gap_too_large,0.0,gap_too_large,0.0,gap_too_large,0.0,gap_too_large,0.0,gap_too_large
803753.0,,2024-01-26 06:30:00,OPMC_LIFT,0.0,0.0,0.0,0.0,0.0,0.0,0.0,0.0,0.0,,,,0.0,0.0,0.0,0.0,gap_too_large,0.0,gap_too_large,0.0,gap_too_large,0.0,gap_too_large,0.0,gap_too_large,0.0,gap_too_large,0.0,gap_too_large,0.0,gap_too_large,0.0,gap_too_large,0.0,gap_too_large,0.0,gap_too_large,0.0,gap_too_large,0.0,gap_too_large
803753.0,,2024-01-26 07:00:00,OPMC_LIFT,0.0,0.0,0.0,0.0,0.0,0.0,0.0,0.0,0.0,,,,0.0,0.0,0.0,0.0,gap_too_large,0.0,gap_too_large,0.0,gap_too_large,0.0,gap_too_large,0.0,gap_too_large,0.0,gap_too_large,0.0,gap_too_large,0.0,gap_too_large,0.0,gap_too_large,0.0,gap_too_large,0.0,gap_too_large,0.0,gap_too_large,0.0,gap_too_large
803753.0,,2024-01-26 07:30:00,OPMC_LIFT,0.0,0.0,0.0,0.0,0.0,0.0,0.0,0.0,0.0,,,,0.0,0.0,0.0,0.0,gap_too_large,0.0,gap_too_large,0.0,gap_too_large,0.0,gap_too_large,0.0,gap_too_large,0.0,gap_too_large,0.0,gap_too_large,0.0,gap_too_large,0.0,gap_too_large,0.0,gap_too_large,0.0,gap_too_large,0.0,gap_too_large,0.0,gap_too_large
803753.0,,2024-01-26 08:00:00,OPMC_LIFT,0.0,0.0,0.0,0.0,0.0,0.0,0.0,0.0,0.0,,,,0.0,0.0,0.0,0.0,gap_too_large,0.0,gap_too_large,0.0,gap_too_large,0.0,gap_too_large,0.0,gap_too_large,0.0,gap_too_large,0.0,gap_too_large,0.0,gap_too_large,0.0,gap_too_large,0.0,gap_too_large,0.0,gap_too_large,0.0,gap_too_large,0.0,gap_too_large
803753.0,,2024-01-26 08:30:00,OPMC_LIFT,0.0,0.0,0.0,0.0,0.0,0.0,0.0,0.0,0.0,,,,0.0,0.0,0.0,0.0,gap_too_large,0.0,gap_too_large,0.0,gap_too_large,0.0,gap_too_large,0.0,gap_too_large,0.0,gap_too_large,0.0,gap_too_large,0.0,gap_too_large,0.0,gap_too_large,0.0,gap_too_large,0.0,gap_too_large,0.0,gap_too_large,0.0,gap_too_large
803753.0,,2024-01-26 09:00:00,OPMC_LIFT,0.0,0.0,0.0,0.0,0.0,0.0,0.0,0.0,0.0,,,,0.0,0.0,0.0,0.0,gap_too_large,0.0,gap_too_large,0.0,gap_too_large,0.0,gap_too_large,0.0,gap_too_large,0.0,gap_too_large,0.0,gap_too_large,0.0,gap_too_large,0.0,gap_too_large,0.0,gap_too_large,0.0,gap_too_large,0.0,gap_too_large,0.0,gap_too_large
803753.0,,2024-01-26 09:30:00,OPMC_LIFT,0.0,0.0,0.0,0.0,0.0,0.0,0.0,0.0,0.0,,,,0.0,0.0,0.0,0.0,gap_too_large,0.0,gap_too_large,0.0,gap_too_large,0.0,gap_too_large,0.0,gap_too_large,0.0,gap_too_large,0.0,gap_too_large,0.0,gap_too_large,0.0,gap_too_large,0.0,gap_too_large,0.0,gap_too_large,0.0,gap_too_large,0.0,gap_too_large
803753.0,,2024-01-26 10:00:00,OPMC_LIFT,0.0,0.0,0.0,0.0,0.0,0.0,0.0,0.0,0.0,,,,0.0,0.0,0.0,0.0,gap_too_large,0.0,gap_too_large,0.0,gap_too_large,0.0,gap_too_large,0.0,gap_too_large,0.0,gap_too_large,0.0,gap_too_large,0.0,gap_too_large,0.0,gap_too_large,0.0,gap_too_large,0.0,gap_too_large,0.0,gap_too_large,0.0,gap_too_large
803753.0,,2024-01-26 10:30:00,OPMC_LIFT,0.0,0.0,0.0,0.0,0.0,0.0,0.0,0.0,0.0,,,,0.0,0.0,0.0,0.0,gap_too_large,0.0,gap_too_large,0.0,gap_too_large,0.0,gap_too_large,0.0,gap_too_large,0.0,gap_too_large,0.0,gap_too_large,0.0,gap_too_large,0.0,gap_too_large,0.0,gap_too_large,0.0,gap_too_large,0.0,gap_too_large,0.0,gap_too_large
803753.0,,2024-01-26 11:00:00,OPMC_LIFT,0.0,0.0,0.0,0.0,0.0,0.0,0.0,0.0,0.0,,,,0.0,0.0,0.0,0.0,gap_too_large,0.0,gap_too_large,0.0,gap_too_large,0.0,gap_too_large,0.0,gap_too_large,0.0,gap_too_large,0.0,gap_too_large,0.0,gap_too_large,0.0,gap_too_large,0.0,gap_too_large,0.0,gap_too_large,0.0,gap_too_large,0.0,gap_too_large
803753.0,,2024-01-26 11:30:00,OPMC_LIFT,0.0,0.0,0.0,0.0,0.0,0.0,0.0,0.0,0.0,,,,0.0,0.0,0.0,0.0,gap_too_large,0.0,gap_too_large,0.0,gap_too_large,0.0,gap_too_large,0.0,gap_too_large,0.0,gap_too_large,0.0,gap_too_large,0.0,gap_too_large,0.0,gap_too_large,0.0,gap_too_large,0.0,gap_too_large,0.0,gap_too_large,0.0,gap_too_large
803753.0,,2024-01-26 12:00:00,OPMC_LIFT,0.0,0.0,0.0,0.0,0.0,0.0,0.0,0.0,0.0,,,,0.0,0.0,0.0,0.0,gap_too_large,0.0,gap_too_large,0.0,gap_too_large,0.0,gap_too_large,0.0,gap_too_large,0.0,gap_too_large,0.0,gap_too_large,0.0,gap_too_large,0.0,gap_too_large,0.0,gap_too_large,0.0,gap_too_large,0.0,gap_too_large,0.0,gap_too_large
803753.0,,2024-01-26 12:30:00,OPMC_LIFT,0.0,0.0,0.0,0.0,0.0,0.0,0.0,0.0,0.0,,,,0.0,0.0,0.0,0.0,gap_too_large,0.0,gap_too_large,0.0,gap_too_large,0.0,gap_too_large,0.0,gap_too_large,0.0,gap_too_large,0.0,gap_too_large,0.0,gap_too_large,0.0,gap_too_large,0.0,gap_too_large,0.0,gap_too_large,0.0,gap_too_large,0.0,gap_too_large
803753.0,,2024-01-26 13:00:00,OPMC_LIFT,0.0,0.0,0.0,0.0,0.0,0.0,0.0,0.0,0.0,,,,0.0,0.0,0.0,0.0,gap_too_large,0.0,gap_too_large,0.0,gap_too_large,0.0,gap_too_large,0.0,gap_too_large,0.0,gap_too_large,0.0,gap_too_large,0.0,gap_too_large,0.0,gap_too_large,0.0,gap_too_large,0.0,gap_too_large,0.0,gap_too_large,0.0,gap_too_large
803753.0,,2024-01-26 13:30:00,OPMC_LIFT,0.0,0.0,0.0,0.0,0.0,0.0,0.0,0.0,0.0,,,,0.0,0.0,0.0,0.0,gap_too_large,0.0,gap_too_large,0.0,gap_too_large,0.0,gap_too_large,0.0,gap_too_large,0.0,gap_too_large,0.0,gap_too_large,0.0,gap_too_large,0.0,gap_too_large,0.0,gap_too_large,0.0,gap_too_large,0.0,gap_too_large,0.0,gap_too_large
803753.0,,2024-01-26 14:00:00,OPMC_LIFT,0.0,0.0,0.0,0.0,0.0,0.0,0.0,0.0,0.0,,,,0.0,0.0,0.0,0.0,gap_too_large,0.0,gap_too_large,0.0,gap_too_large,0.0,gap_too_large,0.0,gap_too_large,0.0,gap_too_large,0.0,gap_too_large,0.0,gap_too_large,0.0,gap_too_large,0.0,gap_too_large,0.0,gap_too_large,0.0,gap_too_large,0.0,gap_too_large
814050.0,22.0,2024-01-26 14:30:00,OPMC_LIFT,1137610000.0,221.0,223.0,225.0,367.0,388.0,388.0,50.03,0.8723,2024-01-26 14:34:41.000,2024-01-26 14:34:41.000,2024-01-26 14:34:41.000,645599053.0,4404909.0,1312278408.0,221.0,original,223.0,original,225.0,original,367.0,original,388.0,original,388.0,original,50.03,original,0.8723,original,645599053.0,original,4404909.0,original,1312278408.0,original,1137610000.0,original,-117.0,original
814131.0,22.0,2024-01-26 15:00:00,OPMC_LIFT,1138540000.0,221.0,224.0,225.0,365.0,386.0,386.0,50.02,0.8714,2024-01-26 15:00:12.000,2024-01-26 15:00:12.000,2024-01-26 15:00:12.000,646123232.0,4404909.0,1313348027.0,221.0,original,224.0,original,225.0,original,365.0,original,386.0,original,386.0,original,50.02,original,0.8714,original,646123232.0,original,4404909.0,original,1313348027.0,original,1138540000.0,original,-120.0,original
814231.0,22.0,2024-01-26 15:30:00,OPMC_LIFT,1139990000.0,221.0,223.0,225.0,362.0,381.0,382.0,50.0,0.8714999999999999,2024-01-26 15:40:08.000,2024-01-26 15:40:08.000,2024-01-26 15:40:08.000,646942758.0,4404909.0,1315018766.0,221.0,original,223.0,original,225.0,original,362.0,original,381.0,original,382.0,original,50.0,original,0.8714999999999999,original,646942758.0,original,4404909.0,original,1315018766.0,original,1139990000.0,original,-108.0,original
814289.0,22.0,2024-01-26 16:00:00,OPMC_LIFT,1140720000.0,222.0,224.0,226.0,357.0,377.0,377.0,50.03,0.8685999999999999,2024-01-26 16:00:14.000,2024-01-26 16:00:14.000,2024-01-26 16:00:14.000,647351232.0,4404909.0,1315848869.0,222.0,original,224.0,original,226.0,original,357.0,original,377.0,original,377.0,original,50.03,original,0.8685999999999999,original,647351232.0,original,4404909.0,original,1315848869.0,original,1140720000.0,original,-103.0,original
814373.0,22.0,2024-01-26 16:30:00,OPMC_LIFT,1141380000.0,227.0,228.0,229.0,3.0,0.0,3.0,50.0,0.4696999999999999,2024-01-26 16:30:11.000,2024-01-26 16:30:11.000,2024-01-26 16:30:11.000,647728317.0,4405270.0,1316609048.0,227.0,original,228.0,original,229.0,original,3.0,original,0.0,gap_too_large,3.0,original,50.0,original,0.4696999999999999,original,647728317.0,original,4405270.0,original,1316609048.0,original,1141380000.0,original,-108.0,original
814452.0,22.0,2024-01-26 17:00:00,OPMC_LIFT,1141380000.0,227.0,228.0,230.0,5.0,0.0,4.0,50.04,0.8713,2024-01-26 17:00:12.000,2024-01-26 17:00:12.000,2024-01-26 17:00:12.000,647731174.0,4406624.0,1316618181.0,227.0,original,228.0,original,230.0,original,5.0,original,0.0,gap_too_large,4.0,original,50.04,original,0.8713,original,647731174.0,original,4406624.0,original,1316618181.0,original,1141380000.0,original,-118.0,original
814563.0,22.0,2024-01-26 17:30:00,OPMC_LIFT,1141390000.0,228.0,228.0,230.0,4.0,0.0,4.0,50.05,0.8656999999999999,2024-01-26 17:40:12.000,2024-01-26 17:40:12.000,2024-01-26 17:40:12.000,647734998.0,4408426.0,1316630382.0,228.0,original,228.0,original,230.0,original,4.0,original,0.0,gap_too_large,4.0,original,50.05,original,0.8656999999999999,original,647734998.0,original,4408426.0,original,1316630382.0,original,1141390000.0,original,-108.0,original
814663.0,22.0,2024-01-26 18:00:00,OPMC_LIFT,1141400000.0,230.0,230.0,232.0,4.0,0.0,4.0,50.04,0.8693,2024-01-26 18:20:11.000,2024-01-26 18:20:11.000,2024-01-26 18:20:11.000,647738608.0,4410010.0,1316641749.0,230.0,original,230.0,original,232.0,original,4.0,original,0.0,gap_too_large,4.0,original,50.04,original,0.8693,original,647738608.0,original,4410010.0,original,1316641749.0,original,1141400000.0,original,-109.0,original
814688.0,22.0,2024-01-26 18:30:00,OPMC_LIFT,1141410000.0,229.0,230.0,231.0,4.0,0.0,4.0,49.95,0.8703,2024-01-26 18:30:09.000,2024-01-26 18:30:09.000,2024-01-26 18:30:09.000,647739517.0,4410403.0,1316644600.0,229.0,original,230.0,original,231.0,original,4.0,original,0.0,gap_too_large,4.0,original,49.95,original,0.8703,original,647739517.0,original,4410403.0,original,1316644600.0,original,1141410000.0,original,-116.0,original
814688.0,,2024-01-26 19:00:00,OPMC_LIFT,1141415000.0,229.5,230.0,231.5,4.0,0.0,4.0,49.98,0.8678999999999999,,,,647742243.5,4411590.5,1316653163.0,229.5,interpolated,230.0,interpolated,231.5,interpolated,4.0,interpolated,0.0,gap_too_large,4.0,interpolated,49.98,interpolated,0.8678999999999999,interpolated,647742243.5,interpolated,4411590.5,interpolated,1316653163.0,interpolated,1141415000.0,interpolated,-114.5,interpolated
814856.0,22.0,2024-01-26 19:30:00,OPMC_LIFT,1141420000.0,230.0,230.0,232.0,4.0,0.0,4.0,50.01,0.8654999999999999,2024-01-26 19:30:14.000,2024-01-26 19:30:14.000,2024-01-26 19:30:14.000,647744970.0,4412778.0,1316661726.0,230.0,original,230.0,original,232.0,original,4.0,original,0.0,gap_too_large,4.0,original,50.01,original,0.8654999999999999,original,647744970.0,original,4412778.0,original,1316661726.0,original,1141420000.0,original,-113.0,original
814929.0,22.0,2024-01-26 20:00:00,OPMC_LIFT,1141430000.0,230.0,231.0,232.0,4.0,0.0,4.0,50.07,0.8688999999999999,2024-01-26 20:00:10.000,2024-01-26 20:00:10.000,2024-01-26 20:00:10.000,647747693.0,4413965.0,1316670286.0,230.0,original,231.0,original,232.0,original,4.0,original,0.0,gap_too_large,4.0,original,50.07,original,0.8688999999999999,original,647747693.0,original,4413965.0,original,1316670286.0,original,1141430000.0,original,-106.0,original
814997.0,22.0,2024-01-26 20:30:00,OPMC_LIFT,1141440000.0,230.0,231.0,232.0,4.0,0.0,4.0,49.97,0.8684999999999999,2024-01-26 20:30:10.000,2024-01-26 20:30:10.000,2024-01-26 20:30:10.000,647750429.0,4415155.0,1316678878.0,230.0,original,231.0,original,232.0,original,4.0,original,0.0,gap_too_large,4.0,original,49.97,original,0.8684999999999999,original,647750429.0,original,4415155.0,original,1316678878.0,original,1141440000.0,original,-109.0,original
815077.0,22.0,2024-01-26 21:00:00,OPMC_LIFT,1141440000.0,231.0,231.0,233.0,4.0,0.0,4.0,50.0,0.8664999999999999,2024-01-26 21:00:14.000,2024-01-26 21:00:14.000,2024-01-26 21:00:14.000,647753171.0,4416346.0,1316687486.0,231.0,original,231.0,original,233.0,original,4.0,original,0.0,gap_too_large,4.0,original,50.0,original,0.8664999999999999,original,647753171.0,original,4416346.0,original,1316687486.0,original,1141440000.0,original,-112.0,original
815165.0,22.0,2024-01-26 21:30:00,OPMC_LIFT,1141450000.0,228.0,229.0,230.0,4.0,0.0,4.0,50.03,0.8682,2024-01-26 21:40:09.000,2024-01-26 21:40:09.000,2024-01-26 21:40:09.000,647756730.0,4417933.0,1316698744.0,228.0,original,229.0,original,230.0,original,4.0,original,0.0,gap_too_large,4.0,original,50.03,original,0.8682,original,647756730.0,original,4417933.0,original,1316698744.0,original,1141450000.0,original,-112.0,original
815220.0,22.0,2024-01-26 22:00:00,OPMC_LIFT,1141460000.0,227.0,228.0,230.0,4.0,0.0,4.0,49.93,0.8673,2024-01-26 22:00:14.000,2024-01-26 22:00:14.000,2024-01-26 22:00:14.000,647758509.0,4418726.0,1316704363.0,227.0,original,228.0,original,230.0,original,4.0,original,0.0,gap_too_large,4.0,original,49.93,original,0.8673,original,647758509.0,original,4418726.0,original,1316704363.0,original,1141460000.0,original,-107.0,original
815292.0,22.0,2024-01-26 22:30:00,OPMC_LIFT,1141470000.0,229.0,229.0,231.0,4.0,0.0,4.0,50.07,0.8672,2024-01-26 22:30:09.000,2024-01-26 22:30:09.000,2024-01-26 22:30:09.000,647761184.0,4419917.0,1316712824.0,229.0,original,229.0,original,231.0,original,4.0,original,0.0,gap_too_large,4.0,original,50.07,original,0.8672,original,647761184.0,original,4419917.0,original,1316712824.0,original,1141470000.0,original,-108.0,original
815416.0,22.0,2024-01-26 23:00:00,OPMC_LIFT,1141480000.0,229.0,230.0,232.0,4.0,0.0,4.0,49.93,0.8700999999999999,2024-01-26 23:10:10.000,2024-01-26 23:10:10.000,2024-01-26 23:10:10.000,647764797.0,4421507.0,1316724209.0,229.0,original,230.0,original,232.0,original,4.0,original,0.0,gap_too_large,4.0,original,49.93,original,0.8700999999999999,original,647764797.0,original,4421507.0,original,1316724209.0,original,1141480000.0,original,-101.0,original
815464.0,22.0,2024-01-26 23:30:00,OPMC_LIFT,1141480000.0,230.0,230.0,232.0,4.0,0.0,4.0,49.94,0.8652,2024-01-26 23:30:09.000,2024-01-26 23:30:09.000,2024-01-26 23:30:09.000,647766614.0,4422304.0,1316729925.0,230.0,original,230.0,original,232.0,original,4.0,original,0.0,gap_too_large,4.0,original,49.94,original,0.8652,original,647766614.0,original,4422304.0,original,1316729925.0,original,1141480000.0,original,-111.0,original
815547.0,22.0,2024-01-27 00:00:00,OPMC_LIFT,1141490000.0,229.0,230.0,232.0,4.0,0.0,4.0,49.97,0.8686999999999999,2024-01-27 00:00:13.000,2024-01-27 00:00:13.000,2024-01-27 00:00:13.000,647769338.0,4423494.0,1316738497.0,229.0,original,230.0,original,232.0,original,4.0,original,0.0,gap_too_large,4.0,original,49.97,original,0.8686999999999999,original,647769338.0,original,4423494.0,original,1316738497.0,original,1141490000.0,original,-102.0,original
815547.0,,2024-01-27 00:30:00,OPMC_LIFT,1141495000.0,229.5,230.0,232.0,4.0,0.0,4.0,49.96,0.8685499999999999,,,,647772070.5,4424689.5,1316747100.5,229.5,interpolated,230.0,interpolated,232.0,interpolated,4.0,interpolated,0.0,gap_too_large,4.0,interpolated,49.96,interpolated,0.8685499999999999,interpolated,647772070.5,interpolated,4424689.5,interpolated,1316747100.5,interpolated,1141495000.0,interpolated,-106.5,interpolated
815706.0,22.0,2024-01-27 01:00:00,OPMC_LIFT,1141500000.0,230.0,230.0,232.0,4.0,0.0,4.0,49.95,0.8684,2024-01-27 01:00:11.000,2024-01-27 01:00:11.000,2024-01-27 01:00:11.000,647774803.0,4425885.0,1316755704.0,230.0,original,230.0,original,232.0,original,4.0,original,0.0,gap_too_large,4.0,original,49.95,original,0.8684,original,647774803.0,original,4425885.0,original,1316755704.0,original,1141500000.0,original,-111.0,original
815775.0,22.0,2024-01-27 01:30:00,OPMC_LIFT,1141510000.0,230.0,231.0,233.0,4.0,0.0,4.0,50.0,0.8672,2024-01-27 01:30:11.000,2024-01-27 01:30:11.000,2024-01-27 01:30:11.000,647777549.0,4427082.0,1316764334.0,230.0,original,231.0,original,233.0,original,4.0,original,0.0,gap_too_large,4.0,original,50.0,original,0.8672,original,647777549.0,original,4427082.0,original,1316764334.0,original,1141510000.0,original,-114.0,original
815886.0,22.0,2024-01-27 02:00:00,OPMC_LIFT,1141520000.0,228.0,229.0,231.0,4.0,0.0,4.0,49.93,0.8680999999999999,2024-01-27 02:10:12.000,2024-01-27 02:10:12.000,2024-01-27 02:10:12.000,647781216.0,4428675.0,1316775857.0,228.0,original,229.0,original,231.0,original,4.0,original,0.0,gap_too_large,4.0,original,49.93,original,0.8680999999999999,original,647781216.0,original,4428675.0,original,1316775857.0,original,1141520000.0,original,-111.0,original
815971.0,22.0,2024-01-27 02:30:00,OPMC_LIFT,1141530000.0,229.0,229.0,232.0,4.0,0.0,4.0,50.05,0.8699999999999999,2024-01-27 02:41:27.000,2024-01-27 02:41:27.000,2024-01-27 02:41:27.000,647784019.0,4429923.0,1316784728.0,229.0,original,229.0,original,232.0,original,4.0,original,0.0,gap_too_large,4.0,original,50.05,original,0.8699999999999999,original,647784019.0,original,4429923.0,original,1316784728.0,original,1141530000.0,original,-103.0,original
815971.0,,2024-01-27 03:00:00,OPMC_LIFT,1141535000.0,229.5,229.5,232.5,4.0,0.0,4.0,50.035,0.8695499999999998,,,,647786683.0,4431096.0,1316793128.0,229.5,interpolated,229.5,interpolated,232.5,interpolated,4.0,interpolated,0.0,gap_too_large,4.0,interpolated,50.035,interpolated,0.8695499999999998,interpolated,647786683.0,interpolated,4431096.0,interpolated,1316793128.0,interpolated,1141535000.0,interpolated,-108.0,interpolated
816113.0,22.0,2024-01-27 03:30:00,OPMC_LIFT,1141540000.0,230.0,230.0,233.0,4.0,0.0,4.0,50.02,0.8690999999999999,2024-01-27 03:40:10.000,2024-01-27 03:40:10.000,2024-01-27 03:40:10.000,647789347.0,4432269.0,1316801528.0,230.0,original,230.0,original,233.0,original,4.0,original,0.0,gap_too_large,4.0,original,50.02,original,0.8690999999999999,original,647789347.0,original,4432269.0,original,1316801528.0,original,1141540000.0,original,-113.0,original
816216.0,22.0,2024-01-27 04:00:00,OPMC_LIFT,1141550000.0,230.0,230.0,232.0,4.0,0.0,4.0,50.05,0.8676999999999999,2024-01-27 04:20:13.000,2024-01-27 04:20:13.000,2024-01-27 04:20:13.000,647792995.0,4433866.0,1316813016.0,230.0,original,230.0,original,232.0,original,4.0,original,0.0,gap_too_large,4.0,original,50.05,original,0.8676999999999999,original,647792995.0,original,4433866.0,original,1316813016.0,original,1141550000.0,original,-113.0,original
816233.0,22.0,2024-01-27 04:30:00,OPMC_LIFT,1141560000.0,230.0,230.0,232.0,4.0,0.0,4.0,50.01,0.8673,2024-01-27 04:30:06.000,2024-01-27 04:30:06.000,2024-01-27 04:30:06.000,647793904.0,4434266.0,1316815880.0,230.0,original,230.0,original,232.0,original,4.0,original,0.0,gap_too_large,4.0,original,50.01,original,0.8673,original,647793904.0,original,4434266.0,original,1316815880.0,original,1141560000.0,original,-106.0,original
816319.0,22.0,2024-01-27 05:00:00,OPMC_LIFT,1141560000.0,230.0,230.0,232.0,4.0,0.0,4.0,50.03,0.8664999999999999,2024-01-27 05:00:11.000,2024-01-27 05:00:11.000,2024-01-27 05:00:11.000,647796634.0,4435469.0,1316824485.0,230.0,original,230.0,original,232.0,original,4.0,original,0.0,gap_too_large,4.0,original,50.03,original,0.8664999999999999,original,647796634.0,original,4435469.0,original,1316824485.0,original,1141560000.0,original,-112.0,original
816399.0,22.0,2024-01-27 05:30:00,OPMC_LIFT,1141570000.0,230.0,230.0,232.0,4.0,0.0,4.0,50.11,0.8659999999999999,2024-01-27 05:30:08.000,2024-01-27 05:30:08.000,2024-01-27 05:30:08.000,647799354.0,4436666.0,1316833064.0,230.0,original,230.0,original,232.0,original,4.0,original,0.0,gap_too_large,4.0,original,50.11,original,0.8659999999999999,original,647799354.0,original,4436666.0,original,1316833064.0,original,1141570000.0,original,-115.0,original
816480.0,22.0,2024-01-27 06:00:00,OPMC_LIFT,1141580000.0,230.0,230.0,232.0,4.0,0.0,4.0,50.09,0.8689999999999999,2024-01-27 06:00:11.000,2024-01-27 06:00:11.000,2024-01-27 06:00:11.000,647802077.0,4437869.0,1316841649.0,230.0,original,230.0,original,232.0,original,4.0,original,0.0,gap_too_large,4.0,original,50.09,original,0.8689999999999999,original,647802077.0,original,4437869.0,original,1316841649.0,original,1141580000.0,original,-111.0,original
816554.0,22.0,2024-01-27 06:30:00,OPMC_LIFT,1141590000.0,229.0,229.0,231.0,4.0,0.0,4.0,49.95,0.8687999999999999,2024-01-27 06:30:08.000,2024-01-27 06:30:08.000,2024-01-27 06:30:08.000,647804797.0,4439072.0,1316850225.0,229.0,original,229.0,original,231.0,original,4.0,original,0.0,gap_too_large,4.0,original,49.95,original,0.8687999999999999,original,647804797.0,original,4439072.0,original,1316850225.0,original,1141590000.0,original,-109.0,original
816639.0,22.0,2024-01-27 07:00:00,OPMC_LIFT,1141590000.0,229.0,230.0,231.0,4.0,0.0,4.0,49.93,0.8684,2024-01-27 07:00:08.000,2024-01-27 07:00:08.000,2024-01-27 07:00:08.000,647807507.0,4440275.0,1316858776.0,229.0,original,230.0,original,231.0,original,4.0,original,0.0,gap_too_large,4.0,original,49.93,original,0.8684,original,647807507.0,original,4440275.0,original,1316858776.0,original,1141590000.0,original,-111.0,original
816719.0,22.0,2024-01-27 07:30:00,OPMC_LIFT,1141600000.0,227.0,228.0,230.0,4.0,0.0,4.0,49.95,0.8686999999999999,2024-01-27 07:30:13.000,2024-01-27 07:30:13.000,2024-01-27 07:30:13.000,647810182.0,4441478.0,1316867240.0,227.0,original,228.0,original,230.0,original,4.0,original,0.0,gap_too_large,4.0,original,49.95,original,0.8686999999999999,original,647810182.0,original,4441478.0,original,1316867240.0,original,1141600000.0,original,-114.0,original
816796.0,22.0,2024-01-27 08:00:00,OPMC_LIFT,1141610000.0,227.0,227.0,229.0,4.0,0.0,4.0,50.04,0.8694999999999999,2024-01-27 08:00:14.000,2024-01-27 08:00:14.000,2024-01-27 08:00:14.000,647812822.0,4442678.0,1316875611.0,227.0,original,227.0,original,229.0,original,4.0,original,0.0,gap_too_large,4.0,original,50.04,original,0.8694999999999999,original,647812822.0,original,4442678.0,original,1316875611.0,original,1141610000.0,original,-103.0,original
816862.0,22.0,2024-01-27 08:30:00,OPMC_LIFT,1141610000.0,227.0,228.0,229.0,4.0,0.0,4.0,49.93,0.8672,2024-01-27 08:30:08.000,2024-01-27 08:30:08.000,2024-01-27 08:30:08.000,647815424.0,4443875.0,1316883896.0,227.0,original,228.0,original,229.0,original,4.0,original,0.0,gap_too_large,4.0,original,49.93,original,0.8672,original,647815424.0,original,4443875.0,original,1316883896.0,original,1141610000.0,original,-108.0,original
816943.0,22.0,2024-01-27 09:00:00,OPMC_LIFT,1141620000.0,227.0,227.0,229.0,4.0,0.0,4.0,49.93,0.8669999999999999,2024-01-27 09:00:13.000,2024-01-27 09:00:13.000,2024-01-27 09:00:13.000,647818067.0,4445075.0,1316892280.0,227.0,original,227.0,original,229.0,original,4.0,original,0.0,gap_too_large,4.0,original,49.93,original,0.8669999999999999,original,647818067.0,original,4445075.0,original,1316892280.0,original,1141620000.0,original,-112.0,original
817040.0,22.0,2024-01-27 09:30:00,OPMC_LIFT,1141630000.0,226.0,226.0,228.0,4.0,0.0,4.0,49.98,0.8682,2024-01-27 09:40:13.000,2024-01-27 09:40:13.000,2024-01-27 09:40:13.000,647821565.0,4446669.0,1316903377.0,226.0,original,226.0,original,228.0,original,4.0,original,0.0,gap_too_large,4.0,original,49.98,original,0.8682,original,647821565.0,original,4446669.0,original,1316903377.0,original,1141630000.0,original,-111.0,original
817116.0,22.0,2024-01-27 10:00:00,OPMC_LIFT,1141640000.0,226.0,226.0,228.0,4.0,0.0,4.0,50.0,0.8706999999999999,2024-01-27 10:10:15.000,2024-01-27 10:10:15.000,2024-01-27 10:10:15.000,647824166.0,4447866.0,1316911643.0,226.0,original,226.0,original,228.0,original,4.0,original,0.0,gap_too_large,4.0,original,50.0,original,0.8706999999999999,original,647824166.0,original,4447866.0,original,1316911643.0,original,1141640000.0,original,-113.0,original
817159.0,22.0,2024-01-27 10:30:00,OPMC_LIFT,1141640000.0,225.0,226.0,227.0,4.0,0.0,4.0,49.94,0.8667999999999999,2024-01-27 10:30:09.000,2024-01-27 10:30:09.000,2024-01-27 10:30:09.000,647825888.0,4448666.0,1316917134.0,225.0,original,226.0,original,227.0,original,4.0,original,0.0,gap_too_large,4.0,original,49.94,original,0.8667999999999999,original,647825888.0,original,4448666.0,original,1316917134.0,original,1141640000.0,original,-108.0,original
817259.0,22.0,2024-01-27 11:00:00,OPMC_LIFT,1141650000.0,226.0,226.0,228.0,4.0,0.0,4.0,50.05,0.8695999999999999,2024-01-27 11:10:12.000,2024-01-27 11:10:12.000,2024-01-27 11:10:12.000,647829338.0,4450262.0,1316928126.0,226.0,original,226.0,original,228.0,original,4.0,original,0.0,gap_too_large,4.0,original,50.05,original,0.8695999999999999,original,647829338.0,original,4450262.0,original,1316928126.0,original,1141650000.0,original,-112.0,original
817321.0,22.0,2024-01-27 11:30:00,OPMC_LIFT,1141660000.0,226.0,227.0,228.0,4.0,0.0,4.0,49.98,0.8659999999999999,2024-01-27 11:30:15.000,2024-01-27 11:30:15.000,2024-01-27 11:30:15.000,647831075.0,4451066.0,1316933653.0,226.0,original,227.0,original,228.0,original,4.0,original,0.0,gap_too_large,4.0,original,49.98,original,0.8659999999999999,original,647831075.0,original,4451066.0,original,1316933653.0,original,1141660000.0,original,-109.0,original
817390.0,22.0,2024-01-27 12:00:00,OPMC_LIFT,1141670000.0,228.0,228.0,230.0,4.0,0.0,4.0,49.97,0.8688999999999999,2024-01-27 12:00:11.000,2024-01-27 12:00:11.000,2024-01-27 12:00:11.000,647833709.0,4452269.0,1316942008.0,228.0,original,228.0,original,230.0,original,4.0,original,0.0,gap_too_large,4.0,original,49.97,original,0.8688999999999999,original,647833709.0,original,4452269.0,original,1316942008.0,original,1141670000.0,original,-107.0,original
817481.0,22.0,2024-01-27 12:30:00,OPMC_LIFT,1141680000.0,228.0,229.0,231.0,4.0,0.0,4.0,49.95,0.8702,2024-01-27 12:40:07.000,2024-01-27 12:40:07.000,2024-01-27 12:40:07.000,647837277.0,4453875.0,1316953291.0,228.0,original,229.0,original,231.0,original,4.0,original,0.0,gap_too_large,4.0,original,49.95,original,0.8702,original,647837277.0,original,4453875.0,original,1316953291.0,original,1141680000.0,original,-108.0,original
817531.0,22.0,2024-01-27 13:00:00,OPMC_LIFT,1141680000.0,228.0,229.0,230.0,4.0,0.0,4.0,49.95,0.8689999999999999,2024-01-27 13:00:09.000,2024-01-27 13:00:09.000,2024-01-27 13:00:09.000,647839066.0,4454678.0,1316958939.0,228.0,original,229.0,original,230.0,original,4.0,original,0.0,gap_too_large,4.0,original,49.95,original,0.8689999999999999,original,647839066.0,original,4454678.0,original,1316958939.0,original,1141680000.0,original,-114.0,original
817604.0,22.0,2024-01-27 13:30:00,OPMC_LIFT,1141690000.0,228.0,228.0,230.0,4.0,0.0,4.0,50.01,0.8668999999999999,2024-01-27 13:30:14.000,2024-01-27 13:30:14.000,2024-01-27 13:30:14.000,647841722.0,4455882.0,1316967355.0,228.0,original,228.0,original,230.0,original,4.0,original,0.0,gap_too_large,4.0,original,50.01,original,0.8668999999999999,original,647841722.0,original,4455882.0,original,1316967355.0,original,1141690000.0,original,-101.0,original
817604.0,,2024-01-27 14:00:00,OPMC_LIFT,1141695000.0,228.0,228.5,230.0,4.0,0.0,4.0,50.035,0.8664499999999998,,,,647844826.0,4457285.0,1316977179.0,228.0,interpolated,228.5,interpolated,230.0,interpolated,4.0,interpolated,0.0,gap_too_large,4.0,interpolated,50.035,interpolated,0.8664499999999998,interpolated,647844826.0,interpolated,4457285.0,interpolated,1316977179.0,interpolated,1141695000.0,interpolated,-105.0,interpolated
817782.0,22.0,2024-01-27 14:30:00,OPMC_LIFT,1141700000.0,228.0,229.0,230.0,4.0,0.0,4.0,50.06,0.8659999999999999,2024-01-27 14:40:07.000,2024-01-27 14:40:07.000,2024-01-27 14:40:07.000,647847930.0,4458688.0,1316987003.0,228.0,original,229.0,original,230.0,original,4.0,original,0.0,gap_too_large,4.0,original,50.06,original,0.8659999999999999,original,647847930.0,original,4458688.0,original,1316987003.0,original,1141700000.0,original,-109.0,original
817872.0,22.0,2024-01-27 15:00:00,OPMC_LIFT,1141710000.0,228.0,229.0,230.0,4.0,0.0,4.0,50.01,0.8670999999999999,2024-01-27 15:20:10.000,2024-01-27 15:20:10.000,2024-01-27 15:20:10.000,647851498.0,4460294.0,1316998277.0,228.0,original,229.0,original,230.0,original,4.0,original,0.0,gap_too_large,4.0,original,50.01,original,0.8670999999999999,original,647851498.0,original,4460294.0,original,1316998277.0,original,1141710000.0,original,-108.0,original
817897.0,22.0,2024-01-27 15:30:00,OPMC_LIFT,1141720000.0,228.0,228.0,230.0,4.0,0.0,4.0,49.97,0.8679999999999999,2024-01-27 15:30:12.000,2024-01-27 15:30:12.000,2024-01-27 15:30:12.000,647852390.0,4460698.0,1317001096.0,228.0,original,228.0,original,230.0,original,4.0,original,0.0,gap_too_large,4.0,original,49.97,original,0.8679999999999999,original,647852390.0,original,4460698.0,original,1317001096.0,original,1141720000.0,original,-111.0,original
817966.0,22.0,2024-01-27 16:00:00,OPMC_LIFT,1141720000.0,229.0,229.0,230.0,4.0,0.0,4.0,50.0,0.8693,2024-01-27 16:00:09.000,2024-01-27 16:00:09.000,2024-01-27 16:00:09.000,647855066.0,4461898.0,1317009547.0,229.0,original,229.0,original,230.0,original,4.0,original,0.0,gap_too_large,4.0,original,50.0,original,0.8693,original,647855066.0,original,4461898.0,original,1317009547.0,original,1141720000.0,original,-123.0,original
818064.0,22.0,2024-01-27 16:30:00,OPMC_LIFT,1141730000.0,229.0,229.0,231.0,4.0,0.0,4.0,49.94,0.8664,2024-01-27 16:40:11.000,2024-01-27 16:40:11.000,2024-01-27 16:40:11.000,647858659.0,4463501.0,1317020875.0,229.0,original,229.0,original,231.0,original,4.0,original,0.0,gap_too_large,4.0,original,49.94,original,0.8664,original,647858659.0,original,4463501.0,original,1317020875.0,original,1141730000.0,original,-121.0,original
818120.0,22.0,2024-01-27 17:00:00,OPMC_LIFT,1141740000.0,230.0,230.0,232.0,4.0,0.0,4.0,49.96,0.8686999999999999,2024-01-27 17:00:11.000,2024-01-27 17:00:11.000,2024-01-27 17:00:11.000,647860464.0,4464301.0,1317026552.0,230.0,original,230.0,original,232.0,original,4.0,original,0.0,gap_too_large,4.0,original,49.96,original,0.8686999999999999,original,647860464.0,original,4464301.0,original,1317026552.0,original,1141740000.0,original,-114.0,original
818194.0,22.0,2024-01-27 17:30:00,OPMC_LIFT,1141750000.0,231.0,231.0,232.0,4.0,0.0,4.0,49.97,0.8674999999999999,2024-01-27 17:30:11.000,2024-01-27 17:30:11.000,2024-01-27 17:30:11.000,647863203.0,4465507.0,1317035144.0,231.0,original,231.0,original,232.0,original,4.0,original,0.0,gap_too_large,4.0,original,49.97,original,0.8674999999999999,original,647863203.0,original,4465507.0,original,1317035144.0,original,1141750000.0,original,-101.0,original
818260.0,22.0,2024-01-27 18:00:00,OPMC_LIFT,1141750000.0,229.0,229.0,231.0,4.0,0.0,4.0,50.02,0.8686999999999999,2024-01-27 18:00:08.000,2024-01-27 18:00:08.000,2024-01-27 18:00:08.000,647865914.0,4466707.0,1317043675.0,229.0,original,229.0,original,231.0,original,4.0,original,0.0,gap_too_large,4.0,original,50.02,original,0.8686999999999999,original,647865914.0,original,4466707.0,original,1317043675.0,original,1141750000.0,original,-109.0,original
818337.0,22.0,2024-01-27 18:30:00,OPMC_LIFT,1141760000.0,229.0,229.0,231.0,4.0,0.0,4.0,50.02,0.8662,2024-01-27 18:30:12.000,2024-01-27 18:30:12.000,2024-01-27 18:30:12.000,647868614.0,4467907.0,1317052177.0,229.0,original,229.0,original,231.0,original,4.0,original,0.0,gap_too_large,4.0,original,50.02,original,0.8662,original,647868614.0,original,4467907.0,original,1317052177.0,original,1141760000.0,original,-111.0,original
818407.0,22.0,2024-01-27 19:00:00,OPMC_LIFT,1141770000.0,229.0,230.0,231.0,4.0,0.0,4.0,50.05,0.8699999999999999,2024-01-27 19:00:09.000,2024-01-27 19:00:09.000,2024-01-27 19:00:09.000,647871318.0,4469107.0,1317060689.0,229.0,original,230.0,original,231.0,original,4.0,original,0.0,gap_too_large,4.0,original,50.05,original,0.8699999999999999,original,647871318.0,original,4469107.0,original,1317060689.0,original,1141770000.0,original,-101.0,original
818499.0,22.0,2024-01-27 19:30:00,OPMC_LIFT,1141780000.0,225.0,226.0,227.0,4.0,0.0,4.0,50.0,0.8684,2024-01-27 19:40:10.000,2024-01-27 19:40:10.000,2024-01-27 19:40:10.000,647874800.0,4470701.0,1317071745.0,225.0,original,226.0,original,227.0,original,4.0,original,0.0,gap_too_large,4.0,original,50.0,original,0.8684,original,647874800.0,original,4470701.0,original,1317071745.0,original,1141780000.0,original,-103.0,original
818499.0,,2024-01-27 20:00:00,OPMC_LIFT,1141785000.0,225.5,226.0,227.5,4.0,0.0,4.0,50.010000000000005,0.8689499999999999,,,,647877830.5,4472096.0,1317081385.0,225.5,interpolated,226.0,interpolated,227.5,interpolated,4.0,interpolated,0.0,gap_too_large,4.0,interpolated,50.010000000000005,interpolated,0.8689499999999999,interpolated,647877830.5,interpolated,4472096.0,interpolated,1317081385.0,interpolated,1141785000.0,interpolated,-106.0,interpolated
818656.0,22.0,2024-01-27 20:30:00,OPMC_LIFT,1141790000.0,226.0,226.0,228.0,4.0,0.0,4.0,50.02,0.8694999999999999,2024-01-27 20:50:08.000,2024-01-27 20:50:08.000,2024-01-27 20:50:08.000,647880861.0,4473491.0,1317091025.0,226.0,original,226.0,original,228.0,original,4.0,original,0.0,gap_too_large,4.0,original,50.02,original,0.8694999999999999,original,647880861.0,original,4473491.0,original,1317091025.0,original,1141790000.0,original,-109.0,original
818680.0,22.0,2024-01-27 21:00:00,OPMC_LIFT,1141800000.0,226.0,227.0,228.0,4.0,0.0,4.0,50.03,0.8662,2024-01-27 21:00:09.000,2024-01-27 21:00:09.000,2024-01-27 21:00:09.000,647881731.0,4473891.0,1317093790.0,226.0,original,227.0,original,228.0,original,4.0,original,0.0,gap_too_large,4.0,original,50.03,original,0.8662,original,647881731.0,original,4473891.0,original,1317093790.0,original,1141800000.0,original,-108.0,original
818780.0,22.0,2024-01-27 21:30:00,OPMC_LIFT,1141810000.0,227.0,227.0,229.0,4.0,0.0,4.0,49.96,0.8673,2024-01-27 21:40:10.000,2024-01-27 21:40:10.000,2024-01-27 21:40:10.000,647885235.0,4475488.0,1317104907.0,227.0,original,227.0,original,229.0,original,4.0,original,0.0,gap_too_large,4.0,original,49.96,original,0.8673,original,647885235.0,original,4475488.0,original,1317104907.0,original,1141810000.0,original,-121.0,original
818830.0,22.0,2024-01-27 22:00:00,OPMC_LIFT,1141810000.0,227.0,227.0,229.0,4.0,0.0,4.0,49.98,0.8693,2024-01-27 22:00:15.000,2024-01-27 22:00:15.000,2024-01-27 22:00:15.000,647887002.0,4476288.0,1317110501.0,227.0,original,227.0,original,229.0,original,4.0,original,0.0,gap_too_large,4.0,original,49.98,original,0.8693,original,647887002.0,original,4476288.0,original,1317110501.0,original,1141810000.0,original,-112.0,original
818962.0,22.0,2024-01-27 22:30:00,OPMC_LIFT,1141820000.0,228.0,229.0,231.0,4.0,0.0,4.0,50.08,0.8669999999999999,2024-01-27 22:50:13.000,2024-01-27 22:50:13.000,2024-01-27 22:50:13.000,647891434.0,4478285.0,1317124529.0,228.0,original,229.0,original,231.0,original,4.0,original,0.0,gap_too_large,4.0,original,50.08,original,0.8669999999999999,original,647891434.0,original,4478285.0,original,1317124529.0,original,1141820000.0,original,-111.0,original
818989.0,22.0,2024-01-27 23:00:00,OPMC_LIFT,1141830000.0,228.0,228.0,230.0,4.0,0.0,4.0,49.99,0.8656999999999999,2024-01-27 23:00:11.000,2024-01-27 23:00:11.000,2024-01-27 23:00:11.000,647892326.0,4478682.0,1317127352.0,228.0,original,228.0,original,230.0,original,4.0,original,0.0,gap_too_large,4.0,original,49.99,original,0.8656999999999999,original,647892326.0,original,4478682.0,original,1317127352.0,original,1141830000.0,original,-107.0,original
819085.0,22.0,2024-01-27 23:30:00,OPMC_LIFT,1141840000.0,228.0,228.0,231.0,4.0,0.0,4.0,50.07,0.8650999999999999,2024-01-27 23:40:11.000,2024-01-27 23:40:11.000,2024-01-27 23:40:11.000,647895891.0,4480282.0,1317138625.0,228.0,original,228.0,original,231.0,original,4.0,original,0.0,gap_too_large,4.0,original,50.07,original,0.8650999999999999,original,647895891.0,original,4480282.0,original,1317138625.0,original,1141840000.0,original,-121.0,original
819159.0,22.0,2024-01-28 00:00:00,OPMC_LIFT,1141840000.0,229.0,229.0,231.0,4.0,0.0,4.0,50.07,0.8669999999999999,2024-01-28 00:10:13.000,2024-01-28 00:10:13.000,2024-01-28 00:10:13.000,647898579.0,4481482.0,1317147121.0,229.0,original,229.0,original,231.0,original,4.0,original,0.0,gap_too_large,4.0,original,50.07,original,0.8669999999999999,original,647898579.0,original,4481482.0,original,1317147121.0,original,1141840000.0,original,-112.0,original
819266.0,22.0,2024-01-28 00:30:00,OPMC_LIFT,1141850000.0,229.0,230.0,232.0,4.0,0.0,4.0,50.04,0.8689999999999999,2024-01-28 00:50:14.000,2024-01-28 00:50:14.000,2024-01-28 00:50:14.000,647902179.0,4483078.0,1317158472.0,229.0,original,230.0,original,232.0,original,4.0,original,0.0,gap_too_large,4.0,original,50.04,original,0.8689999999999999,original,647902179.0,original,4483078.0,original,1317158472.0,original,1141850000.0,original,-112.0,original
819292.0,22.0,2024-01-28 01:00:00,OPMC_LIFT,1141860000.0,229.0,229.0,232.0,4.0,0.0,4.0,49.98,0.8654,2024-01-28 01:00:16.000,2024-01-28 01:00:16.000,2024-01-28 01:00:16.000,647903085.0,4483478.0,1317161323.0,229.0,original,229.0,original,232.0,original,4.0,original,0.0,gap_too_large,4.0,original,49.98,original,0.8654,original,647903085.0,original,4483478.0,original,1317161323.0,original,1141860000.0,original,-103.0,original
819399.0,22.0,2024-01-28 01:30:00,OPMC_LIFT,1141870000.0,227.0,227.0,230.0,4.0,0.0,4.0,50.05,0.8673,2024-01-28 01:40:10.000,2024-01-28 01:40:10.000,2024-01-28 01:40:10.000,647906650.0,4485078.0,1317172597.0,227.0,original,227.0,original,230.0,original,4.0,original,0.0,gap_too_large,4.0,original,50.05,original,0.8673,original,647906650.0,original,4485078.0,original,1317172597.0,original,1141870000.0,original,-108.0,original
819480.0,22.0,2024-01-28 02:00:00,OPMC_LIFT,1141870000.0,227.0,228.0,230.0,4.0,0.0,4.0,50.0,0.8679999999999999,2024-01-28 02:10:10.000,2024-01-28 02:10:10.000,2024-01-28 02:10:10.000,647909299.0,4486275.0,1317180990.0,227.0,original,228.0,original,230.0,original,4.0,original,0.0,gap_too_large,4.0,original,50.0,original,0.8679999999999999,original,647909299.0,original,4486275.0,original,1317180990.0,original,1141870000.0,original,-112.0,original
819570.0,22.0,2024-01-28 02:30:00,OPMC_LIFT,1141880000.0,228.0,228.0,230.0,4.0,0.0,4.0,49.98,0.8706999999999999,2024-01-28 02:46:37.000,2024-01-28 02:46:37.000,2024-01-28 02:46:37.000,647912518.0,4487728.0,1317191189.0,228.0,original,228.0,original,230.0,original,4.0,original,0.0,gap_too_large,4.0,original,49.98,original,0.8706999999999999,original,647912518.0,original,4487728.0,original,1317191189.0,original,1141880000.0,original,-113.0,original
819620.0,22.0,2024-01-28 03:00:00,OPMC_LIFT,1141880000.0,228.0,228.0,230.0,4.0,0.0,4.0,50.02,0.8679999999999999,2024-01-28 03:00:11.000,2024-01-28 03:00:11.000,2024-01-28 03:00:11.000,647913731.0,4488272.0,1317195025.0,228.0,original,228.0,original,230.0,original,4.0,original,0.0,gap_too_large,4.0,original,50.02,original,0.8679999999999999,original,647913731.0,original,4488272.0,original,1317195025.0,original,1141880000.0,original,-102.0,original
819700.0,22.0,2024-01-28 03:30:00,OPMC_LIFT,1141890000.0,228.0,228.0,230.0,4.0,0.0,4.0,50.01,0.8670999999999999,2024-01-28 03:30:15.000,2024-01-28 03:30:15.000,2024-01-28 03:30:15.000,647916403.0,4489469.0,1317203483.0,228.0,original,228.0,original,230.0,original,4.0,original,0.0,gap_too_large,4.0,original,50.01,original,0.8670999999999999,original,647916403.0,original,4489469.0,original,1317203483.0,original,1141890000.0,original,-107.0,original
819769.0,22.0,2024-01-28 04:00:00,OPMC_LIFT,1141900000.0,228.0,229.0,231.0,4.0,0.0,4.0,50.02,0.8698999999999999,2024-01-28 04:00:10.000,2024-01-28 04:00:10.000,2024-01-28 04:00:10.000,647919078.0,4490666.0,1317211941.0,228.0,original,229.0,original,231.0,original,4.0,original,0.0,gap_too_large,4.0,original,50.02,original,0.8698999999999999,original,647919078.0,original,4490666.0,original,1317211941.0,original,1141900000.0,original,-121.0,original
819877.0,22.0,2024-01-28 04:30:00,OPMC_LIFT,1141910000.0,228.0,228.0,230.0,4.0,0.0,4.0,50.06,0.8674,2024-01-28 04:40:13.000,2024-01-28 04:40:13.000,2024-01-28 04:40:13.000,647922646.0,4492266.0,1317223230.0,228.0,original,228.0,original,230.0,original,4.0,original,0.0,gap_too_large,4.0,original,50.06,original,0.8674,original,647922646.0,original,4492266.0,original,1317223230.0,original,1141910000.0,original,-113.0,original
819932.0,22.0,2024-01-28 05:00:00,OPMC_LIFT,1141910000.0,228.0,228.0,230.0,4.0,0.0,4.0,50.0,0.8688999999999999,2024-01-28 05:00:11.000,2024-01-28 05:00:11.000,2024-01-28 05:00:11.000,647924426.0,4493066.0,1317228865.0,228.0,original,228.0,original,230.0,original,4.0,original,0.0,gap_too_large,4.0,original,50.0,original,0.8688999999999999,original,647924426.0,original,4493066.0,original,1317228865.0,original,1141910000.0,original,-109.0,original
820007.0,22.0,2024-01-28 05:30:00,OPMC_LIFT,1141920000.0,227.0,228.0,230.0,4.0,0.0,4.0,50.02,0.8676999999999999,2024-01-28 05:30:15.000,2024-01-28 05:30:15.000,2024-01-28 05:30:15.000,647927085.0,4494266.0,1317237294.0,227.0,original,228.0,original,230.0,original,4.0,original,0.0,gap_too_large,4.0,original,50.02,original,0.8676999999999999,original,647927085.0,original,4494266.0,original,1317237294.0,original,1141920000.0,original,-111.0,original
820081.0,22.0,2024-01-28 06:00:00,OPMC_LIFT,1141930000.0,228.0,228.0,230.0,4.0,0.0,4.0,50.08,0.8674,2024-01-28 06:00:12.000,2024-01-28 06:00:12.000,2024-01-28 06:00:12.000,647929734.0,4495466.0,1317245697.0,228.0,original,228.0,original,230.0,original,4.0,original,0.0,gap_too_large,4.0,original,50.08,original,0.8674,original,647929734.0,original,4495466.0,original,1317245697.0,original,1141930000.0,original,-113.0,original
820214.0,22.0,2024-01-28 06:30:00,OPMC_LIFT,1141940000.0,228.0,228.0,230.0,4.0,0.0,4.0,50.03,0.8679999999999999,2024-01-28 06:50:13.000,2024-01-28 06:50:13.000,2024-01-28 06:50:13.000,647934150.0,4497466.0,1317259697.0,228.0,original,228.0,original,230.0,original,4.0,original,0.0,gap_too_large,4.0,original,50.03,original,0.8679999999999999,original,647934150.0,original,4497466.0,original,1317259697.0,original,1141940000.0,original,-111.0,original
820282.0,22.0,2024-01-28 07:00:00,OPMC_LIFT,1141950000.0,227.0,227.0,229.0,4.0,0.0,4.0,49.99,0.8675999999999999,2024-01-28 07:20:09.000,2024-01-28 07:20:09.000,2024-01-28 07:20:09.000,647936794.0,4498666.0,1317268078.0,227.0,original,227.0,original,229.0,original,4.0,original,0.0,gap_too_large,4.0,original,49.99,original,0.8675999999999999,original,647936794.0,original,4498666.0,original,1317268078.0,original,1141950000.0,original,-110.0,original
820329.0,22.0,2024-01-28 07:30:00,OPMC_LIFT,1141950000.0,226.0,227.0,229.0,4.0,0.0,4.0,50.0,0.8676999999999999,2024-01-28 07:40:11.000,2024-01-28 07:40:11.000,2024-01-28 07:40:11.000,647938544.0,4499462.0,1317273640.0,226.0,original,227.0,original,229.0,original,4.0,original,0.0,gap_too_large,4.0,original,50.0,original,0.8676999999999999,original,647938544.0,original,4499462.0,original,1317273640.0,original,1141950000.0,original,-109.0,original
820378.0,22.0,2024-01-28 08:00:00,OPMC_LIFT,1141960000.0,226.0,227.0,228.0,4.0,0.0,4.0,50.03,0.8703,2024-01-28 08:00:11.000,2024-01-28 08:00:11.000,2024-01-28 08:00:11.000,647940285.0,4500262.0,1317279176.0,226.0,original,227.0,original,228.0,original,4.0,original,0.0,gap_too_large,4.0,original,50.03,original,0.8703,original,647940285.0,original,4500262.0,original,1317279176.0,original,1141960000.0,original,-111.0,original
820504.0,22.0,2024-01-28 08:30:00,OPMC_LIFT,1141970000.0,226.0,227.0,229.0,4.0,0.0,4.0,50.01,0.8695999999999999,2024-01-28 08:50:15.000,2024-01-28 08:50:15.000,2024-01-28 08:50:15.000,647944653.0,4502256.0,1317293045.0,226.0,original,227.0,original,229.0,original,4.0,original,0.0,gap_too_large,4.0,original,50.01,original,0.8695999999999999,original,647944653.0,original,4502256.0,original,1317293045.0,original,1141970000.0,original,-111.0,original
820504.0,,2024-01-28 09:00:00,OPMC_LIFT,1141975000.0,227.0,227.5,229.5,4.0,0.0,4.0,49.985,0.8689499999999999,,,,647946824.0,4503251.0,1317299949.0,227.0,interpolated,227.5,interpolated,229.5,interpolated,4.0,interpolated,0.0,gap_too_large,4.0,interpolated,49.985,interpolated,0.8689499999999999,interpolated,647946824.0,interpolated,4503251.0,interpolated,1317299949.0,interpolated,1141975000.0,interpolated,-110.0,interpolated
820631.0,22.0,2024-01-28 09:30:00,OPMC_LIFT,1141980000.0,228.0,228.0,230.0,4.0,0.0,4.0,49.96,0.8683,2024-01-28 09:40:11.000,2024-01-28 09:40:11.000,2024-01-28 09:40:11.000,647948995.0,4504246.0,1317306853.0,228.0,original,228.0,original,230.0,original,4.0,original,0.0,gap_too_large,4.0,original,49.96,original,0.8683,original,647948995.0,original,4504246.0,original,1317306853.0,original,1141980000.0,original,-109.0,original
820706.0,22.0,2024-01-28 10:00:00,OPMC_LIFT,1141990000.0,227.0,227.0,229.0,4.0,0.0,4.0,49.95,0.8686999999999999,2024-01-28 10:10:12.000,2024-01-28 10:10:12.000,2024-01-28 10:10:12.000,647951645.0,4505446.0,1317315240.0,227.0,original,227.0,original,229.0,original,4.0,original,0.0,gap_too_large,4.0,original,49.95,original,0.8686999999999999,original,647951645.0,original,4505446.0,original,1317315240.0,original,1141990000.0,original,-111.0,original
820761.0,22.0,2024-01-28 10:30:00,OPMC_LIFT,1142000000.0,226.0,227.0,229.0,4.0,0.0,4.0,49.98,0.8674999999999999,2024-01-28 10:38:24.000,2024-01-28 10:38:24.000,2024-01-28 10:38:24.000,647954118.0,4506579.0,1317323093.0,226.0,original,227.0,original,229.0,original,4.0,original,0.0,gap_too_large,4.0,original,49.98,original,0.8674999999999999,original,647954118.0,original,4506579.0,original,1317323093.0,original,1142000000.0,original,-107.0,original
820828.0,22.0,2024-01-28 11:00:00,OPMC_LIFT,1142000000.0,227.0,227.0,229.0,4.0,0.0,4.0,50.06,0.8664,2024-01-28 11:00:11.000,2024-01-28 11:00:11.000,2024-01-28 11:00:11.000,647956016.0,4507450.0,1317329121.0,227.0,original,227.0,original,229.0,original,4.0,original,0.0,gap_too_large,4.0,original,50.06,original,0.8664,original,647956016.0,original,4507450.0,original,1317329121.0,original,1142000000.0,original,-111.0,original
820932.0,22.0,2024-01-28 11:30:00,OPMC_LIFT,1142010000.0,227.0,227.0,229.0,4.0,0.0,4.0,49.94,0.8694999999999999,2024-01-28 11:40:10.000,2024-01-28 11:40:10.000,2024-01-28 11:40:10.000,647959514.0,4509053.0,1317340232.0,227.0,original,227.0,original,229.0,original,4.0,original,0.0,gap_too_large,4.0,original,49.94,original,0.8694999999999999,original,647959514.0,original,4509053.0,original,1317340232.0,original,1142010000.0,original,-111.0,original
820987.0,22.0,2024-01-28 12:00:00,OPMC_LIFT,1142020000.0,227.0,227.0,229.0,4.0,0.0,4.0,50.03,0.8702,2024-01-28 12:00:14.000,2024-01-28 12:00:14.000,2024-01-28 12:00:14.000,647961267.0,4509853.0,1317345790.0,227.0,original,227.0,original,229.0,original,4.0,original,0.0,gap_too_large,4.0,original,50.03,original,0.8702,original,647961267.0,original,4509853.0,original,1317345790.0,original,1142020000.0,original,-109.0,original
821069.0,22.0,2024-01-28 12:30:00,OPMC_LIFT,1142020000.0,227.0,227.0,229.0,4.0,0.0,4.0,50.05,0.8678999999999999,2024-01-28 12:30:09.000,2024-01-28 12:30:09.000,2024-01-28 12:30:09.000,647963898.0,4511050.0,1317354136.0,227.0,original,227.0,original,229.0,original,4.0,original,0.0,gap_too_large,4.0,original,50.05,original,0.8678999999999999,original,647963898.0,original,4511050.0,original,1317354136.0,original,1142020000.0,original,-108.0,original
821156.0,22.0,2024-01-28 13:00:00,OPMC_LIFT,1142030000.0,226.0,226.0,228.0,4.0,0.0,4.0,49.98,0.8674999999999999,2024-01-28 13:00:14.000,2024-01-28 13:00:14.000,2024-01-28 13:00:14.000,647966522.0,4512246.0,1317362456.0,226.0,original,226.0,original,228.0,original,4.0,original,0.0,gap_too_large,4.0,original,49.98,original,0.8674999999999999,original,647966522.0,original,4512246.0,original,1317362456.0,original,1142030000.0,original,-111.0,original
821280.0,22.0,2024-01-28 13:30:00,OPMC_LIFT,1142040000.0,226.0,226.0,228.0,4.0,0.0,4.0,49.97,0.8704999999999999,2024-01-28 13:50:10.000,2024-01-28 13:50:10.000,2024-01-28 13:50:10.000,647970870.0,4514240.0,1317376251.0,226.0,original,226.0,original,228.0,original,4.0,original,0.0,gap_too_large,4.0,original,49.97,original,0.8704999999999999,original,647970870.0,original,4514240.0,original,1317376251.0,original,1142040000.0,original,-112.0,original
821309.0,22.0,2024-01-28 14:00:00,OPMC_LIFT,1142040000.0,226.0,227.0,228.0,4.0,0.0,4.0,50.02,0.8693,2024-01-28 14:00:10.000,2024-01-28 14:00:10.000,2024-01-28 14:00:10.000,647971741.0,4514640.0,1317379016.0,226.0,original,227.0,original,228.0,original,4.0,original,0.0,gap_too_large,4.0,original,50.02,original,0.8693,original,647971741.0,original,4514640.0,original,1317379016.0,original,1142040000.0,original,-103.0,original
821384.0,22.0,2024-01-28 14:30:00,OPMC_LIFT,1142050000.0,226.0,227.0,229.0,4.0,0.0,4.0,49.99,0.8677999999999999,2024-01-28 14:30:07.000,2024-01-28 14:30:07.000,2024-01-28 14:30:07.000,647974352.0,4515837.0,1317387307.0,226.0,original,227.0,original,229.0,original,4.0,original,0.0,gap_too_large,4.0,original,49.99,original,0.8677999999999999,original,647974352.0,original,4515837.0,original,1317387307.0,original,1142050000.0,original,-111.0,original
821487.0,22.0,2024-01-28 15:00:00,OPMC_LIFT,1142060000.0,227.0,227.0,229.0,4.0,0.0,4.0,50.06,0.8690999999999999,2024-01-28 15:00:11.000,2024-01-28 15:00:11.000,2024-01-28 15:00:11.000,647976973.0,4517034.0,1317395624.0,227.0,original,227.0,original,229.0,original,4.0,original,0.0,gap_too_large,4.0,original,50.06,original,0.8690999999999999,original,647976973.0,original,4517034.0,original,1317395624.0,original,1142060000.0,original,-112.0,original
821596.0,22.0,2024-01-28 15:30:00,OPMC_LIFT,1142070000.0,227.0,227.0,229.0,4.0,0.0,4.0,50.05,0.8674,2024-01-28 15:40:09.000,2024-01-28 15:40:09.000,2024-01-28 15:40:09.000,647980483.0,4518630.0,1317406741.0,227.0,original,227.0,original,229.0,original,4.0,original,0.0,gap_too_large,4.0,original,50.05,original,0.8674,original,647980483.0,original,4518630.0,original,1317406741.0,original,1142070000.0,original,-112.0,original
821655.0,22.0,2024-01-28 16:00:00,OPMC_LIFT,1142070000.0,227.0,227.0,229.0,4.0,0.0,4.0,49.99,0.8668999999999999,2024-01-28 16:00:14.000,2024-01-28 16:00:14.000,2024-01-28 16:00:14.000,647982243.0,4519430.0,1317412318.0,227.0,original,227.0,original,229.0,original,4.0,original,0.0,gap_too_large,4.0,original,49.99,original,0.8668999999999999,original,647982243.0,original,4519430.0,original,1317412318.0,original,1142070000.0,original,-121.0,original
821731.0,22.0,2024-01-28 16:30:00,OPMC_LIFT,1142080000.0,227.0,227.0,229.0,4.0,0.0,4.0,49.93,0.8679999999999999,2024-01-28 16:30:13.000,2024-01-28 16:30:13.000,2024-01-28 16:30:13.000,647984893.0,4520627.0,1317420693.0,227.0,original,227.0,original,229.0,original,4.0,original,0.0,gap_too_large,4.0,original,49.93,original,0.8679999999999999,original,647984893.0,original,4520627.0,original,1317420693.0,original,1142080000.0,original,-111.0,original
821818.0,22.0,2024-01-28 17:00:00,OPMC_LIFT,1142090000.0,227.0,228.0,230.0,4.0,0.0,4.0,49.98,0.8653,2024-01-28 17:00:15.000,2024-01-28 17:00:15.000,2024-01-28 17:00:15.000,647987539.0,4521824.0,1317429073.0,227.0,original,228.0,original,230.0,original,4.0,original,0.0,gap_too_large,4.0,original,49.98,original,0.8653,original,647987539.0,original,4521824.0,original,1317429073.0,original,1142090000.0,original,-114.0,original
821930.0,22.0,2024-01-28 17:30:00,OPMC_LIFT,1142100000.0,228.0,228.0,230.0,4.0,0.0,4.0,49.98,0.8684,2024-01-28 17:40:12.000,2024-01-28 17:40:12.000,2024-01-28 17:40:12.000,647991088.0,4523424.0,1317440286.0,228.0,original,228.0,original,230.0,original,4.0,original,0.0,gap_too_large,4.0,original,49.98,original,0.8684,original,647991088.0,original,4523424.0,original,1317440286.0,original,1142100000.0,original,-112.0,original
821983.0,22.0,2024-01-28 18:00:00,OPMC_LIFT,1142100000.0,228.0,228.0,230.0,4.0,0.0,4.0,49.95,0.8659999999999999,2024-01-28 18:00:12.000,2024-01-28 18:00:12.000,2024-01-28 18:00:12.000,647992864.0,4524221.0,1317445899.0,228.0,original,228.0,original,230.0,original,4.0,original,0.0,gap_too_large,4.0,original,49.95,original,0.8659999999999999,original,647992864.0,original,4524221.0,original,1317445899.0,original,1142100000.0,original,-103.0,original
822059.0,22.0,2024-01-28 18:30:00,OPMC_LIFT,1142110000.0,228.0,228.0,230.0,4.0,0.0,4.0,50.02,0.8688999999999999,2024-01-28 18:30:14.000,2024-01-28 18:30:14.000,2024-01-28 18:30:14.000,647995533.0,4525421.0,1317454331.0,228.0,original,228.0,original,230.0,original,4.0,original,0.0,gap_too_large,4.0,original,50.02,original,0.8688999999999999,original,647995533.0,original,4525421.0,original,1317454331.0,original,1142110000.0,original,-108.0,original
822134.0,22.0,2024-01-28 19:00:00,OPMC_LIFT,1142120000.0,228.0,229.0,231.0,4.0,0.0,4.0,49.95,0.8669999999999999,2024-01-28 19:00:11.000,2024-01-28 19:00:11.000,2024-01-28 19:00:11.000,647998208.0,4526618.0,1317462782.0,228.0,original,229.0,original,231.0,original,4.0,original,0.0,gap_too_large,4.0,original,49.95,original,0.8669999999999999,original,647998208.0,original,4526618.0,original,1317462782.0,original,1142120000.0,original,-114.0,original
822215.0,22.0,2024-01-28 19:30:00,OPMC_LIFT,1142120000.0,229.0,229.0,231.0,4.0,0.0,4.0,50.02,0.8700999999999999,2024-01-28 19:30:12.000,2024-01-28 19:30:12.000,2024-01-28 19:30:12.000,648000899.0,4527818.0,1317471265.0,229.0,original,229.0,original,231.0,original,4.0,original,0.0,gap_too_large,4.0,original,50.02,original,0.8700999999999999,original,648000899.0,original,4527818.0,original,1317471265.0,original,1142120000.0,original,-109.0,original
822298.0,22.0,2024-01-28 20:00:00,OPMC_LIFT,1142130000.0,229.0,230.0,232.0,4.0,0.0,4.0,50.06,0.8650999999999999,2024-01-28 20:00:12.000,2024-01-28 20:00:12.000,2024-01-28 20:00:12.000,648003597.0,4529021.0,1317479784.0,229.0,original,230.0,original,232.0,original,4.0,original,0.0,gap_too_large,4.0,original,50.06,original,0.8650999999999999,original,648003597.0,original,4529021.0,original,1317479784.0,original,1142130000.0,original,-111.0,original
822377.0,22.0,2024-01-28 20:30:00,OPMC_LIFT,1142140000.0,229.0,230.0,232.0,4.0,0.0,4.0,49.98,0.8675999999999999,2024-01-28 20:30:08.000,2024-01-28 20:30:08.000,2024-01-28 20:30:08.000,648006310.0,4530227.0,1317488337.0,229.0,original,230.0,original,232.0,original,4.0,original,0.0,gap_too_large,4.0,original,49.98,original,0.8675999999999999,original,648006310.0,original,4530227.0,original,1317488337.0,original,1142140000.0,original,-113.0,original
822464.0,22.0,2024-01-28 21:00:00,OPMC_LIFT,1142150000.0,230.0,230.0,232.0,4.0,0.0,4.0,50.05,0.8692,2024-01-28 21:00:12.000,2024-01-28 21:00:12.000,2024-01-28 21:00:12.000,648009027.0,4531437.0,1317496904.0,230.0,original,230.0,original,232.0,original,4.0,original,0.0,gap_too_large,4.0,original,50.05,original,0.8692,original,648009027.0,original,4531437.0,original,1317496904.0,original,1142150000.0,original,-115.0,original
822543.0,22.0,2024-01-28 21:30:00,OPMC_LIFT,1142150000.0,228.0,229.0,231.0,4.0,0.0,4.0,50.04,0.8666999999999999,2024-01-28 21:30:10.000,2024-01-28 21:30:10.000,2024-01-28 21:30:10.000,648011725.0,4532640.0,1317505429.0,228.0,original,229.0,original,231.0,original,4.0,original,0.0,gap_too_large,4.0,original,50.04,original,0.8666999999999999,original,648011725.0,original,4532640.0,original,1317505429.0,original,1142150000.0,original,-114.0,original
822633.0,22.0,2024-01-28 22:00:00,OPMC_LIFT,1142160000.0,228.0,229.0,231.0,4.0,0.0,4.0,50.02,0.8683,2024-01-28 22:00:12.000,2024-01-28 22:00:12.000,2024-01-28 22:00:12.000,648014416.0,4533843.0,1317513925.0,228.0,original,229.0,original,231.0,original,4.0,original,0.0,gap_too_large,4.0,original,50.02,original,0.8683,original,648014416.0,original,4533843.0,original,1317513925.0,original,1142160000.0,original,-108.0,original
822705.0,22.0,2024-01-28 22:30:00,OPMC_LIFT,1142170000.0,229.0,229.0,231.0,4.0,0.0,4.0,50.01,0.8708999999999999,2024-01-28 22:30:11.000,2024-01-28 22:30:11.000,2024-01-28 22:30:11.000,648017107.0,4535043.0,1317522427.0,229.0,original,229.0,original,231.0,original,4.0,original,0.0,gap_too_large,4.0,original,50.01,original,0.8708999999999999,original,648017107.0,original,4535043.0,original,1317522427.0,original,1142170000.0,original,-110.0,original
822782.0,22.0,2024-01-28 23:00:00,OPMC_LIFT,1142180000.0,230.0,230.0,232.0,4.0,0.0,4.0,49.99,0.8668999999999999,2024-01-28 23:00:10.000,2024-01-28 23:00:10.000,2024-01-28 23:00:10.000,648019824.0,4536246.0,1317530990.0,230.0,original,230.0,original,232.0,original,4.0,original,0.0,gap_too_large,4.0,original,49.99,original,0.8668999999999999,original,648019824.0,original,4536246.0,original,1317530990.0,original,1142180000.0,original,-115.0,original
822915.0,22.0,2024-01-28 23:30:00,OPMC_LIFT,1142190000.0,230.0,230.0,232.0,4.0,0.0,4.0,50.04,0.8676999999999999,2024-01-28 23:50:10.000,2024-01-28 23:50:10.000,2024-01-28 23:50:10.000,648024368.0,4538253.0,1317545297.0,230.0,original,230.0,original,232.0,original,4.0,original,0.0,gap_too_large,4.0,original,50.04,original,0.8676999999999999,original,648024368.0,original,4538253.0,original,1317545297.0,original,1142190000.0,original,-113.0,original
822967.0,22.0,2024-01-29 00:00:00,OPMC_LIFT,1142190000.0,230.0,230.0,232.0,4.0,0.0,4.0,49.99,0.8660999999999999,2024-01-29 00:10:12.000,2024-01-29 00:10:12.000,2024-01-29 00:10:12.000,648026189.0,4539056.0,1317551035.0,230.0,original,230.0,original,232.0,original,4.0,original,0.0,gap_too_large,4.0,original,49.99,original,0.8660999999999999,original,648026189.0,original,4539056.0,original,1317551035.0,original,1142190000.0,original,-114.0,original
823021.0,22.0,2024-01-29 00:30:00,OPMC_LIFT,1142200000.0,230.0,231.0,233.0,4.0,0.0,4.0,50.02,0.8658999999999999,2024-01-29 00:30:09.000,2024-01-29 00:30:09.000,2024-01-29 00:30:09.000,648028016.0,4539859.0,1317556776.0,230.0,original,231.0,original,233.0,original,4.0,original,0.0,gap_too_large,4.0,original,50.02,original,0.8658999999999999,original,648028016.0,original,4539859.0,original,1317556776.0,original,1142200000.0,original,-111.0,original
823099.0,22.0,2024-01-29 01:00:00,OPMC_LIFT,1142210000.0,231.0,231.0,233.0,4.0,0.0,4.0,50.07,0.8689999999999999,2024-01-29 01:00:12.000,2024-01-29 01:00:12.000,2024-01-29 01:00:12.000,648030765.0,4541066.0,1317565413.0,231.0,original,231.0,original,233.0,original,4.0,original,0.0,gap_too_large,4.0,original,50.07,original,0.8689999999999999,original,648030765.0,original,4541066.0,original,1317565413.0,original,1142210000.0,original,-115.0,original
823183.0,22.0,2024-01-29 01:30:00,OPMC_LIFT,1142210000.0,228.0,229.0,231.0,4.0,0.0,4.0,50.06,0.8685999999999999,2024-01-29 01:30:11.000,2024-01-29 01:30:11.000,2024-01-29 01:30:11.000,648033488.0,4542272.0,1317573998.0,228.0,original,229.0,original,231.0,original,4.0,original,0.0,gap_too_large,4.0,original,50.06,original,0.8685999999999999,original,648033488.0,original,4542272.0,original,1317573998.0,original,1142210000.0,original,-108.0,original
823266.0,22.0,2024-01-29 02:00:00,OPMC_LIFT,1142220000.0,229.0,229.0,231.0,4.0,0.0,4.0,50.05,0.8652,2024-01-29 02:00:13.000,2024-01-29 02:00:13.000,2024-01-29 02:00:13.000,648036176.0,4543475.0,1317582485.0,229.0,original,229.0,original,231.0,original,4.0,original,0.0,gap_too_large,4.0,original,50.05,original,0.8652,original,648036176.0,original,4543475.0,original,1317582485.0,original,1142220000.0,original,-111.0,original
823353.0,22.0,2024-01-29 02:30:00,OPMC_LIFT,1142230000.0,229.0,229.0,231.0,4.0,0.0,4.0,50.02,0.8685999999999999,2024-01-29 02:37:51.000,2024-01-29 02:37:51.000,2024-01-29 02:37:51.000,648039555.0,4544986.0,1317593153.0,229.0,original,229.0,original,231.0,original,4.0,original,0.0,gap_too_large,4.0,original,50.02,original,0.8685999999999999,original,648039555.0,original,4544986.0,original,1317593153.0,original,1142230000.0,original,-111.0,original
823446.0,22.0,2024-01-29 03:00:00,OPMC_LIFT,1142240000.0,229.0,230.0,232.0,4.0,0.0,4.0,50.05,0.8695999999999999,2024-01-29 03:10:10.000,2024-01-29 03:10:10.000,2024-01-29 03:10:10.000,648042474.0,4546282.0,1317602357.0,229.0,original,230.0,original,232.0,original,4.0,original,0.0,gap_too_large,4.0,original,50.05,original,0.8695999999999999,original,648042474.0,original,4546282.0,original,1317602357.0,original,1142240000.0,original,-109.0,original
823506.0,22.0,2024-01-29 03:30:00,OPMC_LIFT,1142240000.0,229.0,230.0,232.0,4.0,0.0,4.0,50.07,0.8683,2024-01-29 03:30:15.000,2024-01-29 03:30:15.000,2024-01-29 03:30:15.000,648044282.0,4547085.0,1317608059.0,229.0,original,230.0,original,232.0,original,4.0,original,0.0,gap_too_large,4.0,original,50.07,original,0.8683,original,648044282.0,original,4547085.0,original,1317608059.0,original,1142240000.0,original,-110.0,original
823600.0,22.0,2024-01-29 04:00:00,OPMC_LIFT,1142250000.0,229.0,230.0,232.0,4.0,0.0,4.0,50.05,0.8667999999999999,2024-01-29 04:10:12.000,2024-01-29 04:10:12.000,2024-01-29 04:10:12.000,648047904.0,4548688.0,1317619467.0,229.0,original,230.0,original,232.0,original,4.0,original,0.0,gap_too_large,4.0,original,50.05,original,0.8667999999999999,original,648047904.0,original,4548688.0,original,1317619467.0,original,1142250000.0,original,-113.0,original
823645.0,22.0,2024-01-29 04:30:00,OPMC_LIFT,1142260000.0,229.0,229.0,231.0,4.0,0.0,4.0,49.96,0.8674,2024-01-29 04:30:07.000,2024-01-29 04:30:07.000,2024-01-29 04:30:07.000,648049709.0,4549491.0,1317625153.0,229.0,original,229.0,original,231.0,original,4.0,original,0.0,gap_too_large,4.0,original,49.96,original,0.8674,original,648049709.0,original,4549491.0,original,1317625153.0,original,1142260000.0,original,-111.0,original
823730.0,22.0,2024-01-29 05:00:00,OPMC_LIFT,1142270000.0,228.0,229.0,231.0,4.0,0.0,4.0,49.99,0.8680999999999999,2024-01-29 05:00:09.000,2024-01-29 05:00:09.000,2024-01-29 05:00:09.000,648052394.0,4550694.0,1317633646.0,228.0,original,229.0,original,231.0,original,4.0,original,0.0,gap_too_large,4.0,original,49.99,original,0.8680999999999999,original,648052394.0,original,4550694.0,original,1317633646.0,original,1142270000.0,original,-113.0,original
823862.0,22.0,2024-01-29 05:30:00,OPMC_LIFT,1142280000.0,225.0,226.0,228.0,4.0,0.0,4.0,50.03,0.8684,2024-01-29 05:50:12.000,2024-01-29 05:50:12.000,2024-01-29 05:50:12.000,648056781.0,4552691.0,1317647550.0,225.0,original,226.0,original,228.0,original,4.0,original,0.0,gap_too_large,4.0,original,50.03,original,0.8684,original,648056781.0,original,4552691.0,original,1317647550.0,original,1142280000.0,original,-109.0,original
823888.0,22.0,2024-01-29 06:00:00,OPMC_LIFT,1142280000.0,225.0,226.0,227.0,4.0,0.0,4.0,49.96,0.8674,2024-01-29 06:00:09.000,2024-01-29 06:00:09.000,2024-01-29 06:00:09.000,648057642.0,4553091.0,1317650293.0,225.0,original,226.0,original,227.0,original,4.0,original,0.0,gap_too_large,4.0,original,49.96,original,0.8674,original,648057642.0,original,4553091.0,original,1317650293.0,original,1142280000.0,original,-103.0,original
823973.0,22.0,2024-01-29 06:30:00,OPMC_LIFT,1142290000.0,225.0,226.0,227.0,4.0,0.0,3.0,49.97,0.8686999999999999,2024-01-29 06:30:13.000,2024-01-29 06:30:13.000,2024-01-29 06:30:13.000,648060246.0,4554291.0,1317658581.0,225.0,original,226.0,original,227.0,original,4.0,original,0.0,gap_too_large,3.0,original,49.97,original,0.8686999999999999,original,648060246.0,original,4554291.0,original,1317658581.0,original,1142290000.0,original,-111.0,original
824080.0,22.0,2024-01-29 07:00:00,OPMC_LIFT,1142300000.0,225.0,226.0,227.0,4.0,0.0,4.0,49.98,0.8677999999999999,2024-01-29 07:10:15.000,2024-01-29 07:10:15.000,2024-01-29 07:10:15.000,648063725.0,4555888.0,1317669630.0,225.0,original,226.0,original,227.0,original,4.0,original,0.0,gap_too_large,4.0,original,49.98,original,0.8677999999999999,original,648063725.0,original,4555888.0,original,1317669630.0,original,1142300000.0,original,-108.0,original
824177.0,22.0,2024-01-29 07:30:00,OPMC_LIFT,1142310000.0,226.0,227.0,229.0,4.0,0.0,4.0,50.01,0.8697999999999999,2024-01-29 07:50:08.000,2024-01-29 07:50:08.000,2024-01-29 07:50:08.000,648067155.0,4557485.0,1317680561.0,226.0,original,227.0,original,229.0,original,4.0,original,0.0,gap_too_large,4.0,original,50.01,original,0.8697999999999999,original,648067155.0,original,4557485.0,original,1317680561.0,original,1142310000.0,original,-109.0,original
824198.0,22.0,2024-01-29 08:00:00,OPMC_LIFT,1142310000.0,226.0,227.0,228.0,4.0,0.0,4.0,50.0,0.8689999999999999,2024-01-29 08:00:07.000,2024-01-29 08:00:07.000,2024-01-29 08:00:07.000,648068029.0,4557882.0,1317683333.0,226.0,original,227.0,original,228.0,original,4.0,original,0.0,gap_too_large,4.0,original,50.0,original,0.8689999999999999,original,648068029.0,original,4557882.0,original,1317683333.0,original,1142310000.0,original,-103.0,original
824278.0,22.0,2024-01-29 08:30:00,OPMC_LIFT,1142320000.0,226.0,226.0,228.0,4.0,0.0,4.0,49.97,0.8676999999999999,2024-01-29 08:30:09.000,2024-01-29 08:30:09.000,2024-01-29 08:30:09.000,648070669.0,4559082.0,1317691685.0,226.0,original,226.0,original,228.0,original,4.0,original,0.0,gap_too_large,4.0,original,49.97,original,0.8676999999999999,original,648070669.0,original,4559082.0,original,1317691685.0,original,1142320000.0,original,-109.0,original
824384.0,22.0,2024-01-29 09:00:00,OPMC_LIFT,1142330000.0,224.0,225.0,226.0,4.0,0.0,3.0,50.01,0.8675999999999999,2024-01-29 09:10:11.000,2024-01-29 09:10:11.000,2024-01-29 09:10:11.000,648074118.0,4560678.0,1317702648.0,224.0,original,225.0,original,226.0,original,4.0,original,0.0,gap_too_large,3.0,original,50.01,original,0.8675999999999999,original,648074118.0,original,4560678.0,original,1317702648.0,original,1142330000.0,original,-111.0,original
824439.0,22.0,2024-01-29 09:30:00,OPMC_LIFT,1142330000.0,226.0,227.0,228.0,4.0,0.0,4.0,49.97,0.8689999999999999,2024-01-29 09:30:15.000,2024-01-29 09:30:15.000,2024-01-29 09:30:15.000,648075824.0,4561475.0,1317708075.0,226.0,original,227.0,original,228.0,original,4.0,original,0.0,gap_too_large,4.0,original,49.97,original,0.8689999999999999,original,648075824.0,original,4561475.0,original,1317708075.0,original,1142330000.0,original,-114.0,original
824439.0,,2024-01-29 10:00:00,OPMC_LIFT,1142760000.0,222.5,224.0,225.5,171.5,0.0,182.0,49.955,0.8688499999999999,,,,648328128.0,4562097.5,1318209614.0,222.5,interpolated,224.0,interpolated,225.5,interpolated,171.5,interpolated,0.0,gap_too_large,182.0,interpolated,49.955,interpolated,0.8688499999999999,interpolated,648328128.0,interpolated,4562097.5,interpolated,1318209614.0,interpolated,1142760000.0,interpolated,-111.5,interpolated
824591.0,22.0,2024-01-29 10:30:00,OPMC_LIFT,1143190000.0,219.0,221.0,223.0,339.0,360.0,360.0,49.94,0.8686999999999999,2024-01-29 10:30:12.000,2024-01-29 10:30:12.000,2024-01-29 10:30:12.000,648580432.0,4562720.0,1318711153.0,219.0,original,221.0,original,223.0,original,339.0,original,360.0,original,360.0,original,49.94,original,0.8686999999999999,original,648580432.0,original,4562720.0,original,1318711153.0,original,1143190000.0,original,-109.0,original
824664.0,22.0,2024-01-29 11:00:00,OPMC_LIFT,1144170000.0,220.0,222.0,223.0,322.0,341.0,341.0,49.96,0.8631,2024-01-29 11:00:10.000,2024-01-29 11:00:10.000,2024-01-29 11:00:10.000,649146531.0,4562720.0,1319843109.0,220.0,original,222.0,original,223.0,original,322.0,original,341.0,original,341.0,original,49.96,original,0.8631,original,649146531.0,original,4562720.0,original,1319843109.0,original,1144170000.0,original,-99.0,original
824738.0,22.0,2024-01-29 11:30:00,OPMC_LIFT,1145130000.0,220.0,222.0,223.0,322.0,341.0,342.0,49.97,0.8632,2024-01-29 11:30:11.000,2024-01-29 11:30:11.000,2024-01-29 11:30:11.000,649705546.0,4562720.0,1320953685.0,220.0,original,222.0,original,223.0,original,322.0,original,341.0,original,342.0,original,49.97,original,0.8632,original,649705546.0,original,4562720.0,original,1320953685.0,original,1145130000.0,original,-109.0,original
824816.0,22.0,2024-01-29 12:00:00,OPMC_LIFT,1146100000.0,223.0,225.0,226.0,321.0,341.0,344.0,50.07,0.8574999999999999,2024-01-29 12:00:12.000,2024-01-29 12:00:12.000,2024-01-29 12:00:12.000,650272970.0,4562720.0,1322073733.0,223.0,original,225.0,original,226.0,original,321.0,original,341.0,original,344.0,original,50.07,original,0.8574999999999999,original,650272970.0,original,4562720.0,original,1322073733.0,original,1146100000.0,original,-112.0,original
824898.0,22.0,2024-01-29 12:30:00,OPMC_LIFT,1147060000.0,223.0,225.0,226.0,320.0,339.0,342.0,49.94,0.8576999999999999,2024-01-29 12:30:15.000,2024-01-29 12:30:15.000,2024-01-29 12:30:15.000,650852643.0,4562720.0,1323199173.0,223.0,original,225.0,original,226.0,original,320.0,original,339.0,original,342.0,original,49.94,original,0.8576999999999999,original,650852643.0,original,4562720.0,original,1323199173.0,original,1147060000.0,original,-105.0,original
824966.0,22.0,2024-01-29 13:00:00,OPMC_LIFT,1148040000.0,221.0,223.0,225.0,332.0,351.0,355.0,50.04,0.8649999999999999,2024-01-29 13:00:14.000,2024-01-29 13:00:14.000,2024-01-29 13:00:14.000,651431296.0,4562720.0,1324336309.0,221.0,original,223.0,original,225.0,original,332.0,original,351.0,original,355.0,original,50.04,original,0.8649999999999999,original,651431296.0,original,4562720.0,original,1324336309.0,original,1148040000.0,original,-109.0,original
825036.0,22.0,2024-01-29 13:30:00,OPMC_LIFT,1149040000.0,218.0,220.0,221.0,334.0,353.0,354.0,49.93,0.8700999999999999,2024-01-29 13:30:06.000,2024-01-29 13:30:06.000,2024-01-29 13:30:06.000,651997744.0,4562720.0,1325483400.0,218.0,original,220.0,original,221.0,original,334.0,original,353.0,original,354.0,original,49.93,original,0.8700999999999999,original,651997744.0,original,4562720.0,original,1325483400.0,original,1149040000.0,original,-111.0,original
825036.0,,2024-01-29 14:00:00,OPMC_LIFT,1150050000.0,219.5,221.5,223.0,335.5,354.5,356.5,49.975,0.8677499999999999,,,,652580249.5,4562720.0,1326651340.5,219.5,interpolated,221.5,interpolated,223.0,interpolated,335.5,interpolated,354.5,interpolated,356.5,interpolated,49.975,interpolated,0.8677499999999999,interpolated,652580249.5,interpolated,4562720.0,interpolated,1326651340.5,interpolated,1150050000.0,interpolated,-111.5,interpolated
825189.0,22.0,2024-01-29 14:30:00,OPMC_LIFT,1151060000.0,221.0,223.0,225.0,337.0,356.0,359.0,50.02,0.8654,2024-01-29 14:30:11.000,2024-01-29 14:30:11.000,2024-01-29 14:30:11.000,653162755.0,4562720.0,1327819281.0,221.0,original,223.0,original,225.0,original,337.0,original,356.0,original,359.0,original,50.02,original,0.8654,original,653162755.0,original,4562720.0,original,1327819281.0,original,1151060000.0,original,-112.0,original
825189.0,,2024-01-29 15:00:00,OPMC_LIFT,1152090000.0,221.0,223.0,224.5,338.0,357.0,359.0,49.985,0.8659999999999999,,,,653753131.0,4562720.0,1329008041.0,221.0,interpolated,223.0,interpolated,224.5,interpolated,338.0,interpolated,357.0,interpolated,359.0,interpolated,49.985,interpolated,0.8659999999999999,interpolated,653753131.0,interpolated,4562720.0,interpolated,1329008041.0,interpolated,1152090000.0,interpolated,-109.5,interpolated
825341.0,22.0,2024-01-29 15:30:00,OPMC_LIFT,1153120000.0,221.0,223.0,224.0,339.0,358.0,359.0,49.95,0.8665999999999999,2024-01-29 15:30:06.000,2024-01-29 15:30:06.000,2024-01-29 15:30:06.000,654343507.0,4562720.0,1330196801.0,221.0,original,223.0,original,224.0,original,339.0,original,358.0,original,359.0,original,49.95,original,0.8665999999999999,original,654343507.0,original,4562720.0,original,1330196801.0,original,1153120000.0,original,-107.0,original
825441.0,22.0,2024-01-29 16:00:00,OPMC_LIFT,1154240000.0,228.0,229.0,231.0,3.0,0.0,3.0,49.97,0.4699,2024-01-29 16:10:09.000,2024-01-29 16:10:09.000,2024-01-29 16:10:09.000,654989290.0,4562925.0,1331490833.0,228.0,original,229.0,original,231.0,original,3.0,original,0.0,gap_too_large,3.0,original,49.97,original,0.4699,original,654989290.0,original,4562925.0,original,1331490833.0,original,1154240000.0,original,-112.0,original
825503.0,22.0,2024-01-29 16:30:00,OPMC_LIFT,1154250000.0,229.0,229.0,231.0,3.0,0.0,3.0,50.01,0.4696999999999999,2024-01-29 16:30:14.000,2024-01-29 16:30:14.000,2024-01-29 16:30:14.000,654990982.0,4563603.0,1331496049.0,229.0,original,229.0,original,231.0,original,3.0,original,0.0,gap_too_large,3.0,original,50.01,original,0.4696999999999999,original,654990982.0,original,4563603.0,original,1331496049.0,original,1154250000.0,original,-111.0,original
825572.0,22.0,2024-01-29 17:00:00,OPMC_LIFT,1154260000.0,228.0,229.0,230.0,4.0,0.0,4.0,50.05,0.8663,2024-01-29 17:00:09.000,2024-01-29 17:00:09.000,2024-01-29 17:00:09.000,654994250.0,4565363.0,1331506789.0,228.0,original,229.0,original,230.0,original,4.0,original,0.0,gap_too_large,4.0,original,50.05,original,0.8663,original,654994250.0,original,4565363.0,original,1331506789.0,original,1154260000.0,original,-123.0,original
825696.0,22.0,2024-01-29 17:30:00,OPMC_LIFT,1154270000.0,229.0,229.0,231.0,4.0,0.0,4.0,50.0,0.8676999999999999,2024-01-29 17:50:13.000,2024-01-29 17:50:13.000,2024-01-29 17:50:13.000,654998758.0,4567347.0,1331520958.0,229.0,original,229.0,original,231.0,original,4.0,original,0.0,gap_too_large,4.0,original,50.0,original,0.8676999999999999,original,654998758.0,original,4567347.0,original,1331520958.0,original,1154270000.0,original,-113.0,original
825776.0,22.0,2024-01-29 18:00:00,OPMC_LIFT,1154280000.0,229.0,230.0,231.0,4.0,0.0,4.0,49.99,0.8657999999999999,2024-01-29 18:20:12.000,2024-01-29 18:20:12.000,2024-01-29 18:20:12.000,655001469.0,4568538.0,1331529467.0,229.0,original,230.0,original,231.0,original,4.0,original,0.0,gap_too_large,4.0,original,49.99,original,0.8657999999999999,original,655001469.0,original,4568538.0,original,1331529467.0,original,1154280000.0,original,-105.0,original
825801.0,22.0,2024-01-29 18:30:00,OPMC_LIFT,1154280000.0,229.0,230.0,231.0,4.0,0.0,4.0,49.96,0.8696999999999999,2024-01-29 18:30:14.000,2024-01-29 18:30:14.000,2024-01-29 18:30:14.000,655002374.0,4568931.0,1331532309.0,229.0,original,230.0,original,231.0,original,4.0,original,0.0,gap_too_large,4.0,original,49.96,original,0.8696999999999999,original,655002374.0,original,4568931.0,original,1331532309.0,original,1154280000.0,original,-111.0,original
825896.0,22.0,2024-01-29 19:00:00,OPMC_LIFT,1154290000.0,226.0,226.0,228.0,4.0,0.0,4.0,49.94,0.8674999999999999,2024-01-29 19:10:07.000,2024-01-29 19:10:07.000,2024-01-29 19:10:07.000,655005981.0,4570518.0,1331543633.0,226.0,original,226.0,original,228.0,original,4.0,original,0.0,gap_too_large,4.0,original,49.94,original,0.8674999999999999,original,655005981.0,original,4570518.0,original,1331543633.0,original,1154290000.0,original,-111.0,original
825972.0,22.0,2024-01-29 19:30:00,OPMC_LIFT,1154300000.0,226.0,226.0,228.0,4.0,0.0,4.0,49.97,0.8656999999999999,2024-01-29 19:40:11.000,2024-01-29 19:40:11.000,2024-01-29 19:40:11.000,655008598.0,4571706.0,1331551912.0,226.0,original,226.0,original,228.0,original,4.0,original,0.0,gap_too_large,4.0,original,49.97,original,0.8656999999999999,original,655008598.0,original,4571706.0,original,1331551912.0,original,1154300000.0,original,-109.0,original
826017.0,22.0,2024-01-29 20:00:00,OPMC_LIFT,1154300000.0,226.0,227.0,228.0,4.0,0.0,4.0,50.0,0.8678999999999999,2024-01-29 20:00:13.000,2024-01-29 20:00:13.000,2024-01-29 20:00:13.000,655010342.0,4572499.0,1331557441.0,226.0,original,227.0,original,228.0,original,4.0,original,0.0,gap_too_large,4.0,original,50.0,original,0.8678999999999999,original,655010342.0,original,4572499.0,original,1331557441.0,original,1154300000.0,original,-111.0,original
826017.0,,2024-01-29 20:30:00,OPMC_LIFT,1154310000.0,226.5,227.0,228.5,4.0,0.0,4.0,50.025,0.8668499999999999,,,,655012969.5,4573692.5,1331565761.0,226.5,interpolated,227.0,interpolated,228.5,interpolated,4.0,interpolated,0.0,gap_too_large,4.0,interpolated,50.025,interpolated,0.8668499999999999,interpolated,655012969.5,interpolated,4573692.5,interpolated,1331565761.0,interpolated,1154310000.0,interpolated,-110.0,interpolated
826163.0,22.0,2024-01-29 21:00:00,OPMC_LIFT,1154320000.0,227.0,227.0,229.0,4.0,0.0,4.0,50.05,0.8657999999999999,2024-01-29 21:00:08.000,2024-01-29 21:00:08.000,2024-01-29 21:00:08.000,655015597.0,4574886.0,1331574081.0,227.0,original,227.0,original,229.0,original,4.0,original,0.0,gap_too_large,4.0,original,50.05,original,0.8657999999999999,original,655015597.0,original,4574886.0,original,1331574081.0,original,1154320000.0,original,-109.0,original
826243.0,22.0,2024-01-29 21:30:00,OPMC_LIFT,1154320000.0,227.0,227.0,229.0,4.0,0.0,4.0,49.96,0.8695999999999999,2024-01-29 21:30:14.000,2024-01-29 21:30:14.000,2024-01-29 21:30:14.000,655018237.0,4576080.0,1331582421.0,227.0,original,227.0,original,229.0,original,4.0,original,0.0,gap_too_large,4.0,original,49.96,original,0.8695999999999999,original,655018237.0,original,4576080.0,original,1331582421.0,original,1154320000.0,original,-113.0,original
826355.0,22.0,2024-01-29 22:00:00,OPMC_LIFT,1154340000.0,228.0,229.0,230.0,4.0,0.0,4.0,49.99,0.8662,2024-01-29 22:20:07.000,2024-01-29 22:20:07.000,2024-01-29 22:20:07.000,655022691.0,4578077.0,1331596475.0,228.0,original,229.0,original,230.0,original,4.0,original,0.0,gap_too_large,4.0,original,49.99,original,0.8662,original,655022691.0,original,4578077.0,original,1331596475.0,original,1154340000.0,original,-111.0,original
826386.0,22.0,2024-01-29 22:30:00,OPMC_LIFT,1154340000.0,228.0,229.0,231.0,4.0,0.0,4.0,50.03,0.8685999999999999,2024-01-29 22:30:13.000,2024-01-29 22:30:13.000,2024-01-29 22:30:13.000,655023587.0,4578474.0,1331599297.0,228.0,original,229.0,original,231.0,original,4.0,original,0.0,gap_too_large,4.0,original,50.03,original,0.8685999999999999,original,655023587.0,original,4578474.0,original,1331599297.0,original,1154340000.0,original,-103.0,original
826494.0,22.0,2024-01-29 23:00:00,OPMC_LIFT,1154340000.0,230.0,230.0,232.0,4.0,0.0,4.0,50.07,0.8675999999999999,2024-01-29 23:00:15.000,2024-01-29 23:00:15.000,2024-01-29 23:00:15.000,655026304.0,4579674.0,1331607835.0,230.0,original,230.0,original,232.0,original,4.0,original,0.0,gap_too_large,4.0,original,50.07,original,0.8675999999999999,original,655026304.0,original,4579674.0,original,1331607835.0,original,1154340000.0,original,-112.0,original
826494.0,,2024-01-29 23:30:00,OPMC_LIFT,1154350000.0,229.0,229.0,231.0,4.0,0.0,4.0,50.010000000000005,0.8676999999999999,,,,655029411.0,4581070.5,1331617641.5,229.0,interpolated,229.0,interpolated,231.0,interpolated,4.0,interpolated,0.0,gap_too_large,4.0,interpolated,50.010000000000005,interpolated,0.8676999999999999,interpolated,655029411.0,interpolated,4581070.5,interpolated,1331617641.5,interpolated,1154350000.0,interpolated,-114.5,interpolated
826683.0,22.0,2024-01-30 00:00:00,OPMC_LIFT,1154360000.0,228.0,228.0,230.0,4.0,0.0,4.0,49.95,0.8677999999999999,2024-01-30 00:10:11.000,2024-01-30 00:10:11.000,2024-01-30 00:10:11.000,655032518.0,4582467.0,1331627448.0,228.0,original,228.0,original,230.0,original,4.0,original,0.0,gap_too_large,4.0,original,49.95,original,0.8677999999999999,original,655032518.0,original,4582467.0,original,1331627448.0,original,1154360000.0,original,-117.0,original
826742.0,22.0,2024-01-30 00:30:00,OPMC_LIFT,1154370000.0,228.0,229.0,230.0,4.0,0.0,4.0,49.95,0.8658999999999999,2024-01-30 00:30:12.000,2024-01-30 00:30:12.000,2024-01-30 00:30:12.000,655034310.0,4583264.0,1331633086.0,228.0,original,229.0,original,230.0,original,4.0,original,0.0,gap_too_large,4.0,original,49.95,original,0.8658999999999999,original,655034310.0,original,4583264.0,original,1331633086.0,original,1154370000.0,original,-105.0,original
826830.0,22.0,2024-01-30 01:00:00,OPMC_LIFT,1154370000.0,229.0,229.0,231.0,4.0,0.0,4.0,49.99,0.8653,2024-01-30 01:00:12.000,2024-01-30 01:00:12.000,2024-01-30 01:00:12.000,655037011.0,4584461.0,1331641582.0,229.0,original,229.0,original,231.0,original,4.0,original,0.0,gap_too_large,4.0,original,49.99,original,0.8653,original,655037011.0,original,4584461.0,original,1331641582.0,original,1154370000.0,original,-113.0,original
826918.0,22.0,2024-01-30 01:30:00,OPMC_LIFT,1154380000.0,229.0,229.0,231.0,4.0,0.0,4.0,50.0,0.8697999999999999,2024-01-30 01:30:13.000,2024-01-30 01:30:13.000,2024-01-30 01:30:13.000,655039722.0,4585661.0,1331650107.0,229.0,original,229.0,original,231.0,original,4.0,original,0.0,gap_too_large,4.0,original,50.0,original,0.8697999999999999,original,655039722.0,original,4585661.0,original,1331650107.0,original,1154380000.0,original,-114.0,original
827029.0,22.0,2024-01-30 02:00:00,OPMC_LIFT,1154390000.0,230.0,230.0,232.0,4.0,0.0,4.0,50.02,0.8694,2024-01-30 02:10:10.000,2024-01-30 02:10:10.000,2024-01-30 02:10:10.000,655043357.0,4587261.0,1331661525.0,230.0,original,230.0,original,232.0,original,4.0,original,0.0,gap_too_large,4.0,original,50.02,original,0.8694,original,655043357.0,original,4587261.0,original,1331661525.0,original,1154390000.0,original,-115.0,original
827090.0,22.0,2024-01-30 02:30:00,OPMC_LIFT,1154400000.0,230.0,231.0,233.0,4.0,0.0,4.0,50.0,0.8663,2024-01-30 02:30:09.000,2024-01-30 02:30:09.000,2024-01-30 02:30:09.000,655045187.0,4588058.0,1331667259.0,230.0,original,231.0,original,233.0,original,4.0,original,0.0,gap_too_large,4.0,original,50.0,original,0.8663,original,655045187.0,original,4588058.0,original,1331667259.0,original,1154400000.0,original,-109.0,original
827172.0,22.0,2024-01-30 03:00:00,OPMC_LIFT,1154400000.0,230.0,231.0,232.0,4.0,0.0,4.0,49.94,0.8700999999999999,2024-01-30 03:00:09.000,2024-01-30 03:00:09.000,2024-01-30 03:00:09.000,655047942.0,4589261.0,1331675889.0,230.0,original,231.0,original,232.0,original,4.0,original,0.0,gap_too_large,4.0,original,49.94,original,0.8700999999999999,original,655047942.0,original,4589261.0,original,1331675889.0,original,1154400000.0,original,-111.0,original
827261.0,22.0,2024-01-30 03:30:00,OPMC_LIFT,1154410000.0,228.0,229.0,231.0,4.0,0.0,4.0,50.02,0.8674999999999999,2024-01-30 03:30:10.000,2024-01-30 03:30:10.000,2024-01-30 03:30:10.000,655050669.0,4590461.0,1331684453.0,228.0,original,229.0,original,231.0,original,4.0,original,0.0,gap_too_large,4.0,original,50.02,original,0.8674999999999999,original,655050669.0,original,4590461.0,original,1331684453.0,original,1154410000.0,original,-113.0,original
827355.0,22.0,2024-01-30 04:00:00,OPMC_LIFT,1154420000.0,229.0,229.0,231.0,4.0,0.0,4.0,50.02,0.8690999999999999,2024-01-30 04:00:10.000,2024-01-30 04:00:10.000,2024-01-30 04:00:10.000,655053370.0,4591658.0,1331692945.0,229.0,original,229.0,original,231.0,original,4.0,original,0.0,gap_too_large,4.0,original,50.02,original,0.8690999999999999,original,655053370.0,original,4591658.0,original,1331692945.0,original,1154420000.0,original,-114.0,original
827439.0,22.0,2024-01-30 04:30:00,OPMC_LIFT,1154430000.0,228.0,229.0,231.0,4.0,0.0,4.0,50.05,0.8685999999999999,2024-01-30 04:30:10.000,2024-01-30 04:30:10.000,2024-01-30 04:30:10.000,655056064.0,4592854.0,1331701429.0,228.0,original,229.0,original,231.0,original,4.0,original,0.0,gap_too_large,4.0,original,50.05,original,0.8685999999999999,original,655056064.0,original,4592854.0,original,1331701429.0,original,1154430000.0,original,-105.0,original
827525.0,22.0,2024-01-30 05:00:00,OPMC_LIFT,1154430000.0,228.0,228.0,230.0,4.0,0.0,4.0,49.96,0.8660999999999999,2024-01-30 05:00:11.000,2024-01-30 05:00:11.000,2024-01-30 05:00:11.000,655058739.0,4594054.0,1331709873.0,228.0,original,228.0,original,230.0,original,4.0,original,0.0,gap_too_large,4.0,original,49.96,original,0.8660999999999999,original,655058739.0,original,4594054.0,original,1331709873.0,original,1154430000.0,original,-111.0,original
827605.0,22.0,2024-01-30 05:30:00,OPMC_LIFT,1154440000.0,226.0,227.0,228.0,4.0,0.0,4.0,50.03,0.8696999999999999,2024-01-30 05:30:07.000,2024-01-30 05:30:07.000,2024-01-30 05:30:07.000,655061382.0,4595248.0,1331718225.0,226.0,original,227.0,original,228.0,original,4.0,original,0.0,gap_too_large,4.0,original,50.03,original,0.8696999999999999,original,655061382.0,original,4595248.0,original,1331718225.0,original,1154440000.0,original,-111.0,original
827605.0,,2024-01-30 06:00:00,OPMC_LIFT,1154450000.0,226.5,227.0,228.5,4.0,0.0,4.0,50.04,0.8684999999999999,,,,655063988.5,4596446.5,1331726500.5,226.5,interpolated,227.0,interpolated,228.5,interpolated,4.0,interpolated,0.0,gap_too_large,4.0,interpolated,50.04,interpolated,0.8684999999999999,interpolated,655063988.5,interpolated,4596446.5,interpolated,1331726500.5,interpolated,1154450000.0,interpolated,-111.0,interpolated
827781.0,22.0,2024-01-30 06:30:00,OPMC_LIFT,1154460000.0,227.0,227.0,229.0,4.0,0.0,4.0,50.05,0.8673,2024-01-30 06:30:14.000,2024-01-30 06:30:14.000,2024-01-30 06:30:14.000,655066595.0,4597645.0,1331734776.0,227.0,original,227.0,original,229.0,original,4.0,original,0.0,gap_too_large,4.0,original,50.05,original,0.8673,original,655066595.0,original,4597645.0,original,1331734776.0,original,1154460000.0,original,-111.0,original
827856.0,22.0,2024-01-30 07:00:00,OPMC_LIFT,1154460000.0,225.0,226.0,227.0,4.0,0.0,4.0,49.97,0.8705999999999999,2024-01-30 07:00:07.000,2024-01-30 07:00:07.000,2024-01-30 07:00:07.000,655069197.0,4598842.0,1331743045.0,225.0,original,226.0,original,227.0,original,4.0,original,0.0,gap_too_large,4.0,original,49.97,original,0.8705999999999999,original,655069197.0,original,4598842.0,original,1331743045.0,original,1154460000.0,original,-109.0,original
827936.0,22.0,2024-01-30 07:30:00,OPMC_LIFT,1154470000.0,225.0,225.0,227.0,4.0,0.0,3.0,50.03,0.8665999999999999,2024-01-30 07:30:12.000,2024-01-30 07:30:12.000,2024-01-30 07:30:12.000,655071792.0,4600035.0,1331751285.0,225.0,original,225.0,original,227.0,original,4.0,original,0.0,gap_too_large,3.0,original,50.03,original,0.8665999999999999,original,655071792.0,original,4600035.0,original,1331751285.0,original,1154470000.0,original,-113.0,original
828012.0,22.0,2024-01-30 08:00:00,OPMC_LIFT,1154480000.0,226.0,227.0,228.0,4.0,0.0,4.0,50.07,0.8675999999999999,2024-01-30 08:00:13.000,2024-01-30 08:00:13.000,2024-01-30 08:00:13.000,655074384.0,4601232.0,1331759518.0,226.0,original,227.0,original,228.0,original,4.0,original,0.0,gap_too_large,4.0,original,50.07,original,0.8675999999999999,original,655074384.0,original,4601232.0,original,1331759518.0,original,1154480000.0,original,-112.0,original
828090.0,22.0,2024-01-30 08:30:00,OPMC_LIFT,1154480000.0,225.0,225.0,227.0,4.0,0.0,3.0,50.05,0.8684999999999999,2024-01-30 08:30:11.000,2024-01-30 08:30:11.000,2024-01-30 08:30:11.000,655076973.0,4602429.0,1331767739.0,225.0,original,225.0,original,227.0,original,4.0,original,0.0,gap_too_large,3.0,original,50.05,original,0.8684999999999999,original,655076973.0,original,4602429.0,original,1331767739.0,original,1154480000.0,original,-113.0,original
828203.0,22.0,2024-01-30 09:00:00,OPMC_LIFT,1154490000.0,226.0,227.0,228.0,4.0,0.0,4.0,50.05,0.8682,2024-01-30 09:10:08.000,2024-01-30 09:10:08.000,2024-01-30 09:10:08.000,655080387.0,4604022.0,1331778616.0,226.0,original,227.0,original,228.0,original,4.0,original,0.0,gap_too_large,4.0,original,50.05,original,0.8682,original,655080387.0,original,4604022.0,original,1331778616.0,original,1154490000.0,original,-115.0,original
828309.0,22.0,2024-01-30 09:30:00,OPMC_LIFT,1154500000.0,225.0,225.0,227.0,4.0,0.0,4.0,50.0,0.8654999999999999,2024-01-30 09:50:08.000,2024-01-30 09:50:08.000,2024-01-30 09:50:08.000,655083856.0,4605622.0,1331789624.0,225.0,original,225.0,original,227.0,original,4.0,original,0.0,gap_too_large,4.0,original,50.0,original,0.8654999999999999,original,655083856.0,original,4605622.0,original,1331789624.0,original,1154500000.0,original,-108.0,original
828364.0,22.0,2024-01-30 10:00:00,OPMC_LIFT,1154510000.0,224.0,225.0,227.0,4.0,0.0,3.0,50.04,0.8666999999999999,2024-01-30 10:10:13.000,2024-01-30 10:10:13.000,2024-01-30 10:10:13.000,655085571.0,4606422.0,1331795070.0,224.0,original,225.0,original,227.0,original,4.0,original,0.0,gap_too_large,3.0,original,50.04,original,0.8666999999999999,original,655085571.0,original,4606422.0,original,1331795070.0,original,1154510000.0,original,-110.0,original
828421.0,22.0,2024-01-30 10:30:00,OPMC_LIFT,1154510000.0,226.0,227.0,229.0,4.0,0.0,4.0,50.0,0.8672,2024-01-30 10:30:13.000,2024-01-30 10:30:13.000,2024-01-30 10:30:13.000,655087290.0,4607222.0,1331800536.0,226.0,original,227.0,original,229.0,original,4.0,original,0.0,gap_too_large,4.0,original,50.0,original,0.8672,original,655087290.0,original,4607222.0,original,1331800536.0,original,1154510000.0,original,-114.0,original
828497.0,22.0,2024-01-30 11:00:00,OPMC_LIFT,1154590000.0,222.0,224.0,225.0,229.0,243.0,246.0,50.01,0.7937,2024-01-30 11:00:11.000,2024-01-30 11:00:11.000,2024-01-30 11:00:11.000,655147299.0,4608173.0,1331904501.0,222.0,original,224.0,original,225.0,original,229.0,original,243.0,original,246.0,original,50.01,original,0.7937,original,655147299.0,original,4608173.0,original,1331904501.0,original,1154590000.0,original,-108.0,original
828572.0,22.0,2024-01-30 11:30:00,OPMC_LIFT,1155650000.0,221.0,223.0,224.0,343.0,364.0,364.0,50.0,0.8674999999999999,2024-01-30 11:30:10.000,2024-01-30 11:30:10.000,2024-01-30 11:30:10.000,655752387.0,4608173.0,1333124856.0,221.0,original,223.0,original,224.0,original,343.0,original,364.0,original,364.0,original,50.0,original,0.8674999999999999,original,655752387.0,original,4608173.0,original,1333124856.0,original,1155650000.0,original,-109.0,original
828670.0,22.0,2024-01-30 12:00:00,OPMC_LIFT,1157010000.0,221.0,223.0,225.0,339.0,360.0,361.0,50.03,0.8662,2024-01-30 12:10:08.000,2024-01-30 12:10:08.000,2024-01-30 12:10:08.000,656546083.0,4608173.0,1334701291.0,221.0,original,223.0,original,225.0,original,339.0,original,360.0,original,361.0,original,50.03,original,0.8662,original,656546083.0,original,4608173.0,original,1334701291.0,original,1157010000.0,original,-112.0,original
828720.0,22.0,2024-01-30 12:30:00,OPMC_LIFT,1157710000.0,221.0,223.0,225.0,347.0,369.0,369.0,49.97,0.8682,2024-01-30 12:30:12.000,2024-01-30 12:30:12.000,2024-01-30 12:30:12.000,656944653.0,4608173.0,1335504261.0,221.0,original,223.0,original,225.0,original,347.0,original,369.0,original,369.0,original,49.97,original,0.8682,original,656944653.0,original,4608173.0,original,1335504261.0,original,1157710000.0,original,-109.0,original
828797.0,22.0,2024-01-30 13:00:00,OPMC_LIFT,1158790000.0,220.0,222.0,223.0,361.0,381.0,382.0,50.06,0.8734999999999999,2024-01-30 13:00:09.000,2024-01-30 13:00:09.000,2024-01-30 13:00:09.000,657549965.0,4608173.0,1336740366.0,220.0,original,222.0,original,223.0,original,361.0,original,381.0,original,382.0,original,50.06,original,0.8734999999999999,original,657549965.0,original,4608173.0,original,1336740366.0,original,1158790000.0,original,-108.0,original
828875.0,22.0,2024-01-30 13:30:00,OPMC_LIFT,1159860000.0,219.0,221.0,222.0,359.0,380.0,381.0,49.97,0.8744,2024-01-30 13:30:10.000,2024-01-30 13:30:10.000,2024-01-30 13:30:10.000,658148410.0,4608173.0,1337970814.0,219.0,original,221.0,original,222.0,original,359.0,original,380.0,original,381.0,original,49.97,original,0.8744,original,658148410.0,original,4608173.0,original,1337970814.0,original,1159860000.0,original,-109.0,original
828952.0,22.0,2024-01-30 14:00:00,OPMC_LIFT,1160920000.0,219.0,221.0,222.0,347.0,368.0,367.0,50.0,0.8725999999999999,2024-01-30 14:00:12.000,2024-01-30 14:00:12.000,2024-01-30 14:00:12.000,658738227.0,4608173.0,1339183893.0,219.0,original,221.0,original,222.0,original,347.0,original,368.0,original,367.0,original,50.0,original,0.8725999999999999,original,658738227.0,original,4608173.0,original,1339183893.0,original,1160920000.0,original,-113.0,original
828952.0,,2024-01-30 14:30:00,OPMC_LIFT,1161975000.0,219.0,221.5,222.5,354.0,375.0,374.0,50.004999999999995,0.8732499999999999,,,,659327024.0,4608173.0,1340390923.0,219.0,interpolated,221.5,interpolated,222.5,interpolated,354.0,interpolated,375.0,interpolated,374.0,interpolated,50.004999999999995,interpolated,0.8732499999999999,interpolated,659327024.0,interpolated,4608173.0,interpolated,1340390923.0,interpolated,1161975000.0,interpolated,-109.0,interpolated
829120.0,22.0,2024-01-30 15:00:00,OPMC_LIFT,1163030000.0,219.0,222.0,223.0,361.0,382.0,381.0,50.01,0.8738999999999999,2024-01-30 15:00:13.000,2024-01-30 15:00:13.000,2024-01-30 15:00:13.000,659915821.0,4608173.0,1341597953.0,219.0,original,222.0,original,223.0,original,361.0,original,382.0,original,381.0,original,50.01,original,0.8738999999999999,original,659915821.0,original,4608173.0,original,1341597953.0,original,1163030000.0,original,-105.0,original
829201.0,22.0,2024-01-30 15:30:00,OPMC_LIFT,1164090000.0,219.0,221.0,222.0,351.0,372.0,373.0,49.99,0.8723,2024-01-30 15:30:13.000,2024-01-30 15:30:13.000,2024-01-30 15:30:13.000,660506298.0,4608173.0,1342811048.0,219.0,original,221.0,original,222.0,original,351.0,original,372.0,original,373.0,original,49.99,original,0.8723,original,660506298.0,original,4608173.0,original,1342811048.0,original,1164090000.0,original,-120.0,original
829301.0,22.0,2024-01-30 16:00:00,OPMC_LIFT,1165500000.0,221.0,223.0,225.0,351.0,372.0,372.0,49.95,0.8682,2024-01-30 16:10:11.000,2024-01-30 16:10:11.000,2024-01-30 16:10:11.000,661296339.0,4608173.0,1344426181.0,221.0,original,223.0,original,225.0,original,351.0,original,372.0,original,372.0,original,49.95,original,0.8682,original,661296339.0,original,4608173.0,original,1344426181.0,original,1165500000.0,original,-120.0,original
829378.0,22.0,2024-01-30 16:30:00,OPMC_LIFT,1166530000.0,222.0,224.0,226.0,339.0,358.0,360.0,50.07,0.8647999999999999,2024-01-30 16:40:10.000,2024-01-30 16:40:10.000,2024-01-30 16:40:10.000,661892058.0,4608173.0,1345623905.0,222.0,original,224.0,original,226.0,original,339.0,original,358.0,original,360.0,original,50.07,original,0.8647999999999999,original,661892058.0,original,4608173.0,original,1345623905.0,original,1166530000.0,original,-121.0,original
829425.0,22.0,2024-01-30 17:00:00,OPMC_LIFT,1166570000.0,228.0,229.0,231.0,3.0,0.0,3.0,49.96,1.0,2024-01-30 17:00:05.000,2024-01-30 17:00:05.000,2024-01-30 17:00:05.000,661915610.0,4608173.0,1345670136.0,228.0,original,229.0,original,231.0,original,3.0,original,0.0,gap_too_large,3.0,original,49.96,original,1.0,original,661915610.0,original,4608173.0,original,1345670136.0,original,1166570000.0,original,-123.0,original
829533.0,22.0,2024-01-30 17:30:00,OPMC_LIFT,1166580000.0,229.0,230.0,231.0,4.0,0.0,4.0,49.96,0.8645999999999999,2024-01-30 17:40:09.000,2024-01-30 17:40:09.000,2024-01-30 17:40:09.000,661918352.0,4609318.0,1345678597.0,229.0,original,230.0,original,231.0,original,4.0,original,0.0,gap_too_large,4.0,original,49.96,original,0.8645999999999999,original,661918352.0,original,4609318.0,original,1345678597.0,original,1166580000.0,original,-107.0,original
829612.0,22.0,2024-01-30 18:00:00,OPMC_LIFT,1166590000.0,229.0,229.0,231.0,4.0,0.0,4.0,49.97,0.8667999999999999,2024-01-30 18:10:15.000,2024-01-30 18:10:15.000,2024-01-30 18:10:15.000,661921050.0,4610522.0,1345687096.0,229.0,original,229.0,original,231.0,original,4.0,original,0.0,gap_too_large,4.0,original,49.97,original,0.8667999999999999,original,661921050.0,original,4610522.0,original,1345687096.0,original,1166590000.0,original,-112.0,original
829702.0,22.0,2024-01-30 18:30:00,OPMC_LIFT,1166600000.0,229.0,229.0,231.0,4.0,0.0,4.0,49.98,0.8674,2024-01-30 18:49:00.000,2024-01-30 18:49:00.000,2024-01-30 18:49:00.000,661924534.0,4612074.0,1345698085.0,229.0,original,229.0,original,231.0,original,4.0,original,0.0,gap_too_large,4.0,original,49.98,original,0.8674,original,661924534.0,original,4612074.0,original,1345698085.0,original,1166600000.0,original,-123.0,original
829745.0,22.0,2024-01-30 19:00:00,OPMC_LIFT,1166600000.0,229.0,230.0,231.0,4.0,0.0,4.0,49.94,0.8668999999999999,2024-01-30 19:00:10.000,2024-01-30 19:00:10.000,2024-01-30 19:00:10.000,661925536.0,4612515.0,1345701230.0,229.0,original,230.0,original,231.0,original,4.0,original,0.0,gap_too_large,4.0,original,49.94,original,0.8668999999999999,original,661925536.0,original,4612515.0,original,1345701230.0,original,1166600000.0,original,-112.0,original
829847.0,22.0,2024-01-30 19:30:00,OPMC_LIFT,1166610000.0,226.0,226.0,227.0,4.0,0.0,4.0,50.02,0.8673,2024-01-30 19:40:06.000,2024-01-30 19:40:06.000,2024-01-30 19:40:06.000,661929034.0,4614109.0,1345712321.0,226.0,original,226.0,original,227.0,original,4.0,original,0.0,gap_too_large,4.0,original,50.02,original,0.8673,original,661929034.0,original,4614109.0,original,1345712321.0,original,1166610000.0,original,-113.0,original
829902.0,22.0,2024-01-30 20:00:00,OPMC_LIFT,1166620000.0,226.0,226.0,228.0,4.0,0.0,4.0,50.07,0.8663,2024-01-30 20:00:13.000,2024-01-30 20:00:13.000,2024-01-30 20:00:13.000,661930762.0,4614906.0,1345717809.0,226.0,original,226.0,original,228.0,original,4.0,original,0.0,gap_too_large,4.0,original,50.07,original,0.8663,original,661930762.0,original,4614906.0,original,1345717809.0,original,1166620000.0,original,-113.0,original
829902.0,,2024-01-30 20:30:00,OPMC_LIFT,1166625000.0,226.0,226.5,228.0,4.0,0.0,4.0,50.03,0.8661999999999999,,,,661933368.0,4616102.5,1345726086.0,226.0,interpolated,226.5,interpolated,228.0,interpolated,4.0,interpolated,0.0,gap_too_large,4.0,interpolated,50.03,interpolated,0.8661999999999999,interpolated,661933368.0,interpolated,4616102.5,interpolated,1345726086.0,interpolated,1166625000.0,interpolated,-113.5,interpolated
830051.0,22.0,2024-01-30 21:00:00,OPMC_LIFT,1166630000.0,226.0,227.0,228.0,4.0,0.0,4.0,49.99,0.8660999999999999,2024-01-30 21:00:11.000,2024-01-30 21:00:11.000,2024-01-30 21:00:11.000,661935974.0,4617299.0,1345734363.0,226.0,original,227.0,original,228.0,original,4.0,original,0.0,gap_too_large,4.0,original,49.99,original,0.8660999999999999,original,661935974.0,original,4617299.0,original,1345734363.0,original,1166630000.0,original,-114.0,original
830160.0,22.0,2024-01-30 21:30:00,OPMC_LIFT,1166640000.0,227.0,228.0,230.0,4.0,0.0,4.0,49.99,0.8682,2024-01-30 21:40:12.000,2024-01-30 21:40:12.000,2024-01-30 21:40:12.000,661939485.0,4618899.0,1345745483.0,227.0,original,228.0,original,230.0,original,4.0,original,0.0,gap_too_large,4.0,original,49.99,original,0.8682,original,661939485.0,original,4618899.0,original,1345745483.0,original,1166640000.0,original,-113.0,original
830255.0,22.0,2024-01-30 22:00:00,OPMC_LIFT,1166650000.0,228.0,229.0,230.0,4.0,0.0,4.0,50.04,0.8704999999999999,2024-01-30 22:20:10.000,2024-01-30 22:20:10.000,2024-01-30 22:20:10.000,661943040.0,4620499.0,1345756715.0,228.0,original,229.0,original,230.0,original,4.0,original,0.0,gap_too_large,4.0,original,50.04,original,0.8704999999999999,original,661943040.0,original,4620499.0,original,1345756715.0,original,1166650000.0,original,-120.0,original
830315.0,22.0,2024-01-30 22:30:00,OPMC_LIFT,1166650000.0,229.0,229.0,231.0,4.0,0.0,4.0,50.03,0.8665999999999999,2024-01-30 22:40:14.000,2024-01-30 22:40:14.000,2024-01-30 22:40:14.000,661944829.0,4621299.0,1345762363.0,229.0,original,229.0,original,231.0,original,4.0,original,0.0,gap_too_large,4.0,original,50.03,original,0.8665999999999999,original,661944829.0,original,4621299.0,original,1345762363.0,original,1166650000.0,original,-107.0,original
830366.0,22.0,2024-01-30 23:00:00,OPMC_LIFT,1166660000.0,230.0,230.0,232.0,4.0,0.0,4.0,50.04,0.8674,2024-01-30 23:00:09.000,2024-01-30 23:00:09.000,2024-01-30 23:00:09.000,661946634.0,4622102.0,1345768053.0,230.0,original,230.0,original,232.0,original,4.0,original,0.0,gap_too_large,4.0,original,50.04,original,0.8674,original,661946634.0,original,4622102.0,original,1345768053.0,original,1166660000.0,original,-113.0,original
830465.0,22.0,2024-01-30 23:30:00,OPMC_LIFT,1166670000.0,230.0,230.0,232.0,4.0,0.0,4.0,50.03,0.8664,2024-01-30 23:40:08.000,2024-01-30 23:40:08.000,2024-01-30 23:40:08.000,661950269.0,4623702.0,1345779483.0,230.0,original,230.0,original,232.0,original,4.0,original,0.0,gap_too_large,4.0,original,50.03,original,0.8664,original,661950269.0,original,4623702.0,original,1345779483.0,original,1166670000.0,original,-119.0,original
830519.0,22.0,2024-01-31 00:00:00,OPMC_LIFT,1166670000.0,228.0,229.0,231.0,4.0,0.0,4.0,50.01,0.8660999999999999,2024-01-31 00:00:12.000,2024-01-31 00:00:12.000,2024-01-31 00:00:12.000,661952077.0,4624506.0,1345785179.0,228.0,original,229.0,original,231.0,original,4.0,original,0.0,gap_too_large,4.0,original,50.01,original,0.8660999999999999,original,661952077.0,original,4624506.0,original,1345785179.0,original,1166670000.0,original,-112.0,original
830598.0,22.0,2024-01-31 00:30:00,OPMC_LIFT,1166680000.0,229.0,229.0,231.0,4.0,0.0,4.0,49.97,0.8663,2024-01-31 00:30:13.000,2024-01-31 00:30:13.000,2024-01-31 00:30:13.000,661954758.0,4625709.0,1345793653.0,229.0,original,229.0,original,231.0,original,4.0,original,0.0,gap_too_large,4.0,original,49.97,original,0.8663,original,661954758.0,original,4625709.0,original,1345793653.0,original,1166680000.0,original,-121.0,original
830674.0,22.0,2024-01-31 01:00:00,OPMC_LIFT,1166690000.0,229.0,229.0,231.0,4.0,0.0,4.0,49.96,0.8674,2024-01-31 01:00:06.000,2024-01-31 01:00:06.000,2024-01-31 01:00:06.000,661957446.0,4626912.0,1345802142.0,229.0,original,229.0,original,231.0,original,4.0,original,0.0,gap_too_large,4.0,original,49.96,original,0.8674,original,661957446.0,original,4626912.0,original,1345802142.0,original,1166690000.0,original,-110.0,original
830751.0,22.0,2024-01-31 01:30:00,OPMC_LIFT,1166700000.0,229.0,229.0,231.0,4.0,0.0,4.0,49.97,0.8675999999999999,2024-01-31 01:30:11.000,2024-01-31 01:30:11.000,2024-01-31 01:30:11.000,661960138.0,4628115.0,1345810638.0,229.0,original,229.0,original,231.0,original,4.0,original,0.0,gap_too_large,4.0,original,49.97,original,0.8675999999999999,original,661960138.0,original,4628115.0,original,1345810638.0,original,1166700000.0,original,-119.0,original
830853.0,22.0,2024-01-31 02:00:00,OPMC_LIFT,1166710000.0,230.0,230.0,232.0,4.0,0.0,4.0,49.99,0.8672,2024-01-31 02:10:10.000,2024-01-31 02:10:10.000,2024-01-31 02:10:10.000,661963747.0,4629718.0,1345822017.0,230.0,original,230.0,original,232.0,original,4.0,original,0.0,gap_too_large,4.0,original,49.99,original,0.8672,original,661963747.0,original,4629718.0,original,1345822017.0,original,1166710000.0,original,-119.0,original
830907.0,22.0,2024-01-31 02:30:00,OPMC_LIFT,1166710000.0,230.0,230.0,232.0,4.0,0.0,4.0,49.93,0.8631,2024-01-31 02:30:06.000,2024-01-31 02:30:06.000,2024-01-31 02:30:06.000,661965568.0,4630522.0,1345827742.0,230.0,original,230.0,original,232.0,original,4.0,original,0.0,gap_too_large,4.0,original,49.93,original,0.8631,original,661965568.0,original,4630522.0,original,1345827742.0,original,1166710000.0,original,-112.0,original
830998.0,22.0,2024-01-31 03:00:00,OPMC_LIFT,1166720000.0,228.0,229.0,231.0,4.0,0.0,4.0,50.04,0.8672,2024-01-31 03:00:09.000,2024-01-31 03:00:09.000,2024-01-31 03:00:09.000,661968310.0,4631728.0,1345836353.0,228.0,original,229.0,original,231.0,original,4.0,original,0.0,gap_too_large,4.0,original,50.04,original,0.8672,original,661968310.0,original,4631728.0,original,1345836353.0,original,1166720000.0,original,-105.0,original
831080.0,22.0,2024-01-31 03:30:00,OPMC_LIFT,1166730000.0,228.0,229.0,231.0,4.0,0.0,4.0,50.04,0.8669999999999999,2024-01-31 03:30:09.000,2024-01-31 03:30:09.000,2024-01-31 03:30:09.000,661970986.0,4632934.0,1345844817.0,228.0,original,229.0,original,231.0,original,4.0,original,0.0,gap_too_large,4.0,original,50.04,original,0.8669999999999999,original,661970986.0,original,4632934.0,original,1345844817.0,original,1166730000.0,original,-121.0,original
831205.0,22.0,2024-01-31 04:00:00,OPMC_LIFT,1166740000.0,228.0,228.0,230.0,4.0,0.0,4.0,49.96,0.8666999999999999,2024-01-31 04:20:09.000,2024-01-31 04:20:09.000,2024-01-31 04:20:09.000,661975453.0,4634944.0,1345858929.0,228.0,original,228.0,original,230.0,original,4.0,original,0.0,gap_too_large,4.0,original,49.96,original,0.8666999999999999,original,661975453.0,original,4634944.0,original,1345858929.0,original,1166740000.0,original,-108.0,original
831261.0,22.0,2024-01-31 04:30:00,OPMC_LIFT,1166740000.0,228.0,228.0,230.0,4.0,0.0,4.0,49.95,0.8683,2024-01-31 04:40:12.000,2024-01-31 04:40:12.000,2024-01-31 04:40:12.000,661977232.0,4635747.0,1345864555.0,228.0,original,228.0,original,230.0,original,4.0,original,0.0,gap_too_large,4.0,original,49.95,original,0.8683,original,661977232.0,original,4635747.0,original,1345864555.0,original,1166740000.0,original,-115.0,original
831334.0,22.0,2024-01-31 05:00:00,OPMC_LIFT,1166750000.0,227.0,227.0,229.0,4.0,0.0,4.0,49.96,0.8662,2024-01-31 05:10:10.000,2024-01-31 05:10:10.000,2024-01-31 05:10:10.000,661979888.0,4636950.0,1345872961.0,227.0,original,227.0,original,229.0,original,4.0,original,0.0,gap_too_large,4.0,original,49.96,original,0.8662,original,661979888.0,original,4636950.0,original,1345872961.0,original,1166750000.0,original,-113.0,original
831384.0,22.0,2024-01-31 05:30:00,OPMC_LIFT,1166760000.0,226.0,227.0,228.0,4.0,0.0,4.0,50.07,0.8675999999999999,2024-01-31 05:30:06.000,2024-01-31 05:30:06.000,2024-01-31 05:30:06.000,661981635.0,4637750.0,1345878510.0,226.0,original,227.0,original,228.0,original,4.0,original,0.0,gap_too_large,4.0,original,50.07,original,0.8675999999999999,original,661981635.0,original,4637750.0,original,1345878510.0,original,1166760000.0,original,-123.0,original
831472.0,22.0,2024-01-31 06:00:00,OPMC_LIFT,1166760000.0,225.0,226.0,227.0,4.0,0.0,4.0,49.96,0.8704,2024-01-31 06:00:14.000,2024-01-31 06:00:14.000,2024-01-31 06:00:14.000,661984234.0,4638954.0,1345886779.0,225.0,original,226.0,original,227.0,original,4.0,original,0.0,gap_too_large,4.0,original,49.96,original,0.8704,original,661984234.0,original,4638954.0,original,1345886779.0,original,1166760000.0,original,-121.0,original
831588.0,22.0,2024-01-31 06:30:00,OPMC_LIFT,1166770000.0,226.0,227.0,229.0,4.0,0.0,4.0,50.09,0.8684999999999999,2024-01-31 06:40:12.000,2024-01-31 06:40:12.000,2024-01-31 06:40:12.000,661987728.0,4640560.0,1345897880.0,226.0,original,227.0,original,229.0,original,4.0,original,0.0,gap_too_large,4.0,original,50.09,original,0.8684999999999999,original,661987728.0,original,4640560.0,original,1345897880.0,original,1166770000.0,original,-111.0,original
831639.0,22.0,2024-01-31 07:00:00,OPMC_LIFT,1166780000.0,226.0,227.0,229.0,4.0,0.0,4.0,50.04,0.8690999999999999,2024-01-31 07:00:10.000,2024-01-31 07:00:10.000,2024-01-31 07:00:10.000,661989462.0,4641366.0,1345903403.0,226.0,original,227.0,original,229.0,original,4.0,original,0.0,gap_too_large,4.0,original,50.04,original,0.8690999999999999,original,661989462.0,original,4641366.0,original,1345903403.0,original,1166780000.0,original,-113.0,original
831746.0,22.0,2024-01-31 07:30:00,OPMC_LIFT,1166790000.0,225.0,225.0,227.0,4.0,0.0,4.0,50.02,0.8704999999999999,2024-01-31 07:40:10.000,2024-01-31 07:40:10.000,2024-01-31 07:40:10.000,661992928.0,4642966.0,1345914411.0,225.0,original,225.0,original,227.0,original,4.0,original,0.0,gap_too_large,4.0,original,50.02,original,0.8704999999999999,original,661992928.0,original,4642966.0,original,1345914411.0,original,1166790000.0,original,-113.0,original
831794.0,22.0,2024-01-31 08:00:00,OPMC_LIFT,1166790000.0,226.0,227.0,229.0,4.0,0.0,4.0,49.96,0.8664999999999999,2024-01-31 08:00:07.000,2024-01-31 08:00:07.000,2024-01-31 08:00:07.000,661994666.0,4643766.0,1345919921.0,226.0,original,227.0,original,229.0,original,4.0,original,0.0,gap_too_large,4.0,original,49.96,original,0.8664999999999999,original,661994666.0,original,4643766.0,original,1345919921.0,original,1166790000.0,original,-109.0,original
831905.0,22.0,2024-01-31 08:30:00,OPMC_LIFT,1166840000.0,222.0,224.0,225.0,188.0,199.0,203.0,50.02,0.7322,2024-01-31 08:40:11.000,2024-01-31 08:40:11.000,2024-01-31 08:40:11.000,662031357.0,4645178.0,1345983525.0,222.0,original,224.0,original,225.0,original,188.0,original,199.0,original,203.0,original,50.02,original,0.7322,original,662031357.0,original,4645178.0,original,1345983525.0,original,1166840000.0,original,-114.0,original
831958.0,22.0,2024-01-31 09:00:00,OPMC_LIFT,1167480000.0,222.0,223.0,225.0,188.0,196.0,198.0,49.96,0.8541,2024-01-31 09:00:11.000,2024-01-31 09:00:11.000,2024-01-31 09:00:11.000,662411514.0,4645178.0,1346725592.0,222.0,original,223.0,original,225.0,original,188.0,original,196.0,original,198.0,original,49.96,original,0.8541,original,662411514.0,original,4645178.0,original,1346725592.0,original,1167480000.0,original,-113.0,original
832035.0,22.0,2024-01-31 09:30:00,OPMC_LIFT,1168170000.0,220.0,221.0,223.0,284.0,301.0,301.0,49.94,0.8394999999999999,2024-01-31 09:30:09.000,2024-01-31 09:30:09.000,2024-01-31 09:30:09.000,662837328.0,4645178.0,1347542056.0,220.0,original,221.0,original,223.0,original,284.0,original,301.0,original,301.0,original,49.94,original,0.8394999999999999,original,662837328.0,original,4645178.0,original,1347542056.0,original,1168170000.0,original,-109.0,original
832111.0,22.0,2024-01-31 10:00:00,OPMC_LIFT,1168830000.0,222.0,224.0,225.0,230.0,244.0,246.0,50.05,0.7905,2024-01-31 10:00:12.000,2024-01-31 10:00:12.000,2024-01-31 10:00:12.000,663254054.0,4645178.0,1348322942.0,222.0,original,224.0,original,225.0,original,230.0,original,244.0,original,246.0,original,50.05,original,0.7905,original,663254054.0,original,4645178.0,original,1348322942.0,original,1168830000.0,original,-121.0,original
832196.0,22.0,2024-01-31 10:30:00,OPMC_LIFT,1169660000.0,223.0,224.0,226.0,126.0,131.0,134.0,49.99,0.8046,2024-01-31 10:36:50.000,2024-01-31 10:36:50.000,2024-01-31 10:36:50.000,663781670.0,4645178.0,1349304974.0,223.0,original,224.0,original,226.0,original,126.0,original,131.0,original,134.0,original,49.99,original,0.8046,original,663781670.0,original,4645178.0,original,1349304974.0,original,1169660000.0,original,-110.0,original
832293.0,22.0,2024-01-31 11:00:00,OPMC_LIFT,1170370000.0,222.0,223.0,225.0,194.0,202.0,203.0,50.01,0.8602,2024-01-31 11:10:09.000,2024-01-31 11:10:09.000,2024-01-31 11:10:09.000,664235088.0,4645178.0,1350153003.0,222.0,original,223.0,original,225.0,original,194.0,original,202.0,original,203.0,original,50.01,original,0.8602,original,664235088.0,original,4645178.0,original,1350153003.0,original,1170370000.0,original,-114.0,original
832293.0,,2024-01-31 11:30:00,OPMC_LIFT,1170910000.0,223.5,224.5,226.0,195.0,203.5,204.5,50.05,0.85795,,,,664576297.5,4645178.0,1350793649.5,223.5,interpolated,224.5,interpolated,226.0,interpolated,195.0,interpolated,203.5,interpolated,204.5,interpolated,50.05,interpolated,0.85795,interpolated,664576297.5,interpolated,4645178.0,interpolated,1350793649.5,interpolated,1170910000.0,interpolated,-112.5,interpolated
832412.0,22.0,2024-01-31 12:00:00,OPMC_LIFT,1171450000.0,225.0,226.0,227.0,196.0,205.0,206.0,50.09,0.8556999999999999,2024-01-31 12:00:10.000,2024-01-31 12:00:10.000,2024-01-31 12:00:10.000,664917507.0,4645178.0,1351434296.0,225.0,original,226.0,original,227.0,original,196.0,original,205.0,original,206.0,original,50.09,original,0.8556999999999999,original,664917507.0,original,4645178.0,original,1351434296.0,original,1171450000.0,original,-111.0,original
832489.0,22.0,2024-01-31 12:30:00,OPMC_LIFT,1172130000.0,225.0,226.0,228.0,196.0,202.0,205.0,49.98,0.8650999999999999,2024-01-31 12:30:12.000,2024-01-31 12:30:12.000,2024-01-31 12:30:12.000,665360278.0,4645178.0,1352242110.0,225.0,original,226.0,original,228.0,original,196.0,original,202.0,original,205.0,original,49.98,original,0.8650999999999999,original,665360278.0,original,4645178.0,original,1352242110.0,original,1172130000.0,original,-112.0,original
832562.0,22.0,2024-01-31 13:00:00,OPMC_LIFT,1172830000.0,220.0,223.0,224.0,365.0,386.0,380.0,50.05,0.8695999999999999,2024-01-31 13:00:09.000,2024-01-31 13:00:09.000,2024-01-31 13:00:09.000,665806294.0,4645178.0,1353072664.0,220.0,original,223.0,original,224.0,original,365.0,original,386.0,original,380.0,original,50.05,original,0.8695999999999999,original,665806294.0,original,4645178.0,original,1353072664.0,original,1172830000.0,original,-109.0,original
832644.0,22.0,2024-01-31 13:30:00,OPMC_LIFT,1173510000.0,223.0,224.0,225.0,202.0,209.0,211.0,50.03,0.8717999999999999,2024-01-31 13:30:13.000,2024-01-31 13:30:13.000,2024-01-31 13:30:13.000,666216070.0,4645178.0,1353866139.0,223.0,original,224.0,original,225.0,original,202.0,original,209.0,original,211.0,original,50.03,original,0.8717999999999999,original,666216070.0,original,4645178.0,original,1353866139.0,original,1173510000.0,original,-111.0,original
832774.0,22.0,2024-01-31 14:00:00,OPMC_LIFT,1174670000.0,220.0,222.0,224.0,370.0,390.0,388.0,50.02,0.8694,2024-01-31 14:20:09.000,2024-01-31 14:20:09.000,2024-01-31 14:20:09.000,666943443.0,4645178.0,1355238881.0,220.0,original,222.0,original,224.0,original,370.0,original,390.0,original,388.0,original,50.02,original,0.8694,original,666943443.0,original,4645178.0,original,1355238881.0,original,1174670000.0,original,-121.0,original
832774.0,,2024-01-31 14:30:00,OPMC_LIFT,1175220000.0,222.0,223.5,225.5,283.0,296.5,296.5,49.975,0.86205,,,,667291835.0,4645178.0,1355892695.5,222.0,interpolated,223.5,interpolated,225.5,interpolated,283.0,interpolated,296.5,interpolated,296.5,interpolated,49.975,interpolated,0.86205,interpolated,667291835.0,interpolated,4645178.0,interpolated,1355892695.5,interpolated,1175220000.0,interpolated,-117.0,interpolated
832917.0,22.0,2024-01-31 15:00:00,OPMC_LIFT,1175770000.0,224.0,225.0,227.0,196.0,203.0,205.0,49.93,0.8546999999999999,2024-01-31 15:10:11.000,2024-01-31 15:10:11.000,2024-01-31 15:10:11.000,667640227.0,4645178.0,1356546510.0,224.0,original,225.0,original,227.0,original,196.0,original,203.0,original,205.0,original,49.93,original,0.8546999999999999,original,667640227.0,original,4645178.0,original,1356546510.0,original,1175770000.0,original,-113.0,original
832975.0,22.0,2024-01-31 15:30:00,OPMC_LIFT,1176180000.0,224.0,225.0,227.0,201.0,206.0,209.0,49.95,0.8687999999999999,2024-01-31 15:30:08.000,2024-01-31 15:30:08.000,2024-01-31 15:30:08.000,667896010.0,4645178.0,1357027083.0,224.0,original,225.0,original,227.0,original,201.0,original,206.0,original,209.0,original,49.95,original,0.8687999999999999,original,667896010.0,original,4645178.0,original,1357027083.0,original,1176180000.0,original,-109.0,original
833080.0,22.0,2024-01-31 16:00:00,OPMC_LIFT,1176470000.0,228.0,228.0,230.0,3.0,0.0,4.0,49.96,0.4696999999999999,2024-01-31 16:10:12.000,2024-01-31 16:10:12.000,2024-01-31 16:10:12.000,668077725.0,4645206.0,1357367345.0,228.0,original,228.0,original,230.0,original,3.0,original,0.0,gap_too_large,4.0,original,49.96,original,0.4696999999999999,original,668077725.0,original,4645206.0,original,1357367345.0,original,1176470000.0,original,-121.0,original
833166.0,22.0,2024-01-31 16:30:00,OPMC_LIFT,1176470000.0,229.0,230.0,231.0,4.0,0.0,4.0,50.02,0.8678999999999999,2024-01-31 16:40:12.000,2024-01-31 16:40:12.000,2024-01-31 16:40:12.000,668080285.0,4646083.0,1357374456.0,229.0,original,230.0,original,231.0,original,4.0,original,0.0,gap_too_large,4.0,original,50.02,original,0.8678999999999999,original,668080285.0,original,4646083.0,original,1357374456.0,original,1176470000.0,original,-114.0,original
833166.0,,2024-01-31 17:00:00,OPMC_LIFT,1176475000.0,229.5,230.5,231.5,4.0,0.0,4.0,50.0,0.86835,,,,668082529.5,4647083.0,1357381534.5,229.5,interpolated,230.5,interpolated,231.5,interpolated,4.0,interpolated,0.0,gap_too_large,4.0,interpolated,50.0,interpolated,0.86835,interpolated,668082529.5,interpolated,4647083.0,interpolated,1357381534.5,interpolated,1176475000.0,interpolated,-118.5,interpolated
833313.0,22.0,2024-01-31 17:30:00,OPMC_LIFT,1176480000.0,230.0,231.0,232.0,4.0,0.0,4.0,49.98,0.8687999999999999,2024-01-31 17:30:11.000,2024-01-31 17:30:11.000,2024-01-31 17:30:11.000,668084774.0,4648083.0,1357388613.0,230.0,original,231.0,original,232.0,original,4.0,original,0.0,gap_too_large,4.0,original,49.98,original,0.8687999999999999,original,668084774.0,original,4648083.0,original,1357388613.0,original,1176480000.0,original,-123.0,original
833387.0,22.0,2024-01-31 18:00:00,OPMC_LIFT,1176490000.0,230.0,230.0,232.0,4.0,0.0,4.0,50.06,0.8683,2024-01-31 18:00:10.000,2024-01-31 18:00:10.000,2024-01-31 18:00:10.000,668087478.0,4649283.0,1357397137.0,230.0,original,230.0,original,232.0,original,4.0,original,0.0,gap_too_large,4.0,original,50.06,original,0.8683,original,668087478.0,original,4649283.0,original,1357397137.0,original,1176490000.0,original,-123.0,original
833509.0,22.0,2024-01-31 18:30:00,OPMC_LIFT,1176500000.0,230.0,231.0,232.0,4.0,0.0,4.0,50.02,0.8692,2024-01-31 18:40:28.000,2024-01-31 18:40:28.000,2024-01-31 18:40:28.000,668091152.0,4650896.0,1357408670.0,230.0,original,231.0,original,232.0,original,4.0,original,0.0,gap_too_large,4.0,original,50.02,original,0.8692,original,668091152.0,original,4650896.0,original,1357408670.0,original,1176500000.0,original,-110.0,original
833557.0,22.0,2024-01-31 19:00:00,OPMC_LIFT,1176510000.0,228.0,228.0,230.0,4.0,0.0,4.0,49.98,0.8663,2024-01-31 19:00:12.000,2024-01-31 19:00:12.000,2024-01-31 19:00:12.000,668092922.0,4651686.0,1357414251.0,228.0,original,228.0,original,230.0,original,4.0,original,0.0,gap_too_large,4.0,original,49.98,original,0.8663,original,668092922.0,original,4651686.0,original,1357414251.0,original,1176510000.0,original,-110.0,original
833666.0,22.0,2024-01-31 19:30:00,OPMC_LIFT,1176520000.0,228.0,228.0,229.0,4.0,0.0,4.0,50.01,0.8677999999999999,2024-01-31 19:40:12.000,2024-01-31 19:40:12.000,2024-01-31 19:40:12.000,668096461.0,4653283.0,1357425454.0,228.0,original,228.0,original,229.0,original,4.0,original,0.0,gap_too_large,4.0,original,50.01,original,0.8677999999999999,original,668096461.0,original,4653283.0,original,1357425454.0,original,1176520000.0,original,-111.0,original
833666.0,,2024-01-31 20:00:00,OPMC_LIFT,1176525000.0,228.0,228.0,229.5,4.0,0.0,4.0,50.004999999999995,0.8686999999999999,,,,668098673.5,4654283.0,1357432459.0,228.0,interpolated,228.0,interpolated,229.5,interpolated,4.0,interpolated,0.0,gap_too_large,4.0,interpolated,50.004999999999995,interpolated,0.8686999999999999,interpolated,668098673.5,interpolated,4654283.0,interpolated,1357432459.0,interpolated,1176525000.0,interpolated,-116.0,interpolated
833793.0,22.0,2024-01-31 20:30:00,OPMC_LIFT,1176530000.0,228.0,228.0,230.0,4.0,0.0,4.0,50.0,0.8695999999999999,2024-01-31 20:30:08.000,2024-01-31 20:30:08.000,2024-01-31 20:30:08.000,668100886.0,4655283.0,1357439464.0,228.0,original,228.0,original,230.0,original,4.0,original,0.0,gap_too_large,4.0,original,50.0,original,0.8695999999999999,original,668100886.0,original,4655283.0,original,1357439464.0,original,1176530000.0,original,-121.0,original
833879.0,22.0,2024-01-31 21:00:00,OPMC_LIFT,1176540000.0,229.0,229.0,231.0,4.0,0.0,4.0,50.120000000000005,0.8698999999999999,2024-01-31 21:00:09.000,2024-01-31 21:00:09.000,2024-01-31 21:00:09.000,668103552.0,4656486.0,1357447893.0,229.0,original,229.0,original,231.0,original,4.0,original,0.0,gap_too_large,4.0,original,50.120000000000005,original,0.8698999999999999,original,668103552.0,original,4656486.0,original,1357447893.0,original,1176540000.0,original,-112.0,original
834007.0,22.0,2024-01-31 21:30:00,OPMC_LIFT,1176550000.0,230.0,230.0,232.0,4.0,0.0,4.0,50.07,0.8657999999999999,2024-01-31 21:50:08.000,2024-01-31 21:50:08.000,2024-01-31 21:50:08.000,668108058.0,4658493.0,1357462101.0,230.0,original,230.0,original,232.0,original,4.0,original,0.0,gap_too_large,4.0,original,50.07,original,0.8657999999999999,original,668108058.0,original,4658493.0,original,1357462101.0,original,1176550000.0,original,-111.0,original
834034.0,22.0,2024-01-31 22:00:00,OPMC_LIFT,1176550000.0,229.0,229.0,231.0,4.0,0.0,4.0,49.95,0.8660999999999999,2024-01-31 22:00:10.000,2024-01-31 22:00:10.000,2024-01-31 22:00:10.000,668108960.0,4658896.0,1357464949.0,229.0,original,229.0,original,231.0,original,4.0,original,0.0,gap_too_large,4.0,original,49.95,original,0.8660999999999999,original,668108960.0,original,4658896.0,original,1357464949.0,original,1176550000.0,original,-121.0,original
834158.0,22.0,2024-01-31 22:30:00,OPMC_LIFT,1176560000.0,229.0,230.0,232.0,4.0,0.0,4.0,50.04,0.8647999999999999,2024-01-31 22:40:14.000,2024-01-31 22:40:14.000,2024-01-31 22:40:14.000,668112563.0,4660496.0,1357476321.0,229.0,original,230.0,original,232.0,original,4.0,original,0.0,gap_too_large,4.0,original,50.04,original,0.8647999999999999,original,668112563.0,original,4660496.0,original,1357476321.0,original,1176560000.0,original,-111.0,original
834241.0,22.0,2024-01-31 23:00:00,OPMC_LIFT,1176570000.0,230.0,230.0,232.0,4.0,0.0,4.0,49.93,0.8673,2024-01-31 23:10:09.000,2024-01-31 23:10:09.000,2024-01-31 23:10:09.000,668115293.0,4661699.0,1357484901.0,230.0,original,230.0,original,232.0,original,4.0,original,0.0,gap_too_large,4.0,original,49.93,original,0.8673,original,668115293.0,original,4661699.0,original,1357484901.0,original,1176570000.0,original,-114.0,original
834361.0,22.0,2024-01-31 23:30:00,OPMC_LIFT,1176580000.0,231.0,231.0,233.0,4.0,0.0,4.0,50.02,0.8668999999999999,2024-01-31 23:50:12.000,2024-01-31 23:50:12.000,2024-01-31 23:50:12.000,668118934.0,4663302.0,1357496366.0,231.0,original,231.0,original,233.0,original,4.0,original,0.0,gap_too_large,4.0,original,50.02,original,0.8668999999999999,original,668118934.0,original,4663302.0,original,1357496366.0,original,1176580000.0,original,-121.0,original
834413.0,22.0,2024-02-01 00:00:00,OPMC_LIFT,1176580000.0,228.0,229.0,231.0,4.0,0.0,4.0,49.95,0.8682,2024-02-01 00:10:08.000,2024-02-01 00:10:08.000,2024-02-01 00:10:08.000,668120736.0,4664106.0,1357502049.0,228.0,original,229.0,original,231.0,original,4.0,original,0.0,gap_too_large,4.0,original,49.95,original,0.8682,original,668120736.0,original,4664106.0,original,1357502049.0,original,1176580000.0,original,-110.0,original
834484.0,22.0,2024-02-01 00:30:00,OPMC_LIFT,1176590000.0,229.0,229.0,231.0,4.0,0.0,4.0,50.02,0.8707999999999999,2024-02-01 00:40:08.000,2024-02-01 00:40:08.000,2024-02-01 00:40:08.000,668123430.0,4665306.0,1357510549.0,229.0,original,229.0,original,231.0,original,4.0,original,0.0,gap_too_large,4.0,original,50.02,original,0.8707999999999999,original,668123430.0,original,4665306.0,original,1357510549.0,original,1176590000.0,original,-110.0,original
834590.0,22.0,2024-02-01 01:00:00,OPMC_LIFT,1176600000.0,229.0,229.0,231.0,4.0,0.0,4.0,50.0,0.8678999999999999,2024-02-01 01:11:05.000,2024-02-01 01:11:05.000,2024-02-01 01:11:05.000,668126118.0,4666506.0,1357519048.0,229.0,original,229.0,original,231.0,original,4.0,original,0.0,gap_too_large,4.0,original,50.0,original,0.8678999999999999,original,668126118.0,original,4666506.0,original,1357519048.0,original,1176600000.0,original,-119.0,original
834673.0,22.0,2024-02-01 01:30:00,OPMC_LIFT,1176600000.0,229.0,230.0,232.0,4.0,0.0,4.0,50.03,0.8662,2024-02-01 01:40:11.000,2024-02-01 01:40:11.000,2024-02-01 01:40:11.000,668128816.0,4667706.0,1357527563.0,229.0,original,230.0,original,232.0,original,4.0,original,0.0,gap_too_large,4.0,original,50.03,original,0.8662,original,668128816.0,original,4667706.0,original,1357527563.0,original,1176600000.0,original,-114.0,original
834760.0,22.0,2024-02-01 02:00:00,OPMC_LIFT,1176610000.0,230.0,230.0,232.0,4.0,0.0,4.0,49.96,0.8676999999999999,2024-02-01 02:00:13.000,2024-02-01 02:00:13.000,2024-02-01 02:00:13.000,668130624.0,4668509.0,1357533269.0,230.0,original,230.0,original,232.0,original,4.0,original,0.0,gap_too_large,4.0,original,49.96,original,0.8676999999999999,original,668130624.0,original,4668509.0,original,1357533269.0,original,1176610000.0,original,-121.0,original
834854.0,22.0,2024-02-01 02:30:00,OPMC_LIFT,1176620000.0,230.0,231.0,233.0,4.0,0.0,4.0,50.05,0.8660999999999999,2024-02-01 02:30:10.000,2024-02-01 02:30:10.000,2024-02-01 02:30:10.000,668133350.0,4669709.0,1357541851.0,230.0,original,231.0,original,233.0,original,4.0,original,0.0,gap_too_large,4.0,original,50.05,original,0.8660999999999999,original,668133350.0,original,4669709.0,original,1357541851.0,original,1176620000.0,original,-112.0,original
834944.0,22.0,2024-02-01 03:00:00,OPMC_LIFT,1176620000.0,229.0,229.0,231.0,4.0,0.0,4.0,50.03,0.8682,2024-02-01 03:00:14.000,2024-02-01 03:00:14.000,2024-02-01 03:00:14.000,668136077.0,4670912.0,1357550443.0,229.0,original,229.0,original,231.0,original,4.0,original,0.0,gap_too_large,4.0,original,50.03,original,0.8682,original,668136077.0,original,4670912.0,original,1357550443.0,original,1176620000.0,original,-111.0,original
834944.0,,2024-02-01 03:30:00,OPMC_LIFT,1176630000.0,229.0,229.0,231.0,4.0,0.0,4.0,49.99,0.8674,,,,668138763.5,4672112.0,1357558929.5,229.0,interpolated,229.0,interpolated,231.0,interpolated,4.0,interpolated,0.0,gap_too_large,4.0,interpolated,49.99,interpolated,0.8674,interpolated,668138763.5,interpolated,4672112.0,interpolated,1357558929.5,interpolated,1176630000.0,interpolated,-117.0,interpolated
835106.0,22.0,2024-02-01 04:00:00,OPMC_LIFT,1176640000.0,229.0,229.0,231.0,4.0,0.0,4.0,49.95,0.8665999999999999,2024-02-01 04:00:10.000,2024-02-01 04:00:10.000,2024-02-01 04:00:10.000,668141450.0,4673312.0,1357567416.0,229.0,original,229.0,original,231.0,original,4.0,original,0.0,gap_too_large,4.0,original,49.95,original,0.8665999999999999,original,668141450.0,original,4673312.0,original,1357567416.0,original,1176640000.0,original,-123.0,original
835198.0,22.0,2024-02-01 04:30:00,OPMC_LIFT,1176650000.0,228.0,228.0,230.0,4.0,0.0,4.0,49.95,0.8678999999999999,2024-02-01 04:30:12.000,2024-02-01 04:30:12.000,2024-02-01 04:30:12.000,668144131.0,4674515.0,1357575899.0,228.0,original,228.0,original,230.0,original,4.0,original,0.0,gap_too_large,4.0,original,49.95,original,0.8678999999999999,original,668144131.0,original,4674515.0,original,1357575899.0,original,1176650000.0,original,-121.0,original
835290.0,22.0,2024-02-01 05:00:00,OPMC_LIFT,1176650000.0,227.0,228.0,230.0,4.0,0.0,4.0,49.95,0.8678999999999999,2024-02-01 05:00:10.000,2024-02-01 05:00:10.000,2024-02-01 05:00:10.000,668146794.0,4675712.0,1357584331.0,227.0,original,228.0,original,230.0,original,4.0,original,0.0,gap_too_large,4.0,original,49.95,original,0.8678999999999999,original,668146794.0,original,4675712.0,original,1357584331.0,original,1176650000.0,original,-108.0,original
835290.0,,2024-02-01 05:30:00,OPMC_LIFT,1176660000.0,226.0,227.0,228.5,4.0,0.0,4.0,49.98,0.8673,,,,668149403.5,4676910.5,1357592635.0,226.0,interpolated,227.0,interpolated,228.5,interpolated,4.0,interpolated,0.0,gap_too_large,4.0,interpolated,49.98,interpolated,0.8673,interpolated,668149403.5,interpolated,4676910.5,interpolated,1357592635.0,interpolated,1176660000.0,interpolated,-114.0,interpolated
835464.0,22.0,2024-02-01 06:00:00,OPMC_LIFT,1176670000.0,225.0,226.0,227.0,4.0,0.0,4.0,50.01,0.8666999999999999,2024-02-01 06:00:10.000,2024-02-01 06:00:10.000,2024-02-01 06:00:10.000,668152013.0,4678109.0,1357600939.0,225.0,original,226.0,original,227.0,original,4.0,original,0.0,gap_too_large,4.0,original,50.01,original,0.8666999999999999,original,668152013.0,original,4678109.0,original,1357600939.0,original,1176670000.0,original,-120.0,original
835557.0,22.0,2024-02-01 06:30:00,OPMC_LIFT,1176680000.0,227.0,227.0,229.0,4.0,0.0,4.0,50.05,0.8692,2024-02-01 06:30:13.000,2024-02-01 06:30:13.000,2024-02-01 06:30:13.000,668154627.0,4679309.0,1357609253.0,227.0,original,227.0,original,229.0,original,4.0,original,0.0,gap_too_large,4.0,original,50.05,original,0.8692,original,668154627.0,original,4679309.0,original,1357609253.0,original,1176680000.0,original,-113.0,original
835673.0,22.0,2024-02-01 07:00:00,OPMC_LIFT,1176690000.0,225.0,225.0,227.0,4.0,0.0,3.0,49.96,0.8699999999999999,2024-02-01 07:10:06.000,2024-02-01 07:10:06.000,2024-02-01 07:10:06.000,668158102.0,4680909.0,1357620312.0,225.0,original,225.0,original,227.0,original,4.0,original,0.0,gap_too_large,3.0,original,49.96,original,0.8699999999999999,original,668158102.0,original,4680909.0,original,1357620312.0,original,1176690000.0,original,-120.0,original
835760.0,22.0,2024-02-01 07:30:00,OPMC_LIFT,1176690000.0,225.0,225.0,227.0,4.0,0.0,4.0,50.02,0.8699999999999999,2024-02-01 07:40:07.000,2024-02-01 07:40:07.000,2024-02-01 07:40:07.000,668160691.0,4682106.0,1357628545.0,225.0,original,225.0,original,227.0,original,4.0,original,0.0,gap_too_large,4.0,original,50.02,original,0.8699999999999999,original,668160691.0,original,4682106.0,original,1357628545.0,original,1176690000.0,original,-113.0,original
835819.0,22.0,2024-02-01 08:00:00,OPMC_LIFT,1176700000.0,226.0,227.0,228.0,4.0,0.0,4.0,49.96,0.8675999999999999,2024-02-01 08:00:08.000,2024-02-01 08:00:08.000,2024-02-01 08:00:08.000,668162410.0,4682902.0,1357634011.0,226.0,original,227.0,original,228.0,original,4.0,original,0.0,gap_too_large,4.0,original,49.96,original,0.8675999999999999,original,668162410.0,original,4682902.0,original,1357634011.0,original,1176700000.0,original,-123.0,original
835906.0,22.0,2024-02-01 08:30:00,OPMC_LIFT,1176700000.0,227.0,227.0,229.0,4.0,0.0,4.0,50.02,0.8669999999999999,2024-02-01 08:30:07.000,2024-02-01 08:30:07.000,2024-02-01 08:30:07.000,668165005.0,4684099.0,1357642257.0,227.0,original,227.0,original,229.0,original,4.0,original,0.0,gap_too_large,4.0,original,50.02,original,0.8669999999999999,original,668165005.0,original,4684099.0,original,1357642257.0,original,1176700000.0,original,-107.0,original
835989.0,22.0,2024-02-01 09:00:00,OPMC_LIFT,1176910000.0,219.0,221.0,223.0,381.0,404.0,404.0,49.98,0.8744999999999999,2024-02-01 09:00:13.000,2024-02-01 09:00:13.000,2024-02-01 09:00:13.000,668296694.0,4684906.0,1357887467.0,219.0,original,221.0,original,223.0,original,381.0,original,404.0,original,404.0,original,49.98,original,0.8744999999999999,original,668296694.0,original,4684906.0,original,1357887467.0,original,1176910000.0,original,-109.0,original
836102.0,22.0,2024-02-01 09:30:00,OPMC_LIFT,1178340000.0,220.0,223.0,224.0,348.0,369.0,369.0,50.01,0.8695999999999999,2024-02-01 09:40:13.000,2024-02-01 09:40:13.000,2024-02-01 09:40:13.000,669097549.0,4684906.0,1359533006.0,220.0,original,223.0,original,224.0,original,348.0,original,369.0,original,369.0,original,50.01,original,0.8695999999999999,original,669097549.0,original,4684906.0,original,1359533006.0,original,1178340000.0,original,-121.0,original
836205.0,22.0,2024-02-01 10:00:00,OPMC_LIFT,1179750000.0,219.0,221.0,222.0,346.0,366.0,367.0,49.96,0.8722,2024-02-01 10:20:06.000,2024-02-01 10:20:06.000,2024-02-01 10:20:06.000,669886115.0,4684906.0,1361144897.0,219.0,original,221.0,original,222.0,original,346.0,original,366.0,original,367.0,original,49.96,original,0.8722,original,669886115.0,original,4684906.0,original,1361144897.0,original,1179750000.0,original,-121.0,original
836236.0,22.0,2024-02-01 10:30:00,OPMC_LIFT,1180100000.0,218.0,221.0,222.0,348.0,370.0,369.0,49.96,0.8725999999999999,2024-02-01 10:30:09.000,2024-02-01 10:30:09.000,2024-02-01 10:30:09.000,670082112.0,4684906.0,1361548078.0,218.0,original,221.0,original,222.0,original,348.0,original,370.0,original,369.0,original,49.96,original,0.8725999999999999,original,670082112.0,original,4684906.0,original,1361548078.0,original,1180100000.0,original,-103.0,original
836313.0,22.0,2024-02-01 11:00:00,OPMC_LIFT,1181160000.0,219.0,221.0,222.0,348.0,369.0,370.0,50.02,0.8732,2024-02-01 11:00:11.000,2024-02-01 11:00:11.000,2024-02-01 11:00:11.000,670668205.0,4684906.0,1362754472.0,219.0,original,221.0,original,222.0,original,348.0,original,369.0,original,370.0,original,50.02,original,0.8732,original,670668205.0,original,4684906.0,original,1362754472.0,original,1181160000.0,original,-109.0,original
836397.0,22.0,2024-02-01 11:30:00,OPMC_LIFT,1182220000.0,218.0,220.0,222.0,359.0,380.0,381.0,49.97,0.8750999999999999,2024-02-01 11:30:06.000,2024-02-01 11:30:06.000,2024-02-01 11:30:06.000,671257037.0,4684906.0,1363969592.0,218.0,original,220.0,original,222.0,original,359.0,original,380.0,original,381.0,original,49.97,original,0.8750999999999999,original,671257037.0,original,4684906.0,original,1363969592.0,original,1182220000.0,original,-109.0,original
836476.0,22.0,2024-02-01 12:00:00,OPMC_LIFT,1183290000.0,221.0,223.0,225.0,347.0,369.0,371.0,49.95,0.8677999999999999,2024-02-01 12:00:08.000,2024-02-01 12:00:08.000,2024-02-01 12:00:08.000,671856294.0,4684906.0,1365201099.0,221.0,original,223.0,original,225.0,original,347.0,original,369.0,original,371.0,original,49.95,original,0.8677999999999999,original,671856294.0,original,4684906.0,original,1365201099.0,original,1183290000.0,original,-104.0,original
836586.0,22.0,2024-02-01 12:30:00,OPMC_LIFT,1184730000.0,221.0,223.0,225.0,358.0,380.0,382.0,50.03,0.8710999999999999,2024-02-01 12:40:07.000,2024-02-01 12:40:07.000,2024-02-01 12:40:07.000,672671405.0,4684906.0,1366854133.0,221.0,original,223.0,original,225.0,original,358.0,original,380.0,original,382.0,original,50.03,original,0.8710999999999999,original,672671405.0,original,4684906.0,original,1366854133.0,original,1184730000.0,original,-114.0,original
836646.0,22.0,2024-02-01 13:00:00,OPMC_LIFT,1185450000.0,220.0,222.0,224.0,349.0,370.0,372.0,49.96,0.8700999999999999,2024-02-01 13:00:11.000,2024-02-01 13:00:11.000,2024-02-01 13:00:11.000,673075642.0,4684906.0,1367677803.0,220.0,original,222.0,original,224.0,original,349.0,original,370.0,original,372.0,original,49.96,original,0.8700999999999999,original,673075642.0,original,4684906.0,original,1367677803.0,original,1185450000.0,original,-121.0,original
836722.0,22.0,2024-02-01 13:30:00,OPMC_LIFT,1186520000.0,220.0,222.0,224.0,347.0,368.0,369.0,49.96,0.8699999999999999,2024-02-01 13:30:14.000,2024-02-01 13:30:14.000,2024-02-01 13:30:14.000,673673530.0,4684906.0,1368906190.0,220.0,original,222.0,original,224.0,original,347.0,original,368.0,original,369.0,original,49.96,original,0.8699999999999999,original,673673530.0,original,4684906.0,original,1368906190.0,original,1186520000.0,original,-112.0,original
836842.0,22.0,2024-02-01 14:00:00,OPMC_LIFT,1188270000.0,221.0,223.0,225.0,350.0,370.0,371.0,49.98,0.8677999999999999,2024-02-01 14:20:08.000,2024-02-01 14:20:08.000,2024-02-01 14:20:08.000,674670259.0,4684906.0,1370921733.0,221.0,original,223.0,original,225.0,original,350.0,original,370.0,original,371.0,original,49.98,original,0.8677999999999999,original,674670259.0,original,4684906.0,original,1370921733.0,original,1188270000.0,original,-102.0,original
836912.0,22.0,2024-02-01 14:30:00,OPMC_LIFT,1188980000.0,222.0,224.0,225.0,340.0,361.0,363.0,50.0,0.8650999999999999,2024-02-01 14:40:07.000,2024-02-01 14:40:07.000,2024-02-01 14:40:07.000,675074246.0,4684906.0,1371737179.0,222.0,original,224.0,original,225.0,original,340.0,original,361.0,original,363.0,original,50.0,original,0.8650999999999999,original,675074246.0,original,4684906.0,original,1371737179.0,original,1188980000.0,original,-112.0,original
836988.0,22.0,2024-02-01 15:00:00,OPMC_LIFT,1190010000.0,223.0,225.0,227.0,354.0,372.0,374.0,50.04,0.8675999999999999,2024-02-01 15:10:11.000,2024-02-01 15:10:11.000,2024-02-01 15:10:11.000,675674531.0,4684906.0,1372932485.0,223.0,original,225.0,original,227.0,original,354.0,original,372.0,original,374.0,original,50.04,original,0.8675999999999999,original,675674531.0,original,4684906.0,original,1372932485.0,original,1190010000.0,original,-114.0,original
836988.0,,2024-02-01 15:30:00,OPMC_LIFT,1190625000.0,226.0,227.0,229.0,178.5,0.0,188.5,50.004999999999995,0.6680499999999999,,,,676034633.5,4685294.5,1373645475.0,226.0,interpolated,227.0,interpolated,229.0,interpolated,178.5,interpolated,0.0,gap_too_large,188.5,interpolated,50.004999999999995,interpolated,0.6680499999999999,interpolated,676034633.5,interpolated,4685294.5,interpolated,1373645475.0,interpolated,1190625000.0,interpolated,-112.5,interpolated
837139.0,22.0,2024-02-01 16:00:00,OPMC_LIFT,1191240000.0,229.0,229.0,231.0,3.0,0.0,3.0,49.97,0.4684999999999999,2024-02-01 16:10:13.000,2024-02-01 16:10:13.000,2024-02-01 16:10:13.000,676394736.0,4685683.0,1374358465.0,229.0,original,229.0,original,231.0,original,3.0,original,0.0,gap_too_large,3.0,original,49.97,original,0.4684999999999999,original,676394736.0,original,4685683.0,original,1374358465.0,original,1191240000.0,original,-111.0,original
837237.0,22.0,2024-02-01 16:30:00,OPMC_LIFT,1191250000.0,228.0,229.0,230.0,4.0,0.0,4.0,50.0,0.8674999999999999,2024-02-01 16:50:07.000,2024-02-01 16:50:07.000,2024-02-01 16:50:07.000,676398947.0,4687901.0,1374372248.0,228.0,original,229.0,original,230.0,original,4.0,original,0.0,gap_too_large,4.0,original,50.0,original,0.8674999999999999,original,676398947.0,original,4687901.0,original,1374372248.0,original,1191250000.0,original,-105.0,original
837263.0,22.0,2024-02-01 17:00:00,OPMC_LIFT,1191260000.0,229.0,229.0,231.0,4.0,0.0,4.0,50.01,0.8649999999999999,2024-02-01 17:00:06.000,2024-02-01 17:00:06.000,2024-02-01 17:00:06.000,676399843.0,4688298.0,1374375067.0,229.0,original,229.0,original,231.0,original,4.0,original,0.0,gap_too_large,4.0,original,50.01,original,0.8649999999999999,original,676399843.0,original,4688298.0,original,1374375067.0,original,1191260000.0,original,-109.0,original
837353.0,22.0,2024-02-01 17:30:00,OPMC_LIFT,1191260000.0,228.0,228.0,230.0,4.0,0.0,4.0,49.96,0.8673,2024-02-01 17:30:10.000,2024-02-01 17:30:10.000,2024-02-01 17:30:10.000,676402538.0,4689488.0,1374383550.0,228.0,original,228.0,original,230.0,original,4.0,original,0.0,gap_too_large,4.0,original,49.96,original,0.8673,original,676402538.0,original,4689488.0,original,1374383550.0,original,1191260000.0,original,-111.0,original
837436.0,22.0,2024-02-01 18:00:00,OPMC_LIFT,1191270000.0,230.0,230.0,232.0,4.0,0.0,4.0,50.02,0.8667999999999999,2024-02-01 18:00:13.000,2024-02-01 18:00:13.000,2024-02-01 18:00:13.000,676405226.0,4690678.0,1374392017.0,230.0,original,230.0,original,232.0,original,4.0,original,0.0,gap_too_large,4.0,original,50.02,original,0.8667999999999999,original,676405226.0,original,4690678.0,original,1374392017.0,original,1191270000.0,original,-111.0,original
837511.0,22.0,2024-02-01 18:30:00,OPMC_LIFT,1191280000.0,228.0,229.0,230.0,4.0,0.0,4.0,49.99,0.8675999999999999,2024-02-01 18:30:11.000,2024-02-01 18:30:11.000,2024-02-01 18:30:11.000,676407939.0,4691872.0,1374400542.0,228.0,original,229.0,original,230.0,original,4.0,original,0.0,gap_too_large,4.0,original,49.99,original,0.8675999999999999,original,676407939.0,original,4691872.0,original,1374400542.0,original,1191280000.0,original,-113.0,original
837615.0,22.0,2024-02-01 19:00:00,OPMC_LIFT,1191290000.0,226.0,226.0,228.0,4.0,0.0,4.0,49.97,0.8677999999999999,2024-02-01 19:10:07.000,2024-02-01 19:10:07.000,2024-02-01 19:10:07.000,676411504.0,4693466.0,1374411787.0,226.0,original,226.0,original,228.0,original,4.0,original,0.0,gap_too_large,4.0,original,49.97,original,0.8677999999999999,original,676411504.0,original,4693466.0,original,1374411787.0,original,1191290000.0,original,-112.0,original
837665.0,22.0,2024-02-01 19:30:00,OPMC_LIFT,1191290000.0,226.0,227.0,228.0,4.0,0.0,4.0,50.01,0.8667999999999999,2024-02-01 19:30:07.000,2024-02-01 19:30:07.000,2024-02-01 19:30:07.000,676413238.0,4694259.0,1374417294.0,226.0,original,227.0,original,228.0,original,4.0,original,0.0,gap_too_large,4.0,original,50.01,original,0.8667999999999999,original,676413238.0,original,4694259.0,original,1374417294.0,original,1191290000.0,original,-105.0,original
837770.0,22.0,2024-02-01 20:00:00,OPMC_LIFT,1191300000.0,226.0,227.0,228.0,4.0,0.0,4.0,50.01,0.8669999999999999,2024-02-01 20:10:11.000,2024-02-01 20:10:11.000,2024-02-01 20:10:11.000,676416720.0,4695850.0,1374428344.0,226.0,original,227.0,original,228.0,original,4.0,original,0.0,gap_too_large,4.0,original,50.01,original,0.8669999999999999,original,676416720.0,original,4695850.0,original,1374428344.0,original,1191300000.0,original,-107.0,original
837878.0,22.0,2024-02-01 20:30:00,OPMC_LIFT,1191310000.0,226.0,227.0,228.0,4.0,0.0,4.0,49.98,0.8695999999999999,2024-02-01 20:50:14.000,2024-02-01 20:50:14.000,2024-02-01 20:50:14.000,676420208.0,4697443.0,1374439409.0,226.0,original,227.0,original,228.0,original,4.0,original,0.0,gap_too_large,4.0,original,49.98,original,0.8695999999999999,original,676420208.0,original,4697443.0,original,1374439409.0,original,1191310000.0,original,-103.0,original
837902.0,22.0,2024-02-01 21:00:00,OPMC_LIFT,1191310000.0,227.0,227.0,229.0,4.0,0.0,4.0,50.06,0.8666999999999999,2024-02-01 21:00:06.000,2024-02-01 21:00:06.000,2024-02-01 21:00:06.000,676421082.0,4697840.0,1374442181.0,227.0,original,227.0,original,229.0,original,4.0,original,0.0,gap_too_large,4.0,original,50.06,original,0.8666999999999999,original,676421082.0,original,4697840.0,original,1374442181.0,original,1191310000.0,original,-115.0,original
838036.0,22.0,2024-02-01 21:30:00,OPMC_LIFT,1191330000.0,226.0,227.0,228.0,4.0,0.0,4.0,49.97,0.8675999999999999,2024-02-01 21:50:09.000,2024-02-01 21:50:09.000,2024-02-01 21:50:09.000,676425446.0,4699837.0,1374456033.0,226.0,original,227.0,original,228.0,original,4.0,original,0.0,gap_too_large,4.0,original,49.97,original,0.8675999999999999,original,676425446.0,original,4699837.0,original,1374456033.0,original,1191330000.0,original,-109.0,original
838057.0,22.0,2024-02-01 22:00:00,OPMC_LIFT,1191330000.0,227.0,227.0,229.0,4.0,0.0,4.0,50.03,0.8660999999999999,2024-02-01 22:00:06.000,2024-02-01 22:00:06.000,2024-02-01 22:00:06.000,676426323.0,4700234.0,1374458811.0,227.0,original,227.0,original,229.0,original,4.0,original,0.0,gap_too_large,4.0,original,50.03,original,0.8660999999999999,original,676426323.0,original,4700234.0,original,1374458811.0,original,1191330000.0,original,-121.0,original
838136.0,22.0,2024-02-01 22:30:00,OPMC_LIFT,1191340000.0,227.0,227.0,229.0,4.0,0.0,4.0,49.96,0.8677999999999999,2024-02-01 22:30:05.000,2024-02-01 22:30:05.000,2024-02-01 22:30:05.000,676428957.0,4701430.0,1374467153.0,227.0,original,227.0,original,229.0,original,4.0,original,0.0,gap_too_large,4.0,original,49.96,original,0.8677999999999999,original,676428957.0,original,4701430.0,original,1374467153.0,original,1191340000.0,original,-111.0,original
838269.0,22.0,2024-02-01 23:00:00,OPMC_LIFT,1191350000.0,227.0,228.0,229.0,4.0,0.0,4.0,50.03,0.8674999999999999,2024-02-01 23:10:11.000,2024-02-01 23:10:11.000,2024-02-01 23:10:11.000,676432470.0,4703024.0,1374478280.0,227.0,original,228.0,original,229.0,original,4.0,original,0.0,gap_too_large,4.0,original,50.03,original,0.8674999999999999,original,676432470.0,original,4703024.0,original,1374478280.0,original,1191350000.0,original,-109.0,original
838321.0,22.0,2024-02-01 23:30:00,OPMC_LIFT,1191350000.0,227.0,227.0,229.0,4.0,0.0,4.0,49.97,0.8690999999999999,2024-02-01 23:30:06.000,2024-02-01 23:30:06.000,2024-02-01 23:30:06.000,676434230.0,4703821.0,1374483864.0,227.0,original,227.0,original,229.0,original,4.0,original,0.0,gap_too_large,4.0,original,49.97,original,0.8690999999999999,original,676434230.0,original,4703821.0,original,1374483864.0,original,1191350000.0,original,-113.0,original
838438.0,22.0,2024-02-02 00:00:00,OPMC_LIFT,1191360000.0,228.0,228.0,230.0,4.0,0.0,4.0,50.03,0.8662,2024-02-02 00:10:13.000,2024-02-02 00:10:13.000,2024-02-02 00:10:13.000,676437770.0,4705418.0,1374495061.0,228.0,original,228.0,original,230.0,original,4.0,original,0.0,gap_too_large,4.0,original,50.03,original,0.8662,original,676437770.0,original,4705418.0,original,1374495061.0,original,1191360000.0,original,-102.0,original
838493.0,22.0,2024-02-02 00:30:00,OPMC_LIFT,1191370000.0,228.0,229.0,230.0,4.0,0.0,4.0,49.99,0.8675999999999999,2024-02-02 00:30:10.000,2024-02-02 00:30:10.000,2024-02-02 00:30:10.000,676439552.0,4706214.0,1374500683.0,228.0,original,229.0,original,230.0,original,4.0,original,0.0,gap_too_large,4.0,original,49.99,original,0.8675999999999999,original,676439552.0,original,4706214.0,original,1374500683.0,original,1191370000.0,original,-108.0,original
838572.0,22.0,2024-02-02 01:00:00,OPMC_LIFT,1191370000.0,229.0,229.0,231.0,4.0,0.0,4.0,50.04,0.8674,2024-02-02 01:00:11.000,2024-02-02 01:00:11.000,2024-02-02 01:00:11.000,676442240.0,4707411.0,1374509160.0,229.0,original,229.0,original,231.0,original,4.0,original,0.0,gap_too_large,4.0,original,50.04,original,0.8674,original,676442240.0,original,4707411.0,original,1374509160.0,original,1191370000.0,original,-114.0,original
838656.0,22.0,2024-02-02 01:30:00,OPMC_LIFT,1191380000.0,229.0,229.0,231.0,4.0,0.0,4.0,50.0,0.8659999999999999,2024-02-02 01:30:15.000,2024-02-02 01:30:15.000,2024-02-02 01:30:15.000,676444938.0,4708608.0,1374517653.0,229.0,original,229.0,original,231.0,original,4.0,original,0.0,gap_too_large,4.0,original,50.0,original,0.8659999999999999,original,676444938.0,original,4708608.0,original,1374517653.0,original,1191380000.0,original,-118.0,original
838737.0,22.0,2024-02-02 02:00:00,OPMC_LIFT,1191390000.0,230.0,230.0,232.0,4.0,0.0,4.0,50.06,0.8669999999999999,2024-02-02 02:00:14.000,2024-02-02 02:00:14.000,2024-02-02 02:00:14.000,676447648.0,4709805.0,1374526181.0,230.0,original,230.0,original,232.0,original,4.0,original,0.0,gap_too_large,4.0,original,50.06,original,0.8669999999999999,original,676447648.0,original,4709805.0,original,1374526181.0,original,1191390000.0,original,-105.0,original
838810.0,22.0,2024-02-02 02:30:00,OPMC_LIFT,1191400000.0,230.0,230.0,232.0,4.0,0.0,4.0,50.04,0.8664999999999999,2024-02-02 02:30:07.000,2024-02-02 02:30:07.000,2024-02-02 02:30:07.000,676450374.0,4711002.0,1374534750.0,230.0,original,230.0,original,232.0,original,4.0,original,0.0,gap_too_large,4.0,original,50.04,original,0.8664999999999999,original,676450374.0,original,4711002.0,original,1374534750.0,original,1191400000.0,original,-108.0,original
838955.0,22.0,2024-02-02 03:00:00,OPMC_LIFT,1191410000.0,231.0,231.0,233.0,4.0,0.0,4.0,50.07,0.8710999999999999,2024-02-02 03:20:08.000,2024-02-02 03:20:08.000,2024-02-02 03:20:08.000,676454954.0,4713005.0,1374549115.0,231.0,original,231.0,original,233.0,original,4.0,original,0.0,gap_too_large,4.0,original,50.07,original,0.8710999999999999,original,676454954.0,original,4713005.0,original,1374549115.0,original,1191410000.0,original,-120.0,original
838982.0,22.0,2024-02-02 03:30:00,OPMC_LIFT,1191410000.0,231.0,231.0,233.0,4.0,0.0,4.0,50.0,0.8643,2024-02-02 03:30:08.000,2024-02-02 03:30:08.000,2024-02-02 03:30:08.000,676455875.0,4713405.0,1374552001.0,231.0,original,231.0,original,233.0,original,4.0,original,0.0,gap_too_large,4.0,original,50.0,original,0.8643,original,676455875.0,original,4713405.0,original,1374552001.0,original,1191410000.0,original,-103.0,original
839060.0,22.0,2024-02-02 04:00:00,OPMC_LIFT,1191420000.0,231.0,231.0,233.0,4.0,0.0,4.0,50.03,0.8678999999999999,2024-02-02 04:00:12.000,2024-02-02 04:00:12.000,2024-02-02 04:00:12.000,676458640.0,4714605.0,1374560661.0,231.0,original,231.0,original,233.0,original,4.0,original,0.0,gap_too_large,4.0,original,50.03,original,0.8678999999999999,original,676458640.0,original,4714605.0,original,1374560661.0,original,1191420000.0,original,-112.0,original
839147.0,22.0,2024-02-02 04:30:00,OPMC_LIFT,1191430000.0,230.0,231.0,232.0,4.0,0.0,4.0,49.97,0.8656999999999999,2024-02-02 04:30:12.000,2024-02-02 04:30:12.000,2024-02-02 04:30:12.000,676461392.0,4715808.0,1374569294.0,230.0,original,231.0,original,232.0,original,4.0,original,0.0,gap_too_large,4.0,original,49.97,original,0.8656999999999999,original,676461392.0,original,4715808.0,original,1374569294.0,original,1191430000.0,original,-108.0,original
839282.0,22.0,2024-02-02 05:00:00,OPMC_LIFT,1191440000.0,229.0,229.0,231.0,4.0,0.0,4.0,50.0,0.8664999999999999,2024-02-02 05:20:06.000,2024-02-02 05:20:06.000,2024-02-02 05:20:06.000,676465952.0,4717811.0,1374583601.0,229.0,original,229.0,original,231.0,original,4.0,original,0.0,gap_too_large,4.0,original,50.0,original,0.8664999999999999,original,676465952.0,original,4717811.0,original,1374583601.0,original,1191440000.0,original,-113.0,original
839282.0,,2024-02-02 05:30:00,OPMC_LIFT,1191445000.0,228.5,229.0,230.5,4.0,0.0,4.0,50.025,0.8673,,,,676467739.0,4718609.5,1374589236.5,228.5,interpolated,229.0,interpolated,230.5,interpolated,4.0,interpolated,0.0,gap_too_large,4.0,interpolated,50.025,interpolated,0.8673,interpolated,676467739.0,interpolated,4718609.5,interpolated,1374589236.5,interpolated,1191445000.0,interpolated,-106.5,interpolated
839394.0,22.0,2024-02-02 06:00:00,OPMC_LIFT,1191450000.0,228.0,229.0,230.0,4.0,0.0,4.0,50.05,0.8680999999999999,2024-02-02 06:00:08.000,2024-02-02 06:00:08.000,2024-02-02 06:00:08.000,676469526.0,4719408.0,1374594872.0,228.0,original,229.0,original,230.0,original,4.0,original,0.0,gap_too_large,4.0,original,50.05,original,0.8680999999999999,original,676469526.0,original,4719408.0,original,1374594872.0,original,1191450000.0,original,-100.0,original
839482.0,22.0,2024-02-02 06:30:00,OPMC_LIFT,1191450000.0,228.0,228.0,230.0,4.0,0.0,4.0,50.05,0.8674999999999999,2024-02-02 06:30:11.000,2024-02-02 06:30:11.000,2024-02-02 06:30:11.000,676472202.0,4720611.0,1374603313.0,228.0,original,228.0,original,230.0,original,4.0,original,0.0,gap_too_large,4.0,original,50.05,original,0.8674999999999999,original,676472202.0,original,4720611.0,original,1374603313.0,original,1191450000.0,original,-110.0,original
839568.0,22.0,2024-02-02 07:00:00,OPMC_LIFT,1191460000.0,227.0,227.0,229.0,4.0,0.0,4.0,50.04,0.8686999999999999,2024-02-02 07:00:08.000,2024-02-02 07:00:08.000,2024-02-02 07:00:08.000,676474851.0,4721814.0,1374611694.0,227.0,original,227.0,original,229.0,original,4.0,original,0.0,gap_too_large,4.0,original,50.04,original,0.8686999999999999,original,676474851.0,original,4721814.0,original,1374611694.0,original,1191460000.0,original,-111.0,original
839702.0,22.0,2024-02-02 07:30:00,OPMC_LIFT,1191470000.0,225.0,225.0,227.0,4.0,0.0,4.0,50.02,0.8686999999999999,2024-02-02 07:50:09.000,2024-02-02 07:50:09.000,2024-02-02 07:50:09.000,676479194.0,4723808.0,1374625464.0,225.0,original,225.0,original,227.0,original,4.0,original,0.0,gap_too_large,4.0,original,50.02,original,0.8686999999999999,original,676479194.0,original,4723808.0,original,1374625464.0,original,1191470000.0,original,-102.0,original
839731.0,22.0,2024-02-02 08:00:00,OPMC_LIFT,1191480000.0,226.0,227.0,229.0,4.0,0.0,4.0,50.08,0.8693,2024-02-02 08:00:09.000,2024-02-02 08:00:09.000,2024-02-02 08:00:09.000,676480054.0,4724208.0,1374628190.0,226.0,original,227.0,original,229.0,original,4.0,original,0.0,gap_too_large,4.0,original,50.08,original,0.8693,original,676480054.0,original,4724208.0,original,1374628190.0,original,1191480000.0,original,-100.0,original
839867.0,22.0,2024-02-02 08:30:00,OPMC_LIFT,1192020000.0,218.0,220.0,222.0,358.0,380.0,377.0,50.0,0.8703,2024-02-02 08:50:14.000,2024-02-02 08:50:14.000,2024-02-02 08:50:14.000,676805408.0,4725427.0,1375262869.0,218.0,original,220.0,original,222.0,original,358.0,original,380.0,original,377.0,original,50.0,original,0.8703,original,676805408.0,original,4725427.0,original,1375262869.0,original,1192020000.0,original,-109.0,original
839891.0,22.0,2024-02-02 09:00:00,OPMC_LIFT,1192260000.0,223.0,225.0,226.0,199.0,205.0,209.0,50.01,0.8687999999999999,2024-02-02 09:00:10.000,2024-02-02 09:00:10.000,2024-02-02 09:00:10.000,676943613.0,4725427.0,1375543790.0,223.0,original,225.0,original,226.0,original,199.0,original,205.0,original,209.0,original,50.01,original,0.8687999999999999,original,676943613.0,original,4725427.0,original,1375543790.0,original,1192260000.0,original,-108.0,original
840026.0,22.0,2024-02-02 09:30:00,OPMC_LIFT,1193370000.0,221.0,223.0,224.0,198.0,206.0,208.0,50.05,0.8618999999999999,2024-02-02 09:50:11.000,2024-02-02 09:50:11.000,2024-02-02 09:50:11.000,677606730.0,4725427.0,1376839121.0,221.0,original,223.0,original,224.0,original,198.0,original,206.0,original,208.0,original,50.05,original,0.8618999999999999,original,677606730.0,original,4725427.0,original,1376839121.0,original,1193370000.0,original,-115.0,original
840079.0,22.0,2024-02-02 10:00:00,OPMC_LIFT,1193810000.0,223.0,224.0,226.0,198.0,207.0,209.0,49.94,0.8586999999999999,2024-02-02 10:10:13.000,2024-02-02 10:10:13.000,2024-02-02 10:10:13.000,677880058.0,4725427.0,1377352446.0,223.0,original,224.0,original,226.0,original,198.0,original,207.0,original,209.0,original,49.94,original,0.8586999999999999,original,677880058.0,original,4725427.0,original,1377352446.0,original,1193810000.0,original,-112.0,original
840140.0,22.0,2024-02-02 10:30:00,OPMC_LIFT,1194440000.0,223.0,224.0,226.0,199.0,207.0,209.0,49.98,0.8593999999999999,2024-02-02 10:39:26.000,2024-02-02 10:39:26.000,2024-02-02 10:39:26.000,678274480.0,4725427.0,1378097643.0,223.0,original,224.0,original,226.0,original,199.0,original,207.0,original,209.0,original,49.98,original,0.8593999999999999,original,678274480.0,original,4725427.0,original,1378097643.0,original,1194440000.0,original,-110.0,original
840217.0,22.0,2024-02-02 11:00:00,OPMC_LIFT,1194870000.0,221.0,223.0,224.0,312.0,330.0,329.0,50.04,0.8483999999999999,2024-02-02 11:00:09.000,2024-02-02 11:00:09.000,2024-02-02 11:00:09.000,678550637.0,4725427.0,1378613688.0,221.0,original,223.0,original,224.0,original,312.0,original,330.0,original,329.0,original,50.04,original,0.8483999999999999,original,678550637.0,original,4725427.0,original,1378613688.0,original,1194870000.0,original,-113.0,original
840328.0,22.0,2024-02-02 11:30:00,OPMC_LIFT,1195750000.0,224.0,226.0,227.0,206.0,213.0,217.0,50.05,0.8712,2024-02-02 11:40:13.000,2024-02-02 11:40:13.000,2024-02-02 11:40:13.000,679089974.0,4725427.0,1379644376.0,224.0,original,226.0,original,227.0,original,206.0,original,213.0,original,217.0,original,50.05,original,0.8712,original,679089974.0,original,4725427.0,original,1379644376.0,original,1195750000.0,original,-114.0,original
840380.0,22.0,2024-02-02 12:00:00,OPMC_LIFT,1196170000.0,225.0,227.0,228.0,212.0,219.0,224.0,50.04,0.8713,2024-02-02 12:00:11.000,2024-02-02 12:00:11.000,2024-02-02 12:00:11.000,679328602.0,4725427.0,1380130437.0,225.0,original,227.0,original,228.0,original,212.0,original,219.0,original,224.0,original,50.04,original,0.8713,original,679328602.0,original,4725427.0,original,1380130437.0,original,1196170000.0,original,-103.0,original
840482.0,22.0,2024-02-02 12:30:00,OPMC_LIFT,1197030000.0,225.0,227.0,228.0,210.0,216.0,221.0,50.01,0.8705999999999999,2024-02-02 12:40:09.000,2024-02-02 12:40:09.000,2024-02-02 12:40:09.000,679810304.0,4725427.0,1381110001.0,225.0,original,227.0,original,228.0,original,210.0,original,216.0,original,221.0,original,50.01,original,0.8705999999999999,original,679810304.0,original,4725427.0,original,1381110001.0,original,1197030000.0,original,-105.0,original
840567.0,22.0,2024-02-02 13:00:00,OPMC_LIFT,1197720000.0,221.0,222.0,223.0,203.0,212.0,213.0,50.03,0.8663,2024-02-02 13:10:10.000,2024-02-02 13:10:10.000,2024-02-02 13:10:10.000,680228976.0,4725427.0,1381925985.0,221.0,original,222.0,original,223.0,original,203.0,original,212.0,original,213.0,original,50.03,original,0.8663,original,680228976.0,original,4725427.0,original,1381925985.0,original,1197720000.0,original,-111.0,original
840644.0,22.0,2024-02-02 13:30:00,OPMC_LIFT,1198410000.0,221.0,222.0,224.0,205.0,214.0,215.0,49.97,0.8663,2024-02-02 13:40:10.000,2024-02-02 13:40:10.000,2024-02-02 13:40:10.000,680641142.0,4725427.0,1382725697.0,221.0,original,222.0,original,224.0,original,205.0,original,214.0,original,215.0,original,49.97,original,0.8663,original,680641142.0,original,4725427.0,original,1382725697.0,original,1198410000.0,original,-113.0,original
840715.0,22.0,2024-02-02 14:00:00,OPMC_LIFT,1199070000.0,221.0,222.0,224.0,211.0,220.0,221.0,50.04,0.8678999999999999,2024-02-02 14:10:06.000,2024-02-02 14:10:06.000,2024-02-02 14:10:06.000,681039699.0,4725427.0,1383501189.0,221.0,original,222.0,original,224.0,original,211.0,original,220.0,original,221.0,original,50.04,original,0.8678999999999999,original,681039699.0,original,4725427.0,original,1383501189.0,original,1199070000.0,original,-113.0,original
840762.0,22.0,2024-02-02 14:30:00,OPMC_LIFT,1199550000.0,221.0,222.0,224.0,203.0,212.0,213.0,49.98,0.8643,2024-02-02 14:30:06.000,2024-02-02 14:30:06.000,2024-02-02 14:30:06.000,681329331.0,4725427.0,1384058209.0,221.0,original,222.0,original,224.0,original,203.0,original,212.0,original,213.0,original,49.98,original,0.8643,original,681329331.0,original,4725427.0,original,1384058209.0,original,1199550000.0,original,-110.0,original
840858.0,22.0,2024-02-02 15:00:00,OPMC_LIFT,1200230000.0,221.0,223.0,224.0,209.0,218.0,220.0,50.0,0.8672,2024-02-02 15:00:13.000,2024-02-02 15:00:13.000,2024-02-02 15:00:13.000,681738666.0,4725427.0,1384856571.0,221.0,original,223.0,original,224.0,original,209.0,original,218.0,original,220.0,original,50.0,original,0.8672,original,681738666.0,original,4725427.0,original,1384856571.0,original,1200230000.0,original,-112.0,original
840858.0,,2024-02-02 15:30:00,OPMC_LIFT,1200885000.0,221.5,223.0,224.5,212.5,220.0,222.5,50.004999999999995,0.8715999999999999,,,,682107040.0,4725427.0,1385605825.5,221.5,interpolated,223.0,interpolated,224.5,interpolated,212.5,interpolated,220.0,interpolated,222.5,interpolated,50.004999999999995,interpolated,0.8715999999999999,interpolated,682107040.0,interpolated,4725427.0,interpolated,1385605825.5,interpolated,1200885000.0,interpolated,-111.0,interpolated
841005.0,22.0,2024-02-02 16:00:00,OPMC_LIFT,1201540000.0,222.0,223.0,225.0,216.0,222.0,225.0,50.01,0.8759999999999999,2024-02-02 16:00:06.000,2024-02-02 16:00:06.000,2024-02-02 16:00:06.000,682475414.0,4725427.0,1386355080.0,222.0,original,223.0,original,225.0,original,216.0,original,222.0,original,225.0,original,50.01,original,0.8759999999999999,original,682475414.0,original,4725427.0,original,1386355080.0,original,1201540000.0,original,-110.0,original
841090.0,22.0,2024-02-02 16:30:00,OPMC_LIFT,1201620000.0,226.0,227.0,229.0,3.0,0.0,114.5,50.0,0.8727999999999999,2024-02-02 16:30:08.000,2024-02-02 16:30:08.000,2024-02-02 16:30:08.000,682522346.0,4725427.0,1386450888.0,226.0,original,227.0,original,229.0,original,3.0,original,0.0,gap_too_large,114.5,interpolated,50.0,original,0.8727999999999999,interpolated,682522346.0,original,4725427.0,original,1386450888.0,original,1201620000.0,original,-109.0,original
841170.0,22.0,2024-02-02 17:00:00,OPMC_LIFT,1201630000.0,229.0,230.0,231.0,4.0,0.0,4.0,50.01,0.8695999999999999,2024-02-02 17:00:09.000,2024-02-02 17:00:09.000,2024-02-02 17:00:09.000,682524941.0,4726419.0,1386458472.0,229.0,original,230.0,original,231.0,original,4.0,original,0.0,gap_too_large,4.0,original,50.01,original,0.8695999999999999,original,682524941.0,original,4726419.0,original,1386458472.0,original,1201630000.0,original,-109.0,original
841170.0,,2024-02-02 17:30:00,OPMC_LIFT,1201635000.0,229.0,230.0,231.0,4.0,0.0,4.0,50.07,0.86835,,,,682527633.5,4727616.0,1386466971.0,229.0,interpolated,230.0,interpolated,231.0,interpolated,4.0,interpolated,0.0,gap_too_large,4.0,interpolated,50.07,interpolated,0.86835,interpolated,682527633.5,interpolated,4727616.0,interpolated,1386466971.0,interpolated,1201635000.0,interpolated,-107.0,interpolated
841340.0,22.0,2024-02-02 18:00:00,OPMC_LIFT,1201640000.0,229.0,230.0,231.0,4.0,0.0,4.0,50.13,0.8670999999999999,2024-02-02 18:00:10.000,2024-02-02 18:00:10.000,2024-02-02 18:00:10.000,682530326.0,4728813.0,1386475470.0,229.0,original,230.0,original,231.0,original,4.0,original,0.0,gap_too_large,4.0,original,50.13,original,0.8670999999999999,original,682530326.0,original,4728813.0,original,1386475470.0,original,1201640000.0,original,-105.0,original
841418.0,22.0,2024-02-02 18:30:00,OPMC_LIFT,1201650000.0,230.0,230.0,232.0,4.0,0.0,4.0,49.97,0.8679999999999999,2024-02-02 18:30:06.000,2024-02-02 18:30:06.000,2024-02-02 18:30:06.000,682533043.0,4730003.0,1386484027.0,230.0,original,230.0,original,232.0,original,4.0,original,0.0,gap_too_large,4.0,original,49.97,original,0.8679999999999999,original,682533043.0,original,4730003.0,original,1386484027.0,original,1201650000.0,original,-112.0,original
841497.0,22.0,2024-02-02 19:00:00,OPMC_LIFT,1201660000.0,230.0,230.0,232.0,4.0,0.0,4.0,50.0,0.8690999999999999,2024-02-02 19:00:06.000,2024-02-02 19:00:06.000,2024-02-02 19:00:06.000,682535776.0,4731197.0,1386492622.0,230.0,original,230.0,original,232.0,original,4.0,original,0.0,gap_too_large,4.0,original,50.0,original,0.8690999999999999,original,682535776.0,original,4731197.0,original,1386492622.0,original,1201660000.0,original,-121.0,original
841584.0,22.0,2024-02-02 19:30:00,OPMC_LIFT,1201660000.0,230.0,230.0,232.0,4.0,0.0,4.0,50.01,0.8654,2024-02-02 19:30:13.000,2024-02-02 19:30:13.000,2024-02-02 19:30:13.000,682538502.0,4732397.0,1386501205.0,230.0,original,230.0,original,232.0,original,4.0,original,0.0,gap_too_large,4.0,original,50.01,original,0.8654,original,682538502.0,original,4732397.0,original,1386501205.0,original,1201660000.0,original,-112.0,original
841656.0,22.0,2024-02-02 20:00:00,OPMC_LIFT,1201670000.0,230.0,230.0,232.0,4.0,0.0,4.0,50.01,0.8677999999999999,2024-02-02 20:00:05.000,2024-02-02 20:00:05.000,2024-02-02 20:00:05.000,682541229.0,4733594.0,1386509797.0,230.0,original,230.0,original,232.0,original,4.0,original,0.0,gap_too_large,4.0,original,50.01,original,0.8677999999999999,original,682541229.0,original,4733594.0,original,1386509797.0,original,1201670000.0,original,-113.0,original
841740.0,22.0,2024-02-02 20:30:00,OPMC_LIFT,1201680000.0,230.0,231.0,233.0,4.0,0.0,4.0,50.03,0.8685999999999999,2024-02-02 20:30:08.000,2024-02-02 20:30:08.000,2024-02-02 20:30:08.000,682543962.0,4734797.0,1386518398.0,230.0,original,231.0,original,233.0,original,4.0,original,0.0,gap_too_large,4.0,original,50.03,original,0.8685999999999999,original,682543962.0,original,4734797.0,original,1386518398.0,original,1201680000.0,original,-111.0,original
841843.0,22.0,2024-02-02 21:00:00,OPMC_LIFT,1201690000.0,231.0,231.0,233.0,4.0,0.0,4.0,50.02,0.8670999999999999,2024-02-02 21:10:06.000,2024-02-02 21:10:06.000,2024-02-02 21:10:06.000,682547613.0,4736400.0,1386529880.0,231.0,original,231.0,original,233.0,original,4.0,original,0.0,gap_too_large,4.0,original,50.02,original,0.8670999999999999,original,682547613.0,original,4736400.0,original,1386529880.0,original,1201690000.0,original,-108.0,original
841925.0,22.0,2024-02-02 21:30:00,OPMC_LIFT,1201700000.0,229.0,229.0,231.0,4.0,0.0,4.0,50.06,0.8673,2024-02-02 21:40:14.000,2024-02-02 21:40:14.000,2024-02-02 21:40:14.000,682550336.0,4737606.0,1386538453.0,229.0,original,229.0,original,231.0,original,4.0,original,0.0,gap_too_large,4.0,original,50.06,original,0.8673,original,682550336.0,original,4737606.0,original,1386538453.0,original,1201700000.0,original,-112.0,original
841925.0,,2024-02-02 22:00:00,OPMC_LIFT,1201705000.0,228.0,228.0,230.0,4.0,0.0,4.0,50.040000000000006,0.8684999999999999,,,,682552563.0,4738608.0,1386545501.0,228.0,interpolated,228.0,interpolated,230.0,interpolated,4.0,interpolated,0.0,gap_too_large,4.0,interpolated,50.040000000000006,interpolated,0.8684999999999999,interpolated,682552563.0,interpolated,4738608.0,interpolated,1386545501.0,interpolated,1201705000.0,interpolated,-117.5,interpolated
842051.0,22.0,2024-02-02 22:30:00,OPMC_LIFT,1201710000.0,227.0,227.0,229.0,4.0,0.0,4.0,50.02,0.8696999999999999,2024-02-02 22:30:12.000,2024-02-02 22:30:12.000,2024-02-02 22:30:12.000,682554790.0,4739610.0,1386552549.0,227.0,original,227.0,original,229.0,original,4.0,original,0.0,gap_too_large,4.0,original,50.02,original,0.8696999999999999,original,682554790.0,original,4739610.0,original,1386552549.0,original,1201710000.0,original,-123.0,original
842141.0,22.0,2024-02-02 23:00:00,OPMC_LIFT,1201720000.0,228.0,229.0,231.0,4.0,0.0,4.0,50.02,0.8682,2024-02-02 23:00:12.000,2024-02-02 23:00:12.000,2024-02-02 23:00:12.000,682557453.0,4740813.0,1386560984.0,228.0,original,229.0,original,231.0,original,4.0,original,0.0,gap_too_large,4.0,original,50.02,original,0.8682,original,682557453.0,original,4740813.0,original,1386560984.0,original,1201720000.0,original,-113.0,original
842247.0,22.0,2024-02-02 23:30:00,OPMC_LIFT,1201730000.0,228.0,229.0,231.0,4.0,0.0,4.0,50.03,0.8665999999999999,2024-02-02 23:40:12.000,2024-02-02 23:40:12.000,2024-02-02 23:40:12.000,682561024.0,4742413.0,1386572286.0,228.0,original,229.0,original,231.0,original,4.0,original,0.0,gap_too_large,4.0,original,50.03,original,0.8665999999999999,original,682561024.0,original,4742413.0,original,1386572286.0,original,1201730000.0,original,-120.0,original
842361.0,22.0,2024-02-03 00:00:00,OPMC_LIFT,1201740000.0,229.0,230.0,232.0,4.0,0.0,4.0,50.08,0.8657999999999999,2024-02-03 00:20:14.000,2024-02-03 00:20:14.000,2024-02-03 00:20:14.000,682564621.0,4744019.0,1386583649.0,229.0,original,230.0,original,232.0,original,4.0,original,0.0,gap_too_large,4.0,original,50.08,original,0.8657999999999999,original,682564621.0,original,4744019.0,original,1386583649.0,original,1201740000.0,original,-113.0,original
842410.0,22.0,2024-02-03 00:30:00,OPMC_LIFT,1201740000.0,230.0,230.0,232.0,4.0,0.0,4.0,49.98,0.8673,2024-02-03 00:40:11.000,2024-02-03 00:40:11.000,2024-02-03 00:40:11.000,682566429.0,4744819.0,1386589355.0,230.0,original,230.0,original,232.0,original,4.0,original,0.0,gap_too_large,4.0,original,49.98,original,0.8673,original,682566429.0,original,4744819.0,original,1386589355.0,original,1201740000.0,original,-118.0,original
842459.0,22.0,2024-02-03 01:00:00,OPMC_LIFT,1201750000.0,230.0,230.0,232.0,4.0,0.0,4.0,50.01,0.8686999999999999,2024-02-03 01:00:10.000,2024-02-03 01:00:10.000,2024-02-03 01:00:10.000,682568246.0,4745622.0,1386595083.0,230.0,original,230.0,original,232.0,original,4.0,original,0.0,gap_too_large,4.0,original,50.01,original,0.8686999999999999,original,682568246.0,original,4745622.0,original,1386595083.0,original,1201750000.0,original,-113.0,original
842542.0,22.0,2024-02-03 01:30:00,OPMC_LIFT,1201750000.0,230.0,230.0,232.0,4.0,0.0,4.0,49.94,0.8672,2024-02-03 01:30:08.000,2024-02-03 01:30:08.000,2024-02-03 01:30:08.000,682570976.0,4746826.0,1386603678.0,230.0,original,230.0,original,232.0,original,4.0,original,0.0,gap_too_large,4.0,original,49.94,original,0.8672,original,682570976.0,original,4746826.0,original,1386603678.0,original,1201750000.0,original,-114.0,original
842675.0,22.0,2024-02-03 02:00:00,OPMC_LIFT,1201770000.0,231.0,231.0,233.0,4.0,0.0,4.0,50.07,0.8664999999999999,2024-02-03 02:20:08.000,2024-02-03 02:20:08.000,2024-02-03 02:20:08.000,682575555.0,4748832.0,1386618081.0,231.0,original,231.0,original,233.0,original,4.0,original,0.0,gap_too_large,4.0,original,50.07,original,0.8664999999999999,original,682575555.0,original,4748832.0,original,1386618081.0,original,1201770000.0,original,-120.0,original
842702.0,22.0,2024-02-03 02:30:00,OPMC_LIFT,1201770000.0,231.0,231.0,233.0,4.0,0.0,4.0,50.09,0.8664999999999999,2024-02-03 02:30:10.000,2024-02-03 02:30:10.000,2024-02-03 02:30:10.000,682576477.0,4749235.0,1386620974.0,231.0,original,231.0,original,233.0,original,4.0,original,0.0,gap_too_large,4.0,original,50.09,original,0.8664999999999999,original,682576477.0,original,4749235.0,original,1386620974.0,original,1201770000.0,original,-124.0,original
842829.0,22.0,2024-02-03 03:00:00,OPMC_LIFT,1201780000.0,229.0,229.0,232.0,4.0,0.0,4.0,50.02,0.8684999999999999,2024-02-03 03:20:07.000,2024-02-03 03:20:07.000,2024-02-03 03:20:07.000,682580979.0,4751238.0,1386635195.0,229.0,original,229.0,original,232.0,original,4.0,original,0.0,gap_too_large,4.0,original,50.02,original,0.8684999999999999,original,682580979.0,original,4751238.0,original,1386635195.0,original,1201780000.0,original,-112.0,original
842829.0,,2024-02-03 03:30:00,OPMC_LIFT,1201785000.0,229.5,229.5,232.0,4.0,0.0,4.0,50.0,0.8688499999999999,,,,682583248.0,4752238.0,1386642345.5,229.5,interpolated,229.5,interpolated,232.0,interpolated,4.0,interpolated,0.0,gap_too_large,4.0,interpolated,50.0,interpolated,0.8688499999999999,interpolated,682583248.0,interpolated,4752238.0,interpolated,1386642345.5,interpolated,1201785000.0,interpolated,-107.5,interpolated
842982.0,22.0,2024-02-03 04:00:00,OPMC_LIFT,1201790000.0,230.0,230.0,232.0,4.0,0.0,4.0,49.98,0.8692,2024-02-03 04:10:13.000,2024-02-03 04:10:13.000,2024-02-03 04:10:13.000,682585517.0,4753238.0,1386649496.0,230.0,original,230.0,original,232.0,original,4.0,original,0.0,gap_too_large,4.0,original,49.98,original,0.8692,original,682585517.0,original,4753238.0,original,1386649496.0,original,1201790000.0,original,-103.0,original
843069.0,22.0,2024-02-03 04:30:00,OPMC_LIFT,1201800000.0,230.0,230.0,232.0,4.0,0.0,4.0,50.06,0.8689999999999999,2024-02-03 04:40:14.000,2024-02-03 04:40:14.000,2024-02-03 04:40:14.000,682588246.0,4754442.0,1386658081.0,230.0,original,230.0,original,232.0,original,4.0,original,0.0,gap_too_large,4.0,original,50.06,original,0.8689999999999999,original,682588246.0,original,4754442.0,original,1386658081.0,original,1201800000.0,original,-108.0,original
843120.0,22.0,2024-02-03 05:00:00,OPMC_LIFT,1201810000.0,230.0,230.0,232.0,4.0,0.0,4.0,50.02,0.8690999999999999,2024-02-03 05:00:12.000,2024-02-03 05:00:12.000,2024-02-03 05:00:12.000,682590061.0,4755242.0,1386663800.0,230.0,original,230.0,original,232.0,original,4.0,original,0.0,gap_too_large,4.0,original,50.02,original,0.8690999999999999,original,682590061.0,original,4755242.0,original,1386663800.0,original,1201810000.0,original,-102.0,original
843191.0,22.0,2024-02-03 05:30:00,OPMC_LIFT,1201810000.0,229.0,229.0,231.0,4.0,0.0,4.0,50.03,0.8673,2024-02-03 05:30:04.000,2024-02-03 05:30:04.000,2024-02-03 05:30:04.000,682592768.0,4756445.0,1386672328.0,229.0,original,229.0,original,231.0,original,4.0,original,0.0,gap_too_large,4.0,original,50.03,original,0.8673,original,682592768.0,original,4756445.0,original,1386672328.0,original,1201810000.0,original,-105.0,original
843272.0,22.0,2024-02-03 06:00:00,OPMC_LIFT,1201820000.0,229.0,229.0,231.0,4.0,0.0,4.0,50.05,0.8667999999999999,2024-02-03 06:00:10.000,2024-02-03 06:00:10.000,2024-02-03 06:00:10.000,682595462.0,4757648.0,1386680833.0,229.0,original,229.0,original,231.0,original,4.0,original,0.0,gap_too_large,4.0,original,50.05,original,0.8667999999999999,original,682595462.0,original,4757648.0,original,1386680833.0,original,1201820000.0,original,-111.0,original
843272.0,,2024-02-03 06:30:00,OPMC_LIFT,1201825000.0,228.5,228.5,230.5,4.0,0.0,4.0,50.015,0.8663999999999998,,,,682598145.5,4758853.0,1386689311.5,228.5,interpolated,228.5,interpolated,230.5,interpolated,4.0,interpolated,0.0,gap_too_large,4.0,interpolated,50.015,interpolated,0.8663999999999998,interpolated,682598145.5,interpolated,4758853.0,interpolated,1386689311.5,interpolated,1201825000.0,interpolated,-114.5,interpolated
843445.0,22.0,2024-02-03 07:00:00,OPMC_LIFT,1201830000.0,228.0,228.0,230.0,4.0,0.0,4.0,49.98,0.8659999999999999,2024-02-03 07:00:08.000,2024-02-03 07:00:08.000,2024-02-03 07:00:08.000,682600829.0,4760058.0,1386697790.0,228.0,original,228.0,original,230.0,original,4.0,original,0.0,gap_too_large,4.0,original,49.98,original,0.8659999999999999,original,682600829.0,original,4760058.0,original,1386697790.0,original,1201830000.0,original,-118.0,original
843532.0,22.0,2024-02-03 07:30:00,OPMC_LIFT,1201840000.0,226.0,227.0,228.0,4.0,0.0,4.0,49.97,0.8696999999999999,2024-02-03 07:30:08.000,2024-02-03 07:30:08.000,2024-02-03 07:30:08.000,682603469.0,4761261.0,1386706152.0,226.0,original,227.0,original,228.0,original,4.0,original,0.0,gap_too_large,4.0,original,49.97,original,0.8696999999999999,original,682603469.0,original,4761261.0,original,1386706152.0,original,1201840000.0,original,-121.0,original
843614.0,22.0,2024-02-03 08:00:00,OPMC_LIFT,1201850000.0,227.0,227.0,229.0,4.0,0.0,4.0,49.98,0.8696999999999999,2024-02-03 08:00:07.000,2024-02-03 08:00:07.000,2024-02-03 08:00:07.000,682606080.0,4762461.0,1386714456.0,227.0,original,227.0,original,229.0,original,4.0,original,0.0,gap_too_large,4.0,original,49.98,original,0.8696999999999999,original,682606080.0,original,4762461.0,original,1386714456.0,original,1201850000.0,original,-121.0,original
843614.0,,2024-02-03 08:30:00,OPMC_LIFT,1201856666.6666667,226.33333333333334,226.66666666666666,228.33333333333334,4.0,0.0,4.0,49.989999999999995,0.8695999999999999,,,,682608693.3333334,4763661.0,1386722751.3333333,226.33333333333334,interpolated,226.66666666666666,interpolated,228.33333333333334,interpolated,4.0,interpolated,0.0,gap_too_large,4.0,interpolated,49.989999999999995,interpolated,0.8695999999999999,interpolated,682608693.3333334,interpolated,4763661.0,interpolated,1386722751.3333333,interpolated,1201856666.6666667,interpolated,-121.0,interpolated
843614.0,,2024-02-03 09:00:00,OPMC_LIFT,1201863333.3333333,225.66666666666666,226.33333333333334,227.66666666666666,4.0,0.0,4.0,50.0,0.8694999999999999,,,,682611306.6666666,4764861.0,1386731046.6666667,225.66666666666666,interpolated,226.33333333333334,interpolated,227.66666666666666,interpolated,4.0,interpolated,0.0,gap_too_large,4.0,interpolated,50.0,interpolated,0.8694999999999999,interpolated,682611306.6666666,interpolated,4764861.0,interpolated,1386731046.6666667,interpolated,1201863333.3333333,interpolated,-121.0,interpolated
843867.0,22.0,2024-02-03 09:30:00,OPMC_LIFT,1201870000.0,225.0,226.0,227.0,4.0,0.0,4.0,50.01,0.8694,2024-02-03 09:30:12.000,2024-02-03 09:30:12.000,2024-02-03 09:30:12.000,682613920.0,4766061.0,1386739342.0,225.0,original,226.0,original,227.0,original,4.0,original,0.0,gap_too_large,4.0,original,50.01,original,0.8694,original,682613920.0,original,4766061.0,original,1386739342.0,original,1201870000.0,original,-121.0,original
843944.0,22.0,2024-02-03 10:00:00,OPMC_LIFT,1201880000.0,227.0,228.0,229.0,4.0,0.0,4.0,49.99,0.8674999999999999,2024-02-03 10:00:08.000,2024-02-03 10:00:08.000,2024-02-03 10:00:08.000,682616522.0,4767261.0,1386747601.0,227.0,original,228.0,original,229.0,original,4.0,original,0.0,gap_too_large,4.0,original,49.99,original,0.8674999999999999,original,682616522.0,original,4767261.0,original,1386747601.0,original,1201880000.0,original,-109.0,original
844042.0,22.0,2024-02-03 10:30:00,OPMC_LIFT,1201890000.0,227.0,228.0,229.0,4.0,0.0,4.0,50.1,0.8666999999999999,2024-02-03 10:39:26.000,2024-02-03 10:39:26.000,2024-02-03 10:39:26.000,682619965.0,4768835.0,1386758520.0,227.0,original,228.0,original,229.0,original,4.0,original,0.0,gap_too_large,4.0,original,50.1,original,0.8666999999999999,original,682619965.0,original,4768835.0,original,1386758520.0,original,1201890000.0,original,-111.0,original
844108.0,22.0,2024-02-03 11:00:00,OPMC_LIFT,1201890000.0,227.0,228.0,229.0,4.0,0.0,4.0,49.96,0.8664999999999999,2024-02-03 11:00:08.000,2024-02-03 11:00:08.000,2024-02-03 11:00:08.000,682621786.0,4769664.0,1386764289.0,227.0,original,228.0,original,229.0,original,4.0,original,0.0,gap_too_large,4.0,original,49.96,original,0.8664999999999999,original,682621786.0,original,4769664.0,original,1386764289.0,original,1201890000.0,original,-109.0,original
844203.0,22.0,2024-02-03 11:30:00,OPMC_LIFT,1201900000.0,227.0,228.0,229.0,4.0,0.0,4.0,49.95,0.8705999999999999,2024-02-03 11:30:13.000,2024-02-03 11:30:13.000,2024-02-03 11:30:13.000,682624435.0,4770867.0,1386772654.0,227.0,original,228.0,original,229.0,original,4.0,original,0.0,gap_too_large,4.0,original,49.95,original,0.8705999999999999,original,682624435.0,original,4770867.0,original,1386772654.0,original,1201900000.0,original,-113.0,original
844342.0,22.0,2024-02-03 12:00:00,OPMC_LIFT,1201910000.0,229.0,230.0,232.0,4.0,0.0,4.0,49.99,0.8659999999999999,2024-02-03 12:20:11.000,2024-02-03 12:20:11.000,2024-02-03 12:20:11.000,682628918.0,4772874.0,1386786785.0,229.0,original,230.0,original,232.0,original,4.0,original,0.0,gap_too_large,4.0,original,49.99,original,0.8659999999999999,original,682628918.0,original,4772874.0,original,1386786785.0,original,1201910000.0,original,-111.0,original
844369.0,22.0,2024-02-03 12:30:00,OPMC_LIFT,1201910000.0,229.0,230.0,232.0,4.0,0.0,4.0,50.04,0.8655999999999999,2024-02-03 12:30:10.000,2024-02-03 12:30:10.000,2024-02-03 12:30:10.000,682629821.0,4773274.0,1386789633.0,229.0,original,230.0,original,232.0,original,4.0,original,0.0,gap_too_large,4.0,original,50.04,original,0.8655999999999999,original,682629821.0,original,4773274.0,original,1386789633.0,original,1201910000.0,original,-103.0,original
844454.0,22.0,2024-02-03 13:00:00,OPMC_LIFT,1201920000.0,230.0,230.0,232.0,4.0,0.0,4.0,50.02,0.8673,2024-02-03 13:00:08.000,2024-02-03 13:00:08.000,2024-02-03 13:00:08.000,682632538.0,4774477.0,1386798171.0,230.0,original,230.0,original,232.0,original,4.0,original,0.0,gap_too_large,4.0,original,50.02,original,0.8673,original,682632538.0,original,4774477.0,original,1386798171.0,original,1201920000.0,original,-111.0,original
844535.0,22.0,2024-02-03 13:30:00,OPMC_LIFT,1201930000.0,228.0,229.0,230.0,4.0,0.0,4.0,49.99,0.8684,2024-02-03 13:30:07.000,2024-02-03 13:30:07.000,2024-02-03 13:30:07.000,682635226.0,4775677.0,1386806645.0,228.0,original,229.0,original,230.0,original,4.0,original,0.0,gap_too_large,4.0,original,49.99,original,0.8684,original,682635226.0,original,4775677.0,original,1386806645.0,original,1201930000.0,original,-113.0,original
844535.0,,2024-02-03 14:00:00,OPMC_LIFT,1201935000.0,229.0,229.5,231.0,4.0,0.0,4.0,50.035,0.8679499999999999,,,,682637922.0,4776878.5,1386815136.0,229.0,interpolated,229.5,interpolated,231.0,interpolated,4.0,interpolated,0.0,gap_too_large,4.0,interpolated,50.035,interpolated,0.8679499999999999,interpolated,682637922.0,interpolated,4776878.5,interpolated,1386815136.0,interpolated,1201935000.0,interpolated,-108.0,interpolated
844698.0,22.0,2024-02-03 14:30:00,OPMC_LIFT,1201940000.0,230.0,230.0,232.0,4.0,0.0,4.0,50.08,0.8674999999999999,2024-02-03 14:30:09.000,2024-02-03 14:30:09.000,2024-02-03 14:30:09.000,682640618.0,4778080.0,1386823627.0,230.0,original,230.0,original,232.0,original,4.0,original,0.0,gap_too_large,4.0,original,50.08,original,0.8674999999999999,original,682640618.0,original,4778080.0,original,1386823627.0,original,1201940000.0,original,-103.0,original
844787.0,22.0,2024-02-03 15:00:00,OPMC_LIFT,1201950000.0,230.0,231.0,232.0,4.0,0.0,4.0,50.04,0.8674999999999999,2024-02-03 15:00:07.000,2024-02-03 15:00:07.000,2024-02-03 15:00:07.000,682643334.0,4779286.0,1386832177.0,230.0,original,231.0,original,232.0,original,4.0,original,0.0,gap_too_large,4.0,original,50.04,original,0.8674999999999999,original,682643334.0,original,4779286.0,original,1386832177.0,original,1201950000.0,original,-109.0,original
844873.0,22.0,2024-02-03 15:30:00,OPMC_LIFT,1201960000.0,230.0,230.0,232.0,4.0,0.0,4.0,49.98,0.8690999999999999,2024-02-03 15:30:13.000,2024-02-03 15:30:13.000,2024-02-03 15:30:13.000,682646064.0,4780490.0,1386840747.0,230.0,original,230.0,original,232.0,original,4.0,original,0.0,gap_too_large,4.0,original,49.98,original,0.8690999999999999,original,682646064.0,original,4780490.0,original,1386840747.0,original,1201960000.0,original,-109.0,original
844975.0,22.0,2024-02-03 16:00:00,OPMC_LIFT,1201970000.0,231.0,231.0,233.0,4.0,0.0,4.0,50.02,0.8677999999999999,2024-02-03 16:10:10.000,2024-02-03 16:10:10.000,2024-02-03 16:10:10.000,682649715.0,4782096.0,1386852209.0,231.0,original,231.0,original,233.0,original,4.0,original,0.0,gap_too_large,4.0,original,50.02,original,0.8677999999999999,original,682649715.0,original,4782096.0,original,1386852209.0,original,1201970000.0,original,-111.0,original
844975.0,,2024-02-03 16:30:00,OPMC_LIFT,1201975000.0,230.0,230.0,232.0,4.0,0.0,4.0,50.03,0.86595,,,,682651985.5,4783099.0,1386859342.0,230.0,interpolated,230.0,interpolated,232.0,interpolated,4.0,interpolated,0.0,gap_too_large,4.0,interpolated,50.03,interpolated,0.86595,interpolated,682651985.5,interpolated,4783099.0,interpolated,1386859342.0,interpolated,1201975000.0,interpolated,-111.0,interpolated
845102.0,22.0,2024-02-03 17:00:00,OPMC_LIFT,1201980000.0,229.0,229.0,231.0,4.0,0.0,4.0,50.04,0.8641,2024-02-03 17:00:10.000,2024-02-03 17:00:10.000,2024-02-03 17:00:10.000,682654256.0,4784102.0,1386866475.0,229.0,original,229.0,original,231.0,original,4.0,original,0.0,gap_too_large,4.0,original,50.04,original,0.8641,original,682654256.0,original,4784102.0,original,1386866475.0,original,1201980000.0,original,-111.0,original
845238.0,22.0,2024-02-03 17:30:00,OPMC_LIFT,1201990000.0,230.0,231.0,232.0,4.0,0.0,4.0,50.01,0.8667999999999999,2024-02-03 17:50:10.000,2024-02-03 17:50:10.000,2024-02-03 17:50:10.000,682658800.0,4786109.0,1386880757.0,230.0,original,231.0,original,232.0,original,4.0,original,0.0,gap_too_large,4.0,original,50.01,original,0.8667999999999999,original,682658800.0,original,4786109.0,original,1386880757.0,original,1201990000.0,original,-111.0,original
845284.0,22.0,2024-02-03 18:00:00,OPMC_LIFT,1202000000.0,230.0,230.0,232.0,4.0,0.0,4.0,49.99,0.8664999999999999,2024-02-03 18:10:09.000,2024-02-03 18:10:09.000,2024-02-03 18:10:09.000,682660621.0,4786912.0,1386886475.0,230.0,original,230.0,original,232.0,original,4.0,original,0.0,gap_too_large,4.0,original,49.99,original,0.8664999999999999,original,682660621.0,original,4786912.0,original,1386886475.0,original,1202000000.0,original,-109.0,original
845375.0,22.0,2024-02-03 18:30:00,OPMC_LIFT,1202010000.0,229.0,229.0,231.0,4.0,0.0,4.0,50.0,0.8669999999999999,2024-02-03 18:46:52.000,2024-02-03 18:46:52.000,2024-02-03 18:46:52.000,682663949.0,4788381.0,1386896945.0,229.0,original,229.0,original,231.0,original,4.0,original,0.0,gap_too_large,4.0,original,50.0,original,0.8669999999999999,original,682663949.0,original,4788381.0,original,1386896945.0,original,1202010000.0,original,-107.0,original
845375.0,,2024-02-03 19:00:00,OPMC_LIFT,1202015000.0,229.0,229.5,231.0,4.0,0.0,4.0,49.989999999999995,0.8649499999999999,,,,682665901.0,4789246.5,1386903092.5,229.0,interpolated,229.5,interpolated,231.0,interpolated,4.0,interpolated,0.0,gap_too_large,4.0,interpolated,49.989999999999995,interpolated,0.8649499999999999,interpolated,682665901.0,interpolated,4789246.5,interpolated,1386903092.5,interpolated,1202015000.0,interpolated,-107.5,interpolated
845496.0,22.0,2024-02-03 19:30:00,OPMC_LIFT,1202020000.0,229.0,230.0,231.0,4.0,0.0,4.0,49.98,0.8628999999999999,2024-02-03 19:30:07.000,2024-02-03 19:30:07.000,2024-02-03 19:30:07.000,682667853.0,4790112.0,1386909240.0,229.0,original,230.0,original,231.0,original,4.0,original,0.0,gap_too_large,4.0,original,49.98,original,0.8628999999999999,original,682667853.0,original,4790112.0,original,1386909240.0,original,1202020000.0,original,-108.0,original
845581.0,22.0,2024-02-03 20:00:00,OPMC_LIFT,1202030000.0,230.0,230.0,232.0,4.0,0.0,4.0,49.98,0.8679999999999999,2024-02-03 20:00:12.000,2024-02-03 20:00:12.000,2024-02-03 20:00:12.000,682670566.0,4791312.0,1386917784.0,230.0,original,230.0,original,232.0,original,4.0,original,0.0,gap_too_large,4.0,original,49.98,original,0.8679999999999999,original,682670566.0,original,4791312.0,original,1386917784.0,original,1202030000.0,original,-107.0,original
845666.0,22.0,2024-02-03 20:30:00,OPMC_LIFT,1202030000.0,230.0,230.0,232.0,4.0,0.0,4.0,50.03,0.8653,2024-02-03 20:30:11.000,2024-02-03 20:30:11.000,2024-02-03 20:30:11.000,682673293.0,4792515.0,1386926353.0,230.0,original,230.0,original,232.0,original,4.0,original,0.0,gap_too_large,4.0,original,50.03,original,0.8653,original,682673293.0,original,4792515.0,original,1386926353.0,original,1202030000.0,original,-114.0,original
845736.0,22.0,2024-02-03 21:00:00,OPMC_LIFT,1202040000.0,230.0,231.0,233.0,4.0,0.0,4.0,49.97,0.8698999999999999,2024-02-03 21:00:11.000,2024-02-03 21:00:11.000,2024-02-03 21:00:11.000,682676022.0,4793718.0,1386934936.0,230.0,original,231.0,original,233.0,original,4.0,original,0.0,gap_too_large,4.0,original,49.97,original,0.8698999999999999,original,682676022.0,original,4793718.0,original,1386934936.0,original,1202040000.0,original,-101.0,original
845815.0,22.0,2024-02-03 21:30:00,OPMC_LIFT,1202050000.0,231.0,231.0,233.0,4.0,0.0,4.0,49.98,0.8674999999999999,2024-02-03 21:30:08.000,2024-02-03 21:30:08.000,2024-02-03 21:30:08.000,682678771.0,4794918.0,1386943569.0,231.0,original,231.0,original,233.0,original,4.0,original,0.0,gap_too_large,4.0,original,49.98,original,0.8674999999999999,original,682678771.0,original,4794918.0,original,1386943569.0,original,1202050000.0,original,-109.0,original
845895.0,22.0,2024-02-03 22:00:00,OPMC_LIFT,1202060000.0,229.0,229.0,231.0,4.0,0.0,4.0,50.02,0.8674,2024-02-03 22:00:09.000,2024-02-03 22:00:09.000,2024-02-03 22:00:09.000,682681469.0,4796122.0,1386952078.0,229.0,original,229.0,original,231.0,original,4.0,original,0.0,gap_too_large,4.0,original,50.02,original,0.8674,original,682681469.0,original,4796122.0,original,1386952078.0,original,1202060000.0,original,-114.0,original
846012.0,22.0,2024-02-03 22:30:00,OPMC_LIFT,1202070000.0,230.0,230.0,232.0,4.0,0.0,4.0,50.02,0.8662,2024-02-03 22:40:13.000,2024-02-03 22:40:13.000,2024-02-03 22:40:13.000,682685098.0,4797725.0,1386963502.0,230.0,original,230.0,original,232.0,original,4.0,original,0.0,gap_too_large,4.0,original,50.02,original,0.8662,original,682685098.0,original,4797725.0,original,1386963502.0,original,1202070000.0,original,-111.0,original
846103.0,22.0,2024-02-03 23:00:00,OPMC_LIFT,1202080000.0,230.0,230.0,232.0,4.0,0.0,4.0,50.06,0.8666999999999999,2024-02-03 23:20:10.000,2024-02-03 23:20:10.000,2024-02-03 23:20:10.000,682688733.0,4799328.0,1386974939.0,230.0,original,230.0,original,232.0,original,4.0,original,0.0,gap_too_large,4.0,original,50.06,original,0.8666999999999999,original,682688733.0,original,4799328.0,original,1386974939.0,original,1202080000.0,original,-109.0,original
846129.0,22.0,2024-02-03 23:30:00,OPMC_LIFT,1202080000.0,230.0,230.0,232.0,4.0,0.0,4.0,50.05,0.8672,2024-02-03 23:30:08.000,2024-02-03 23:30:08.000,2024-02-03 23:30:08.000,682689638.0,4799728.0,1386977800.0,230.0,original,230.0,original,232.0,original,4.0,original,0.0,gap_too_large,4.0,original,50.05,original,0.8672,original,682689638.0,original,4799728.0,original,1386977800.0,original,1202080000.0,original,-109.0,original
846227.0,22.0,2024-02-04 00:00:00,OPMC_LIFT,1202090000.0,231.0,231.0,233.0,4.0,0.0,4.0,49.93,0.8684999999999999,2024-02-04 00:10:09.000,2024-02-04 00:10:09.000,2024-02-04 00:10:09.000,682693296.0,4801328.0,1386989291.0,231.0,original,231.0,original,233.0,original,4.0,original,0.0,gap_too_large,4.0,original,49.93,original,0.8684999999999999,original,682693296.0,original,4801328.0,original,1386989291.0,original,1202090000.0,original,-123.0,original
846280.0,22.0,2024-02-04 00:30:00,OPMC_LIFT,1202090000.0,230.0,231.0,233.0,4.0,0.0,4.0,50.06,0.8682,2024-02-04 00:30:10.000,2024-02-04 00:30:10.000,2024-02-04 00:30:10.000,682695133.0,4802131.0,1386995054.0,230.0,original,231.0,original,233.0,original,4.0,original,0.0,gap_too_large,4.0,original,50.06,original,0.8682,original,682695133.0,original,4802131.0,original,1386995054.0,original,1202090000.0,original,-106.0,original
846280.0,,2024-02-04 01:00:00,OPMC_LIFT,1202100000.0,230.5,231.0,233.0,4.0,0.0,4.0,50.019999999999996,0.8691,,,,682697891.5,4803331.0,1387003713.5,230.5,interpolated,231.0,interpolated,233.0,interpolated,4.0,interpolated,0.0,gap_too_large,4.0,interpolated,50.019999999999996,interpolated,0.8691,interpolated,682697891.5,interpolated,4803331.0,interpolated,1387003713.5,interpolated,1202100000.0,interpolated,-107.5,interpolated
846423.0,22.0,2024-02-04 01:30:00,OPMC_LIFT,1202110000.0,231.0,231.0,233.0,4.0,0.0,4.0,49.98,0.8699999999999999,2024-02-04 01:30:05.000,2024-02-04 01:30:05.000,2024-02-04 01:30:05.000,682700650.0,4804531.0,1387012373.0,231.0,original,231.0,original,233.0,original,4.0,original,0.0,gap_too_large,4.0,original,49.98,original,0.8699999999999999,original,682700650.0,original,4804531.0,original,1387012373.0,original,1202110000.0,original,-109.0,original
846508.0,22.0,2024-02-04 02:00:00,OPMC_LIFT,1202120000.0,229.0,229.0,231.0,4.0,0.0,4.0,50.07,0.8670999999999999,2024-02-04 02:00:10.000,2024-02-04 02:00:10.000,2024-02-04 02:00:10.000,682703389.0,4805731.0,1387020974.0,229.0,original,229.0,original,231.0,original,4.0,original,0.0,gap_too_large,4.0,original,50.07,original,0.8670999999999999,original,682703389.0,original,4805731.0,original,1387020974.0,original,1202120000.0,original,-109.0,original
846591.0,22.0,2024-02-04 02:30:00,OPMC_LIFT,1202120000.0,230.0,230.0,232.0,4.0,0.0,4.0,49.97,0.8670999999999999,2024-02-04 02:39:29.000,2024-02-04 02:39:29.000,2024-02-04 02:39:29.000,682706954.0,4807309.0,1387032213.0,230.0,original,230.0,original,232.0,original,4.0,original,0.0,gap_too_large,4.0,original,49.97,original,0.8670999999999999,original,682706954.0,original,4807309.0,original,1387032213.0,original,1202120000.0,original,-109.0,original
846591.0,,2024-02-04 03:00:00,OPMC_LIFT,1202130000.0,230.0,230.0,232.5,4.0,0.0,4.0,50.01,0.8672,,,,682709254.5,4808321.5,1387039454.5,230.0,interpolated,230.0,interpolated,232.5,interpolated,4.0,interpolated,0.0,gap_too_large,4.0,interpolated,50.01,interpolated,0.8672,interpolated,682709254.5,interpolated,4808321.5,interpolated,1387039454.5,interpolated,1202130000.0,interpolated,-108.5,interpolated
846716.0,22.0,2024-02-04 03:30:00,OPMC_LIFT,1202140000.0,230.0,230.0,233.0,4.0,0.0,4.0,50.05,0.8673,2024-02-04 03:30:05.000,2024-02-04 03:30:05.000,2024-02-04 03:30:05.000,682711555.0,4809334.0,1387046696.0,230.0,original,230.0,original,233.0,original,4.0,original,0.0,gap_too_large,4.0,original,50.05,original,0.8673,original,682711555.0,original,4809334.0,original,1387046696.0,original,1202140000.0,original,-108.0,original
846819.0,22.0,2024-02-04 04:00:00,OPMC_LIFT,1202150000.0,230.0,231.0,233.0,4.0,0.0,4.0,50.06,0.8705999999999999,2024-02-04 04:10:13.000,2024-02-04 04:10:13.000,2024-02-04 04:10:13.000,682715213.0,4810934.0,1387058187.0,230.0,original,231.0,original,233.0,original,4.0,original,0.0,gap_too_large,4.0,original,50.06,original,0.8705999999999999,original,682715213.0,original,4810934.0,original,1387058187.0,original,1202150000.0,original,-109.0,original
846864.0,22.0,2024-02-04 04:30:00,OPMC_LIFT,1202150000.0,230.0,231.0,233.0,4.0,0.0,4.0,50.04,0.8674999999999999,2024-02-04 04:30:06.000,2024-02-04 04:30:06.000,2024-02-04 04:30:06.000,682717040.0,4811734.0,1387063931.0,230.0,original,231.0,original,233.0,original,4.0,original,0.0,gap_too_large,4.0,original,50.04,original,0.8674999999999999,original,682717040.0,original,4811734.0,original,1387063931.0,original,1202150000.0,original,-117.0,original
846940.0,22.0,2024-02-04 05:00:00,OPMC_LIFT,1202160000.0,230.0,230.0,232.0,4.0,0.0,4.0,49.93,0.8673,2024-02-04 05:00:10.000,2024-02-04 05:00:10.000,2024-02-04 05:00:10.000,682719776.0,4812934.0,1387072533.0,230.0,original,230.0,original,232.0,original,4.0,original,0.0,gap_too_large,4.0,original,49.93,original,0.8673,original,682719776.0,original,4812934.0,original,1387072533.0,original,1202160000.0,original,-109.0,original
847035.0,22.0,2024-02-04 05:30:00,OPMC_LIFT,1202170000.0,229.0,230.0,232.0,4.0,0.0,4.0,49.99,0.8684999999999999,2024-02-04 05:40:07.000,2024-02-04 05:40:07.000,2024-02-04 05:40:07.000,682723411.0,4814534.0,1387083973.0,229.0,original,230.0,original,232.0,original,4.0,original,0.0,gap_too_large,4.0,original,49.99,original,0.8684999999999999,original,682723411.0,original,4814534.0,original,1387083973.0,original,1202170000.0,original,-111.0,original
847128.0,22.0,2024-02-04 06:00:00,OPMC_LIFT,1202180000.0,229.0,230.0,232.0,4.0,0.0,4.0,50.08,0.8660999999999999,2024-02-04 06:20:06.000,2024-02-04 06:20:06.000,2024-02-04 06:20:06.000,682727030.0,4816138.0,1387095368.0,229.0,original,230.0,original,232.0,original,4.0,original,0.0,gap_too_large,4.0,original,50.08,original,0.8660999999999999,original,682727030.0,original,4816138.0,original,1387095368.0,original,1202180000.0,original,-120.0,original
847153.0,22.0,2024-02-04 06:30:00,OPMC_LIFT,1202180000.0,229.0,230.0,232.0,4.0,0.0,4.0,50.08,0.8672,2024-02-04 06:30:10.000,2024-02-04 06:30:10.000,2024-02-04 06:30:10.000,682727933.0,4816538.0,1387098213.0,229.0,original,230.0,original,232.0,original,4.0,original,0.0,gap_too_large,4.0,original,50.08,original,0.8672,original,682727933.0,original,4816538.0,original,1387098213.0,original,1202180000.0,original,-111.0,original
847253.0,22.0,2024-02-04 07:00:00,OPMC_LIFT,1202190000.0,229.0,230.0,232.0,4.0,0.0,4.0,49.95,0.8667999999999999,2024-02-04 07:00:12.000,2024-02-04 07:00:12.000,2024-02-04 07:00:12.000,682730646.0,4817741.0,1387106766.0,229.0,original,230.0,original,232.0,original,4.0,original,0.0,gap_too_large,4.0,original,49.95,original,0.8667999999999999,original,682730646.0,original,4817741.0,original,1387106766.0,original,1202190000.0,original,-118.0,original
847335.0,22.0,2024-02-04 07:30:00,OPMC_LIFT,1202200000.0,229.0,229.0,231.0,4.0,0.0,4.0,49.98,0.8656999999999999,2024-02-04 07:30:09.000,2024-02-04 07:30:09.000,2024-02-04 07:30:09.000,682733347.0,4818944.0,1387115278.0,229.0,original,229.0,original,231.0,original,4.0,original,0.0,gap_too_large,4.0,original,49.98,original,0.8656999999999999,original,682733347.0,original,4818944.0,original,1387115278.0,original,1202200000.0,original,-109.0,original
847454.0,22.0,2024-02-04 08:00:00,OPMC_LIFT,1202210000.0,228.0,228.0,230.0,4.0,0.0,4.0,50.02,0.8687999999999999,2024-02-04 08:10:14.000,2024-02-04 08:10:14.000,2024-02-04 08:10:14.000,682736915.0,4820547.0,1387126552.0,228.0,original,228.0,original,230.0,original,4.0,original,0.0,gap_too_large,4.0,original,50.02,original,0.8687999999999999,original,682736915.0,original,4820547.0,original,1387126552.0,original,1202210000.0,original,-111.0,original
847454.0,,2024-02-04 08:30:00,OPMC_LIFT,1202215000.0,227.0,227.0,229.0,4.0,0.0,4.0,50.035,0.8694,,,,682739110.5,4821545.5,1387133504.0,227.0,interpolated,227.0,interpolated,229.0,interpolated,4.0,interpolated,0.0,gap_too_large,4.0,interpolated,50.035,interpolated,0.8694,interpolated,682739110.5,interpolated,4821545.5,interpolated,1387133504.0,interpolated,1202215000.0,interpolated,-117.0,interpolated
847604.0,22.0,2024-02-04 09:00:00,OPMC_LIFT,1202220000.0,226.0,226.0,228.0,4.0,0.0,4.0,50.05,0.8699999999999999,2024-02-04 09:00:12.000,2024-02-04 09:00:12.000,2024-02-04 09:00:12.000,682741306.0,4822544.0,1387140456.0,226.0,original,226.0,original,228.0,original,4.0,original,0.0,gap_too_large,4.0,original,50.05,original,0.8699999999999999,original,682741306.0,original,4822544.0,original,1387140456.0,original,1202220000.0,original,-123.0,original
847690.0,22.0,2024-02-04 09:30:00,OPMC_LIFT,1202230000.0,225.0,226.0,227.0,4.0,0.0,4.0,50.02,0.8676999999999999,2024-02-04 09:30:08.000,2024-02-04 09:30:08.000,2024-02-04 09:30:08.000,682743901.0,4823741.0,1387148712.0,225.0,original,226.0,original,227.0,original,4.0,original,0.0,gap_too_large,4.0,original,50.02,original,0.8676999999999999,original,682743901.0,original,4823741.0,original,1387148712.0,original,1202230000.0,original,-109.0,original
847776.0,22.0,2024-02-04 10:00:00,OPMC_LIFT,1202230000.0,227.0,227.0,229.0,4.0,0.0,4.0,50.02,0.8686999999999999,2024-02-04 10:00:14.000,2024-02-04 10:00:14.000,2024-02-04 10:00:14.000,682746538.0,4824938.0,1387157057.0,227.0,original,227.0,original,229.0,original,4.0,original,0.0,gap_too_large,4.0,original,50.02,original,0.8686999999999999,original,682746538.0,original,4824938.0,original,1387157057.0,original,1202230000.0,original,-113.0,original
847901.0,22.0,2024-02-04 10:30:00,OPMC_LIFT,1202240000.0,226.0,226.0,228.0,4.0,0.0,3.0,49.97,0.8674,2024-02-04 10:40:40.000,2024-02-04 10:40:40.000,2024-02-04 10:40:40.000,682750064.0,4826557.0,1387168245.0,226.0,original,226.0,original,228.0,original,4.0,original,0.0,gap_too_large,3.0,original,49.97,original,0.8674,original,682750064.0,original,4826557.0,original,1387168245.0,original,1202240000.0,original,-121.0,original
847949.0,22.0,2024-02-04 11:00:00,OPMC_LIFT,1202250000.0,225.0,226.0,227.0,4.0,0.0,4.0,50.01,0.8654999999999999,2024-02-04 11:00:07.000,2024-02-04 11:00:07.000,2024-02-04 11:00:07.000,682751754.0,4827334.0,1387173608.0,225.0,original,226.0,original,227.0,original,4.0,original,0.0,gap_too_large,4.0,original,50.01,original,0.8654999999999999,original,682751754.0,original,4827334.0,original,1387173608.0,original,1202250000.0,original,-113.0,original
848035.0,22.0,2024-02-04 11:30:00,OPMC_LIFT,1202250000.0,226.0,226.0,228.0,4.0,0.0,4.0,49.98,0.8697999999999999,2024-02-04 11:30:10.000,2024-02-04 11:30:10.000,2024-02-04 11:30:10.000,682754355.0,4828531.0,1387181867.0,226.0,original,226.0,original,228.0,original,4.0,original,0.0,gap_too_large,4.0,original,49.98,original,0.8697999999999999,original,682754355.0,original,4828531.0,original,1387181867.0,original,1202250000.0,original,-113.0,original
848118.0,22.0,2024-02-04 12:00:00,OPMC_LIFT,1202260000.0,226.0,227.0,228.0,4.0,0.0,4.0,50.02,0.8676999999999999,2024-02-04 12:00:08.000,2024-02-04 12:00:08.000,2024-02-04 12:00:08.000,682756963.0,4829728.0,1387190142.0,226.0,original,227.0,original,228.0,original,4.0,original,0.0,gap_too_large,4.0,original,50.02,original,0.8676999999999999,original,682756963.0,original,4829728.0,original,1387190142.0,original,1202260000.0,original,-109.0,original
848196.0,22.0,2024-02-04 12:30:00,OPMC_LIFT,1202270000.0,227.0,227.0,229.0,4.0,0.0,4.0,49.99,0.8674,2024-02-04 12:30:10.000,2024-02-04 12:30:10.000,2024-02-04 12:30:10.000,682759597.0,4830925.0,1387198481.0,227.0,original,227.0,original,229.0,original,4.0,original,0.0,gap_too_large,4.0,original,49.99,original,0.8674,original,682759597.0,original,4830925.0,original,1387198481.0,original,1202270000.0,original,-109.0,original
848273.0,22.0,2024-02-04 13:00:00,OPMC_LIFT,1202280000.0,227.0,228.0,229.0,4.0,0.0,4.0,49.99,0.8669999999999999,2024-02-04 13:00:05.000,2024-02-04 13:00:05.000,2024-02-04 13:00:05.000,682762237.0,4832125.0,1387206846.0,227.0,original,228.0,original,229.0,original,4.0,original,0.0,gap_too_large,4.0,original,49.99,original,0.8669999999999999,original,682762237.0,original,4832125.0,original,1387206846.0,original,1202280000.0,original,-115.0,original
848420.0,22.0,2024-02-04 13:30:00,OPMC_LIFT,1202290000.0,227.0,227.0,229.0,4.0,0.0,4.0,49.99,0.8669999999999999,2024-02-04 13:50:10.000,2024-02-04 13:50:10.000,2024-02-04 13:50:10.000,682766618.0,4834128.0,1387220741.0,227.0,original,227.0,original,229.0,original,4.0,original,0.0,gap_too_large,4.0,original,49.99,original,0.8669999999999999,original,682766618.0,original,4834128.0,original,1387220741.0,original,1202290000.0,original,-109.0,original
848473.0,22.0,2024-02-04 14:00:00,OPMC_LIFT,1202290000.0,227.0,227.0,229.0,4.0,0.0,4.0,50.01,0.8667999999999999,2024-02-04 14:10:09.000,2024-02-04 14:10:09.000,2024-02-04 14:10:09.000,682768371.0,4834931.0,1387226305.0,227.0,original,227.0,original,229.0,original,4.0,original,0.0,gap_too_large,4.0,original,50.01,original,0.8667999999999999,original,682768371.0,original,4834931.0,original,1387226305.0,original,1202290000.0,original,-109.0,original
848529.0,22.0,2024-02-04 14:30:00,OPMC_LIFT,1202300000.0,226.0,227.0,229.0,4.0,0.0,4.0,50.01,0.8703,2024-02-04 14:30:13.000,2024-02-04 14:30:13.000,2024-02-04 14:30:13.000,682770122.0,4835731.0,1387231854.0,226.0,original,227.0,original,229.0,original,4.0,original,0.0,gap_too_large,4.0,original,50.01,original,0.8703,original,682770122.0,original,4835731.0,original,1387231854.0,original,1202300000.0,original,-112.0,original
848649.0,22.0,2024-02-04 15:00:00,OPMC_LIFT,1202310000.0,226.0,227.0,228.0,4.0,0.0,4.0,49.98,0.8690999999999999,2024-02-04 15:10:13.000,2024-02-04 15:10:13.000,2024-02-04 15:10:13.000,682773616.0,4837331.0,1387242933.0,226.0,original,227.0,original,228.0,original,4.0,original,0.0,gap_too_large,4.0,original,49.98,original,0.8690999999999999,original,682773616.0,original,4837331.0,original,1387242933.0,original,1202310000.0,original,-111.0,original
848701.0,22.0,2024-02-04 15:30:00,OPMC_LIFT,1202310000.0,226.0,226.0,228.0,4.0,0.0,4.0,49.94,0.8694,2024-02-04 15:30:09.000,2024-02-04 15:30:09.000,2024-02-04 15:30:09.000,682775360.0,4838128.0,1387248459.0,226.0,original,226.0,original,228.0,original,4.0,original,0.0,gap_too_large,4.0,original,49.94,original,0.8694,original,682775360.0,original,4838128.0,original,1387248459.0,original,1202310000.0,original,-111.0,original
848777.0,22.0,2024-02-04 16:00:00,OPMC_LIFT,1202320000.0,226.0,226.0,228.0,4.0,0.0,4.0,49.98,0.8696999999999999,2024-02-04 16:00:10.000,2024-02-04 16:00:10.000,2024-02-04 16:00:10.000,682777968.0,4839325.0,1387256737.0,226.0,original,226.0,original,228.0,original,4.0,original,0.0,gap_too_large,4.0,original,49.98,original,0.8696999999999999,original,682777968.0,original,4839325.0,original,1387256737.0,original,1202320000.0,original,-121.0,original
848884.0,22.0,2024-02-04 16:30:00,OPMC_LIFT,1202330000.0,226.0,227.0,228.0,4.0,0.0,4.0,49.96,0.8658999999999999,2024-02-04 16:40:11.000,2024-02-04 16:40:11.000,2024-02-04 16:40:11.000,682781446.0,4840922.0,1387267777.0,226.0,original,227.0,original,228.0,original,4.0,original,0.0,gap_too_large,4.0,original,49.96,original,0.8658999999999999,original,682781446.0,original,4840922.0,original,1387267777.0,original,1202330000.0,original,-103.0,original
848958.0,22.0,2024-02-04 17:00:00,OPMC_LIFT,1202340000.0,227.0,227.0,229.0,4.0,0.0,4.0,49.96,0.8658999999999999,2024-02-04 17:10:12.000,2024-02-04 17:10:12.000,2024-02-04 17:10:12.000,682784064.0,4842122.0,1387276081.0,227.0,original,227.0,original,229.0,original,4.0,original,0.0,gap_too_large,4.0,original,49.96,original,0.8658999999999999,original,682784064.0,original,4842122.0,original,1387276081.0,original,1202340000.0,original,-105.0,original
849007.0,22.0,2024-02-04 17:30:00,OPMC_LIFT,1202340000.0,227.0,227.0,229.0,4.0,0.0,4.0,49.99,0.8677999999999999,2024-02-04 17:30:09.000,2024-02-04 17:30:09.000,2024-02-04 17:30:09.000,682785821.0,4842922.0,1387281637.0,227.0,original,227.0,original,229.0,original,4.0,original,0.0,gap_too_large,4.0,original,49.99,original,0.8677999999999999,original,682785821.0,original,4842922.0,original,1387281637.0,original,1202340000.0,original,-113.0,original
849091.0,22.0,2024-02-04 18:00:00,OPMC_LIFT,1202350000.0,227.0,228.0,230.0,4.0,0.0,4.0,49.99,0.8683,2024-02-04 18:00:11.000,2024-02-04 18:00:11.000,2024-02-04 18:00:11.000,682788464.0,4844118.0,1387290001.0,227.0,original,228.0,original,230.0,original,4.0,original,0.0,gap_too_large,4.0,original,49.99,original,0.8683,original,682788464.0,original,4844118.0,original,1387290001.0,original,1202350000.0,original,-111.0,original
849180.0,22.0,2024-02-04 18:30:00,OPMC_LIFT,1202360000.0,227.0,227.0,229.0,4.0,0.0,4.0,50.02,0.8680999999999999,2024-02-04 18:37:03.000,2024-02-04 18:37:03.000,2024-02-04 18:37:03.000,682791702.0,4845590.0,1387300254.0,227.0,original,227.0,original,229.0,original,4.0,original,0.0,gap_too_large,4.0,original,50.02,original,0.8680999999999999,original,682791702.0,original,4845590.0,original,1387300254.0,original,1202360000.0,original,-114.0,original
849274.0,22.0,2024-02-04 19:00:00,OPMC_LIFT,1202370000.0,227.0,228.0,229.0,4.0,0.0,4.0,50.03,0.8675999999999999,2024-02-04 19:10:08.000,2024-02-04 19:10:08.000,2024-02-04 19:10:08.000,682794618.0,4846918.0,1387309477.0,227.0,original,228.0,original,229.0,original,4.0,original,0.0,gap_too_large,4.0,original,50.03,original,0.8675999999999999,original,682794618.0,original,4846918.0,original,1387309477.0,original,1202370000.0,original,-115.0,original
849274.0,,2024-02-04 19:30:00,OPMC_LIFT,1202375000.0,227.0,227.5,229.0,4.0,0.0,4.0,50.0,0.86795,,,,682797243.5,4848116.5,1387317803.0,227.0,interpolated,227.5,interpolated,229.0,interpolated,4.0,interpolated,0.0,gap_too_large,4.0,interpolated,50.0,interpolated,0.86795,interpolated,682797243.5,interpolated,4848116.5,interpolated,1387317803.0,interpolated,1202375000.0,interpolated,-110.5,interpolated
849426.0,22.0,2024-02-04 20:00:00,OPMC_LIFT,1202380000.0,227.0,227.0,229.0,4.0,0.0,4.0,49.97,0.8683,2024-02-04 20:10:10.000,2024-02-04 20:10:10.000,2024-02-04 20:10:10.000,682799869.0,4849315.0,1387326129.0,227.0,original,227.0,original,229.0,original,4.0,original,0.0,gap_too_large,4.0,original,49.97,original,0.8683,original,682799869.0,original,4849315.0,original,1387326129.0,original,1202380000.0,original,-106.0,original
849487.0,22.0,2024-02-04 20:30:00,OPMC_LIFT,1202380000.0,227.0,227.0,229.0,4.0,0.0,4.0,49.98,0.8689999999999999,2024-02-04 20:30:10.000,2024-02-04 20:30:10.000,2024-02-04 20:30:10.000,682801619.0,4850112.0,1387331685.0,227.0,original,227.0,original,229.0,original,4.0,original,0.0,gap_too_large,4.0,original,49.98,original,0.8689999999999999,original,682801619.0,original,4850112.0,original,1387331685.0,original,1202380000.0,original,-111.0,original
849583.0,22.0,2024-02-04 21:00:00,OPMC_LIFT,1202390000.0,227.0,228.0,230.0,4.0,0.0,4.0,49.95,0.8659999999999999,2024-02-04 21:10:06.000,2024-02-04 21:10:06.000,2024-02-04 21:10:06.000,682805133.0,4851709.0,1387342817.0,227.0,original,228.0,original,230.0,original,4.0,original,0.0,gap_too_large,4.0,original,49.95,original,0.8659999999999999,original,682805133.0,original,4851709.0,original,1387342817.0,original,1202390000.0,original,-111.0,original
849638.0,22.0,2024-02-04 21:30:00,OPMC_LIFT,1202400000.0,228.0,228.0,230.0,4.0,0.0,4.0,50.08,0.8708999999999999,2024-02-04 21:30:11.000,2024-02-04 21:30:11.000,2024-02-04 21:30:11.000,682806896.0,4852509.0,1387348411.0,228.0,original,228.0,original,230.0,original,4.0,original,0.0,gap_too_large,4.0,original,50.08,original,0.8708999999999999,original,682806896.0,original,4852509.0,original,1387348411.0,original,1202400000.0,original,-108.0,original
849718.0,22.0,2024-02-04 22:00:00,OPMC_LIFT,1202410000.0,228.0,228.0,230.0,4.0,0.0,4.0,50.07,0.8688999999999999,2024-02-04 22:00:06.000,2024-02-04 22:00:06.000,2024-02-04 22:00:06.000,682809558.0,4853709.0,1387356837.0,228.0,original,228.0,original,230.0,original,4.0,original,0.0,gap_too_large,4.0,original,50.07,original,0.8688999999999999,original,682809558.0,original,4853709.0,original,1387356837.0,original,1202410000.0,original,-109.0,original
849718.0,,2024-02-04 22:30:00,OPMC_LIFT,1202420000.0,228.5,229.0,231.0,4.0,0.0,4.0,50.03,0.8675999999999999,,,,682813147.0,4855309.0,1387368166.5,228.5,interpolated,229.0,interpolated,231.0,interpolated,4.0,interpolated,0.0,gap_too_large,4.0,interpolated,50.03,interpolated,0.8675999999999999,interpolated,682813147.0,interpolated,4855309.0,interpolated,1387368166.5,interpolated,1202420000.0,interpolated,-115.0,interpolated
849932.0,22.0,2024-02-04 23:00:00,OPMC_LIFT,1202430000.0,229.0,230.0,232.0,4.0,0.0,4.0,49.99,0.8663,2024-02-04 23:20:08.000,2024-02-04 23:20:08.000,2024-02-04 23:20:08.000,682816736.0,4856909.0,1387379496.0,229.0,original,230.0,original,232.0,original,4.0,original,0.0,gap_too_large,4.0,original,49.99,original,0.8663,original,682816736.0,original,4856909.0,original,1387379496.0,original,1202430000.0,original,-121.0,original
849962.0,22.0,2024-02-04 23:30:00,OPMC_LIFT,1202430000.0,230.0,230.0,232.0,4.0,0.0,4.0,50.04,0.8656999999999999,2024-02-04 23:30:09.000,2024-02-04 23:30:09.000,2024-02-04 23:30:09.000,682817645.0,4857309.0,1387382347.0,230.0,original,230.0,original,232.0,original,4.0,original,0.0,gap_too_large,4.0,original,50.04,original,0.8656999999999999,original,682817645.0,original,4857309.0,original,1387382347.0,original,1202430000.0,original,-107.0,original
850041.0,22.0,2024-02-05 00:00:00,OPMC_LIFT,1202440000.0,230.0,231.0,233.0,4.0,0.0,4.0,50.06,0.8656999999999999,2024-02-05 00:00:10.000,2024-02-05 00:00:10.000,2024-02-05 00:00:10.000,682820374.0,4858512.0,1387390945.0,230.0,original,231.0,original,233.0,original,4.0,original,0.0,gap_too_large,4.0,original,50.06,original,0.8656999999999999,original,682820374.0,original,4858512.0,original,1387390945.0,original,1202440000.0,original,-109.0,original
850141.0,22.0,2024-02-05 00:30:00,OPMC_LIFT,1202450000.0,231.0,231.0,234.0,4.0,0.0,4.0,50.04,0.8659999999999999,2024-02-05 00:40:11.000,2024-02-05 00:40:11.000,2024-02-05 00:40:11.000,682824048.0,4860112.0,1387402472.0,231.0,original,231.0,original,234.0,original,4.0,original,0.0,gap_too_large,4.0,original,50.04,original,0.8659999999999999,original,682824048.0,original,4860112.0,original,1387402472.0,original,1202450000.0,original,-121.0,original
850217.0,22.0,2024-02-05 01:00:00,OPMC_LIFT,1202450000.0,229.0,229.0,231.0,4.0,0.0,4.0,49.97,0.8668999999999999,2024-02-05 01:10:08.000,2024-02-05 01:10:08.000,2024-02-05 01:10:08.000,682826752.0,4861315.0,1387410990.0,229.0,original,229.0,original,231.0,original,4.0,original,0.0,gap_too_large,4.0,original,49.97,original,0.8668999999999999,original,682826752.0,original,4861315.0,original,1387410990.0,original,1202450000.0,original,-112.0,original
850268.0,22.0,2024-02-05 01:30:00,OPMC_LIFT,1202460000.0,229.0,229.0,231.0,4.0,0.0,4.0,50.0,0.8675999999999999,2024-02-05 01:30:06.000,2024-02-05 01:30:06.000,2024-02-05 01:30:06.000,682828547.0,4862112.0,1387416657.0,229.0,original,229.0,original,231.0,original,4.0,original,0.0,gap_too_large,4.0,original,50.0,original,0.8675999999999999,original,682828547.0,original,4862112.0,original,1387416657.0,original,1202460000.0,original,-109.0,original
850382.0,22.0,2024-02-05 02:00:00,OPMC_LIFT,1202470000.0,229.0,229.0,231.0,4.0,0.0,4.0,49.96,0.8658999999999999,2024-02-05 02:10:11.000,2024-02-05 02:10:11.000,2024-02-05 02:10:11.000,682832147.0,4863712.0,1387428017.0,229.0,original,229.0,original,231.0,original,4.0,original,0.0,gap_too_large,4.0,original,49.96,original,0.8658999999999999,original,682832147.0,original,4863712.0,original,1387428017.0,original,1202470000.0,original,-105.0,original
850434.0,22.0,2024-02-05 02:30:00,OPMC_LIFT,1202470000.0,229.0,230.0,232.0,4.0,0.0,4.0,50.04,0.8707999999999999,2024-02-05 02:30:14.000,2024-02-05 02:30:14.000,2024-02-05 02:30:14.000,682833958.0,4864512.0,1387433713.0,229.0,original,230.0,original,232.0,original,4.0,original,0.0,gap_too_large,4.0,original,50.04,original,0.8707999999999999,original,682833958.0,original,4864512.0,original,1387433713.0,original,1202470000.0,original,-115.0,original
850510.0,22.0,2024-02-05 03:00:00,OPMC_LIFT,1202480000.0,230.0,230.0,232.0,4.0,0.0,4.0,50.03,0.8688999999999999,2024-02-05 03:00:08.000,2024-02-05 03:00:08.000,2024-02-05 03:00:08.000,682836678.0,4865712.0,1387442283.0,230.0,original,230.0,original,232.0,original,4.0,original,0.0,gap_too_large,4.0,original,50.03,original,0.8688999999999999,original,682836678.0,original,4865712.0,original,1387442283.0,original,1202480000.0,original,-111.0,original
850592.0,22.0,2024-02-05 03:30:00,OPMC_LIFT,1202490000.0,230.0,230.0,232.0,4.0,0.0,4.0,50.07,0.8676999999999999,2024-02-05 03:30:14.000,2024-02-05 03:30:14.000,2024-02-05 03:30:14.000,682839408.0,4866912.0,1387450869.0,230.0,original,230.0,original,232.0,original,4.0,original,0.0,gap_too_large,4.0,original,50.07,original,0.8676999999999999,original,682839408.0,original,4866912.0,original,1387450869.0,original,1202490000.0,original,-121.0,original
850704.0,22.0,2024-02-05 04:00:00,OPMC_LIFT,1202500000.0,230.0,230.0,232.0,4.0,0.0,4.0,50.03,0.8672,2024-02-05 04:20:06.000,2024-02-05 04:20:06.000,2024-02-05 04:20:06.000,682843958.0,4868912.0,1387465179.0,230.0,original,230.0,original,232.0,original,4.0,original,0.0,gap_too_large,4.0,original,50.03,original,0.8672,original,682843958.0,original,4868912.0,original,1387465179.0,original,1202500000.0,original,-118.0,original
850751.0,22.0,2024-02-05 04:30:00,OPMC_LIFT,1202510000.0,229.0,230.0,232.0,4.0,0.0,4.0,49.96,0.8682,2024-02-05 04:40:08.000,2024-02-05 04:40:08.000,2024-02-05 04:40:08.000,682845770.0,4869712.0,1387470891.0,229.0,original,230.0,original,232.0,original,4.0,original,0.0,gap_too_large,4.0,original,49.96,original,0.8682,original,682845770.0,original,4869712.0,original,1387470891.0,original,1202510000.0,original,-111.0,original
850813.0,22.0,2024-02-05 05:00:00,OPMC_LIFT,1202510000.0,229.0,229.0,231.0,4.0,0.0,4.0,49.95,0.8659999999999999,2024-02-05 05:00:11.000,2024-02-05 05:00:11.000,2024-02-05 05:00:11.000,682847578.0,4870512.0,1387476581.0,229.0,original,229.0,original,231.0,original,4.0,original,0.0,gap_too_large,4.0,original,49.95,original,0.8659999999999999,original,682847578.0,original,4870512.0,original,1387476581.0,original,1202510000.0,original,-108.0,original
850888.0,22.0,2024-02-05 05:30:00,OPMC_LIFT,1202520000.0,227.0,228.0,229.0,4.0,0.0,4.0,49.99,0.8664,2024-02-05 05:30:11.000,2024-02-05 05:30:11.000,2024-02-05 05:30:11.000,682850246.0,4871709.0,1387485022.0,227.0,original,228.0,original,229.0,original,4.0,original,0.0,gap_too_large,4.0,original,49.99,original,0.8664,original,682850246.0,original,4871709.0,original,1387485022.0,original,1202520000.0,original,-103.0,original
851002.0,22.0,2024-02-05 06:00:00,OPMC_LIFT,1202530000.0,227.0,228.0,229.0,4.0,0.0,4.0,49.97,0.8694,2024-02-05 06:20:07.000,2024-02-05 06:20:07.000,2024-02-05 06:20:07.000,682854598.0,4873702.0,1387498849.0,227.0,original,228.0,original,229.0,original,4.0,original,0.0,gap_too_large,4.0,original,49.97,original,0.8694,original,682854598.0,original,4873702.0,original,1387498849.0,original,1202530000.0,original,-108.0,original
851063.0,22.0,2024-02-05 06:30:00,OPMC_LIFT,1202530000.0,226.0,227.0,229.0,4.0,0.0,4.0,50.04,0.8674,2024-02-05 06:40:08.000,2024-02-05 06:40:08.000,2024-02-05 06:40:08.000,682856349.0,4874502.0,1387504411.0,226.0,original,227.0,original,229.0,original,4.0,original,0.0,gap_too_large,4.0,original,50.04,original,0.8674,original,682856349.0,original,4874502.0,original,1387504411.0,original,1202530000.0,original,-108.0,original
851113.0,22.0,2024-02-05 07:00:00,OPMC_LIFT,1202540000.0,225.0,226.0,228.0,4.0,0.0,4.0,49.95,0.8672,2024-02-05 07:00:09.000,2024-02-05 07:00:09.000,2024-02-05 07:00:09.000,682858080.0,4875299.0,1387509918.0,225.0,original,226.0,original,228.0,original,4.0,original,0.0,gap_too_large,4.0,original,49.95,original,0.8672,original,682858080.0,original,4875299.0,original,1387509918.0,original,1202540000.0,original,-109.0,original
851183.0,22.0,2024-02-05 07:30:00,OPMC_LIFT,1202550000.0,226.0,227.0,229.0,4.0,0.0,4.0,50.05,0.8660999999999999,2024-02-05 07:30:11.000,2024-02-05 07:30:11.000,2024-02-05 07:30:11.000,682860688.0,4876493.0,1387518206.0,226.0,original,227.0,original,229.0,original,4.0,original,0.0,gap_too_large,4.0,original,50.05,original,0.8660999999999999,original,682860688.0,original,4876493.0,original,1387518206.0,original,1202550000.0,original,-109.0,original
851277.0,22.0,2024-02-05 08:00:00,OPMC_LIFT,1202560000.0,227.0,228.0,229.0,4.0,0.0,4.0,50.04,0.8676999999999999,2024-02-05 08:10:08.000,2024-02-05 08:10:08.000,2024-02-05 08:10:08.000,682864144.0,4878090.0,1387529192.0,227.0,original,228.0,original,229.0,original,4.0,original,0.0,gap_too_large,4.0,original,50.04,original,0.8676999999999999,original,682864144.0,original,4878090.0,original,1387529192.0,original,1202560000.0,original,-111.0,original
851328.0,22.0,2024-02-05 08:30:00,OPMC_LIFT,1202560000.0,226.0,226.0,228.0,4.0,0.0,4.0,50.02,0.8677999999999999,2024-02-05 08:30:13.000,2024-02-05 08:30:13.000,2024-02-05 08:30:13.000,682865894.0,4878886.0,1387534734.0,226.0,original,226.0,original,228.0,original,4.0,original,0.0,gap_too_large,4.0,original,50.02,original,0.8677999999999999,original,682865894.0,original,4878886.0,original,1387534734.0,original,1202560000.0,original,-114.0,original
851456.0,22.0,2024-02-05 09:00:00,OPMC_LIFT,1202630000.0,222.0,224.0,225.0,214.0,223.0,225.0,50.03,0.8636999999999999,2024-02-05 09:20:10.000,2024-02-05 09:20:10.000,2024-02-05 09:20:10.000,682907530.0,4880691.0,1387612987.0,222.0,original,224.0,original,225.0,original,214.0,original,223.0,original,225.0,original,50.03,original,0.8636999999999999,original,682907530.0,original,4880691.0,original,1387612987.0,original,1202630000.0,original,-109.0,original
851456.0,,2024-02-05 09:30:00,OPMC_LIFT,1203240000.0,221.5,223.5,224.5,207.0,216.5,218.0,50.015,0.86395,,,,683260619.5,4880691.0,1388321294.0,221.5,interpolated,223.5,interpolated,224.5,interpolated,207.0,interpolated,216.5,interpolated,218.0,interpolated,50.015,interpolated,0.86395,interpolated,683260619.5,interpolated,4880691.0,interpolated,1388321294.0,interpolated,1203240000.0,interpolated,-106.0,interpolated
851547.0,22.0,2024-02-05 10:00:00,OPMC_LIFT,1203850000.0,221.0,223.0,224.0,200.0,210.0,211.0,50.0,0.8642,2024-02-05 10:00:08.000,2024-02-05 10:00:08.000,2024-02-05 10:00:08.000,683613709.0,4880691.0,1389029601.0,221.0,original,223.0,original,224.0,original,200.0,original,210.0,original,211.0,original,50.0,original,0.8642,original,683613709.0,original,4880691.0,original,1389029601.0,original,1203850000.0,original,-103.0,original
851547.0,,2024-02-05 10:30:00,OPMC_LIFT,0.0,0.0,0.0,0.0,0.0,0.0,0.0,0.0,0.0,,,,0.0,0.0,0.0,0.0,gap_too_large,0.0,gap_too_large,0.0,gap_too_large,0.0,gap_too_large,0.0,gap_too_large,0.0,gap_too_large,0.0,gap_too_large,0.0,gap_too_large,0.0,gap_too_large,0.0,gap_too_large,0.0,gap_too_large,0.0,gap_too_large,0.0,gap_too_large
851547.0,,2024-02-05 11:00:00,OPMC_LIFT,0.0,0.0,0.0,0.0,0.0,0.0,0.0,0.0,0.0,,,,0.0,0.0,0.0,0.0,gap_too_large,0.0,gap_too_large,0.0,gap_too_large,0.0,gap_too_large,0.0,gap_too_large,0.0,gap_too_large,0.0,gap_too_large,0.0,gap_too_large,0.0,gap_too_large,0.0,gap_too_large,0.0,gap_too_large,0.0,gap_too_large,0.0,gap_too_large
851547.0,,2024-02-05 11:30:00,OPMC_LIFT,0.0,0.0,0.0,0.0,0.0,0.0,0.0,0.0,0.0,,,,0.0,0.0,0.0,0.0,gap_too_large,0.0,gap_too_large,0.0,gap_too_large,0.0,gap_too_large,0.0,gap_too_large,0.0,gap_too_large,0.0,gap_too_large,0.0,gap_too_large,0.0,gap_too_large,0.0,gap_too_large,0.0,gap_too_large,0.0,gap_too_large,0.0,gap_too_large
851547.0,,2024-02-05 12:00:00,OPMC_LIFT,0.0,0.0,0.0,0.0,0.0,0.0,0.0,0.0,0.0,,,,0.0,0.0,0.0,0.0,gap_too_large,0.0,gap_too_large,0.0,gap_too_large,0.0,gap_too_large,0.0,gap_too_large,0.0,gap_too_large,0.0,gap_too_large,0.0,gap_too_large,0.0,gap_too_large,0.0,gap_too_large,0.0,gap_too_large,0.0,gap_too_large,0.0,gap_too_large
851547.0,,2024-02-05 12:30:00,OPMC_LIFT,0.0,0.0,0.0,0.0,0.0,0.0,0.0,0.0,0.0,,,,0.0,0.0,0.0,0.0,gap_too_large,0.0,gap_too_large,0.0,gap_too_large,0.0,gap_too_large,0.0,gap_too_large,0.0,gap_too_large,0.0,gap_too_large,0.0,gap_too_large,0.0,gap_too_large,0.0,gap_too_large,0.0,gap_too_large,0.0,gap_too_large,0.0,gap_too_large
851547.0,,2024-02-05 13:00:00,OPMC_LIFT,0.0,0.0,0.0,0.0,0.0,0.0,0.0,0.0,0.0,,,,0.0,0.0,0.0,0.0,gap_too_large,0.0,gap_too_large,0.0,gap_too_large,0.0,gap_too_large,0.0,gap_too_large,0.0,gap_too_large,0.0,gap_too_large,0.0,gap_too_large,0.0,gap_too_large,0.0,gap_too_large,0.0,gap_too_large,0.0,gap_too_large,0.0,gap_too_large
851547.0,,2024-02-05 13:30:00,OPMC_LIFT,0.0,0.0,0.0,0.0,0.0,0.0,0.0,0.0,0.0,,,,0.0,0.0,0.0,0.0,gap_too_large,0.0,gap_too_large,0.0,gap_too_large,0.0,gap_too_large,0.0,gap_too_large,0.0,gap_too_large,0.0,gap_too_large,0.0,gap_too_large,0.0,gap_too_large,0.0,gap_too_large,0.0,gap_too_large,0.0,gap_too_large,0.0,gap_too_large
851547.0,,2024-02-05 14:00:00,OPMC_LIFT,0.0,0.0,0.0,0.0,0.0,0.0,0.0,0.0,0.0,,,,0.0,0.0,0.0,0.0,gap_too_large,0.0,gap_too_large,0.0,gap_too_large,0.0,gap_too_large,0.0,gap_too_large,0.0,gap_too_large,0.0,gap_too_large,0.0,gap_too_large,0.0,gap_too_large,0.0,gap_too_large,0.0,gap_too_large,0.0,gap_too_large,0.0,gap_too_large
851547.0,,2024-02-05 14:30:00,OPMC_LIFT,0.0,0.0,0.0,0.0,0.0,0.0,0.0,0.0,0.0,,,,0.0,0.0,0.0,0.0,gap_too_large,0.0,gap_too_large,0.0,gap_too_large,0.0,gap_too_large,0.0,gap_too_large,0.0,gap_too_large,0.0,gap_too_large,0.0,gap_too_large,0.0,gap_too_large,0.0,gap_too_large,0.0,gap_too_large,0.0,gap_too_large,0.0,gap_too_large
851547.0,,2024-02-05 15:00:00,OPMC_LIFT,0.0,0.0,0.0,0.0,0.0,0.0,0.0,0.0,0.0,,,,0.0,0.0,0.0,0.0,gap_too_large,0.0,gap_too_large,0.0,gap_too_large,0.0,gap_too_large,0.0,gap_too_large,0.0,gap_too_large,0.0,gap_too_large,0.0,gap_too_large,0.0,gap_too_large,0.0,gap_too_large,0.0,gap_too_large,0.0,gap_too_large,0.0,gap_too_large
851547.0,,2024-02-05 15:30:00,OPMC_LIFT,0.0,0.0,0.0,0.0,0.0,0.0,0.0,0.0,0.0,,,,0.0,0.0,0.0,0.0,gap_too_large,0.0,gap_too_large,0.0,gap_too_large,0.0,gap_too_large,0.0,gap_too_large,0.0,gap_too_large,0.0,gap_too_large,0.0,gap_too_large,0.0,gap_too_large,0.0,gap_too_large,0.0,gap_too_large,0.0,gap_too_large,0.0,gap_too_large
851547.0,,2024-02-05 16:00:00,OPMC_LIFT,0.0,0.0,0.0,0.0,0.0,0.0,0.0,0.0,0.0,,,,0.0,0.0,0.0,0.0,gap_too_large,0.0,gap_too_large,0.0,gap_too_large,0.0,gap_too_large,0.0,gap_too_large,0.0,gap_too_large,0.0,gap_too_large,0.0,gap_too_large,0.0,gap_too_large,0.0,gap_too_large,0.0,gap_too_large,0.0,gap_too_large,0.0,gap_too_large
851547.0,,2024-02-05 16:30:00,OPMC_LIFT,0.0,0.0,0.0,0.0,0.0,0.0,0.0,0.0,0.0,,,,0.0,0.0,0.0,0.0,gap_too_large,0.0,gap_too_large,0.0,gap_too_large,0.0,gap_too_large,0.0,gap_too_large,0.0,gap_too_large,0.0,gap_too_large,0.0,gap_too_large,0.0,gap_too_large,0.0,gap_too_large,0.0,gap_too_large,0.0,gap_too_large,0.0,gap_too_large
851547.0,,2024-02-05 17:00:00,OPMC_LIFT,0.0,0.0,0.0,0.0,0.0,0.0,0.0,0.0,0.0,,,,0.0,0.0,0.0,0.0,gap_too_large,0.0,gap_too_large,0.0,gap_too_large,0.0,gap_too_large,0.0,gap_too_large,0.0,gap_too_large,0.0,gap_too_large,0.0,gap_too_large,0.0,gap_too_large,0.0,gap_too_large,0.0,gap_too_large,0.0,gap_too_large,0.0,gap_too_large
851547.0,,2024-02-05 17:30:00,OPMC_LIFT,0.0,0.0,0.0,0.0,0.0,0.0,0.0,0.0,0.0,,,,0.0,0.0,0.0,0.0,gap_too_large,0.0,gap_too_large,0.0,gap_too_large,0.0,gap_too_large,0.0,gap_too_large,0.0,gap_too_large,0.0,gap_too_large,0.0,gap_too_large,0.0,gap_too_large,0.0,gap_too_large,0.0,gap_too_large,0.0,gap_too_large,0.0,gap_too_large
851547.0,,2024-02-05 18:00:00,OPMC_LIFT,0.0,0.0,0.0,0.0,0.0,0.0,0.0,0.0,0.0,,,,0.0,0.0,0.0,0.0,gap_too_large,0.0,gap_too_large,0.0,gap_too_large,0.0,gap_too_large,0.0,gap_too_large,0.0,gap_too_large,0.0,gap_too_large,0.0,gap_too_large,0.0,gap_too_large,0.0,gap_too_large,0.0,gap_too_large,0.0,gap_too_large,0.0,gap_too_large
852809.0,22.0,2024-02-05 18:30:00,OPMC_LIFT,1212250000.0,229.0,230.0,231.0,4.0,0.0,4.0,50.03,0.8683,2024-02-05 18:39:38.000,2024-02-05 18:39:38.000,2024-02-05 18:39:38.000,688879194.0,4884877.0,1398954171.0,229.0,original,230.0,original,231.0,original,4.0,original,0.0,gap_too_large,4.0,original,50.03,original,0.8683,original,688879194.0,original,4884877.0,original,1398954171.0,original,1212250000.0,original,-107.0,original
852895.0,22.0,2024-02-05 19:00:00,OPMC_LIFT,1212250000.0,229.0,230.0,232.0,4.0,0.0,4.0,50.01,0.8698999999999999,2024-02-05 19:00:07.000,2024-02-05 19:00:07.000,2024-02-05 19:00:07.000,688881040.0,4885699.0,1398959995.0,229.0,original,230.0,original,232.0,original,4.0,original,0.0,gap_too_large,4.0,original,50.01,original,0.8698999999999999,original,688881040.0,original,4885699.0,original,1398959995.0,original,1212250000.0,original,-103.0,original
853049.0,22.0,2024-02-05 19:30:00,OPMC_LIFT,1212260000.0,229.0,229.0,231.0,4.0,0.0,4.0,50.0,0.8686999999999999,2024-02-05 19:30:11.000,2024-02-05 19:30:11.000,2024-02-05 19:30:11.000,688883744.0,4886906.0,1398968517.0,229.0,original,229.0,original,231.0,original,4.0,original,0.0,gap_too_large,4.0,original,50.0,original,0.8686999999999999,original,688883744.0,original,4886906.0,original,1398968517.0,original,1212260000.0,original,-111.0,original
853241.0,22.0,2024-02-05 20:00:00,OPMC_LIFT,1212270000.0,230.0,230.0,232.0,4.0,0.0,4.0,50.0,0.8669999999999999,2024-02-05 20:10:09.000,2024-02-05 20:10:09.000,2024-02-05 20:10:09.000,688887350.0,4888509.0,1398979877.0,230.0,original,230.0,original,232.0,original,4.0,original,0.0,gap_too_large,4.0,original,50.0,original,0.8669999999999999,original,688887350.0,original,4888509.0,original,1398979877.0,original,1212270000.0,original,-120.0,original
853439.0,22.0,2024-02-05 20:30:00,OPMC_LIFT,1212280000.0,227.0,227.0,229.0,4.0,0.0,4.0,49.96,0.8669999999999999,2024-02-05 20:50:12.000,2024-02-05 20:50:12.000,2024-02-05 20:50:12.000,688890899.0,4890112.0,1398991086.0,227.0,original,227.0,original,229.0,original,4.0,original,0.0,gap_too_large,4.0,original,49.96,original,0.8669999999999999,original,688890899.0,original,4890112.0,original,1398991086.0,original,1212280000.0,original,-112.0,original
853579.0,22.0,2024-02-05 21:00:00,OPMC_LIFT,1212290000.0,228.0,228.0,230.0,4.0,0.0,4.0,50.0,0.8702,2024-02-05 21:20:09.000,2024-02-05 21:20:09.000,2024-02-05 21:20:09.000,688893549.0,4891315.0,1398999473.0,228.0,original,228.0,original,230.0,original,4.0,original,0.0,gap_too_large,4.0,original,50.0,original,0.8702,original,688893549.0,original,4891315.0,original,1398999473.0,original,1212290000.0,original,-111.0,original
853611.0,22.0,2024-02-05 21:30:00,OPMC_LIFT,1212290000.0,228.0,228.0,230.0,4.0,0.0,4.0,49.99,0.8675999999999999,2024-02-05 21:30:06.000,2024-02-05 21:30:06.000,2024-02-05 21:30:06.000,688894438.0,4891715.0,1399002283.0,228.0,original,228.0,original,230.0,original,4.0,original,0.0,gap_too_large,4.0,original,49.99,original,0.8675999999999999,original,688894438.0,original,4891715.0,original,1399002283.0,original,1212290000.0,original,-107.0,original
853771.0,22.0,2024-02-05 22:00:00,OPMC_LIFT,1212300000.0,228.0,228.0,230.0,4.0,0.0,4.0,49.97,0.8694,2024-02-05 22:00:14.000,2024-02-05 22:00:14.000,2024-02-05 22:00:14.000,688897117.0,4892918.0,1399010734.0,228.0,original,228.0,original,230.0,original,4.0,original,0.0,gap_too_large,4.0,original,49.97,original,0.8694,original,688897117.0,original,4892918.0,original,1399010734.0,original,1212300000.0,original,-111.0,original
853991.0,22.0,2024-02-05 22:30:00,OPMC_LIFT,1212310000.0,229.0,230.0,232.0,4.0,0.0,4.0,50.01,0.8666999999999999,2024-02-05 22:40:09.000,2024-02-05 22:40:09.000,2024-02-05 22:40:09.000,688900714.0,4894522.0,1399022069.0,229.0,original,230.0,original,232.0,original,4.0,original,0.0,gap_too_large,4.0,original,50.01,original,0.8666999999999999,original,688900714.0,original,4894522.0,original,1399022069.0,original,1212310000.0,original,-109.0,original
854105.0,22.0,2024-02-05 23:00:00,OPMC_LIFT,1212310000.0,230.0,231.0,233.0,4.0,0.0,4.0,50.07,0.8684999999999999,2024-02-05 23:00:05.000,2024-02-05 23:00:05.000,2024-02-05 23:00:05.000,688902534.0,4895325.0,1399027787.0,230.0,original,231.0,original,233.0,original,4.0,original,0.0,gap_too_large,4.0,original,50.07,original,0.8684999999999999,original,688902534.0,original,4895325.0,original,1399027787.0,original,1212310000.0,original,-108.0,original
854339.0,22.0,2024-02-05 23:30:00,OPMC_LIFT,1212320000.0,227.0,228.0,230.0,4.0,0.0,4.0,49.97,0.8680999999999999,2024-02-05 23:40:13.000,2024-02-05 23:40:13.000,2024-02-05 23:40:13.000,688906115.0,4896925.0,1399039073.0,227.0,original,228.0,original,230.0,original,4.0,original,0.0,gap_too_large,4.0,original,49.97,original,0.8680999999999999,original,688906115.0,original,4896925.0,original,1399039073.0,original,1212320000.0,original,-101.0,original
854443.0,22.0,2024-02-06 00:00:00,OPMC_LIFT,1212320000.0,228.0,228.0,230.0,4.0,0.0,4.0,49.95,0.8658999999999999,2024-02-06 00:00:12.000,2024-02-06 00:00:12.000,2024-02-06 00:00:12.000,688907891.0,4897728.0,1399044689.0,228.0,original,228.0,original,230.0,original,4.0,original,0.0,gap_too_large,4.0,original,49.95,original,0.8658999999999999,original,688907891.0,original,4897728.0,original,1399044689.0,original,1212320000.0,original,-115.0,original
854443.0,,2024-02-06 00:30:00,OPMC_LIFT,1212330000.0,228.5,228.5,230.5,4.0,0.0,4.0,49.995000000000005,0.8671499999999999,,,,688911480.0,4899331.0,1399056001.0,228.5,interpolated,228.5,interpolated,230.5,interpolated,4.0,interpolated,0.0,gap_too_large,4.0,interpolated,49.995000000000005,interpolated,0.8671499999999999,interpolated,688911480.0,interpolated,4899331.0,interpolated,1399056001.0,interpolated,1212330000.0,interpolated,-113.0,interpolated
854889.0,22.0,2024-02-06 01:00:00,OPMC_LIFT,1212340000.0,229.0,229.0,231.0,4.0,0.0,4.0,50.04,0.8684,2024-02-06 01:20:12.000,2024-02-06 01:20:12.000,2024-02-06 01:20:12.000,688915069.0,4900934.0,1399067313.0,229.0,original,229.0,original,231.0,original,4.0,original,0.0,gap_too_large,4.0,original,50.04,original,0.8684,original,688915069.0,original,4900934.0,original,1399067313.0,original,1212340000.0,original,-111.0,original
854929.0,22.0,2024-02-06 01:30:00,OPMC_LIFT,1212350000.0,229.0,229.0,232.0,4.0,0.0,4.0,50.05,0.8685999999999999,2024-02-06 01:30:10.000,2024-02-06 01:30:10.000,2024-02-06 01:30:10.000,688915971.0,4901334.0,1399070155.0,229.0,original,229.0,original,232.0,original,4.0,original,0.0,gap_too_large,4.0,original,50.05,original,0.8685999999999999,original,688915971.0,original,4901334.0,original,1399070155.0,original,1212350000.0,original,-113.0,original
855109.0,22.0,2024-02-06 02:00:00,OPMC_LIFT,1212350000.0,230.0,230.0,232.0,4.0,0.0,4.0,50.07,0.8653,2024-02-06 02:00:10.000,2024-02-06 02:00:10.000,2024-02-06 02:00:10.000,688918682.0,4902538.0,1399078686.0,230.0,original,230.0,original,232.0,original,4.0,original,0.0,gap_too_large,4.0,original,50.07,original,0.8653,original,688918682.0,original,4902538.0,original,1399078686.0,original,1212350000.0,original,-109.0,original
855297.0,22.0,2024-02-06 02:30:00,OPMC_LIFT,1212360000.0,230.0,230.0,233.0,4.0,0.0,4.0,50.06,0.8668999999999999,2024-02-06 02:37:42.000,2024-02-06 02:37:42.000,2024-02-06 02:37:42.000,688922099.0,4904048.0,1399089425.0,230.0,original,230.0,original,233.0,original,4.0,original,0.0,gap_too_large,4.0,original,50.06,original,0.8668999999999999,original,688922099.0,original,4904048.0,original,1399089425.0,original,1212360000.0,original,-109.0,original
855517.0,22.0,2024-02-06 03:00:00,OPMC_LIFT,1212370000.0,231.0,231.0,233.0,4.0,0.0,4.0,50.06,0.8657999999999999,2024-02-06 03:10:12.000,2024-02-06 03:10:12.000,2024-02-06 03:10:12.000,688925072.0,4905347.0,1399098744.0,231.0,original,231.0,original,233.0,original,4.0,original,0.0,gap_too_large,4.0,original,50.06,original,0.8657999999999999,original,688925072.0,original,4905347.0,original,1399098744.0,original,1212370000.0,original,-113.0,original
855617.0,22.0,2024-02-06 03:30:00,OPMC_LIFT,1212380000.0,229.0,229.0,231.0,4.0,0.0,4.0,50.11,0.8674999999999999,2024-02-06 03:30:12.000,2024-02-06 03:30:12.000,2024-02-06 03:30:12.000,688926906.0,4906147.0,1399104501.0,229.0,original,229.0,original,231.0,original,4.0,original,0.0,gap_too_large,4.0,original,50.11,original,0.8674999999999999,original,688926906.0,original,4906147.0,original,1399104501.0,original,1212380000.0,original,-101.0,original
855793.0,22.0,2024-02-06 04:00:00,OPMC_LIFT,1212380000.0,228.0,229.0,231.0,4.0,0.0,4.0,50.03,0.8660999999999999,2024-02-06 04:00:13.000,2024-02-06 04:00:13.000,2024-02-06 04:00:13.000,688929600.0,4907347.0,1399112984.0,228.0,original,229.0,original,231.0,original,4.0,original,0.0,gap_too_large,4.0,original,50.03,original,0.8660999999999999,original,688929600.0,original,4907347.0,original,1399112984.0,original,1212380000.0,original,-103.0,original
855951.0,22.0,2024-02-06 04:30:00,OPMC_LIFT,1212390000.0,228.0,228.0,230.0,4.0,0.0,4.0,50.06,0.8688999999999999,2024-02-06 04:30:09.000,2024-02-06 04:30:09.000,2024-02-06 04:30:09.000,688932282.0,4908550.0,1399121441.0,228.0,original,228.0,original,230.0,original,4.0,original,0.0,gap_too_large,4.0,original,50.06,original,0.8688999999999999,original,688932282.0,original,4908550.0,original,1399121441.0,original,1212390000.0,original,-108.0,original
856175.0,22.0,2024-02-06 05:00:00,OPMC_LIFT,1212400000.0,227.0,227.0,229.0,4.0,0.0,4.0,50.02,0.8680999999999999,2024-02-06 05:10:14.000,2024-02-06 05:10:14.000,2024-02-06 05:10:14.000,688935830.0,4910154.0,1399132657.0,227.0,original,227.0,original,229.0,original,4.0,original,0.0,gap_too_large,4.0,original,50.02,original,0.8680999999999999,original,688935830.0,original,4910154.0,original,1399132657.0,original,1212400000.0,original,-113.0,original
856297.0,22.0,2024-02-06 05:30:00,OPMC_LIFT,1212410000.0,226.0,226.0,228.0,4.0,0.0,4.0,49.92,0.8670999999999999,2024-02-06 05:30:07.000,2024-02-06 05:30:07.000,2024-02-06 05:30:07.000,688937581.0,4910954.0,1399138203.0,226.0,original,226.0,original,228.0,original,4.0,original,0.0,gap_too_large,4.0,original,49.92,original,0.8670999999999999,original,688937581.0,original,4910954.0,original,1399138203.0,original,1212410000.0,original,-111.0,original
856465.0,22.0,2024-02-06 06:00:00,OPMC_LIFT,1212410000.0,228.0,228.0,230.0,4.0,0.0,4.0,50.1,0.8675999999999999,2024-02-06 06:00:07.000,2024-02-06 06:00:07.000,2024-02-06 06:00:07.000,688940218.0,4912157.0,1399146545.0,228.0,original,228.0,original,230.0,original,4.0,original,0.0,gap_too_large,4.0,original,50.1,original,0.8675999999999999,original,688940218.0,original,4912157.0,original,1399146545.0,original,1212410000.0,original,-111.0,original
856721.0,22.0,2024-02-06 06:30:00,OPMC_LIFT,1212420000.0,226.0,226.0,228.0,4.0,0.0,4.0,50.1,0.8665999999999999,2024-02-06 06:40:08.000,2024-02-06 06:40:08.000,2024-02-06 06:40:08.000,688943715.0,4913757.0,1399157633.0,226.0,original,226.0,original,228.0,original,4.0,original,0.0,gap_too_large,4.0,original,50.1,original,0.8665999999999999,original,688943715.0,original,4913757.0,original,1399157633.0,original,1212420000.0,original,-123.0,original
856875.0,22.0,2024-02-06 07:00:00,OPMC_LIFT,1212430000.0,226.0,227.0,228.0,4.0,0.0,4.0,49.92,0.8679999999999999,2024-02-06 07:10:08.000,2024-02-06 07:10:08.000,2024-02-06 07:10:08.000,688946314.0,4914960.0,1399165889.0,226.0,original,227.0,original,228.0,original,4.0,original,0.0,gap_too_large,4.0,original,49.92,original,0.8679999999999999,original,688946314.0,original,4914960.0,original,1399165889.0,original,1212430000.0,original,-108.0,original
856989.0,22.0,2024-02-06 07:30:00,OPMC_LIFT,1212430000.0,225.0,226.0,228.0,4.0,0.0,4.0,50.03,0.8679999999999999,2024-02-06 07:30:11.000,2024-02-06 07:30:11.000,2024-02-06 07:30:11.000,688948048.0,4915757.0,1399171393.0,225.0,original,226.0,original,228.0,original,4.0,original,0.0,gap_too_large,4.0,original,50.03,original,0.8679999999999999,original,688948048.0,original,4915757.0,original,1399171393.0,original,1212430000.0,original,-111.0,original
857125.0,22.0,2024-02-06 08:00:00,OPMC_LIFT,1212440000.0,224.0,225.0,226.0,4.0,0.0,4.0,49.98,0.8683,2024-02-06 08:00:07.000,2024-02-06 08:00:07.000,2024-02-06 08:00:07.000,688950634.0,4916954.0,1399179605.0,224.0,original,225.0,original,226.0,original,4.0,original,0.0,gap_too_large,4.0,original,49.98,original,0.8683,original,688950634.0,original,4916954.0,original,1399179605.0,original,1212440000.0,original,-113.0,original
857211.0,22.0,2024-02-06 08:30:00,OPMC_LIFT,1212450000.0,224.0,225.0,227.0,4.0,0.0,4.0,49.99,0.8704,2024-02-06 08:30:13.000,2024-02-06 08:30:13.000,2024-02-06 08:30:13.000,688953226.0,4918150.0,1399187829.0,224.0,original,225.0,original,227.0,original,4.0,original,0.0,gap_too_large,4.0,original,49.99,original,0.8704,original,688953226.0,original,4918150.0,original,1399187829.0,original,1212450000.0,original,-111.0,original
857323.0,22.0,2024-02-06 09:00:00,OPMC_LIFT,1212470000.0,223.0,224.0,226.0,122.0,125.0,131.0,50.02,0.8143999999999999,2024-02-06 09:10:10.000,2024-02-06 09:10:10.000,2024-02-06 09:10:10.000,688968640.0,4919645.0,1399219297.0,223.0,original,224.0,original,226.0,original,122.0,original,125.0,original,131.0,original,50.02,original,0.8143999999999999,original,688968640.0,original,4919645.0,original,1399219297.0,original,1212470000.0,original,-113.0,original
857423.0,22.0,2024-02-06 09:30:00,OPMC_LIFT,1213760000.0,218.0,220.0,222.0,342.0,361.0,363.0,49.95,0.8707999999999999,2024-02-06 09:50:13.000,2024-02-06 09:50:13.000,2024-02-06 09:50:13.000,689714115.0,4919645.0,1400711397.0,218.0,original,220.0,original,222.0,original,342.0,original,361.0,original,363.0,original,49.95,original,0.8707999999999999,original,689714115.0,original,4919645.0,original,1400711397.0,original,1213760000.0,original,-120.0,original
857480.0,22.0,2024-02-06 10:00:00,OPMC_LIFT,1214440000.0,220.0,222.0,224.0,341.0,360.0,362.0,49.98,0.8670999999999999,2024-02-06 10:10:14.000,2024-02-06 10:10:14.000,2024-02-06 10:10:14.000,690098080.0,4919645.0,1401489573.0,220.0,original,222.0,original,224.0,original,341.0,original,360.0,original,362.0,original,49.98,original,0.8670999999999999,original,690098080.0,original,4919645.0,original,1401489573.0,original,1214440000.0,original,-111.0,original
857531.0,22.0,2024-02-06 10:30:00,OPMC_LIFT,1215120000.0,220.0,222.0,224.0,334.0,353.0,355.0,50.01,0.8672,2024-02-06 10:30:08.000,2024-02-06 10:30:08.000,2024-02-06 10:30:08.000,690485037.0,4919645.0,1402271397.0,220.0,original,222.0,original,224.0,original,334.0,original,353.0,original,355.0,original,50.01,original,0.8672,original,690485037.0,original,4919645.0,original,1402271397.0,original,1215120000.0,original,-120.0,original
857675.0,22.0,2024-02-06 11:00:00,OPMC_LIFT,1216800000.0,220.0,222.0,224.0,336.0,355.0,357.0,50.01,0.8676999999999999,2024-02-06 11:20:13.000,2024-02-06 11:20:13.000,2024-02-06 11:20:13.000,691446131.0,4919645.0,1404211755.0,220.0,original,222.0,original,224.0,original,336.0,original,355.0,original,357.0,original,50.01,original,0.8676999999999999,original,691446131.0,original,4919645.0,original,1404211755.0,original,1216800000.0,original,-106.0,original
857747.0,22.0,2024-02-06 11:30:00,OPMC_LIFT,1217830000.0,221.0,223.0,225.0,351.0,372.0,374.0,50.02,0.8693,2024-02-06 11:50:07.000,2024-02-06 11:50:07.000,2024-02-06 11:50:07.000,692033850.0,4919645.0,1405397320.0,221.0,original,223.0,original,225.0,original,351.0,original,372.0,original,374.0,original,50.02,original,0.8693,original,692033850.0,original,4919645.0,original,1405397320.0,original,1217830000.0,original,-111.0,original
857777.0,22.0,2024-02-06 12:00:00,OPMC_LIFT,1218180000.0,223.0,225.0,227.0,343.0,364.0,367.0,50.09,0.8639999999999999,2024-02-06 12:00:12.000,2024-02-06 12:00:12.000,2024-02-06 12:00:12.000,692235702.0,4919645.0,1405802731.0,223.0,original,225.0,original,227.0,original,343.0,original,364.0,original,367.0,original,50.09,original,0.8639999999999999,original,692235702.0,original,4919645.0,original,1405802731.0,original,1218180000.0,original,-110.0,original
857852.0,22.0,2024-02-06 12:30:00,OPMC_LIFT,1219180000.0,222.0,224.0,225.0,319.0,340.0,342.0,49.99,0.8597999999999999,2024-02-06 12:30:08.000,2024-02-06 12:30:08.000,2024-02-06 12:30:08.000,692822515.0,4919645.0,1406955835.0,222.0,original,224.0,original,225.0,original,319.0,original,340.0,original,342.0,original,49.99,original,0.8597999999999999,original,692822515.0,original,4919645.0,original,1406955835.0,original,1219180000.0,original,-113.0,original
857852.0,,2024-02-06 13:00:00,OPMC_LIFT,1220045000.0,222.0,223.5,225.0,249.5,262.0,265.0,50.010000000000005,0.8654,,,,693332566.5,4919645.0,1407962230.0,222.0,interpolated,223.5,interpolated,225.0,interpolated,249.5,interpolated,262.0,interpolated,265.0,interpolated,50.010000000000005,interpolated,0.8654,interpolated,693332566.5,interpolated,4919645.0,interpolated,1407962230.0,interpolated,1220045000.0,interpolated,-112.0,interpolated
858011.0,22.0,2024-02-06 13:30:00,OPMC_LIFT,1220910000.0,222.0,223.0,225.0,180.0,184.0,188.0,50.03,0.8709999999999999,2024-02-06 13:30:07.000,2024-02-06 13:30:07.000,2024-02-06 13:30:07.000,693842618.0,4919645.0,1408968625.0,222.0,original,223.0,original,225.0,original,180.0,original,184.0,original,188.0,original,50.03,original,0.8709999999999999,original,693842618.0,original,4919645.0,original,1408968625.0,original,1220910000.0,original,-111.0,original
858088.0,22.0,2024-02-06 14:00:00,OPMC_LIFT,1221460000.0,222.0,223.0,225.0,182.0,185.0,191.0,50.0,0.8720999999999999,2024-02-06 14:00:06.000,2024-02-06 14:00:06.000,2024-02-06 14:00:06.000,694147462.0,4919645.0,1409592792.0,222.0,original,223.0,original,225.0,original,182.0,original,185.0,original,191.0,original,50.0,original,0.8720999999999999,original,694147462.0,original,4919645.0,original,1409592792.0,original,1221460000.0,original,-107.0,original
858178.0,22.0,2024-02-06 14:30:00,OPMC_LIFT,1222010000.0,222.0,223.0,225.0,186.0,190.0,195.0,50.02,0.8736999999999999,2024-02-06 14:30:10.000,2024-02-06 14:30:10.000,2024-02-06 14:30:10.000,694456019.0,4919645.0,1410226405.0,222.0,original,223.0,original,225.0,original,186.0,original,190.0,original,195.0,original,50.02,original,0.8736999999999999,original,694456019.0,original,4919645.0,original,1410226405.0,original,1222010000.0,original,-113.0,original
858284.0,22.0,2024-02-06 15:00:00,OPMC_LIFT,1222760000.0,222.0,223.0,225.0,192.0,195.0,200.0,50.04,0.8753,2024-02-06 15:10:10.000,2024-02-06 15:10:10.000,2024-02-06 15:10:10.000,694874730.0,4919645.0,1411090533.0,222.0,original,223.0,original,225.0,original,192.0,original,195.0,original,200.0,original,50.04,original,0.8753,original,694874730.0,original,4919645.0,original,1411090533.0,original,1222760000.0,original,-119.0,original
858335.0,22.0,2024-02-06 15:30:00,OPMC_LIFT,1223150000.0,222.0,224.0,225.0,191.0,196.0,201.0,50.0,0.8740999999999999,2024-02-06 15:30:09.000,2024-02-06 15:30:09.000,2024-02-06 15:30:09.000,695086720.0,4919645.0,1411529720.0,222.0,original,224.0,original,225.0,original,191.0,original,196.0,original,201.0,original,50.0,original,0.8740999999999999,original,695086720.0,original,4919645.0,original,1411529720.0,original,1223150000.0,original,-113.0,original
858420.0,22.0,2024-02-06 16:00:00,OPMC_LIFT,1223350000.0,226.0,227.0,229.0,3.0,0.0,102.5,50.02,0.4733999999999999,2024-02-06 16:00:12.000,2024-02-06 16:00:12.000,2024-02-06 16:00:12.000,695198390.0,4919645.0,1411759160.0,226.0,original,227.0,original,229.0,original,3.0,original,0.0,gap_too_large,102.5,interpolated,50.02,original,0.4733999999999999,original,695198390.0,original,4919645.0,original,1411759160.0,original,1223350000.0,original,-123.0,original
858498.0,22.0,2024-02-06 16:30:00,OPMC_LIFT,1223350000.0,228.0,228.0,230.0,4.0,0.0,4.0,49.96,0.8704999999999999,2024-02-06 16:30:09.000,2024-02-06 16:30:09.000,2024-02-06 16:30:09.000,695200870.0,4920333.0,1411765473.0,228.0,original,228.0,original,230.0,original,4.0,original,0.0,gap_too_large,4.0,original,49.96,original,0.8704999999999999,original,695200870.0,original,4920333.0,original,1411765473.0,original,1223350000.0,original,-106.0,original
858638.0,22.0,2024-02-06 17:00:00,OPMC_LIFT,1223370000.0,229.0,230.0,231.0,4.0,0.0,4.0,50.06,0.8685999999999999,2024-02-06 17:20:08.000,2024-02-06 17:20:08.000,2024-02-06 17:20:08.000,695205357.0,4922339.0,1411779637.0,229.0,original,230.0,original,231.0,original,4.0,original,0.0,gap_too_large,4.0,original,50.06,original,0.8685999999999999,original,695205357.0,original,4922339.0,original,1411779637.0,original,1223370000.0,original,-112.0,original
858666.0,22.0,2024-02-06 17:30:00,OPMC_LIFT,1223370000.0,230.0,230.0,232.0,4.0,0.0,4.0,50.07,0.8688999999999999,2024-02-06 17:30:05.000,2024-02-06 17:30:05.000,2024-02-06 17:30:05.000,695206262.0,4922739.0,1411782485.0,230.0,original,230.0,original,232.0,original,4.0,original,0.0,gap_too_large,4.0,original,50.07,original,0.8688999999999999,original,695206262.0,original,4922739.0,original,1411782485.0,original,1223370000.0,original,-102.0,original
858749.0,22.0,2024-02-06 18:00:00,OPMC_LIFT,1223380000.0,229.0,229.0,231.0,4.0,0.0,4.0,50.04,0.8703,2024-02-06 18:00:08.000,2024-02-06 18:00:08.000,2024-02-06 18:00:08.000,695208979.0,4923942.0,1411791038.0,229.0,original,229.0,original,231.0,original,4.0,original,0.0,gap_too_large,4.0,original,50.04,original,0.8703,original,695208979.0,original,4923942.0,original,1411791038.0,original,1223380000.0,original,-111.0,original
858830.0,22.0,2024-02-06 18:30:00,OPMC_LIFT,1223380000.0,229.0,229.0,231.0,4.0,0.0,4.0,50.0,0.8683,2024-02-06 18:30:07.000,2024-02-06 18:30:07.000,2024-02-06 18:30:07.000,695211686.0,4925146.0,1411799563.0,229.0,original,229.0,original,231.0,original,4.0,original,0.0,gap_too_large,4.0,original,50.0,original,0.8683,original,695211686.0,original,4925146.0,original,1411799563.0,original,1223380000.0,original,-120.0,original
858921.0,22.0,2024-02-06 19:00:00,OPMC_LIFT,1223390000.0,229.0,229.0,231.0,4.0,0.0,4.0,50.03,0.8687999999999999,2024-02-06 19:02:32.000,2024-02-06 19:02:32.000,2024-02-06 19:02:32.000,695214605.0,4926445.0,1411808750.0,229.0,original,229.0,original,231.0,original,4.0,original,0.0,gap_too_large,4.0,original,50.03,original,0.8687999999999999,original,695214605.0,original,4926445.0,original,1411808750.0,original,1223390000.0,original,-121.0,original
858996.0,22.0,2024-02-06 19:30:00,OPMC_LIFT,1223400000.0,228.0,228.0,230.0,4.0,0.0,4.0,50.0,0.8699999999999999,2024-02-06 19:30:08.000,2024-02-06 19:30:08.000,2024-02-06 19:30:08.000,695217059.0,4927546.0,1411816501.0,228.0,original,228.0,original,230.0,original,4.0,original,0.0,gap_too_large,4.0,original,50.0,original,0.8699999999999999,original,695217059.0,original,4927546.0,original,1411816501.0,original,1223400000.0,original,-108.0,original
859133.0,22.0,2024-02-06 20:00:00,OPMC_LIFT,1223410000.0,229.0,229.0,231.0,4.0,0.0,4.0,50.05,0.8665999999999999,2024-02-06 20:20:11.000,2024-02-06 20:20:11.000,2024-02-06 20:20:11.000,695221517.0,4929549.0,1411830581.0,229.0,original,229.0,original,231.0,original,4.0,original,0.0,gap_too_large,4.0,original,50.05,original,0.8665999999999999,original,695221517.0,original,4929549.0,original,1411830581.0,original,1223410000.0,original,-121.0,original
859219.0,22.0,2024-02-06 20:30:00,OPMC_LIFT,1223420000.0,229.0,230.0,231.0,4.0,0.0,4.0,50.02,0.8674999999999999,2024-02-06 20:50:13.000,2024-02-06 20:50:13.000,2024-02-06 20:50:13.000,695224211.0,4930752.0,1411839077.0,229.0,original,230.0,original,231.0,original,4.0,original,0.0,gap_too_large,4.0,original,50.02,original,0.8674999999999999,original,695224211.0,original,4930752.0,original,1411839077.0,original,1223420000.0,original,-120.0,original
859219.0,,2024-02-06 21:00:00,OPMC_LIFT,1223425000.0,229.5,230.5,232.0,4.0,0.0,4.0,50.045,0.8664999999999999,,,,695226028.5,4931552.0,1411844789.0,229.5,interpolated,230.5,interpolated,232.0,interpolated,4.0,interpolated,0.0,gap_too_large,4.0,interpolated,50.045,interpolated,0.8664999999999999,interpolated,695226028.5,interpolated,4931552.0,interpolated,1411844789.0,interpolated,1223425000.0,interpolated,-115.5,interpolated
859329.0,22.0,2024-02-06 21:30:00,OPMC_LIFT,1223430000.0,230.0,231.0,233.0,4.0,0.0,4.0,50.07,0.8654999999999999,2024-02-06 21:30:11.000,2024-02-06 21:30:11.000,2024-02-06 21:30:11.000,695227846.0,4932352.0,1411850501.0,230.0,original,231.0,original,233.0,original,4.0,original,0.0,gap_too_large,4.0,original,50.07,original,0.8654999999999999,original,695227846.0,original,4932352.0,original,1411850501.0,original,1223430000.0,original,-111.0,original
859470.0,22.0,2024-02-06 22:00:00,OPMC_LIFT,1223440000.0,230.0,230.0,232.0,4.0,0.0,4.0,49.96,0.8684,2024-02-06 22:20:07.000,2024-02-06 22:20:07.000,2024-02-06 22:20:07.000,695232435.0,4934355.0,1411864894.0,230.0,original,230.0,original,232.0,original,4.0,original,0.0,gap_too_large,4.0,original,49.96,original,0.8684,original,695232435.0,original,4934355.0,original,1411864894.0,original,1223440000.0,original,-114.0,original
859493.0,22.0,2024-02-06 22:30:00,OPMC_LIFT,1223440000.0,230.0,230.0,232.0,4.0,0.0,4.0,49.94,0.8678999999999999,2024-02-06 22:30:05.000,2024-02-06 22:30:05.000,2024-02-06 22:30:05.000,695233350.0,4934755.0,1411867768.0,230.0,original,230.0,original,232.0,original,4.0,original,0.0,gap_too_large,4.0,original,49.94,original,0.8678999999999999,original,695233350.0,original,4934755.0,original,1411867768.0,original,1223440000.0,original,-123.0,original
859493.0,,2024-02-06 23:00:00,OPMC_LIFT,1223450000.0,229.0,229.5,231.5,4.0,0.0,4.0,49.955,0.8678999999999999,,,,695236089.5,4935956.5,1411876368.0,229.0,interpolated,229.5,interpolated,231.5,interpolated,4.0,interpolated,0.0,gap_too_large,4.0,interpolated,49.955,interpolated,0.8678999999999999,interpolated,695236089.5,interpolated,4935956.5,interpolated,1411876368.0,interpolated,1223450000.0,interpolated,-119.0,interpolated
859651.0,22.0,2024-02-06 23:30:00,OPMC_LIFT,1223460000.0,228.0,229.0,231.0,4.0,0.0,4.0,49.97,0.8678999999999999,2024-02-06 23:30:08.000,2024-02-06 23:30:08.000,2024-02-06 23:30:08.000,695238829.0,4937158.0,1411884968.0,228.0,original,229.0,original,231.0,original,4.0,original,0.0,gap_too_large,4.0,original,49.97,original,0.8678999999999999,original,695238829.0,original,4937158.0,original,1411884968.0,original,1223460000.0,original,-115.0,original
859737.0,22.0,2024-02-07 00:00:00,OPMC_LIFT,1223470000.0,226.0,227.0,229.0,4.0,0.0,4.0,49.95,0.8684,2024-02-07 00:00:12.000,2024-02-07 00:00:12.000,2024-02-07 00:00:12.000,695241517.0,4938358.0,1411893454.0,226.0,original,227.0,original,229.0,original,4.0,original,0.0,gap_too_large,4.0,original,49.95,original,0.8684,original,695241517.0,original,4938358.0,original,1411893454.0,original,1223470000.0,original,-114.0,original
859797.0,22.0,2024-02-07 00:30:00,OPMC_LIFT,1223470000.0,226.0,227.0,229.0,4.0,0.0,4.0,50.06,0.8719999999999999,2024-02-07 00:30:06.000,2024-02-07 00:30:06.000,2024-02-07 00:30:06.000,695244141.0,4939555.0,1411901777.0,226.0,original,227.0,original,229.0,original,4.0,original,0.0,gap_too_large,4.0,original,50.06,original,0.8719999999999999,original,695244141.0,original,4939555.0,original,1411901777.0,original,1223470000.0,original,-111.0,original
859896.0,22.0,2024-02-07 01:00:00,OPMC_LIFT,1223480000.0,227.0,228.0,230.0,4.0,0.0,4.0,50.05,0.8683,2024-02-07 01:10:20.000,2024-02-07 01:10:20.000,2024-02-07 01:10:20.000,695247658.0,4941152.0,1411912933.0,227.0,original,228.0,original,230.0,original,4.0,original,0.0,gap_too_large,4.0,original,50.05,original,0.8683,original,695247658.0,original,4941152.0,original,1411912933.0,original,1223480000.0,original,-121.0,original
859951.0,22.0,2024-02-07 01:30:00,OPMC_LIFT,1223490000.0,227.0,227.0,229.0,4.0,0.0,4.0,50.0,0.8699999999999999,2024-02-07 01:30:10.000,2024-02-07 01:30:10.000,2024-02-07 01:30:10.000,695249421.0,4941952.0,1411918517.0,227.0,original,227.0,original,229.0,original,4.0,original,0.0,gap_too_large,4.0,original,50.0,original,0.8699999999999999,original,695249421.0,original,4941952.0,original,1411918517.0,original,1223490000.0,original,-112.0,original
860051.0,22.0,2024-02-07 02:00:00,OPMC_LIFT,1223500000.0,228.0,228.0,230.0,4.0,0.0,4.0,49.99,0.8684999999999999,2024-02-07 02:10:13.000,2024-02-07 02:10:13.000,2024-02-07 02:10:13.000,695252963.0,4943549.0,1411929729.0,228.0,original,228.0,original,230.0,original,4.0,original,0.0,gap_too_large,4.0,original,49.99,original,0.8684999999999999,original,695252963.0,original,4943549.0,original,1411929729.0,original,1223500000.0,original,-115.0,original
860096.0,22.0,2024-02-07 02:30:00,OPMC_LIFT,1223500000.0,228.0,228.0,230.0,4.0,0.0,4.0,49.97,0.8674999999999999,2024-02-07 02:30:08.000,2024-02-07 02:30:08.000,2024-02-07 02:30:08.000,695254742.0,4944349.0,1411935361.0,228.0,original,228.0,original,230.0,original,4.0,original,0.0,gap_too_large,4.0,original,49.97,original,0.8674999999999999,original,695254742.0,original,4944349.0,original,1411935361.0,original,1223500000.0,original,-111.0,original
860170.0,22.0,2024-02-07 03:00:00,OPMC_LIFT,1223510000.0,228.0,229.0,231.0,4.0,0.0,4.0,50.07,0.8690999999999999,2024-02-07 03:00:06.000,2024-02-07 03:00:06.000,2024-02-07 03:00:06.000,695257418.0,4945549.0,1411943816.0,228.0,original,229.0,original,231.0,original,4.0,original,0.0,gap_too_large,4.0,original,50.07,original,0.8690999999999999,original,695257418.0,original,4945549.0,original,1411943816.0,original,1223510000.0,original,-109.0,original
860275.0,22.0,2024-02-07 03:30:00,OPMC_LIFT,1223520000.0,228.0,229.0,231.0,4.0,0.0,4.0,49.99,0.8702,2024-02-07 03:40:08.000,2024-02-07 03:40:08.000,2024-02-07 03:40:08.000,695260992.0,4947149.0,1411955109.0,228.0,original,229.0,original,231.0,original,4.0,original,0.0,gap_too_large,4.0,original,49.99,original,0.8702,original,695260992.0,original,4947149.0,original,1411955109.0,original,1223520000.0,original,-113.0,original
860327.0,22.0,2024-02-07 04:00:00,OPMC_LIFT,1223520000.0,228.0,229.0,231.0,4.0,0.0,4.0,50.07,0.8694999999999999,2024-02-07 04:00:09.000,2024-02-07 04:00:09.000,2024-02-07 04:00:09.000,695262781.0,4947946.0,1411960757.0,228.0,original,229.0,original,231.0,original,4.0,original,0.0,gap_too_large,4.0,original,50.07,original,0.8694999999999999,original,695262781.0,original,4947946.0,original,1411960757.0,original,1223520000.0,original,-112.0,original
860402.0,22.0,2024-02-07 04:30:00,OPMC_LIFT,1223530000.0,228.0,228.0,230.0,4.0,0.0,4.0,50.05,0.8707999999999999,2024-02-07 04:30:07.000,2024-02-07 04:30:07.000,2024-02-07 04:30:07.000,695265453.0,4949149.0,1411969214.0,228.0,original,228.0,original,230.0,original,4.0,original,0.0,gap_too_large,4.0,original,50.05,original,0.8707999999999999,original,695265453.0,original,4949149.0,original,1411969214.0,original,1223530000.0,original,-121.0,original
860467.0,22.0,2024-02-07 05:00:00,OPMC_LIFT,1223540000.0,227.0,228.0,229.0,4.0,0.0,4.0,50.07,0.8675999999999999,2024-02-07 05:00:08.000,2024-02-07 05:00:08.000,2024-02-07 05:00:08.000,695268112.0,4950349.0,1411977627.0,227.0,original,228.0,original,229.0,original,4.0,original,0.0,gap_too_large,4.0,original,50.07,original,0.8675999999999999,original,695268112.0,original,4950349.0,original,1411977627.0,original,1223540000.0,original,-111.0,original
860563.0,22.0,2024-02-07 05:30:00,OPMC_LIFT,1223550000.0,225.0,226.0,228.0,4.0,0.0,4.0,50.04,0.8699999999999999,2024-02-07 05:40:05.000,2024-02-07 05:40:05.000,2024-02-07 05:40:05.000,695271597.0,4951942.0,1411988699.0,225.0,original,226.0,original,228.0,original,4.0,original,0.0,gap_too_large,4.0,original,50.04,original,0.8699999999999999,original,695271597.0,original,4951942.0,original,1411988699.0,original,1223550000.0,original,-121.0,original
860637.0,22.0,2024-02-07 06:00:00,OPMC_LIFT,1223560000.0,227.0,227.0,229.0,4.0,0.0,4.0,50.08,0.8678999999999999,2024-02-07 06:10:07.000,2024-02-07 06:10:07.000,2024-02-07 06:10:07.000,695274221.0,4953142.0,1411997035.0,227.0,original,227.0,original,229.0,original,4.0,original,0.0,gap_too_large,4.0,original,50.08,original,0.8678999999999999,original,695274221.0,original,4953142.0,original,1411997035.0,original,1223560000.0,original,-111.0,original
860685.0,22.0,2024-02-07 06:30:00,OPMC_LIFT,1223560000.0,226.0,226.0,228.0,4.0,0.0,4.0,50.08,0.8676999999999999,2024-02-07 06:30:11.000,2024-02-07 06:30:11.000,2024-02-07 06:30:11.000,695275965.0,4953942.0,1412002574.0,226.0,original,226.0,original,228.0,original,4.0,original,0.0,gap_too_large,4.0,original,50.08,original,0.8676999999999999,original,695275965.0,original,4953942.0,original,1412002574.0,original,1223560000.0,original,-111.0,original
860778.0,22.0,2024-02-07 07:00:00,OPMC_LIFT,1223570000.0,225.0,225.0,227.0,4.0,0.0,3.0,50.02,0.8697999999999999,2024-02-07 07:00:11.000,2024-02-07 07:00:11.000,2024-02-07 07:00:11.000,695278557.0,4955142.0,1412010827.0,225.0,original,225.0,original,227.0,original,4.0,original,0.0,gap_too_large,3.0,original,50.02,original,0.8697999999999999,original,695278557.0,original,4955142.0,original,1412010827.0,original,1223570000.0,original,-109.0,original
860862.0,22.0,2024-02-07 07:30:00,OPMC_LIFT,1223570000.0,226.0,227.0,228.0,4.0,0.0,4.0,49.99,0.8676999999999999,2024-02-07 07:30:14.000,2024-02-07 07:30:14.000,2024-02-07 07:30:14.000,695281171.0,4956339.0,1412019121.0,226.0,original,227.0,original,228.0,original,4.0,original,0.0,gap_too_large,4.0,original,49.99,original,0.8676999999999999,original,695281171.0,original,4956339.0,original,1412019121.0,original,1223570000.0,original,-111.0,original
860862.0,,2024-02-07 08:00:00,OPMC_LIFT,1224015000.0,222.0,223.5,225.0,177.5,0.0,187.0,49.97,0.86795,,,,695543360.0,4956948.5,1412533953.0,222.0,interpolated,223.5,interpolated,225.0,interpolated,177.5,interpolated,0.0,gap_too_large,187.0,interpolated,49.97,interpolated,0.86795,interpolated,695543360.0,interpolated,4956948.5,interpolated,1412533953.0,interpolated,1224015000.0,interpolated,-116.0,interpolated
861020.0,22.0,2024-02-07 08:30:00,OPMC_LIFT,1224460000.0,218.0,220.0,222.0,351.0,373.0,370.0,49.95,0.8682,2024-02-07 08:30:12.000,2024-02-07 08:30:12.000,2024-02-07 08:30:12.000,695805549.0,4957558.0,1413048785.0,218.0,original,220.0,original,222.0,original,351.0,original,373.0,original,370.0,original,49.95,original,0.8682,original,695805549.0,original,4957558.0,original,1413048785.0,original,1224460000.0,original,-121.0,original
861094.0,22.0,2024-02-07 09:00:00,OPMC_LIFT,1225220000.0,220.0,222.0,223.0,305.0,201.0,203.0,49.97,0.8699999999999999,2024-02-07 09:00:09.000,2024-02-07 09:00:09.000,2024-02-07 09:00:09.000,696255430.0,4957558.0,1413938270.0,220.0,original,222.0,original,223.0,original,305.0,original,201.0,original,203.0,original,49.97,original,0.8699999999999999,original,696255430.0,original,4957558.0,original,1413938270.0,original,1225220000.0,original,-120.0,original
861094.0,,2024-02-07 09:30:00,OPMC_LIFT,1225970000.0,220.0,222.0,223.0,335.5,293.5,293.5,50.004999999999995,0.8699499999999999,,,,696689094.0,4957558.0,1414803460.5,220.0,interpolated,222.0,interpolated,223.0,interpolated,335.5,interpolated,293.5,interpolated,293.5,interpolated,50.004999999999995,interpolated,0.8699499999999999,interpolated,696689094.0,interpolated,4957558.0,interpolated,1414803460.5,interpolated,1225970000.0,interpolated,-114.0,interpolated
861258.0,22.0,2024-02-07 10:00:00,OPMC_LIFT,1226720000.0,220.0,222.0,223.0,366.0,386.0,384.0,50.04,0.8698999999999999,2024-02-07 10:00:06.000,2024-02-07 10:00:06.000,2024-02-07 10:00:06.000,697122758.0,4957558.0,1415668651.0,220.0,original,222.0,original,223.0,original,366.0,original,386.0,original,384.0,original,50.04,original,0.8698999999999999,original,697122758.0,original,4957558.0,original,1415668651.0,original,1226720000.0,original,-108.0,original
861337.0,22.0,2024-02-07 10:30:00,OPMC_LIFT,1227490000.0,219.0,222.0,223.0,371.0,392.0,388.0,49.99,0.8714,2024-02-07 10:30:07.000,2024-02-07 10:30:07.000,2024-02-07 10:30:07.000,697566144.0,4957558.0,1416554392.0,219.0,original,222.0,original,223.0,original,371.0,original,392.0,original,388.0,original,49.99,original,0.8714,original,697566144.0,original,4957558.0,original,1416554392.0,original,1227490000.0,original,-103.0,original
861337.0,,2024-02-07 11:00:00,OPMC_LIFT,1228245000.0,220.0,222.5,223.5,344.5,364.5,361.0,50.010000000000005,0.8610499999999999,,,,698018843.0,4957558.0,1417436046.5,220.0,interpolated,222.5,interpolated,223.5,interpolated,344.5,interpolated,364.5,interpolated,361.0,interpolated,50.010000000000005,interpolated,0.8610499999999999,interpolated,698018843.0,interpolated,4957558.0,interpolated,1417436046.5,interpolated,1228245000.0,interpolated,-105.5,interpolated
861509.0,22.0,2024-02-07 11:30:00,OPMC_LIFT,1229000000.0,221.0,223.0,224.0,318.0,337.0,334.0,50.03,0.8506999999999999,2024-02-07 11:30:10.000,2024-02-07 11:30:10.000,2024-02-07 11:30:10.000,698471542.0,4957558.0,1418317701.0,221.0,original,223.0,original,224.0,original,318.0,original,337.0,original,334.0,original,50.03,original,0.8506999999999999,original,698471542.0,original,4957558.0,original,1418317701.0,original,1229000000.0,original,-108.0,original
861583.0,22.0,2024-02-07 12:00:00,OPMC_LIFT,1229780000.0,225.0,226.0,228.0,206.0,213.0,216.0,50.04,0.8694999999999999,2024-02-07 12:00:09.000,2024-02-07 12:00:09.000,2024-02-07 12:00:09.000,698937389.0,4957558.0,1419232600.0,225.0,original,226.0,original,228.0,original,206.0,original,213.0,original,216.0,original,50.04,original,0.8694999999999999,original,698937389.0,original,4957558.0,original,1419232600.0,original,1229780000.0,original,-119.0,original
861656.0,22.0,2024-02-07 12:30:00,OPMC_LIFT,1230550000.0,222.0,224.0,225.0,375.0,397.0,394.0,49.99,0.8667999999999999,2024-02-07 12:30:08.000,2024-02-07 12:30:08.000,2024-02-07 12:30:08.000,699407206.0,4957558.0,1420130321.0,222.0,original,224.0,original,225.0,original,375.0,original,397.0,original,394.0,original,49.99,original,0.8667999999999999,original,699407206.0,original,4957558.0,original,1420130321.0,original,1230550000.0,original,-121.0,original
861789.0,22.0,2024-02-07 13:00:00,OPMC_LIFT,1231860000.0,221.0,223.0,224.0,324.0,345.0,342.0,49.96,0.8568999999999999,2024-02-07 13:20:10.000,2024-02-07 13:20:10.000,2024-02-07 13:20:10.000,700191030.0,4957558.0,1421666113.0,221.0,original,223.0,original,224.0,original,324.0,original,345.0,original,342.0,original,49.96,original,0.8568999999999999,original,700191030.0,original,4957558.0,original,1421666113.0,original,1231860000.0,original,-120.0,original
861867.0,22.0,2024-02-07 13:30:00,OPMC_LIFT,1232640000.0,220.0,222.0,224.0,325.0,343.0,342.0,49.98,0.853,2024-02-07 13:50:11.000,2024-02-07 13:50:11.000,2024-02-07 13:50:11.000,700654400.0,4957558.0,1422573989.0,220.0,original,222.0,original,224.0,original,325.0,original,343.0,original,342.0,original,49.98,original,0.853,original,700654400.0,original,4957558.0,original,1422573989.0,original,1232640000.0,original,-111.0,original
861896.0,22.0,2024-02-07 14:00:00,OPMC_LIFT,1232910000.0,221.0,223.0,224.0,311.0,329.0,327.0,49.97,0.8492,2024-02-07 14:00:11.000,2024-02-07 14:00:11.000,2024-02-07 14:00:11.000,700812986.0,4957558.0,1422886257.0,221.0,original,223.0,original,224.0,original,311.0,original,329.0,original,327.0,original,49.97,original,0.8492,original,700812986.0,original,4957558.0,original,1422886257.0,original,1232910000.0,original,-109.0,original
862013.0,22.0,2024-02-07 14:30:00,OPMC_LIFT,1233970000.0,222.0,224.0,226.0,202.0,211.0,212.0,49.99,0.8607999999999999,2024-02-07 14:40:10.000,2024-02-07 14:40:10.000,2024-02-07 14:40:10.000,701447005.0,4957558.0,1424122414.0,222.0,original,224.0,original,226.0,original,202.0,original,211.0,original,212.0,original,49.99,original,0.8607999999999999,original,701447005.0,original,4957558.0,original,1424122414.0,original,1233970000.0,original,-106.0,original
862059.0,22.0,2024-02-07 15:00:00,OPMC_LIFT,1234450000.0,223.0,225.0,226.0,212.0,217.0,220.0,50.01,0.8727999999999999,2024-02-07 15:00:09.000,2024-02-07 15:00:09.000,2024-02-07 15:00:09.000,701729984.0,4957558.0,1424679368.0,223.0,original,225.0,original,226.0,original,212.0,original,217.0,original,220.0,original,50.01,original,0.8727999999999999,original,701729984.0,original,4957558.0,original,1424679368.0,original,1234450000.0,original,-117.0,original
862133.0,22.0,2024-02-07 15:30:00,OPMC_LIFT,1235150000.0,222.0,224.0,225.0,305.0,323.0,322.0,50.04,0.845,2024-02-07 15:30:08.000,2024-02-07 15:30:08.000,2024-02-07 15:30:08.000,702139331.0,4957558.0,1425486213.0,222.0,original,224.0,original,225.0,original,305.0,original,323.0,original,322.0,original,50.04,original,0.845,original,702139331.0,original,4957558.0,original,1425486213.0,original,1235150000.0,original,-123.0,original
862214.0,22.0,2024-02-07 16:00:00,OPMC_LIFT,1235810000.0,225.0,227.0,228.0,195.0,204.0,205.0,50.07,0.8536999999999999,2024-02-07 16:00:11.000,2024-02-07 16:00:11.000,2024-02-07 16:00:11.000,702558314.0,4957558.0,1426274123.0,225.0,original,227.0,original,228.0,original,195.0,original,204.0,original,205.0,original,50.07,original,0.8536999999999999,original,702558314.0,original,4957558.0,original,1426274123.0,original,1235810000.0,original,-107.0,original
862334.0,22.0,2024-02-07 16:30:00,OPMC_LIFT,1236030000.0,228.0,229.0,230.0,4.0,0.0,4.0,49.97,0.8673,2024-02-07 16:50:11.000,2024-02-07 16:50:11.000,2024-02-07 16:50:11.000,702696006.0,4957744.0,1426532325.0,228.0,original,229.0,original,230.0,original,4.0,original,0.0,gap_too_large,4.0,original,49.97,original,0.8673,original,702696006.0,original,4957744.0,original,1426532325.0,original,1236030000.0,original,-124.0,original
862362.0,22.0,2024-02-07 17:00:00,OPMC_LIFT,1236030000.0,230.0,230.0,232.0,4.0,0.0,4.0,50.02,0.8679999999999999,2024-02-07 17:00:08.000,2024-02-07 17:00:08.000,2024-02-07 17:00:08.000,702696906.0,4958147.0,1426535163.0,230.0,original,230.0,original,232.0,original,4.0,original,0.0,gap_too_large,4.0,original,50.02,original,0.8679999999999999,original,702696906.0,original,4958147.0,original,1426535163.0,original,1236030000.0,original,-121.0,original
862437.0,22.0,2024-02-07 17:30:00,OPMC_LIFT,1236040000.0,229.0,230.0,231.0,4.0,0.0,4.0,50.06,0.8696999999999999,2024-02-07 17:30:07.000,2024-02-07 17:30:07.000,2024-02-07 17:30:07.000,702699590.0,4959350.0,1426543646.0,229.0,original,230.0,original,231.0,original,4.0,original,0.0,gap_too_large,4.0,original,50.06,original,0.8696999999999999,original,702699590.0,original,4959350.0,original,1426543646.0,original,1236040000.0,original,-123.0,original
862519.0,22.0,2024-02-07 18:00:00,OPMC_LIFT,1236050000.0,229.0,230.0,231.0,4.0,0.0,4.0,50.08,0.8696999999999999,2024-02-07 18:00:11.000,2024-02-07 18:00:11.000,2024-02-07 18:00:11.000,702702307.0,4960554.0,1426552197.0,229.0,original,230.0,original,231.0,original,4.0,original,0.0,gap_too_large,4.0,original,50.08,original,0.8696999999999999,original,702702307.0,original,4960554.0,original,1426552197.0,original,1236050000.0,original,-120.0,original
862601.0,22.0,2024-02-07 18:30:00,OPMC_LIFT,1236060000.0,229.0,230.0,232.0,4.0,0.0,4.0,50.04,0.8653,2024-02-07 18:39:44.000,2024-02-07 18:39:44.000,2024-02-07 18:39:44.000,702705878.0,4962138.0,1426563441.0,229.0,original,230.0,original,232.0,original,4.0,original,0.0,gap_too_large,4.0,original,50.04,original,0.8653,original,702705878.0,original,4962138.0,original,1426563441.0,original,1236060000.0,original,-121.0,original
862671.0,22.0,2024-02-07 19:00:00,OPMC_LIFT,1236060000.0,230.0,230.0,232.0,4.0,0.0,4.0,50.02,0.8688999999999999,2024-02-07 19:00:10.000,2024-02-07 19:00:10.000,2024-02-07 19:00:10.000,702707728.0,4962954.0,1426569256.0,230.0,original,230.0,original,232.0,original,4.0,original,0.0,gap_too_large,4.0,original,50.02,original,0.8688999999999999,original,702707728.0,original,4962954.0,original,1426569256.0,original,1236060000.0,original,-109.0,original
862766.0,22.0,2024-02-07 19:30:00,OPMC_LIFT,1236070000.0,229.0,229.0,231.0,4.0,0.0,4.0,50.02,0.8674,2024-02-07 19:40:12.000,2024-02-07 19:40:12.000,2024-02-07 19:40:12.000,702711341.0,4964554.0,1426580622.0,229.0,original,229.0,original,231.0,original,4.0,original,0.0,gap_too_large,4.0,original,50.02,original,0.8674,original,702711341.0,original,4964554.0,original,1426580622.0,original,1236070000.0,original,-108.0,original
862816.0,22.0,2024-02-07 20:00:00,OPMC_LIFT,1236080000.0,229.0,229.0,231.0,4.0,0.0,4.0,49.99,0.8668999999999999,2024-02-07 20:00:08.000,2024-02-07 20:00:08.000,2024-02-07 20:00:08.000,702713146.0,4965354.0,1426586299.0,229.0,original,229.0,original,231.0,original,4.0,original,0.0,gap_too_large,4.0,original,49.99,original,0.8668999999999999,original,702713146.0,original,4965354.0,original,1426586299.0,original,1236080000.0,original,-121.0,original
862908.0,22.0,2024-02-07 20:30:00,OPMC_LIFT,1236090000.0,230.0,230.0,232.0,4.0,0.0,4.0,50.0,0.8674,2024-02-07 20:40:03.000,2024-02-07 20:40:03.000,2024-02-07 20:40:03.000,702716768.0,4966957.0,1426597691.0,230.0,original,230.0,original,232.0,original,4.0,original,0.0,gap_too_large,4.0,original,50.0,original,0.8674,original,702716768.0,original,4966957.0,original,1426597691.0,original,1236090000.0,original,-123.0,original
862962.0,22.0,2024-02-07 21:00:00,OPMC_LIFT,1236090000.0,230.0,231.0,232.0,4.0,0.0,4.0,50.04,0.8669999999999999,2024-02-07 21:00:11.000,2024-02-07 21:00:11.000,2024-02-07 21:00:11.000,702718589.0,4967760.0,1426603409.0,230.0,original,231.0,original,232.0,original,4.0,original,0.0,gap_too_large,4.0,original,50.04,original,0.8669999999999999,original,702718589.0,original,4967760.0,original,1426603409.0,original,1236090000.0,original,-120.0,original
863061.0,22.0,2024-02-07 21:30:00,OPMC_LIFT,1236100000.0,228.0,229.0,231.0,4.0,0.0,4.0,50.07,0.8686999999999999,2024-02-07 21:40:13.000,2024-02-07 21:40:13.000,2024-02-07 21:40:13.000,702722240.0,4969366.0,1426614872.0,228.0,original,229.0,original,231.0,original,4.0,original,0.0,gap_too_large,4.0,original,50.07,original,0.8686999999999999,original,702722240.0,original,4969366.0,original,1426614872.0,original,1236100000.0,original,-107.0,original
863116.0,22.0,2024-02-07 22:00:00,OPMC_LIFT,1236110000.0,228.0,228.0,230.0,4.0,0.0,4.0,50.05,0.8674999999999999,2024-02-07 22:00:08.000,2024-02-07 22:00:08.000,2024-02-07 22:00:08.000,702724029.0,4970170.0,1426620517.0,228.0,original,228.0,original,230.0,original,4.0,original,0.0,gap_too_large,4.0,original,50.05,original,0.8674999999999999,original,702724029.0,original,4970170.0,original,1426620517.0,original,1236110000.0,original,-121.0,original
863185.0,22.0,2024-02-07 22:30:00,OPMC_LIFT,1236110000.0,228.0,229.0,231.0,4.0,0.0,4.0,49.96,0.8675999999999999,2024-02-07 22:30:13.000,2024-02-07 22:30:13.000,2024-02-07 22:30:13.000,702726710.0,4971373.0,1426628974.0,228.0,original,229.0,original,231.0,original,4.0,original,0.0,gap_too_large,4.0,original,49.96,original,0.8675999999999999,original,702726710.0,original,4971373.0,original,1426628974.0,original,1236110000.0,original,-123.0,original
863185.0,,2024-02-07 23:00:00,OPMC_LIFT,1236120000.0,228.66666666666666,229.33333333333334,231.66666666666666,4.0,0.0,4.0,49.99,0.8668666666666666,,,,702729424.6666666,4972577.333333333,1426637519.0,228.66666666666666,interpolated,229.33333333333334,interpolated,231.66666666666666,interpolated,4.0,interpolated,0.0,gap_too_large,4.0,interpolated,49.99,interpolated,0.8668666666666666,interpolated,702729424.6666666,interpolated,4972577.333333333,interpolated,1426637519.0,interpolated,1236120000.0,interpolated,-122.33333333333333,interpolated
863185.0,,2024-02-07 23:30:00,OPMC_LIFT,1236130000.0,229.33333333333334,229.66666666666666,232.33333333333334,4.0,0.0,4.0,50.019999999999996,0.8661333333333333,,,,702732139.3333334,4973781.666666667,1426646064.0,229.33333333333334,interpolated,229.66666666666666,interpolated,232.33333333333334,interpolated,4.0,interpolated,0.0,gap_too_large,4.0,interpolated,50.019999999999996,interpolated,0.8661333333333333,interpolated,702732139.3333334,interpolated,4973781.666666667,interpolated,1426646064.0,interpolated,1236130000.0,interpolated,-121.66666666666667,interpolated
863440.0,22.0,2024-02-08 00:00:00,OPMC_LIFT,1236140000.0,230.0,230.0,233.0,4.0,0.0,4.0,50.05,0.8654,2024-02-08 00:00:10.000,2024-02-08 00:00:10.000,2024-02-08 00:00:10.000,702734854.0,4974986.0,1426654609.0,230.0,original,230.0,original,233.0,original,4.0,original,0.0,gap_too_large,4.0,original,50.05,original,0.8654,original,702734854.0,original,4974986.0,original,1426654609.0,original,1236140000.0,original,-121.0,original
863524.0,22.0,2024-02-08 00:30:00,OPMC_LIFT,1236140000.0,230.0,231.0,233.0,4.0,0.0,4.0,50.04,0.8653,2024-02-08 00:30:12.000,2024-02-08 00:30:12.000,2024-02-08 00:30:12.000,702737606.0,4976192.0,1426663246.0,230.0,original,231.0,original,233.0,original,4.0,original,0.0,gap_too_large,4.0,original,50.04,original,0.8653,original,702737606.0,original,4976192.0,original,1426663246.0,original,1236140000.0,original,-123.0,original
863638.0,22.0,2024-02-08 01:00:00,OPMC_LIFT,1236150000.0,228.0,229.0,231.0,4.0,0.0,4.0,50.03,0.8676999999999999,2024-02-08 01:10:12.000,2024-02-08 01:10:12.000,2024-02-08 01:10:12.000,702741261.0,4977798.0,1426674718.0,228.0,original,229.0,original,231.0,original,4.0,original,0.0,gap_too_large,4.0,original,50.03,original,0.8676999999999999,original,702741261.0,original,4977798.0,original,1426674718.0,original,1236150000.0,original,-119.0,original
863638.0,,2024-02-08 01:30:00,OPMC_LIFT,1236160000.0,229.0,229.5,231.5,4.0,0.0,4.0,50.035,0.8676499999999999,,,,702744416.0,4979204.5,1426684662.0,229.0,interpolated,229.5,interpolated,231.5,interpolated,4.0,interpolated,0.0,gap_too_large,4.0,interpolated,50.035,interpolated,0.8676499999999999,interpolated,702744416.0,interpolated,4979204.5,interpolated,1426684662.0,interpolated,1236160000.0,interpolated,-114.0,interpolated
863839.0,22.0,2024-02-08 02:00:00,OPMC_LIFT,1236170000.0,230.0,230.0,232.0,4.0,0.0,4.0,50.04,0.8675999999999999,2024-02-08 02:20:07.000,2024-02-08 02:20:07.000,2024-02-08 02:20:07.000,702747571.0,4980611.0,1426694606.0,230.0,original,230.0,original,232.0,original,4.0,original,0.0,gap_too_large,4.0,original,50.04,original,0.8675999999999999,original,702747571.0,original,4980611.0,original,1426694606.0,original,1236170000.0,original,-109.0,original
863874.0,22.0,2024-02-08 02:30:00,OPMC_LIFT,1236170000.0,230.0,230.0,232.0,4.0,0.0,4.0,50.03,0.8683,2024-02-08 02:30:09.000,2024-02-08 02:30:09.000,2024-02-08 02:30:09.000,702748480.0,4981011.0,1426697464.0,230.0,original,230.0,original,232.0,original,4.0,original,0.0,gap_too_large,4.0,original,50.03,original,0.8683,original,702748480.0,original,4981011.0,original,1426697464.0,original,1236170000.0,original,-113.0,original
863989.0,22.0,2024-02-08 03:00:00,OPMC_LIFT,1236180000.0,231.0,231.0,233.0,4.0,0.0,4.0,50.05,0.8668999999999999,2024-02-08 03:10:07.000,2024-02-08 03:10:07.000,2024-02-08 03:10:07.000,702752138.0,4982621.0,1426708958.0,231.0,original,231.0,original,233.0,original,4.0,original,0.0,gap_too_large,4.0,original,50.05,original,0.8668999999999999,original,702752138.0,original,4982621.0,original,1426708958.0,original,1236180000.0,original,-111.0,original
864101.0,22.0,2024-02-08 03:30:00,OPMC_LIFT,1236190000.0,229.0,229.0,231.0,4.0,0.0,4.0,50.07,0.8649999999999999,2024-02-08 03:50:03.000,2024-02-08 03:50:03.000,2024-02-08 03:50:03.000,702755766.0,4984227.0,1426720379.0,229.0,original,229.0,original,231.0,original,4.0,original,0.0,gap_too_large,4.0,original,50.07,original,0.8649999999999999,original,702755766.0,original,4984227.0,original,1426720379.0,original,1236190000.0,original,-109.0,original
864204.0,22.0,2024-02-08 04:00:00,OPMC_LIFT,1236200000.0,229.0,229.0,231.0,4.0,0.0,4.0,50.05,0.8676999999999999,2024-02-08 04:20:13.000,2024-02-08 04:20:13.000,2024-02-08 04:20:13.000,702758458.0,4985437.0,1426728878.0,229.0,original,229.0,original,231.0,original,4.0,original,0.0,gap_too_large,4.0,original,50.05,original,0.8676999999999999,original,702758458.0,original,4985437.0,original,1426728878.0,original,1236200000.0,original,-108.0,original
864235.0,22.0,2024-02-08 04:30:00,OPMC_LIFT,1236200000.0,229.0,229.0,231.0,4.0,0.0,4.0,50.05,0.8676999999999999,2024-02-08 04:30:10.000,2024-02-08 04:30:10.000,2024-02-08 04:30:10.000,702759357.0,4985837.0,1426731704.0,229.0,original,229.0,original,231.0,original,4.0,original,0.0,gap_too_large,4.0,original,50.05,original,0.8676999999999999,original,702759357.0,original,4985837.0,original,1426731704.0,original,1236200000.0,original,-121.0,original
864320.0,22.0,2024-02-08 05:00:00,OPMC_LIFT,1236210000.0,228.0,229.0,231.0,4.0,0.0,4.0,50.06,0.8678999999999999,2024-02-08 05:00:12.000,2024-02-08 05:00:12.000,2024-02-08 05:00:12.000,702762038.0,4987046.0,1426740190.0,228.0,original,229.0,original,231.0,original,4.0,original,0.0,gap_too_large,4.0,original,50.06,original,0.8678999999999999,original,702762038.0,original,4987046.0,original,1426740190.0,original,1236210000.0,original,-111.0,original
864403.0,22.0,2024-02-08 05:30:00,OPMC_LIFT,1236220000.0,228.0,228.0,230.0,4.0,0.0,4.0,50.09,0.8688999999999999,2024-02-08 05:30:08.000,2024-02-08 05:30:08.000,2024-02-08 05:30:08.000,702764710.0,4988256.0,1426748641.0,228.0,original,228.0,original,230.0,original,4.0,original,0.0,gap_too_large,4.0,original,50.09,original,0.8688999999999999,original,702764710.0,original,4988256.0,original,1426748641.0,original,1236220000.0,original,-112.0,original
864546.0,22.0,2024-02-08 06:00:00,OPMC_LIFT,1236230000.0,228.0,228.0,230.0,4.0,0.0,4.0,50.06,0.8645999999999999,2024-02-08 06:20:06.000,2024-02-08 06:20:06.000,2024-02-08 06:20:06.000,702769165.0,4990269.0,1426762728.0,228.0,original,228.0,original,230.0,original,4.0,original,0.0,gap_too_large,4.0,original,50.06,original,0.8645999999999999,original,702769165.0,original,4990269.0,original,1426762728.0,original,1236230000.0,original,-109.0,original
864581.0,22.0,2024-02-08 06:30:00,OPMC_LIFT,1236230000.0,228.0,229.0,231.0,4.0,0.0,4.0,50.15,0.8669999999999999,2024-02-08 06:30:11.000,2024-02-08 06:30:11.000,2024-02-08 06:30:11.000,702770054.0,4990675.0,1426765550.0,228.0,original,229.0,original,231.0,original,4.0,original,0.0,gap_too_large,4.0,original,50.15,original,0.8669999999999999,original,702770054.0,original,4990675.0,original,1426765550.0,original,1236230000.0,original,-111.0,original
864677.0,22.0,2024-02-08 07:00:00,OPMC_LIFT,1236240000.0,227.0,227.0,229.0,4.0,0.0,4.0,49.95,0.8676999999999999,2024-02-08 07:00:07.000,2024-02-08 07:00:07.000,2024-02-08 07:00:07.000,702772688.0,4991882.0,1426773905.0,227.0,original,227.0,original,229.0,original,4.0,original,0.0,gap_too_large,4.0,original,49.95,original,0.8676999999999999,original,702772688.0,original,4991882.0,original,1426773905.0,original,1236240000.0,original,-123.0,original
864785.0,22.0,2024-02-08 07:30:00,OPMC_LIFT,1236250000.0,225.0,226.0,227.0,4.0,0.0,4.0,49.94,0.8686999999999999,2024-02-08 07:40:10.000,2024-02-08 07:40:10.000,2024-02-08 07:40:10.000,702776166.0,4993488.0,1426784968.0,225.0,original,226.0,original,227.0,original,4.0,original,0.0,gap_too_large,4.0,original,49.94,original,0.8686999999999999,original,702776166.0,original,4993488.0,original,1426784968.0,original,1236250000.0,original,-108.0,original
864863.0,22.0,2024-02-08 08:00:00,OPMC_LIFT,1236260000.0,226.0,226.0,228.0,4.0,0.0,4.0,50.03,0.8670999999999999,2024-02-08 08:10:09.000,2024-02-08 08:10:09.000,2024-02-08 08:10:09.000,702778771.0,4994694.0,1426793243.0,226.0,original,226.0,original,228.0,original,4.0,original,0.0,gap_too_large,4.0,original,50.03,original,0.8670999999999999,original,702778771.0,original,4994694.0,original,1426793243.0,original,1236260000.0,original,-108.0,original
864919.0,22.0,2024-02-08 08:30:00,OPMC_LIFT,1236260000.0,227.0,227.0,229.0,4.0,0.0,4.0,49.96,0.8692,2024-02-08 08:30:09.000,2024-02-08 08:30:09.000,2024-02-08 08:30:09.000,702780528.0,4995498.0,1426798811.0,227.0,original,227.0,original,229.0,original,4.0,original,0.0,gap_too_large,4.0,original,49.96,original,0.8692,original,702780528.0,original,4995498.0,original,1426798811.0,original,1236260000.0,original,-108.0,original
864998.0,22.0,2024-02-08 09:00:00,OPMC_LIFT,1236270000.0,226.0,226.0,228.0,4.0,0.0,4.0,50.05,0.8656999999999999,2024-02-08 09:00:08.000,2024-02-08 09:00:08.000,2024-02-08 09:00:08.000,702783155.0,4996707.0,1426807153.0,226.0,original,226.0,original,228.0,original,4.0,original,0.0,gap_too_large,4.0,original,50.05,original,0.8656999999999999,original,702783155.0,original,4996707.0,original,1426807153.0,original,1236270000.0,original,-106.0,original
865089.0,22.0,2024-02-08 09:30:00,OPMC_LIFT,1236280000.0,225.0,226.0,227.0,4.0,0.0,4.0,50.06,0.8683,2024-02-08 09:30:11.000,2024-02-08 09:30:11.000,2024-02-08 09:30:11.000,702785750.0,4997910.0,1426815416.0,225.0,original,226.0,original,227.0,original,4.0,original,0.0,gap_too_large,4.0,original,50.06,original,0.8683,original,702785750.0,original,4997910.0,original,1426815416.0,original,1236280000.0,original,-110.0,original
865089.0,,2024-02-08 10:00:00,OPMC_LIFT,1236285000.0,225.5,226.0,227.5,4.0,0.0,4.0,50.019999999999996,0.86815,,,,702788686.0,4999260.5,1426824728.0,225.5,interpolated,226.0,interpolated,227.5,interpolated,4.0,interpolated,0.0,gap_too_large,4.0,interpolated,50.019999999999996,interpolated,0.86815,interpolated,702788686.0,interpolated,4999260.5,interpolated,1426824728.0,interpolated,1236285000.0,interpolated,-112.0,interpolated
865254.0,22.0,2024-02-08 10:30:00,OPMC_LIFT,1236290000.0,226.0,226.0,228.0,4.0,0.0,4.0,49.98,0.8679999999999999,2024-02-08 10:37:21.000,2024-02-08 10:37:21.000,2024-02-08 10:37:21.000,702791622.0,5000611.0,1426834040.0,226.0,original,226.0,original,228.0,original,4.0,original,0.0,gap_too_large,4.0,original,49.98,original,0.8679999999999999,original,702791622.0,original,5000611.0,original,1426834040.0,original,1236290000.0,original,-114.0,original
865327.0,22.0,2024-02-08 11:00:00,OPMC_LIFT,1236300000.0,226.0,227.0,228.0,4.0,0.0,4.0,50.04,0.8676999999999999,2024-02-08 11:00:07.000,2024-02-08 11:00:07.000,2024-02-08 11:00:07.000,702793597.0,5001526.0,1426840321.0,226.0,original,227.0,original,228.0,original,4.0,original,0.0,gap_too_large,4.0,original,50.04,original,0.8676999999999999,original,702793597.0,original,5001526.0,original,1426840321.0,original,1236300000.0,original,-123.0,original
865327.0,,2024-02-08 11:30:00,OPMC_LIFT,1236305000.0,226.5,227.0,228.5,4.0,0.0,4.0,50.055,0.8677499999999999,,,,702796200.0,5002731.0,1426848598.0,226.5,interpolated,227.0,interpolated,228.5,interpolated,4.0,interpolated,0.0,gap_too_large,4.0,interpolated,50.055,interpolated,0.8677499999999999,interpolated,702796200.0,interpolated,5002731.0,interpolated,1426848598.0,interpolated,1236305000.0,interpolated,-114.5,interpolated
865483.0,22.0,2024-02-08 12:00:00,OPMC_LIFT,1236310000.0,227.0,227.0,229.0,4.0,0.0,4.0,50.07,0.8677999999999999,2024-02-08 12:00:13.000,2024-02-08 12:00:13.000,2024-02-08 12:00:13.000,702798803.0,5003936.0,1426856875.0,227.0,original,227.0,original,229.0,original,4.0,original,0.0,gap_too_large,4.0,original,50.07,original,0.8677999999999999,original,702798803.0,original,5003936.0,original,1426856875.0,original,1236310000.0,original,-106.0,original
865564.0,22.0,2024-02-08 12:30:00,OPMC_LIFT,1236320000.0,227.0,227.0,229.0,4.0,0.0,4.0,50.03,0.8667999999999999,2024-02-08 12:30:08.000,2024-02-08 12:30:08.000,2024-02-08 12:30:08.000,702801424.0,5005139.0,1426865198.0,227.0,original,227.0,original,229.0,original,4.0,original,0.0,gap_too_large,4.0,original,50.03,original,0.8667999999999999,original,702801424.0,original,5005139.0,original,1426865198.0,original,1236320000.0,original,-114.0,original
865640.0,22.0,2024-02-08 13:00:00,OPMC_LIFT,1236330000.0,226.0,226.0,228.0,4.0,0.0,4.0,49.97,0.8679999999999999,2024-02-08 13:00:06.000,2024-02-08 13:00:06.000,2024-02-08 13:00:06.000,702804035.0,5006339.0,1426873496.0,226.0,original,226.0,original,228.0,original,4.0,original,0.0,gap_too_large,4.0,original,49.97,original,0.8679999999999999,original,702804035.0,original,5006339.0,original,1426873496.0,original,1236330000.0,original,-108.0,original
865769.0,22.0,2024-02-08 13:30:00,OPMC_LIFT,1236340000.0,227.0,228.0,229.0,4.0,0.0,4.0,50.03,0.8682,2024-02-08 13:50:05.000,2024-02-08 13:50:05.000,2024-02-08 13:50:05.000,702808410.0,5008349.0,1426887365.0,227.0,original,228.0,original,229.0,original,4.0,original,0.0,gap_too_large,4.0,original,50.03,original,0.8682,original,702808410.0,original,5008349.0,original,1426887365.0,original,1236340000.0,original,-115.0,original
865797.0,22.0,2024-02-08 14:00:00,OPMC_LIFT,1236340000.0,227.0,228.0,229.0,4.0,0.0,4.0,50.02,0.8674999999999999,2024-02-08 14:00:08.000,2024-02-08 14:00:08.000,2024-02-08 14:00:08.000,702809290.0,5008749.0,1426890152.0,227.0,original,228.0,original,229.0,original,4.0,original,0.0,gap_too_large,4.0,original,50.02,original,0.8674999999999999,original,702809290.0,original,5008749.0,original,1426890152.0,original,1236340000.0,original,-111.0,original
865906.0,22.0,2024-02-08 14:30:00,OPMC_LIFT,1236350000.0,227.0,228.0,229.0,4.0,0.0,4.0,50.0,0.8684999999999999,2024-02-08 14:40:06.000,2024-02-08 14:40:06.000,2024-02-08 14:40:06.000,702812806.0,5010355.0,1426901291.0,227.0,original,228.0,original,229.0,original,4.0,original,0.0,gap_too_large,4.0,original,50.0,original,0.8684999999999999,original,702812806.0,original,5010355.0,original,1426901291.0,original,1236350000.0,original,-111.0,original
865974.0,22.0,2024-02-08 15:00:00,OPMC_LIFT,1236360000.0,227.0,228.0,229.0,4.0,0.0,4.0,50.03,0.8684999999999999,2024-02-08 15:00:08.000,2024-02-08 15:00:08.000,2024-02-08 15:00:08.000,702814566.0,5011162.0,1426906865.0,227.0,original,228.0,original,229.0,original,4.0,original,0.0,gap_too_large,4.0,original,50.03,original,0.8684999999999999,original,702814566.0,original,5011162.0,original,1426906865.0,original,1236360000.0,original,-109.0,original
866066.0,22.0,2024-02-08 15:30:00,OPMC_LIFT,1236360000.0,228.0,228.0,230.0,4.0,0.0,4.0,50.06,0.8672,2024-02-08 15:30:12.000,2024-02-08 15:30:12.000,2024-02-08 15:30:12.000,702817213.0,5012365.0,1426915246.0,228.0,original,228.0,original,230.0,original,4.0,original,0.0,gap_too_large,4.0,original,50.06,original,0.8672,original,702817213.0,original,5012365.0,original,1426915246.0,original,1236360000.0,original,-121.0,original
866179.0,22.0,2024-02-08 16:00:00,OPMC_LIFT,1236370000.0,227.0,228.0,229.0,4.0,0.0,4.0,49.96,0.8672,2024-02-08 16:10:08.000,2024-02-08 16:10:08.000,2024-02-08 16:10:08.000,702820742.0,5013974.0,1426926417.0,227.0,original,228.0,original,229.0,original,4.0,original,0.0,gap_too_large,4.0,original,49.96,original,0.8672,original,702820742.0,original,5013974.0,original,1426926417.0,original,1236370000.0,original,-109.0,original
866271.0,22.0,2024-02-08 16:30:00,OPMC_LIFT,1236380000.0,228.0,228.0,230.0,4.0,0.0,4.0,49.95,0.8666999999999999,2024-02-08 16:40:09.000,2024-02-08 16:40:09.000,2024-02-08 16:40:09.000,702823402.0,5015181.0,1426934824.0,228.0,original,228.0,original,230.0,original,4.0,original,0.0,gap_too_large,4.0,original,49.95,original,0.8666999999999999,original,702823402.0,original,5015181.0,original,1426934824.0,original,1236380000.0,original,-105.0,original
866271.0,,2024-02-08 17:00:00,OPMC_LIFT,1236385000.0,228.5,229.0,231.0,4.0,0.0,4.0,50.015,0.8656499999999999,,,,702825638.5,5016190.5,1426941883.0,228.5,interpolated,229.0,interpolated,231.0,interpolated,4.0,interpolated,0.0,gap_too_large,4.0,interpolated,50.015,interpolated,0.8656499999999999,interpolated,702825638.5,interpolated,5016190.5,interpolated,1426941883.0,interpolated,1236385000.0,interpolated,-106.5,interpolated
866414.0,22.0,2024-02-08 17:30:00,OPMC_LIFT,1236390000.0,229.0,230.0,232.0,4.0,0.0,4.0,50.08,0.8645999999999999,2024-02-08 17:30:10.000,2024-02-08 17:30:10.000,2024-02-08 17:30:10.000,702827875.0,5017200.0,1426948942.0,229.0,original,230.0,original,232.0,original,4.0,original,0.0,gap_too_large,4.0,original,50.08,original,0.8645999999999999,original,702827875.0,original,5017200.0,original,1426948942.0,original,1236390000.0,original,-108.0,original
866497.0,22.0,2024-02-08 18:00:00,OPMC_LIFT,1236400000.0,230.0,230.0,232.0,4.0,0.0,4.0,50.05,0.8674,2024-02-08 18:00:11.000,2024-02-08 18:00:11.000,2024-02-08 18:00:11.000,702830589.0,5018410.0,1426957493.0,230.0,original,230.0,original,232.0,original,4.0,original,0.0,gap_too_large,4.0,original,50.05,original,0.8674,original,702830589.0,original,5018410.0,original,1426957493.0,original,1236400000.0,original,-108.0,original
866497.0,,2024-02-08 18:30:00,OPMC_LIFT,1236405000.0,230.0,230.5,232.0,4.0,0.0,4.0,50.055,0.8669,,,,702833320.0,5019618.0,1426966075.0,230.0,interpolated,230.5,interpolated,232.0,interpolated,4.0,interpolated,0.0,gap_too_large,4.0,interpolated,50.055,interpolated,0.8669,interpolated,702833320.0,interpolated,5019618.0,interpolated,1426966075.0,interpolated,1236405000.0,interpolated,-114.5,interpolated
866662.0,22.0,2024-02-08 19:00:00,OPMC_LIFT,1236410000.0,230.0,231.0,232.0,4.0,0.0,4.0,50.06,0.8664,2024-02-08 19:00:08.000,2024-02-08 19:00:08.000,2024-02-08 19:00:08.000,702836051.0,5020826.0,1426974657.0,230.0,original,231.0,original,232.0,original,4.0,original,0.0,gap_too_large,4.0,original,50.06,original,0.8664,original,702836051.0,original,5020826.0,original,1426974657.0,original,1236410000.0,original,-121.0,original
866745.0,22.0,2024-02-08 19:30:00,OPMC_LIFT,1236420000.0,227.0,227.0,229.0,4.0,0.0,4.0,49.95,0.8670999999999999,2024-02-08 19:30:06.000,2024-02-08 19:30:06.000,2024-02-08 19:30:06.000,702838717.0,5022032.0,1426983086.0,227.0,original,227.0,original,229.0,original,4.0,original,0.0,gap_too_large,4.0,original,49.95,original,0.8670999999999999,original,702838717.0,original,5022032.0,original,1426983086.0,original,1236420000.0,original,-108.0,original
866835.0,22.0,2024-02-08 20:00:00,OPMC_LIFT,1236430000.0,227.0,227.0,229.0,4.0,0.0,4.0,50.03,0.8692,2024-02-08 20:00:09.000,2024-02-08 20:00:09.000,2024-02-08 20:00:09.000,702841350.0,5023235.0,1426991435.0,227.0,original,227.0,original,229.0,original,4.0,original,0.0,gap_too_large,4.0,original,50.03,original,0.8692,original,702841350.0,original,5023235.0,original,1426991435.0,original,1236430000.0,original,-109.0,original
866903.0,22.0,2024-02-08 20:30:00,OPMC_LIFT,1236440000.0,227.0,228.0,230.0,4.0,0.0,4.0,50.02,0.8656999999999999,2024-02-08 20:30:10.000,2024-02-08 20:30:10.000,2024-02-08 20:30:10.000,702843990.0,5024438.0,1426999800.0,227.0,original,228.0,original,230.0,original,4.0,original,0.0,gap_too_large,4.0,original,50.02,original,0.8656999999999999,original,702843990.0,original,5024438.0,original,1426999800.0,original,1236440000.0,original,-114.0,original
866979.0,22.0,2024-02-08 21:00:00,OPMC_LIFT,1236440000.0,227.0,228.0,230.0,4.0,0.0,4.0,50.03,0.8664999999999999,2024-02-08 21:00:07.000,2024-02-08 21:00:07.000,2024-02-08 21:00:07.000,702846637.0,5025645.0,1427008187.0,227.0,original,228.0,original,230.0,original,4.0,original,0.0,gap_too_large,4.0,original,50.03,original,0.8664999999999999,original,702846637.0,original,5025645.0,original,1427008187.0,original,1236440000.0,original,-111.0,original
867051.0,22.0,2024-02-08 21:30:00,OPMC_LIFT,1236450000.0,228.0,229.0,230.0,4.0,0.0,4.0,50.06,0.8650999999999999,2024-02-08 21:30:06.000,2024-02-08 21:30:06.000,2024-02-08 21:30:06.000,702849299.0,5026851.0,1427016609.0,228.0,original,229.0,original,230.0,original,4.0,original,0.0,gap_too_large,4.0,original,50.06,original,0.8650999999999999,original,702849299.0,original,5026851.0,original,1427016609.0,original,1236450000.0,original,-111.0,original
867161.0,22.0,2024-02-08 22:00:00,OPMC_LIFT,1236460000.0,229.0,229.0,231.0,4.0,0.0,4.0,50.03,0.8679999999999999,2024-02-08 22:10:08.000,2024-02-08 22:10:08.000,2024-02-08 22:10:08.000,702852867.0,5028461.0,1427027893.0,229.0,original,229.0,original,231.0,original,4.0,original,0.0,gap_too_large,4.0,original,50.03,original,0.8679999999999999,original,702852867.0,original,5028461.0,original,1427027893.0,original,1236460000.0,original,-109.0,original
867257.0,22.0,2024-02-08 22:30:00,OPMC_LIFT,1236470000.0,230.0,230.0,232.0,4.0,0.0,4.0,50.08,0.8669999999999999,2024-02-08 22:40:10.000,2024-02-08 22:40:10.000,2024-02-08 22:40:10.000,702855565.0,5029670.0,1427036408.0,230.0,original,230.0,original,232.0,original,4.0,original,0.0,gap_too_large,4.0,original,50.08,original,0.8669999999999999,original,702855565.0,original,5029670.0,original,1427036408.0,original,1236470000.0,original,-110.0,original
867307.0,22.0,2024-02-08 23:00:00,OPMC_LIFT,1236470000.0,230.0,231.0,233.0,4.0,0.0,4.0,50.06,0.8670999999999999,2024-02-08 23:00:10.000,2024-02-08 23:00:10.000,2024-02-08 23:00:10.000,702857382.0,5030477.0,1427042133.0,230.0,original,231.0,original,233.0,original,4.0,original,0.0,gap_too_large,4.0,original,50.06,original,0.8670999999999999,original,702857382.0,original,5030477.0,original,1427042133.0,original,1236470000.0,original,-121.0,original
867386.0,22.0,2024-02-08 23:30:00,OPMC_LIFT,1236480000.0,230.0,231.0,232.0,4.0,0.0,4.0,50.06,0.8655999999999999,2024-02-08 23:30:12.000,2024-02-08 23:30:12.000,2024-02-08 23:30:12.000,702860115.0,5031686.0,1427050734.0,230.0,original,231.0,original,232.0,original,4.0,original,0.0,gap_too_large,4.0,original,50.06,original,0.8655999999999999,original,702860115.0,original,5031686.0,original,1427050734.0,original,1236480000.0,original,-109.0,original
867456.0,22.0,2024-02-09 00:00:00,OPMC_LIFT,1236490000.0,228.0,228.0,230.0,4.0,0.0,4.0,49.95,0.8673,2024-02-09 00:00:07.000,2024-02-09 00:00:07.000,2024-02-09 00:00:07.000,702862829.0,5032893.0,1427059285.0,228.0,original,228.0,original,230.0,original,4.0,original,0.0,gap_too_large,4.0,original,49.95,original,0.8673,original,702862829.0,original,5032893.0,original,1427059285.0,original,1236490000.0,original,-113.0,original
867535.0,22.0,2024-02-09 00:30:00,OPMC_LIFT,1236500000.0,228.0,228.0,231.0,4.0,0.0,4.0,50.07,0.8718999999999999,2024-02-09 00:30:08.000,2024-02-09 00:30:08.000,2024-02-09 00:30:08.000,702865498.0,5034099.0,1427067726.0,228.0,original,228.0,original,231.0,original,4.0,original,0.0,gap_too_large,4.0,original,50.07,original,0.8718999999999999,original,702865498.0,original,5034099.0,original,1427067726.0,original,1236500000.0,original,-120.0,original
867605.0,22.0,2024-02-09 01:00:00,OPMC_LIFT,1236500000.0,228.0,229.0,231.0,4.0,0.0,4.0,50.06,0.8679999999999999,2024-02-09 01:00:06.000,2024-02-09 01:00:06.000,2024-02-09 01:00:06.000,702868170.0,5035306.0,1427076187.0,228.0,original,229.0,original,231.0,original,4.0,original,0.0,gap_too_large,4.0,original,50.06,original,0.8679999999999999,original,702868170.0,original,5035306.0,original,1427076187.0,original,1236500000.0,original,-120.0,original
867680.0,22.0,2024-02-09 01:30:00,OPMC_LIFT,1236510000.0,229.0,229.0,231.0,4.0,0.0,4.0,50.06,0.8658999999999999,2024-02-09 01:30:08.000,2024-02-09 01:30:08.000,2024-02-09 01:30:08.000,702870845.0,5036512.0,1427084641.0,229.0,original,229.0,original,231.0,original,4.0,original,0.0,gap_too_large,4.0,original,50.06,original,0.8658999999999999,original,702870845.0,original,5036512.0,original,1427084641.0,original,1236510000.0,original,-108.0,original
867777.0,22.0,2024-02-09 02:00:00,OPMC_LIFT,1236520000.0,230.0,230.0,232.0,4.0,0.0,4.0,50.07,0.8666999999999999,2024-02-09 02:10:10.000,2024-02-09 02:10:10.000,2024-02-09 02:10:10.000,702874435.0,5038122.0,1427095989.0,230.0,original,230.0,original,232.0,original,4.0,original,0.0,gap_too_large,4.0,original,50.07,original,0.8666999999999999,original,702874435.0,original,5038122.0,original,1427095989.0,original,1236520000.0,original,-109.0,original
867876.0,22.0,2024-02-09 02:30:00,OPMC_LIFT,1236530000.0,230.0,230.0,233.0,4.0,0.0,4.0,50.04,0.8673,2024-02-09 02:50:07.000,2024-02-09 02:50:07.000,2024-02-09 02:50:07.000,702878067.0,5039731.0,1427107422.0,230.0,original,230.0,original,233.0,original,4.0,original,0.0,gap_too_large,4.0,original,50.04,original,0.8673,original,702878067.0,original,5039731.0,original,1427107422.0,original,1236530000.0,original,-123.0,original
867904.0,22.0,2024-02-09 03:00:00,OPMC_LIFT,1236530000.0,230.0,231.0,233.0,4.0,0.0,4.0,50.02,0.8674,2024-02-09 03:00:08.000,2024-02-09 03:00:08.000,2024-02-09 03:00:08.000,702878979.0,5040131.0,1427110293.0,230.0,original,231.0,original,233.0,original,4.0,original,0.0,gap_too_large,4.0,original,50.02,original,0.8674,original,702878979.0,original,5040131.0,original,1427110293.0,original,1236530000.0,original,-118.0,original
867984.0,22.0,2024-02-09 03:30:00,OPMC_LIFT,1236540000.0,230.0,231.0,233.0,4.0,0.0,4.0,49.99,0.8674999999999999,2024-02-09 03:30:12.000,2024-02-09 03:30:12.000,2024-02-09 03:30:12.000,702881725.0,5041341.0,1427118926.0,230.0,original,231.0,original,233.0,original,4.0,original,0.0,gap_too_large,4.0,original,49.99,original,0.8674999999999999,original,702881725.0,original,5041341.0,original,1427118926.0,original,1236540000.0,original,-111.0,original
868054.0,22.0,2024-02-09 04:00:00,OPMC_LIFT,1236550000.0,231.0,231.0,233.0,4.0,0.0,4.0,50.01,0.8676999999999999,2024-02-09 04:00:09.000,2024-02-09 04:00:09.000,2024-02-09 04:00:09.000,702884477.0,5042547.0,1427127573.0,231.0,original,231.0,original,233.0,original,4.0,original,0.0,gap_too_large,4.0,original,50.01,original,0.8676999999999999,original,702884477.0,original,5042547.0,original,1427127573.0,original,1236550000.0,original,-111.0,original
868149.0,22.0,2024-02-09 04:30:00,OPMC_LIFT,1236560000.0,230.0,231.0,233.0,4.0,0.0,4.0,50.06,0.8648999999999999,2024-02-09 04:40:08.000,2024-02-09 04:40:08.000,2024-02-09 04:40:08.000,702888134.0,5044157.0,1427139073.0,230.0,original,231.0,original,233.0,original,4.0,original,0.0,gap_too_large,4.0,original,50.06,original,0.8648999999999999,original,702888134.0,original,5044157.0,original,1427139073.0,original,1236560000.0,original,-120.0,original
868201.0,22.0,2024-02-09 05:00:00,OPMC_LIFT,1236560000.0,230.0,230.0,232.0,4.0,0.0,4.0,50.07,0.8658999999999999,2024-02-09 05:00:06.000,2024-02-09 05:00:06.000,2024-02-09 05:00:06.000,702889955.0,5044963.0,1427144808.0,230.0,original,230.0,original,232.0,original,4.0,original,0.0,gap_too_large,4.0,original,50.07,original,0.8658999999999999,original,702889955.0,original,5044963.0,original,1427144808.0,original,1236560000.0,original,-120.0,original
868275.0,22.0,2024-02-09 05:30:00,OPMC_LIFT,1236570000.0,230.0,230.0,232.0,4.0,0.0,4.0,49.98,0.8668999999999999,2024-02-09 05:30:06.000,2024-02-09 05:30:06.000,2024-02-09 05:30:06.000,702892682.0,5046170.0,1427153393.0,230.0,original,230.0,original,232.0,original,4.0,original,0.0,gap_too_large,4.0,original,49.98,original,0.8668999999999999,original,702892682.0,original,5046170.0,original,1427153393.0,original,1236570000.0,original,-102.0,original
868351.0,22.0,2024-02-09 06:00:00,OPMC_LIFT,1236580000.0,229.0,229.0,231.0,4.0,0.0,4.0,49.94,0.8653,2024-02-09 06:00:05.000,2024-02-09 06:00:05.000,2024-02-09 06:00:05.000,702895395.0,5047379.0,1427161950.0,229.0,original,229.0,original,231.0,original,4.0,original,0.0,gap_too_large,4.0,original,49.94,original,0.8653,original,702895395.0,original,5047379.0,original,1427161950.0,original,1236580000.0,original,-109.0,original
868470.0,22.0,2024-02-09 06:30:00,OPMC_LIFT,1236590000.0,228.0,229.0,231.0,4.0,0.0,4.0,50.07,0.8676999999999999,2024-02-09 06:40:08.000,2024-02-09 06:40:08.000,2024-02-09 06:40:08.000,702898986.0,5048995.0,1427173294.0,228.0,original,229.0,original,231.0,original,4.0,original,0.0,gap_too_large,4.0,original,50.07,original,0.8676999999999999,original,702898986.0,original,5048995.0,original,1427173294.0,original,1236590000.0,original,-121.0,original
868523.0,22.0,2024-02-09 07:00:00,OPMC_LIFT,1236590000.0,228.0,228.0,230.0,4.0,0.0,4.0,49.96,0.8684999999999999,2024-02-09 07:00:06.000,2024-02-09 07:00:06.000,2024-02-09 07:00:06.000,702900768.0,5049802.0,1427178936.0,228.0,original,228.0,original,230.0,original,4.0,original,0.0,gap_too_large,4.0,original,49.96,original,0.8684999999999999,original,702900768.0,original,5049802.0,original,1427178936.0,original,1236590000.0,original,-123.0,original
868637.0,22.0,2024-02-09 07:30:00,OPMC_LIFT,1236600000.0,226.0,227.0,228.0,4.0,0.0,4.0,49.97,0.8672,2024-02-09 07:40:07.000,2024-02-09 07:40:07.000,2024-02-09 07:40:07.000,702904269.0,5051414.0,1427190056.0,226.0,original,227.0,original,228.0,original,4.0,original,0.0,gap_too_large,4.0,original,49.97,original,0.8672,original,702904269.0,original,5051414.0,original,1427190056.0,original,1236600000.0,original,-111.0,original
868697.0,22.0,2024-02-09 08:00:00,OPMC_LIFT,1236610000.0,226.0,227.0,228.0,4.0,0.0,4.0,49.97,0.8675999999999999,2024-02-09 08:00:11.000,2024-02-09 08:00:11.000,2024-02-09 08:00:11.000,702906013.0,5052218.0,1427195598.0,226.0,original,227.0,original,228.0,original,4.0,original,0.0,gap_too_large,4.0,original,49.97,original,0.8675999999999999,original,702906013.0,original,5052218.0,original,1427195598.0,original,1236610000.0,original,-121.0,original
868806.0,22.0,2024-02-09 08:30:00,OPMC_LIFT,1236620000.0,225.0,226.0,227.0,4.0,0.0,4.0,49.96,0.8688999999999999,2024-02-09 08:40:09.000,2024-02-09 08:40:09.000,2024-02-09 08:40:09.000,702909482.0,5053827.0,1427206625.0,225.0,original,226.0,original,227.0,original,4.0,original,0.0,gap_too_large,4.0,original,49.96,original,0.8688999999999999,original,702909482.0,original,5053827.0,original,1427206625.0,original,1236620000.0,original,-113.0,original
868858.0,22.0,2024-02-09 09:00:00,OPMC_LIFT,1236620000.0,227.0,227.0,229.0,4.0,0.0,4.0,49.96,0.8646999999999999,2024-02-09 09:00:09.000,2024-02-09 09:00:09.000,2024-02-09 09:00:09.000,702911222.0,5054630.0,1427212165.0,227.0,original,227.0,original,229.0,original,4.0,original,0.0,gap_too_large,4.0,original,49.96,original,0.8646999999999999,original,702911222.0,original,5054630.0,original,1427212165.0,original,1236620000.0,original,-121.0,original
868858.0,,2024-02-09 09:30:00,OPMC_LIFT,1236630000.0,227.0,227.5,229.0,4.0,0.0,4.0,49.980000000000004,0.8652,,,,702914265.5,5056040.0,1427221833.5,227.0,interpolated,227.5,interpolated,229.0,interpolated,4.0,interpolated,0.0,gap_too_large,4.0,interpolated,49.980000000000004,interpolated,0.8652,interpolated,702914265.5,interpolated,5056040.0,interpolated,1427221833.5,interpolated,1236630000.0,interpolated,-116.0,interpolated
869066.0,22.0,2024-02-09 10:00:00,OPMC_LIFT,1236640000.0,227.0,228.0,229.0,4.0,0.0,4.0,50.0,0.8656999999999999,2024-02-09 10:10:09.000,2024-02-09 10:10:09.000,2024-02-09 10:10:09.000,702917309.0,5057450.0,1427231502.0,227.0,original,228.0,original,229.0,original,4.0,original,0.0,gap_too_large,4.0,original,50.0,original,0.8656999999999999,original,702917309.0,original,5057450.0,original,1427231502.0,original,1236640000.0,original,-111.0,original
869119.0,22.0,2024-02-09 10:30:00,OPMC_LIFT,1236640000.0,226.0,227.0,228.0,4.0,0.0,4.0,49.93,0.8641,2024-02-09 10:30:08.000,2024-02-09 10:30:08.000,2024-02-09 10:30:08.000,702919066.0,5058256.0,1427237067.0,226.0,original,227.0,original,228.0,original,4.0,original,0.0,gap_too_large,4.0,original,49.93,original,0.8641,original,702919066.0,original,5058256.0,original,1427237067.0,original,1236640000.0,original,-119.0,original
869213.0,22.0,2024-02-09 11:00:00,OPMC_LIFT,1236650000.0,227.0,228.0,229.0,4.0,0.0,4.0,50.07,0.8663,2024-02-09 11:00:13.000,2024-02-09 11:00:13.000,2024-02-09 11:00:13.000,702921706.0,5059466.0,1427245435.0,227.0,original,228.0,original,229.0,original,4.0,original,0.0,gap_too_large,4.0,original,50.07,original,0.8663,original,702921706.0,original,5059466.0,original,1427245435.0,original,1236650000.0,original,-123.0,original
869290.0,22.0,2024-02-09 11:30:00,OPMC_LIFT,1236660000.0,229.0,229.0,231.0,4.0,0.0,4.0,50.05,0.8646999999999999,2024-02-09 11:30:08.000,2024-02-09 11:30:08.000,2024-02-09 11:30:08.000,702924365.0,5060672.0,1427253838.0,229.0,original,229.0,original,231.0,original,4.0,original,0.0,gap_too_large,4.0,original,50.05,original,0.8646999999999999,original,702924365.0,original,5060672.0,original,1427253838.0,original,1236660000.0,original,-121.0,original
869403.0,22.0,2024-02-09 12:00:00,OPMC_LIFT,1236670000.0,230.0,230.0,232.0,4.0,0.0,4.0,50.03,0.8674,2024-02-09 12:10:14.000,2024-02-09 12:10:14.000,2024-02-09 12:10:14.000,702927987.0,5062285.0,1427265243.0,230.0,original,230.0,original,232.0,original,4.0,original,0.0,gap_too_large,4.0,original,50.03,original,0.8674,original,702927987.0,original,5062285.0,original,1427265243.0,original,1236670000.0,original,-121.0,original
869483.0,22.0,2024-02-09 12:30:00,OPMC_LIFT,1236670000.0,228.0,228.0,230.0,4.0,0.0,4.0,50.03,0.8682,2024-02-09 12:40:08.000,2024-02-09 12:40:08.000,2024-02-09 12:40:08.000,702930698.0,5063494.0,1427273777.0,228.0,original,228.0,original,230.0,original,4.0,original,0.0,gap_too_large,4.0,original,50.03,original,0.8682,original,702930698.0,original,5063494.0,original,1427273777.0,original,1236670000.0,original,-121.0,original
869545.0,22.0,2024-02-09 13:00:00,OPMC_LIFT,1236680000.0,228.0,228.0,230.0,4.0,0.0,4.0,49.99,0.8664999999999999,2024-02-09 13:00:08.000,2024-02-09 13:00:08.000,2024-02-09 13:00:08.000,702932477.0,5064298.0,1427279390.0,228.0,original,228.0,original,230.0,original,4.0,original,0.0,gap_too_large,4.0,original,49.99,original,0.8664999999999999,original,702932477.0,original,5064298.0,original,1427279390.0,original,1236680000.0,original,-120.0,original
869644.0,22.0,2024-02-09 13:30:00,OPMC_LIFT,1236690000.0,226.0,227.0,228.0,4.0,0.0,4.0,50.06,0.8676999999999999,2024-02-09 13:40:04.000,2024-02-09 13:40:04.000,2024-02-09 13:40:04.000,702935962.0,5065907.0,1427290453.0,226.0,original,227.0,original,228.0,original,4.0,original,0.0,gap_too_large,4.0,original,50.06,original,0.8676999999999999,original,702935962.0,original,5065907.0,original,1427290453.0,original,1236690000.0,original,-114.0,original
869644.0,,2024-02-09 14:00:00,OPMC_LIFT,1236700000.0,226.0,227.0,228.0,4.0,0.0,4.0,50.045,0.8682999999999998,,,,702938989.0,5067313.5,1427300081.5,226.0,interpolated,227.0,interpolated,228.0,interpolated,4.0,interpolated,0.0,gap_too_large,4.0,interpolated,50.045,interpolated,0.8682999999999998,interpolated,702938989.0,interpolated,5067313.5,interpolated,1427300081.5,interpolated,1236700000.0,interpolated,-117.5,interpolated
869851.0,22.0,2024-02-09 14:30:00,OPMC_LIFT,1236710000.0,226.0,227.0,228.0,4.0,0.0,4.0,50.03,0.8688999999999999,2024-02-09 14:50:10.000,2024-02-09 14:50:10.000,2024-02-09 14:50:10.000,702942016.0,5068720.0,1427309710.0,226.0,original,227.0,original,228.0,original,4.0,original,0.0,gap_too_large,4.0,original,50.03,original,0.8688999999999999,original,702942016.0,original,5068720.0,original,1427309710.0,original,1236710000.0,original,-121.0,original
869851.0,,2024-02-09 15:00:00,OPMC_LIFT,1236710000.0,226.0,227.0,228.0,4.0,0.0,4.0,50.010000000000005,0.8684999999999998,,,,702943753.5,5069525.0,1427315231.5,226.0,interpolated,227.0,interpolated,228.0,interpolated,4.0,interpolated,0.0,gap_too_large,4.0,interpolated,50.010000000000005,interpolated,0.8684999999999998,interpolated,702943753.5,interpolated,5069525.0,interpolated,1427315231.5,interpolated,1236710000.0,interpolated,-115.0,interpolated
869953.0,22.0,2024-02-09 15:30:00,OPMC_LIFT,1236710000.0,226.0,227.0,228.0,4.0,0.0,4.0,49.99,0.8680999999999999,2024-02-09 15:30:07.000,2024-02-09 15:30:07.000,2024-02-09 15:30:07.000,702945491.0,5070330.0,1427320753.0,226.0,original,227.0,original,228.0,original,4.0,original,0.0,gap_too_large,4.0,original,49.99,original,0.8680999999999999,original,702945491.0,original,5070330.0,original,1427320753.0,original,1236710000.0,original,-109.0,original
870039.0,22.0,2024-02-09 16:00:00,OPMC_LIFT,1236720000.0,226.0,227.0,229.0,4.0,0.0,4.0,50.01,0.8683,2024-02-09 16:00:11.000,2024-02-09 16:00:11.000,2024-02-09 16:00:11.000,702948106.0,5071533.0,1427329054.0,226.0,original,227.0,original,229.0,original,4.0,original,0.0,gap_too_large,4.0,original,50.01,original,0.8683,original,702948106.0,original,5071533.0,original,1427329054.0,original,1236720000.0,original,-112.0,original
870039.0,,2024-02-09 16:30:00,OPMC_LIFT,1236726666.6666667,227.0,227.66666666666666,229.66666666666666,4.0,0.0,4.0,50.02333333333333,0.8684,,,,702950760.6666666,5072743.666666667,1427337456.3333333,227.0,interpolated,227.66666666666666,interpolated,229.66666666666666,interpolated,4.0,interpolated,0.0,gap_too_large,4.0,interpolated,50.02333333333333,interpolated,0.8684,interpolated,702950760.6666666,interpolated,5072743.666666667,interpolated,1427337456.3333333,interpolated,1236726666.6666667,interpolated,-114.66666666666667,interpolated
870039.0,,2024-02-09 17:00:00,OPMC_LIFT,1236733333.3333333,228.0,228.33333333333334,230.33333333333334,4.0,0.0,4.0,50.03666666666666,0.8684999999999999,,,,702953415.3333334,5073954.333333333,1427345858.6666667,228.0,interpolated,228.33333333333334,interpolated,230.33333333333334,interpolated,4.0,interpolated,0.0,gap_too_large,4.0,interpolated,50.03666666666666,interpolated,0.8684999999999999,interpolated,702953415.3333334,interpolated,5073954.333333333,interpolated,1427345858.6666667,interpolated,1236733333.3333333,interpolated,-117.33333333333333,interpolated
870282.0,22.0,2024-02-09 17:30:00,OPMC_LIFT,1236740000.0,229.0,229.0,231.0,4.0,0.0,4.0,50.05,0.8685999999999999,2024-02-09 17:30:09.000,2024-02-09 17:30:09.000,2024-02-09 17:30:09.000,702956070.0,5075165.0,1427354261.0,229.0,original,229.0,original,231.0,original,4.0,original,0.0,gap_too_large,4.0,original,50.05,original,0.8685999999999999,original,702956070.0,original,5075165.0,original,1427354261.0,original,1236740000.0,original,-120.0,original
870386.0,22.0,2024-02-09 18:00:00,OPMC_LIFT,1236750000.0,229.0,229.0,231.0,4.0,0.0,4.0,49.95,0.8664,2024-02-09 18:10:11.000,2024-02-09 18:10:11.000,2024-02-09 18:10:11.000,702959661.0,5076774.0,1427365595.0,229.0,original,229.0,original,231.0,original,4.0,original,0.0,gap_too_large,4.0,original,49.95,original,0.8664,original,702959661.0,original,5076774.0,original,1427365595.0,original,1236750000.0,original,-119.0,original
870386.0,,2024-02-09 18:30:00,OPMC_LIFT,0.0,0.0,0.0,0.0,0.0,0.0,0.0,0.0,0.0,,,,0.0,0.0,0.0,0.0,gap_too_large,0.0,gap_too_large,0.0,gap_too_large,0.0,gap_too_large,0.0,gap_too_large,0.0,gap_too_large,0.0,gap_too_large,0.0,gap_too_large,0.0,gap_too_large,0.0,gap_too_large,0.0,gap_too_large,0.0,gap_too_large,0.0,gap_too_large
870386.0,,2024-02-09 19:00:00,OPMC_LIFT,0.0,0.0,0.0,0.0,0.0,0.0,0.0,0.0,0.0,,,,0.0,0.0,0.0,0.0,gap_too_large,0.0,gap_too_large,0.0,gap_too_large,0.0,gap_too_large,0.0,gap_too_large,0.0,gap_too_large,0.0,gap_too_large,0.0,gap_too_large,0.0,gap_too_large,0.0,gap_too_large,0.0,gap_too_large,0.0,gap_too_large,0.0,gap_too_large
870386.0,,2024-02-09 19:30:00,OPMC_LIFT,0.0,0.0,0.0,0.0,0.0,0.0,0.0,0.0,0.0,,,,0.0,0.0,0.0,0.0,gap_too_large,0.0,gap_too_large,0.0,gap_too_large,0.0,gap_too_large,0.0,gap_too_large,0.0,gap_too_large,0.0,gap_too_large,0.0,gap_too_large,0.0,gap_too_large,0.0,gap_too_large,0.0,gap_too_large,0.0,gap_too_large,0.0,gap_too_large
870386.0,,2024-02-09 20:00:00,OPMC_LIFT,0.0,0.0,0.0,0.0,0.0,0.0,0.0,0.0,0.0,,,,0.0,0.0,0.0,0.0,gap_too_large,0.0,gap_too_large,0.0,gap_too_large,0.0,gap_too_large,0.0,gap_too_large,0.0,gap_too_large,0.0,gap_too_large,0.0,gap_too_large,0.0,gap_too_large,0.0,gap_too_large,0.0,gap_too_large,0.0,gap_too_large,0.0,gap_too_large
870386.0,,2024-02-09 20:30:00,OPMC_LIFT,0.0,0.0,0.0,0.0,0.0,0.0,0.0,0.0,0.0,,,,0.0,0.0,0.0,0.0,gap_too_large,0.0,gap_too_large,0.0,gap_too_large,0.0,gap_too_large,0.0,gap_too_large,0.0,gap_too_large,0.0,gap_too_large,0.0,gap_too_large,0.0,gap_too_large,0.0,gap_too_large,0.0,gap_too_large,0.0,gap_too_large,0.0,gap_too_large
870386.0,,2024-02-09 21:00:00,OPMC_LIFT,0.0,0.0,0.0,0.0,0.0,0.0,0.0,0.0,0.0,,,,0.0,0.0,0.0,0.0,gap_too_large,0.0,gap_too_large,0.0,gap_too_large,0.0,gap_too_large,0.0,gap_too_large,0.0,gap_too_large,0.0,gap_too_large,0.0,gap_too_large,0.0,gap_too_large,0.0,gap_too_large,0.0,gap_too_large,0.0,gap_too_large,0.0,gap_too_large
870386.0,,2024-02-09 21:30:00,OPMC_LIFT,0.0,0.0,0.0,0.0,0.0,0.0,0.0,0.0,0.0,,,,0.0,0.0,0.0,0.0,gap_too_large,0.0,gap_too_large,0.0,gap_too_large,0.0,gap_too_large,0.0,gap_too_large,0.0,gap_too_large,0.0,gap_too_large,0.0,gap_too_large,0.0,gap_too_large,0.0,gap_too_large,0.0,gap_too_large,0.0,gap_too_large,0.0,gap_too_large
870386.0,,2024-02-09 22:00:00,OPMC_LIFT,0.0,0.0,0.0,0.0,0.0,0.0,0.0,0.0,0.0,,,,0.0,0.0,0.0,0.0,gap_too_large,0.0,gap_too_large,0.0,gap_too_large,0.0,gap_too_large,0.0,gap_too_large,0.0,gap_too_large,0.0,gap_too_large,0.0,gap_too_large,0.0,gap_too_large,0.0,gap_too_large,0.0,gap_too_large,0.0,gap_too_large,0.0,gap_too_large
870386.0,,2024-02-09 22:30:00,OPMC_LIFT,0.0,0.0,0.0,0.0,0.0,0.0,0.0,0.0,0.0,,,,0.0,0.0,0.0,0.0,gap_too_large,0.0,gap_too_large,0.0,gap_too_large,0.0,gap_too_large,0.0,gap_too_large,0.0,gap_too_large,0.0,gap_too_large,0.0,gap_too_large,0.0,gap_too_large,0.0,gap_too_large,0.0,gap_too_large,0.0,gap_too_large,0.0,gap_too_large
870386.0,,2024-02-09 23:00:00,OPMC_LIFT,0.0,0.0,0.0,0.0,0.0,0.0,0.0,0.0,0.0,,,,0.0,0.0,0.0,0.0,gap_too_large,0.0,gap_too_large,0.0,gap_too_large,0.0,gap_too_large,0.0,gap_too_large,0.0,gap_too_large,0.0,gap_too_large,0.0,gap_too_large,0.0,gap_too_large,0.0,gap_too_large,0.0,gap_too_large,0.0,gap_too_large,0.0,gap_too_large
870386.0,,2024-02-09 23:30:00,OPMC_LIFT,0.0,0.0,0.0,0.0,0.0,0.0,0.0,0.0,0.0,,,,0.0,0.0,0.0,0.0,gap_too_large,0.0,gap_too_large,0.0,gap_too_large,0.0,gap_too_large,0.0,gap_too_large,0.0,gap_too_large,0.0,gap_too_large,0.0,gap_too_large,0.0,gap_too_large,0.0,gap_too_large,0.0,gap_too_large,0.0,gap_too_large,0.0,gap_too_large
870386.0,,2024-02-10 00:00:00,OPMC_LIFT,0.0,0.0,0.0,0.0,0.0,0.0,0.0,0.0,0.0,,,,0.0,0.0,0.0,0.0,gap_too_large,0.0,gap_too_large,0.0,gap_too_large,0.0,gap_too_large,0.0,gap_too_large,0.0,gap_too_large,0.0,gap_too_large,0.0,gap_too_large,0.0,gap_too_large,0.0,gap_too_large,0.0,gap_too_large,0.0,gap_too_large,0.0,gap_too_large
870386.0,,2024-02-10 00:30:00,OPMC_LIFT,0.0,0.0,0.0,0.0,0.0,0.0,0.0,0.0,0.0,,,,0.0,0.0,0.0,0.0,gap_too_large,0.0,gap_too_large,0.0,gap_too_large,0.0,gap_too_large,0.0,gap_too_large,0.0,gap_too_large,0.0,gap_too_large,0.0,gap_too_large,0.0,gap_too_large,0.0,gap_too_large,0.0,gap_too_large,0.0,gap_too_large,0.0,gap_too_large
870386.0,,2024-02-10 01:00:00,OPMC_LIFT,0.0,0.0,0.0,0.0,0.0,0.0,0.0,0.0,0.0,,,,0.0,0.0,0.0,0.0,gap_too_large,0.0,gap_too_large,0.0,gap_too_large,0.0,gap_too_large,0.0,gap_too_large,0.0,gap_too_large,0.0,gap_too_large,0.0,gap_too_large,0.0,gap_too_large,0.0,gap_too_large,0.0,gap_too_large,0.0,gap_too_large,0.0,gap_too_large
870386.0,,2024-02-10 01:30:00,OPMC_LIFT,0.0,0.0,0.0,0.0,0.0,0.0,0.0,0.0,0.0,,,,0.0,0.0,0.0,0.0,gap_too_large,0.0,gap_too_large,0.0,gap_too_large,0.0,gap_too_large,0.0,gap_too_large,0.0,gap_too_large,0.0,gap_too_large,0.0,gap_too_large,0.0,gap_too_large,0.0,gap_too_large,0.0,gap_too_large,0.0,gap_too_large,0.0,gap_too_large
870386.0,,2024-02-10 02:00:00,OPMC_LIFT,0.0,0.0,0.0,0.0,0.0,0.0,0.0,0.0,0.0,,,,0.0,0.0,0.0,0.0,gap_too_large,0.0,gap_too_large,0.0,gap_too_large,0.0,gap_too_large,0.0,gap_too_large,0.0,gap_too_large,0.0,gap_too_large,0.0,gap_too_large,0.0,gap_too_large,0.0,gap_too_large,0.0,gap_too_large,0.0,gap_too_large,0.0,gap_too_large
871726.0,22.0,2024-02-10 02:30:00,OPMC_LIFT,1236880000.0,229.0,229.0,231.0,4.0,0.0,4.0,50.06,0.8696999999999999,2024-02-10 02:37:25.000,2024-02-10 02:37:25.000,2024-02-10 02:37:25.000,703004483.0,5097158.0,1427507643.0,229.0,original,229.0,original,231.0,original,4.0,original,0.0,gap_too_large,4.0,original,50.06,original,0.8696999999999999,original,703004483.0,original,5097158.0,original,1427507643.0,original,1236880000.0,original,-111.0,original
871827.0,22.0,2024-02-10 03:00:00,OPMC_LIFT,1236880000.0,229.0,229.0,231.0,4.0,0.0,4.0,50.02,0.8694,2024-02-10 03:10:06.000,2024-02-10 03:10:06.000,2024-02-10 03:10:06.000,703007411.0,5098480.0,1427516907.0,229.0,original,229.0,original,231.0,original,4.0,original,0.0,gap_too_large,4.0,original,50.02,original,0.8694,original,703007411.0,original,5098480.0,original,1427516907.0,original,1236880000.0,original,-105.0,original
871875.0,22.0,2024-02-10 03:30:00,OPMC_LIFT,1236890000.0,229.0,230.0,232.0,4.0,0.0,4.0,50.06,0.8675999999999999,2024-02-10 03:30:10.000,2024-02-10 03:30:10.000,2024-02-10 03:30:10.000,703009206.0,5099286.0,1427522587.0,229.0,original,230.0,original,232.0,original,4.0,original,0.0,gap_too_large,4.0,original,50.06,original,0.8675999999999999,original,703009206.0,original,5099286.0,original,1427522587.0,original,1236890000.0,original,-110.0,original
871875.0,,2024-02-10 04:00:00,OPMC_LIFT,1236895000.0,229.0,229.5,231.5,4.0,0.0,4.0,50.0,0.8664499999999999,,,,703011910.0,5100499.0,1427531128.0,229.0,interpolated,229.5,interpolated,231.5,interpolated,4.0,interpolated,0.0,gap_too_large,4.0,interpolated,50.0,interpolated,0.8664499999999999,interpolated,703011910.0,interpolated,5100499.0,interpolated,1427531128.0,interpolated,1236895000.0,interpolated,-110.5,interpolated
872036.0,22.0,2024-02-10 04:30:00,OPMC_LIFT,1236900000.0,229.0,229.0,231.0,4.0,0.0,4.0,49.94,0.8653,2024-02-10 04:30:09.000,2024-02-10 04:30:09.000,2024-02-10 04:30:09.000,703014614.0,5101712.0,1427539669.0,229.0,original,229.0,original,231.0,original,4.0,original,0.0,gap_too_large,4.0,original,49.94,original,0.8653,original,703014614.0,original,5101712.0,original,1427539669.0,original,1236900000.0,original,-111.0,original
872163.0,22.0,2024-02-10 05:00:00,OPMC_LIFT,1236920000.0,229.0,229.0,231.0,4.0,0.0,4.0,50.01,0.8659999999999999,2024-02-10 05:20:06.000,2024-02-10 05:20:06.000,2024-02-10 05:20:06.000,703019110.0,5103731.0,1427553880.0,229.0,original,229.0,original,231.0,original,4.0,original,0.0,gap_too_large,4.0,original,50.01,original,0.8659999999999999,original,703019110.0,original,5103731.0,original,1427553880.0,original,1236920000.0,original,-113.0,original
872248.0,22.0,2024-02-10 05:30:00,OPMC_LIFT,1236920000.0,229.0,229.0,231.0,4.0,0.0,4.0,50.04,0.8667999999999999,2024-02-10 05:50:08.000,2024-02-10 05:50:08.000,2024-02-10 05:50:08.000,703021802.0,5104944.0,1427562389.0,229.0,original,229.0,original,231.0,original,4.0,original,0.0,gap_too_large,4.0,original,50.04,original,0.8667999999999999,original,703021802.0,original,5104944.0,original,1427562389.0,original,1236920000.0,original,-107.0,original
872305.0,22.0,2024-02-10 06:00:00,OPMC_LIFT,1236930000.0,229.0,229.0,231.0,4.0,0.0,4.0,49.95,0.8649999999999999,2024-02-10 06:10:10.000,2024-02-10 06:10:10.000,2024-02-10 06:10:10.000,703023603.0,5105754.0,1427568075.0,229.0,original,229.0,original,231.0,original,4.0,original,0.0,gap_too_large,4.0,original,49.95,original,0.8649999999999999,original,703023603.0,original,5105754.0,original,1427568075.0,original,1236930000.0,original,-113.0,original
872391.0,22.0,2024-02-10 06:30:00,OPMC_LIFT,1236940000.0,229.0,230.0,231.0,4.0,0.0,4.0,50.04,0.8677999999999999,2024-02-10 06:40:04.000,2024-02-10 06:40:04.000,2024-02-10 06:40:04.000,703026298.0,5106970.0,1427576597.0,229.0,original,230.0,original,231.0,original,4.0,original,0.0,gap_too_large,4.0,original,50.04,original,0.8677999999999999,original,703026298.0,original,5106970.0,original,1427576597.0,original,1236940000.0,original,-111.0,original
872470.0,22.0,2024-02-10 07:00:00,OPMC_LIFT,1236940000.0,229.0,230.0,232.0,4.0,0.0,4.0,50.07,0.8694,2024-02-10 07:10:10.000,2024-02-10 07:10:10.000,2024-02-10 07:10:10.000,703028998.0,5108182.0,1427585128.0,229.0,original,230.0,original,232.0,original,4.0,original,0.0,gap_too_large,4.0,original,50.07,original,0.8694,original,703028998.0,original,5108182.0,original,1427585128.0,original,1236940000.0,original,-109.0,original
872522.0,22.0,2024-02-10 07:30:00,OPMC_LIFT,1236950000.0,229.0,229.0,231.0,4.0,0.0,4.0,50.06,0.8641,2024-02-10 07:30:12.000,2024-02-10 07:30:12.000,2024-02-10 07:30:12.000,703030797.0,5108992.0,1427590805.0,229.0,original,229.0,original,231.0,original,4.0,original,0.0,gap_too_large,4.0,original,50.06,original,0.8641,original,703030797.0,original,5108992.0,original,1427590805.0,original,1236950000.0,original,-109.0,original
872603.0,22.0,2024-02-10 08:00:00,OPMC_LIFT,1236960000.0,228.0,228.0,230.0,4.0,0.0,4.0,50.03,0.8674,2024-02-10 08:00:08.000,2024-02-10 08:00:08.000,2024-02-10 08:00:08.000,703033478.0,5110205.0,1427599285.0,228.0,original,228.0,original,230.0,original,4.0,original,0.0,gap_too_large,4.0,original,50.03,original,0.8674,original,703033478.0,original,5110205.0,original,1427599285.0,original,1236960000.0,original,-113.0,original
872679.0,22.0,2024-02-10 08:30:00,OPMC_LIFT,1236960000.0,227.0,228.0,230.0,4.0,0.0,4.0,49.98,0.8673,2024-02-10 08:30:09.000,2024-02-10 08:30:09.000,2024-02-10 08:30:09.000,703036141.0,5111411.0,1427607707.0,227.0,original,228.0,original,230.0,original,4.0,original,0.0,gap_too_large,4.0,original,49.98,original,0.8673,original,703036141.0,original,5111411.0,original,1427607707.0,original,1236960000.0,original,-109.0,original
872795.0,22.0,2024-02-10 09:00:00,OPMC_LIFT,1236970000.0,226.0,227.0,228.0,4.0,0.0,4.0,50.04,0.8694,2024-02-10 09:10:14.000,2024-02-10 09:10:14.000,2024-02-10 09:10:14.000,703039648.0,5113024.0,1427618843.0,226.0,original,227.0,original,228.0,original,4.0,original,0.0,gap_too_large,4.0,original,50.04,original,0.8694,original,703039648.0,original,5113024.0,original,1427618843.0,original,1236970000.0,original,-121.0,original
872892.0,22.0,2024-02-10 09:30:00,OPMC_LIFT,1236980000.0,225.0,225.0,227.0,4.0,0.0,3.0,50.02,0.8713,2024-02-10 09:50:06.000,2024-02-10 09:50:06.000,2024-02-10 09:50:06.000,703043107.0,5114630.0,1427629848.0,225.0,original,225.0,original,227.0,original,4.0,original,0.0,gap_too_large,3.0,original,50.02,original,0.8713,original,703043107.0,original,5114630.0,original,1427629848.0,original,1236980000.0,original,-113.0,original
872924.0,22.0,2024-02-10 10:00:00,OPMC_LIFT,1236990000.0,225.0,225.0,227.0,4.0,0.0,4.0,50.0,0.8654,2024-02-10 10:00:12.000,2024-02-10 10:00:12.000,2024-02-10 10:00:12.000,703043968.0,5115034.0,1427632587.0,225.0,original,225.0,original,227.0,original,4.0,original,0.0,gap_too_large,4.0,original,50.0,original,0.8654,original,703043968.0,original,5115034.0,original,1427632587.0,original,1236990000.0,original,-113.0,original
873000.0,22.0,2024-02-10 10:30:00,OPMC_LIFT,1236990000.0,227.0,228.0,229.0,4.0,0.0,4.0,50.06,0.8700999999999999,2024-02-10 10:30:10.000,2024-02-10 10:30:10.000,2024-02-10 10:30:10.000,703046611.0,5116240.0,1427640955.0,227.0,original,228.0,original,229.0,original,4.0,original,0.0,gap_too_large,4.0,original,50.06,original,0.8700999999999999,original,703046611.0,original,5116240.0,original,1427640955.0,original,1236990000.0,original,-111.0,original
873079.0,22.0,2024-02-10 11:00:00,OPMC_LIFT,1237000000.0,227.0,227.0,229.0,4.0,0.0,4.0,50.06,0.8693,2024-02-10 11:00:10.000,2024-02-10 11:00:10.000,2024-02-10 11:00:10.000,703049242.0,5117446.0,1427649294.0,227.0,original,227.0,original,229.0,original,4.0,original,0.0,gap_too_large,4.0,original,50.06,original,0.8693,original,703049242.0,original,5117446.0,original,1427649294.0,original,1237000000.0,original,-110.0,original
873190.0,22.0,2024-02-10 11:30:00,OPMC_LIFT,1237010000.0,227.0,227.0,229.0,4.0,0.0,4.0,49.94,0.8673,2024-02-10 11:40:07.000,2024-02-10 11:40:07.000,2024-02-10 11:40:07.000,703052749.0,5119056.0,1427660405.0,227.0,original,227.0,original,229.0,original,4.0,original,0.0,gap_too_large,4.0,original,49.94,original,0.8673,original,703052749.0,original,5119056.0,original,1427660405.0,original,1237010000.0,original,-109.0,original
873272.0,22.0,2024-02-10 12:00:00,OPMC_LIFT,1237020000.0,227.0,228.0,229.0,4.0,0.0,4.0,50.03,0.8675999999999999,2024-02-10 12:10:13.000,2024-02-10 12:10:13.000,2024-02-10 12:10:13.000,703055392.0,5120262.0,1427668760.0,227.0,original,228.0,original,229.0,original,4.0,original,0.0,gap_too_large,4.0,original,50.03,original,0.8675999999999999,original,703055392.0,original,5120262.0,original,1427668760.0,original,1237020000.0,original,-106.0,original
873375.0,22.0,2024-02-10 12:30:00,OPMC_LIFT,1237030000.0,227.0,227.0,229.0,4.0,0.0,4.0,49.97,0.8683,2024-02-10 12:50:06.000,2024-02-10 12:50:06.000,2024-02-10 12:50:06.000,703058909.0,5121869.0,1427679893.0,227.0,original,227.0,original,229.0,original,4.0,original,0.0,gap_too_large,4.0,original,49.97,original,0.8683,original,703058909.0,original,5121869.0,original,1427679893.0,original,1237030000.0,original,-113.0,original
873375.0,,2024-02-10 13:00:00,OPMC_LIFT,1237035000.0,226.5,227.0,229.0,4.0,0.0,4.0,50.01,0.86835,,,,703061094.5,5122873.5,1427686822.5,226.5,interpolated,227.0,interpolated,229.0,interpolated,4.0,interpolated,0.0,gap_too_large,4.0,interpolated,50.01,interpolated,0.86835,interpolated,703061094.5,interpolated,5122873.5,interpolated,1427686822.5,interpolated,1237035000.0,interpolated,-118.0,interpolated
873516.0,22.0,2024-02-10 13:30:00,OPMC_LIFT,1237040000.0,226.0,227.0,229.0,4.0,0.0,4.0,50.05,0.8684,2024-02-10 13:40:09.000,2024-02-10 13:40:09.000,2024-02-10 13:40:09.000,703063280.0,5123878.0,1427693752.0,226.0,original,227.0,original,229.0,original,4.0,original,0.0,gap_too_large,4.0,original,50.05,original,0.8684,original,703063280.0,original,5123878.0,original,1427693752.0,original,1237040000.0,original,-123.0,original
873574.0,22.0,2024-02-10 14:00:00,OPMC_LIFT,1237040000.0,227.0,227.0,229.0,4.0,0.0,4.0,50.05,0.8665999999999999,2024-02-10 14:00:11.000,2024-02-10 14:00:11.000,2024-02-10 14:00:11.000,703065027.0,5124682.0,1427699291.0,227.0,original,227.0,original,229.0,original,4.0,original,0.0,gap_too_large,4.0,original,50.05,original,0.8665999999999999,original,703065027.0,original,5124682.0,original,1427699291.0,original,1237040000.0,original,-111.0,original
873718.0,22.0,2024-02-10 14:30:00,OPMC_LIFT,1237060000.0,227.0,228.0,229.0,4.0,0.0,4.0,50.05,0.8676999999999999,2024-02-10 14:50:11.000,2024-02-10 14:50:11.000,2024-02-10 14:50:11.000,703069402.0,5126691.0,1427713166.0,227.0,original,228.0,original,229.0,original,4.0,original,0.0,gap_too_large,4.0,original,50.05,original,0.8676999999999999,original,703069402.0,original,5126691.0,original,1427713166.0,original,1237060000.0,original,-108.0,original
873740.0,22.0,2024-02-10 15:00:00,OPMC_LIFT,1237060000.0,227.0,228.0,229.0,4.0,0.0,4.0,50.05,0.8656999999999999,2024-02-10 15:00:08.000,2024-02-10 15:00:08.000,2024-02-10 15:00:08.000,703070282.0,5127094.0,1427715953.0,227.0,original,228.0,original,229.0,original,4.0,original,0.0,gap_too_large,4.0,original,50.05,original,0.8656999999999999,original,703070282.0,original,5127094.0,original,1427715953.0,original,1237060000.0,original,-121.0,original
873841.0,22.0,2024-02-10 15:30:00,OPMC_LIFT,1237070000.0,227.0,228.0,229.0,4.0,0.0,4.0,50.04,0.8694999999999999,2024-02-10 15:40:09.000,2024-02-10 15:40:09.000,2024-02-10 15:40:09.000,703073805.0,5128698.0,1427727105.0,227.0,original,228.0,original,229.0,original,4.0,original,0.0,gap_too_large,4.0,original,50.04,original,0.8694999999999999,original,703073805.0,original,5128698.0,original,1427727105.0,original,1237070000.0,original,-111.0,original
873890.0,22.0,2024-02-10 16:00:00,OPMC_LIFT,1237070000.0,228.0,228.0,230.0,4.0,0.0,4.0,50.04,0.8685999999999999,2024-02-10 16:00:08.000,2024-02-10 16:00:08.000,2024-02-10 16:00:08.000,703075571.0,5129504.0,1427732696.0,228.0,original,228.0,original,230.0,original,4.0,original,0.0,gap_too_large,4.0,original,50.04,original,0.8685999999999999,original,703075571.0,original,5129504.0,original,1427732696.0,original,1237070000.0,original,-113.0,original
874021.0,22.0,2024-02-10 16:30:00,OPMC_LIFT,1237080000.0,228.0,228.0,230.0,4.0,0.0,4.0,50.02,0.8673,2024-02-10 16:50:09.000,2024-02-10 16:50:09.000,2024-02-10 16:50:09.000,703079994.0,5131514.0,1427746693.0,228.0,original,228.0,original,230.0,original,4.0,original,0.0,gap_too_large,4.0,original,50.02,original,0.8673,original,703079994.0,original,5131514.0,original,1427746693.0,original,1237080000.0,original,-121.0,original
874047.0,22.0,2024-02-10 17:00:00,OPMC_LIFT,1237090000.0,228.0,228.0,230.0,4.0,0.0,4.0,50.05,0.8667999999999999,2024-02-10 17:00:06.000,2024-02-10 17:00:06.000,2024-02-10 17:00:06.000,703080880.0,5131917.0,1427749496.0,228.0,original,228.0,original,230.0,original,4.0,original,0.0,gap_too_large,4.0,original,50.05,original,0.8667999999999999,original,703080880.0,original,5131917.0,original,1427749496.0,original,1237090000.0,original,-108.0,original
874150.0,22.0,2024-02-10 17:30:00,OPMC_LIFT,1237100000.0,227.0,228.0,230.0,4.0,0.0,4.0,49.96,0.8654,2024-02-10 17:40:09.000,2024-02-10 17:40:09.000,2024-02-10 17:40:09.000,703084422.0,5133526.0,1427760699.0,227.0,original,228.0,original,230.0,original,4.0,original,0.0,gap_too_large,4.0,original,49.96,original,0.8654,original,703084422.0,original,5133526.0,original,1427760699.0,original,1237100000.0,original,-121.0,original
874201.0,22.0,2024-02-10 18:00:00,OPMC_LIFT,1237100000.0,227.0,228.0,230.0,4.0,0.0,4.0,49.97,0.8696999999999999,2024-02-10 18:00:03.000,2024-02-10 18:00:03.000,2024-02-10 18:00:03.000,703086192.0,5134330.0,1427766299.0,227.0,original,228.0,original,230.0,original,4.0,original,0.0,gap_too_large,4.0,original,49.97,original,0.8696999999999999,original,703086192.0,original,5134330.0,original,1427766299.0,original,1237100000.0,original,-111.0,original
874317.0,22.0,2024-02-10 18:30:00,OPMC_LIFT,1237110000.0,227.0,227.0,229.0,4.0,0.0,4.0,50.0,0.8692,2024-02-10 18:41:45.000,2024-02-10 18:41:45.000,2024-02-10 18:41:45.000,703089869.0,5135997.0,1427777934.0,227.0,original,227.0,original,229.0,original,4.0,original,0.0,gap_too_large,4.0,original,50.0,original,0.8692,original,703089869.0,original,5135997.0,original,1427777934.0,original,1237110000.0,original,-121.0,original
874394.0,22.0,2024-02-10 19:00:00,OPMC_LIFT,1237120000.0,228.0,228.0,230.0,4.0,0.0,4.0,50.03,0.8685999999999999,2024-02-10 19:10:10.000,2024-02-10 19:10:10.000,2024-02-10 19:10:10.000,703092374.0,5137139.0,1427785864.0,228.0,original,228.0,original,230.0,original,4.0,original,0.0,gap_too_large,4.0,original,50.03,original,0.8685999999999999,original,703092374.0,original,5137139.0,original,1427785864.0,original,1237120000.0,original,-109.0,original
874448.0,22.0,2024-02-10 19:30:00,OPMC_LIFT,1237120000.0,227.0,228.0,230.0,4.0,0.0,4.0,50.03,0.8655999999999999,2024-02-10 19:30:11.000,2024-02-10 19:30:11.000,2024-02-10 19:30:11.000,703094141.0,5137942.0,1427791461.0,227.0,original,228.0,original,230.0,original,4.0,original,0.0,gap_too_large,4.0,original,50.03,original,0.8655999999999999,original,703094141.0,original,5137942.0,original,1427791461.0,original,1237120000.0,original,-114.0,original
874533.0,22.0,2024-02-10 20:00:00,OPMC_LIFT,1237130000.0,228.0,228.0,230.0,4.0,0.0,4.0,50.06,0.8687999999999999,2024-02-10 20:00:12.000,2024-02-10 20:00:12.000,2024-02-10 20:00:12.000,703096794.0,5139146.0,1427799854.0,228.0,original,228.0,original,230.0,original,4.0,original,0.0,gap_too_large,4.0,original,50.06,original,0.8687999999999999,original,703096794.0,original,5139146.0,original,1427799854.0,original,1237130000.0,original,-111.0,original
874600.0,22.0,2024-02-10 20:30:00,OPMC_LIFT,1237140000.0,228.0,228.0,230.0,4.0,0.0,4.0,50.02,0.8670999999999999,2024-02-10 20:30:07.000,2024-02-10 20:30:07.000,2024-02-10 20:30:07.000,703099456.0,5140352.0,1427808277.0,228.0,original,228.0,original,230.0,original,4.0,original,0.0,gap_too_large,4.0,original,50.02,original,0.8670999999999999,original,703099456.0,original,5140352.0,original,1427808277.0,original,1237140000.0,original,-109.0,original
874713.0,22.0,2024-02-10 21:00:00,OPMC_LIFT,1237150000.0,228.0,229.0,231.0,4.0,0.0,4.0,50.03,0.8689999999999999,2024-02-10 21:10:12.000,2024-02-10 21:10:12.000,2024-02-10 21:10:12.000,703103018.0,5141962.0,1427819537.0,228.0,original,229.0,original,231.0,original,4.0,original,0.0,gap_too_large,4.0,original,50.03,original,0.8689999999999999,original,703103018.0,original,5141962.0,original,1427819537.0,original,1237150000.0,original,-109.0,original
874784.0,22.0,2024-02-10 21:30:00,OPMC_LIFT,1237150000.0,229.0,229.0,231.0,4.0,0.0,4.0,50.07,0.8650999999999999,2024-02-10 21:40:06.000,2024-02-10 21:40:06.000,2024-02-10 21:40:06.000,703105699.0,5143165.0,1427828011.0,229.0,original,229.0,original,231.0,original,4.0,original,0.0,gap_too_large,4.0,original,50.07,original,0.8650999999999999,original,703105699.0,original,5143165.0,original,1427828011.0,original,1237150000.0,original,-109.0,original
874837.0,22.0,2024-02-10 22:00:00,OPMC_LIFT,1237160000.0,229.0,229.0,231.0,4.0,0.0,4.0,49.98,0.8665999999999999,2024-02-10 22:00:10.000,2024-02-10 22:00:10.000,2024-02-10 22:00:10.000,703107494.0,5143971.0,1427833675.0,229.0,original,229.0,original,231.0,original,4.0,original,0.0,gap_too_large,4.0,original,49.98,original,0.8665999999999999,original,703107494.0,original,5143971.0,original,1427833675.0,original,1237160000.0,original,-107.0,original
874957.0,22.0,2024-02-10 22:30:00,OPMC_LIFT,1237170000.0,230.0,230.0,233.0,4.0,0.0,4.0,50.01,0.8665999999999999,2024-02-10 22:40:13.000,2024-02-10 22:40:13.000,2024-02-10 22:40:13.000,703111120.0,5145584.0,1427845096.0,230.0,original,230.0,original,233.0,original,4.0,original,0.0,gap_too_large,4.0,original,50.01,original,0.8665999999999999,original,703111120.0,original,5145584.0,original,1427845096.0,original,1237170000.0,original,-121.0,original
875063.0,22.0,2024-02-10 23:00:00,OPMC_LIFT,1237180000.0,231.0,231.0,233.0,4.0,0.0,4.0,50.05,0.8664,2024-02-10 23:20:08.000,2024-02-10 23:20:08.000,2024-02-10 23:20:08.000,703114784.0,5147194.0,1427856609.0,231.0,original,231.0,original,233.0,original,4.0,original,0.0,gap_too_large,4.0,original,50.05,original,0.8664,original,703114784.0,original,5147194.0,original,1427856609.0,original,1237180000.0,original,-110.0,original
875114.0,22.0,2024-02-10 23:30:00,OPMC_LIFT,1237180000.0,231.0,231.0,233.0,4.0,0.0,4.0,50.02,0.8658999999999999,2024-02-10 23:40:07.000,2024-02-10 23:40:07.000,2024-02-10 23:40:07.000,703116621.0,5148000.0,1427862373.0,231.0,original,231.0,original,233.0,original,4.0,original,0.0,gap_too_large,4.0,original,50.02,original,0.8658999999999999,original,703116621.0,original,5148000.0,original,1427862373.0,original,1237180000.0,original,-108.0,original
875167.0,22.0,2024-02-11 00:00:00,OPMC_LIFT,1237190000.0,229.0,229.0,231.0,4.0,0.0,4.0,50.03,0.8654999999999999,2024-02-11 00:00:05.000,2024-02-11 00:00:05.000,2024-02-11 00:00:05.000,703118461.0,5148806.0,1427868145.0,229.0,original,229.0,original,231.0,original,4.0,original,0.0,gap_too_large,4.0,original,50.03,original,0.8654999999999999,original,703118461.0,original,5148806.0,original,1427868145.0,original,1237190000.0,original,-109.0,original
875248.0,22.0,2024-02-11 00:30:00,OPMC_LIFT,1237200000.0,229.0,229.0,231.0,4.0,0.0,4.0,50.01,0.8660999999999999,2024-02-11 00:30:07.000,2024-02-11 00:30:07.000,2024-02-11 00:30:07.000,703121152.0,5150013.0,1427876638.0,229.0,original,229.0,original,231.0,original,4.0,original,0.0,gap_too_large,4.0,original,50.01,original,0.8660999999999999,original,703121152.0,original,5150013.0,original,1427876638.0,original,1237200000.0,original,-100.0,original
875333.0,22.0,2024-02-11 01:00:00,OPMC_LIFT,1237200000.0,229.0,229.0,231.0,4.0,0.0,4.0,50.02,0.8659999999999999,2024-02-11 01:00:05.000,2024-02-11 01:00:05.000,2024-02-11 01:00:05.000,703123843.0,5151219.0,1427885141.0,229.0,original,229.0,original,231.0,original,4.0,original,0.0,gap_too_large,4.0,original,50.02,original,0.8659999999999999,original,703123843.0,original,5151219.0,original,1427885141.0,original,1237200000.0,original,-110.0,original
875450.0,22.0,2024-02-11 01:30:00,OPMC_LIFT,1237210000.0,229.0,230.0,232.0,4.0,0.0,4.0,50.03,0.8708999999999999,2024-02-11 01:40:05.000,2024-02-11 01:40:05.000,2024-02-11 01:40:05.000,703127446.0,5152829.0,1427896504.0,229.0,original,230.0,original,232.0,original,4.0,original,0.0,gap_too_large,4.0,original,50.03,original,0.8708999999999999,original,703127446.0,original,5152829.0,original,1427896504.0,original,1237210000.0,original,-106.0,original
875566.0,22.0,2024-02-11 02:00:00,OPMC_LIFT,1237220000.0,230.0,230.0,232.0,4.0,0.0,4.0,49.96,0.8678999999999999,2024-02-11 02:20:08.000,2024-02-11 02:20:08.000,2024-02-11 02:20:08.000,703131066.0,5154438.0,1427907909.0,230.0,original,230.0,original,232.0,original,4.0,original,0.0,gap_too_large,4.0,original,49.96,original,0.8678999999999999,original,703131066.0,original,5154438.0,original,1427907909.0,original,1237220000.0,original,-109.0,original
875599.0,22.0,2024-02-11 02:30:00,OPMC_LIFT,1237230000.0,230.0,230.0,232.0,4.0,0.0,4.0,50.01,0.8682,2024-02-11 02:30:10.000,2024-02-11 02:30:10.000,2024-02-11 02:30:10.000,703131974.0,5154842.0,1427910766.0,230.0,original,230.0,original,232.0,original,4.0,original,0.0,gap_too_large,4.0,original,50.01,original,0.8682,original,703131974.0,original,5154842.0,original,1427910766.0,original,1237230000.0,original,-111.0,original
875670.0,22.0,2024-02-11 03:00:00,OPMC_LIFT,1237230000.0,230.0,230.0,232.0,4.0,0.0,4.0,50.01,0.8664,2024-02-11 03:00:03.000,2024-02-11 03:00:03.000,2024-02-11 03:00:03.000,703134704.0,5156048.0,1427919358.0,230.0,original,230.0,original,232.0,original,4.0,original,0.0,gap_too_large,4.0,original,50.01,original,0.8664,original,703134704.0,original,5156048.0,original,1427919358.0,original,1237230000.0,original,-109.0,original
875793.0,22.0,2024-02-11 03:30:00,OPMC_LIFT,1237240000.0,230.0,231.0,233.0,4.0,0.0,4.0,50.05,0.8674999999999999,2024-02-11 03:40:07.000,2024-02-11 03:40:07.000,2024-02-11 03:40:07.000,703138365.0,5157664.0,1427930872.0,230.0,original,231.0,original,233.0,original,4.0,original,0.0,gap_too_large,4.0,original,50.05,original,0.8674999999999999,original,703138365.0,original,5157664.0,original,1427930872.0,original,1237240000.0,original,-106.0,original
875793.0,,2024-02-11 04:00:00,OPMC_LIFT,1237250000.0,230.5,231.0,233.0,4.0,0.0,4.0,50.06,0.8661999999999999,,,,703140657.5,5158670.5,1427938072.0,230.5,interpolated,231.0,interpolated,233.0,interpolated,4.0,interpolated,0.0,gap_too_large,4.0,interpolated,50.06,interpolated,0.8661999999999999,interpolated,703140657.5,interpolated,5158670.5,interpolated,1427938072.0,interpolated,1237250000.0,interpolated,-114.5,interpolated
875935.0,22.0,2024-02-11 04:30:00,OPMC_LIFT,1237260000.0,231.0,231.0,233.0,4.0,0.0,4.0,50.07,0.8648999999999999,2024-02-11 04:30:11.000,2024-02-11 04:30:11.000,2024-02-11 04:30:11.000,703142950.0,5159677.0,1427945272.0,231.0,original,231.0,original,233.0,original,4.0,original,0.0,gap_too_large,4.0,original,50.07,original,0.8648999999999999,original,703142950.0,original,5159677.0,original,1427945272.0,original,1237260000.0,original,-123.0,original
876018.0,22.0,2024-02-11 05:00:00,OPMC_LIFT,1237260000.0,230.0,231.0,233.0,4.0,0.0,4.0,50.03,0.8676999999999999,2024-02-11 05:00:06.000,2024-02-11 05:00:06.000,2024-02-11 05:00:06.000,703145699.0,5160886.0,1427953915.0,230.0,original,231.0,original,233.0,original,4.0,original,0.0,gap_too_large,4.0,original,50.03,original,0.8676999999999999,original,703145699.0,original,5160886.0,original,1427953915.0,original,1237260000.0,original,-108.0,original
876107.0,22.0,2024-02-11 05:30:00,OPMC_LIFT,1237270000.0,230.0,230.0,232.0,4.0,0.0,4.0,49.99,0.8680999999999999,2024-02-11 05:30:08.000,2024-02-11 05:30:08.000,2024-02-11 05:30:08.000,703148438.0,5162096.0,1427962533.0,230.0,original,230.0,original,232.0,original,4.0,original,0.0,gap_too_large,4.0,original,49.99,original,0.8680999999999999,original,703148438.0,original,5162096.0,original,1427962533.0,original,1237270000.0,original,-113.0,original
876192.0,22.0,2024-02-11 06:00:00,OPMC_LIFT,1237280000.0,230.0,230.0,232.0,4.0,0.0,4.0,49.95,0.8648999999999999,2024-02-11 06:00:07.000,2024-02-11 06:00:07.000,2024-02-11 06:00:07.000,703151178.0,5163306.0,1427971144.0,230.0,original,230.0,original,232.0,original,4.0,original,0.0,gap_too_large,4.0,original,49.95,original,0.8648999999999999,original,703151178.0,original,5163306.0,original,1427971144.0,original,1237280000.0,original,-114.0,original
876285.0,22.0,2024-02-11 06:30:00,OPMC_LIFT,1237290000.0,230.0,230.0,232.0,4.0,0.0,4.0,50.02,0.8667999999999999,2024-02-11 06:30:12.000,2024-02-11 06:30:12.000,2024-02-11 06:30:12.000,703153910.0,5164515.0,1427979742.0,230.0,original,230.0,original,232.0,original,4.0,original,0.0,gap_too_large,4.0,original,50.02,original,0.8667999999999999,original,703153910.0,original,5164515.0,original,1427979742.0,original,1237290000.0,original,-111.0,original
876378.0,22.0,2024-02-11 07:00:00,OPMC_LIFT,1237290000.0,230.0,230.0,232.0,4.0,0.0,4.0,49.97,0.8674,2024-02-11 07:00:12.000,2024-02-11 07:00:12.000,2024-02-11 07:00:12.000,703156637.0,5165725.0,1427988331.0,230.0,original,230.0,original,232.0,original,4.0,original,0.0,gap_too_large,4.0,original,49.97,original,0.8674,original,703156637.0,original,5165725.0,original,1427988331.0,original,1237290000.0,original,-111.0,original
876478.0,22.0,2024-02-11 07:30:00,OPMC_LIFT,1237300000.0,229.0,229.0,231.0,4.0,0.0,4.0,49.97,0.8670999999999999,2024-02-11 07:40:09.000,2024-02-11 07:40:09.000,2024-02-11 07:40:09.000,703160240.0,5167334.0,1427999697.0,229.0,original,229.0,original,231.0,original,4.0,original,0.0,gap_too_large,4.0,original,49.97,original,0.8670999999999999,original,703160240.0,original,5167334.0,original,1427999697.0,original,1237300000.0,original,-109.0,original
876478.0,,2024-02-11 08:00:00,OPMC_LIFT,1237310000.0,227.5,228.0,229.5,4.0,0.0,4.0,49.965,0.8675999999999999,,,,703163337.5,5168740.5,1428009503.5,227.5,interpolated,228.0,interpolated,229.5,interpolated,4.0,interpolated,0.0,gap_too_large,4.0,interpolated,49.965,interpolated,0.8675999999999999,interpolated,703163337.5,interpolated,5168740.5,interpolated,1428009503.5,interpolated,1237310000.0,interpolated,-110.0,interpolated
876671.0,22.0,2024-02-11 08:30:00,OPMC_LIFT,1237320000.0,226.0,227.0,228.0,4.0,0.0,4.0,49.96,0.8680999999999999,2024-02-11 08:50:13.000,2024-02-11 08:50:13.000,2024-02-11 08:50:13.000,703166435.0,5170147.0,1428019310.0,226.0,original,227.0,original,228.0,original,4.0,original,0.0,gap_too_large,4.0,original,49.96,original,0.8680999999999999,original,703166435.0,original,5170147.0,original,1428019310.0,original,1237320000.0,original,-111.0,original
876702.0,22.0,2024-02-11 09:00:00,OPMC_LIFT,1237320000.0,226.0,227.0,228.0,4.0,0.0,4.0,49.96,0.8706999999999999,2024-02-11 09:00:13.000,2024-02-11 09:00:13.000,2024-02-11 09:00:13.000,703167306.0,5170550.0,1428022075.0,226.0,original,227.0,original,228.0,original,4.0,original,0.0,gap_too_large,4.0,original,49.96,original,0.8706999999999999,original,703167306.0,original,5170550.0,original,1428022075.0,original,1237320000.0,original,-108.0,original
876808.0,22.0,2024-02-11 09:30:00,OPMC_LIFT,1237330000.0,228.0,228.0,230.0,4.0,0.0,4.0,50.01,0.8663,2024-02-11 09:40:08.000,2024-02-11 09:40:08.000,2024-02-11 09:40:08.000,703170774.0,5172154.0,1428033105.0,228.0,original,228.0,original,230.0,original,4.0,original,0.0,gap_too_large,4.0,original,50.01,original,0.8663,original,703170774.0,original,5172154.0,original,1428033105.0,original,1237330000.0,original,-108.0,original
876902.0,22.0,2024-02-11 10:00:00,OPMC_LIFT,1237340000.0,227.0,227.0,229.0,4.0,0.0,4.0,49.98,0.8684,2024-02-11 10:20:05.000,2024-02-11 10:20:05.000,2024-02-11 10:20:05.000,703174294.0,5173760.0,1428044257.0,227.0,original,227.0,original,229.0,original,4.0,original,0.0,gap_too_large,4.0,original,49.98,original,0.8684,original,703174294.0,original,5173760.0,original,1428044257.0,original,1237340000.0,original,-109.0,original
876935.0,22.0,2024-02-11 10:30:00,OPMC_LIFT,1237340000.0,227.0,227.0,229.0,4.0,0.0,4.0,50.0,0.8682,2024-02-11 10:30:07.000,2024-02-11 10:30:07.000,2024-02-11 10:30:07.000,703175171.0,5174160.0,1428047038.0,227.0,original,227.0,original,229.0,original,4.0,original,0.0,gap_too_large,4.0,original,50.0,original,0.8682,original,703175171.0,original,5174160.0,original,1428047038.0,original,1237340000.0,original,-124.0,original
876935.0,,2024-02-11 11:00:00,OPMC_LIFT,0.0,0.0,0.0,0.0,0.0,0.0,0.0,0.0,0.0,,,,0.0,0.0,0.0,0.0,gap_too_large,0.0,gap_too_large,0.0,gap_too_large,0.0,gap_too_large,0.0,gap_too_large,0.0,gap_too_large,0.0,gap_too_large,0.0,gap_too_large,0.0,gap_too_large,0.0,gap_too_large,0.0,gap_too_large,0.0,gap_too_large,0.0,gap_too_large
876935.0,,2024-02-11 11:30:00,OPMC_LIFT,0.0,0.0,0.0,0.0,0.0,0.0,0.0,0.0,0.0,,,,0.0,0.0,0.0,0.0,gap_too_large,0.0,gap_too_large,0.0,gap_too_large,0.0,gap_too_large,0.0,gap_too_large,0.0,gap_too_large,0.0,gap_too_large,0.0,gap_too_large,0.0,gap_too_large,0.0,gap_too_large,0.0,gap_too_large,0.0,gap_too_large,0.0,gap_too_large
876935.0,,2024-02-11 12:00:00,OPMC_LIFT,0.0,0.0,0.0,0.0,0.0,0.0,0.0,0.0,0.0,,,,0.0,0.0,0.0,0.0,gap_too_large,0.0,gap_too_large,0.0,gap_too_large,0.0,gap_too_large,0.0,gap_too_large,0.0,gap_too_large,0.0,gap_too_large,0.0,gap_too_large,0.0,gap_too_large,0.0,gap_too_large,0.0,gap_too_large,0.0,gap_too_large,0.0,gap_too_large
876935.0,,2024-02-11 12:30:00,OPMC_LIFT,0.0,0.0,0.0,0.0,0.0,0.0,0.0,0.0,0.0,,,,0.0,0.0,0.0,0.0,gap_too_large,0.0,gap_too_large,0.0,gap_too_large,0.0,gap_too_large,0.0,gap_too_large,0.0,gap_too_large,0.0,gap_too_large,0.0,gap_too_large,0.0,gap_too_large,0.0,gap_too_large,0.0,gap_too_large,0.0,gap_too_large,0.0,gap_too_large
876935.0,,2024-02-11 13:00:00,OPMC_LIFT,0.0,0.0,0.0,0.0,0.0,0.0,0.0,0.0,0.0,,,,0.0,0.0,0.0,0.0,gap_too_large,0.0,gap_too_large,0.0,gap_too_large,0.0,gap_too_large,0.0,gap_too_large,0.0,gap_too_large,0.0,gap_too_large,0.0,gap_too_large,0.0,gap_too_large,0.0,gap_too_large,0.0,gap_too_large,0.0,gap_too_large,0.0,gap_too_large
876935.0,,2024-02-11 13:30:00,OPMC_LIFT,0.0,0.0,0.0,0.0,0.0,0.0,0.0,0.0,0.0,,,,0.0,0.0,0.0,0.0,gap_too_large,0.0,gap_too_large,0.0,gap_too_large,0.0,gap_too_large,0.0,gap_too_large,0.0,gap_too_large,0.0,gap_too_large,0.0,gap_too_large,0.0,gap_too_large,0.0,gap_too_large,0.0,gap_too_large,0.0,gap_too_large,0.0,gap_too_large
876935.0,,2024-02-11 14:00:00,OPMC_LIFT,0.0,0.0,0.0,0.0,0.0,0.0,0.0,0.0,0.0,,,,0.0,0.0,0.0,0.0,gap_too_large,0.0,gap_too_large,0.0,gap_too_large,0.0,gap_too_large,0.0,gap_too_large,0.0,gap_too_large,0.0,gap_too_large,0.0,gap_too_large,0.0,gap_too_large,0.0,gap_too_large,0.0,gap_too_large,0.0,gap_too_large,0.0,gap_too_large
876935.0,,2024-02-11 14:30:00,OPMC_LIFT,0.0,0.0,0.0,0.0,0.0,0.0,0.0,0.0,0.0,,,,0.0,0.0,0.0,0.0,gap_too_large,0.0,gap_too_large,0.0,gap_too_large,0.0,gap_too_large,0.0,gap_too_large,0.0,gap_too_large,0.0,gap_too_large,0.0,gap_too_large,0.0,gap_too_large,0.0,gap_too_large,0.0,gap_too_large,0.0,gap_too_large,0.0,gap_too_large
876935.0,,2024-02-11 15:00:00,OPMC_LIFT,0.0,0.0,0.0,0.0,0.0,0.0,0.0,0.0,0.0,,,,0.0,0.0,0.0,0.0,gap_too_large,0.0,gap_too_large,0.0,gap_too_large,0.0,gap_too_large,0.0,gap_too_large,0.0,gap_too_large,0.0,gap_too_large,0.0,gap_too_large,0.0,gap_too_large,0.0,gap_too_large,0.0,gap_too_large,0.0,gap_too_large,0.0,gap_too_large
876935.0,,2024-02-11 15:30:00,OPMC_LIFT,0.0,0.0,0.0,0.0,0.0,0.0,0.0,0.0,0.0,,,,0.0,0.0,0.0,0.0,gap_too_large,0.0,gap_too_large,0.0,gap_too_large,0.0,gap_too_large,0.0,gap_too_large,0.0,gap_too_large,0.0,gap_too_large,0.0,gap_too_large,0.0,gap_too_large,0.0,gap_too_large,0.0,gap_too_large,0.0,gap_too_large,0.0,gap_too_large
876935.0,,2024-02-11 16:00:00,OPMC_LIFT,0.0,0.0,0.0,0.0,0.0,0.0,0.0,0.0,0.0,,,,0.0,0.0,0.0,0.0,gap_too_large,0.0,gap_too_large,0.0,gap_too_large,0.0,gap_too_large,0.0,gap_too_large,0.0,gap_too_large,0.0,gap_too_large,0.0,gap_too_large,0.0,gap_too_large,0.0,gap_too_large,0.0,gap_too_large,0.0,gap_too_large,0.0,gap_too_large
876935.0,,2024-02-11 16:30:00,OPMC_LIFT,0.0,0.0,0.0,0.0,0.0,0.0,0.0,0.0,0.0,,,,0.0,0.0,0.0,0.0,gap_too_large,0.0,gap_too_large,0.0,gap_too_large,0.0,gap_too_large,0.0,gap_too_large,0.0,gap_too_large,0.0,gap_too_large,0.0,gap_too_large,0.0,gap_too_large,0.0,gap_too_large,0.0,gap_too_large,0.0,gap_too_large,0.0,gap_too_large
876935.0,,2024-02-11 17:00:00,OPMC_LIFT,0.0,0.0,0.0,0.0,0.0,0.0,0.0,0.0,0.0,,,,0.0,0.0,0.0,0.0,gap_too_large,0.0,gap_too_large,0.0,gap_too_large,0.0,gap_too_large,0.0,gap_too_large,0.0,gap_too_large,0.0,gap_too_large,0.0,gap_too_large,0.0,gap_too_large,0.0,gap_too_large,0.0,gap_too_large,0.0,gap_too_large,0.0,gap_too_large
876935.0,,2024-02-11 17:30:00,OPMC_LIFT,0.0,0.0,0.0,0.0,0.0,0.0,0.0,0.0,0.0,,,,0.0,0.0,0.0,0.0,gap_too_large,0.0,gap_too_large,0.0,gap_too_large,0.0,gap_too_large,0.0,gap_too_large,0.0,gap_too_large,0.0,gap_too_large,0.0,gap_too_large,0.0,gap_too_large,0.0,gap_too_large,0.0,gap_too_large,0.0,gap_too_large,0.0,gap_too_large
876935.0,,2024-02-11 18:00:00,OPMC_LIFT,0.0,0.0,0.0,0.0,0.0,0.0,0.0,0.0,0.0,,,,0.0,0.0,0.0,0.0,gap_too_large,0.0,gap_too_large,0.0,gap_too_large,0.0,gap_too_large,0.0,gap_too_large,0.0,gap_too_large,0.0,gap_too_large,0.0,gap_too_large,0.0,gap_too_large,0.0,gap_too_large,0.0,gap_too_large,0.0,gap_too_large,0.0,gap_too_large
876935.0,,2024-02-11 18:30:00,OPMC_LIFT,0.0,0.0,0.0,0.0,0.0,0.0,0.0,0.0,0.0,,,,0.0,0.0,0.0,0.0,gap_too_large,0.0,gap_too_large,0.0,gap_too_large,0.0,gap_too_large,0.0,gap_too_large,0.0,gap_too_large,0.0,gap_too_large,0.0,gap_too_large,0.0,gap_too_large,0.0,gap_too_large,0.0,gap_too_large,0.0,gap_too_large,0.0,gap_too_large
876935.0,,2024-02-11 19:00:00,OPMC_LIFT,0.0,0.0,0.0,0.0,0.0,0.0,0.0,0.0,0.0,,,,0.0,0.0,0.0,0.0,gap_too_large,0.0,gap_too_large,0.0,gap_too_large,0.0,gap_too_large,0.0,gap_too_large,0.0,gap_too_large,0.0,gap_too_large,0.0,gap_too_large,0.0,gap_too_large,0.0,gap_too_large,0.0,gap_too_large,0.0,gap_too_large,0.0,gap_too_large
876935.0,,2024-02-11 19:30:00,OPMC_LIFT,0.0,0.0,0.0,0.0,0.0,0.0,0.0,0.0,0.0,,,,0.0,0.0,0.0,0.0,gap_too_large,0.0,gap_too_large,0.0,gap_too_large,0.0,gap_too_large,0.0,gap_too_large,0.0,gap_too_large,0.0,gap_too_large,0.0,gap_too_large,0.0,gap_too_large,0.0,gap_too_large,0.0,gap_too_large,0.0,gap_too_large,0.0,gap_too_large
876935.0,,2024-02-11 20:00:00,OPMC_LIFT,0.0,0.0,0.0,0.0,0.0,0.0,0.0,0.0,0.0,,,,0.0,0.0,0.0,0.0,gap_too_large,0.0,gap_too_large,0.0,gap_too_large,0.0,gap_too_large,0.0,gap_too_large,0.0,gap_too_large,0.0,gap_too_large,0.0,gap_too_large,0.0,gap_too_large,0.0,gap_too_large,0.0,gap_too_large,0.0,gap_too_large,0.0,gap_too_large
876935.0,,2024-02-11 20:30:00,OPMC_LIFT,0.0,0.0,0.0,0.0,0.0,0.0,0.0,0.0,0.0,,,,0.0,0.0,0.0,0.0,gap_too_large,0.0,gap_too_large,0.0,gap_too_large,0.0,gap_too_large,0.0,gap_too_large,0.0,gap_too_large,0.0,gap_too_large,0.0,gap_too_large,0.0,gap_too_large,0.0,gap_too_large,0.0,gap_too_large,0.0,gap_too_large,0.0,gap_too_large
876935.0,,2024-02-11 21:00:00,OPMC_LIFT,0.0,0.0,0.0,0.0,0.0,0.0,0.0,0.0,0.0,,,,0.0,0.0,0.0,0.0,gap_too_large,0.0,gap_too_large,0.0,gap_too_large,0.0,gap_too_large,0.0,gap_too_large,0.0,gap_too_large,0.0,gap_too_large,0.0,gap_too_large,0.0,gap_too_large,0.0,gap_too_large,0.0,gap_too_large,0.0,gap_too_large,0.0,gap_too_large
876935.0,,2024-02-11 21:30:00,OPMC_LIFT,0.0,0.0,0.0,0.0,0.0,0.0,0.0,0.0,0.0,,,,0.0,0.0,0.0,0.0,gap_too_large,0.0,gap_too_large,0.0,gap_too_large,0.0,gap_too_large,0.0,gap_too_large,0.0,gap_too_large,0.0,gap_too_large,0.0,gap_too_large,0.0,gap_too_large,0.0,gap_too_large,0.0,gap_too_large,0.0,gap_too_large,0.0,gap_too_large
876935.0,,2024-02-11 22:00:00,OPMC_LIFT,0.0,0.0,0.0,0.0,0.0,0.0,0.0,0.0,0.0,,,,0.0,0.0,0.0,0.0,gap_too_large,0.0,gap_too_large,0.0,gap_too_large,0.0,gap_too_large,0.0,gap_too_large,0.0,gap_too_large,0.0,gap_too_large,0.0,gap_too_large,0.0,gap_too_large,0.0,gap_too_large,0.0,gap_too_large,0.0,gap_too_large,0.0,gap_too_large
876935.0,,2024-02-11 22:30:00,OPMC_LIFT,0.0,0.0,0.0,0.0,0.0,0.0,0.0,0.0,0.0,,,,0.0,0.0,0.0,0.0,gap_too_large,0.0,gap_too_large,0.0,gap_too_large,0.0,gap_too_large,0.0,gap_too_large,0.0,gap_too_large,0.0,gap_too_large,0.0,gap_too_large,0.0,gap_too_large,0.0,gap_too_large,0.0,gap_too_large,0.0,gap_too_large,0.0,gap_too_large
876935.0,,2024-02-11 23:00:00,OPMC_LIFT,0.0,0.0,0.0,0.0,0.0,0.0,0.0,0.0,0.0,,,,0.0,0.0,0.0,0.0,gap_too_large,0.0,gap_too_large,0.0,gap_too_large,0.0,gap_too_large,0.0,gap_too_large,0.0,gap_too_large,0.0,gap_too_large,0.0,gap_too_large,0.0,gap_too_large,0.0,gap_too_large,0.0,gap_too_large,0.0,gap_too_large,0.0,gap_too_large
876935.0,,2024-02-11 23:30:00,OPMC_LIFT,0.0,0.0,0.0,0.0,0.0,0.0,0.0,0.0,0.0,,,,0.0,0.0,0.0,0.0,gap_too_large,0.0,gap_too_large,0.0,gap_too_large,0.0,gap_too_large,0.0,gap_too_large,0.0,gap_too_large,0.0,gap_too_large,0.0,gap_too_large,0.0,gap_too_large,0.0,gap_too_large,0.0,gap_too_large,0.0,gap_too_large,0.0,gap_too_large
876935.0,,2024-02-12 00:00:00,OPMC_LIFT,0.0,0.0,0.0,0.0,0.0,0.0,0.0,0.0,0.0,,,,0.0,0.0,0.0,0.0,gap_too_large,0.0,gap_too_large,0.0,gap_too_large,0.0,gap_too_large,0.0,gap_too_large,0.0,gap_too_large,0.0,gap_too_large,0.0,gap_too_large,0.0,gap_too_large,0.0,gap_too_large,0.0,gap_too_large,0.0,gap_too_large,0.0,gap_too_large
876935.0,,2024-02-12 00:30:00,OPMC_LIFT,0.0,0.0,0.0,0.0,0.0,0.0,0.0,0.0,0.0,,,,0.0,0.0,0.0,0.0,gap_too_large,0.0,gap_too_large,0.0,gap_too_large,0.0,gap_too_large,0.0,gap_too_large,0.0,gap_too_large,0.0,gap_too_large,0.0,gap_too_large,0.0,gap_too_large,0.0,gap_too_large,0.0,gap_too_large,0.0,gap_too_large,0.0,gap_too_large
876935.0,,2024-02-12 01:00:00,OPMC_LIFT,0.0,0.0,0.0,0.0,0.0,0.0,0.0,0.0,0.0,,,,0.0,0.0,0.0,0.0,gap_too_large,0.0,gap_too_large,0.0,gap_too_large,0.0,gap_too_large,0.0,gap_too_large,0.0,gap_too_large,0.0,gap_too_large,0.0,gap_too_large,0.0,gap_too_large,0.0,gap_too_large,0.0,gap_too_large,0.0,gap_too_large,0.0,gap_too_large
876935.0,,2024-02-12 01:30:00,OPMC_LIFT,0.0,0.0,0.0,0.0,0.0,0.0,0.0,0.0,0.0,,,,0.0,0.0,0.0,0.0,gap_too_large,0.0,gap_too_large,0.0,gap_too_large,0.0,gap_too_large,0.0,gap_too_large,0.0,gap_too_large,0.0,gap_too_large,0.0,gap_too_large,0.0,gap_too_large,0.0,gap_too_large,0.0,gap_too_large,0.0,gap_too_large,0.0,gap_too_large
876935.0,,2024-02-12 02:00:00,OPMC_LIFT,0.0,0.0,0.0,0.0,0.0,0.0,0.0,0.0,0.0,,,,0.0,0.0,0.0,0.0,gap_too_large,0.0,gap_too_large,0.0,gap_too_large,0.0,gap_too_large,0.0,gap_too_large,0.0,gap_too_large,0.0,gap_too_large,0.0,gap_too_large,0.0,gap_too_large,0.0,gap_too_large,0.0,gap_too_large,0.0,gap_too_large,0.0,gap_too_large
876935.0,,2024-02-12 02:30:00,OPMC_LIFT,0.0,0.0,0.0,0.0,0.0,0.0,0.0,0.0,0.0,,,,0.0,0.0,0.0,0.0,gap_too_large,0.0,gap_too_large,0.0,gap_too_large,0.0,gap_too_large,0.0,gap_too_large,0.0,gap_too_large,0.0,gap_too_large,0.0,gap_too_large,0.0,gap_too_large,0.0,gap_too_large,0.0,gap_too_large,0.0,gap_too_large,0.0,gap_too_large
876935.0,,2024-02-12 03:00:00,OPMC_LIFT,0.0,0.0,0.0,0.0,0.0,0.0,0.0,0.0,0.0,,,,0.0,0.0,0.0,0.0,gap_too_large,0.0,gap_too_large,0.0,gap_too_large,0.0,gap_too_large,0.0,gap_too_large,0.0,gap_too_large,0.0,gap_too_large,0.0,gap_too_large,0.0,gap_too_large,0.0,gap_too_large,0.0,gap_too_large,0.0,gap_too_large,0.0,gap_too_large
876935.0,,2024-02-12 03:30:00,OPMC_LIFT,0.0,0.0,0.0,0.0,0.0,0.0,0.0,0.0,0.0,,,,0.0,0.0,0.0,0.0,gap_too_large,0.0,gap_too_large,0.0,gap_too_large,0.0,gap_too_large,0.0,gap_too_large,0.0,gap_too_large,0.0,gap_too_large,0.0,gap_too_large,0.0,gap_too_large,0.0,gap_too_large,0.0,gap_too_large,0.0,gap_too_large,0.0,gap_too_large
876935.0,,2024-02-12 04:00:00,OPMC_LIFT,0.0,0.0,0.0,0.0,0.0,0.0,0.0,0.0,0.0,,,,0.0,0.0,0.0,0.0,gap_too_large,0.0,gap_too_large,0.0,gap_too_large,0.0,gap_too_large,0.0,gap_too_large,0.0,gap_too_large,0.0,gap_too_large,0.0,gap_too_large,0.0,gap_too_large,0.0,gap_too_large,0.0,gap_too_large,0.0,gap_too_large,0.0,gap_too_large
876935.0,,2024-02-12 04:30:00,OPMC_LIFT,0.0,0.0,0.0,0.0,0.0,0.0,0.0,0.0,0.0,,,,0.0,0.0,0.0,0.0,gap_too_large,0.0,gap_too_large,0.0,gap_too_large,0.0,gap_too_large,0.0,gap_too_large,0.0,gap_too_large,0.0,gap_too_large,0.0,gap_too_large,0.0,gap_too_large,0.0,gap_too_large,0.0,gap_too_large,0.0,gap_too_large,0.0,gap_too_large
876935.0,,2024-02-12 05:00:00,OPMC_LIFT,0.0,0.0,0.0,0.0,0.0,0.0,0.0,0.0,0.0,,,,0.0,0.0,0.0,0.0,gap_too_large,0.0,gap_too_large,0.0,gap_too_large,0.0,gap_too_large,0.0,gap_too_large,0.0,gap_too_large,0.0,gap_too_large,0.0,gap_too_large,0.0,gap_too_large,0.0,gap_too_large,0.0,gap_too_large,0.0,gap_too_large,0.0,gap_too_large
876935.0,,2024-02-12 05:30:00,OPMC_LIFT,0.0,0.0,0.0,0.0,0.0,0.0,0.0,0.0,0.0,,,,0.0,0.0,0.0,0.0,gap_too_large,0.0,gap_too_large,0.0,gap_too_large,0.0,gap_too_large,0.0,gap_too_large,0.0,gap_too_large,0.0,gap_too_large,0.0,gap_too_large,0.0,gap_too_large,0.0,gap_too_large,0.0,gap_too_large,0.0,gap_too_large,0.0,gap_too_large
876935.0,,2024-02-12 06:00:00,OPMC_LIFT,0.0,0.0,0.0,0.0,0.0,0.0,0.0,0.0,0.0,,,,0.0,0.0,0.0,0.0,gap_too_large,0.0,gap_too_large,0.0,gap_too_large,0.0,gap_too_large,0.0,gap_too_large,0.0,gap_too_large,0.0,gap_too_large,0.0,gap_too_large,0.0,gap_too_large,0.0,gap_too_large,0.0,gap_too_large,0.0,gap_too_large,0.0,gap_too_large
876935.0,,2024-02-12 06:30:00,OPMC_LIFT,0.0,0.0,0.0,0.0,0.0,0.0,0.0,0.0,0.0,,,,0.0,0.0,0.0,0.0,gap_too_large,0.0,gap_too_large,0.0,gap_too_large,0.0,gap_too_large,0.0,gap_too_large,0.0,gap_too_large,0.0,gap_too_large,0.0,gap_too_large,0.0,gap_too_large,0.0,gap_too_large,0.0,gap_too_large,0.0,gap_too_large,0.0,gap_too_large
876935.0,,2024-02-12 07:00:00,OPMC_LIFT,0.0,0.0,0.0,0.0,0.0,0.0,0.0,0.0,0.0,,,,0.0,0.0,0.0,0.0,gap_too_large,0.0,gap_too_large,0.0,gap_too_large,0.0,gap_too_large,0.0,gap_too_large,0.0,gap_too_large,0.0,gap_too_large,0.0,gap_too_large,0.0,gap_too_large,0.0,gap_too_large,0.0,gap_too_large,0.0,gap_too_large,0.0,gap_too_large
876935.0,,2024-02-12 07:30:00,OPMC_LIFT,0.0,0.0,0.0,0.0,0.0,0.0,0.0,0.0,0.0,,,,0.0,0.0,0.0,0.0,gap_too_large,0.0,gap_too_large,0.0,gap_too_large,0.0,gap_too_large,0.0,gap_too_large,0.0,gap_too_large,0.0,gap_too_large,0.0,gap_too_large,0.0,gap_too_large,0.0,gap_too_large,0.0,gap_too_large,0.0,gap_too_large,0.0,gap_too_large
876935.0,,2024-02-12 08:00:00,OPMC_LIFT,0.0,0.0,0.0,0.0,0.0,0.0,0.0,0.0,0.0,,,,0.0,0.0,0.0,0.0,gap_too_large,0.0,gap_too_large,0.0,gap_too_large,0.0,gap_too_large,0.0,gap_too_large,0.0,gap_too_large,0.0,gap_too_large,0.0,gap_too_large,0.0,gap_too_large,0.0,gap_too_large,0.0,gap_too_large,0.0,gap_too_large,0.0,gap_too_large
876935.0,,2024-02-12 08:30:00,OPMC_LIFT,0.0,0.0,0.0,0.0,0.0,0.0,0.0,0.0,0.0,,,,0.0,0.0,0.0,0.0,gap_too_large,0.0,gap_too_large,0.0,gap_too_large,0.0,gap_too_large,0.0,gap_too_large,0.0,gap_too_large,0.0,gap_too_large,0.0,gap_too_large,0.0,gap_too_large,0.0,gap_too_large,0.0,gap_too_large,0.0,gap_too_large,0.0,gap_too_large
876935.0,,2024-02-12 09:00:00,OPMC_LIFT,0.0,0.0,0.0,0.0,0.0,0.0,0.0,0.0,0.0,,,,0.0,0.0,0.0,0.0,gap_too_large,0.0,gap_too_large,0.0,gap_too_large,0.0,gap_too_large,0.0,gap_too_large,0.0,gap_too_large,0.0,gap_too_large,0.0,gap_too_large,0.0,gap_too_large,0.0,gap_too_large,0.0,gap_too_large,0.0,gap_too_large,0.0,gap_too_large
876935.0,,2024-02-12 09:30:00,OPMC_LIFT,0.0,0.0,0.0,0.0,0.0,0.0,0.0,0.0,0.0,,,,0.0,0.0,0.0,0.0,gap_too_large,0.0,gap_too_large,0.0,gap_too_large,0.0,gap_too_large,0.0,gap_too_large,0.0,gap_too_large,0.0,gap_too_large,0.0,gap_too_large,0.0,gap_too_large,0.0,gap_too_large,0.0,gap_too_large,0.0,gap_too_large,0.0,gap_too_large
876935.0,,2024-02-12 10:00:00,OPMC_LIFT,0.0,0.0,0.0,0.0,0.0,0.0,0.0,0.0,0.0,,,,0.0,0.0,0.0,0.0,gap_too_large,0.0,gap_too_large,0.0,gap_too_large,0.0,gap_too_large,0.0,gap_too_large,0.0,gap_too_large,0.0,gap_too_large,0.0,gap_too_large,0.0,gap_too_large,0.0,gap_too_large,0.0,gap_too_large,0.0,gap_too_large,0.0,gap_too_large
877950.0,22.0,2024-02-12 10:30:00,OPMC_LIFT,1239500000.0,221.0,223.0,225.0,204.0,208.0,214.0,49.98,0.8770999999999999,2024-02-12 10:40:09.000,2024-02-12 10:40:09.000,2024-02-12 10:40:09.000,704291827.0,5228720.0,1430506657.0,221.0,original,223.0,original,225.0,original,204.0,original,208.0,original,214.0,original,49.98,original,0.8770999999999999,original,704291827.0,original,5228720.0,original,1430506657.0,original,1239500000.0,original,-121.0,original
878007.0,22.0,2024-02-12 11:00:00,OPMC_LIFT,1239910000.0,221.0,223.0,225.0,207.0,211.0,217.0,50.03,0.8795,2024-02-12 11:00:09.000,2024-02-12 11:00:09.000,2024-02-12 11:00:09.000,704515072.0,5228720.0,1430975688.0,221.0,original,223.0,original,225.0,original,207.0,original,211.0,original,217.0,original,50.03,original,0.8795,original,704515072.0,original,5228720.0,original,1430975688.0,original,1239910000.0,original,-108.0,original
878093.0,22.0,2024-02-12 11:30:00,OPMC_LIFT,1240530000.0,222.0,224.0,226.0,204.0,209.0,215.0,49.98,0.8769999999999999,2024-02-12 11:30:05.000,2024-02-12 11:30:05.000,2024-02-12 11:30:05.000,704852320.0,5228720.0,1431685621.0,222.0,original,224.0,original,226.0,original,204.0,original,209.0,original,215.0,original,49.98,original,0.8769999999999999,original,704852320.0,original,5228720.0,original,1431685621.0,original,1240530000.0,original,-114.0,original
878178.0,22.0,2024-02-12 12:00:00,OPMC_LIFT,1241160000.0,226.0,228.0,229.0,204.0,208.0,214.0,50.02,0.8722,2024-02-12 12:00:09.000,2024-02-12 12:00:09.000,2024-02-12 12:00:09.000,705198666.0,5228720.0,1432402302.0,226.0,original,228.0,original,229.0,original,204.0,original,208.0,original,214.0,original,50.02,original,0.8722,original,705198666.0,original,5228720.0,original,1432402302.0,original,1241160000.0,original,-100.0,original
878257.0,22.0,2024-02-12 12:30:00,OPMC_LIFT,1241790000.0,223.0,225.0,227.0,206.0,211.0,217.0,49.95,0.8765999999999999,2024-02-12 12:30:07.000,2024-02-12 12:30:07.000,2024-02-12 12:30:07.000,705542346.0,5228720.0,1433116581.0,223.0,original,225.0,original,227.0,original,206.0,original,211.0,original,217.0,original,49.95,original,0.8765999999999999,original,705542346.0,original,5228720.0,original,1433116581.0,original,1241790000.0,original,-121.0,original
878334.0,22.0,2024-02-12 13:00:00,OPMC_LIFT,1242420000.0,222.0,223.0,225.0,209.0,213.0,219.0,49.98,0.8788999999999999,2024-02-12 13:00:06.000,2024-02-12 13:00:06.000,2024-02-12 13:00:06.000,705885978.0,5228720.0,1433835675.0,222.0,original,223.0,original,225.0,original,209.0,original,213.0,original,219.0,original,49.98,original,0.8788999999999999,original,705885978.0,original,5228720.0,original,1433835675.0,original,1242420000.0,original,-108.0,original
878467.0,22.0,2024-02-12 13:30:00,OPMC_LIFT,1243480000.0,222.0,224.0,226.0,206.0,210.0,215.0,49.94,0.8778999999999999,2024-02-12 13:50:04.000,2024-02-12 13:50:04.000,2024-02-12 13:50:04.000,706457264.0,5228720.0,1435036763.0,222.0,original,224.0,original,226.0,original,206.0,original,210.0,original,215.0,original,49.94,original,0.8778999999999999,original,706457264.0,original,5228720.0,original,1435036763.0,original,1243480000.0,original,-109.0,original
878533.0,22.0,2024-02-12 14:00:00,OPMC_LIFT,1244100000.0,223.0,224.0,226.0,209.0,213.0,219.0,50.05,0.8786999999999999,2024-02-12 14:20:08.000,2024-02-12 14:20:08.000,2024-02-12 14:20:08.000,706796909.0,5228720.0,1435747400.0,223.0,original,224.0,original,226.0,original,209.0,original,213.0,original,219.0,original,50.05,original,0.8786999999999999,original,706796909.0,original,5228720.0,original,1435747400.0,original,1244100000.0,original,-120.0,original
878567.0,22.0,2024-02-12 14:30:00,OPMC_LIFT,1244310000.0,223.0,224.0,226.0,206.0,210.0,215.0,50.06,0.8778999999999999,2024-02-12 14:30:07.000,2024-02-12 14:30:07.000,2024-02-12 14:30:07.000,706909853.0,5228720.0,1435983774.0,223.0,original,224.0,original,226.0,original,206.0,original,210.0,original,215.0,original,50.06,original,0.8778999999999999,original,706909853.0,original,5228720.0,original,1435983774.0,original,1244310000.0,original,-107.0,original
878666.0,22.0,2024-02-12 15:00:00,OPMC_LIFT,1244930000.0,223.0,225.0,227.0,207.0,212.0,217.0,50.06,0.8771999999999999,2024-02-12 15:00:12.000,2024-02-12 15:00:12.000,2024-02-12 15:00:12.000,707250528.0,5228720.0,1436695819.0,223.0,original,225.0,original,227.0,original,207.0,original,212.0,original,217.0,original,50.06,original,0.8771999999999999,original,707250528.0,original,5228720.0,original,1436695819.0,original,1244930000.0,original,-107.0,original
878778.0,22.0,2024-02-12 15:30:00,OPMC_LIFT,1245770000.0,223.0,224.0,226.0,207.0,212.0,218.0,49.99,0.8776999999999999,2024-02-12 15:40:06.000,2024-02-12 15:40:06.000,2024-02-12 15:40:06.000,707707936.0,5228720.0,1437651720.0,223.0,original,224.0,original,226.0,original,207.0,original,212.0,original,218.0,original,49.99,original,0.8776999999999999,original,707707936.0,original,5228720.0,original,1437651720.0,original,1245770000.0,original,-119.0,original
878837.0,22.0,2024-02-12 16:00:00,OPMC_LIFT,1246120000.0,227.0,227.0,229.0,29.0,27.0,30.0,49.97,0.8582,2024-02-12 16:00:06.000,2024-02-12 16:00:06.000,2024-02-12 16:00:06.000,707898176.0,5228720.0,1438047985.0,227.0,original,227.0,original,229.0,original,29.0,original,27.0,original,30.0,original,49.97,original,0.8582,original,707898176.0,original,5228720.0,original,1438047985.0,original,1246120000.0,original,-113.0,original
878932.0,22.0,2024-02-12 16:30:00,OPMC_LIFT,1246140000.0,228.0,229.0,231.0,3.0,0.0,3.0,49.95,0.4725,2024-02-12 16:30:13.000,2024-02-12 16:30:13.000,2024-02-12 16:30:13.000,707913046.0,5228826.0,1438074152.0,228.0,original,229.0,original,231.0,original,3.0,original,0.0,gap_too_large,3.0,original,49.95,original,0.4725,original,707913046.0,original,5228826.0,original,1438074152.0,original,1246140000.0,original,-109.0,original
879050.0,22.0,2024-02-12 17:00:00,OPMC_LIFT,1246150000.0,229.0,229.0,231.0,4.0,0.0,4.0,50.06,0.8714999999999999,2024-02-12 17:10:11.000,2024-02-12 17:10:11.000,2024-02-12 17:10:11.000,707916570.0,5230272.0,1438084913.0,229.0,original,229.0,original,231.0,original,4.0,original,0.0,gap_too_large,4.0,original,50.06,original,0.8714999999999999,original,707916570.0,original,5230272.0,original,1438084913.0,original,1246150000.0,original,-111.0,original
879141.0,22.0,2024-02-12 17:30:00,OPMC_LIFT,1246160000.0,230.0,231.0,232.0,4.0,0.0,4.0,50.04,0.8668999999999999,2024-02-12 17:40:12.000,2024-02-12 17:40:12.000,2024-02-12 17:40:12.000,707919270.0,5231475.0,1438093432.0,230.0,original,231.0,original,232.0,original,4.0,original,0.0,gap_too_large,4.0,original,50.04,original,0.8668999999999999,original,707919270.0,original,5231475.0,original,1438093432.0,original,1246160000.0,original,-121.0,original
879198.0,22.0,2024-02-12 18:00:00,OPMC_LIFT,1246160000.0,228.0,229.0,231.0,4.0,0.0,4.0,50.05,0.8675999999999999,2024-02-12 18:00:12.000,2024-02-12 18:00:12.000,2024-02-12 18:00:12.000,707921078.0,5232275.0,1438099141.0,228.0,original,229.0,original,231.0,original,4.0,original,0.0,gap_too_large,4.0,original,50.05,original,0.8675999999999999,original,707921078.0,original,5232275.0,original,1438099141.0,original,1246160000.0,original,-113.0,original
879284.0,22.0,2024-02-12 18:30:00,OPMC_LIFT,1246170000.0,228.0,229.0,231.0,4.0,0.0,4.0,49.95,0.8692,2024-02-12 18:30:10.000,2024-02-12 18:30:10.000,2024-02-12 18:30:10.000,707923770.0,5233478.0,1438107643.0,228.0,original,229.0,original,231.0,original,4.0,original,0.0,gap_too_large,4.0,original,49.95,original,0.8692,original,707923770.0,original,5233478.0,original,1438107643.0,original,1246170000.0,original,-109.0,original
879284.0,,2024-02-12 19:00:00,OPMC_LIFT,1246175000.0,228.5,229.0,231.0,4.0,0.0,4.0,49.995000000000005,0.86785,,,,707926453.0,5234681.5,1438116123.0,228.5,interpolated,229.0,interpolated,231.0,interpolated,4.0,interpolated,0.0,gap_too_large,4.0,interpolated,49.995000000000005,interpolated,0.86785,interpolated,707926453.0,interpolated,5234681.5,interpolated,1438116123.0,interpolated,1246175000.0,interpolated,-109.0,interpolated
879463.0,22.0,2024-02-12 19:30:00,OPMC_LIFT,1246180000.0,229.0,229.0,231.0,4.0,0.0,4.0,50.04,0.8664999999999999,2024-02-12 19:30:10.000,2024-02-12 19:30:10.000,2024-02-12 19:30:10.000,707929136.0,5235885.0,1438124603.0,229.0,original,229.0,original,231.0,original,4.0,original,0.0,gap_too_large,4.0,original,50.04,original,0.8664999999999999,original,707929136.0,original,5235885.0,original,1438124603.0,original,1246180000.0,original,-109.0,original
879559.0,22.0,2024-02-12 20:00:00,OPMC_LIFT,1246190000.0,229.0,229.0,231.0,4.0,0.0,4.0,49.99,0.8680999999999999,2024-02-12 20:00:12.000,2024-02-12 20:00:12.000,2024-02-12 20:00:12.000,707931811.0,5237088.0,1438133073.0,229.0,original,229.0,original,231.0,original,4.0,original,0.0,gap_too_large,4.0,original,49.99,original,0.8680999999999999,original,707931811.0,original,5237088.0,original,1438133073.0,original,1246190000.0,original,-116.0,original
879559.0,,2024-02-12 20:30:00,OPMC_LIFT,1246200000.0,229.0,229.5,231.5,4.0,0.0,4.0,50.0,0.8672499999999999,,,,707934961.5,5238494.5,1438143019.0,229.0,interpolated,229.5,interpolated,231.5,interpolated,4.0,interpolated,0.0,gap_too_large,4.0,interpolated,50.0,interpolated,0.8672499999999999,interpolated,707934961.5,interpolated,5238494.5,interpolated,1438143019.0,interpolated,1246200000.0,interpolated,-112.5,interpolated
879764.0,22.0,2024-02-12 21:00:00,OPMC_LIFT,1246210000.0,229.0,230.0,232.0,4.0,0.0,4.0,50.01,0.8664,2024-02-12 21:10:09.000,2024-02-12 21:10:09.000,2024-02-12 21:10:09.000,707938112.0,5239901.0,1438152965.0,229.0,original,230.0,original,232.0,original,4.0,original,0.0,gap_too_large,4.0,original,50.01,original,0.8664,original,707938112.0,original,5239901.0,original,1438152965.0,original,1246210000.0,original,-109.0,original
879823.0,22.0,2024-02-12 21:30:00,OPMC_LIFT,1246210000.0,230.0,230.0,232.0,4.0,0.0,4.0,50.05,0.8658999999999999,2024-02-12 21:30:08.000,2024-02-12 21:30:08.000,2024-02-12 21:30:08.000,707939920.0,5240704.0,1438158667.0,230.0,original,230.0,original,232.0,original,4.0,original,0.0,gap_too_large,4.0,original,50.05,original,0.8658999999999999,original,707939920.0,original,5240704.0,original,1438158667.0,original,1246210000.0,original,-107.0,original
879926.0,22.0,2024-02-12 22:00:00,OPMC_LIFT,1246220000.0,231.0,231.0,233.0,4.0,0.0,4.0,50.02,0.8647999999999999,2024-02-12 22:10:08.000,2024-02-12 22:10:08.000,2024-02-12 22:10:08.000,707943571.0,5242317.0,1438170152.0,231.0,original,231.0,original,233.0,original,4.0,original,0.0,gap_too_large,4.0,original,50.02,original,0.8647999999999999,original,707943571.0,original,5242317.0,original,1438170152.0,original,1246220000.0,original,-105.0,original
879994.0,22.0,2024-02-12 22:30:00,OPMC_LIFT,1246230000.0,229.0,229.0,231.0,4.0,0.0,4.0,50.03,0.8650999999999999,2024-02-12 22:30:08.000,2024-02-12 22:30:08.000,2024-02-12 22:30:08.000,707945382.0,5243123.0,1438175870.0,229.0,original,229.0,original,231.0,original,4.0,original,0.0,gap_too_large,4.0,original,50.03,original,0.8650999999999999,original,707945382.0,original,5243123.0,original,1438175870.0,original,1246230000.0,original,-108.0,original
879994.0,,2024-02-12 23:00:00,OPMC_LIFT,1246235000.0,229.0,229.5,231.5,4.0,0.0,4.0,50.04,0.8676999999999999,,,,707948083.0,5244328.0,1438184398.0,229.0,interpolated,229.5,interpolated,231.5,interpolated,4.0,interpolated,0.0,gap_too_large,4.0,interpolated,50.04,interpolated,0.8676999999999999,interpolated,707948083.0,interpolated,5244328.0,interpolated,1438184398.0,interpolated,1246235000.0,interpolated,-108.0,interpolated
880183.0,22.0,2024-02-12 23:30:00,OPMC_LIFT,1246240000.0,229.0,230.0,232.0,4.0,0.0,4.0,50.05,0.8703,2024-02-12 23:30:07.000,2024-02-12 23:30:07.000,2024-02-12 23:30:07.000,707950784.0,5245533.0,1438192926.0,229.0,original,230.0,original,232.0,original,4.0,original,0.0,gap_too_large,4.0,original,50.05,original,0.8703,original,707950784.0,original,5245533.0,original,1438192926.0,original,1246240000.0,original,-108.0,original
880296.0,22.0,2024-02-13 00:00:00,OPMC_LIFT,1246250000.0,230.0,231.0,233.0,4.0,0.0,4.0,49.94,0.8655999999999999,2024-02-13 00:10:05.000,2024-02-13 00:10:05.000,2024-02-13 00:10:05.000,707954419.0,5247139.0,1438204385.0,230.0,original,231.0,original,233.0,original,4.0,original,0.0,gap_too_large,4.0,original,49.94,original,0.8655999999999999,original,707954419.0,original,5247139.0,original,1438204385.0,original,1246250000.0,original,-112.0,original
880358.0,22.0,2024-02-13 00:30:00,OPMC_LIFT,1246260000.0,231.0,231.0,233.0,4.0,0.0,4.0,49.98,0.8694999999999999,2024-02-13 00:30:06.000,2024-02-13 00:30:06.000,2024-02-13 00:30:06.000,707956253.0,5247942.0,1438210155.0,231.0,original,231.0,original,233.0,original,4.0,original,0.0,gap_too_large,4.0,original,49.98,original,0.8694999999999999,original,707956253.0,original,5247942.0,original,1438210155.0,original,1246260000.0,original,-107.0,original
880451.0,22.0,2024-02-13 01:00:00,OPMC_LIFT,1246270000.0,228.0,229.0,231.0,4.0,0.0,4.0,49.95,0.8658999999999999,2024-02-13 01:00:09.000,2024-02-13 01:00:09.000,2024-02-13 01:00:09.000,707958986.0,5249152.0,1438218760.0,228.0,original,229.0,original,231.0,original,4.0,original,0.0,gap_too_large,4.0,original,49.95,original,0.8658999999999999,original,707958986.0,original,5249152.0,original,1438218760.0,original,1246270000.0,original,-121.0,original
880569.0,22.0,2024-02-13 01:30:00,OPMC_LIFT,1246280000.0,229.0,230.0,232.0,4.0,0.0,4.0,50.04,0.8686999999999999,2024-02-13 01:40:08.000,2024-02-13 01:40:08.000,2024-02-13 01:40:08.000,707962579.0,5250762.0,1438230133.0,229.0,original,230.0,original,232.0,original,4.0,original,0.0,gap_too_large,4.0,original,50.04,original,0.8686999999999999,original,707962579.0,original,5250762.0,original,1438230133.0,original,1246280000.0,original,-111.0,original
880630.0,22.0,2024-02-13 02:00:00,OPMC_LIFT,1246280000.0,229.0,230.0,232.0,4.0,0.0,4.0,50.01,0.8673,2024-02-13 02:00:08.000,2024-02-13 02:00:08.000,2024-02-13 02:00:08.000,707964387.0,5251568.0,1438235838.0,229.0,original,230.0,original,232.0,original,4.0,original,0.0,gap_too_large,4.0,original,50.01,original,0.8673,original,707964387.0,original,5251568.0,original,1438235838.0,original,1246280000.0,original,-117.0,original
880717.0,22.0,2024-02-13 02:30:00,OPMC_LIFT,1246290000.0,230.0,231.0,233.0,4.0,0.0,4.0,50.05,0.8669999999999999,2024-02-13 02:30:06.000,2024-02-13 02:30:06.000,2024-02-13 02:30:06.000,707967107.0,5252778.0,1438244424.0,230.0,original,231.0,original,233.0,original,4.0,original,0.0,gap_too_large,4.0,original,50.05,original,0.8669999999999999,original,707967107.0,original,5252778.0,original,1438244424.0,original,1246290000.0,original,-118.0,original
880872.0,22.0,2024-02-13 03:00:00,OPMC_LIFT,1246300000.0,231.0,231.0,233.0,4.0,0.0,4.0,49.95,0.8682,2024-02-13 03:20:09.000,2024-02-13 03:20:09.000,2024-02-13 03:20:09.000,707971683.0,5254797.0,1438258833.0,231.0,original,231.0,original,233.0,original,4.0,original,0.0,gap_too_large,4.0,original,49.95,original,0.8682,original,707971683.0,original,5254797.0,original,1438258833.0,original,1246300000.0,original,-112.0,original
880872.0,,2024-02-13 03:30:00,OPMC_LIFT,1246305000.0,230.0,230.0,232.0,4.0,0.0,4.0,50.0,0.8677499999999999,,,,707973497.5,5255603.5,1438264556.5,230.0,interpolated,230.0,interpolated,232.0,interpolated,4.0,interpolated,0.0,gap_too_large,4.0,interpolated,50.0,interpolated,0.8677499999999999,interpolated,707973497.5,interpolated,5255603.5,interpolated,1438264556.5,interpolated,1246305000.0,interpolated,-111.5,interpolated
880992.0,22.0,2024-02-13 04:00:00,OPMC_LIFT,1246310000.0,229.0,229.0,231.0,4.0,0.0,4.0,50.05,0.8673,2024-02-13 04:00:11.000,2024-02-13 04:00:11.000,2024-02-13 04:00:11.000,707975312.0,5256410.0,1438270280.0,229.0,original,229.0,original,231.0,original,4.0,original,0.0,gap_too_large,4.0,original,50.05,original,0.8673,original,707975312.0,original,5256410.0,original,1438270280.0,original,1246310000.0,original,-111.0,original
881139.0,22.0,2024-02-13 04:30:00,OPMC_LIFT,1246320000.0,228.0,228.0,230.0,4.0,0.0,4.0,49.96,0.8684,2024-02-13 04:50:08.000,2024-02-13 04:50:08.000,2024-02-13 04:50:08.000,707979770.0,5258426.0,1438284401.0,228.0,original,228.0,original,230.0,original,4.0,original,0.0,gap_too_large,4.0,original,49.96,original,0.8684,original,707979770.0,original,5258426.0,original,1438284401.0,original,1246320000.0,original,-113.0,original
881223.0,22.0,2024-02-13 05:00:00,OPMC_LIFT,1246330000.0,226.0,227.0,229.0,4.0,0.0,4.0,49.95,0.8664999999999999,2024-02-13 05:20:04.000,2024-02-13 05:20:04.000,2024-02-13 05:20:04.000,707982419.0,5259632.0,1438292808.0,226.0,original,227.0,original,229.0,original,4.0,original,0.0,gap_too_large,4.0,original,49.95,original,0.8664999999999999,original,707982419.0,original,5259632.0,original,1438292808.0,original,1246330000.0,original,-111.0,original
881252.0,22.0,2024-02-13 05:30:00,OPMC_LIFT,1246330000.0,226.0,227.0,228.0,4.0,0.0,4.0,49.94,0.8683,2024-02-13 05:30:07.000,2024-02-13 05:30:07.000,2024-02-13 05:30:07.000,707983293.0,5260032.0,1438295585.0,226.0,original,227.0,original,228.0,original,4.0,original,0.0,gap_too_large,4.0,original,49.94,original,0.8683,original,707983293.0,original,5260032.0,original,1438295585.0,original,1246330000.0,original,-109.0,original
881338.0,22.0,2024-02-13 06:00:00,OPMC_LIFT,1246340000.0,225.0,226.0,227.0,4.0,0.0,4.0,50.01,0.8704999999999999,2024-02-13 06:00:12.000,2024-02-13 06:00:12.000,2024-02-13 06:00:12.000,707985888.0,5261238.0,1438303861.0,225.0,original,226.0,original,227.0,original,4.0,original,0.0,gap_too_large,4.0,original,50.01,original,0.8704999999999999,original,707985888.0,original,5261238.0,original,1438303861.0,original,1246340000.0,original,-111.0,original
881423.0,22.0,2024-02-13 06:30:00,OPMC_LIFT,1246350000.0,226.0,227.0,229.0,4.0,0.0,4.0,50.04,0.8676999999999999,2024-02-13 06:30:12.000,2024-02-13 06:30:12.000,2024-02-13 06:30:12.000,707988499.0,5262445.0,1438312181.0,226.0,original,227.0,original,229.0,original,4.0,original,0.0,gap_too_large,4.0,original,50.04,original,0.8676999999999999,original,707988499.0,original,5262445.0,original,1438312181.0,original,1246350000.0,original,-107.0,original
881545.0,22.0,2024-02-13 07:00:00,OPMC_LIFT,1246360000.0,224.0,225.0,227.0,4.0,0.0,3.0,49.95,0.8678999999999999,2024-02-13 07:10:06.000,2024-02-13 07:10:06.000,2024-02-13 07:10:06.000,707991968.0,5264054.0,1438323240.0,224.0,original,225.0,original,227.0,original,4.0,original,0.0,gap_too_large,3.0,original,49.95,original,0.8678999999999999,original,707991968.0,original,5264054.0,original,1438323240.0,original,1246360000.0,original,-109.0,original
881604.0,22.0,2024-02-13 07:30:00,OPMC_LIFT,1246360000.0,225.0,226.0,227.0,4.0,0.0,4.0,50.05,0.8698999999999999,2024-02-13 07:30:11.000,2024-02-13 07:30:11.000,2024-02-13 07:30:11.000,707993696.0,5264854.0,1438328741.0,225.0,original,226.0,original,227.0,original,4.0,original,0.0,gap_too_large,4.0,original,50.05,original,0.8698999999999999,original,707993696.0,original,5264854.0,original,1438328741.0,original,1246360000.0,original,-102.0,original
881685.0,22.0,2024-02-13 08:00:00,OPMC_LIFT,1246370000.0,225.0,226.0,227.0,4.0,0.0,4.0,50.06,0.8702,2024-02-13 08:00:07.000,2024-02-13 08:00:07.000,2024-02-13 08:00:07.000,707996262.0,5266054.0,1438336942.0,225.0,original,226.0,original,227.0,original,4.0,original,0.0,gap_too_large,4.0,original,50.06,original,0.8702,original,707996262.0,original,5266054.0,original,1438336942.0,original,1246370000.0,original,-109.0,original
881797.0,22.0,2024-02-13 08:30:00,OPMC_LIFT,1246480000.0,221.0,223.0,224.0,302.0,324.0,325.0,50.09,0.8441,2024-02-13 08:40:06.000,2024-02-13 08:40:06.000,2024-02-13 08:40:06.000,708082662.0,5267354.0,1438482142.0,221.0,original,223.0,original,224.0,original,302.0,original,324.0,original,325.0,original,50.09,original,0.8441,original,708082662.0,original,5267354.0,original,1438482142.0,original,1246480000.0,original,-123.0,original
881853.0,22.0,2024-02-13 09:00:00,OPMC_LIFT,1247210000.0,219.0,222.0,223.0,360.0,383.0,381.0,49.96,0.8690999999999999,2024-02-13 09:00:10.000,2024-02-13 09:00:10.000,2024-02-13 09:00:10.000,708497382.0,5267354.0,1439319649.0,219.0,original,222.0,original,223.0,original,360.0,original,383.0,original,381.0,original,49.96,original,0.8690999999999999,original,708497382.0,original,5267354.0,original,1439319649.0,original,1247210000.0,original,-117.0,original
881943.0,22.0,2024-02-13 09:30:00,OPMC_LIFT,1247980000.0,221.0,223.0,225.0,193.0,202.0,205.0,50.09,0.8596999999999999,2024-02-13 09:30:07.000,2024-02-13 09:30:07.000,2024-02-13 09:30:07.000,708935056.0,5267354.0,1440202971.0,221.0,original,223.0,original,225.0,original,193.0,original,202.0,original,205.0,original,50.09,original,0.8596999999999999,original,708935056.0,original,5267354.0,original,1440202971.0,original,1247980000.0,original,-120.0,original
882027.0,22.0,2024-02-13 10:00:00,OPMC_LIFT,1248670000.0,222.0,224.0,225.0,227.0,242.0,244.0,50.08,0.7898999999999999,2024-02-13 10:00:04.000,2024-02-13 10:00:04.000,2024-02-13 10:00:04.000,709358794.0,5267354.0,1441018827.0,222.0,original,224.0,original,225.0,original,227.0,original,242.0,original,244.0,original,50.08,original,0.7898999999999999,original,709358794.0,original,5267354.0,original,1441018827.0,original,1248670000.0,original,-111.0,original
882113.0,22.0,2024-02-13 10:30:00,OPMC_LIFT,1249390000.0,222.0,224.0,226.0,199.0,206.0,210.0,50.07,0.8707999999999999,2024-02-13 10:30:05.000,2024-02-13 10:30:05.000,2024-02-13 10:30:05.000,709806749.0,5267354.0,1441862705.0,222.0,original,224.0,original,226.0,original,199.0,original,206.0,original,210.0,original,50.07,original,0.8707999999999999,original,709806749.0,original,5267354.0,original,1441862705.0,original,1249390000.0,original,-108.0,original
882113.0,,2024-02-13 11:00:00,OPMC_LIFT,0.0,0.0,0.0,0.0,0.0,0.0,0.0,0.0,0.0,,,,0.0,0.0,0.0,0.0,gap_too_large,0.0,gap_too_large,0.0,gap_too_large,0.0,gap_too_large,0.0,gap_too_large,0.0,gap_too_large,0.0,gap_too_large,0.0,gap_too_large,0.0,gap_too_large,0.0,gap_too_large,0.0,gap_too_large,0.0,gap_too_large,0.0,gap_too_large
882113.0,,2024-02-13 11:30:00,OPMC_LIFT,0.0,0.0,0.0,0.0,0.0,0.0,0.0,0.0,0.0,,,,0.0,0.0,0.0,0.0,gap_too_large,0.0,gap_too_large,0.0,gap_too_large,0.0,gap_too_large,0.0,gap_too_large,0.0,gap_too_large,0.0,gap_too_large,0.0,gap_too_large,0.0,gap_too_large,0.0,gap_too_large,0.0,gap_too_large,0.0,gap_too_large,0.0,gap_too_large
882113.0,,2024-02-13 12:00:00,OPMC_LIFT,0.0,0.0,0.0,0.0,0.0,0.0,0.0,0.0,0.0,,,,0.0,0.0,0.0,0.0,gap_too_large,0.0,gap_too_large,0.0,gap_too_large,0.0,gap_too_large,0.0,gap_too_large,0.0,gap_too_large,0.0,gap_too_large,0.0,gap_too_large,0.0,gap_too_large,0.0,gap_too_large,0.0,gap_too_large,0.0,gap_too_large,0.0,gap_too_large
882113.0,,2024-02-13 12:30:00,OPMC_LIFT,0.0,0.0,0.0,0.0,0.0,0.0,0.0,0.0,0.0,,,,0.0,0.0,0.0,0.0,gap_too_large,0.0,gap_too_large,0.0,gap_too_large,0.0,gap_too_large,0.0,gap_too_large,0.0,gap_too_large,0.0,gap_too_large,0.0,gap_too_large,0.0,gap_too_large,0.0,gap_too_large,0.0,gap_too_large,0.0,gap_too_large,0.0,gap_too_large
882113.0,,2024-02-13 13:00:00,OPMC_LIFT,0.0,0.0,0.0,0.0,0.0,0.0,0.0,0.0,0.0,,,,0.0,0.0,0.0,0.0,gap_too_large,0.0,gap_too_large,0.0,gap_too_large,0.0,gap_too_large,0.0,gap_too_large,0.0,gap_too_large,0.0,gap_too_large,0.0,gap_too_large,0.0,gap_too_large,0.0,gap_too_large,0.0,gap_too_large,0.0,gap_too_large,0.0,gap_too_large
882113.0,,2024-02-13 13:30:00,OPMC_LIFT,0.0,0.0,0.0,0.0,0.0,0.0,0.0,0.0,0.0,,,,0.0,0.0,0.0,0.0,gap_too_large,0.0,gap_too_large,0.0,gap_too_large,0.0,gap_too_large,0.0,gap_too_large,0.0,gap_too_large,0.0,gap_too_large,0.0,gap_too_large,0.0,gap_too_large,0.0,gap_too_large,0.0,gap_too_large,0.0,gap_too_large,0.0,gap_too_large
882113.0,,2024-02-13 14:00:00,OPMC_LIFT,0.0,0.0,0.0,0.0,0.0,0.0,0.0,0.0,0.0,,,,0.0,0.0,0.0,0.0,gap_too_large,0.0,gap_too_large,0.0,gap_too_large,0.0,gap_too_large,0.0,gap_too_large,0.0,gap_too_large,0.0,gap_too_large,0.0,gap_too_large,0.0,gap_too_large,0.0,gap_too_large,0.0,gap_too_large,0.0,gap_too_large,0.0,gap_too_large
882113.0,,2024-02-13 14:30:00,OPMC_LIFT,0.0,0.0,0.0,0.0,0.0,0.0,0.0,0.0,0.0,,,,0.0,0.0,0.0,0.0,gap_too_large,0.0,gap_too_large,0.0,gap_too_large,0.0,gap_too_large,0.0,gap_too_large,0.0,gap_too_large,0.0,gap_too_large,0.0,gap_too_large,0.0,gap_too_large,0.0,gap_too_large,0.0,gap_too_large,0.0,gap_too_large,0.0,gap_too_large
882113.0,,2024-02-13 15:00:00,OPMC_LIFT,0.0,0.0,0.0,0.0,0.0,0.0,0.0,0.0,0.0,,,,0.0,0.0,0.0,0.0,gap_too_large,0.0,gap_too_large,0.0,gap_too_large,0.0,gap_too_large,0.0,gap_too_large,0.0,gap_too_large,0.0,gap_too_large,0.0,gap_too_large,0.0,gap_too_large,0.0,gap_too_large,0.0,gap_too_large,0.0,gap_too_large,0.0,gap_too_large
882113.0,,2024-02-13 15:30:00,OPMC_LIFT,0.0,0.0,0.0,0.0,0.0,0.0,0.0,0.0,0.0,,,,0.0,0.0,0.0,0.0,gap_too_large,0.0,gap_too_large,0.0,gap_too_large,0.0,gap_too_large,0.0,gap_too_large,0.0,gap_too_large,0.0,gap_too_large,0.0,gap_too_large,0.0,gap_too_large,0.0,gap_too_large,0.0,gap_too_large,0.0,gap_too_large,0.0,gap_too_large
882113.0,,2024-02-13 16:00:00,OPMC_LIFT,0.0,0.0,0.0,0.0,0.0,0.0,0.0,0.0,0.0,,,,0.0,0.0,0.0,0.0,gap_too_large,0.0,gap_too_large,0.0,gap_too_large,0.0,gap_too_large,0.0,gap_too_large,0.0,gap_too_large,0.0,gap_too_large,0.0,gap_too_large,0.0,gap_too_large,0.0,gap_too_large,0.0,gap_too_large,0.0,gap_too_large,0.0,gap_too_large
882113.0,,2024-02-13 16:30:00,OPMC_LIFT,0.0,0.0,0.0,0.0,0.0,0.0,0.0,0.0,0.0,,,,0.0,0.0,0.0,0.0,gap_too_large,0.0,gap_too_large,0.0,gap_too_large,0.0,gap_too_large,0.0,gap_too_large,0.0,gap_too_large,0.0,gap_too_large,0.0,gap_too_large,0.0,gap_too_large,0.0,gap_too_large,0.0,gap_too_large,0.0,gap_too_large,0.0,gap_too_large
882113.0,,2024-02-13 17:00:00,OPMC_LIFT,0.0,0.0,0.0,0.0,0.0,0.0,0.0,0.0,0.0,,,,0.0,0.0,0.0,0.0,gap_too_large,0.0,gap_too_large,0.0,gap_too_large,0.0,gap_too_large,0.0,gap_too_large,0.0,gap_too_large,0.0,gap_too_large,0.0,gap_too_large,0.0,gap_too_large,0.0,gap_too_large,0.0,gap_too_large,0.0,gap_too_large,0.0,gap_too_large
882113.0,,2024-02-13 17:30:00,OPMC_LIFT,0.0,0.0,0.0,0.0,0.0,0.0,0.0,0.0,0.0,,,,0.0,0.0,0.0,0.0,gap_too_large,0.0,gap_too_large,0.0,gap_too_large,0.0,gap_too_large,0.0,gap_too_large,0.0,gap_too_large,0.0,gap_too_large,0.0,gap_too_large,0.0,gap_too_large,0.0,gap_too_large,0.0,gap_too_large,0.0,gap_too_large,0.0,gap_too_large
882113.0,,2024-02-13 18:00:00,OPMC_LIFT,0.0,0.0,0.0,0.0,0.0,0.0,0.0,0.0,0.0,,,,0.0,0.0,0.0,0.0,gap_too_large,0.0,gap_too_large,0.0,gap_too_large,0.0,gap_too_large,0.0,gap_too_large,0.0,gap_too_large,0.0,gap_too_large,0.0,gap_too_large,0.0,gap_too_large,0.0,gap_too_large,0.0,gap_too_large,0.0,gap_too_large,0.0,gap_too_large
883456.0,22.0,2024-02-13 18:30:00,OPMC_LIFT,1257230000.0,227.0,228.0,230.0,4.0,0.0,4.0,50.0,0.8680999999999999,2024-02-13 18:39:25.000,2024-02-13 18:39:25.000,2024-02-13 18:39:25.000,714650339.0,5272320.0,1451100661.0,227.0,original,228.0,original,230.0,original,4.0,original,0.0,gap_too_large,4.0,original,50.0,original,0.8680999999999999,original,714650339.0,original,5272320.0,original,1451100661.0,original,1257230000.0,original,-107.0,original
883550.0,22.0,2024-02-13 19:00:00,OPMC_LIFT,1257240000.0,227.0,228.0,230.0,4.0,0.0,4.0,50.0,0.8685999999999999,2024-02-13 19:10:05.000,2024-02-13 19:10:05.000,2024-02-13 19:10:05.000,714653050.0,5273542.0,1451109256.0,227.0,original,228.0,original,230.0,original,4.0,original,0.0,gap_too_large,4.0,original,50.0,original,0.8685999999999999,original,714653050.0,original,5273542.0,original,1451109256.0,original,1257240000.0,original,-100.0,original
883637.0,22.0,2024-02-13 19:30:00,OPMC_LIFT,1257250000.0,228.0,228.0,230.0,4.0,0.0,4.0,50.05,0.8698999999999999,2024-02-13 19:40:07.000,2024-02-13 19:40:07.000,2024-02-13 19:40:07.000,714655702.0,5274739.0,1451117662.0,228.0,original,228.0,original,230.0,original,4.0,original,0.0,gap_too_large,4.0,original,50.05,original,0.8698999999999999,original,714655702.0,original,5274739.0,original,1451117662.0,original,1257250000.0,original,-106.0,original
883735.0,22.0,2024-02-13 20:00:00,OPMC_LIFT,1257260000.0,227.0,228.0,230.0,4.0,0.0,4.0,50.0,0.8688999999999999,2024-02-13 20:20:11.000,2024-02-13 20:20:11.000,2024-02-13 20:20:11.000,714659242.0,5276333.0,1451128885.0,227.0,original,228.0,original,230.0,original,4.0,original,0.0,gap_too_large,4.0,original,50.0,original,0.8688999999999999,original,714659242.0,original,5276333.0,original,1451128885.0,original,1257260000.0,original,-111.0,original
883764.0,22.0,2024-02-13 20:30:00,OPMC_LIFT,1257260000.0,228.0,228.0,230.0,4.0,0.0,4.0,50.0,0.8692,2024-02-13 20:30:12.000,2024-02-13 20:30:12.000,2024-02-13 20:30:12.000,714660131.0,5276733.0,1451131694.0,228.0,original,228.0,original,230.0,original,4.0,original,0.0,gap_too_large,4.0,original,50.0,original,0.8692,original,714660131.0,original,5276733.0,original,1451131694.0,original,1257260000.0,original,-111.0,original
883842.0,22.0,2024-02-13 21:00:00,OPMC_LIFT,1257270000.0,228.0,229.0,231.0,4.0,0.0,4.0,50.02,0.8674,2024-02-13 21:00:09.000,2024-02-13 21:00:09.000,2024-02-13 21:00:09.000,714662800.0,5277930.0,1451140139.0,228.0,original,229.0,original,231.0,original,4.0,original,0.0,gap_too_large,4.0,original,50.02,original,0.8674,original,714662800.0,original,5277930.0,original,1451140139.0,original,1257270000.0,original,-108.0,original
883949.0,22.0,2024-02-13 21:30:00,OPMC_LIFT,1257280000.0,226.0,226.0,228.0,4.0,0.0,4.0,50.01,0.8670999999999999,2024-02-13 21:40:09.000,2024-02-13 21:40:09.000,2024-02-13 21:40:09.000,714666304.0,5279523.0,1451151265.0,226.0,original,226.0,original,228.0,original,4.0,original,0.0,gap_too_large,4.0,original,50.01,original,0.8670999999999999,original,714666304.0,original,5279523.0,original,1451151265.0,original,1257280000.0,original,-111.0,original
883998.0,22.0,2024-02-13 22:00:00,OPMC_LIFT,1257280000.0,225.0,226.0,227.0,4.0,0.0,4.0,50.05,0.8706999999999999,2024-02-13 22:00:05.000,2024-02-13 22:00:05.000,2024-02-13 22:00:05.000,714668029.0,5280317.0,1451156769.0,225.0,original,226.0,original,227.0,original,4.0,original,0.0,gap_too_large,4.0,original,50.05,original,0.8706999999999999,original,714668029.0,original,5280317.0,original,1451156769.0,original,1257280000.0,original,-114.0,original
884145.0,22.0,2024-02-13 22:30:00,OPMC_LIFT,1257290000.0,228.0,229.0,230.0,4.0,0.0,4.0,49.96,0.8668999999999999,2024-02-13 22:50:11.000,2024-02-13 22:50:11.000,2024-02-13 22:50:11.000,714672454.0,5282310.0,1451170801.0,228.0,original,229.0,original,230.0,original,4.0,original,0.0,gap_too_large,4.0,original,49.96,original,0.8668999999999999,original,714672454.0,original,5282310.0,original,1451170801.0,original,1257290000.0,original,-109.0,original
884227.0,22.0,2024-02-13 23:00:00,OPMC_LIFT,1257300000.0,228.0,229.0,231.0,4.0,0.0,4.0,50.05,0.8650999999999999,2024-02-13 23:20:05.000,2024-02-13 23:20:05.000,2024-02-13 23:20:05.000,714675136.0,5283507.0,1451179278.0,228.0,original,229.0,original,231.0,original,4.0,original,0.0,gap_too_large,4.0,original,50.05,original,0.8650999999999999,original,714675136.0,original,5283507.0,original,1451179278.0,original,1257300000.0,original,-114.0,original
884285.0,22.0,2024-02-13 23:30:00,OPMC_LIFT,1257310000.0,229.0,229.0,231.0,4.0,0.0,4.0,50.04,0.8664,2024-02-13 23:40:08.000,2024-02-13 23:40:08.000,2024-02-13 23:40:08.000,714676925.0,5284307.0,1451184939.0,229.0,original,229.0,original,231.0,original,4.0,original,0.0,gap_too_large,4.0,original,50.04,original,0.8664,original,714676925.0,original,5284307.0,original,1451184939.0,original,1257310000.0,original,-123.0,original
884337.0,22.0,2024-02-14 00:00:00,OPMC_LIFT,1257310000.0,229.0,230.0,232.0,4.0,0.0,4.0,50.04,0.8694,2024-02-14 00:00:06.000,2024-02-14 00:00:06.000,2024-02-14 00:00:06.000,714678730.0,5285107.0,1451190635.0,229.0,original,230.0,original,232.0,original,4.0,original,0.0,gap_too_large,4.0,original,50.04,original,0.8694,original,714678730.0,original,5285107.0,original,1451190635.0,original,1257310000.0,original,-113.0,original
884416.0,22.0,2024-02-14 00:30:00,OPMC_LIFT,1257320000.0,230.0,230.0,232.0,4.0,0.0,4.0,50.03,0.8662,2024-02-14 00:30:04.000,2024-02-14 00:30:04.000,2024-02-14 00:30:04.000,714681450.0,5286304.0,1451199211.0,230.0,original,230.0,original,232.0,original,4.0,original,0.0,gap_too_large,4.0,original,50.03,original,0.8662,original,714681450.0,original,5286304.0,original,1451199211.0,original,1257320000.0,original,-108.0,original
884566.0,22.0,2024-02-14 01:00:00,OPMC_LIFT,1257330000.0,230.0,231.0,233.0,4.0,0.0,4.0,50.03,0.8682,2024-02-14 01:20:11.000,2024-02-14 01:20:11.000,2024-02-14 01:20:11.000,714685997.0,5288304.0,1451213541.0,230.0,original,231.0,original,233.0,original,4.0,original,0.0,gap_too_large,4.0,original,50.03,original,0.8682,original,714685997.0,original,5288304.0,original,1451213541.0,original,1257330000.0,original,-114.0,original
884591.0,22.0,2024-02-14 01:30:00,OPMC_LIFT,1257330000.0,230.0,231.0,233.0,4.0,0.0,4.0,50.02,0.8641,2024-02-14 01:30:06.000,2024-02-14 01:30:06.000,2024-02-14 01:30:06.000,714686912.0,5288704.0,1451216417.0,230.0,original,231.0,original,233.0,original,4.0,original,0.0,gap_too_large,4.0,original,50.02,original,0.8641,original,714686912.0,original,5288704.0,original,1451216417.0,original,1257330000.0,original,-111.0,original
884736.0,22.0,2024-02-14 02:00:00,OPMC_LIFT,1257350000.0,229.0,229.0,231.0,4.0,0.0,4.0,50.04,0.8692,2024-02-14 02:20:07.000,2024-02-14 02:20:07.000,2024-02-14 02:20:07.000,714691453.0,5290710.0,1451230737.0,229.0,original,229.0,original,231.0,original,4.0,original,0.0,gap_too_large,4.0,original,50.04,original,0.8692,original,714691453.0,original,5290710.0,original,1451230737.0,original,1257350000.0,original,-109.0,original
884764.0,22.0,2024-02-14 02:30:00,OPMC_LIFT,1257350000.0,229.0,229.0,231.0,4.0,0.0,4.0,49.97,0.8683,2024-02-14 02:30:09.000,2024-02-14 02:30:09.000,2024-02-14 02:30:09.000,714692352.0,5291110.0,1451233582.0,229.0,original,229.0,original,231.0,original,4.0,original,0.0,gap_too_large,4.0,original,49.97,original,0.8683,original,714692352.0,original,5291110.0,original,1451233582.0,original,1257350000.0,original,-109.0,original
884914.0,22.0,2024-02-14 03:00:00,OPMC_LIFT,1257360000.0,230.0,231.0,232.0,4.0,0.0,4.0,50.03,0.8694,2024-02-14 03:20:10.000,2024-02-14 03:20:10.000,2024-02-14 03:20:10.000,714696880.0,5293123.0,1451247883.0,230.0,original,231.0,original,232.0,original,4.0,original,0.0,gap_too_large,4.0,original,50.03,original,0.8694,original,714696880.0,original,5293123.0,original,1451247883.0,original,1257360000.0,original,-121.0,original
884991.0,22.0,2024-02-14 03:30:00,OPMC_LIFT,1257370000.0,230.0,231.0,233.0,4.0,0.0,4.0,49.96,0.8686999999999999,2024-02-14 03:50:11.000,2024-02-14 03:50:11.000,2024-02-14 03:50:11.000,714699616.0,5294330.0,1451256507.0,230.0,original,231.0,original,233.0,original,4.0,original,0.0,gap_too_large,4.0,original,49.96,original,0.8686999999999999,original,714699616.0,original,5294330.0,original,1451256507.0,original,1257370000.0,original,-109.0,original
884991.0,,2024-02-14 04:00:00,OPMC_LIFT,1257375000.0,230.5,231.0,233.0,4.0,0.0,4.0,49.97,0.8681999999999999,,,,714701907.0,5295338.0,1451263720.0,230.5,interpolated,231.0,interpolated,233.0,interpolated,4.0,interpolated,0.0,gap_too_large,4.0,interpolated,49.97,interpolated,0.8681999999999999,interpolated,714701907.0,interpolated,5295338.0,interpolated,1451263720.0,interpolated,1257375000.0,interpolated,-115.0,interpolated
885124.0,22.0,2024-02-14 04:30:00,OPMC_LIFT,1257380000.0,231.0,231.0,233.0,4.0,0.0,4.0,49.98,0.8676999999999999,2024-02-14 04:40:07.000,2024-02-14 04:40:07.000,2024-02-14 04:40:07.000,714704198.0,5296346.0,1451270933.0,231.0,original,231.0,original,233.0,original,4.0,original,0.0,gap_too_large,4.0,original,49.98,original,0.8676999999999999,original,714704198.0,original,5296346.0,original,1451270933.0,original,1257380000.0,original,-121.0,original
885215.0,22.0,2024-02-14 05:00:00,OPMC_LIFT,1257390000.0,231.0,231.0,233.0,4.0,0.0,4.0,50.03,0.8656999999999999,2024-02-14 05:10:11.000,2024-02-14 05:10:11.000,2024-02-14 05:10:11.000,714706957.0,5297555.0,1451279611.0,231.0,original,231.0,original,233.0,original,4.0,original,0.0,gap_too_large,4.0,original,50.03,original,0.8656999999999999,original,714706957.0,original,5297555.0,original,1451279611.0,original,1257390000.0,original,-109.0,original
885266.0,22.0,2024-02-14 05:30:00,OPMC_LIFT,1257390000.0,231.0,231.0,233.0,4.0,0.0,4.0,50.05,0.8716999999999999,2024-02-14 05:30:08.000,2024-02-14 05:30:08.000,2024-02-14 05:30:08.000,714708797.0,5298362.0,1451285393.0,231.0,original,231.0,original,233.0,original,4.0,original,0.0,gap_too_large,4.0,original,50.05,original,0.8716999999999999,original,714708797.0,original,5298362.0,original,1451285393.0,original,1257390000.0,original,-111.0,original
885385.0,22.0,2024-02-14 06:00:00,OPMC_LIFT,1257400000.0,229.0,230.0,231.0,4.0,0.0,4.0,49.97,0.8674,2024-02-14 06:10:11.000,2024-02-14 06:10:11.000,2024-02-14 06:10:11.000,714712416.0,5299974.0,1451296811.0,229.0,original,230.0,original,231.0,original,4.0,original,0.0,gap_too_large,4.0,original,49.97,original,0.8674,original,714712416.0,original,5299974.0,original,1451296811.0,original,1257400000.0,original,-114.0,original
885438.0,22.0,2024-02-14 06:30:00,OPMC_LIFT,1257410000.0,230.0,230.0,232.0,4.0,0.0,4.0,49.99,0.8679999999999999,2024-02-14 06:30:06.000,2024-02-14 06:30:06.000,2024-02-14 06:30:06.000,714714224.0,5300781.0,1451302520.0,230.0,original,230.0,original,232.0,original,4.0,original,0.0,gap_too_large,4.0,original,49.99,original,0.8679999999999999,original,714714224.0,original,5300781.0,original,1451302520.0,original,1257410000.0,original,-113.0,original
885539.0,22.0,2024-02-14 07:00:00,OPMC_LIFT,1257420000.0,229.0,229.0,231.0,4.0,0.0,4.0,50.05,0.8684,2024-02-14 07:00:08.000,2024-02-14 07:00:08.000,2024-02-14 07:00:08.000,714716963.0,5301994.0,1451311147.0,229.0,original,229.0,original,231.0,original,4.0,original,0.0,gap_too_large,4.0,original,50.05,original,0.8684,original,714716963.0,original,5301994.0,original,1451311147.0,original,1257420000.0,original,-113.0,original
885626.0,22.0,2024-02-14 07:30:00,OPMC_LIFT,1257420000.0,229.0,229.0,231.0,4.0,0.0,4.0,50.04,0.8687999999999999,2024-02-14 07:30:09.000,2024-02-14 07:30:09.000,2024-02-14 07:30:09.000,714719654.0,5303200.0,1451319662.0,229.0,original,229.0,original,231.0,original,4.0,original,0.0,gap_too_large,4.0,original,50.04,original,0.8687999999999999,original,714719654.0,original,5303200.0,original,1451319662.0,original,1257420000.0,original,-108.0,original
885707.0,22.0,2024-02-14 08:00:00,OPMC_LIFT,1257430000.0,229.0,230.0,231.0,4.0,0.0,4.0,49.95,0.8693,2024-02-14 08:00:04.000,2024-02-14 08:00:04.000,2024-02-14 08:00:04.000,714722352.0,5304410.0,1451328197.0,229.0,original,230.0,original,231.0,original,4.0,original,0.0,gap_too_large,4.0,original,49.95,original,0.8693,original,714722352.0,original,5304410.0,original,1451328197.0,original,1257430000.0,original,-121.0,original
885792.0,22.0,2024-02-14 08:30:00,OPMC_LIFT,1257440000.0,227.0,228.0,229.0,4.0,0.0,4.0,50.04,0.8694999999999999,2024-02-14 08:30:06.000,2024-02-14 08:30:06.000,2024-02-14 08:30:06.000,714725059.0,5305616.0,1451336744.0,227.0,original,228.0,original,229.0,original,4.0,original,0.0,gap_too_large,4.0,original,50.04,original,0.8694999999999999,original,714725059.0,original,5305616.0,original,1451336744.0,original,1257440000.0,original,-112.0,original
885908.0,22.0,2024-02-14 09:00:00,OPMC_LIFT,1257450000.0,227.0,227.0,229.0,4.0,0.0,4.0,50.0,0.8687999999999999,2024-02-14 09:10:08.000,2024-02-14 09:10:08.000,2024-02-14 09:10:08.000,714728570.0,5307226.0,1451347905.0,227.0,original,227.0,original,229.0,original,4.0,original,0.0,gap_too_large,4.0,original,50.0,original,0.8687999999999999,original,714728570.0,original,5307226.0,original,1451347905.0,original,1257450000.0,original,-108.0,original
885970.0,22.0,2024-02-14 09:30:00,OPMC_LIFT,1257450000.0,226.0,227.0,228.0,4.0,0.0,4.0,50.03,0.8727999999999999,2024-02-14 09:30:08.000,2024-02-14 09:30:08.000,2024-02-14 09:30:08.000,714730310.0,5308029.0,1451353461.0,226.0,original,227.0,original,228.0,original,4.0,original,0.0,gap_too_large,4.0,original,50.03,original,0.8727999999999999,original,714730310.0,original,5308029.0,original,1451353461.0,original,1257450000.0,original,-109.0,original
886059.0,22.0,2024-02-14 10:00:00,OPMC_LIFT,1257460000.0,226.0,226.0,228.0,4.0,0.0,4.0,50.07,0.8678999999999999,2024-02-14 10:00:06.000,2024-02-14 10:00:06.000,2024-02-14 10:00:06.000,714732915.0,5309232.0,1451361758.0,226.0,original,226.0,original,228.0,original,4.0,original,0.0,gap_too_large,4.0,original,50.07,original,0.8678999999999999,original,714732915.0,original,5309232.0,original,1451361758.0,original,1257460000.0,original,-109.0,original
886152.0,22.0,2024-02-14 10:30:00,OPMC_LIFT,1257470000.0,225.0,226.0,228.0,4.0,0.0,4.0,50.05,0.8704,2024-02-14 10:30:07.000,2024-02-14 10:30:07.000,2024-02-14 10:30:07.000,714735504.0,5310438.0,1451370014.0,225.0,original,226.0,original,228.0,original,4.0,original,0.0,gap_too_large,4.0,original,50.05,original,0.8704,original,714735504.0,original,5310438.0,original,1451370014.0,original,1257470000.0,original,-108.0,original
886260.0,22.0,2024-02-14 11:00:00,OPMC_LIFT,1257480000.0,225.0,226.0,227.0,4.0,0.0,4.0,49.94,0.8710999999999999,2024-02-14 11:10:08.000,2024-02-14 11:10:08.000,2024-02-14 11:10:08.000,714738944.0,5312042.0,1451380997.0,225.0,original,226.0,original,227.0,original,4.0,original,0.0,gap_too_large,4.0,original,49.94,original,0.8710999999999999,original,714738944.0,original,5312042.0,original,1451380997.0,original,1257480000.0,original,-108.0,original
886322.0,22.0,2024-02-14 11:30:00,OPMC_LIFT,1257480000.0,227.0,228.0,229.0,4.0,0.0,4.0,49.96,0.8708999999999999,2024-02-14 11:30:07.000,2024-02-14 11:30:07.000,2024-02-14 11:30:07.000,714740698.0,5312845.0,1451386561.0,227.0,original,228.0,original,229.0,original,4.0,original,0.0,gap_too_large,4.0,original,49.96,original,0.8708999999999999,original,714740698.0,original,5312845.0,original,1451386561.0,original,1257480000.0,original,-112.0,original
886400.0,22.0,2024-02-14 12:00:00,OPMC_LIFT,1257490000.0,227.0,228.0,229.0,4.0,0.0,4.0,50.05,0.8675999999999999,2024-02-14 12:00:10.000,2024-02-14 12:00:10.000,2024-02-14 12:00:10.000,714743338.0,5314054.0,1451394949.0,227.0,original,228.0,original,229.0,original,4.0,original,0.0,gap_too_large,4.0,original,50.05,original,0.8675999999999999,original,714743338.0,original,5314054.0,original,1451394949.0,original,1257490000.0,original,-109.0,original
886491.0,22.0,2024-02-14 12:30:00,OPMC_LIFT,1257500000.0,227.0,227.0,229.0,4.0,0.0,4.0,49.94,0.8697999999999999,2024-02-14 12:30:12.000,2024-02-14 12:30:12.000,2024-02-14 12:30:12.000,714745968.0,5315258.0,1451403307.0,227.0,original,227.0,original,229.0,original,4.0,original,0.0,gap_too_large,4.0,original,49.94,original,0.8697999999999999,original,714745968.0,original,5315258.0,original,1451403307.0,original,1257500000.0,original,-103.0,original
886571.0,22.0,2024-02-14 13:00:00,OPMC_LIFT,1257500000.0,226.0,227.0,228.0,4.0,0.0,4.0,50.04,0.8682,2024-02-14 13:00:10.000,2024-02-14 13:00:10.000,2024-02-14 13:00:10.000,714748589.0,5316458.0,1451411630.0,226.0,original,227.0,original,228.0,original,4.0,original,0.0,gap_too_large,4.0,original,50.04,original,0.8682,original,714748589.0,original,5316458.0,original,1451411630.0,original,1257500000.0,original,-112.0,original
886711.0,22.0,2024-02-14 13:30:00,OPMC_LIFT,1257520000.0,225.0,226.0,227.0,4.0,0.0,3.0,50.01,0.8690999999999999,2024-02-14 13:50:09.000,2024-02-14 13:50:09.000,2024-02-14 13:50:09.000,714752925.0,5318458.0,1451425403.0,225.0,original,226.0,original,227.0,original,4.0,original,0.0,gap_too_large,3.0,original,50.01,original,0.8690999999999999,original,714752925.0,original,5318458.0,original,1451425403.0,original,1257520000.0,original,-109.0,original
886745.0,22.0,2024-02-14 14:00:00,OPMC_LIFT,1257520000.0,225.0,226.0,227.0,4.0,0.0,4.0,49.98,0.8693,2024-02-14 14:00:08.000,2024-02-14 14:00:08.000,2024-02-14 14:00:08.000,714753789.0,5318858.0,1451428155.0,225.0,original,226.0,original,227.0,original,4.0,original,0.0,gap_too_large,4.0,original,49.98,original,0.8693,original,714753789.0,original,5318858.0,original,1451428155.0,original,1257520000.0,original,-107.0,original
886829.0,22.0,2024-02-14 14:30:00,OPMC_LIFT,1257520000.0,225.0,226.0,227.0,4.0,0.0,4.0,50.04,0.8689999999999999,2024-02-14 14:30:06.000,2024-02-14 14:30:06.000,2024-02-14 14:30:06.000,714756374.0,5320054.0,1451436379.0,225.0,original,226.0,original,227.0,original,4.0,original,0.0,gap_too_large,4.0,original,50.04,original,0.8689999999999999,original,714756374.0,original,5320054.0,original,1451436379.0,original,1257520000.0,original,-106.0,original
886963.0,22.0,2024-02-14 15:00:00,OPMC_LIFT,1257530000.0,228.0,228.0,230.0,4.0,0.0,4.0,50.04,0.8686999999999999,2024-02-14 15:10:09.000,2024-02-14 15:10:09.000,2024-02-14 15:10:09.000,714759824.0,5321651.0,1451447349.0,228.0,original,228.0,original,230.0,original,4.0,original,0.0,gap_too_large,4.0,original,50.04,original,0.8686999999999999,original,714759824.0,original,5321651.0,original,1451447349.0,original,1257530000.0,original,-109.0,original
887026.0,22.0,2024-02-14 15:30:00,OPMC_LIFT,1257540000.0,227.0,228.0,229.0,4.0,0.0,4.0,50.0,0.8669999999999999,2024-02-14 15:30:08.000,2024-02-14 15:30:08.000,2024-02-14 15:30:08.000,714761584.0,5322451.0,1451452933.0,227.0,original,228.0,original,229.0,original,4.0,original,0.0,gap_too_large,4.0,original,50.0,original,0.8669999999999999,original,714761584.0,original,5322451.0,original,1451452933.0,original,1257540000.0,original,-113.0,original
887114.0,22.0,2024-02-14 16:00:00,OPMC_LIFT,1257550000.0,227.0,228.0,229.0,4.0,0.0,4.0,49.93,0.8690999999999999,2024-02-14 16:00:07.000,2024-02-14 16:00:07.000,2024-02-14 16:00:07.000,714764227.0,5323654.0,1451461297.0,227.0,original,228.0,original,229.0,original,4.0,original,0.0,gap_too_large,4.0,original,49.93,original,0.8690999999999999,original,714764227.0,original,5323654.0,original,1451461297.0,original,1257550000.0,original,-101.0,original
887205.0,22.0,2024-02-14 16:30:00,OPMC_LIFT,1257550000.0,227.0,228.0,229.0,4.0,0.0,4.0,49.93,0.8664999999999999,2024-02-14 16:30:09.000,2024-02-14 16:30:09.000,2024-02-14 16:30:09.000,714766864.0,5324851.0,1451469649.0,227.0,original,228.0,original,229.0,original,4.0,original,0.0,gap_too_large,4.0,original,49.93,original,0.8664999999999999,original,714766864.0,original,5324851.0,original,1451469649.0,original,1257550000.0,original,-123.0,original
887338.0,22.0,2024-02-14 17:00:00,OPMC_LIFT,1257560000.0,227.0,228.0,229.0,4.0,0.0,4.0,50.07,0.8676999999999999,2024-02-14 17:10:12.000,2024-02-14 17:10:12.000,2024-02-14 17:10:12.000,714770381.0,5326454.0,1451480792.0,227.0,original,228.0,original,229.0,original,4.0,original,0.0,gap_too_large,4.0,original,50.07,original,0.8676999999999999,original,714770381.0,original,5326454.0,original,1451480792.0,original,1257560000.0,original,-107.0,original
887406.0,22.0,2024-02-14 17:30:00,OPMC_LIFT,1257570000.0,227.0,227.0,229.0,4.0,0.0,4.0,50.02,0.8667999999999999,2024-02-14 17:30:07.000,2024-02-14 17:30:07.000,2024-02-14 17:30:07.000,714772138.0,5327251.0,1451486357.0,227.0,original,227.0,original,229.0,original,4.0,original,0.0,gap_too_large,4.0,original,50.02,original,0.8667999999999999,original,714772138.0,original,5327251.0,original,1451486357.0,original,1257570000.0,original,-115.0,original
887498.0,22.0,2024-02-14 18:00:00,OPMC_LIFT,1257580000.0,227.0,228.0,229.0,4.0,0.0,4.0,50.07,0.8680999999999999,2024-02-14 18:00:11.000,2024-02-14 18:00:11.000,2024-02-14 18:00:11.000,714774768.0,5328448.0,1451494693.0,227.0,original,228.0,original,229.0,original,4.0,original,0.0,gap_too_large,4.0,original,50.07,original,0.8680999999999999,original,714774768.0,original,5328448.0,original,1451494693.0,original,1257580000.0,original,-123.0,original
887587.0,22.0,2024-02-14 18:30:00,OPMC_LIFT,1257580000.0,226.0,227.0,228.0,4.0,0.0,4.0,49.95,0.8704999999999999,2024-02-14 18:30:06.000,2024-02-14 18:30:06.000,2024-02-14 18:30:06.000,714777392.0,5329645.0,1451503019.0,226.0,original,227.0,original,228.0,original,4.0,original,0.0,gap_too_large,4.0,original,49.95,original,0.8704999999999999,original,714777392.0,original,5329645.0,original,1451503019.0,original,1257580000.0,original,-109.0,original
887712.0,22.0,2024-02-14 19:00:00,OPMC_LIFT,1257590000.0,226.0,227.0,228.0,4.0,0.0,4.0,49.96,0.8674999999999999,2024-02-14 19:10:07.000,2024-02-14 19:10:07.000,2024-02-14 19:10:07.000,714780874.0,5331235.0,1451514078.0,226.0,original,227.0,original,228.0,original,4.0,original,0.0,gap_too_large,4.0,original,49.96,original,0.8674999999999999,original,714780874.0,original,5331235.0,original,1451514078.0,original,1257590000.0,original,-107.0,original
887826.0,22.0,2024-02-14 19:30:00,OPMC_LIFT,1257600000.0,226.0,227.0,228.0,4.0,0.0,4.0,49.99,0.8716999999999999,2024-02-14 19:50:05.000,2024-02-14 19:50:05.000,2024-02-14 19:50:05.000,714784355.0,5332832.0,1451525150.0,226.0,original,227.0,original,228.0,original,4.0,original,0.0,gap_too_large,4.0,original,49.99,original,0.8716999999999999,original,714784355.0,original,5332832.0,original,1451525150.0,original,1257600000.0,original,-109.0,original
887857.0,22.0,2024-02-14 20:00:00,OPMC_LIFT,1257600000.0,226.0,227.0,228.0,4.0,0.0,4.0,49.99,0.8702,2024-02-14 20:00:06.000,2024-02-14 20:00:06.000,2024-02-14 20:00:06.000,714785229.0,5333229.0,1451527918.0,226.0,original,227.0,original,228.0,original,4.0,original,0.0,gap_too_large,4.0,original,49.99,original,0.8702,original,714785229.0,original,5333229.0,original,1451527918.0,original,1257600000.0,original,-108.0,original
887950.0,22.0,2024-02-14 20:30:00,OPMC_LIFT,1257610000.0,227.0,227.0,229.0,4.0,0.0,4.0,49.98,0.8684,2024-02-14 20:30:07.000,2024-02-14 20:30:07.000,2024-02-14 20:30:07.000,714787846.0,5334422.0,1451536238.0,227.0,original,227.0,original,229.0,original,4.0,original,0.0,gap_too_large,4.0,original,49.98,original,0.8684,original,714787846.0,original,5334422.0,original,1451536238.0,original,1257610000.0,original,-111.0,original
888065.0,22.0,2024-02-14 21:00:00,OPMC_LIFT,1257620000.0,227.0,228.0,229.0,4.0,0.0,4.0,50.04,0.8679999999999999,2024-02-14 21:10:07.000,2024-02-14 21:10:07.000,2024-02-14 21:10:07.000,714791344.0,5336019.0,1451547352.0,227.0,original,228.0,original,229.0,original,4.0,original,0.0,gap_too_large,4.0,original,50.04,original,0.8679999999999999,original,714791344.0,original,5336019.0,original,1451547352.0,original,1257620000.0,original,-109.0,original
888128.0,22.0,2024-02-14 21:30:00,OPMC_LIFT,1257630000.0,227.0,228.0,229.0,4.0,0.0,4.0,50.02,0.8690999999999999,2024-02-14 21:30:11.000,2024-02-14 21:30:11.000,2024-02-14 21:30:11.000,714793104.0,5336816.0,1451552929.0,227.0,original,228.0,original,229.0,original,4.0,original,0.0,gap_too_large,4.0,original,50.02,original,0.8690999999999999,original,714793104.0,original,5336816.0,original,1451552929.0,original,1257630000.0,original,-113.0,original
888217.0,22.0,2024-02-14 22:00:00,OPMC_LIFT,1257630000.0,228.0,228.0,230.0,4.0,0.0,4.0,49.94,0.8664999999999999,2024-02-14 22:00:09.000,2024-02-14 22:00:09.000,2024-02-14 22:00:09.000,714795754.0,5338013.0,1451561336.0,228.0,original,228.0,original,230.0,original,4.0,original,0.0,gap_too_large,4.0,original,49.94,original,0.8664999999999999,original,714795754.0,original,5338013.0,original,1451561336.0,original,1257630000.0,original,-121.0,original
888302.0,22.0,2024-02-14 22:30:00,OPMC_LIFT,1257640000.0,228.0,228.0,230.0,4.0,0.0,4.0,50.02,0.8674,2024-02-14 22:30:05.000,2024-02-14 22:30:05.000,2024-02-14 22:30:05.000,714798416.0,5339210.0,1451569768.0,228.0,original,228.0,original,230.0,original,4.0,original,0.0,gap_too_large,4.0,original,50.02,original,0.8674,original,714798416.0,original,5339210.0,original,1451569768.0,original,1257640000.0,original,-120.0,original
888428.0,22.0,2024-02-14 23:00:00,OPMC_LIFT,1257650000.0,228.0,229.0,231.0,4.0,0.0,4.0,49.95,0.8634,2024-02-14 23:10:04.000,2024-02-14 23:10:04.000,2024-02-14 23:10:04.000,714801987.0,5340810.0,1451581057.0,228.0,original,229.0,original,231.0,original,4.0,original,0.0,gap_too_large,4.0,original,49.95,original,0.8634,original,714801987.0,original,5340810.0,original,1451581057.0,original,1257650000.0,original,-112.0,original
888499.0,22.0,2024-02-14 23:30:00,OPMC_LIFT,1257660000.0,229.0,230.0,231.0,4.0,0.0,4.0,50.03,0.8674,2024-02-14 23:30:10.000,2024-02-14 23:30:10.000,2024-02-14 23:30:10.000,714803779.0,5341606.0,1451586728.0,229.0,original,230.0,original,231.0,original,4.0,original,0.0,gap_too_large,4.0,original,50.03,original,0.8674,original,714803779.0,original,5341606.0,original,1451586728.0,original,1257660000.0,original,-121.0,original
888617.0,22.0,2024-02-15 00:00:00,OPMC_LIFT,1257670000.0,229.0,230.0,232.0,4.0,0.0,4.0,49.98,0.8679999999999999,2024-02-15 00:10:10.000,2024-02-15 00:10:10.000,2024-02-15 00:10:10.000,714807389.0,5343206.0,1451598117.0,229.0,original,230.0,original,232.0,original,4.0,original,0.0,gap_too_large,4.0,original,49.98,original,0.8679999999999999,original,714807389.0,original,5343206.0,original,1451598117.0,original,1257670000.0,original,-123.0,original
888711.0,22.0,2024-02-15 00:30:00,OPMC_LIFT,1257670000.0,227.0,228.0,230.0,4.0,0.0,4.0,50.05,0.8696999999999999,2024-02-15 00:40:07.000,2024-02-15 00:40:07.000,2024-02-15 00:40:07.000,714810045.0,5344403.0,1451606533.0,227.0,original,228.0,original,230.0,original,4.0,original,0.0,gap_too_large,4.0,original,50.05,original,0.8696999999999999,original,714810045.0,original,5344403.0,original,1451606533.0,original,1257670000.0,original,-109.0,original
888805.0,22.0,2024-02-15 01:00:00,OPMC_LIFT,1257680000.0,227.0,228.0,230.0,4.0,0.0,4.0,50.02,0.8704,2024-02-15 01:10:08.000,2024-02-15 01:10:08.000,2024-02-15 01:10:08.000,714812691.0,5345600.0,1451614923.0,227.0,original,228.0,original,230.0,original,4.0,original,0.0,gap_too_large,4.0,original,50.02,original,0.8704,original,714812691.0,original,5345600.0,original,1451614923.0,original,1257680000.0,original,-109.0,original
888863.0,22.0,2024-02-15 01:30:00,OPMC_LIFT,1257680000.0,227.0,228.0,230.0,4.0,0.0,4.0,50.03,0.8658999999999999,2024-02-15 01:30:04.000,2024-02-15 01:30:04.000,2024-02-15 01:30:04.000,714814458.0,5346397.0,1451620526.0,227.0,original,228.0,original,230.0,original,4.0,original,0.0,gap_too_large,4.0,original,50.03,original,0.8658999999999999,original,714814458.0,original,5346397.0,original,1451620526.0,original,1257680000.0,original,-111.0,original
888955.0,22.0,2024-02-15 02:00:00,OPMC_LIFT,1257690000.0,227.0,228.0,230.0,4.0,0.0,4.0,49.95,0.8669999999999999,2024-02-15 02:00:05.000,2024-02-15 02:00:05.000,2024-02-15 02:00:05.000,714817107.0,5347590.0,1451628936.0,227.0,original,228.0,original,230.0,original,4.0,original,0.0,gap_too_large,4.0,original,49.95,original,0.8669999999999999,original,714817107.0,original,5347590.0,original,1451628936.0,original,1257690000.0,original,-111.0,original
889045.0,22.0,2024-02-15 02:30:00,OPMC_LIFT,1257700000.0,228.0,228.0,230.0,4.0,0.0,4.0,50.03,0.8645999999999999,2024-02-15 02:30:07.000,2024-02-15 02:30:07.000,2024-02-15 02:30:07.000,714819770.0,5348787.0,1451637368.0,228.0,original,228.0,original,230.0,original,4.0,original,0.0,gap_too_large,4.0,original,50.03,original,0.8645999999999999,original,714819770.0,original,5348787.0,original,1451637368.0,original,1257700000.0,original,-108.0,original
889143.0,22.0,2024-02-15 03:00:00,OPMC_LIFT,1257710000.0,228.0,229.0,230.0,4.0,0.0,4.0,50.04,0.8713,2024-02-15 03:00:12.000,2024-02-15 03:00:12.000,2024-02-15 03:00:12.000,714822435.0,5349984.0,1451645816.0,228.0,original,229.0,original,230.0,original,4.0,original,0.0,gap_too_large,4.0,original,50.04,original,0.8713,original,714822435.0,original,5349984.0,original,1451645816.0,original,1257710000.0,original,-112.0,original
889235.0,22.0,2024-02-15 03:30:00,OPMC_LIFT,1257710000.0,228.0,229.0,230.0,4.0,0.0,4.0,50.06,0.8689999999999999,2024-02-15 03:30:09.000,2024-02-15 03:30:09.000,2024-02-15 03:30:09.000,714825107.0,5351181.0,1451654277.0,228.0,original,229.0,original,230.0,original,4.0,original,0.0,gap_too_large,4.0,original,50.06,original,0.8689999999999999,original,714825107.0,original,5351181.0,original,1451654277.0,original,1257710000.0,original,-109.0,original
889320.0,22.0,2024-02-15 04:00:00,OPMC_LIFT,1257720000.0,228.0,229.0,231.0,4.0,0.0,4.0,50.04,0.8665999999999999,2024-02-15 04:00:08.000,2024-02-15 04:00:08.000,2024-02-15 04:00:08.000,714827782.0,5352381.0,1451662747.0,228.0,original,229.0,original,231.0,original,4.0,original,0.0,gap_too_large,4.0,original,50.04,original,0.8665999999999999,original,714827782.0,original,5352381.0,original,1451662747.0,original,1257720000.0,original,-111.0,original
889450.0,22.0,2024-02-15 04:30:00,OPMC_LIFT,1257730000.0,228.0,228.0,230.0,4.0,0.0,4.0,50.02,0.8667999999999999,2024-02-15 04:40:10.000,2024-02-15 04:40:10.000,2024-02-15 04:40:10.000,714831344.0,5353978.0,1451674021.0,228.0,original,228.0,original,230.0,original,4.0,original,0.0,gap_too_large,4.0,original,50.02,original,0.8667999999999999,original,714831344.0,original,5353978.0,original,1451674021.0,original,1257730000.0,original,-110.0,original
889502.0,22.0,2024-02-15 05:00:00,OPMC_LIFT,1257740000.0,227.0,228.0,229.0,4.0,0.0,4.0,49.94,0.8664999999999999,2024-02-15 05:00:04.000,2024-02-15 05:00:04.000,2024-02-15 05:00:04.000,714833114.0,5354774.0,1451679627.0,227.0,original,228.0,original,229.0,original,4.0,original,0.0,gap_too_large,4.0,original,49.94,original,0.8664999999999999,original,714833114.0,original,5354774.0,original,1451679627.0,original,1257740000.0,original,-120.0,original
889594.0,22.0,2024-02-15 05:30:00,OPMC_LIFT,1257740000.0,226.0,227.0,229.0,4.0,0.0,4.0,50.06,0.8704,2024-02-15 05:30:06.000,2024-02-15 05:30:06.000,2024-02-15 05:30:06.000,714835741.0,5355971.0,1451687976.0,226.0,original,227.0,original,229.0,original,4.0,original,0.0,gap_too_large,4.0,original,50.06,original,0.8704,original,714835741.0,original,5355971.0,original,1451687976.0,original,1257740000.0,original,-105.0,original
889707.0,22.0,2024-02-15 06:00:00,OPMC_LIFT,1257750000.0,227.0,228.0,229.0,4.0,0.0,4.0,49.98,0.8683,2024-02-15 06:10:06.000,2024-02-15 06:10:06.000,2024-02-15 06:10:06.000,714839216.0,5357565.0,1451699038.0,227.0,original,228.0,original,229.0,original,4.0,original,0.0,gap_too_large,4.0,original,49.98,original,0.8683,original,714839216.0,original,5357565.0,original,1451699038.0,original,1257750000.0,original,-106.0,original
889826.0,22.0,2024-02-15 06:30:00,OPMC_LIFT,1257760000.0,225.0,226.0,227.0,4.0,0.0,4.0,50.02,0.8703,2024-02-15 06:50:03.000,2024-02-15 06:50:03.000,2024-02-15 06:50:03.000,714842675.0,5359158.0,1451710062.0,225.0,original,226.0,original,227.0,original,4.0,original,0.0,gap_too_large,4.0,original,50.02,original,0.8703,original,714842675.0,original,5359158.0,original,1451710062.0,original,1257760000.0,original,-120.0,original
889863.0,22.0,2024-02-15 07:00:00,OPMC_LIFT,1257760000.0,225.0,226.0,227.0,4.0,0.0,3.0,50.06,0.8724,2024-02-15 07:00:08.000,2024-02-15 07:00:08.000,2024-02-15 07:00:08.000,714843533.0,5359558.0,1451712801.0,225.0,original,226.0,original,227.0,original,4.0,original,0.0,gap_too_large,3.0,original,50.06,original,0.8724,original,714843533.0,original,5359558.0,original,1451712801.0,original,1257760000.0,original,-109.0,original
889863.0,,2024-02-15 07:30:00,OPMC_LIFT,1257770000.0,225.0,226.0,227.0,4.0,0.0,3.5,50.005,0.8713,,,,714846120.0,5360750.0,1451721038.0,225.0,interpolated,226.0,interpolated,227.0,interpolated,4.0,interpolated,0.0,gap_too_large,3.5,interpolated,50.005,interpolated,0.8713,interpolated,714846120.0,interpolated,5360750.0,interpolated,1451721038.0,interpolated,1257770000.0,interpolated,-109.0,interpolated
890008.0,22.0,2024-02-15 08:00:00,OPMC_LIFT,1257780000.0,225.0,226.0,227.0,4.0,0.0,4.0,49.95,0.8702,2024-02-15 08:00:04.000,2024-02-15 08:00:04.000,2024-02-15 08:00:04.000,714848707.0,5361942.0,1451729275.0,225.0,original,226.0,original,227.0,original,4.0,original,0.0,gap_too_large,4.0,original,49.95,original,0.8702,original,714848707.0,original,5361942.0,original,1451729275.0,original,1257780000.0,original,-109.0,original
890147.0,22.0,2024-02-15 08:30:00,OPMC_LIFT,1258150000.0,219.0,222.0,223.0,368.0,392.0,393.0,49.95,0.8719999999999999,2024-02-15 08:50:08.000,2024-02-15 08:50:08.000,2024-02-15 08:50:08.000,715081155.0,5363334.0,1452174862.0,219.0,original,222.0,original,223.0,original,368.0,original,392.0,original,393.0,original,49.95,original,0.8719999999999999,original,715081155.0,original,5363334.0,original,1452174862.0,original,1258150000.0,original,-113.0,original
890147.0,,2024-02-15 09:00:00,OPMC_LIFT,1258860000.0,220.0,222.5,223.5,356.0,378.5,381.0,49.97,0.8698499999999999,,,,715483808.0,5363334.0,1452990729.5,220.0,interpolated,222.5,interpolated,223.5,interpolated,356.0,interpolated,378.5,interpolated,381.0,interpolated,49.97,interpolated,0.8698499999999999,interpolated,715483808.0,interpolated,5363334.0,interpolated,1452990729.5,interpolated,1258860000.0,interpolated,-110.0,interpolated
890259.0,22.0,2024-02-15 09:30:00,OPMC_LIFT,1259570000.0,221.0,223.0,224.0,344.0,365.0,369.0,49.99,0.8676999999999999,2024-02-15 09:30:07.000,2024-02-15 09:30:07.000,2024-02-15 09:30:07.000,715886461.0,5363334.0,1453806597.0,221.0,original,223.0,original,224.0,original,344.0,original,365.0,original,369.0,original,49.99,original,0.8676999999999999,original,715886461.0,original,5363334.0,original,1453806597.0,original,1259570000.0,original,-107.0,original
890366.0,22.0,2024-02-15 10:00:00,OPMC_LIFT,1260950000.0,220.0,222.0,223.0,341.0,361.0,364.0,50.01,0.8697999999999999,2024-02-15 10:10:06.000,2024-02-15 10:10:06.000,2024-02-15 10:10:06.000,716670461.0,5363334.0,1455393461.0,220.0,original,222.0,original,223.0,original,341.0,original,361.0,original,364.0,original,50.01,original,0.8697999999999999,original,716670461.0,original,5363334.0,original,1455393461.0,original,1260950000.0,original,-109.0,original
890435.0,22.0,2024-02-15 10:30:00,OPMC_LIFT,1261970000.0,219.0,221.0,223.0,340.0,361.0,364.0,49.98,0.8704,2024-02-15 10:39:36.000,2024-02-15 10:39:36.000,2024-02-15 10:39:36.000,717246397.0,5363334.0,1456566325.0,219.0,original,221.0,original,223.0,original,340.0,original,361.0,original,364.0,original,49.98,original,0.8704,original,717246397.0,original,5363334.0,original,1456566325.0,original,1261970000.0,original,-111.0,original
890544.0,22.0,2024-02-15 11:00:00,OPMC_LIFT,1263020000.0,219.0,221.0,223.0,341.0,361.0,364.0,50.01,0.8703,2024-02-15 11:10:10.000,2024-02-15 11:10:10.000,2024-02-15 11:10:10.000,717838397.0,5363334.0,1457774107.0,219.0,original,221.0,original,223.0,original,341.0,original,361.0,original,364.0,original,50.01,original,0.8703,original,717838397.0,original,5363334.0,original,1457774107.0,original,1263020000.0,original,-109.0,original
890590.0,22.0,2024-02-15 11:30:00,OPMC_LIFT,1263710000.0,219.0,221.0,223.0,348.0,368.0,372.0,49.96,0.8715999999999999,2024-02-15 11:30:07.000,2024-02-15 11:30:07.000,2024-02-15 11:30:07.000,718225939.0,5363334.0,1458565800.0,219.0,original,221.0,original,223.0,original,348.0,original,368.0,original,372.0,original,49.96,original,0.8715999999999999,original,718225939.0,original,5363334.0,original,1458565800.0,original,1263710000.0,original,-105.0,original
890735.0,22.0,2024-02-15 12:00:00,OPMC_LIFT,1265460000.0,222.0,224.0,226.0,344.0,364.0,370.0,50.01,0.8658999999999999,2024-02-15 12:20:11.000,2024-02-15 12:20:11.000,2024-02-15 12:20:11.000,719215661.0,5363334.0,1460569038.0,222.0,original,224.0,original,226.0,original,344.0,original,364.0,original,370.0,original,50.01,original,0.8658999999999999,original,719215661.0,original,5363334.0,original,1460569038.0,original,1265460000.0,original,-117.0,original
890762.0,22.0,2024-02-15 12:30:00,OPMC_LIFT,1265800000.0,222.0,224.0,226.0,342.0,363.0,368.0,49.94,0.8644999999999999,2024-02-15 12:30:08.000,2024-02-15 12:30:08.000,2024-02-15 12:30:08.000,719416682.0,5363334.0,1460970267.0,222.0,original,224.0,original,226.0,original,342.0,original,363.0,original,368.0,original,49.94,original,0.8644999999999999,original,719416682.0,original,5363334.0,original,1460970267.0,original,1265800000.0,original,-111.0,original
890762.0,,2024-02-15 13:00:00,OPMC_LIFT,1266845000.0,220.0,222.0,224.0,344.5,364.5,369.0,49.989999999999995,0.8692499999999999,,,,720008466.0,5363334.0,1462170168.0,220.0,interpolated,222.0,interpolated,224.0,interpolated,344.5,interpolated,364.5,interpolated,369.0,interpolated,49.989999999999995,interpolated,0.8692499999999999,interpolated,720008466.0,interpolated,5363334.0,interpolated,1462170168.0,interpolated,1266845000.0,interpolated,-112.5,interpolated
890934.0,22.0,2024-02-15 13:30:00,OPMC_LIFT,1267890000.0,218.0,220.0,222.0,347.0,366.0,370.0,50.04,0.8739999999999999,2024-02-15 13:30:12.000,2024-02-15 13:30:12.000,2024-02-15 13:30:12.000,720600250.0,5363334.0,1463370069.0,218.0,original,220.0,original,222.0,original,347.0,original,366.0,original,370.0,original,50.04,original,0.8739999999999999,original,720600250.0,original,5363334.0,original,1463370069.0,original,1267890000.0,original,-114.0,original
891013.0,22.0,2024-02-15 14:00:00,OPMC_LIFT,1268930000.0,218.0,220.0,222.0,355.0,374.0,378.0,50.04,0.8744,2024-02-15 14:00:13.000,2024-02-15 14:00:13.000,2024-02-15 14:00:13.000,721179216.0,5363334.0,1464560849.0,218.0,original,220.0,original,222.0,original,355.0,original,374.0,original,378.0,original,50.04,original,0.8744,original,721179216.0,original,5363334.0,original,1464560849.0,original,1268930000.0,original,-109.0,original
891094.0,22.0,2024-02-15 14:30:00,OPMC_LIFT,1269980000.0,218.0,220.0,222.0,352.0,372.0,374.0,50.04,0.8738999999999999,2024-02-15 14:30:09.000,2024-02-15 14:30:09.000,2024-02-15 14:30:09.000,721764349.0,5363334.0,1465768005.0,218.0,original,220.0,original,222.0,original,352.0,original,372.0,original,374.0,original,50.04,original,0.8738999999999999,original,721764349.0,original,5363334.0,original,1465768005.0,original,1269980000.0,original,-107.0,original
891184.0,22.0,2024-02-15 15:00:00,OPMC_LIFT,1271020000.0,219.0,221.0,223.0,339.0,358.0,362.0,50.09,0.8703,2024-02-15 15:00:07.000,2024-02-15 15:00:07.000,2024-02-15 15:00:07.000,722344650.0,5363334.0,1466957285.0,219.0,original,221.0,original,223.0,original,339.0,original,358.0,original,362.0,original,50.09,original,0.8703,original,722344650.0,original,5363334.0,original,1466957285.0,original,1271020000.0,original,-114.0,original
891271.0,22.0,2024-02-15 15:30:00,OPMC_LIFT,1271860000.0,225.0,226.0,228.0,171.5,0.0,183.0,50.01,1.0,2024-02-15 15:30:09.000,2024-02-15 15:30:09.000,2024-02-15 15:30:09.000,722821978.0,5363334.0,1467924472.0,225.0,original,226.0,original,228.0,original,171.5,interpolated,0.0,gap_too_large,183.0,interpolated,50.01,original,1.0,original,722821978.0,original,5363334.0,original,1467924472.0,original,1271860000.0,original,-109.0,original
891385.0,22.0,2024-02-15 16:00:00,OPMC_LIFT,1271870000.0,227.0,228.0,230.0,4.0,0.0,4.0,50.05,0.8693,2024-02-15 16:10:07.000,2024-02-15 16:10:07.000,2024-02-15 16:10:07.000,722823443.0,5363830.0,1467928533.0,227.0,original,228.0,original,230.0,original,4.0,original,0.0,gap_too_large,4.0,original,50.05,original,0.8693,original,722823443.0,original,5363830.0,original,1467928533.0,original,1271870000.0,original,-109.0,original
891502.0,22.0,2024-02-15 16:30:00,OPMC_LIFT,1271880000.0,228.0,229.0,231.0,4.0,0.0,4.0,50.05,0.8677999999999999,2024-02-15 16:50:07.000,2024-02-15 16:50:07.000,2024-02-15 16:50:07.000,722826979.0,5365424.0,1467939729.0,228.0,original,229.0,original,231.0,original,4.0,original,0.0,gap_too_large,4.0,original,50.05,original,0.8677999999999999,original,722826979.0,original,5365424.0,original,1467939729.0,original,1271880000.0,original,-109.0,original
891534.0,22.0,2024-02-15 17:00:00,OPMC_LIFT,1271880000.0,229.0,229.0,231.0,4.0,0.0,4.0,50.06,0.8684,2024-02-15 17:00:10.000,2024-02-15 17:00:10.000,2024-02-15 17:00:10.000,722827875.0,5365824.0,1467942558.0,229.0,original,229.0,original,231.0,original,4.0,original,0.0,gap_too_large,4.0,original,50.06,original,0.8684,original,722827875.0,original,5365824.0,original,1467942558.0,original,1271880000.0,original,-117.0,original
891616.0,22.0,2024-02-15 17:30:00,OPMC_LIFT,1271890000.0,228.0,229.0,231.0,4.0,0.0,4.0,50.04,0.8677999999999999,2024-02-15 17:30:05.000,2024-02-15 17:30:05.000,2024-02-15 17:30:05.000,722830582.0,5367021.0,1467951083.0,228.0,original,229.0,original,231.0,original,4.0,original,0.0,gap_too_large,4.0,original,50.04,original,0.8677999999999999,original,722830582.0,original,5367021.0,original,1467951083.0,original,1271890000.0,original,-109.0,original
891698.0,22.0,2024-02-15 18:00:00,OPMC_LIFT,1271890000.0,230.0,230.0,232.0,4.0,0.0,4.0,50.1,0.8693,2024-02-15 18:00:06.000,2024-02-15 18:00:06.000,2024-02-15 18:00:06.000,722833277.0,5368218.0,1467959573.0,230.0,original,230.0,original,232.0,original,4.0,original,0.0,gap_too_large,4.0,original,50.1,original,0.8693,original,722833277.0,original,5368218.0,original,1467959573.0,original,1271890000.0,original,-111.0,original
891793.0,22.0,2024-02-15 18:30:00,OPMC_LIFT,1271900000.0,230.0,230.0,232.0,4.0,0.0,4.0,50.07,0.8662,2024-02-15 18:37:45.000,2024-02-15 18:37:45.000,2024-02-15 18:37:45.000,722836701.0,5369722.0,1467970321.0,230.0,original,230.0,original,232.0,original,4.0,original,0.0,gap_too_large,4.0,original,50.07,original,0.8662,original,722836701.0,original,5369722.0,original,1467970321.0,original,1271900000.0,original,-111.0,original
891896.0,22.0,2024-02-15 19:00:00,OPMC_LIFT,1271910000.0,229.0,230.0,231.0,4.0,0.0,4.0,49.98,0.8695999999999999,2024-02-15 19:10:11.000,2024-02-15 19:10:11.000,2024-02-15 19:10:11.000,722839638.0,5371018.0,1467979560.0,229.0,original,230.0,original,231.0,original,4.0,original,0.0,gap_too_large,4.0,original,49.98,original,0.8695999999999999,original,722839638.0,original,5371018.0,original,1467979560.0,original,1271910000.0,original,-109.0,original
891953.0,22.0,2024-02-15 19:30:00,OPMC_LIFT,1271920000.0,229.0,230.0,232.0,4.0,0.0,4.0,50.07,0.8670999999999999,2024-02-15 19:30:08.000,2024-02-15 19:30:08.000,2024-02-15 19:30:08.000,722841443.0,5371818.0,1467985249.0,229.0,original,230.0,original,232.0,original,4.0,original,0.0,gap_too_large,4.0,original,50.07,original,0.8670999999999999,original,722841443.0,original,5371818.0,original,1467985249.0,original,1271920000.0,original,-111.0,original
892057.0,22.0,2024-02-15 20:00:00,OPMC_LIFT,1271920000.0,230.0,231.0,232.0,4.0,0.0,4.0,50.02,0.8663,2024-02-15 20:10:07.000,2024-02-15 20:10:07.000,2024-02-15 20:10:07.000,722845072.0,5373418.0,1467996667.0,230.0,original,231.0,original,232.0,original,4.0,original,0.0,gap_too_large,4.0,original,50.02,original,0.8663,original,722845072.0,original,5373418.0,original,1467996667.0,original,1271920000.0,original,-108.0,original
892109.0,22.0,2024-02-15 20:30:00,OPMC_LIFT,1271930000.0,230.0,231.0,232.0,4.0,0.0,4.0,50.04,0.8668999999999999,2024-02-15 20:30:07.000,2024-02-15 20:30:07.000,2024-02-15 20:30:07.000,722846899.0,5374218.0,1468002405.0,230.0,original,231.0,original,232.0,original,4.0,original,0.0,gap_too_large,4.0,original,50.04,original,0.8668999999999999,original,722846899.0,original,5374218.0,original,1468002405.0,original,1271930000.0,original,-113.0,original
892200.0,22.0,2024-02-15 21:00:00,OPMC_LIFT,1271940000.0,228.0,229.0,231.0,4.0,0.0,4.0,50.06,0.8704,2024-02-15 21:00:11.000,2024-02-15 21:00:11.000,2024-02-15 21:00:11.000,722849638.0,5375418.0,1468011009.0,228.0,original,229.0,original,231.0,original,4.0,original,0.0,gap_too_large,4.0,original,50.06,original,0.8704,original,722849638.0,original,5375418.0,original,1468011009.0,original,1271940000.0,original,-121.0,original
892274.0,22.0,2024-02-15 21:30:00,OPMC_LIFT,1271940000.0,229.0,230.0,231.0,4.0,0.0,4.0,50.06,0.8663,2024-02-15 21:30:04.000,2024-02-15 21:30:04.000,2024-02-15 21:30:04.000,722852336.0,5376611.0,1468019521.0,229.0,original,230.0,original,231.0,original,4.0,original,0.0,gap_too_large,4.0,original,50.06,original,0.8663,original,722852336.0,original,5376611.0,original,1468019521.0,original,1271940000.0,original,-111.0,original
892386.0,22.0,2024-02-15 22:00:00,OPMC_LIFT,1271950000.0,230.0,230.0,232.0,4.0,0.0,4.0,49.92,0.8692,2024-02-15 22:10:06.000,2024-02-15 22:10:06.000,2024-02-15 22:10:06.000,722855968.0,5378211.0,1468030949.0,230.0,original,230.0,original,232.0,original,4.0,original,0.0,gap_too_large,4.0,original,49.92,original,0.8692,original,722855968.0,original,5378211.0,original,1468030949.0,original,1271950000.0,original,-110.0,original
892509.0,22.0,2024-02-15 22:30:00,OPMC_LIFT,1271960000.0,228.0,229.0,231.0,4.0,0.0,4.0,50.11,0.8694999999999999,2024-02-15 22:50:06.000,2024-02-15 22:50:06.000,2024-02-15 22:50:06.000,722859632.0,5379811.0,1468042456.0,228.0,original,229.0,original,231.0,original,4.0,original,0.0,gap_too_large,4.0,original,50.11,original,0.8694999999999999,original,722859632.0,original,5379811.0,original,1468042456.0,original,1271960000.0,original,-111.0,original
892509.0,,2024-02-15 23:00:00,OPMC_LIFT,1271965000.0,228.5,229.0,231.0,4.0,0.0,4.0,50.05,0.8693,,,,722861432.0,5380609.5,1468048132.5,228.5,interpolated,229.0,interpolated,231.0,interpolated,4.0,interpolated,0.0,gap_too_large,4.0,interpolated,50.05,interpolated,0.8693,interpolated,722861432.0,interpolated,5380609.5,interpolated,1468048132.5,interpolated,1271965000.0,interpolated,-111.5,interpolated
892621.0,22.0,2024-02-15 23:30:00,OPMC_LIFT,1271970000.0,229.0,229.0,231.0,4.0,0.0,4.0,49.99,0.8690999999999999,2024-02-15 23:30:12.000,2024-02-15 23:30:12.000,2024-02-15 23:30:12.000,722863232.0,5381408.0,1468053809.0,229.0,original,229.0,original,231.0,original,4.0,original,0.0,gap_too_large,4.0,original,49.99,original,0.8690999999999999,original,722863232.0,original,5381408.0,original,1468053809.0,original,1271970000.0,original,-112.0,original
892730.0,22.0,2024-02-16 00:00:00,OPMC_LIFT,1271980000.0,230.0,230.0,232.0,4.0,0.0,4.0,49.93,0.8665999999999999,2024-02-16 00:10:11.000,2024-02-16 00:10:11.000,2024-02-16 00:10:11.000,722866851.0,5383005.0,1468065211.0,230.0,original,230.0,original,232.0,original,4.0,original,0.0,gap_too_large,4.0,original,49.93,original,0.8665999999999999,original,722866851.0,original,5383005.0,original,1468065211.0,original,1271980000.0,original,-111.0,original
892782.0,22.0,2024-02-16 00:30:00,OPMC_LIFT,1271990000.0,230.0,230.0,232.0,4.0,0.0,4.0,49.97,0.8682,2024-02-16 00:30:08.000,2024-02-16 00:30:08.000,2024-02-16 00:30:08.000,722868672.0,5383802.0,1468070939.0,230.0,original,230.0,original,232.0,original,4.0,original,0.0,gap_too_large,4.0,original,49.97,original,0.8682,original,722868672.0,original,5383802.0,original,1468070939.0,original,1271990000.0,original,-111.0,original
892863.0,22.0,2024-02-16 01:00:00,OPMC_LIFT,1272000000.0,230.0,231.0,233.0,4.0,0.0,4.0,50.06,0.8647999999999999,2024-02-16 01:00:08.000,2024-02-16 01:00:08.000,2024-02-16 01:00:08.000,722871405.0,5384998.0,1468079537.0,230.0,original,231.0,original,233.0,original,4.0,original,0.0,gap_too_large,4.0,original,50.06,original,0.8647999999999999,original,722871405.0,original,5384998.0,original,1468079537.0,original,1272000000.0,original,-109.0,original
892944.0,22.0,2024-02-16 01:30:00,OPMC_LIFT,1272000000.0,230.0,231.0,233.0,4.0,0.0,4.0,50.02,0.8670999999999999,2024-02-16 01:30:06.000,2024-02-16 01:30:06.000,2024-02-16 01:30:06.000,722874144.0,5386198.0,1468088145.0,230.0,original,231.0,original,233.0,original,4.0,original,0.0,gap_too_large,4.0,original,50.02,original,0.8670999999999999,original,722874144.0,original,5386198.0,original,1468088145.0,original,1272000000.0,original,-112.0,original
893053.0,22.0,2024-02-16 02:00:00,OPMC_LIFT,1272010000.0,230.0,231.0,233.0,4.0,0.0,4.0,50.04,0.8678999999999999,2024-02-16 02:10:05.000,2024-02-16 02:10:05.000,2024-02-16 02:10:05.000,722877821.0,5387795.0,1468099681.0,230.0,original,231.0,original,233.0,original,4.0,original,0.0,gap_too_large,4.0,original,50.04,original,0.8678999999999999,original,722877821.0,original,5387795.0,original,1468099681.0,original,1272010000.0,original,-97.0,original
893111.0,22.0,2024-02-16 02:30:00,OPMC_LIFT,1272020000.0,229.0,229.0,231.0,4.0,0.0,4.0,50.04,0.8666999999999999,2024-02-16 02:30:05.000,2024-02-16 02:30:05.000,2024-02-16 02:30:05.000,722879651.0,5388595.0,1468105429.0,229.0,original,229.0,original,231.0,original,4.0,original,0.0,gap_too_large,4.0,original,50.04,original,0.8666999999999999,original,722879651.0,original,5388595.0,original,1468105429.0,original,1272020000.0,original,-109.0,original
893201.0,22.0,2024-02-16 03:00:00,OPMC_LIFT,1272030000.0,229.0,230.0,232.0,4.0,0.0,4.0,50.07,0.8672,2024-02-16 03:00:09.000,2024-02-16 03:00:09.000,2024-02-16 03:00:09.000,722882358.0,5389795.0,1468113966.0,229.0,original,230.0,original,232.0,original,4.0,original,0.0,gap_too_large,4.0,original,50.07,original,0.8672,original,722882358.0,original,5389795.0,original,1468113966.0,original,1272030000.0,original,-109.0,original
893201.0,,2024-02-16 03:30:00,OPMC_LIFT,1272035000.0,229.5,230.5,232.0,4.0,0.0,4.0,50.075,0.8682,,,,722885084.5,5390992.0,1468122543.5,229.5,interpolated,230.5,interpolated,232.0,interpolated,4.0,interpolated,0.0,gap_too_large,4.0,interpolated,50.075,interpolated,0.8682,interpolated,722885084.5,interpolated,5390992.0,interpolated,1468122543.5,interpolated,1272035000.0,interpolated,-111.0,interpolated
893362.0,22.0,2024-02-16 04:00:00,OPMC_LIFT,1272040000.0,230.0,231.0,232.0,4.0,0.0,4.0,50.08,0.8692,2024-02-16 04:00:09.000,2024-02-16 04:00:09.000,2024-02-16 04:00:09.000,722887811.0,5392189.0,1468131121.0,230.0,original,231.0,original,232.0,original,4.0,original,0.0,gap_too_large,4.0,original,50.08,original,0.8692,original,722887811.0,original,5392189.0,original,1468131121.0,original,1272040000.0,original,-113.0,original
893442.0,22.0,2024-02-16 04:30:00,OPMC_LIFT,1272050000.0,230.0,230.0,232.0,4.0,0.0,4.0,50.03,0.8695999999999999,2024-02-16 04:30:08.000,2024-02-16 04:30:08.000,2024-02-16 04:30:08.000,722890541.0,5393389.0,1468139704.0,230.0,original,230.0,original,232.0,original,4.0,original,0.0,gap_too_large,4.0,original,50.03,original,0.8695999999999999,original,722890541.0,original,5393389.0,original,1468139704.0,original,1272050000.0,original,-115.0,original
893522.0,22.0,2024-02-16 05:00:00,OPMC_LIFT,1272060000.0,229.0,230.0,231.0,4.0,0.0,4.0,50.0,0.8685999999999999,2024-02-16 05:00:08.000,2024-02-16 05:00:08.000,2024-02-16 05:00:08.000,722893261.0,5394586.0,1468148267.0,229.0,original,230.0,original,231.0,original,4.0,original,0.0,gap_too_large,4.0,original,50.0,original,0.8685999999999999,original,722893261.0,original,5394586.0,original,1468148267.0,original,1272060000.0,original,-121.0,original
893607.0,22.0,2024-02-16 05:30:00,OPMC_LIFT,1272060000.0,227.0,228.0,230.0,4.0,0.0,4.0,49.95,0.8662,2024-02-16 05:30:11.000,2024-02-16 05:30:11.000,2024-02-16 05:30:11.000,722895942.0,5395782.0,1468156731.0,227.0,original,228.0,original,230.0,original,4.0,original,0.0,gap_too_large,4.0,original,49.95,original,0.8662,original,722895942.0,original,5395782.0,original,1468156731.0,original,1272060000.0,original,-109.0,original
893713.0,22.0,2024-02-16 06:00:00,OPMC_LIFT,1272070000.0,226.0,227.0,228.0,4.0,0.0,4.0,50.03,0.8693,2024-02-16 06:10:08.000,2024-02-16 06:10:08.000,2024-02-16 06:10:08.000,722899459.0,5397376.0,1468167886.0,226.0,original,227.0,original,228.0,original,4.0,original,0.0,gap_too_large,4.0,original,50.03,original,0.8693,original,722899459.0,original,5397376.0,original,1468167886.0,original,1272070000.0,original,-107.0,original
893831.0,22.0,2024-02-16 06:30:00,OPMC_LIFT,1272080000.0,227.0,228.0,230.0,4.0,0.0,4.0,50.06,0.8689999999999999,2024-02-16 06:50:09.000,2024-02-16 06:50:09.000,2024-02-16 06:50:09.000,722902944.0,5398970.0,1468178965.0,227.0,original,228.0,original,230.0,original,4.0,original,0.0,gap_too_large,4.0,original,50.06,original,0.8689999999999999,original,722902944.0,original,5398970.0,original,1468178965.0,original,1272080000.0,original,-109.0,original
893858.0,22.0,2024-02-16 07:00:00,OPMC_LIFT,1272090000.0,227.0,228.0,229.0,4.0,0.0,4.0,50.07,0.8707999999999999,2024-02-16 07:00:07.000,2024-02-16 07:00:07.000,2024-02-16 07:00:07.000,722903824.0,5399373.0,1468181758.0,227.0,original,228.0,original,229.0,original,4.0,original,0.0,gap_too_large,4.0,original,50.07,original,0.8707999999999999,original,722903824.0,original,5399373.0,original,1468181758.0,original,1272090000.0,original,-107.0,original
893933.0,22.0,2024-02-16 07:30:00,OPMC_LIFT,1272090000.0,225.0,226.0,227.0,4.0,0.0,4.0,49.99,0.8665999999999999,2024-02-16 07:30:09.000,2024-02-16 07:30:09.000,2024-02-16 07:30:09.000,722906419.0,5400563.0,1468190011.0,225.0,original,226.0,original,227.0,original,4.0,original,0.0,gap_too_large,4.0,original,49.99,original,0.8665999999999999,original,722906419.0,original,5400563.0,original,1468190011.0,original,1272090000.0,original,-109.0,original
894010.0,22.0,2024-02-16 08:00:00,OPMC_LIFT,1272100000.0,226.0,227.0,228.0,4.0,0.0,4.0,50.02,0.8660999999999999,2024-02-16 08:00:08.000,2024-02-16 08:00:08.000,2024-02-16 08:00:08.000,722908989.0,5401754.0,1468198184.0,226.0,original,227.0,original,228.0,original,4.0,original,0.0,gap_too_large,4.0,original,50.02,original,0.8660999999999999,original,722908989.0,original,5401754.0,original,1468198184.0,original,1272100000.0,original,-111.0,original
894010.0,,2024-02-16 08:30:00,OPMC_LIFT,1272465000.0,222.5,224.0,225.5,177.0,0.0,189.0,50.025000000000006,0.8688999999999999,,,,723118254.5,5402477.0,1468620118.5,222.5,interpolated,224.0,interpolated,225.5,interpolated,177.0,interpolated,0.0,gap_too_large,189.0,interpolated,50.025000000000006,interpolated,0.8688999999999999,interpolated,723118254.5,interpolated,5402477.0,interpolated,1468620118.5,interpolated,1272465000.0,interpolated,-110.5,interpolated
894158.0,22.0,2024-02-16 09:00:00,OPMC_LIFT,1272830000.0,219.0,221.0,223.0,350.0,371.0,374.0,50.03,0.8716999999999999,2024-02-16 09:00:08.000,2024-02-16 09:00:08.000,2024-02-16 09:00:08.000,723327520.0,5403200.0,1469042053.0,219.0,original,221.0,original,223.0,original,350.0,original,371.0,original,374.0,original,50.03,original,0.8716999999999999,original,723327520.0,original,5403200.0,original,1469042053.0,original,1272830000.0,original,-110.0,original
894244.0,22.0,2024-02-16 09:30:00,OPMC_LIFT,1273860000.0,220.0,223.0,224.0,337.0,359.0,361.0,50.03,0.8665999999999999,2024-02-16 09:30:07.000,2024-02-16 09:30:07.000,2024-02-16 09:30:07.000,723910957.0,5403200.0,1470225656.0,220.0,original,223.0,original,224.0,original,337.0,original,359.0,original,361.0,original,50.03,original,0.8665999999999999,original,723910957.0,original,5403200.0,original,1470225656.0,original,1273860000.0,original,-109.0,original
894320.0,22.0,2024-02-16 10:00:00,OPMC_LIFT,1274870000.0,220.0,222.0,224.0,335.0,355.0,358.0,49.99,0.8678999999999999,2024-02-16 10:00:07.000,2024-02-16 10:00:07.000,2024-02-16 10:00:07.000,724491277.0,5403200.0,1471392513.0,220.0,original,222.0,original,224.0,original,335.0,original,355.0,original,358.0,original,49.99,original,0.8678999999999999,original,724491277.0,original,5403200.0,original,1471392513.0,original,1274870000.0,original,-111.0,original
894320.0,,2024-02-16 10:30:00,OPMC_LIFT,1276195000.0,220.5,222.5,224.0,330.5,350.0,352.5,49.99,0.8656999999999999,,,,725251920.0,5403200.0,1472920964.5,220.5,interpolated,222.5,interpolated,224.0,interpolated,330.5,interpolated,350.0,interpolated,352.5,interpolated,49.99,interpolated,0.8656999999999999,interpolated,725251920.0,interpolated,5403200.0,interpolated,1472920964.5,interpolated,1276195000.0,interpolated,-107.0,interpolated
894528.0,22.0,2024-02-16 11:00:00,OPMC_LIFT,1277520000.0,221.0,223.0,224.0,326.0,345.0,347.0,49.99,0.8634999999999999,2024-02-16 11:20:07.000,2024-02-16 11:20:07.000,2024-02-16 11:20:07.000,726012563.0,5403200.0,1474449416.0,221.0,original,223.0,original,224.0,original,326.0,original,345.0,original,347.0,original,49.99,original,0.8634999999999999,original,726012563.0,original,5403200.0,original,1474449416.0,original,1277520000.0,original,-103.0,original
894528.0,,2024-02-16 11:30:00,OPMC_LIFT,1278280000.0,223.0,224.5,226.0,256.0,267.5,272.0,49.980000000000004,0.86625,,,,726457596.5,5403200.0,1475330163.0,223.0,interpolated,224.5,interpolated,226.0,interpolated,256.0,interpolated,267.5,interpolated,272.0,interpolated,49.980000000000004,interpolated,0.86625,interpolated,726457596.5,interpolated,5403200.0,interpolated,1475330163.0,interpolated,1278280000.0,interpolated,-106.0,interpolated
894680.0,22.0,2024-02-16 12:00:00,OPMC_LIFT,1279040000.0,225.0,226.0,228.0,186.0,190.0,197.0,49.97,0.8689999999999999,2024-02-16 12:20:09.000,2024-02-16 12:20:09.000,2024-02-16 12:20:09.000,726902630.0,5403200.0,1476210910.0,225.0,original,226.0,original,228.0,original,186.0,original,190.0,original,197.0,original,49.97,original,0.8689999999999999,original,726902630.0,original,5403200.0,original,1476210910.0,original,1279040000.0,original,-109.0,original
894762.0,22.0,2024-02-16 12:30:00,OPMC_LIFT,1279610000.0,224.0,226.0,227.0,189.0,194.0,200.0,49.97,0.8703,2024-02-16 12:50:10.000,2024-02-16 12:50:10.000,2024-02-16 12:50:10.000,727225088.0,5403200.0,1476863857.0,224.0,original,226.0,original,227.0,original,189.0,original,194.0,original,200.0,original,49.97,original,0.8703,original,727225088.0,original,5403200.0,original,1476863857.0,original,1279610000.0,original,-111.0,original
894834.0,22.0,2024-02-16 13:00:00,OPMC_LIFT,1280180000.0,222.0,223.0,225.0,194.0,199.0,204.0,50.06,0.8760999999999999,2024-02-16 13:20:10.000,2024-02-16 13:20:10.000,2024-02-16 13:20:10.000,727545014.0,5403200.0,1477523915.0,222.0,original,223.0,original,225.0,original,194.0,original,199.0,original,204.0,original,50.06,original,0.8760999999999999,original,727545014.0,original,5403200.0,original,1477523915.0,original,1280180000.0,original,-105.0,original
894834.0,,2024-02-16 13:30:00,OPMC_LIFT,1280770000.0,221.5,223.0,224.5,196.0,201.5,206.5,50.045,0.8775,,,,727865744.0,5403200.0,1478193232.0,221.5,interpolated,223.0,interpolated,224.5,interpolated,196.0,interpolated,201.5,interpolated,206.5,interpolated,50.045,interpolated,0.8775,interpolated,727865744.0,interpolated,5403200.0,interpolated,1478193232.0,interpolated,1280770000.0,interpolated,-107.0,interpolated
894988.0,22.0,2024-02-16 14:00:00,OPMC_LIFT,1281360000.0,221.0,223.0,224.0,198.0,204.0,209.0,50.03,0.8788999999999999,2024-02-16 14:20:09.000,2024-02-16 14:20:09.000,2024-02-16 14:20:09.000,728186474.0,5403200.0,1478862549.0,221.0,original,223.0,original,224.0,original,198.0,original,204.0,original,209.0,original,50.03,original,0.8788999999999999,original,728186474.0,original,5403200.0,original,1478862549.0,original,1281360000.0,original,-109.0,original
895015.0,22.0,2024-02-16 14:30:00,OPMC_LIFT,1281550000.0,221.0,223.0,224.0,193.0,199.0,204.0,50.06,0.8775,2024-02-16 14:30:09.000,2024-02-16 14:30:09.000,2024-02-16 14:30:09.000,728293354.0,5403200.0,1479086302.0,221.0,original,223.0,original,224.0,original,193.0,original,199.0,original,204.0,original,50.06,original,0.8775,original,728293354.0,original,5403200.0,original,1479086302.0,original,1281550000.0,original,-114.0,original
895103.0,22.0,2024-02-16 15:00:00,OPMC_LIFT,1282140000.0,221.0,223.0,224.0,194.0,199.0,204.0,50.04,0.8767999999999999,2024-02-16 15:00:08.000,2024-02-16 15:00:08.000,2024-02-16 15:00:08.000,728611549.0,5403200.0,1479750065.0,221.0,original,223.0,original,224.0,original,194.0,original,199.0,original,204.0,original,50.04,original,0.8767999999999999,original,728611549.0,original,5403200.0,original,1479750065.0,original,1282140000.0,original,-114.0,original
895103.0,,2024-02-16 15:30:00,OPMC_LIFT,1282480000.0,223.5,225.0,226.0,98.5,0.0,137.33333333333334,50.045,0.8740999999999999,,,,728798507.5,5403200.0,1480138647.5,223.5,interpolated,225.0,interpolated,226.0,interpolated,98.5,interpolated,0.0,gap_too_large,137.33333333333334,interpolated,50.045,interpolated,0.8740999999999999,interpolated,728798507.5,interpolated,5403200.0,interpolated,1480138647.5,interpolated,1282480000.0,interpolated,-112.0,interpolated
895265.0,22.0,2024-02-16 16:00:00,OPMC_LIFT,1282820000.0,226.0,227.0,228.0,3.0,0.0,70.66666666666669,50.05,0.8714,2024-02-16 16:00:03.000,2024-02-16 16:00:03.000,2024-02-16 16:00:03.000,728985466.0,5403200.0,1480527230.0,226.0,original,227.0,original,228.0,original,3.0,original,0.0,gap_too_large,70.66666666666669,interpolated,50.05,original,0.8714,interpolated,728985466.0,original,5403200.0,original,1480527230.0,original,1282820000.0,original,-110.0,original
895355.0,22.0,2024-02-16 16:30:00,OPMC_LIFT,1282820000.0,227.0,228.0,229.0,4.0,0.0,4.0,50.01,0.8686999999999999,2024-02-16 16:30:05.000,2024-02-16 16:30:05.000,2024-02-16 16:30:05.000,728988000.0,5404112.0,1480534398.0,227.0,original,228.0,original,229.0,original,4.0,original,0.0,gap_too_large,4.0,original,50.01,original,0.8686999999999999,original,728988000.0,original,5404112.0,original,1480534398.0,original,1282820000.0,original,-112.0,original
