id_id,id_n_id,id_time,id_meter_id,id_stand_energy_kirim,id_v1,id_v2,id_v3,id_i1,id_i2,id_i3,id_frequency,id_power_factor,id_create_date,updated_at,created_at,reactive_energy_import,reactive_energy_export,apparent_energy_import,rssi,lokasi
604993,22,2024-01-01 00:00:04,OPMC_LIFT,893038000.0,229,229,231,4,0,4,49.98,0.8674999999999999,2024-01-01 00:00:15.000,2024-01-01 00:00:15.000,2024-01-01 00:00:15.000,504937597.0,3274874.0,1029184270,-106.0,94
605015,22,2024-01-01 00:10:03,OPMC_LIFT,893041000.0,229,229,231,4,0,4,49.96,0.8696999999999999,2024-01-01 00:10:13.000,2024-01-01 00:10:13.000,2024-01-01 00:10:13.000,504938493.0,3275270.0,1029187102,-121.0,94
605049,22,2024-01-01 00:20:03,OPMC_LIFT,893043000.0,229,230,231,4,0,4,49.97,0.8687999999999999,2024-01-01 00:20:19.000,2024-01-01 00:20:19.000,2024-01-01 00:20:19.000,504939389.0,3275674.0,1029189944,-106.0,94
605073,22,2024-01-01 00:30:03,OPMC_LIFT,893046000.0,229,230,231,4,0,4,50.0,0.8688999999999999,2024-01-01 00:30:15.000,2024-01-01 00:30:15.000,2024-01-01 00:30:15.000,504940288.0,3276074.0,1029192785,-107.0,94
605185,22,2024-01-01 01:10:03,OPMC_LIFT,893056000.0,229,230,232,4,0,4,49.99,0.8686999999999999,2024-01-01 01:10:30.000,2024-01-01 01:10:30.000,2024-01-01 01:10:30.000,504943891.0,3277674.0,1029204177,-107.0,94
605255,22,2024-01-01 01:40:03,OPMC_LIFT,893063000.0,229,230,232,4,0,4,50.01,0.8684,2024-01-01 01:40:11.000,2024-01-01 01:40:11.000,2024-01-01 01:40:11.000,504946598.0,3278877.0,1029212728,-108.0,94
605286,22,2024-01-01 01:50:03,OPMC_LIFT,893066000.0,230,230,232,4,0,4,50.0,0.8663,2024-01-01 01:50:15.000,2024-01-01 01:50:15.000,2024-01-01 01:50:15.000,504947504.0,3279277.0,1029215589,-124.0,94
605311,22,2024-01-01 02:00:03,OPMC_LIFT,893068000.0,230,230,232,4,0,4,49.98,0.8674999999999999,2024-01-01 02:00:16.000,2024-01-01 02:00:16.000,2024-01-01 02:00:16.000,504948410.0,3279677.0,1029218446,-101.0,94
605363,22,2024-01-01 02:20:03,OPMC_LIFT,893073000.0,230,230,232,4,0,4,50.0,0.8686999999999999,2024-01-01 02:20:15.000,2024-01-01 02:20:15.000,2024-01-01 02:20:15.000,504950224.0,3280480.0,1029224174,-107.0,94
605413,22,2024-01-01 02:40:03,OPMC_LIFT,893078000.0,230,231,232,4,0,4,50.03,0.8674999999999999,2024-01-01 02:40:16.000,2024-01-01 02:40:16.000,2024-01-01 02:40:16.000,504952045.0,3281280.0,1029229912,-102.0,94
605451,22,2024-01-01 02:50:03,OPMC_LIFT,893080000.0,230,231,233,4,0,4,49.98,0.8680999999999999,2024-01-01 02:50:19.000,2024-01-01 02:50:19.000,2024-01-01 02:50:19.000,504952954.0,3281680.0,1029232785,-111.0,94
605523,22,2024-01-01 03:20:03,OPMC_LIFT,893088000.0,228,228,230,4,0,4,50.04,0.8668999999999999,2024-01-01 03:20:17.000,2024-01-01 03:20:17.000,2024-01-01 03:20:17.000,504955690.0,3282883.0,1029241400,-108.0,94
605530,22,2024-01-01 03:22:36,OPMC_LIFT,893089000.0,228,228,230,4,0,4,49.98,0.8649999999999999,2024-01-01 03:22:46.000,2024-01-01 03:22:46.000,2024-01-01 03:22:46.000,504955917.0,3282986.0,1029242126,-109.0,94
605549,22,2024-01-01 03:30:03,OPMC_LIFT,893090000.0,228,228,230,4,0,4,50.0,0.8666999999999999,2024-01-01 03:30:15.000,2024-01-01 03:30:15.000,2024-01-01 03:30:15.000,504956579.0,3283283.0,1029244222,-109.0,94
605578,22,2024-01-01 03:40:03,OPMC_LIFT,893093000.0,228,229,230,4,0,4,49.98,0.8664,2024-01-01 03:40:14.000,2024-01-01 03:40:14.000,2024-01-01 03:40:14.000,504957466.0,3283683.0,1029247045,-99.0,94
605658,22,2024-01-01 04:10:03,OPMC_LIFT,893100000.0,228,229,230,4,0,4,50.01,0.8683,2024-01-01 04:10:18.000,2024-01-01 04:10:18.000,2024-01-01 04:10:18.000,504960134.0,3284883.0,1029255499,-111.0,94
605686,22,2024-01-01 04:20:03,OPMC_LIFT,893103000.0,228,229,231,4,0,4,50.08,0.8673,2024-01-01 04:20:18.000,2024-01-01 04:20:18.000,2024-01-01 04:20:18.000,504961024.0,3285283.0,1029258321,-101.0,94
605739,22,2024-01-01 04:40:03,OPMC_LIFT,893108000.0,228,229,231,4,0,4,50.08,0.8696999999999999,2024-01-01 04:40:16.000,2024-01-01 04:40:16.000,2024-01-01 04:40:16.000,504962803.0,3286083.0,1029263966,-123.0,94
605769,22,2024-01-01 04:50:03,OPMC_LIFT,893110000.0,228,229,231,4,0,4,50.05,0.8658999999999999,2024-01-01 04:50:15.000,2024-01-01 04:50:15.000,2024-01-01 04:50:15.000,504963693.0,3286486.0,1029266789,-121.0,94
605812,22,2024-01-01 05:10:03,OPMC_LIFT,893115000.0,228,228,230,4,0,4,49.97,0.8685999999999999,2024-01-01 05:10:13.000,2024-01-01 05:10:13.000,2024-01-01 05:10:13.000,504965469.0,3287286.0,1029272427,-109.0,94
605843,22,2024-01-01 05:20:03,OPMC_LIFT,893117000.0,228,228,230,4,0,4,50.03,0.8708999999999999,2024-01-01 05:20:12.000,2024-01-01 05:20:12.000,2024-01-01 05:20:12.000,504966355.0,3287686.0,1029275240,-121.0,94
605894,22,2024-01-01 05:40:03,OPMC_LIFT,893122000.0,228,228,230,4,0,4,50.0,0.8683,2024-01-01 05:40:13.000,2024-01-01 05:40:13.000,2024-01-01 05:40:13.000,504968122.0,3288486.0,1029280846,-119.0,94
605916,22,2024-01-01 05:50:02,OPMC_LIFT,893125000.0,227,228,230,4,0,4,50.0,0.8699999999999999,2024-01-01 05:50:09.000,2024-01-01 05:50:09.000,2024-01-01 05:50:09.000,504969005.0,3288886.0,1029283653,-121.0,94
605950,22,2024-01-01 06:00:03,OPMC_LIFT,893127000.0,228,228,230,4,0,4,50.05,0.8718999999999999,2024-01-01 06:00:12.000,2024-01-01 06:00:12.000,2024-01-01 06:00:12.000,504969888.0,3289286.0,1029286459,-108.0,94
605988,22,2024-01-01 06:10:03,OPMC_LIFT,893129000.0,228,228,230,4,0,4,50.03,0.8655999999999999,2024-01-01 06:10:17.000,2024-01-01 06:10:17.000,2024-01-01 06:10:17.000,504970768.0,3289686.0,1029289259,-120.0,94
606014,22,2024-01-01 06:20:03,OPMC_LIFT,893132000.0,227,228,230,4,0,4,50.03,0.8668999999999999,2024-01-01 06:20:16.000,2024-01-01 06:20:16.000,2024-01-01 06:20:16.000,504971651.0,3290086.0,1029292062,-102.0,94
606031,22,2024-01-01 06:30:03,OPMC_LIFT,893134000.0,227,228,229,4,0,4,50.02,0.8676999999999999,2024-01-01 06:30:12.000,2024-01-01 06:30:12.000,2024-01-01 06:30:12.000,504972531.0,3290486.0,1029294856,-100.0,94
606069,22,2024-01-01 06:40:03,OPMC_LIFT,893137000.0,227,228,229,4,0,4,50.01,0.8686999999999999,2024-01-01 06:40:16.000,2024-01-01 06:40:16.000,2024-01-01 06:40:16.000,504973411.0,3290886.0,1029297656,-121.0,94
606117,22,2024-01-01 07:00:03,OPMC_LIFT,893142000.0,227,228,229,4,0,4,50.05,0.8700999999999999,2024-01-01 07:00:18.000,2024-01-01 07:00:18.000,2024-01-01 07:00:18.000,504975168.0,3291686.0,1029303246,-109.0,94
606137,22,2024-01-01 07:10:03,OPMC_LIFT,893144000.0,227,227,229,4,0,4,49.98,0.8707999999999999,2024-01-01 07:10:11.000,2024-01-01 07:10:11.000,2024-01-01 07:10:11.000,504976048.0,3292090.0,1029306037,-109.0,94
606243,22,2024-01-01 07:50:03,OPMC_LIFT,893154000.0,227,228,229,4,0,4,50.01,0.8684999999999999,2024-01-01 07:50:16.000,2024-01-01 07:50:16.000,2024-01-01 07:50:16.000,504979562.0,3293690.0,1029317208,-102.0,94
606313,22,2024-01-01 08:20:03,OPMC_LIFT,893161000.0,226,227,229,4,0,4,50.01,0.8684999999999999,2024-01-01 08:20:16.000,2024-01-01 08:20:16.000,2024-01-01 08:20:16.000,504982186.0,3294890.0,1029325557,-121.0,94
606337,22,2024-01-01 08:30:02,OPMC_LIFT,893163000.0,226,227,229,4,0,4,49.98,0.8693,2024-01-01 08:30:15.000,2024-01-01 08:30:15.000,2024-01-01 08:30:15.000,504983059.0,3295290.0,1029328334,-109.0,94
606362,22,2024-01-01 08:40:03,OPMC_LIFT,893166000.0,226,227,228,4,0,4,49.96,0.8716999999999999,2024-01-01 08:40:17.000,2024-01-01 08:40:17.000,2024-01-01 08:40:17.000,504983930.0,3295690.0,1029331105,-116.0,94
606387,22,2024-01-01 08:50:03,OPMC_LIFT,893168000.0,226,226,228,4,0,4,49.97,0.8687999999999999,2024-01-01 08:50:12.000,2024-01-01 08:50:12.000,2024-01-01 08:50:12.000,504984797.0,3296086.0,1029333873,-107.0,94
606415,22,2024-01-01 09:00:02,OPMC_LIFT,893171000.0,226,226,228,4,0,4,49.97,0.8690999999999999,2024-01-01 09:00:14.000,2024-01-01 09:00:14.000,2024-01-01 09:00:14.000,504985664.0,3296486.0,1029336632,-108.0,94
606445,22,2024-01-01 09:10:03,OPMC_LIFT,893173000.0,226,226,228,4,0,4,50.02,0.8708999999999999,2024-01-01 09:10:12.000,2024-01-01 09:10:12.000,2024-01-01 09:10:12.000,504986528.0,3296886.0,1029339390,-101.0,94
606525,22,2024-01-01 09:40:03,OPMC_LIFT,893180000.0,225,225,227,4,0,4,50.01,0.8692,2024-01-01 09:40:15.000,2024-01-01 09:40:15.000,2024-01-01 09:40:15.000,504989110.0,3298080.0,1029347630,-108.0,94
606547,22,2024-01-01 09:50:03,OPMC_LIFT,893183000.0,225,225,227,4,0,4,49.95,0.8683,2024-01-01 09:50:14.000,2024-01-01 09:50:14.000,2024-01-01 09:50:14.000,504989968.0,3298477.0,1029350363,-121.0,94
606650,22,2024-01-01 10:30:03,OPMC_LIFT,893192000.0,226,227,228,4,0,4,50.0,0.8695999999999999,2024-01-01 10:30:13.000,2024-01-01 10:30:13.000,2024-01-01 10:30:13.000,504993443.0,3300070.0,1029361432,-100.0,94
606684,22,2024-01-01 10:40:03,OPMC_LIFT,893195000.0,226,227,228,4,0,4,49.98,0.8679999999999999,2024-01-01 10:40:17.000,2024-01-01 10:40:17.000,2024-01-01 10:40:17.000,504994314.0,3300470.0,1029364197,-105.0,94
606734,22,2024-01-01 11:00:03,OPMC_LIFT,893199000.0,226,227,228,4,0,4,50.01,0.8688999999999999,2024-01-01 11:00:17.000,2024-01-01 11:00:17.000,2024-01-01 11:00:17.000,504996051.0,3301267.0,1029369720,-102.0,94
606785,22,2024-01-01 11:20:03,OPMC_LIFT,893204000.0,226,227,228,4,0,4,50.0,0.8684999999999999,2024-01-01 11:20:16.000,2024-01-01 11:20:16.000,2024-01-01 11:20:16.000,504997782.0,3302064.0,1029375240,-108.0,94
606788,22,2024-01-01 11:21:22,OPMC_LIFT,893205000.0,226,226,228,4,0,4,49.96,0.8690999999999999,2024-01-01 11:21:30.000,2024-01-01 11:21:30.000,2024-01-01 11:21:30.000,504997898.0,3302115.0,1029375605,-108.0,94
606809,22,2024-01-01 11:30:03,OPMC_LIFT,893207000.0,226,227,228,4,0,4,50.03,0.8680999999999999,2024-01-01 11:30:15.000,2024-01-01 11:30:15.000,2024-01-01 11:30:15.000,504998650.0,3302461.0,1029378001,-99.0,94
606863,22,2024-01-01 11:50:03,OPMC_LIFT,893211000.0,226,227,228,4,0,4,50.01,0.8683,2024-01-01 11:50:13.000,2024-01-01 11:50:13.000,2024-01-01 11:50:13.000,505000384.0,3303258.0,1029383518,-105.0,94
606889,22,2024-01-01 12:00:02,OPMC_LIFT,893214000.0,226,226,228,4,0,4,50.01,0.8714,2024-01-01 12:00:13.000,2024-01-01 12:00:13.000,2024-01-01 12:00:13.000,505001248.0,3303654.0,1029386273,-101.0,94
606914,22,2024-01-01 12:10:03,OPMC_LIFT,893216000.0,226,227,228,4,0,4,49.96,0.8680999999999999,2024-01-01 12:10:14.000,2024-01-01 12:10:14.000,2024-01-01 12:10:14.000,505002115.0,3304051.0,1029389032,-102.0,94
606935,22,2024-01-01 12:20:03,OPMC_LIFT,893219000.0,226,226,228,4,0,4,49.99,0.8700999999999999,2024-01-01 12:20:18.000,2024-01-01 12:20:18.000,2024-01-01 12:20:18.000,505002982.0,3304451.0,1029391790,-107.0,94
606957,22,2024-01-01 12:30:03,OPMC_LIFT,893221000.0,226,227,228,4,0,4,49.98,0.8688999999999999,2024-01-01 12:30:14.000,2024-01-01 12:30:14.000,2024-01-01 12:30:14.000,505003846.0,3304848.0,1029394545,-106.0,94
607014,22,2024-01-01 12:50:03,OPMC_LIFT,893226000.0,226,227,228,4,0,4,50.0,0.8682,2024-01-01 12:50:11.000,2024-01-01 12:50:11.000,2024-01-01 12:50:11.000,505005581.0,3305645.0,1029400062,-100.0,94
607064,22,2024-01-01 13:10:03,OPMC_LIFT,893231000.0,226,226,228,4,0,4,49.95,0.8689999999999999,2024-01-01 13:10:14.000,2024-01-01 13:10:14.000,2024-01-01 13:10:14.000,505007309.0,3306438.0,1029405576,-105.0,94
607094,22,2024-01-01 13:20:03,OPMC_LIFT,893233000.0,226,226,228,4,0,4,50.0,0.8702,2024-01-01 13:20:15.000,2024-01-01 13:20:15.000,2024-01-01 13:20:15.000,505008173.0,3306835.0,1029408328,-121.0,94
607161,22,2024-01-01 13:50:03,OPMC_LIFT,893240000.0,225,226,228,4,0,4,49.95,0.8686999999999999,2024-01-01 13:50:11.000,2024-01-01 13:50:11.000,2024-01-01 13:50:11.000,505010765.0,3308029.0,1029416581,-105.0,94
607217,22,2024-01-01 14:10:03,OPMC_LIFT,893245000.0,225,226,228,4,0,4,49.99,0.8670999999999999,2024-01-01 14:10:17.000,2024-01-01 14:10:17.000,2024-01-01 14:10:17.000,505012490.0,3308826.0,1029422078,-120.0,94
607239,22,2024-01-01 14:20:03,OPMC_LIFT,893247000.0,225,226,228,4,0,4,50.0,0.8683,2024-01-01 14:20:13.000,2024-01-01 14:20:13.000,2024-01-01 14:20:13.000,505013350.0,3309222.0,1029424827,-108.0,94
607303,22,2024-01-01 14:40:03,OPMC_LIFT,893252000.0,226,226,228,4,0,4,49.98,0.8682,2024-01-01 14:40:16.000,2024-01-01 14:40:16.000,2024-01-01 14:40:16.000,505015075.0,3310019.0,1029430325,-107.0,94
607333,22,2024-01-01 14:50:03,OPMC_LIFT,893254000.0,226,226,228,4,0,4,49.97,0.8688999999999999,2024-01-01 14:50:18.000,2024-01-01 14:50:18.000,2024-01-01 14:50:18.000,505015939.0,3310416.0,1029433073,-120.0,94
607384,22,2024-01-01 15:10:03,OPMC_LIFT,893259000.0,226,226,228,4,0,4,50.01,0.8683,2024-01-01 15:10:15.000,2024-01-01 15:10:15.000,2024-01-01 15:10:15.000,505017667.0,3311213.0,1029438577,-107.0,94
607437,22,2024-01-01 15:30:03,OPMC_LIFT,893264000.0,225,226,228,4,0,4,49.97,0.8690999999999999,2024-01-01 15:30:13.000,2024-01-01 15:30:13.000,2024-01-01 15:30:13.000,505019392.0,3312006.0,1029444078,-97.0,94
607458,22,2024-01-01 15:40:03,OPMC_LIFT,893266000.0,226,226,228,4,0,4,50.02,0.8683,2024-01-01 15:40:15.000,2024-01-01 15:40:15.000,2024-01-01 15:40:15.000,505020253.0,3312403.0,1029446824,-107.0,94
607487,22,2024-01-01 15:50:03,OPMC_LIFT,893269000.0,225,226,228,4,0,4,49.99,0.8690999999999999,2024-01-01 15:50:19.000,2024-01-01 15:50:19.000,2024-01-01 15:50:19.000,505021114.0,3312800.0,1029449573,-106.0,94
607511,22,2024-01-01 16:00:03,OPMC_LIFT,893271000.0,225,226,227,4,0,4,49.95,0.8690999999999999,2024-01-01 16:00:14.000,2024-01-01 16:00:14.000,2024-01-01 16:00:14.000,505021978.0,3313197.0,1029452318,-108.0,94
607643,22,2024-01-01 16:50:03,OPMC_LIFT,893283000.0,226,226,228,4,0,4,50.01,0.8659999999999999,2024-01-01 16:50:11.000,2024-01-01 16:50:11.000,2024-01-01 16:50:11.000,505026288.0,3315190.0,1029466065,-100.0,94
607675,22,2024-01-01 17:00:03,OPMC_LIFT,893286000.0,226,226,228,4,0,4,50.03,0.8683,2024-01-01 17:00:15.000,2024-01-01 17:00:15.000,2024-01-01 17:00:15.000,505027149.0,3315587.0,1029468811,-108.0,94
607731,22,2024-01-01 17:20:03,OPMC_LIFT,893290000.0,225,226,228,4,0,4,50.03,0.8666999999999999,2024-01-01 17:20:16.000,2024-01-01 17:20:16.000,2024-01-01 17:20:16.000,505028870.0,3316384.0,1029474309,-108.0,94
607755,22,2024-01-01 17:30:03,OPMC_LIFT,893293000.0,225,226,227,4,0,4,50.02,0.8674,2024-01-01 17:30:14.000,2024-01-01 17:30:14.000,2024-01-01 17:30:14.000,505029731.0,3316781.0,1029477051,-100.0,94
607796,22,2024-01-01 17:50:02,OPMC_LIFT,893297000.0,225,226,227,4,0,4,49.95,0.8680999999999999,2024-01-01 17:50:10.000,2024-01-01 17:50:10.000,2024-01-01 17:50:10.000,505031446.0,3317578.0,1029482529,-105.0,94
607833,22,2024-01-01 18:00:02,OPMC_LIFT,893300000.0,225,225,227,4,0,3,50.0,0.8686999999999999,2024-01-01 18:00:15.000,2024-01-01 18:00:15.000,2024-01-01 18:00:15.000,505032301.0,3317974.0,1029485262,-123.0,94
607919,22,2024-01-01 18:30:03,OPMC_LIFT,893307000.0,227,228,229,4,0,4,49.98,0.8687999999999999,2024-01-01 18:30:17.000,2024-01-01 18:30:17.000,2024-01-01 18:30:17.000,505034906.0,3319165.0,1029493553,-103.0,94
607986,22,2024-01-01 19:00:03,OPMC_LIFT,893314000.0,227,228,229,4,0,4,49.99,0.8695999999999999,2024-01-01 19:00:10.000,2024-01-01 19:00:10.000,2024-01-01 19:00:10.000,505037542.0,3320358.0,1029501925,-120.0,94
608045,22,2024-01-01 19:20:03,OPMC_LIFT,893319000.0,227,228,229,4,0,4,50.01,0.8703,2024-01-01 19:20:15.000,2024-01-01 19:20:15.000,2024-01-01 19:20:15.000,505039299.0,3321155.0,1029507505,-121.0,94
608077,22,2024-01-01 19:30:03,OPMC_LIFT,893322000.0,227,228,229,4,0,4,50.03,0.8678999999999999,2024-01-01 19:30:13.000,2024-01-01 19:30:13.000,2024-01-01 19:30:13.000,505040179.0,3321552.0,1029510302,-123.0,94
608122,22,2024-01-01 19:50:03,OPMC_LIFT,893326000.0,227,228,229,4,0,4,49.97,0.8694999999999999,2024-01-01 19:50:13.000,2024-01-01 19:50:13.000,2024-01-01 19:50:13.000,505041939.0,3322349.0,1029515889,-120.0,94
608175,22,2024-01-01 20:10:03,OPMC_LIFT,893331000.0,227,228,230,4,0,4,50.02,0.8684,2024-01-01 20:10:12.000,2024-01-01 20:10:12.000,2024-01-01 20:10:12.000,505043699.0,3323146.0,1029521477,-123.0,94
608230,22,2024-01-01 20:30:03,OPMC_LIFT,893336000.0,227,228,229,4,0,4,49.99,0.8674,2024-01-01 20:30:15.000,2024-01-01 20:30:15.000,2024-01-01 20:30:15.000,505045462.0,3323942.0,1029527070,-121.0,94
608255,22,2024-01-01 20:40:03,OPMC_LIFT,893339000.0,227,228,230,4,0,4,49.97,0.8660999999999999,2024-01-01 20:40:12.000,2024-01-01 20:40:12.000,2024-01-01 20:40:12.000,505046342.0,3324342.0,1029529864,-97.0,94
608287,22,2024-01-01 20:50:03,OPMC_LIFT,893341000.0,227,228,229,4,0,4,49.97,0.8698999999999999,2024-01-01 20:50:17.000,2024-01-01 20:50:17.000,2024-01-01 20:50:17.000,505047222.0,3324742.0,1029532661,-121.0,94
608311,22,2024-01-01 21:00:03,OPMC_LIFT,893343000.0,227,228,230,4,0,4,49.98,0.8714999999999999,2024-01-01 21:00:12.000,2024-01-01 21:00:12.000,2024-01-01 21:00:12.000,505048106.0,3325142.0,1029535457,-106.0,94
608334,22,2024-01-01 21:10:03,OPMC_LIFT,893346000.0,227,228,230,4,0,4,49.95,0.8694999999999999,2024-01-01 21:10:12.000,2024-01-01 21:10:12.000,2024-01-01 21:10:12.000,505048989.0,3325542.0,1029538261,-100.0,94
608391,22,2024-01-01 21:30:03,OPMC_LIFT,893351000.0,228,228,230,4,0,4,49.99,0.8703,2024-01-01 21:30:11.000,2024-01-01 21:30:11.000,2024-01-01 21:30:11.000,505050765.0,3326339.0,1029543883,-108.0,94
608443,22,2024-01-01 21:50:03,OPMC_LIFT,893356000.0,228,229,231,4,0,4,50.02,0.8667999999999999,2024-01-01 21:50:13.000,2024-01-01 21:50:13.000,2024-01-01 21:50:13.000,505052544.0,3327139.0,1029549528,-101.0,94
608502,22,2024-01-01 22:10:03,OPMC_LIFT,893361000.0,229,230,232,4,0,4,50.03,0.8696999999999999,2024-01-01 22:10:19.000,2024-01-01 22:10:19.000,2024-01-01 22:10:19.000,505054342.0,3327939.0,1029555208,-121.0,94
608525,22,2024-01-01 22:20:03,OPMC_LIFT,893363000.0,229,230,232,4,0,4,49.99,0.8694,2024-01-01 22:20:15.000,2024-01-01 22:20:15.000,2024-01-01 22:20:15.000,505055242.0,3328336.0,1029558056,-107.0,94
608551,22,2024-01-01 22:30:03,OPMC_LIFT,893366000.0,229,230,232,4,0,4,50.01,0.8664,2024-01-01 22:30:16.000,2024-01-01 22:30:16.000,2024-01-01 22:30:16.000,505056147.0,3328736.0,1029560913,-101.0,94
608606,22,2024-01-01 22:50:03,OPMC_LIFT,893370000.0,230,230,232,4,0,4,50.07,0.8690999999999999,2024-01-01 22:50:17.000,2024-01-01 22:50:17.000,2024-01-01 22:50:17.000,505057958.0,3329536.0,1029566625,-106.0,94
608630,22,2024-01-01 23:00:03,OPMC_LIFT,893373000.0,230,230,233,4,0,4,50.04,0.8682,2024-01-01 23:00:19.000,2024-01-01 23:00:19.000,2024-01-01 23:00:19.000,505058867.0,3329936.0,1029569493,-121.0,94
608653,22,2024-01-01 23:10:03,OPMC_LIFT,893375000.0,227,228,230,4,0,4,50.01,0.8670999999999999,2024-01-01 23:10:15.000,2024-01-01 23:10:15.000,2024-01-01 23:10:15.000,505059750.0,3330336.0,1029572302,-102.0,94
608703,22,2024-01-01 23:30:03,OPMC_LIFT,893380000.0,228,228,230,4,0,4,50.03,0.8694999999999999,2024-01-01 23:30:15.000,2024-01-01 23:30:15.000,2024-01-01 23:30:15.000,505061523.0,3331136.0,1029577925,-121.0,94
608727,22,2024-01-01 23:40:03,OPMC_LIFT,893383000.0,228,229,231,4,0,4,50.03,0.8686999999999999,2024-01-01 23:40:16.000,2024-01-01 23:40:16.000,2024-01-01 23:40:16.000,505062413.0,3331536.0,1029580744,-106.0,94
608749,22,2024-01-01 23:50:03,OPMC_LIFT,893385000.0,228,229,231,4,0,4,50.05,0.8705999999999999,2024-01-01 23:50:11.000,2024-01-01 23:50:11.000,2024-01-01 23:50:11.000,505063302.0,3331933.0,1029583566,-101.0,94
608777,22,2024-01-02 00:00:03,OPMC_LIFT,893388000.0,228,229,231,4,0,4,50.03,0.8694999999999999,2024-01-02 00:00:15.000,2024-01-02 00:00:15.000,2024-01-02 00:00:15.000,505064195.0,3332333.0,1029586392,-102.0,94
608848,22,2024-01-02 00:30:02,OPMC_LIFT,893395000.0,228,229,231,4,0,4,50.03,0.8692,2024-01-02 00:30:13.000,2024-01-02 00:30:13.000,2024-01-02 00:30:13.000,505066877.0,3333533.0,1029594881,-101.0,94
608874,22,2024-01-02 00:40:02,OPMC_LIFT,893398000.0,229,229,231,4,0,4,50.0,0.8700999999999999,2024-01-02 00:40:14.000,2024-01-02 00:40:14.000,2024-01-02 00:40:14.000,505067770.0,3333930.0,1029597717,-123.0,94
608893,22,2024-01-02 00:50:02,OPMC_LIFT,893400000.0,229,229,231,4,0,4,50.02,0.8672,2024-01-02 00:50:15.000,2024-01-02 00:50:15.000,2024-01-02 00:50:15.000,505068669.0,3334330.0,1029600552,-108.0,94
608918,22,2024-01-02 01:00:03,OPMC_LIFT,893402000.0,229,229,231,4,0,4,50.0,0.8683,2024-01-02 01:00:15.000,2024-01-02 01:00:15.000,2024-01-02 01:00:15.000,505069568.0,3334730.0,1029603397,-118.0,94
608971,22,2024-01-02 01:20:03,OPMC_LIFT,893407000.0,229,229,231,4,0,4,50.02,0.8672,2024-01-02 01:20:14.000,2024-01-02 01:20:14.000,2024-01-02 01:20:14.000,505071363.0,3335530.0,1029609077,-106.0,94
608995,22,2024-01-02 01:30:03,OPMC_LIFT,893410000.0,229,229,231,4,0,4,50.01,0.8699999999999999,2024-01-02 01:30:13.000,2024-01-02 01:30:13.000,2024-01-02 01:30:13.000,505072259.0,3335930.0,1029611915,-123.0,94
609045,22,2024-01-02 01:50:03,OPMC_LIFT,893415000.0,229,230,232,4,0,4,50.04,0.8680999999999999,2024-01-02 01:50:15.000,2024-01-02 01:50:15.000,2024-01-02 01:50:15.000,505074058.0,3336730.0,1029617601,-121.0,94
609166,22,2024-01-02 02:40:03,OPMC_LIFT,893427000.0,229,230,232,4,0,4,50.01,0.8657999999999999,2024-01-02 02:40:12.000,2024-01-02 02:40:12.000,2024-01-02 02:40:12.000,505078570.0,3338730.0,1029631870,-108.0,94
609190,22,2024-01-02 02:50:03,OPMC_LIFT,893430000.0,230,230,232,4,0,4,50.01,0.8690999999999999,2024-01-02 02:50:11.000,2024-01-02 02:50:11.000,2024-01-02 02:50:11.000,505079475.0,3339130.0,1029634725,-121.0,94
609242,22,2024-01-02 03:10:03,OPMC_LIFT,893435000.0,230,230,232,4,0,4,49.97,0.8657999999999999,2024-01-02 03:10:17.000,2024-01-02 03:10:17.000,2024-01-02 03:10:17.000,505081290.0,3339930.0,1029640449,-103.0,94
609267,22,2024-01-02 03:20:03,OPMC_LIFT,893437000.0,230,230,232,4,0,4,49.97,0.8665999999999999,2024-01-02 03:20:16.000,2024-01-02 03:20:16.000,2024-01-02 03:20:16.000,505082198.0,3340330.0,1029643313,-106.0,94
609291,22,2024-01-02 03:30:03,OPMC_LIFT,893440000.0,230,230,232,4,0,4,49.97,0.8694,2024-01-02 03:30:12.000,2024-01-02 03:30:12.000,2024-01-02 03:30:12.000,505083104.0,3340730.0,1029646177,-121.0,94
609315,22,2024-01-02 03:40:03,OPMC_LIFT,893442000.0,230,230,232,4,0,4,49.99,0.8679999999999999,2024-01-02 03:40:18.000,2024-01-02 03:40:18.000,2024-01-02 03:40:18.000,505084013.0,3341130.0,1029649038,-106.0,94
609339,22,2024-01-02 03:50:03,OPMC_LIFT,893445000.0,230,230,232,4,0,4,50.02,0.8700999999999999,2024-01-02 03:50:12.000,2024-01-02 03:50:12.000,2024-01-02 03:50:12.000,505084918.0,3341530.0,1029651902,-99.0,94
609409,22,2024-01-02 04:20:03,OPMC_LIFT,893452000.0,229,230,232,4,0,4,49.98,0.8709999999999999,2024-01-02 04:20:13.000,2024-01-02 04:20:13.000,2024-01-02 04:20:13.000,505087642.0,3342730.0,1029660481,-121.0,94
609428,22,2024-01-02 04:30:03,OPMC_LIFT,893454000.0,229,230,232,4,0,4,49.98,0.8678999999999999,2024-01-02 04:30:10.000,2024-01-02 04:30:10.000,2024-01-02 04:30:10.000,505088544.0,3343130.0,1029663339,-123.0,94
609459,22,2024-01-02 04:40:03,OPMC_LIFT,893457000.0,229,230,232,4,0,4,49.97,0.8674999999999999,2024-01-02 04:40:17.000,2024-01-02 04:40:17.000,2024-01-02 04:40:17.000,505089450.0,3343530.0,1029666190,-108.0,94
609505,22,2024-01-02 05:00:03,OPMC_LIFT,893462000.0,229,229,231,4,0,4,49.99,0.8662,2024-01-02 05:00:18.000,2024-01-02 05:00:18.000,2024-01-02 05:00:18.000,505091251.0,3344330.0,1029671889,-101.0,94
609550,22,2024-01-02 05:20:02,OPMC_LIFT,893467000.0,228,229,230,4,0,4,49.99,0.8690999999999999,2024-01-02 05:20:17.000,2024-01-02 05:20:17.000,2024-01-02 05:20:17.000,505093040.0,3345130.0,1029677544,-108.0,94
609564,22,2024-01-02 05:30:02,OPMC_LIFT,893469000.0,227,228,230,4,0,4,49.97,0.8679999999999999,2024-01-02 05:30:12.000,2024-01-02 05:30:12.000,2024-01-02 05:30:12.000,505093930.0,3345530.0,1029680353,-120.0,94
609639,22,2024-01-02 06:00:03,OPMC_LIFT,893477000.0,226,227,228,4,0,4,50.0,0.8704,2024-01-02 06:00:15.000,2024-01-02 06:00:15.000,2024-01-02 06:00:15.000,505096570.0,3346730.0,1029688744,-123.0,94
609667,22,2024-01-02 06:10:03,OPMC_LIFT,893479000.0,225,226,228,4,0,4,49.97,0.8718999999999999,2024-01-02 06:10:15.000,2024-01-02 06:10:15.000,2024-01-02 06:10:15.000,505097437.0,3347126.0,1029691512,-106.0,94
609690,22,2024-01-02 06:20:03,OPMC_LIFT,893481000.0,225,225,227,4,0,4,49.98,0.8683,2024-01-02 06:20:16.000,2024-01-02 06:20:16.000,2024-01-02 06:20:16.000,505098301.0,3347526.0,1029694261,-119.0,94
609746,22,2024-01-02 06:40:03,OPMC_LIFT,893486000.0,225,226,227,4,0,4,49.99,0.8713,2024-01-02 06:40:17.000,2024-01-02 06:40:17.000,2024-01-02 06:40:17.000,505100010.0,3348323.0,1029699726,-103.0,94
609817,22,2024-01-02 07:10:03,OPMC_LIFT,893493000.0,226,226,228,4,0,4,50.02,0.8743,2024-01-02 07:10:13.000,2024-01-02 07:10:13.000,2024-01-02 07:10:13.000,505102582.0,3349520.0,1029707934,-120.0,94
609841,22,2024-01-02 07:20:03,OPMC_LIFT,893496000.0,224,225,227,4,0,4,49.99,0.8697999999999999,2024-01-02 07:20:14.000,2024-01-02 07:20:14.000,2024-01-02 07:20:14.000,505103440.0,3349917.0,1029710677,-106.0,94
609868,22,2024-01-02 07:30:03,OPMC_LIFT,893498000.0,224,225,227,4,0,4,49.99,0.8704,2024-01-02 07:30:11.000,2024-01-02 07:30:11.000,2024-01-02 07:30:11.000,505104291.0,3350314.0,1029713393,-121.0,94
609923,22,2024-01-02 07:50:03,OPMC_LIFT,893503000.0,225,226,228,4,0,4,49.98,0.8679999999999999,2024-01-02 07:50:15.000,2024-01-02 07:50:15.000,2024-01-02 07:50:15.000,505106016.0,3351107.0,1029718878,-109.0,94
609945,22,2024-01-02 08:00:03,OPMC_LIFT,893505000.0,224,225,226,4,0,4,49.98,0.8730999999999999,2024-01-02 08:00:13.000,2024-01-02 08:00:13.000,2024-01-02 08:00:13.000,505106874.0,3351504.0,1029721614,-107.0,94
610019,22,2024-01-02 08:30:03,OPMC_LIFT,893512000.0,225,226,227,4,0,4,49.99,0.8664999999999999,2024-01-02 08:30:13.000,2024-01-02 08:30:13.000,2024-01-02 08:30:13.000,505109443.0,3352698.0,1029729813,-104.0,94
610045,22,2024-01-02 08:40:03,OPMC_LIFT,893668000.0,220,222,223,260,271,269,50.01,0.8266999999999999,2024-01-02 08:40:14.000,2024-01-02 08:40:14.000,2024-01-02 08:40:14.000,505206528.0,3352714.0,1029914945,-99.0,94
610069,22,2024-01-02 08:50:03,OPMC_LIFT,894004000.0,219,221,223,381,401,399,49.97,0.8722,2024-01-02 08:50:12.000,2024-01-02 08:50:12.000,2024-01-02 08:50:12.000,505404800.0,3352714.0,1030305425,-101.0,94
610088,22,2024-01-02 09:00:03,OPMC_LIFT,894374000.0,220,222,224,363,383,381,50.02,0.8682,2024-01-02 09:00:12.000,2024-01-02 09:00:12.000,2024-01-02 09:00:12.000,505614989.0,3352714.0,1030731253,-121.0,94
610122,22,2024-01-02 09:10:03,OPMC_LIFT,894637000.0,219,222,223,367,387,385,49.95,0.8687999999999999,2024-01-02 09:10:16.000,2024-01-02 09:10:16.000,2024-01-02 09:10:16.000,505771466.0,3352714.0,1031037637,-108.0,94
610143,22,2024-01-02 09:20:03,OPMC_LIFT,894915000.0,222,224,225,199,207,209,49.97,0.8606999999999999,2024-01-02 09:20:13.000,2024-01-02 09:20:13.000,2024-01-02 09:20:13.000,505931987.0,3352714.0,1031358305,-94.0,94
610170,22,2024-01-02 09:30:03,OPMC_LIFT,895185000.0,222,223,225,197,205,208,49.97,0.8608999999999999,2024-01-02 09:30:13.000,2024-01-02 09:30:13.000,2024-01-02 09:30:13.000,506098643.0,3352714.0,1031675067,-120.0,94
610220,22,2024-01-02 09:50:03,OPMC_LIFT,895667000.0,219,222,223,303,320,319,49.96,0.846,2024-01-02 09:50:13.000,2024-01-02 09:50:13.000,2024-01-02 09:50:13.000,506388787.0,3352714.0,1032238497,-109.0,94
610245,22,2024-01-02 10:00:03,OPMC_LIFT,895922000.0,219,221,222,296,315,313,49.98,0.8472999999999999,2024-01-02 10:00:16.000,2024-01-02 10:00:16.000,2024-01-02 10:00:16.000,506540282.0,3352714.0,1032535461,-120.0,94
610294,22,2024-01-02 10:20:03,OPMC_LIFT,896437000.0,223,224,226,203,210,212,50.01,0.8614999999999999,2024-01-02 10:20:11.000,2024-01-02 10:20:11.000,2024-01-02 10:20:11.000,506846413.0,3352714.0,1033135531,-107.0,94
610350,22,2024-01-02 10:40:03,OPMC_LIFT,896941000.0,221,223,224,311,330,328,50.02,0.8514999999999999,2024-01-02 10:40:16.000,2024-01-02 10:40:16.000,2024-01-02 10:40:16.000,507157914.0,3352714.0,1033729067,-103.0,94
610372,22,2024-01-02 10:50:03,OPMC_LIFT,897180000.0,222,224,225,204,213,214,49.96,0.8623,2024-01-02 10:50:14.000,2024-01-02 10:50:14.000,2024-01-02 10:50:14.000,507300333.0,3352714.0,1034006926,-120.0,94
610400,22,2024-01-02 11:00:03,OPMC_LIFT,897455000.0,222,224,226,203,209,211,49.99,0.8722,2024-01-02 11:00:15.000,2024-01-02 11:00:15.000,2024-01-02 11:00:15.000,507471114.0,3352714.0,1034330757,-108.0,94
610426,22,2024-01-02 11:10:03,OPMC_LIFT,897709000.0,220,222,223,380,401,397,50.0,0.8722,2024-01-02 11:10:13.000,2024-01-02 11:10:13.000,2024-01-02 11:10:13.000,507621267.0,3352714.0,1034627077,-100.0,94
610453,22,2024-01-02 11:20:03,OPMC_LIFT,897941000.0,221,223,224,301,319,317,49.98,0.8448999999999999,2024-01-02 11:20:13.000,2024-01-02 11:20:13.000,2024-01-02 11:20:13.000,507762022.0,3352714.0,1034898478,-99.0,94
610478,22,2024-01-02 11:30:02,OPMC_LIFT,898209000.0,223,224,226,211,216,219,50.02,0.8726999999999999,2024-01-02 11:30:11.000,2024-01-02 11:30:11.000,2024-01-02 11:30:11.000,507919101.0,3352714.0,1035208977,-108.0,94
610500,22,2024-01-02 11:40:02,OPMC_LIFT,898483000.0,223,225,226,203,211,213,50.0,0.8612,2024-01-02 11:40:11.000,2024-01-02 11:40:11.000,2024-01-02 11:40:11.000,508083216.0,3352714.0,1035529083,-119.0,94
610639,22,2024-01-02 12:30:03,OPMC_LIFT,899787000.0,224,226,228,206,213,216,49.92,0.8694,2024-01-02 12:30:20.000,2024-01-02 12:30:20.000,2024-01-02 12:30:20.000,508883011.0,3352714.0,1037059877,-100.0,94
610709,22,2024-01-02 13:00:03,OPMC_LIFT,900574000.0,223,225,226,202,211,212,50.04,0.8613,2024-01-02 13:00:14.000,2024-01-02 13:00:14.000,2024-01-02 13:00:14.000,509366694.0,3352714.0,1037985134,-108.0,94
610737,22,2024-01-02 13:10:02,OPMC_LIFT,900827000.0,220,222,223,323,341,338,50.04,0.8595999999999999,2024-01-02 13:10:12.000,2024-01-02 13:10:12.000,2024-01-02 13:10:12.000,509521760.0,3352714.0,1038282600,-121.0,94
610784,22,2024-01-02 13:30:02,OPMC_LIFT,901322000.0,220,222,224,211,217,220,49.99,0.8765999999999999,2024-01-02 13:30:17.000,2024-01-02 13:30:17.000,2024-01-02 13:30:17.000,509810621.0,3352714.0,1038855870,-106.0,94
610813,22,2024-01-02 13:40:02,OPMC_LIFT,901586000.0,221,222,224,204,212,214,50.01,0.8658999999999999,2024-01-02 13:40:17.000,2024-01-02 13:40:17.000,2024-01-02 13:40:17.000,509965677.0,3352714.0,1039162021,-107.0,94
610883,22,2024-01-02 14:10:03,OPMC_LIFT,902376000.0,218,220,222,380,399,396,50.01,0.8737999999999999,2024-01-02 14:10:14.000,2024-01-02 14:10:14.000,2024-01-02 14:10:14.000,510437933.0,3352714.0,1040084030,-121.0,94
610909,22,2024-01-02 14:20:03,OPMC_LIFT,902633000.0,218,220,222,384,405,401,50.02,0.8742,2024-01-02 14:20:14.000,2024-01-02 14:20:14.000,2024-01-02 14:20:14.000,510588234.0,3352714.0,1040381950,-121.0,94
610971,22,2024-01-02 14:40:03,OPMC_LIFT,903115000.0,221,222,224,242,257,257,50.02,0.8099999999999999,2024-01-02 14:40:14.000,2024-01-02 14:40:14.000,2024-01-02 14:40:14.000,510877965.0,3352714.0,1040945083,-98.0,94
610998,22,2024-01-02 14:50:03,OPMC_LIFT,903377000.0,220,223,224,227,240,241,49.98,0.7925,2024-01-02 14:50:12.000,2024-01-02 14:50:12.000,2024-01-02 14:50:12.000,511032218.0,3352714.0,1041248753,-109.0,94
611022,22,2024-01-02 15:00:03,OPMC_LIFT,903664000.0,222,224,225,204,210,212,50.01,0.8726999999999999,2024-01-02 15:00:12.000,2024-01-02 15:00:12.000,2024-01-02 15:00:12.000,511209008.0,3352714.0,1041586411,-103.0,94
611053,22,2024-01-02 15:10:03,OPMC_LIFT,903910000.0,222,223,225,199,207,209,49.98,0.8623999999999999,2024-01-02 15:10:15.000,2024-01-02 15:10:15.000,2024-01-02 15:10:15.000,511357562.0,3352714.0,1041874587,-119.0,94
611076,22,2024-01-02 15:20:03,OPMC_LIFT,904152000.0,220,222,223,304,322,320,49.97,0.8507999999999999,2024-01-02 15:20:15.000,2024-01-02 15:20:15.000,2024-01-02 15:20:15.000,511508102.0,3352714.0,1042160136,-103.0,94
611152,22,2024-01-02 15:50:03,OPMC_LIFT,904878000.0,222,223,225,203,211,213,50.04,0.8648999999999999,2024-01-02 15:50:14.000,2024-01-02 15:50:14.000,2024-01-02 15:50:14.000,511945366.0,3352714.0,1043007656,-123.0,94
611201,22,2024-01-02 16:10:03,OPMC_LIFT,905086000.0,226,227,229,0,0,0,49.94,1.0,2024-01-02 16:10:16.000,2024-01-02 16:10:16.000,2024-01-02 16:10:16.000,512073965.0,3352714.0,1043251912,-107.0,94
611227,22,2024-01-02 16:20:03,OPMC_LIFT,905086000.0,226,227,229,0,0,0,49.93,1.0,2024-01-02 16:20:13.000,2024-01-02 16:20:13.000,2024-01-02 16:20:13.000,512073965.0,3352714.0,1043251912,-108.0,94
611332,22,2024-01-02 17:00:03,OPMC_LIFT,905093000.0,229,230,231,4,0,4,50.06,0.8677999999999999,2024-01-02 17:00:18.000,2024-01-02 17:00:18.000,2024-01-02 17:00:18.000,512076627.0,3353795.0,1043259915,-106.0,94
611359,22,2024-01-02 17:10:03,OPMC_LIFT,905095000.0,228,228,230,4,0,4,50.0,0.8667999999999999,2024-01-02 17:10:13.000,2024-01-02 17:10:13.000,2024-01-02 17:10:13.000,512077517.0,3354195.0,1043262737,-119.0,94
611383,22,2024-01-02 17:20:03,OPMC_LIFT,905098000.0,228,229,230,4,0,4,50.03,0.8692,2024-01-02 17:20:14.000,2024-01-02 17:20:14.000,2024-01-02 17:20:14.000,512078403.0,3354595.0,1043265541,-105.0,94
611436,22,2024-01-02 17:40:03,OPMC_LIFT,905102000.0,228,229,231,4,0,4,50.03,0.8684,2024-01-02 17:40:14.000,2024-01-02 17:40:14.000,2024-01-02 17:40:14.000,512080179.0,3355395.0,1043271176,-105.0,94
611464,22,2024-01-02 17:50:03,OPMC_LIFT,905105000.0,228,229,231,4,0,4,50.0,0.8683,2024-01-02 17:50:14.000,2024-01-02 17:50:14.000,2024-01-02 17:50:14.000,512081072.0,3355795.0,1043273998,-102.0,94
611518,22,2024-01-02 18:10:03,OPMC_LIFT,905110000.0,227,228,229,4,0,4,49.98,0.8680999999999999,2024-01-02 18:10:15.000,2024-01-02 18:10:15.000,2024-01-02 18:10:15.000,512082874.0,3356595.0,1043279688,-106.0,94
611544,22,2024-01-02 18:20:03,OPMC_LIFT,905112000.0,228,228,230,4,0,4,50.0,0.8700999999999999,2024-01-02 18:20:15.000,2024-01-02 18:20:15.000,2024-01-02 18:20:15.000,512083754.0,3356995.0,1043282485,-101.0,94
611598,22,2024-01-02 18:40:03,OPMC_LIFT,905117000.0,228,229,230,4,0,4,50.02,0.8698999999999999,2024-01-02 18:40:17.000,2024-01-02 18:40:17.000,2024-01-02 18:40:17.000,512085526.0,3357795.0,1043288104,-105.0,94
611623,22,2024-01-02 18:50:03,OPMC_LIFT,905120000.0,228,229,231,4,0,4,50.04,0.8698999999999999,2024-01-02 18:50:18.000,2024-01-02 18:50:18.000,2024-01-02 18:50:18.000,512086416.0,3358195.0,1043290920,-121.0,94
611677,22,2024-01-02 19:10:03,OPMC_LIFT,905124000.0,226,226,228,4,0,4,50.05,0.8687999999999999,2024-01-02 19:10:19.000,2024-01-02 19:10:19.000,2024-01-02 19:10:19.000,512088150.0,3358992.0,1043296453,-101.0,94
611706,22,2024-01-02 19:22:12,OPMC_LIFT,905127000.0,225,226,228,4,0,4,49.97,0.8674,2024-01-02 19:22:27.000,2024-01-02 19:22:27.000,2024-01-02 19:22:27.000,512089197.0,3359475.0,1043299790,-106.0,94
611724,22,2024-01-02 19:30:03,OPMC_LIFT,905129000.0,226,227,228,4,0,4,50.0,0.8704,2024-01-02 19:30:16.000,2024-01-02 19:30:16.000,2024-01-02 19:30:16.000,512089875.0,3359792.0,1043301950,-101.0,94
611744,22,2024-01-02 19:40:03,OPMC_LIFT,905132000.0,225,226,228,4,0,4,49.97,0.8712,2024-01-02 19:40:13.000,2024-01-02 19:40:13.000,2024-01-02 19:40:13.000,512090739.0,3360189.0,1043304702,-120.0,94
611794,22,2024-01-02 20:00:03,OPMC_LIFT,905136000.0,226,226,228,4,0,4,49.96,0.8694,2024-01-02 20:00:17.000,2024-01-02 20:00:17.000,2024-01-02 20:00:17.000,512092467.0,3360986.0,1043310213,-100.0,94
611914,22,2024-01-02 20:50:03,OPMC_LIFT,905148000.0,225,226,227,4,0,4,49.97,0.8678999999999999,2024-01-02 20:50:12.000,2024-01-02 20:50:12.000,2024-01-02 20:50:12.000,512096784.0,3362979.0,1043323982,-123.0,94
611945,22,2024-01-02 21:00:03,OPMC_LIFT,905151000.0,225,226,228,4,0,4,49.99,0.8699999999999999,2024-01-02 21:00:16.000,2024-01-02 21:00:16.000,2024-01-02 21:00:16.000,512097645.0,3363376.0,1043326731,-121.0,94
611972,22,2024-01-02 21:10:02,OPMC_LIFT,905153000.0,226,227,228,4,0,4,50.03,0.8663,2024-01-02 21:10:14.000,2024-01-02 21:10:14.000,2024-01-02 21:10:14.000,512098509.0,3363776.0,1043329486,-111.0,94
611996,22,2024-01-02 21:20:02,OPMC_LIFT,905156000.0,226,226,228,4,0,4,49.96,0.8680999999999999,2024-01-02 21:20:18.000,2024-01-02 21:20:18.000,2024-01-02 21:20:18.000,512099376.0,3364176.0,1043332245,-102.0,94
612016,22,2024-01-02 21:30:02,OPMC_LIFT,905158000.0,226,227,228,4,0,4,49.98,0.8674,2024-01-02 21:30:09.000,2024-01-02 21:30:09.000,2024-01-02 21:30:09.000,512100240.0,3364573.0,1043335006,-120.0,94
612039,22,2024-01-02 21:40:02,OPMC_LIFT,905160000.0,227,227,229,4,0,4,50.04,0.8684,2024-01-02 21:40:12.000,2024-01-02 21:40:12.000,2024-01-02 21:40:12.000,512101110.0,3364973.0,1043337777,-100.0,94
612119,22,2024-01-02 22:10:03,OPMC_LIFT,905168000.0,227,228,230,4,0,4,50.08,0.8693,2024-01-02 22:10:14.000,2024-01-02 22:10:14.000,2024-01-02 22:10:14.000,512103741.0,3366176.0,1043346145,-123.0,94
612146,22,2024-01-02 22:20:03,OPMC_LIFT,905170000.0,228,228,230,4,0,4,50.07,0.8685999999999999,2024-01-02 22:20:10.000,2024-01-02 22:20:10.000,2024-01-02 22:20:10.000,512104618.0,3366576.0,1043348939,-102.0,94
612229,22,2024-01-02 22:50:03,OPMC_LIFT,905177000.0,228,229,231,4,0,4,49.95,0.8682,2024-01-02 22:50:11.000,2024-01-02 22:50:11.000,2024-01-02 22:50:11.000,512107274.0,3367776.0,1043357371,-102.0,94
612258,22,2024-01-02 23:00:03,OPMC_LIFT,905180000.0,229,229,231,4,0,4,50.05,0.8678999999999999,2024-01-02 23:00:12.000,2024-01-02 23:00:12.000,2024-01-02 23:00:12.000,512108170.0,3368176.0,1043360200,-120.0,94
612340,22,2024-01-02 23:30:03,OPMC_LIFT,905187000.0,228,229,231,4,0,4,49.93,0.8702,2024-01-02 23:30:14.000,2024-01-02 23:30:14.000,2024-01-02 23:30:14.000,512110851.0,3369379.0,1043368693,-100.0,94
612368,22,2024-01-02 23:40:03,OPMC_LIFT,905190000.0,228,229,231,4,0,4,49.93,0.8679999999999999,2024-01-02 23:40:15.000,2024-01-02 23:40:15.000,2024-01-02 23:40:15.000,512111747.0,3369779.0,1043371525,-102.0,94
612394,22,2024-01-02 23:50:03,OPMC_LIFT,905192000.0,229,230,231,4,0,4,50.05,0.8707999999999999,2024-01-02 23:50:14.000,2024-01-02 23:50:14.000,2024-01-02 23:50:14.000,512112643.0,3370179.0,1043374360,-109.0,94
612420,22,2024-01-03 00:00:02,OPMC_LIFT,905195000.0,229,230,231,4,0,4,50.0,0.8678999999999999,2024-01-03 00:00:15.000,2024-01-03 00:00:15.000,2024-01-03 00:00:15.000,512113542.0,3370579.0,1043377198,-108.0,94
612468,22,2024-01-03 00:20:03,OPMC_LIFT,905200000.0,229,230,232,4,0,4,50.03,0.8703,2024-01-03 00:20:14.000,2024-01-03 00:20:14.000,2024-01-03 00:20:14.000,512115344.0,3371382.0,1043382897,-121.0,94
612554,22,2024-01-03 00:50:03,OPMC_LIFT,905207000.0,229,230,232,4,0,4,49.96,0.8687999999999999,2024-01-03 00:50:18.000,2024-01-03 00:50:18.000,2024-01-03 00:50:18.000,512118054.0,3372586.0,1043391454,-107.0,94
612642,22,2024-01-03 01:20:03,OPMC_LIFT,905214000.0,230,231,232,4,0,4,50.0,0.8696999999999999,2024-01-03 01:20:12.000,2024-01-03 01:20:12.000,2024-01-03 01:20:12.000,512120778.0,3373786.0,1043400037,-107.0,94
612733,22,2024-01-03 01:50:03,OPMC_LIFT,905222000.0,231,231,233,4,0,4,50.03,0.8656999999999999,2024-01-03 01:50:16.000,2024-01-03 01:50:16.000,2024-01-03 01:50:16.000,512123514.0,3374989.0,1043408648,-111.0,94
612756,22,2024-01-03 02:00:03,OPMC_LIFT,905224000.0,227,228,230,4,0,4,50.01,0.8674,2024-01-03 02:00:18.000,2024-01-03 02:00:18.000,2024-01-03 02:00:18.000,512124426.0,3375392.0,1043411518,-107.0,94
612785,22,2024-01-03 02:10:03,OPMC_LIFT,905227000.0,228,228,230,4,0,4,50.05,0.8737999999999999,2024-01-03 02:10:18.000,2024-01-03 02:10:18.000,2024-01-03 02:10:18.000,512125306.0,3375792.0,1043414318,-107.0,94
612809,22,2024-01-03 02:20:03,OPMC_LIFT,905229000.0,228,228,230,4,0,4,50.04,0.8673,2024-01-03 02:20:15.000,2024-01-03 02:20:15.000,2024-01-03 02:20:15.000,512126192.0,3376192.0,1043417125,-105.0,94
612833,22,2024-01-03 02:30:03,OPMC_LIFT,905232000.0,228,229,230,4,0,4,50.06,0.8670999999999999,2024-01-03 02:30:13.000,2024-01-03 02:30:13.000,2024-01-03 02:30:13.000,512127078.0,3376592.0,1043419934,-123.0,94
612863,22,2024-01-03 02:40:03,OPMC_LIFT,905234000.0,228,229,230,4,0,4,50.03,0.8702,2024-01-03 02:40:15.000,2024-01-03 02:40:15.000,2024-01-03 02:40:15.000,512127965.0,3376995.0,1043422744,-107.0,94
612887,22,2024-01-03 02:50:03,OPMC_LIFT,905237000.0,228,229,231,4,0,4,50.06,0.8704999999999999,2024-01-03 02:50:18.000,2024-01-03 02:50:18.000,2024-01-03 02:50:18.000,512128854.0,3377395.0,1043425566,-121.0,94
612914,22,2024-01-03 03:00:03,OPMC_LIFT,905239000.0,228,229,231,4,0,4,49.96,0.8694,2024-01-03 03:00:14.000,2024-01-03 03:00:14.000,2024-01-03 03:00:14.000,512129747.0,3377795.0,1043428392,-121.0,94
612967,22,2024-01-03 03:20:03,OPMC_LIFT,905244000.0,228,229,231,4,0,4,49.98,0.8655999999999999,2024-01-03 03:20:16.000,2024-01-03 03:20:16.000,2024-01-03 03:20:16.000,512131539.0,3378598.0,1043434053,-104.0,94
612976,22,2024-01-03 03:22:13,OPMC_LIFT,905244000.0,229,230,232,4,0,4,50.0,0.8675999999999999,2024-01-03 03:22:23.000,2024-01-03 03:22:23.000,2024-01-03 03:22:23.000,512131734.0,3378685.0,1043434670,-101.0,94
612999,22,2024-01-03 03:30:03,OPMC_LIFT,905246000.0,230,230,232,4,0,4,50.01,0.8659999999999999,2024-01-03 03:30:15.000,2024-01-03 03:30:15.000,2024-01-03 03:30:15.000,512132442.0,3378998.0,1043436904,-119.0,94
613015,22,2024-01-03 03:40:03,OPMC_LIFT,905249000.0,230,231,233,4,0,4,50.08,0.8684,2024-01-03 03:40:11.000,2024-01-03 03:40:11.000,2024-01-03 03:40:11.000,512133350.0,3379398.0,1043439768,-109.0,94
613099,22,2024-01-03 04:10:03,OPMC_LIFT,905256000.0,230,230,232,4,0,4,50.0,0.8675999999999999,2024-01-03 04:10:13.000,2024-01-03 04:10:13.000,2024-01-03 04:10:13.000,512136080.0,3380605.0,1043448373,-101.0,94
613127,22,2024-01-03 04:20:03,OPMC_LIFT,905259000.0,230,230,232,4,0,4,50.0,0.8679999999999999,2024-01-03 04:20:18.000,2024-01-03 04:20:18.000,2024-01-03 04:20:18.000,512136989.0,3381008.0,1043451233,-123.0,94
613173,22,2024-01-03 04:40:03,OPMC_LIFT,905264000.0,229,230,232,4,0,4,50.01,0.8684999999999999,2024-01-03 04:40:09.000,2024-01-03 04:40:09.000,2024-01-03 04:40:09.000,512138797.0,3381811.0,1043456939,-105.0,94
613207,22,2024-01-03 04:50:03,OPMC_LIFT,905266000.0,229,230,231,4,0,4,50.01,0.8688999999999999,2024-01-03 04:50:16.000,2024-01-03 04:50:16.000,2024-01-03 04:50:16.000,512139699.0,3382211.0,1043459787,-96.0,94
613283,22,2024-01-03 05:20:03,OPMC_LIFT,905274000.0,229,229,231,4,0,4,49.94,0.8695999999999999,2024-01-03 05:20:10.000,2024-01-03 05:20:10.000,2024-01-03 05:20:10.000,512142400.0,3383418.0,1043468312,-123.0,94
613319,22,2024-01-03 05:30:03,OPMC_LIFT,905276000.0,228,229,231,4,0,4,50.03,0.8657999999999999,2024-01-03 05:30:15.000,2024-01-03 05:30:15.000,2024-01-03 05:30:15.000,512143293.0,3383818.0,1043471137,-121.0,94
613344,22,2024-01-03 05:40:03,OPMC_LIFT,905279000.0,228,229,231,4,0,4,50.04,0.8665999999999999,2024-01-03 05:40:16.000,2024-01-03 05:40:16.000,2024-01-03 05:40:16.000,512144186.0,3384221.0,1043473963,-111.0,94
613373,22,2024-01-03 05:50:03,OPMC_LIFT,905281000.0,228,229,231,4,0,4,50.06,0.8695999999999999,2024-01-03 05:50:13.000,2024-01-03 05:50:13.000,2024-01-03 05:50:13.000,512145075.0,3384621.0,1043476785,-106.0,94
613425,22,2024-01-03 06:10:03,OPMC_LIFT,905286000.0,227,228,230,4,0,4,49.96,0.8688999999999999,2024-01-03 06:10:14.000,2024-01-03 06:10:14.000,2024-01-03 06:10:14.000,512146848.0,3385424.0,1043482405,-102.0,94
613450,22,2024-01-03 06:20:03,OPMC_LIFT,905288000.0,227,228,229,4,0,4,50.04,0.8699999999999999,2024-01-03 06:20:12.000,2024-01-03 06:20:12.000,2024-01-03 06:20:12.000,512147731.0,3385824.0,1043485205,-109.0,94
613473,22,2024-01-03 06:30:03,OPMC_LIFT,905291000.0,227,228,230,4,0,4,50.11,0.8685999999999999,2024-01-03 06:30:16.000,2024-01-03 06:30:16.000,2024-01-03 06:30:16.000,512148608.0,3386224.0,1043487998,-107.0,94
613510,22,2024-01-03 06:40:03,OPMC_LIFT,905293000.0,228,229,230,4,0,4,50.08,0.8684,2024-01-03 06:40:17.000,2024-01-03 06:40:17.000,2024-01-03 06:40:17.000,512149488.0,3386627.0,1043490792,-101.0,94
613527,22,2024-01-03 06:50:03,OPMC_LIFT,905296000.0,228,229,230,4,0,4,50.06,0.8678999999999999,2024-01-03 06:50:10.000,2024-01-03 06:50:10.000,2024-01-03 06:50:10.000,512150371.0,3387030.0,1043493598,-102.0,94
613556,22,2024-01-03 07:00:03,OPMC_LIFT,905298000.0,228,228,230,4,0,4,50.01,0.8702,2024-01-03 07:00:15.000,2024-01-03 07:00:15.000,2024-01-03 07:00:15.000,512151254.0,3387430.0,1043496408,-121.0,94
613598,22,2024-01-03 07:20:03,OPMC_LIFT,905303000.0,226,227,228,4,0,4,50.04,0.8707999999999999,2024-01-03 07:20:10.000,2024-01-03 07:20:10.000,2024-01-03 07:20:10.000,512153002.0,3388234.0,1043501966,-107.0,94
613622,22,2024-01-03 07:30:03,OPMC_LIFT,905305000.0,228,229,230,4,0,4,50.1,0.8698999999999999,2024-01-03 07:30:12.000,2024-01-03 07:30:12.000,2024-01-03 07:30:12.000,512153888.0,3388637.0,1043504776,-102.0,94
613652,22,2024-01-03 07:40:03,OPMC_LIFT,905308000.0,228,229,230,4,0,4,50.05,0.8685999999999999,2024-01-03 07:40:19.000,2024-01-03 07:40:19.000,2024-01-03 07:40:19.000,512154774.0,3389037.0,1043507579,-121.0,94
613728,22,2024-01-03 08:10:03,OPMC_LIFT,905315000.0,228,229,231,4,0,4,49.96,0.8684,2024-01-03 08:10:18.000,2024-01-03 08:10:18.000,2024-01-03 08:10:18.000,512157398.0,3390237.0,1043515931,-121.0,94
613775,22,2024-01-03 08:30:03,OPMC_LIFT,905320000.0,227,229,230,4,0,4,50.04,0.8664,2024-01-03 08:30:19.000,2024-01-03 08:30:19.000,2024-01-03 08:30:19.000,512159171.0,3391040.0,1043521550,-102.0,94
613798,22,2024-01-03 08:40:03,OPMC_LIFT,905422000.0,223,225,226,238,254,258,49.98,0.8008,2024-01-03 08:40:15.000,2024-01-03 08:40:15.000,2024-01-03 08:40:15.000,512237696.0,3391146.0,1043651787,-101.0,94
613817,22,2024-01-03 08:50:03,OPMC_LIFT,905762000.0,221,223,224,345,365,366,50.02,0.8660999999999999,2024-01-03 08:50:10.000,2024-01-03 08:50:10.000,2024-01-03 08:50:10.000,512436246.0,3391146.0,1044045592,-105.0,94
613843,22,2024-01-03 09:00:03,OPMC_LIFT,906103000.0,221,223,224,337,356,358,50.02,0.8649999999999999,2024-01-03 09:00:13.000,2024-01-03 09:00:13.000,2024-01-03 09:00:13.000,512633434.0,3391146.0,1044439886,-121.0,94
613894,22,2024-01-03 09:20:03,OPMC_LIFT,906767000.0,220,223,224,328,346,348,50.05,0.8638999999999999,2024-01-03 09:20:18.000,2024-01-03 09:20:18.000,2024-01-03 09:20:18.000,513018042.0,3391146.0,1045207509,-100.0,94
613942,22,2024-01-03 09:40:03,OPMC_LIFT,907418000.0,220,222,223,322,342,344,50.03,0.8645999999999999,2024-01-03 09:40:17.000,2024-01-03 09:40:17.000,2024-01-03 09:40:17.000,513396589.0,3391146.0,1045961099,-107.0,94
614011,22,2024-01-03 10:10:03,OPMC_LIFT,908386000.0,222,225,226,317,338,339,50.03,0.8574999999999999,2024-01-03 10:10:18.000,2024-01-03 10:10:18.000,2024-01-03 10:10:18.000,513972403.0,3391146.0,1047088053,-119.0,94
614078,22,2024-01-03 10:40:03,OPMC_LIFT,909345000.0,223,225,226,318,337,339,50.01,0.8564999999999999,2024-01-03 10:40:19.000,2024-01-03 10:40:19.000,2024-01-03 10:40:19.000,514545984.0,3391146.0,1048206078,-121.0,94
614100,22,2024-01-03 10:50:03,OPMC_LIFT,909664000.0,223,225,226,321,339,340,50.05,0.8582,2024-01-03 10:50:13.000,2024-01-03 10:50:13.000,2024-01-03 10:50:13.000,514737130.0,3391146.0,1048578078,-100.0,94
614131,22,2024-01-03 11:00:03,OPMC_LIFT,909986000.0,222,225,226,319,338,340,50.06,0.8581,2024-01-03 11:00:18.000,2024-01-03 11:00:18.000,2024-01-03 11:00:18.000,514928464.0,3391146.0,1048952565,-123.0,94
614150,22,2024-01-03 11:10:03,OPMC_LIFT,910307000.0,222,224,226,320,339,341,50.05,0.8585999999999999,2024-01-03 11:10:15.000,2024-01-03 11:10:15.000,2024-01-03 11:10:15.000,515119421.0,3391146.0,1049326309,-107.0,94
614176,22,2024-01-03 11:20:03,OPMC_LIFT,910628000.0,222,225,226,321,340,342,50.04,0.8592,2024-01-03 11:20:13.000,2024-01-03 11:20:13.000,2024-01-03 11:20:13.000,515310797.0,3391146.0,1049700581,-123.0,94
614182,22,2024-01-03 11:23:23,OPMC_LIFT,910736000.0,223,225,226,322,340,341,50.02,0.8581,2024-01-03 11:23:33.000,2024-01-03 11:23:33.000,2024-01-03 11:23:33.000,515375139.0,3391146.0,1049826337,-94.0,94
614201,22,2024-01-03 11:30:03,OPMC_LIFT,910951000.0,223,225,226,323,342,344,50.04,0.8577999999999999,2024-01-03 11:30:14.000,2024-01-03 11:30:14.000,2024-01-03 11:30:14.000,515503667.0,3391146.0,1050077201,-106.0,94
614280,22,2024-01-03 12:00:03,OPMC_LIFT,911928000.0,222,224,225,327,347,349,50.08,0.8631,2024-01-03 12:00:17.000,2024-01-03 12:00:17.000,2024-01-03 12:00:17.000,516088086.0,3391146.0,1051215841,-121.0,94
614298,22,2024-01-03 12:10:03,OPMC_LIFT,912254000.0,222,224,225,324,345,346,49.97,0.8613,2024-01-03 12:10:13.000,2024-01-03 12:10:13.000,2024-01-03 12:10:13.000,516280842.0,3391146.0,1051595345,-107.0,94
614321,22,2024-01-03 12:20:03,OPMC_LIFT,912582000.0,222,224,225,325,345,347,50.02,0.8614999999999999,2024-01-03 12:20:13.000,2024-01-03 12:20:13.000,2024-01-03 12:20:13.000,516473536.0,3391146.0,1051975915,-101.0,94
614373,22,2024-01-03 12:40:03,OPMC_LIFT,913241000.0,221,223,225,328,348,349,50.05,0.8637999999999999,2024-01-03 12:40:14.000,2024-01-03 12:40:14.000,2024-01-03 12:40:14.000,516859325.0,3391146.0,1052739448,-121.0,94
614399,22,2024-01-03 12:50:03,OPMC_LIFT,913571000.0,221,223,225,326,346,348,50.08,0.8639999999999999,2024-01-03 12:50:16.000,2024-01-03 12:50:16.000,2024-01-03 12:50:16.000,517051226.0,3391146.0,1053121438,-108.0,94
614425,22,2024-01-03 13:00:03,OPMC_LIFT,913899000.0,220,222,223,327,346,347,49.91,0.8645999999999999,2024-01-03 13:00:15.000,2024-01-03 13:00:15.000,2024-01-03 13:00:15.000,517241341.0,3391146.0,1053500571,-100.0,94
614470,22,2024-01-03 13:20:03,OPMC_LIFT,914557000.0,221,223,225,330,349,350,50.05,0.8645999999999999,2024-01-03 13:20:13.000,2024-01-03 13:20:13.000,2024-01-03 13:20:13.000,517626544.0,3391146.0,1054262968,-105.0,94
614497,22,2024-01-03 13:30:03,OPMC_LIFT,914888000.0,220,223,224,331,349,350,50.05,0.8666999999999999,2024-01-03 13:30:14.000,2024-01-03 13:30:14.000,2024-01-03 13:30:14.000,517817987.0,3391146.0,1054646078,-100.0,94
614523,22,2024-01-03 13:40:03,OPMC_LIFT,915222000.0,220,223,224,332,350,352,50.07,0.8662,2024-01-03 13:40:15.000,2024-01-03 13:40:15.000,2024-01-03 13:40:15.000,518009178.0,3391146.0,1055030398,-121.0,94
614597,22,2024-01-03 14:10:03,OPMC_LIFT,916223000.0,220,221,223,340,360,360,49.94,0.8695999999999999,2024-01-03 14:10:16.000,2024-01-03 14:10:16.000,2024-01-03 14:10:16.000,518583341.0,3391146.0,1056185617,-105.0,94
614619,22,2024-01-03 14:20:03,OPMC_LIFT,916559000.0,224,226,228,332,350,352,50.01,0.8585999999999999,2024-01-03 14:20:13.000,2024-01-03 14:20:13.000,2024-01-03 14:20:13.000,518781142.0,3391146.0,1056575656,-101.0,94
614675,22,2024-01-03 14:40:03,OPMC_LIFT,917231000.0,224,226,228,336,354,356,50.01,0.8592,2024-01-03 14:40:17.000,2024-01-03 14:40:17.000,2024-01-03 14:40:17.000,519181379.0,3391146.0,1057358513,-121.0,94
614735,22,2024-01-03 15:10:03,OPMC_LIFT,918253000.0,220,223,224,336,356,357,50.01,0.8677999999999999,2024-01-03 15:10:12.000,2024-01-03 15:10:12.000,2024-01-03 15:10:12.000,519778659.0,3391146.0,1058542942,-120.0,94
614758,22,2024-01-03 15:20:03,OPMC_LIFT,918597000.0,221,223,225,336,356,358,50.0,0.8664,2024-01-03 15:20:14.000,2024-01-03 15:20:14.000,2024-01-03 15:20:14.000,519974893.0,3391146.0,1058938862,-121.0,94
614778,22,2024-01-03 15:30:03,OPMC_LIFT,918935000.0,221,222,224,336,355,356,49.98,0.8662,2024-01-03 15:30:15.000,2024-01-03 15:30:15.000,2024-01-03 15:30:15.000,520169283.0,3391146.0,1059329342,-109.0,94
614822,22,2024-01-03 15:50:03,OPMC_LIFT,919609000.0,221,223,225,334,354,356,50.0,0.8649999999999999,2024-01-03 15:50:16.000,2024-01-03 15:50:16.000,2024-01-03 15:50:16.000,520556998.0,3391146.0,1060106581,-123.0,94
614847,22,2024-01-03 16:00:03,OPMC_LIFT,919942000.0,227,228,229,29,27,30,50.04,0.8599999999999999,2024-01-03 16:00:13.000,2024-01-03 16:00:13.000,2024-01-03 16:00:13.000,520749952.0,3391146.0,1060491105,-107.0,94
614869,22,2024-01-03 16:10:03,OPMC_LIFT,919947000.0,228,229,230,3,0,3,50.02,0.4674,2024-01-03 16:10:14.000,2024-01-03 16:10:14.000,2024-01-03 16:10:14.000,520752371.0,3391450.0,1060496664,-108.0,94
614889,22,2024-01-03 16:20:03,OPMC_LIFT,919949000.0,229,229,231,3,0,3,49.97,0.4715,2024-01-03 16:20:14.000,2024-01-03 16:20:14.000,2024-01-03 16:20:14.000,520753213.0,3391789.0,1060499265,-101.0,94
614953,22,2024-01-03 16:50:03,OPMC_LIFT,919958000.0,229,230,231,5,0,4,49.99,0.8686999999999999,2024-01-03 16:50:16.000,2024-01-03 16:50:16.000,2024-01-03 16:50:16.000,520756317.0,3393389.0,1060509371,-103.0,94
614972,22,2024-01-03 17:00:03,OPMC_LIFT,919961000.0,230,231,232,4,0,4,50.02,0.8649999999999999,2024-01-03 17:00:11.000,2024-01-03 17:00:11.000,2024-01-03 17:00:11.000,520757446.0,3394010.0,1060513112,-121.0,94
615003,22,2024-01-03 17:10:03,OPMC_LIFT,919964000.0,228,229,230,4,0,4,50.01,0.8700999999999999,2024-01-03 17:10:17.000,2024-01-03 17:10:17.000,2024-01-03 17:10:17.000,520758365.0,3394406.0,1060515976,-121.0,94
615017,22,2024-01-03 17:20:03,OPMC_LIFT,919966000.0,228,229,230,4,0,4,50.02,0.8684,2024-01-03 17:20:13.000,2024-01-03 17:20:13.000,2024-01-03 17:20:13.000,520759254.0,3394803.0,1060518789,-105.0,94
615043,22,2024-01-03 17:30:03,OPMC_LIFT,919969000.0,228,229,231,4,0,4,50.03,0.8695999999999999,2024-01-03 17:30:15.000,2024-01-03 17:30:15.000,2024-01-03 17:30:15.000,520760150.0,3395197.0,1060521608,-108.0,94
615066,22,2024-01-03 17:40:03,OPMC_LIFT,919971000.0,229,229,231,4,0,4,49.92,0.8682,2024-01-03 17:40:17.000,2024-01-03 17:40:17.000,2024-01-03 17:40:17.000,520761056.0,3395594.0,1060524449,-99.0,94
615104,22,2024-01-03 18:00:03,OPMC_LIFT,919976000.0,230,231,233,4,0,4,50.05,0.8643,2024-01-03 18:00:14.000,2024-01-03 18:00:14.000,2024-01-03 18:00:14.000,520762867.0,3396387.0,1060530149,-105.0,94
615126,22,2024-01-03 18:10:03,OPMC_LIFT,919978000.0,230,231,233,4,0,4,49.98,0.8667999999999999,2024-01-03 18:10:09.000,2024-01-03 18:10:09.000,2024-01-03 18:10:09.000,520763789.0,3396787.0,1060533029,-108.0,94
615148,22,2024-01-03 18:20:03,OPMC_LIFT,919981000.0,230,231,232,4,0,4,50.02,0.8680999999999999,2024-01-03 18:20:11.000,2024-01-03 18:20:11.000,2024-01-03 18:20:11.000,520764710.0,3397184.0,1060535915,-103.0,94
615189,22,2024-01-03 18:40:03,OPMC_LIFT,919986000.0,228,229,230,4,0,4,50.01,0.8694999999999999,2024-01-03 18:40:16.000,2024-01-03 18:40:16.000,2024-01-03 18:40:16.000,520766531.0,3397981.0,1060541633,-123.0,94
615213,22,2024-01-03 18:50:03,OPMC_LIFT,919988000.0,228,228,230,4,0,4,50.03,0.8672,2024-01-03 18:50:16.000,2024-01-03 18:50:16.000,2024-01-03 18:50:16.000,520767418.0,3398378.0,1060544433,-108.0,94
615235,22,2024-01-03 19:00:03,OPMC_LIFT,919991000.0,227,228,229,4,0,4,50.03,0.8703,2024-01-03 19:00:17.000,2024-01-03 19:00:17.000,2024-01-03 19:00:17.000,520768307.0,3398774.0,1060547240,-103.0,94
615257,22,2024-01-03 19:10:03,OPMC_LIFT,919993000.0,227,228,229,4,0,4,49.98,0.8645999999999999,2024-01-03 19:10:17.000,2024-01-03 19:10:17.000,2024-01-03 19:10:17.000,520769190.0,3399171.0,1060550037,-105.0,94
615278,22,2024-01-03 19:20:03,OPMC_LIFT,919996000.0,227,228,229,4,0,4,50.02,0.8667999999999999,2024-01-03 19:20:15.000,2024-01-03 19:20:15.000,2024-01-03 19:20:15.000,520770074.0,3399568.0,1060552827,-109.0,94
615285,22,2024-01-03 19:21:32,OPMC_LIFT,919996000.0,226,227,228,4,0,4,49.94,0.8685999999999999,2024-01-03 19:21:44.000,2024-01-03 19:21:44.000,2024-01-03 19:21:44.000,520770205.0,3399626.0,1060553237,-106.0,94
615295,22,2024-01-03 19:30:03,OPMC_LIFT,919998000.0,226,227,228,4,0,4,49.99,0.8675999999999999,2024-01-03 19:30:11.000,2024-01-03 19:30:11.000,2024-01-03 19:30:11.000,520770950.0,3399962.0,1060555605,-103.0,94
615342,22,2024-01-03 19:50:03,OPMC_LIFT,920003000.0,227,228,229,4,0,4,50.01,0.8678999999999999,2024-01-03 19:50:14.000,2024-01-03 19:50:14.000,2024-01-03 19:50:14.000,520772707.0,3400755.0,1060561169,-107.0,94
615362,22,2024-01-03 20:00:03,OPMC_LIFT,920005000.0,227,227,229,4,0,4,50.03,0.8676999999999999,2024-01-03 20:00:13.000,2024-01-03 20:00:13.000,2024-01-03 20:00:13.000,520773587.0,3401152.0,1060563953,-101.0,94
615383,22,2024-01-03 20:10:03,OPMC_LIFT,920008000.0,227,228,229,4,0,4,49.99,0.8696999999999999,2024-01-03 20:10:12.000,2024-01-03 20:10:12.000,2024-01-03 20:10:12.000,520774470.0,3401552.0,1060566744,-103.0,94
615407,22,2024-01-03 20:20:03,OPMC_LIFT,920010000.0,227,228,229,4,0,4,50.03,0.8670999999999999,2024-01-03 20:20:12.000,2024-01-03 20:20:12.000,2024-01-03 20:20:12.000,520775350.0,3401949.0,1060569528,-109.0,94
615428,22,2024-01-03 20:30:03,OPMC_LIFT,920013000.0,227,228,229,4,0,4,50.02,0.8678999999999999,2024-01-03 20:30:11.000,2024-01-03 20:30:11.000,2024-01-03 20:30:11.000,520776230.0,3402349.0,1060572312,-107.0,94
615451,22,2024-01-03 20:40:03,OPMC_LIFT,920015000.0,227,228,229,4,0,4,50.02,0.8679999999999999,2024-01-03 20:40:16.000,2024-01-03 20:40:16.000,2024-01-03 20:40:16.000,520777110.0,3402746.0,1060575096,-120.0,94
615474,22,2024-01-03 20:50:03,OPMC_LIFT,920017000.0,227,228,229,4,0,4,49.98,0.8673,2024-01-03 20:50:12.000,2024-01-03 20:50:12.000,2024-01-03 20:50:12.000,520777990.0,3403142.0,1060577883,-121.0,94
615491,22,2024-01-03 21:00:03,OPMC_LIFT,920020000.0,228,228,230,4,0,4,50.02,0.8688999999999999,2024-01-03 21:00:12.000,2024-01-03 21:00:12.000,2024-01-03 21:00:12.000,520778877.0,3403542.0,1060580686,-107.0,94
615513,22,2024-01-03 21:10:03,OPMC_LIFT,920022000.0,227,228,230,4,0,4,49.93,0.8673,2024-01-03 21:10:16.000,2024-01-03 21:10:16.000,2024-01-03 21:10:16.000,520779763.0,3403939.0,1060583486,-106.0,94
615535,22,2024-01-03 21:20:03,OPMC_LIFT,920025000.0,228,229,230,4,0,4,50.01,0.8668999999999999,2024-01-03 21:20:13.000,2024-01-03 21:20:13.000,2024-01-03 21:20:13.000,520780653.0,3404339.0,1060586296,-121.0,94
615559,22,2024-01-03 21:30:03,OPMC_LIFT,920027000.0,228,229,230,4,0,4,50.02,0.8666999999999999,2024-01-03 21:30:13.000,2024-01-03 21:30:13.000,2024-01-03 21:30:13.000,520781546.0,3404736.0,1060589112,-120.0,94
615580,22,2024-01-03 21:40:03,OPMC_LIFT,920030000.0,228,229,230,4,0,4,50.04,0.8662,2024-01-03 21:40:17.000,2024-01-03 21:40:17.000,2024-01-03 21:40:17.000,520782442.0,3405136.0,1060591934,-121.0,94
615602,22,2024-01-03 21:50:03,OPMC_LIFT,920032000.0,229,229,231,4,0,4,50.01,0.8652,2024-01-03 21:50:16.000,2024-01-03 21:50:16.000,2024-01-03 21:50:16.000,520783338.0,3405536.0,1060594760,-107.0,94
615625,22,2024-01-03 22:00:03,OPMC_LIFT,920035000.0,228,229,230,4,0,4,50.03,0.8706999999999999,2024-01-03 22:00:16.000,2024-01-03 22:00:16.000,2024-01-03 22:00:16.000,520784230.0,3405933.0,1060597585,-121.0,94
615647,22,2024-01-03 22:10:03,OPMC_LIFT,920037000.0,228,229,230,4,0,4,50.05,0.8669999999999999,2024-01-03 22:10:14.000,2024-01-03 22:10:14.000,2024-01-03 22:10:14.000,520785126.0,3406333.0,1060600405,-101.0,94
615683,22,2024-01-03 22:30:03,OPMC_LIFT,920042000.0,229,230,231,4,0,4,50.05,0.8676999999999999,2024-01-03 22:30:16.000,2024-01-03 22:30:16.000,2024-01-03 22:30:16.000,520786918.0,3407130.0,1060606059,-103.0,94
615727,22,2024-01-03 22:40:03,OPMC_LIFT,920044000.0,229,229,231,4,0,4,49.99,0.8673,2024-01-03 22:40:16.000,2024-01-03 22:40:16.000,2024-01-03 22:40:16.000,520787818.0,3407530.0,1060608894,-101.0,94
615805,22,2024-01-03 23:10:03,OPMC_LIFT,920052000.0,229,230,232,4,0,4,50.01,0.8659999999999999,2024-01-03 23:10:14.000,2024-01-03 23:10:14.000,2024-01-03 23:10:14.000,520790534.0,3408726.0,1060617448,-107.0,94
615833,22,2024-01-03 23:20:03,OPMC_LIFT,920054000.0,229,230,232,4,0,4,50.04,0.8654,2024-01-03 23:20:14.000,2024-01-03 23:20:14.000,2024-01-03 23:20:14.000,520791443.0,3409126.0,1060620302,-107.0,94
615858,22,2024-01-03 23:30:03,OPMC_LIFT,920057000.0,229,230,232,4,0,4,50.01,0.8675999999999999,2024-01-03 23:30:15.000,2024-01-03 23:30:15.000,2024-01-03 23:30:15.000,520792349.0,3409526.0,1060623153,-121.0,94
615914,22,2024-01-03 23:50:03,OPMC_LIFT,920062000.0,230,231,232,4,0,4,49.98,0.8654999999999999,2024-01-03 23:50:15.000,2024-01-03 23:50:15.000,2024-01-03 23:50:15.000,520794170.0,3410323.0,1060628878,-100.0,94
615939,22,2024-01-04 00:00:03,OPMC_LIFT,920064000.0,230,231,232,4,0,4,50.04,0.8683,2024-01-04 00:00:13.000,2024-01-04 00:00:13.000,2024-01-04 00:00:13.000,520795085.0,3410723.0,1060631749,-123.0,94
615966,22,2024-01-04 00:10:03,OPMC_LIFT,920067000.0,231,231,233,4,0,4,49.99,0.8652,2024-01-04 00:10:12.000,2024-01-04 00:10:12.000,2024-01-04 00:10:12.000,520796003.0,3411123.0,1060634632,-102.0,94
615986,22,2024-01-04 00:20:03,OPMC_LIFT,920069000.0,226,226,228,4,0,4,49.93,0.8700999999999999,2024-01-04 00:20:14.000,2024-01-04 00:20:14.000,2024-01-04 00:20:14.000,520796902.0,3411523.0,1060637461,-121.0,94
616017,22,2024-01-04 00:30:03,OPMC_LIFT,920072000.0,226,227,228,4,0,4,50.05,0.8703,2024-01-04 00:30:13.000,2024-01-04 00:30:13.000,2024-01-04 00:30:13.000,520797773.0,3411920.0,1060640225,-105.0,94
616044,22,2024-01-04 00:40:03,OPMC_LIFT,920074000.0,226,227,229,4,0,4,49.98,0.8695999999999999,2024-01-04 00:40:15.000,2024-01-04 00:40:15.000,2024-01-04 00:40:15.000,520798643.0,3412320.0,1060643000,-99.0,94
616134,22,2024-01-04 01:10:03,OPMC_LIFT,920081000.0,226,227,229,4,0,4,49.95,0.8643,2024-01-04 01:10:43.000,2024-01-04 01:10:43.000,2024-01-04 01:10:43.000,520801270.0,3413514.0,1060651339,-107.0,94
616168,22,2024-01-04 01:20:03,OPMC_LIFT,920084000.0,227,228,229,4,0,4,50.02,0.8702,2024-01-04 01:20:15.000,2024-01-04 01:20:15.000,2024-01-04 01:20:15.000,520802147.0,3413914.0,1060654123,-121.0,94
616198,22,2024-01-04 01:30:03,OPMC_LIFT,920086000.0,227,228,229,4,0,4,49.94,0.8704999999999999,2024-01-04 01:30:15.000,2024-01-04 01:30:15.000,2024-01-04 01:30:15.000,520803027.0,3414310.0,1060656913,-120.0,94
616223,22,2024-01-04 01:40:03,OPMC_LIFT,920088000.0,227,228,229,4,0,4,49.99,0.8679999999999999,2024-01-04 01:40:14.000,2024-01-04 01:40:14.000,2024-01-04 01:40:14.000,520803907.0,3414710.0,1060659707,-108.0,94
616278,22,2024-01-04 02:00:03,OPMC_LIFT,920093000.0,227,228,230,4,0,4,49.99,0.8697999999999999,2024-01-04 02:00:14.000,2024-01-04 02:00:14.000,2024-01-04 02:00:14.000,520805677.0,3415507.0,1060665313,-108.0,94
616309,22,2024-01-04 02:10:03,OPMC_LIFT,920096000.0,227,228,230,4,0,4,50.0,0.8683,2024-01-04 02:10:17.000,2024-01-04 02:10:17.000,2024-01-04 02:10:17.000,520806563.0,3415907.0,1060668117,-99.0,94
616335,22,2024-01-04 02:20:03,OPMC_LIFT,920098000.0,227,228,230,4,0,4,49.99,0.8686999999999999,2024-01-04 02:20:15.000,2024-01-04 02:20:15.000,2024-01-04 02:20:15.000,520807446.0,3416304.0,1060670920,-123.0,94
616364,22,2024-01-04 02:30:03,OPMC_LIFT,920101000.0,228,228,230,4,0,4,50.03,0.8672,2024-01-04 02:30:16.000,2024-01-04 02:30:16.000,2024-01-04 02:30:16.000,520808333.0,3416704.0,1060673726,-107.0,94
616388,22,2024-01-04 02:40:03,OPMC_LIFT,920103000.0,227,228,230,4,0,4,49.98,0.8678999999999999,2024-01-04 02:40:16.000,2024-01-04 02:40:16.000,2024-01-04 02:40:16.000,520809219.0,3417104.0,1060676536,-121.0,94
616412,22,2024-01-04 02:50:03,OPMC_LIFT,920106000.0,228,228,230,4,0,4,50.01,0.8688999999999999,2024-01-04 02:50:15.000,2024-01-04 02:50:15.000,2024-01-04 02:50:15.000,520810109.0,3417501.0,1060679345,-121.0,94
616474,22,2024-01-04 03:10:03,OPMC_LIFT,920110000.0,228,229,231,4,0,4,50.05,0.8685999999999999,2024-01-04 03:10:15.000,2024-01-04 03:10:15.000,2024-01-04 03:10:15.000,520811891.0,3418298.0,1060684987,-105.0,94
616496,22,2024-01-04 03:20:03,OPMC_LIFT,920113000.0,228,229,231,4,0,4,49.96,0.8669999999999999,2024-01-04 03:20:09.000,2024-01-04 03:20:09.000,2024-01-04 03:20:09.000,520812784.0,3418698.0,1060687813,-123.0,94
616523,22,2024-01-04 03:30:03,OPMC_LIFT,920115000.0,228,229,231,4,0,4,49.97,0.8664999999999999,2024-01-04 03:30:14.000,2024-01-04 03:30:14.000,2024-01-04 03:30:14.000,520813680.0,3419098.0,1060690638,-103.0,94
616631,22,2024-01-04 04:10:03,OPMC_LIFT,920125000.0,228,229,231,4,0,4,50.02,0.8676999999999999,2024-01-04 04:10:10.000,2024-01-04 04:10:10.000,2024-01-04 04:10:10.000,520817258.0,3420691.0,1060701944,-105.0,94
616657,22,2024-01-04 04:20:03,OPMC_LIFT,920128000.0,228,229,230,4,0,4,49.94,0.8654999999999999,2024-01-04 04:20:09.000,2024-01-04 04:20:09.000,2024-01-04 04:20:09.000,520818150.0,3421088.0,1060704769,-121.0,94
616693,22,2024-01-04 04:30:03,OPMC_LIFT,920130000.0,228,229,230,4,0,4,49.99,0.8686999999999999,2024-01-04 04:30:14.000,2024-01-04 04:30:14.000,2024-01-04 04:30:14.000,520819040.0,3421488.0,1060707589,-103.0,94
616747,22,2024-01-04 04:50:03,OPMC_LIFT,920135000.0,228,229,230,4,0,4,50.0,0.8675999999999999,2024-01-04 04:50:13.000,2024-01-04 04:50:13.000,2024-01-04 04:50:13.000,520820819.0,3422285.0,1060713217,-105.0,94
616778,22,2024-01-04 05:00:03,OPMC_LIFT,920137000.0,227,228,230,4,0,4,49.98,0.8699999999999999,2024-01-04 05:00:14.000,2024-01-04 05:00:14.000,2024-01-04 05:00:14.000,520821702.0,3422685.0,1060716021,-106.0,94
616807,22,2024-01-04 05:10:03,OPMC_LIFT,920140000.0,227,228,229,4,0,4,49.99,0.8696999999999999,2024-01-04 05:10:15.000,2024-01-04 05:10:15.000,2024-01-04 05:10:15.000,520822582.0,3423082.0,1060718814,-117.0,94
616859,22,2024-01-04 05:30:03,OPMC_LIFT,920145000.0,226,226,228,4,0,4,49.97,0.8700999999999999,2024-01-04 05:30:12.000,2024-01-04 05:30:12.000,2024-01-04 05:30:12.000,520824333.0,3423878.0,1060724366,-105.0,94
616889,22,2024-01-04 05:40:03,OPMC_LIFT,920147000.0,225,226,228,4,0,4,49.98,0.8673,2024-01-04 05:40:14.000,2024-01-04 05:40:14.000,2024-01-04 05:40:14.000,520825197.0,3424275.0,1060727125,-107.0,94
616922,22,2024-01-04 05:50:03,OPMC_LIFT,920149000.0,225,226,227,4,0,4,50.0,0.8695999999999999,2024-01-04 05:50:17.000,2024-01-04 05:50:17.000,2024-01-04 05:50:17.000,520826061.0,3424672.0,1060729870,-98.0,94
616943,22,2024-01-04 06:00:03,OPMC_LIFT,920152000.0,225,226,227,4,0,4,49.96,0.8727999999999999,2024-01-04 06:00:14.000,2024-01-04 06:00:14.000,2024-01-04 06:00:14.000,520826918.0,3425069.0,1060732613,-120.0,94
616974,22,2024-01-04 06:10:03,OPMC_LIFT,920154000.0,227,228,229,4,0,4,49.97,0.8679999999999999,2024-01-04 06:10:16.000,2024-01-04 06:10:16.000,2024-01-04 06:10:16.000,520827776.0,3425466.0,1060735349,-103.0,94
617003,22,2024-01-04 06:20:03,OPMC_LIFT,920157000.0,226,227,229,4,0,4,49.97,0.8699999999999999,2024-01-04 06:20:16.000,2024-01-04 06:20:16.000,2024-01-04 06:20:16.000,520828650.0,3425862.0,1060738129,-106.0,94
617026,22,2024-01-04 06:30:03,OPMC_LIFT,920159000.0,226,227,228,4,0,4,49.97,0.8680999999999999,2024-01-04 06:30:17.000,2024-01-04 06:30:17.000,2024-01-04 06:30:17.000,520829523.0,3426262.0,1060740901,-100.0,94
617055,22,2024-01-04 06:40:03,OPMC_LIFT,920161000.0,225,226,227,4,0,4,49.95,0.8707999999999999,2024-01-04 06:40:14.000,2024-01-04 06:40:14.000,2024-01-04 06:40:14.000,520830387.0,3426659.0,1060743656,-124.0,94
617122,22,2024-01-04 07:10:03,OPMC_LIFT,920169000.0,226,227,228,4,0,4,49.98,0.8714999999999999,2024-01-04 07:10:11.000,2024-01-04 07:10:11.000,2024-01-04 07:10:11.000,520832963.0,3427850.0,1060751857,-101.0,94
617141,22,2024-01-04 07:20:03,OPMC_LIFT,920171000.0,225,226,227,4,0,4,49.97,0.8694,2024-01-04 07:20:11.000,2024-01-04 07:20:11.000,2024-01-04 07:20:11.000,520833824.0,3428246.0,1060754600,-101.0,94
617166,22,2024-01-04 07:30:03,OPMC_LIFT,920173000.0,224,225,226,4,0,4,50.03,0.8686999999999999,2024-01-04 07:30:13.000,2024-01-04 07:30:13.000,2024-01-04 07:30:13.000,520834678.0,3428643.0,1060757317,-120.0,94
617213,22,2024-01-04 07:50:03,OPMC_LIFT,920178000.0,226,227,228,4,0,4,50.01,0.8706999999999999,2024-01-04 07:50:18.000,2024-01-04 07:50:18.000,2024-01-04 07:50:18.000,520836403.0,3429440.0,1060762801,-108.0,94
617234,22,2024-01-04 08:00:03,OPMC_LIFT,920180000.0,225,226,227,4,0,4,50.0,0.8674,2024-01-04 08:00:13.000,2024-01-04 08:00:13.000,2024-01-04 08:00:13.000,520837270.0,3429837.0,1060765557,-102.0,94
617256,22,2024-01-04 08:10:03,OPMC_LIFT,920183000.0,224,225,226,4,0,4,50.02,0.8699999999999999,2024-01-04 08:10:10.000,2024-01-04 08:10:10.000,2024-01-04 08:10:10.000,520838128.0,3430237.0,1060768289,-105.0,94
617300,22,2024-01-04 08:30:03,OPMC_LIFT,920188000.0,225,226,227,30,28,30,49.99,0.8563999999999999,2024-01-04 08:30:11.000,2024-01-04 08:30:11.000,2024-01-04 08:30:11.000,520840483.0,3431014.0,1060775006,-107.0,94
617325,22,2024-01-04 08:40:03,OPMC_LIFT,920374000.0,220,222,223,302,319,317,50.0,0.8438999999999999,2024-01-04 08:40:12.000,2024-01-04 08:40:12.000,2024-01-04 08:40:12.000,520960861.0,3431014.0,1060997217,-108.0,94
617348,22,2024-01-04 08:50:03,OPMC_LIFT,920722000.0,218,221,222,364,385,381,50.0,0.8699999999999999,2024-01-04 08:50:16.000,2024-01-04 08:50:16.000,2024-01-04 08:50:16.000,521162352.0,3431014.0,1061400504,-120.0,94
617392,22,2024-01-04 09:10:03,OPMC_LIFT,921270000.0,221,223,224,196,204,205,50.0,0.8625999999999999,2024-01-04 09:10:13.000,2024-01-04 09:10:13.000,2024-01-04 09:10:13.000,521475866.0,3431014.0,1062031691,-108.0,94
617414,22,2024-01-04 09:20:03,OPMC_LIFT,921525000.0,219,221,222,301,320,316,49.99,0.8518999999999999,2024-01-04 09:20:09.000,2024-01-04 09:20:09.000,2024-01-04 09:20:09.000,521635190.0,3431014.0,1062332523,-119.0,94
617440,22,2024-01-04 09:30:03,OPMC_LIFT,921741000.0,218,221,221,308,326,323,50.01,0.8513999999999999,2024-01-04 09:30:12.000,2024-01-04 09:30:12.000,2024-01-04 09:30:12.000,521764278.0,3431014.0,1062584837,-121.0,94
617470,22,2024-01-04 09:40:03,OPMC_LIFT,921971000.0,220,222,223,202,207,208,50.01,0.8742,2024-01-04 09:40:19.000,2024-01-04 09:40:19.000,2024-01-04 09:40:19.000,521893238.0,3431014.0,1062847953,-107.0,94
617494,22,2024-01-04 09:50:03,OPMC_LIFT,922208000.0,223,225,225,196,203,204,50.03,0.8573999999999999,2024-01-04 09:50:13.000,2024-01-04 09:50:13.000,2024-01-04 09:50:13.000,522037750.0,3431014.0,1063125640,-104.0,94
617519,22,2024-01-04 10:00:03,OPMC_LIFT,922433000.0,223,225,225,134,139,142,49.97,0.8191999999999999,2024-01-04 10:00:15.000,2024-01-04 10:00:15.000,2024-01-04 10:00:15.000,522185674.0,3431014.0,1063395150,-106.0,94
617539,22,2024-01-04 10:10:03,OPMC_LIFT,922660000.0,222,224,225,194,201,202,49.93,0.8564999999999999,2024-01-04 10:10:18.000,2024-01-04 10:10:18.000,2024-01-04 10:10:18.000,522326666.0,3431014.0,1063663323,-104.0,94
617558,22,2024-01-04 10:20:03,OPMC_LIFT,922886000.0,223,225,226,132,136,139,49.96,0.8107,2024-01-04 10:20:13.000,2024-01-04 10:20:13.000,2024-01-04 10:20:13.000,522471728.0,3431014.0,1063931701,-123.0,94
617581,22,2024-01-04 10:30:03,OPMC_LIFT,923114000.0,222,224,225,193,200,200,49.91,0.8563999999999999,2024-01-04 10:30:12.000,2024-01-04 10:30:12.000,2024-01-04 10:30:12.000,522612275.0,3431014.0,1064200849,-108.0,94
617603,22,2024-01-04 10:40:03,OPMC_LIFT,923339000.0,220,222,223,292,310,306,49.94,0.8425999999999999,2024-01-04 10:40:09.000,2024-01-04 10:40:09.000,2024-01-04 10:40:09.000,522754928.0,3431014.0,1064467336,-119.0,94
617630,22,2024-01-04 10:50:03,OPMC_LIFT,923545000.0,219,221,222,358,378,373,49.9,0.8692,2024-01-04 10:50:16.000,2024-01-04 10:50:16.000,2024-01-04 10:50:16.000,522884106.0,3431014.0,1064710760,-107.0,94
617700,22,2024-01-04 11:20:03,OPMC_LIFT,924210000.0,222,224,224,198,206,208,50.02,0.8617999999999999,2024-01-04 11:20:12.000,2024-01-04 11:20:12.000,2024-01-04 11:20:12.000,523290256.0,3431014.0,1065490379,-101.0,94
617723,22,2024-01-04 11:30:03,OPMC_LIFT,924434000.0,223,225,226,141,146,148,50.02,0.8295999999999999,2024-01-04 11:30:16.000,2024-01-04 11:30:16.000,2024-01-04 11:30:16.000,523433920.0,3431014.0,1065756709,-121.0,94
617745,22,2024-01-04 11:40:03,OPMC_LIFT,924668000.0,223,225,225,198,206,206,50.0,0.8583999999999999,2024-01-04 11:40:18.000,2024-01-04 11:40:18.000,2024-01-04 11:40:18.000,523578310.0,3431014.0,1066032193,-123.0,94
617772,22,2024-01-04 11:50:03,OPMC_LIFT,924903000.0,222,224,225,303,320,319,50.01,0.8441,2024-01-04 11:50:17.000,2024-01-04 11:50:17.000,2024-01-04 11:50:17.000,523726653.0,3431014.0,1066310632,-108.0,94
617791,22,2024-01-04 12:00:03,OPMC_LIFT,925126000.0,223,225,226,367,388,384,50.01,0.8646999999999999,2024-01-04 12:00:13.000,2024-01-04 12:00:13.000,2024-01-04 12:00:13.000,523870886.0,3431014.0,1066577560,-122.0,94
617864,22,2024-01-04 12:30:03,OPMC_LIFT,925800000.0,223,225,226,204,209,212,49.96,0.8710999999999999,2024-01-04 12:30:19.000,2024-01-04 12:30:19.000,2024-01-04 12:30:19.000,524286890.0,3431014.0,1067370360,-103.0,94
617886,22,2024-01-04 12:40:03,OPMC_LIFT,926043000.0,224,225,226,198,206,207,50.0,0.8571,2024-01-04 12:40:14.000,2024-01-04 12:40:14.000,2024-01-04 12:40:14.000,524434595.0,3431014.0,1067654715,-107.0,94
617909,22,2024-01-04 12:50:03,OPMC_LIFT,926276000.0,224,226,226,132,136,139,49.99,0.8115999999999999,2024-01-04 12:50:16.000,2024-01-04 12:50:16.000,2024-01-04 12:50:16.000,524585584.0,3431014.0,1067932389,-121.0,94
617955,22,2024-01-04 13:10:03,OPMC_LIFT,926754000.0,218,220,221,302,319,316,49.98,0.8531,2024-01-04 13:10:19.000,2024-01-04 13:10:19.000,2024-01-04 13:10:19.000,524879638.0,3431014.0,1068494632,-106.0,94
617978,22,2024-01-04 13:20:03,OPMC_LIFT,926984000.0,219,222,223,374,394,389,49.98,0.8714999999999999,2024-01-04 13:20:14.000,2024-01-04 13:20:14.000,2024-01-04 13:20:14.000,525022070.0,3431014.0,1068765729,-100.0,94
618023,22,2024-01-04 13:40:03,OPMC_LIFT,927438000.0,220,222,223,318,335,332,49.98,0.852,2024-01-04 13:40:15.000,2024-01-04 13:40:15.000,2024-01-04 13:40:15.000,525306854.0,3431014.0,1069302696,-106.0,94
618052,22,2024-01-04 13:50:03,OPMC_LIFT,927686000.0,221,223,224,298,316,313,50.06,0.8443999999999999,2024-01-04 13:50:16.000,2024-01-04 13:50:16.000,2024-01-04 13:50:16.000,525457194.0,3431014.0,1069592805,-107.0,94
618065,22,2024-01-04 14:00:03,OPMC_LIFT,927905000.0,223,225,226,200,206,208,50.06,0.8706999999999999,2024-01-04 14:00:11.000,2024-01-04 14:00:11.000,2024-01-04 14:00:11.000,525589674.0,3431014.0,1069848904,-122.0,94
618093,22,2024-01-04 14:10:03,OPMC_LIFT,928129000.0,223,225,225,188,196,196,49.97,0.8538999999999999,2024-01-04 14:10:16.000,2024-01-04 14:10:16.000,2024-01-04 14:10:16.000,525731283.0,3431014.0,1070114251,-121.0,94
618129,22,2024-01-04 14:30:03,OPMC_LIFT,928529000.0,224,226,227,186,192,193,50.07,0.8494999999999999,2024-01-04 14:30:11.000,2024-01-04 14:30:11.000,2024-01-04 14:30:11.000,525997498.0,3431014.0,1070595816,-106.0,94
618157,22,2024-01-04 14:40:03,OPMC_LIFT,928713000.0,224,226,227,188,195,196,50.0,0.8508999999999999,2024-01-04 14:40:10.000,2024-01-04 14:40:10.000,2024-01-04 14:40:10.000,526110864.0,3431014.0,1070811896,-108.0,94
618178,22,2024-01-04 14:50:03,OPMC_LIFT,928899000.0,224,226,227,188,196,196,49.99,0.8503,2024-01-04 14:50:14.000,2024-01-04 14:50:14.000,2024-01-04 14:50:14.000,526224992.0,3431014.0,1071029685,-97.0,94
618185,22,2024-01-04 14:50:40,OPMC_LIFT,928910000.0,224,226,227,189,196,197,50.07,0.8514999999999999,2024-01-04 14:50:49.000,2024-01-04 14:50:49.000,2024-01-04 14:50:49.000,526232054.0,3431014.0,1071043166,-121.0,94
618224,22,2024-01-04 15:10:03,OPMC_LIFT,929272000.0,225,226,228,189,196,198,50.0,0.8508999999999999,2024-01-04 15:10:12.000,2024-01-04 15:10:12.000,2024-01-04 15:10:12.000,526455827.0,3431014.0,1071469089,-109.0,94
618325,22,2024-01-04 15:50:03,OPMC_LIFT,930022000.0,225,227,228,189,196,197,50.03,0.8493999999999999,2024-01-04 15:50:17.000,2024-01-04 15:50:17.000,2024-01-04 15:50:17.000,526918547.0,3431014.0,1072349992,-105.0,94
618344,22,2024-01-04 16:00:03,OPMC_LIFT,930108000.0,224,225,226,3,0,0,50.04,0.0,2024-01-04 16:00:15.000,2024-01-04 16:00:15.000,2024-01-04 16:00:15.000,526971872.0,3431094.0,1072451003,-103.0,94
618364,22,2024-01-04 16:10:03,OPMC_LIFT,930109000.0,225,226,227,3,0,0,49.97,0.0,2024-01-04 16:10:12.000,2024-01-04 16:10:12.000,2024-01-04 16:10:12.000,526972598.0,3431094.0,1072452133,-101.0,94
618413,22,2024-01-04 16:30:03,OPMC_LIFT,930111000.0,226,226,227,4,0,4,49.95,0.8704999999999999,2024-01-04 16:30:15.000,2024-01-04 16:30:15.000,2024-01-04 16:30:15.000,526974054.0,3431107.0,1072454459,-106.0,94
618433,22,2024-01-04 16:40:03,OPMC_LIFT,930113000.0,226,227,228,4,0,4,49.99,0.8706999999999999,2024-01-04 16:40:18.000,2024-01-04 16:40:18.000,2024-01-04 16:40:18.000,526974925.0,3431510.0,1072457227,-105.0,94
618455,22,2024-01-04 16:50:03,OPMC_LIFT,930115000.0,227,227,228,4,0,4,50.0,0.8687999999999999,2024-01-04 16:50:14.000,2024-01-04 16:50:14.000,2024-01-04 16:50:14.000,526975795.0,3431910.0,1072459998,-118.0,94
618475,22,2024-01-04 17:00:03,OPMC_LIFT,930118000.0,227,228,229,4,0,4,50.0,0.8710999999999999,2024-01-04 17:00:12.000,2024-01-04 17:00:12.000,2024-01-04 17:00:12.000,526976669.0,3432310.0,1072462779,-119.0,94
618495,22,2024-01-04 17:10:03,OPMC_LIFT,930120000.0,229,230,231,4,0,4,50.05,0.8644,2024-01-04 17:10:09.000,2024-01-04 17:10:09.000,2024-01-04 17:10:09.000,526977555.0,3432714.0,1072465595,-106.0,94
618523,22,2024-01-04 17:20:03,OPMC_LIFT,930123000.0,229,230,231,4,0,4,50.08,0.8678999999999999,2024-01-04 17:20:19.000,2024-01-04 17:20:19.000,2024-01-04 17:20:19.000,526978448.0,3433114.0,1072468421,-106.0,94
618539,22,2024-01-04 17:30:03,OPMC_LIFT,930125000.0,229,230,231,4,0,4,50.04,0.8664999999999999,2024-01-04 17:30:11.000,2024-01-04 17:30:11.000,2024-01-04 17:30:11.000,526979341.0,3433517.0,1072471249,-100.0,94
618606,22,2024-01-04 18:00:03,OPMC_LIFT,930132000.0,229,230,231,4,0,4,50.09,0.8664999999999999,2024-01-04 18:00:14.000,2024-01-04 18:00:14.000,2024-01-04 18:00:14.000,526982013.0,3434720.0,1072479717,-105.0,94
618664,22,2024-01-04 18:30:03,OPMC_LIFT,930140000.0,228,229,230,4,0,4,50.02,0.8709999999999999,2024-01-04 18:30:10.000,2024-01-04 18:30:10.000,2024-01-04 18:30:10.000,526984685.0,3435923.0,1072488177,-107.0,94
618709,22,2024-01-04 18:50:03,OPMC_LIFT,930145000.0,225,226,227,4,0,4,50.04,0.8698999999999999,2024-01-04 18:50:16.000,2024-01-04 18:50:16.000,2024-01-04 18:50:16.000,526986397.0,3436723.0,1072493659,-102.0,94
618731,22,2024-01-04 19:00:03,OPMC_LIFT,930147000.0,225,225,226,4,0,3,50.05,0.8726999999999999,2024-01-04 19:00:13.000,2024-01-04 19:00:13.000,2024-01-04 19:00:13.000,526987251.0,3437123.0,1072496385,-105.0,94
618753,22,2024-01-04 19:10:03,OPMC_LIFT,930149000.0,226,227,228,4,0,4,49.97,0.8690999999999999,2024-01-04 19:10:13.000,2024-01-04 19:10:13.000,2024-01-04 19:10:13.000,526988115.0,3437523.0,1072499141,-121.0,94
618797,22,2024-01-04 19:30:03,OPMC_LIFT,930154000.0,227,228,229,4,0,4,50.03,0.8696999999999999,2024-01-04 19:30:13.000,2024-01-04 19:30:13.000,2024-01-04 19:30:13.000,526989859.0,3438323.0,1072504689,-102.0,94
618846,22,2024-01-04 19:50:03,OPMC_LIFT,930159000.0,227,228,229,4,0,4,50.03,0.8722,2024-01-04 19:50:14.000,2024-01-04 19:50:14.000,2024-01-04 19:50:14.000,526991603.0,3439126.0,1072510245,-105.0,94
618865,22,2024-01-04 20:00:03,OPMC_LIFT,930161000.0,227,228,229,4,0,4,50.0,0.8673,2024-01-04 20:00:16.000,2024-01-04 20:00:16.000,2024-01-04 20:00:16.000,526992480.0,3439530.0,1072513029,-109.0,94
618882,22,2024-01-04 20:10:03,OPMC_LIFT,930164000.0,227,228,229,4,0,4,49.97,0.8677999999999999,2024-01-04 20:10:13.000,2024-01-04 20:10:13.000,2024-01-04 20:10:13.000,526993357.0,3439930.0,1072515819,-102.0,94
618905,22,2024-01-04 20:20:03,OPMC_LIFT,930166000.0,227,228,229,4,0,4,50.02,0.8688999999999999,2024-01-04 20:20:12.000,2024-01-04 20:20:12.000,2024-01-04 20:20:12.000,526994234.0,3440333.0,1072518600,-121.0,94
618927,22,2024-01-04 20:30:03,OPMC_LIFT,930169000.0,227,228,229,4,0,4,49.96,0.8682,2024-01-04 20:30:18.000,2024-01-04 20:30:18.000,2024-01-04 20:30:18.000,526995110.0,3440733.0,1072521393,-107.0,94
618945,22,2024-01-04 20:40:03,OPMC_LIFT,930171000.0,227,228,229,4,0,4,49.97,0.8718999999999999,2024-01-04 20:40:14.000,2024-01-04 20:40:14.000,2024-01-04 20:40:14.000,526995987.0,3441136.0,1072524181,-107.0,94
618970,22,2024-01-04 20:50:03,OPMC_LIFT,930174000.0,227,228,229,4,0,4,50.01,0.8660999999999999,2024-01-04 20:50:15.000,2024-01-04 20:50:15.000,2024-01-04 20:50:15.000,526996864.0,3441536.0,1072526965,-99.0,94
618997,22,2024-01-04 21:00:03,OPMC_LIFT,930176000.0,228,228,230,4,0,4,49.98,0.8695999999999999,2024-01-04 21:00:19.000,2024-01-04 21:00:19.000,2024-01-04 21:00:19.000,526997744.0,3441939.0,1072529765,-102.0,94
619035,22,2024-01-04 21:20:03,OPMC_LIFT,930181000.0,228,229,230,4,0,4,50.01,0.8688999999999999,2024-01-04 21:20:15.000,2024-01-04 21:20:15.000,2024-01-04 21:20:15.000,526999510.0,3442742.0,1072535371,-107.0,94
619060,22,2024-01-04 21:30:03,OPMC_LIFT,930183000.0,228,229,230,4,0,4,50.0,0.8687999999999999,2024-01-04 21:30:14.000,2024-01-04 21:30:14.000,2024-01-04 21:30:14.000,527000400.0,3443142.0,1072538190,-101.0,94
619085,22,2024-01-04 21:40:03,OPMC_LIFT,930186000.0,229,229,230,4,0,4,50.0,0.8670999999999999,2024-01-04 21:40:17.000,2024-01-04 21:40:17.000,2024-01-04 21:40:17.000,527001290.0,3443546.0,1072541009,-121.0,94
619106,22,2024-01-04 21:50:03,OPMC_LIFT,930188000.0,229,229,231,4,0,4,49.98,0.8693,2024-01-04 21:50:19.000,2024-01-04 21:50:19.000,2024-01-04 21:50:19.000,527002179.0,3443949.0,1072543832,-120.0,94
619123,22,2024-01-04 22:00:03,OPMC_LIFT,930191000.0,228,229,230,4,0,4,49.97,0.8675999999999999,2024-01-04 22:00:14.000,2024-01-04 22:00:14.000,2024-01-04 22:00:14.000,527003069.0,3444349.0,1072546648,-107.0,94
619149,22,2024-01-04 22:10:03,OPMC_LIFT,930193000.0,228,229,230,4,0,4,50.0,0.8714,2024-01-04 22:10:15.000,2024-01-04 22:10:15.000,2024-01-04 22:10:15.000,527003955.0,3444752.0,1072549467,-101.0,94
619169,22,2024-01-04 22:20:03,OPMC_LIFT,930196000.0,229,230,231,4,0,4,50.03,0.8662,2024-01-04 22:20:17.000,2024-01-04 22:20:17.000,2024-01-04 22:20:17.000,527004851.0,3445155.0,1072552299,-103.0,94
619184,22,2024-01-04 22:30:03,OPMC_LIFT,930198000.0,229,230,231,4,0,4,50.06,0.8647999999999999,2024-01-04 22:30:10.000,2024-01-04 22:30:10.000,2024-01-04 22:30:10.000,527005744.0,3445555.0,1072555128,-106.0,94
619243,22,2024-01-04 22:50:03,OPMC_LIFT,930203000.0,229,230,231,4,0,4,50.04,0.8679999999999999,2024-01-04 22:50:13.000,2024-01-04 22:50:13.000,2024-01-04 22:50:13.000,527007533.0,3446362.0,1072560801,-101.0,94
619252,22,2024-01-04 22:51:57,OPMC_LIFT,930203000.0,229,230,232,4,0,4,50.02,0.8688999999999999,2024-01-04 22:52:11.000,2024-01-04 22:52:11.000,2024-01-04 22:52:11.000,527007706.0,3446438.0,1072561342,-109.0,94
619267,22,2024-01-04 23:00:03,OPMC_LIFT,930205000.0,229,230,232,4,0,4,50.02,0.8683,2024-01-04 23:00:11.000,2024-01-04 23:00:11.000,2024-01-04 23:00:11.000,527008438.0,3446765.0,1072563653,-101.0,94
619317,22,2024-01-04 23:20:03,OPMC_LIFT,930210000.0,227,228,229,4,0,4,50.05,0.8683,2024-01-04 23:20:16.000,2024-01-04 23:20:16.000,2024-01-04 23:20:16.000,527010214.0,3447568.0,1072569294,-105.0,94
619352,22,2024-01-04 23:40:03,OPMC_LIFT,930215000.0,227,228,230,4,0,4,49.95,0.8683,2024-01-04 23:40:12.000,2024-01-04 23:40:12.000,2024-01-04 23:40:12.000,527011968.0,3448368.0,1072574869,-100.0,94
619400,22,2024-01-05 00:00:03,OPMC_LIFT,930220000.0,228,228,230,4,0,4,49.96,0.8672,2024-01-05 00:00:14.000,2024-01-05 00:00:14.000,2024-01-05 00:00:14.000,527013731.0,3449174.0,1072580469,-108.0,94
619422,22,2024-01-05 00:10:03,OPMC_LIFT,930222000.0,228,228,230,4,0,4,49.95,0.8688999999999999,2024-01-05 00:10:16.000,2024-01-05 00:10:16.000,2024-01-05 00:10:16.000,527014614.0,3449578.0,1072583275,-107.0,94
619495,22,2024-01-05 00:40:03,OPMC_LIFT,930230000.0,228,228,230,4,0,4,49.96,0.8663,2024-01-05 00:40:13.000,2024-01-05 00:40:13.000,2024-01-05 00:40:13.000,527017274.0,3450784.0,1072591707,-123.0,94
619517,22,2024-01-05 00:50:03,OPMC_LIFT,930232000.0,228,229,230,4,0,4,50.04,0.8686999999999999,2024-01-05 00:50:12.000,2024-01-05 00:50:12.000,2024-01-05 00:50:12.000,527018163.0,3451187.0,1072594523,-121.0,94
619563,22,2024-01-05 01:10:03,OPMC_LIFT,930237000.0,228,229,230,4,0,4,50.03,0.8672,2024-01-05 01:10:11.000,2024-01-05 01:10:11.000,2024-01-05 01:10:11.000,527019939.0,3451994.0,1072600149,-119.0,94
619609,22,2024-01-05 01:20:03,OPMC_LIFT,930240000.0,228,228,230,4,0,4,49.97,0.8677999999999999,2024-01-05 01:20:16.000,2024-01-05 01:20:16.000,2024-01-05 01:20:16.000,527020829.0,3452397.0,1072602968,-121.0,94
619634,22,2024-01-05 01:30:03,OPMC_LIFT,930242000.0,229,229,230,4,0,4,49.99,0.8679999999999999,2024-01-05 01:30:17.000,2024-01-05 01:30:17.000,2024-01-05 01:30:17.000,527021718.0,3452800.0,1072605790,-109.0,94
619653,22,2024-01-05 01:40:03,OPMC_LIFT,930244000.0,229,229,231,4,0,4,50.0,0.8670999999999999,2024-01-05 01:40:11.000,2024-01-05 01:40:11.000,2024-01-05 01:40:11.000,527022611.0,3453203.0,1072608616,-119.0,94
619707,22,2024-01-05 02:00:03,OPMC_LIFT,930249000.0,229,230,231,4,0,4,50.02,0.8686999999999999,2024-01-05 02:00:12.000,2024-01-05 02:00:12.000,2024-01-05 02:00:12.000,527024406.0,3454010.0,1072614289,-121.0,94
619727,22,2024-01-05 02:10:03,OPMC_LIFT,930252000.0,229,230,231,4,0,4,49.98,0.8675999999999999,2024-01-05 02:10:11.000,2024-01-05 02:10:11.000,2024-01-05 02:10:11.000,527025306.0,3454413.0,1072617134,-109.0,94
619757,22,2024-01-05 02:20:03,OPMC_LIFT,930254000.0,229,230,231,4,0,4,49.97,0.8680999999999999,2024-01-05 02:20:17.000,2024-01-05 02:20:17.000,2024-01-05 02:20:17.000,527026205.0,3454816.0,1072619976,-121.0,94
619807,22,2024-01-05 02:40:03,OPMC_LIFT,930259000.0,229,230,231,4,0,4,49.99,0.8675999999999999,2024-01-05 02:40:14.000,2024-01-05 02:40:14.000,2024-01-05 02:40:14.000,527028006.0,3455622.0,1072625665,-121.0,94
619829,22,2024-01-05 02:50:03,OPMC_LIFT,930262000.0,230,230,231,4,0,4,49.98,0.8693,2024-01-05 02:50:12.000,2024-01-05 02:50:12.000,2024-01-05 02:50:12.000,527028909.0,3456026.0,1072628513,-111.0,94
619857,22,2024-01-05 03:00:03,OPMC_LIFT,930264000.0,230,230,232,4,0,4,49.97,0.8684,2024-01-05 03:00:15.000,2024-01-05 03:00:15.000,2024-01-05 03:00:15.000,527029814.0,3456432.0,1072631368,-121.0,94
619928,22,2024-01-05 03:30:03,OPMC_LIFT,930272000.0,230,230,232,4,0,4,49.95,0.8664999999999999,2024-01-05 03:30:15.000,2024-01-05 03:30:15.000,2024-01-05 03:30:15.000,527032538.0,3457642.0,1072639947,-121.0,94
619974,22,2024-01-05 03:50:03,OPMC_LIFT,930277000.0,230,230,232,4,0,4,49.96,0.8666999999999999,2024-01-05 03:50:16.000,2024-01-05 03:50:16.000,2024-01-05 03:50:16.000,527034358.0,3458448.0,1072645681,-103.0,94
620003,22,2024-01-05 04:00:03,OPMC_LIFT,930279000.0,230,230,232,4,0,4,50.01,0.8669999999999999,2024-01-05 04:00:16.000,2024-01-05 04:00:16.000,2024-01-05 04:00:16.000,527035267.0,3458851.0,1072648539,-108.0,94
620029,22,2024-01-05 04:10:03,OPMC_LIFT,930282000.0,230,230,232,4,0,4,50.05,0.8684999999999999,2024-01-05 04:10:17.000,2024-01-05 04:10:17.000,2024-01-05 04:10:17.000,527036173.0,3459254.0,1072651403,-109.0,94
620043,22,2024-01-05 04:20:03,OPMC_LIFT,930284000.0,230,230,232,4,0,4,50.03,0.8698999999999999,2024-01-05 04:20:15.000,2024-01-05 04:20:15.000,2024-01-05 04:20:15.000,527037078.0,3459658.0,1072654257,-100.0,94
620092,22,2024-01-05 04:40:03,OPMC_LIFT,930289000.0,229,230,231,4,0,4,49.98,0.8667999999999999,2024-01-05 04:40:15.000,2024-01-05 04:40:15.000,2024-01-05 04:40:15.000,527038886.0,3460464.0,1072659960,-120.0,94
620120,22,2024-01-05 04:50:03,OPMC_LIFT,930291000.0,230,230,232,4,0,4,50.01,0.8698999999999999,2024-01-05 04:50:18.000,2024-01-05 04:50:18.000,2024-01-05 04:50:18.000,527039789.0,3460867.0,1072662808,-101.0,94
620141,22,2024-01-05 05:00:03,OPMC_LIFT,930294000.0,229,230,231,4,0,4,49.96,0.8672,2024-01-05 05:00:12.000,2024-01-05 05:00:12.000,2024-01-05 05:00:12.000,527040688.0,3461267.0,1072665653,-119.0,94
620167,22,2024-01-05 05:10:03,OPMC_LIFT,930296000.0,229,229,231,4,0,4,50.0,0.8687999999999999,2024-01-05 05:10:14.000,2024-01-05 05:10:14.000,2024-01-05 05:10:14.000,527041587.0,3461670.0,1072668488,-121.0,94
620190,22,2024-01-05 05:20:02,OPMC_LIFT,930299000.0,228,228,230,4,0,4,50.01,0.8692,2024-01-05 05:20:14.000,2024-01-05 05:20:14.000,2024-01-05 05:20:14.000,527042477.0,3462074.0,1072671304,-108.0,94
620211,22,2024-01-05 05:30:03,OPMC_LIFT,930301000.0,228,229,230,4,0,4,50.04,0.8682,2024-01-05 05:30:15.000,2024-01-05 05:30:15.000,2024-01-05 05:30:15.000,527043363.0,3462477.0,1072674117,-107.0,94
620237,22,2024-01-05 05:40:03,OPMC_LIFT,930304000.0,228,228,230,4,0,4,50.02,0.8664999999999999,2024-01-05 05:40:14.000,2024-01-05 05:40:14.000,2024-01-05 05:40:14.000,527044246.0,3462880.0,1072676917,-101.0,94
620254,22,2024-01-05 05:50:03,OPMC_LIFT,930306000.0,227,228,229,4,0,4,49.99,0.8686999999999999,2024-01-05 05:50:10.000,2024-01-05 05:50:10.000,2024-01-05 05:50:10.000,527045130.0,3463283.0,1072679710,-99.0,94
620278,22,2024-01-05 06:00:02,OPMC_LIFT,930309000.0,227,228,229,4,0,4,49.95,0.8684999999999999,2024-01-05 06:00:09.000,2024-01-05 06:00:09.000,2024-01-05 06:00:09.000,527046006.0,3463686.0,1072682501,-121.0,94
620302,22,2024-01-05 06:10:04,OPMC_LIFT,930311000.0,226,227,228,4,0,4,50.03,0.8694999999999999,2024-01-05 06:10:12.000,2024-01-05 06:10:12.000,2024-01-05 06:10:12.000,527046880.0,3464090.0,1072685278,-108.0,94
620328,22,2024-01-05 06:20:03,OPMC_LIFT,930313000.0,226,227,228,4,0,4,50.0,0.8713,2024-01-05 06:20:15.000,2024-01-05 06:20:15.000,2024-01-05 06:20:15.000,527047747.0,3464490.0,1072688040,-102.0,94
620388,22,2024-01-05 06:40:03,OPMC_LIFT,930318000.0,225,226,227,4,0,4,50.04,0.8695999999999999,2024-01-05 06:40:14.000,2024-01-05 06:40:14.000,2024-01-05 06:40:14.000,527049466.0,3465293.0,1072693525,-105.0,94
620416,22,2024-01-05 06:50:03,OPMC_LIFT,930321000.0,225,225,226,4,0,3,50.03,0.8713,2024-01-05 06:50:11.000,2024-01-05 06:50:11.000,2024-01-05 06:50:11.000,527050317.0,3465696.0,1072696248,-106.0,94
620426,22,2024-01-05 06:54:29,OPMC_LIFT,930322000.0,225,225,226,4,0,4,50.04,0.8699999999999999,2024-01-05 06:54:39.000,2024-01-05 06:54:39.000,2024-01-05 06:54:39.000,527050694.0,3465872.0,1072697454,-121.0,94
620446,22,2024-01-05 07:00:03,OPMC_LIFT,930323000.0,224,225,226,4,0,4,49.96,0.8713,2024-01-05 07:00:16.000,2024-01-05 07:00:16.000,2024-01-05 07:00:16.000,527051168.0,3466096.0,1072698968,-123.0,94
620471,22,2024-01-05 07:10:03,OPMC_LIFT,930325000.0,226,227,228,4,0,4,50.02,0.8689999999999999,2024-01-05 07:10:19.000,2024-01-05 07:10:19.000,2024-01-05 07:10:19.000,527052022.0,3466496.0,1072701691,-103.0,94
620494,22,2024-01-05 07:20:03,OPMC_LIFT,930328000.0,225,226,227,4,0,4,50.02,0.8706999999999999,2024-01-05 07:20:14.000,2024-01-05 07:20:14.000,2024-01-05 07:20:14.000,527052883.0,3466896.0,1072704437,-103.0,94
620519,22,2024-01-05 07:30:03,OPMC_LIFT,930330000.0,225,226,227,4,0,3,50.02,0.8698999999999999,2024-01-05 07:30:12.000,2024-01-05 07:30:12.000,2024-01-05 07:30:12.000,527053741.0,3467296.0,1072707169,-123.0,94
620637,22,2024-01-05 08:20:03,OPMC_LIFT,930342000.0,224,225,226,4,0,4,50.07,0.8688999999999999,2024-01-05 08:20:16.000,2024-01-05 08:20:16.000,2024-01-05 08:20:16.000,527058045.0,3469302.0,1072720878,-100.0,94
620666,22,2024-01-05 08:30:03,OPMC_LIFT,930344000.0,226,227,228,4,0,4,50.06,0.8677999999999999,2024-01-05 08:30:14.000,2024-01-05 08:30:14.000,2024-01-05 08:30:14.000,527058893.0,3469702.0,1072723585,-120.0,94
620719,22,2024-01-05 08:50:03,OPMC_LIFT,930830000.0,220,222,223,345,364,364,50.07,0.8689999999999999,2024-01-05 08:50:18.000,2024-01-05 08:50:18.000,2024-01-05 08:50:18.000,527348019.0,3469789.0,1073290670,-108.0,94
620767,22,2024-01-05 09:10:04,OPMC_LIFT,931502000.0,219,221,222,333,352,352,50.04,0.8687999999999999,2024-01-05 09:10:13.000,2024-01-05 09:10:13.000,2024-01-05 09:10:13.000,527732410.0,3469789.0,1074064600,-100.0,94
620824,22,2024-01-05 09:30:03,OPMC_LIFT,932157000.0,218,220,221,328,346,346,49.99,0.8683,2024-01-05 09:30:16.000,2024-01-05 09:30:16.000,2024-01-05 09:30:16.000,528105728.0,3469789.0,1074819880,-105.0,94
620867,22,2024-01-05 09:50:03,OPMC_LIFT,932810000.0,220,222,223,327,344,345,49.98,0.8655999999999999,2024-01-05 09:50:11.000,2024-01-05 09:50:11.000,2024-01-05 09:50:11.000,528482858.0,3469789.0,1075573678,-101.0,94
620941,22,2024-01-05 10:20:03,OPMC_LIFT,933793000.0,219,221,223,332,348,349,49.99,0.8683,2024-01-05 10:20:17.000,2024-01-05 10:20:17.000,2024-01-05 10:20:17.000,529047350.0,3469789.0,1076708091,-103.0,94
620968,22,2024-01-05 10:30:03,OPMC_LIFT,934125000.0,219,221,223,334,351,350,50.02,0.8684999999999999,2024-01-05 10:30:15.000,2024-01-05 10:30:15.000,2024-01-05 10:30:15.000,529236941.0,3469789.0,1077090654,-102.0,94
620991,22,2024-01-05 10:40:03,OPMC_LIFT,934458000.0,219,221,222,340,356,357,50.0,0.8694999999999999,2024-01-05 10:40:16.000,2024-01-05 10:40:16.000,2024-01-05 10:40:16.000,529426582.0,3469789.0,1077474331,-121.0,94
621064,22,2024-01-05 11:10:03,OPMC_LIFT,935464000.0,220,222,223,335,353,353,50.02,0.8670999999999999,2024-01-05 11:10:12.000,2024-01-05 11:10:12.000,2024-01-05 11:10:12.000,529998048.0,3469789.0,1078631089,-100.0,94
621091,22,2024-01-05 11:20:03,OPMC_LIFT,935802000.0,220,223,224,341,359,359,50.02,0.8678999999999999,2024-01-05 11:20:11.000,2024-01-05 11:20:11.000,2024-01-05 11:20:11.000,530190787.0,3469789.0,1079020331,-103.0,94
621115,22,2024-01-05 11:30:03,OPMC_LIFT,936140000.0,223,225,226,335,353,355,50.03,0.8633,2024-01-05 11:30:14.000,2024-01-05 11:30:14.000,2024-01-05 11:30:14.000,530386294.0,3469789.0,1079411525,-123.0,94
621141,22,2024-01-05 11:40:03,OPMC_LIFT,936476000.0,223,225,226,334,353,355,50.01,0.8619999999999999,2024-01-05 11:40:14.000,2024-01-05 11:40:14.000,2024-01-05 11:40:14.000,530583434.0,3469789.0,1079800824,-106.0,94
621168,22,2024-01-05 11:50:03,OPMC_LIFT,936813000.0,223,225,226,335,353,355,49.95,0.8614999999999999,2024-01-05 11:50:18.000,2024-01-05 11:50:18.000,2024-01-05 11:50:18.000,530781693.0,3469789.0,1080192136,-121.0,94
621210,22,2024-01-05 12:10:03,OPMC_LIFT,937488000.0,221,224,225,336,354,355,49.96,0.8649999999999999,2024-01-05 12:10:11.000,2024-01-05 12:10:11.000,2024-01-05 12:10:11.000,531174928.0,3469789.0,1080973365,-106.0,94
621237,22,2024-01-05 12:20:03,OPMC_LIFT,937826000.0,222,224,225,339,357,359,50.03,0.8652,2024-01-05 12:20:11.000,2024-01-05 12:20:11.000,2024-01-05 12:20:11.000,531370512.0,3469789.0,1081364075,-123.0,94
621268,22,2024-01-05 12:30:03,OPMC_LIFT,938164000.0,222,224,225,338,356,358,49.96,0.8653,2024-01-05 12:30:16.000,2024-01-05 12:30:16.000,2024-01-05 12:30:16.000,531566486.0,3469789.0,1081754965,-103.0,94
621296,22,2024-01-05 12:40:03,OPMC_LIFT,938502000.0,221,223,224,334,352,353,49.96,0.8654999999999999,2024-01-05 12:40:15.000,2024-01-05 12:40:15.000,2024-01-05 12:40:15.000,531761741.0,3469789.0,1082145611,-103.0,94
621323,22,2024-01-05 12:50:03,OPMC_LIFT,938840000.0,221,223,224,337,354,355,49.97,0.8672,2024-01-05 12:50:18.000,2024-01-05 12:50:18.000,2024-01-05 12:50:18.000,531956234.0,3469789.0,1082535867,-100.0,94
621342,22,2024-01-05 13:00:03,OPMC_LIFT,939179000.0,219,221,222,341,359,360,49.96,0.8705999999999999,2024-01-05 13:00:17.000,2024-01-05 13:00:17.000,2024-01-05 13:00:17.000,532149328.0,3469789.0,1082926478,-107.0,94
621364,22,2024-01-05 13:10:03,OPMC_LIFT,939520000.0,219,221,222,345,363,363,49.98,0.8724999999999999,2024-01-05 13:10:11.000,2024-01-05 13:10:11.000,2024-01-05 13:10:11.000,532340922.0,3469789.0,1083317518,-120.0,94
621389,22,2024-01-05 13:20:03,OPMC_LIFT,939863000.0,220,222,223,341,359,359,49.97,0.8685999999999999,2024-01-05 13:20:19.000,2024-01-05 13:20:19.000,2024-01-05 13:20:19.000,532532893.0,3469789.0,1083710945,-103.0,94
621407,22,2024-01-05 13:30:03,OPMC_LIFT,940204000.0,220,222,223,341,360,359,49.98,0.8700999999999999,2024-01-05 13:30:13.000,2024-01-05 13:30:13.000,2024-01-05 13:30:13.000,532726346.0,3469789.0,1084103013,-103.0,94
621438,22,2024-01-05 13:40:03,OPMC_LIFT,940545000.0,219,221,223,342,359,359,49.96,0.8698999999999999,2024-01-05 13:40:15.000,2024-01-05 13:40:15.000,2024-01-05 13:40:15.000,532919075.0,3469789.0,1084494229,-106.0,94
621463,22,2024-01-05 13:50:03,OPMC_LIFT,940886000.0,219,221,223,343,360,360,50.01,0.8706999999999999,2024-01-05 13:50:18.000,2024-01-05 13:50:18.000,2024-01-05 13:50:18.000,533111373.0,3469789.0,1084886027,-120.0,94
621507,22,2024-01-05 14:10:03,OPMC_LIFT,941487000.0,223,224,226,189,193,197,50.05,0.8743,2024-01-05 14:10:14.000,2024-01-05 14:10:14.000,2024-01-05 14:10:14.000,533451037.0,3469789.0,1085576094,-108.0,94
621536,22,2024-01-05 14:20:03,OPMC_LIFT,941678000.0,223,225,226,193,196,201,50.03,0.8736999999999999,2024-01-05 14:20:16.000,2024-01-05 14:20:16.000,2024-01-05 14:20:16.000,533557101.0,3469789.0,1085795093,-106.0,94
621559,22,2024-01-05 14:30:03,OPMC_LIFT,941874000.0,223,224,225,197,200,205,50.01,0.8755,2024-01-05 14:30:11.000,2024-01-05 14:30:11.000,2024-01-05 14:30:11.000,533664992.0,3469789.0,1086018622,-105.0,94
621625,22,2024-01-05 14:50:03,OPMC_LIFT,942272000.0,223,225,226,203,207,211,50.05,0.8776999999999999,2024-01-05 14:50:18.000,2024-01-05 14:50:18.000,2024-01-05 14:50:18.000,533883565.0,3469789.0,1086473301,-106.0,94
621631,22,2024-01-05 14:50:48,OPMC_LIFT,942288000.0,223,225,226,202,206,211,50.07,0.8765,2024-01-05 14:51:00.000,2024-01-05 14:51:00.000,2024-01-05 14:51:00.000,533892099.0,3469789.0,1086491086,-103.0,94
621650,22,2024-01-05 15:00:03,OPMC_LIFT,942476000.0,223,225,226,203,206,211,50.06,0.8761999999999999,2024-01-05 15:00:16.000,2024-01-05 15:00:16.000,2024-01-05 15:00:16.000,533994976.0,3469789.0,1086705304,-121.0,94
621674,22,2024-01-05 15:10:03,OPMC_LIFT,942680000.0,222,224,226,203,207,212,49.95,0.8769999999999999,2024-01-05 15:10:10.000,2024-01-05 15:10:10.000,2024-01-05 15:10:10.000,534106717.0,3469789.0,1086937653,-105.0,94
621701,22,2024-01-05 15:20:03,OPMC_LIFT,942884000.0,223,224,225,204,208,213,49.99,0.8770999999999999,2024-01-05 15:20:11.000,2024-01-05 15:20:11.000,2024-01-05 15:20:11.000,534218381.0,3469789.0,1087170757,-123.0,94
621726,22,2024-01-05 15:30:03,OPMC_LIFT,943089000.0,222,224,225,204,208,212,49.98,0.8774,2024-01-05 15:30:11.000,2024-01-05 15:30:11.000,2024-01-05 15:30:11.000,534330000.0,3469789.0,1087404161,-120.0,94
621751,22,2024-01-05 15:40:03,OPMC_LIFT,943294000.0,223,224,226,203,207,211,49.99,0.8761999999999999,2024-01-05 15:40:10.000,2024-01-05 15:40:10.000,2024-01-05 15:40:10.000,534441891.0,3469789.0,1087637173,-121.0,94
621777,22,2024-01-05 15:50:03,OPMC_LIFT,943496000.0,223,225,226,200,204,209,49.99,0.8755999999999999,2024-01-05 15:50:12.000,2024-01-05 15:50:12.000,2024-01-05 15:50:12.000,534553098.0,3469789.0,1087868363,-105.0,94
621801,22,2024-01-05 16:00:03,OPMC_LIFT,943649000.0,227,228,229,3,0,0,49.98,0.0,2024-01-05 16:00:15.000,2024-01-05 16:00:15.000,2024-01-05 16:00:15.000,534637402.0,3469789.0,1088042472,-101.0,94
621835,22,2024-01-05 16:10:03,OPMC_LIFT,943650000.0,228,229,230,3,0,0,50.01,0.4741999999999999,2024-01-05 16:10:17.000,2024-01-05 16:10:17.000,2024-01-05 16:10:17.000,534638157.0,3469795.0,1088043688,-120.0,94
621858,22,2024-01-05 16:20:03,OPMC_LIFT,943651000.0,228,228,230,3,0,0,49.97,0.475,2024-01-05 16:20:15.000,2024-01-05 16:20:15.000,2024-01-05 16:20:15.000,534638912.0,3469808.0,1088044885,-121.0,94
621884,22,2024-01-05 16:30:03,OPMC_LIFT,943652000.0,229,230,231,4,0,4,50.04,0.8693,2024-01-05 16:30:14.000,2024-01-05 16:30:14.000,2024-01-05 16:30:14.000,534639667.0,3469834.0,1088046145,-100.0,94
621909,22,2024-01-05 16:40:03,OPMC_LIFT,943654000.0,229,230,231,4,0,4,49.98,0.8665999999999999,2024-01-05 16:40:12.000,2024-01-05 16:40:12.000,2024-01-05 16:40:12.000,534640570.0,3470234.0,1088048987,-106.0,94
621933,22,2024-01-05 16:50:03,OPMC_LIFT,943657000.0,227,228,229,4,0,4,50.04,0.8667999999999999,2024-01-05 16:50:12.000,2024-01-05 16:50:12.000,2024-01-05 16:50:12.000,534641456.0,3470630.0,1088051781,-121.0,94
621967,22,2024-01-05 17:00:03,OPMC_LIFT,943659000.0,226,227,228,4,0,4,50.05,0.8654,2024-01-05 17:00:19.000,2024-01-05 17:00:19.000,2024-01-05 17:00:19.000,534642339.0,3471030.0,1088054574,-107.0,94
621996,22,2024-01-05 17:10:03,OPMC_LIFT,943662000.0,228,228,229,4,0,4,50.06,0.8692,2024-01-05 17:10:15.000,2024-01-05 17:10:15.000,2024-01-05 17:10:15.000,534643213.0,3471430.0,1088057342,-106.0,94
622020,22,2024-01-05 17:20:03,OPMC_LIFT,943664000.0,228,228,230,4,0,4,50.02,0.8715999999999999,2024-01-05 17:20:14.000,2024-01-05 17:20:14.000,2024-01-05 17:20:14.000,534644096.0,3471830.0,1088060139,-101.0,94
622044,22,2024-01-05 17:30:03,OPMC_LIFT,943666000.0,228,229,230,4,0,4,50.05,0.8642,2024-01-05 17:30:15.000,2024-01-05 17:30:15.000,2024-01-05 17:30:15.000,534644982.0,3472230.0,1088062942,-121.0,94
622069,22,2024-01-05 17:40:03,OPMC_LIFT,943669000.0,228,228,230,4,0,4,49.95,0.8662,2024-01-05 17:40:10.000,2024-01-05 17:40:10.000,2024-01-05 17:40:10.000,534645872.0,3472630.0,1088065752,-107.0,94
622099,22,2024-01-05 17:50:03,OPMC_LIFT,943671000.0,229,230,231,4,0,4,49.96,0.8662,2024-01-05 17:50:13.000,2024-01-05 17:50:13.000,2024-01-05 17:50:13.000,534646768.0,3473027.0,1088068577,-103.0,94
622123,22,2024-01-05 18:00:03,OPMC_LIFT,943674000.0,227,228,229,4,0,4,50.04,0.8673,2024-01-05 18:00:10.000,2024-01-05 18:00:10.000,2024-01-05 18:00:10.000,534647670.0,3473427.0,1088071413,-121.0,94
622156,22,2024-01-05 18:10:03,OPMC_LIFT,943676000.0,228,228,230,4,0,4,50.03,0.8670999999999999,2024-01-05 18:10:16.000,2024-01-05 18:10:16.000,2024-01-05 18:10:16.000,534648554.0,3473827.0,1088074213,-101.0,94
622204,22,2024-01-05 18:30:03,OPMC_LIFT,943681000.0,228,229,230,4,0,4,49.95,0.8658999999999999,2024-01-05 18:30:15.000,2024-01-05 18:30:15.000,2024-01-05 18:30:15.000,534650339.0,3474627.0,1088079848,-103.0,94
622230,22,2024-01-05 18:40:03,OPMC_LIFT,943683000.0,228,228,230,4,0,4,50.03,0.8675999999999999,2024-01-05 18:40:13.000,2024-01-05 18:40:13.000,2024-01-05 18:40:13.000,534651229.0,3475027.0,1088082661,-101.0,94
622277,22,2024-01-05 19:00:03,OPMC_LIFT,943688000.0,229,229,231,4,0,4,50.07,0.8692,2024-01-05 19:00:11.000,2024-01-05 19:00:11.000,2024-01-05 19:00:11.000,534653011.0,3475827.0,1088088296,-121.0,94
622301,22,2024-01-05 19:10:03,OPMC_LIFT,943691000.0,228,229,231,4,0,4,49.98,0.8677999999999999,2024-01-05 19:10:10.000,2024-01-05 19:10:10.000,2024-01-05 19:10:10.000,534653904.0,3476227.0,1088091118,-103.0,94
622331,22,2024-01-05 19:20:03,OPMC_LIFT,943693000.0,228,229,230,4,0,4,50.04,0.8657999999999999,2024-01-05 19:20:11.000,2024-01-05 19:20:11.000,2024-01-05 19:20:11.000,534654794.0,3476624.0,1088093934,-100.0,94
622354,22,2024-01-05 19:30:03,OPMC_LIFT,943696000.0,229,229,231,4,0,4,50.07,0.8678999999999999,2024-01-05 19:30:15.000,2024-01-05 19:30:15.000,2024-01-05 19:30:15.000,534655686.0,3477027.0,1088096753,-121.0,94
622404,22,2024-01-05 19:50:03,OPMC_LIFT,943701000.0,228,229,230,4,0,4,50.06,0.8684,2024-01-05 19:50:12.000,2024-01-05 19:50:12.000,2024-01-05 19:50:12.000,534657469.0,3477827.0,1088102395,-107.0,94
622454,22,2024-01-05 20:10:03,OPMC_LIFT,943705000.0,228,229,230,4,0,4,50.05,0.8690999999999999,2024-01-05 20:10:12.000,2024-01-05 20:10:12.000,2024-01-05 20:10:12.000,534659248.0,3478630.0,1088108030,-100.0,94
622481,22,2024-01-05 20:20:03,OPMC_LIFT,943708000.0,228,229,231,4,0,4,49.98,0.8652,2024-01-05 20:20:13.000,2024-01-05 20:20:13.000,2024-01-05 20:20:13.000,534660138.0,3479030.0,1088110843,-107.0,94
622531,22,2024-01-05 20:40:03,OPMC_LIFT,943713000.0,228,229,231,4,0,4,50.04,0.8674,2024-01-05 20:40:15.000,2024-01-05 20:40:15.000,2024-01-05 20:40:15.000,534661923.0,3479834.0,1088116491,-121.0,94
622557,22,2024-01-05 20:50:03,OPMC_LIFT,943715000.0,229,229,231,4,0,4,50.06,0.8680999999999999,2024-01-05 20:50:14.000,2024-01-05 20:50:14.000,2024-01-05 20:50:14.000,534662819.0,3480237.0,1088119317,-120.0,94
622606,22,2024-01-05 21:10:03,OPMC_LIFT,943720000.0,229,230,231,4,0,4,50.02,0.8672,2024-01-05 21:10:29.000,2024-01-05 21:10:29.000,2024-01-05 21:10:29.000,534664614.0,3481040.0,1088124993,-106.0,94
622635,22,2024-01-05 21:20:03,OPMC_LIFT,943723000.0,229,230,232,4,0,4,50.04,0.8672,2024-01-05 21:20:13.000,2024-01-05 21:20:13.000,2024-01-05 21:20:13.000,534665517.0,3481443.0,1088127841,-123.0,94
622661,22,2024-01-05 21:30:04,OPMC_LIFT,943725000.0,230,230,232,4,0,4,50.05,0.8675999999999999,2024-01-05 21:30:17.000,2024-01-05 21:30:17.000,2024-01-05 21:30:17.000,534666419.0,3481846.0,1088130689,-101.0,94
622685,22,2024-01-05 21:40:03,OPMC_LIFT,943728000.0,230,231,232,4,0,4,50.05,0.8664999999999999,2024-01-05 21:40:14.000,2024-01-05 21:40:14.000,2024-01-05 21:40:14.000,534667328.0,3482250.0,1088133553,-121.0,94
622715,22,2024-01-05 21:50:03,OPMC_LIFT,943730000.0,230,231,232,4,0,4,50.05,0.8674999999999999,2024-01-05 21:50:17.000,2024-01-05 21:50:17.000,2024-01-05 21:50:17.000,534668237.0,3482653.0,1088136417,-106.0,94
622740,22,2024-01-05 22:00:03,OPMC_LIFT,943733000.0,230,231,232,4,0,4,49.94,0.8669999999999999,2024-01-05 22:00:17.000,2024-01-05 22:00:17.000,2024-01-05 22:00:17.000,534669149.0,3483056.0,1088139288,-107.0,94
622756,22,2024-01-05 22:10:03,OPMC_LIFT,943735000.0,226,226,228,4,0,4,50.06,0.8727999999999999,2024-01-05 22:10:14.000,2024-01-05 22:10:14.000,2024-01-05 22:10:14.000,534670019.0,3483456.0,1088142053,-121.0,94
622804,22,2024-01-05 22:30:03,OPMC_LIFT,943740000.0,226,227,228,4,0,4,49.97,0.8697999999999999,2024-01-05 22:30:17.000,2024-01-05 22:30:17.000,2024-01-05 22:30:17.000,534671750.0,3484256.0,1088147573,-109.0,94
622839,22,2024-01-05 22:40:03,OPMC_LIFT,943742000.0,226,227,229,4,0,4,50.05,0.8676999999999999,2024-01-05 22:40:18.000,2024-01-05 22:40:18.000,2024-01-05 22:40:18.000,534672618.0,3484656.0,1088150337,-97.0,94
622863,22,2024-01-05 22:50:03,OPMC_LIFT,943745000.0,227,227,229,4,0,4,50.04,0.8682,2024-01-05 22:50:15.000,2024-01-05 22:50:15.000,2024-01-05 22:50:15.000,534673488.0,3485059.0,1088153115,-101.0,94
622870,22,2024-01-05 22:55:42,OPMC_LIFT,943746000.0,227,228,229,4,0,4,50.08,0.8664,2024-01-05 22:55:53.000,2024-01-05 22:55:53.000,2024-01-05 22:55:53.000,534673984.0,3485286.0,1088154693,-121.0,94
622909,22,2024-01-05 23:10:03,OPMC_LIFT,943750000.0,227,227,229,4,0,4,49.96,0.8667999999999999,2024-01-05 23:10:14.000,2024-01-05 23:10:14.000,2024-01-05 23:10:14.000,534675238.0,3485859.0,1088158680,-108.0,94
622931,22,2024-01-05 23:20:03,OPMC_LIFT,943752000.0,227,227,229,4,0,4,49.99,0.8688999999999999,2024-01-05 23:20:11.000,2024-01-05 23:20:11.000,2024-01-05 23:20:11.000,534676112.0,3486259.0,1088161457,-102.0,94
622956,22,2024-01-05 23:30:03,OPMC_LIFT,943754000.0,227,228,230,4,0,4,50.06,0.8704,2024-01-05 23:30:11.000,2024-01-05 23:30:11.000,2024-01-05 23:30:11.000,534676989.0,3486659.0,1088164248,-120.0,94
623038,22,2024-01-06 00:00:03,OPMC_LIFT,943762000.0,228,228,230,4,0,4,49.92,0.8689999999999999,2024-01-06 00:00:12.000,2024-01-06 00:00:12.000,2024-01-06 00:00:12.000,534679632.0,3487862.0,1088172641,-99.0,94
623059,22,2024-01-06 00:10:03,OPMC_LIFT,943764000.0,228,228,230,4,0,4,50.06,0.8657999999999999,2024-01-06 00:10:13.000,2024-01-06 00:10:13.000,2024-01-06 00:10:13.000,534680518.0,3488262.0,1088175454,-121.0,94
623107,22,2024-01-06 00:30:03,OPMC_LIFT,943769000.0,228,229,230,4,0,4,50.07,0.8688999999999999,2024-01-06 00:30:10.000,2024-01-06 00:30:10.000,2024-01-06 00:30:10.000,534682291.0,3489069.0,1088181080,-107.0,94
623128,22,2024-01-06 00:40:03,OPMC_LIFT,943771000.0,228,229,231,4,0,4,50.01,0.8685999999999999,2024-01-06 00:40:10.000,2024-01-06 00:40:10.000,2024-01-06 00:40:10.000,534683181.0,3489469.0,1088183896,-106.0,94
623163,22,2024-01-06 00:50:03,OPMC_LIFT,943774000.0,228,229,231,4,0,4,50.03,0.8652,2024-01-06 00:50:15.000,2024-01-06 00:50:15.000,2024-01-06 00:50:15.000,534684074.0,3489872.0,1088186718,-120.0,94
623204,22,2024-01-06 01:10:03,OPMC_LIFT,943779000.0,228,229,231,4,0,4,50.04,0.8672,2024-01-06 01:10:10.000,2024-01-06 01:10:10.000,2024-01-06 01:10:10.000,534685856.0,3490675.0,1088192373,-123.0,94
623245,22,2024-01-06 01:20:03,OPMC_LIFT,943781000.0,229,229,231,4,0,4,50.06,0.8641,2024-01-06 01:20:11.000,2024-01-06 01:20:11.000,2024-01-06 01:20:11.000,534686749.0,3491078.0,1088195201,-106.0,94
623273,22,2024-01-06 01:30:03,OPMC_LIFT,943784000.0,229,229,231,4,0,4,50.05,0.8647999999999999,2024-01-06 01:30:17.000,2024-01-06 01:30:17.000,2024-01-06 01:30:17.000,534687645.0,3491482.0,1088198033,-121.0,94
623325,22,2024-01-06 01:50:03,OPMC_LIFT,943789000.0,229,230,231,4,0,4,50.0,0.8646999999999999,2024-01-06 01:50:15.000,2024-01-06 01:50:15.000,2024-01-06 01:50:15.000,534689443.0,3492285.0,1088203713,-108.0,94
623350,22,2024-01-06 02:00:03,OPMC_LIFT,943791000.0,230,230,232,4,0,4,50.1,0.8674,2024-01-06 02:00:15.000,2024-01-06 02:00:15.000,2024-01-06 02:00:15.000,534690342.0,3492688.0,1088206565,-106.0,94
623449,22,2024-01-06 02:40:02,OPMC_LIFT,943801000.0,230,230,232,4,0,4,50.02,0.8670999999999999,2024-01-06 02:40:13.000,2024-01-06 02:40:13.000,2024-01-06 02:40:13.000,534693955.0,3494298.0,1088217966,-105.0,94
623498,22,2024-01-06 03:00:02,OPMC_LIFT,943806000.0,230,230,232,4,0,4,50.01,0.8672,2024-01-06 03:00:12.000,2024-01-06 03:00:12.000,2024-01-06 03:00:12.000,534695766.0,3495101.0,1088223685,-120.0,94
623541,22,2024-01-06 03:20:03,OPMC_LIFT,943811000.0,230,230,232,4,0,4,49.98,0.8693,2024-01-06 03:20:11.000,2024-01-06 03:20:11.000,2024-01-06 03:20:11.000,534697584.0,3495904.0,1088229409,-106.0,94
623574,22,2024-01-06 03:30:03,OPMC_LIFT,943813000.0,230,230,232,4,0,4,50.02,0.8675999999999999,2024-01-06 03:30:15.000,2024-01-06 03:30:15.000,2024-01-06 03:30:15.000,534698490.0,3496307.0,1088232273,-120.0,94
623595,22,2024-01-06 03:40:03,OPMC_LIFT,943816000.0,230,231,233,4,0,4,49.98,0.8664999999999999,2024-01-06 03:40:11.000,2024-01-06 03:40:11.000,2024-01-06 03:40:11.000,534699402.0,3496707.0,1088235141,-119.0,94
623626,22,2024-01-06 03:50:03,OPMC_LIFT,943818000.0,230,230,232,4,0,4,49.96,0.8694,2024-01-06 03:50:17.000,2024-01-06 03:50:17.000,2024-01-06 03:50:17.000,534700314.0,3497110.0,1088238008,-107.0,94
623651,22,2024-01-06 04:00:03,OPMC_LIFT,943821000.0,230,230,232,4,0,4,49.94,0.8685999999999999,2024-01-06 04:00:14.000,2024-01-06 04:00:14.000,2024-01-06 04:00:14.000,534701222.0,3497510.0,1088240878,-102.0,94
623723,22,2024-01-06 04:30:03,OPMC_LIFT,943828000.0,230,230,232,4,0,4,50.06,0.8684,2024-01-06 04:30:15.000,2024-01-06 04:30:15.000,2024-01-06 04:30:15.000,534703946.0,3498720.0,1088249464,-107.0,94
623742,22,2024-01-06 04:40:03,OPMC_LIFT,943831000.0,229,230,232,4,0,4,49.96,0.8678999999999999,2024-01-06 04:40:11.000,2024-01-06 04:40:11.000,2024-01-06 04:40:11.000,534704854.0,3499120.0,1088252321,-106.0,94
623766,22,2024-01-06 04:50:03,OPMC_LIFT,943833000.0,229,230,232,4,0,4,50.01,0.8658999999999999,2024-01-06 04:50:13.000,2024-01-06 04:50:13.000,2024-01-06 04:50:13.000,534705757.0,3499523.0,1088255176,-119.0,94
623862,22,2024-01-06 05:30:03,OPMC_LIFT,943843000.0,229,229,231,4,0,4,49.99,0.8674,2024-01-06 05:30:10.000,2024-01-06 05:30:10.000,2024-01-06 05:30:10.000,534709357.0,3501130.0,1088266545,-121.0,94
623896,22,2024-01-06 05:40:03,OPMC_LIFT,943846000.0,229,230,231,4,0,4,50.04,0.8659999999999999,2024-01-06 05:40:18.000,2024-01-06 05:40:18.000,2024-01-06 05:40:18.000,534710256.0,3501533.0,1088269387,-121.0,94
623927,22,2024-01-06 05:50:03,OPMC_LIFT,943848000.0,229,230,232,4,0,4,50.06,0.8650999999999999,2024-01-06 05:50:16.000,2024-01-06 05:50:16.000,2024-01-06 05:50:16.000,534711158.0,3501936.0,1088272235,-107.0,94
623970,22,2024-01-06 06:10:03,OPMC_LIFT,943853000.0,229,229,231,4,0,4,49.99,0.8665999999999999,2024-01-06 06:10:13.000,2024-01-06 06:10:13.000,2024-01-06 06:10:13.000,534712960.0,3502742.0,1088277921,-120.0,94
623998,22,2024-01-06 06:20:03,OPMC_LIFT,943855000.0,229,229,231,4,0,4,50.04,0.8673,2024-01-06 06:20:14.000,2024-01-06 06:20:14.000,2024-01-06 06:20:14.000,534713856.0,3503142.0,1088280753,-121.0,94
624021,22,2024-01-06 06:30:03,OPMC_LIFT,943858000.0,228,229,231,4,0,4,50.04,0.8664,2024-01-06 06:30:16.000,2024-01-06 06:30:16.000,2024-01-06 06:30:16.000,534714749.0,3503546.0,1088283582,-108.0,94
624050,22,2024-01-06 06:40:03,OPMC_LIFT,943860000.0,228,229,230,4,0,4,50.05,0.8684999999999999,2024-01-06 06:40:17.000,2024-01-06 06:40:17.000,2024-01-06 06:40:17.000,534715638.0,3503949.0,1088286401,-121.0,94
624083,22,2024-01-06 06:50:52,OPMC_LIFT,943863000.0,228,229,231,4,0,4,50.06,0.8655999999999999,2024-01-06 06:51:01.000,2024-01-06 06:51:01.000,2024-01-06 06:51:01.000,534716598.0,3504387.0,1088289448,-121.0,94
624101,22,2024-01-06 07:00:03,OPMC_LIFT,943865000.0,228,229,230,4,0,4,50.05,0.8674999999999999,2024-01-06 07:00:14.000,2024-01-06 07:00:14.000,2024-01-06 07:00:14.000,534717418.0,3504758.0,1088292037,-111.0,94
624122,22,2024-01-06 07:10:03,OPMC_LIFT,943868000.0,227,228,230,4,0,4,49.95,0.8696999999999999,2024-01-06 07:10:12.000,2024-01-06 07:10:12.000,2024-01-06 07:10:12.000,534718301.0,3505162.0,1088294840,-120.0,94
624163,22,2024-01-06 07:30:03,OPMC_LIFT,943873000.0,227,228,229,4,0,4,49.99,0.8689999999999999,2024-01-06 07:30:11.000,2024-01-06 07:30:11.000,2024-01-06 07:30:11.000,534720064.0,3505965.0,1088300440,-108.0,94
624189,22,2024-01-06 07:40:03,OPMC_LIFT,943875000.0,227,227,229,4,0,4,50.06,0.8697999999999999,2024-01-06 07:40:15.000,2024-01-06 07:40:15.000,2024-01-06 07:40:15.000,534720941.0,3506368.0,1088303224,-113.0,94
624212,22,2024-01-06 07:50:03,OPMC_LIFT,943877000.0,227,227,229,4,0,4,50.05,0.8686999999999999,2024-01-06 07:50:15.000,2024-01-06 07:50:15.000,2024-01-06 07:50:15.000,534721814.0,3506771.0,1088306001,-123.0,94
624278,22,2024-01-06 08:20:03,OPMC_LIFT,943885000.0,227,227,229,4,0,4,50.07,0.8677999999999999,2024-01-06 08:20:16.000,2024-01-06 08:20:16.000,2024-01-06 08:20:16.000,534724419.0,3507974.0,1088314293,-112.0,94
624300,22,2024-01-06 08:30:03,OPMC_LIFT,943887000.0,226,227,229,4,0,4,50.06,0.8703,2024-01-06 08:30:14.000,2024-01-06 08:30:14.000,2024-01-06 08:30:14.000,534725290.0,3508378.0,1088317064,-101.0,94
624372,22,2024-01-06 09:00:03,OPMC_LIFT,943894000.0,225,225,227,4,0,4,50.01,0.8709999999999999,2024-01-06 09:00:18.000,2024-01-06 09:00:18.000,2024-01-06 09:00:18.000,534727872.0,3509578.0,1088325297,-123.0,94
624386,22,2024-01-06 09:10:03,OPMC_LIFT,943897000.0,227,227,229,4,0,4,50.08,0.8664999999999999,2024-01-06 09:10:14.000,2024-01-06 09:10:14.000,2024-01-06 09:10:14.000,534728742.0,3509981.0,1088328059,-103.0,94
624412,22,2024-01-06 09:20:03,OPMC_LIFT,943899000.0,226,227,228,4,0,4,50.01,0.8689999999999999,2024-01-06 09:20:17.000,2024-01-06 09:20:17.000,2024-01-06 09:20:17.000,534729616.0,3510381.0,1088330833,-120.0,94
624433,22,2024-01-06 09:30:03,OPMC_LIFT,943901000.0,226,227,228,4,0,4,50.06,0.8698999999999999,2024-01-06 09:30:13.000,2024-01-06 09:30:13.000,2024-01-06 09:30:13.000,534730486.0,3510784.0,1088333605,-123.0,94
624458,22,2024-01-06 09:40:03,OPMC_LIFT,943904000.0,226,227,228,4,0,4,50.01,0.8714999999999999,2024-01-06 09:40:11.000,2024-01-06 09:40:11.000,2024-01-06 09:40:11.000,534731354.0,3511187.0,1088336366,-107.0,94
624482,22,2024-01-06 09:50:03,OPMC_LIFT,943906000.0,226,226,228,4,0,4,49.99,0.8675999999999999,2024-01-06 09:50:11.000,2024-01-06 09:50:11.000,2024-01-06 09:50:11.000,534732221.0,3511587.0,1088339118,-100.0,94
624505,22,2024-01-06 10:00:03,OPMC_LIFT,943908000.0,225,226,227,4,0,4,50.0,0.8693,2024-01-06 10:00:12.000,2024-01-06 10:00:12.000,2024-01-06 10:00:12.000,534733082.0,3511987.0,1088341867,-101.0,94
624553,22,2024-01-06 10:20:03,OPMC_LIFT,943913000.0,225,225,227,4,0,4,50.05,0.8706999999999999,2024-01-06 10:20:12.000,2024-01-06 10:20:12.000,2024-01-06 10:20:12.000,534734800.0,3512787.0,1088347345,-107.0,94
624626,22,2024-01-06 10:50:03,OPMC_LIFT,943920000.0,227,228,229,4,0,4,49.99,0.8666999999999999,2024-01-06 10:50:16.000,2024-01-06 10:50:16.000,2024-01-06 10:50:16.000,534737414.0,3513994.0,1088355653,-107.0,94
624654,22,2024-01-06 11:00:03,OPMC_LIFT,943923000.0,227,228,229,4,0,4,49.97,0.8658999999999999,2024-01-06 11:00:18.000,2024-01-06 11:00:18.000,2024-01-06 11:00:18.000,534738294.0,3514394.0,1088358440,-112.0,94
624672,22,2024-01-06 11:10:03,OPMC_LIFT,943925000.0,227,228,229,4,0,4,50.07,0.8679999999999999,2024-01-06 11:10:13.000,2024-01-06 11:10:13.000,2024-01-06 11:10:13.000,534739174.0,3514794.0,1088361227,-120.0,94
624722,22,2024-01-06 11:30:03,OPMC_LIFT,943930000.0,228,228,230,4,0,4,50.02,0.8656999999999999,2024-01-06 11:30:17.000,2024-01-06 11:30:17.000,2024-01-06 11:30:17.000,534740934.0,3515597.0,1088366808,-120.0,94
624741,22,2024-01-06 11:40:03,OPMC_LIFT,943933000.0,228,228,230,4,0,4,50.0,0.8686999999999999,2024-01-06 11:40:11.000,2024-01-06 11:40:11.000,2024-01-06 11:40:11.000,534741818.0,3515997.0,1088369601,-108.0,94
624766,22,2024-01-06 11:50:03,OPMC_LIFT,943935000.0,228,229,230,4,0,4,50.0,0.8647999999999999,2024-01-06 11:50:15.000,2024-01-06 11:50:15.000,2024-01-06 11:50:15.000,534742701.0,3516397.0,1088372405,-121.0,94
624815,22,2024-01-06 12:10:03,OPMC_LIFT,943940000.0,229,230,231,4,0,4,50.0,0.8679999999999999,2024-01-06 12:10:16.000,2024-01-06 12:10:16.000,2024-01-06 12:10:16.000,534744493.0,3517200.0,1088378059,-121.0,94
624837,22,2024-01-06 12:20:03,OPMC_LIFT,943942000.0,229,230,231,4,0,4,50.04,0.8672,2024-01-06 12:20:13.000,2024-01-06 12:20:13.000,2024-01-06 12:20:13.000,534745392.0,3517603.0,1088380897,-107.0,94
624868,22,2024-01-06 12:30:03,OPMC_LIFT,943945000.0,229,230,231,4,0,4,50.03,0.8667999999999999,2024-01-06 12:30:17.000,2024-01-06 12:30:17.000,2024-01-06 12:30:17.000,534746291.0,3518003.0,1088383739,-102.0,94
624906,22,2024-01-06 12:50:03,OPMC_LIFT,943950000.0,229,230,231,4,0,4,50.05,0.8660999999999999,2024-01-06 12:50:18.000,2024-01-06 12:50:18.000,2024-01-06 12:50:18.000,534748090.0,3518806.0,1088389409,-111.0,94
624930,22,2024-01-06 13:00:03,OPMC_LIFT,943952000.0,229,229,231,4,0,4,50.0,0.8647999999999999,2024-01-06 13:00:16.000,2024-01-06 13:00:16.000,2024-01-06 13:00:16.000,534748989.0,3519210.0,1088392241,-108.0,94
624983,22,2024-01-06 13:20:03,OPMC_LIFT,943957000.0,228,229,230,4,0,4,50.05,0.8665999999999999,2024-01-06 13:20:15.000,2024-01-06 13:20:15.000,2024-01-06 13:20:15.000,534750771.0,3520013.0,1088397877,-121.0,94
624999,22,2024-01-06 13:30:03,OPMC_LIFT,943960000.0,228,228,230,4,0,4,50.05,0.8667999999999999,2024-01-06 13:30:13.000,2024-01-06 13:30:13.000,2024-01-06 13:30:13.000,534751658.0,3520413.0,1088400686,-121.0,94
625021,22,2024-01-06 13:40:03,OPMC_LIFT,943962000.0,228,228,230,4,0,4,50.04,0.8663,2024-01-06 13:40:10.000,2024-01-06 13:40:10.000,2024-01-06 13:40:10.000,534752544.0,3520813.0,1088403489,-105.0,94
625047,22,2024-01-06 13:50:03,OPMC_LIFT,943964000.0,228,229,230,4,0,4,50.06,0.8654999999999999,2024-01-06 13:50:13.000,2024-01-06 13:50:13.000,2024-01-06 13:50:13.000,534753430.0,3521216.0,1088406296,-121.0,94
625091,22,2024-01-06 14:10:03,OPMC_LIFT,943969000.0,228,229,230,4,0,4,49.97,0.8703,2024-01-06 14:10:09.000,2024-01-06 14:10:09.000,2024-01-06 14:10:09.000,534755206.0,3522019.0,1088411915,-121.0,94
625119,22,2024-01-06 14:20:03,OPMC_LIFT,943972000.0,228,229,231,4,0,4,49.99,0.8672,2024-01-06 14:20:12.000,2024-01-06 14:20:12.000,2024-01-06 14:20:12.000,534756096.0,3522419.0,1088414728,-107.0,94
625143,22,2024-01-06 14:30:03,OPMC_LIFT,943974000.0,229,229,231,4,0,4,50.05,0.8708999999999999,2024-01-06 14:30:17.000,2024-01-06 14:30:17.000,2024-01-06 14:30:17.000,534756989.0,3522822.0,1088417550,-101.0,94
625176,22,2024-01-06 14:40:03,OPMC_LIFT,943977000.0,229,230,231,4,0,4,50.02,0.8676999999999999,2024-01-06 14:40:12.000,2024-01-06 14:40:12.000,2024-01-06 14:40:12.000,534757888.0,3523226.0,1088420389,-120.0,94
625201,22,2024-01-06 14:50:03,OPMC_LIFT,943979000.0,230,230,232,4,0,4,50.08,0.8649999999999999,2024-01-06 14:50:12.000,2024-01-06 14:50:12.000,2024-01-06 14:50:12.000,534758787.0,3523629.0,1088423233,-121.0,94
625210,22,2024-01-06 14:52:01,OPMC_LIFT,943980000.0,229,230,232,4,0,4,50.07,0.8674,2024-01-06 14:52:15.000,2024-01-06 14:52:15.000,2024-01-06 14:52:15.000,534758970.0,3523709.0,1088423800,-109.0,94
625227,22,2024-01-06 15:00:03,OPMC_LIFT,943982000.0,230,230,232,4,0,4,50.08,0.8649999999999999,2024-01-06 15:00:18.000,2024-01-06 15:00:18.000,2024-01-06 15:00:18.000,534759693.0,3524035.0,1088426085,-102.0,94
625282,22,2024-01-06 15:20:02,OPMC_LIFT,943987000.0,230,230,232,4,0,4,49.96,0.8669999999999999,2024-01-06 15:20:14.000,2024-01-06 15:20:14.000,2024-01-06 15:20:14.000,534761507.0,3524845.0,1088431800,-104.0,94
625302,22,2024-01-06 15:30:02,OPMC_LIFT,943989000.0,230,231,232,4,0,4,50.02,0.8667999999999999,2024-01-06 15:30:10.000,2024-01-06 15:30:10.000,2024-01-06 15:30:10.000,534762416.0,3525248.0,1088434661,-108.0,94
625330,22,2024-01-06 15:40:02,OPMC_LIFT,943991000.0,229,229,231,4,0,4,50.08,0.8688999999999999,2024-01-06 15:40:14.000,2024-01-06 15:40:14.000,2024-01-06 15:40:14.000,534763315.0,3525651.0,1088437502,-121.0,94
625356,22,2024-01-06 15:50:02,OPMC_LIFT,943994000.0,229,229,231,4,0,4,50.06,0.8674,2024-01-06 15:50:11.000,2024-01-06 15:50:11.000,2024-01-06 15:50:11.000,534764211.0,3526054.0,1088440334,-121.0,94
625387,22,2024-01-06 16:00:02,OPMC_LIFT,943996000.0,229,229,231,4,0,4,49.95,0.8659999999999999,2024-01-06 16:00:17.000,2024-01-06 16:00:17.000,2024-01-06 16:00:17.000,534765110.0,3526458.0,1088443166,-108.0,94
625410,22,2024-01-06 16:10:03,OPMC_LIFT,943999000.0,229,230,231,4,0,4,50.02,0.8674,2024-01-06 16:10:15.000,2024-01-06 16:10:15.000,2024-01-06 16:10:15.000,534766010.0,3526861.0,1088446005,-112.0,94
625433,22,2024-01-06 16:20:03,OPMC_LIFT,944001000.0,229,230,232,4,0,4,50.0,0.8694,2024-01-06 16:20:16.000,2024-01-06 16:20:16.000,2024-01-06 16:20:16.000,534766912.0,3527264.0,1088448843,-102.0,94
625511,22,2024-01-06 16:50:03,OPMC_LIFT,944009000.0,230,231,232,4,0,4,49.98,0.8709999999999999,2024-01-06 16:50:12.000,2024-01-06 16:50:12.000,2024-01-06 16:50:12.000,534769629.0,3528470.0,1088457406,-112.0,94
625541,22,2024-01-06 17:00:03,OPMC_LIFT,944011000.0,230,231,232,4,0,4,49.95,0.8676999999999999,2024-01-06 17:00:15.000,2024-01-06 17:00:15.000,2024-01-06 17:00:15.000,534770541.0,3528874.0,1088460273,-120.0,94
625564,22,2024-01-06 17:10:03,OPMC_LIFT,944014000.0,228,229,230,4,0,4,50.05,0.8674999999999999,2024-01-06 17:10:10.000,2024-01-06 17:10:10.000,2024-01-06 17:10:10.000,534771450.0,3529277.0,1088463128,-123.0,94
625595,22,2024-01-06 17:20:03,OPMC_LIFT,944016000.0,228,228,230,4,0,4,49.95,0.8658999999999999,2024-01-06 17:20:17.000,2024-01-06 17:20:17.000,2024-01-06 17:20:17.000,534772339.0,3529680.0,1088465944,-109.0,94
625645,22,2024-01-06 17:40:03,OPMC_LIFT,944021000.0,229,229,231,4,0,4,50.02,0.8687999999999999,2024-01-06 17:40:09.000,2024-01-06 17:40:09.000,2024-01-06 17:40:09.000,534774125.0,3530486.0,1088471585,-103.0,94
625780,22,2024-01-06 18:30:03,OPMC_LIFT,944033000.0,228,228,230,4,0,4,50.02,0.8683,2024-01-06 18:30:09.000,2024-01-06 18:30:09.000,2024-01-06 18:30:09.000,534778611.0,3532499.0,1088485745,-121.0,94
625811,22,2024-01-06 18:40:03,OPMC_LIFT,944036000.0,228,228,230,4,0,4,50.03,0.8666999999999999,2024-01-06 18:40:11.000,2024-01-06 18:40:11.000,2024-01-06 18:40:11.000,534779498.0,3532899.0,1088488549,-108.0,94
625838,22,2024-01-06 18:50:03,OPMC_LIFT,944038000.0,228,228,230,4,0,4,50.05,0.8687999999999999,2024-01-06 18:50:12.000,2024-01-06 18:50:12.000,2024-01-06 18:50:12.000,534780381.0,3533302.0,1088491355,-111.0,94
625866,22,2024-01-06 19:00:03,OPMC_LIFT,944041000.0,225,225,227,4,0,4,50.06,0.8698999999999999,2024-01-06 19:00:10.000,2024-01-06 19:00:10.000,2024-01-06 19:00:10.000,534781248.0,3533706.0,1088494117,-120.0,94
625895,22,2024-01-06 19:10:03,OPMC_LIFT,944043000.0,227,228,229,4,0,4,50.03,0.8689999999999999,2024-01-06 19:10:14.000,2024-01-06 19:10:14.000,2024-01-06 19:10:14.000,534782115.0,3534106.0,1088496869,-121.0,94
625920,22,2024-01-06 19:20:03,OPMC_LIFT,944045000.0,227,228,229,4,0,4,50.08,0.8654999999999999,2024-01-06 19:20:12.000,2024-01-06 19:20:12.000,2024-01-06 19:20:12.000,534782992.0,3534509.0,1088499659,-108.0,94
625981,22,2024-01-06 19:40:03,OPMC_LIFT,944050000.0,227,228,229,4,0,4,50.05,0.8659999999999999,2024-01-06 19:40:14.000,2024-01-06 19:40:14.000,2024-01-06 19:40:14.000,534784749.0,3535312.0,1088505227,-101.0,94
626034,22,2024-01-06 20:00:03,OPMC_LIFT,944055000.0,227,227,229,4,0,4,50.01,0.8685999999999999,2024-01-06 20:00:14.000,2024-01-06 20:00:14.000,2024-01-06 20:00:14.000,534786502.0,3536118.0,1088510801,-102.0,94
626069,22,2024-01-06 20:10:03,OPMC_LIFT,944057000.0,227,228,229,4,0,4,50.04,0.8667999999999999,2024-01-06 20:10:19.000,2024-01-06 20:10:19.000,2024-01-06 20:10:19.000,534787382.0,3536518.0,1088513589,-102.0,94
626092,22,2024-01-06 20:20:03,OPMC_LIFT,944060000.0,227,228,229,4,0,4,50.05,0.8678999999999999,2024-01-06 20:20:13.000,2024-01-06 20:20:13.000,2024-01-06 20:20:13.000,534788259.0,3536922.0,1088516379,-102.0,94
626145,22,2024-01-06 20:40:03,OPMC_LIFT,944065000.0,227,228,229,4,0,4,50.04,0.8666999999999999,2024-01-06 20:40:14.000,2024-01-06 20:40:14.000,2024-01-06 20:40:14.000,534790016.0,3537728.0,1088521957,-107.0,94
626197,22,2024-01-06 21:00:03,OPMC_LIFT,944070000.0,228,228,230,4,0,4,50.1,0.8689999999999999,2024-01-06 21:00:12.000,2024-01-06 21:00:12.000,2024-01-06 21:00:12.000,534791776.0,3538531.0,1088527537,-99.0,94
626222,22,2024-01-06 21:10:03,OPMC_LIFT,944072000.0,228,228,230,4,0,4,50.02,0.8689999999999999,2024-01-06 21:10:16.000,2024-01-06 21:10:16.000,2024-01-06 21:10:16.000,534792659.0,3538934.0,1088530341,-123.0,94
626282,22,2024-01-06 21:30:03,OPMC_LIFT,944077000.0,228,229,230,4,0,4,50.07,0.8689999999999999,2024-01-06 21:30:14.000,2024-01-06 21:30:14.000,2024-01-06 21:30:14.000,534794432.0,3539741.0,1088535960,-112.0,94
626307,22,2024-01-06 21:40:03,OPMC_LIFT,944079000.0,228,229,230,4,0,4,50.01,0.8694,2024-01-06 21:40:16.000,2024-01-06 21:40:16.000,2024-01-06 21:40:16.000,534795322.0,3540144.0,1088538779,-120.0,94
626362,22,2024-01-06 22:00:03,OPMC_LIFT,944084000.0,229,229,231,4,0,4,50.06,0.8665999999999999,2024-01-06 22:00:18.000,2024-01-06 22:00:18.000,2024-01-06 22:00:18.000,534797107.0,3540947.0,1088544430,-108.0,94
626378,22,2024-01-06 22:10:03,OPMC_LIFT,944087000.0,229,229,231,4,0,4,49.93,0.8674999999999999,2024-01-06 22:10:09.000,2024-01-06 22:10:09.000,2024-01-06 22:10:09.000,534798010.0,3541350.0,1088547272,-109.0,94
626456,22,2024-01-06 22:40:03,OPMC_LIFT,944094000.0,229,230,232,4,0,4,49.99,0.8684999999999999,2024-01-06 22:40:10.000,2024-01-06 22:40:10.000,2024-01-06 22:40:10.000,534800717.0,3542557.0,1088555813,-106.0,94
626479,22,2024-01-06 22:50:03,OPMC_LIFT,944097000.0,230,230,232,4,0,4,49.98,0.8670999999999999,2024-01-06 22:50:13.000,2024-01-06 22:50:13.000,2024-01-06 22:50:13.000,534801622.0,3542960.0,1088558670,-111.0,94
626490,22,2024-01-06 22:52:43,OPMC_LIFT,944097000.0,230,230,232,4,0,4,50.04,0.8666999999999999,2024-01-06 22:52:58.000,2024-01-06 22:52:58.000,2024-01-06 22:52:58.000,534801866.0,3543069.0,1088559438,-121.0,94
626562,22,2024-01-06 23:20:03,OPMC_LIFT,944104000.0,230,230,232,4,0,4,49.95,0.8674999999999999,2024-01-06 23:20:14.000,2024-01-06 23:20:14.000,2024-01-06 23:20:14.000,534804355.0,3544166.0,1088567272,-109.0,94
626583,22,2024-01-06 23:30:03,OPMC_LIFT,944107000.0,230,230,232,4,0,4,49.94,0.8656999999999999,2024-01-06 23:30:16.000,2024-01-06 23:30:16.000,2024-01-06 23:30:16.000,534805267.0,3544570.0,1088570142,-120.0,94
626639,22,2024-01-06 23:50:03,OPMC_LIFT,944112000.0,230,230,232,4,0,4,50.01,0.8657999999999999,2024-01-06 23:50:16.000,2024-01-06 23:50:16.000,2024-01-06 23:50:16.000,534807091.0,3545373.0,1088575883,-106.0,94
626666,22,2024-01-07 00:00:03,OPMC_LIFT,944114000.0,230,231,233,4,0,4,49.94,0.8686999999999999,2024-01-07 00:00:12.000,2024-01-07 00:00:12.000,2024-01-07 00:00:12.000,534808006.0,3545776.0,1088578753,-111.0,94
626688,22,2024-01-07 00:10:03,OPMC_LIFT,944116000.0,228,228,230,4,0,4,49.97,0.8659999999999999,2024-01-07 00:10:12.000,2024-01-07 00:10:12.000,2024-01-07 00:10:12.000,534808902.0,3546176.0,1088581585,-97.0,94
626796,22,2024-01-07 00:50:03,OPMC_LIFT,944126000.0,228,229,231,4,0,4,49.99,0.8687999999999999,2024-01-07 00:50:15.000,2024-01-07 00:50:15.000,2024-01-07 00:50:15.000,534812467.0,3547782.0,1088592862,-118.0,94
626826,22,2024-01-07 01:00:02,OPMC_LIFT,944129000.0,229,229,231,4,0,4,49.95,0.8698999999999999,2024-01-07 01:00:13.000,2024-01-07 01:00:13.000,2024-01-07 01:00:13.000,534813363.0,3548186.0,1088595694,-109.0,94
626859,22,2024-01-07 01:10:03,OPMC_LIFT,944131000.0,229,229,231,4,0,4,50.03,0.8696999999999999,2024-01-07 01:11:24.000,2024-01-07 01:11:24.000,2024-01-07 01:11:24.000,534814262.0,3548586.0,1088598529,-100.0,94
626885,22,2024-01-07 01:20:03,OPMC_LIFT,944134000.0,229,229,231,4,0,4,49.97,0.8662,2024-01-07 01:20:12.000,2024-01-07 01:20:12.000,2024-01-07 01:20:12.000,534815162.0,3548989.0,1088601368,-103.0,94
626911,22,2024-01-07 01:30:03,OPMC_LIFT,944136000.0,229,229,231,4,0,4,50.06,0.8662,2024-01-07 01:30:11.000,2024-01-07 01:30:11.000,2024-01-07 01:30:11.000,534816058.0,3549389.0,1088604200,-105.0,94
626967,22,2024-01-07 01:50:03,OPMC_LIFT,944141000.0,229,229,231,4,0,4,50.03,0.8684999999999999,2024-01-07 01:50:16.000,2024-01-07 01:50:16.000,2024-01-07 01:50:16.000,534817856.0,3550195.0,1088609873,-109.0,94
626983,22,2024-01-07 02:00:03,OPMC_LIFT,944143000.0,229,230,232,4,0,4,50.02,0.8655999999999999,2024-01-07 02:00:12.000,2024-01-07 02:00:12.000,2024-01-07 02:00:12.000,534818758.0,3550595.0,1088612718,-111.0,94
627014,22,2024-01-07 02:10:03,OPMC_LIFT,944146000.0,230,230,232,4,0,4,50.06,0.8667999999999999,2024-01-07 02:10:16.000,2024-01-07 02:10:16.000,2024-01-07 02:10:16.000,534819658.0,3550998.0,1088615560,-119.0,94
627039,22,2024-01-07 02:20:03,OPMC_LIFT,944148000.0,229,230,232,4,0,4,49.96,0.8702,2024-01-07 02:20:14.000,2024-01-07 02:20:14.000,2024-01-07 02:20:14.000,534820563.0,3551402.0,1088618411,-120.0,94
627064,22,2024-01-07 02:30:03,OPMC_LIFT,944151000.0,230,230,232,4,0,4,50.01,0.8647999999999999,2024-01-07 02:30:16.000,2024-01-07 02:30:16.000,2024-01-07 02:30:16.000,534821469.0,3551802.0,1088621262,-109.0,94
627109,22,2024-01-07 02:50:03,OPMC_LIFT,944156000.0,230,231,232,4,0,4,50.06,0.8650999999999999,2024-01-07 02:50:11.000,2024-01-07 02:50:11.000,2024-01-07 02:50:11.000,534823283.0,3552608.0,1088626984,-103.0,94
627168,22,2024-01-07 03:10:03,OPMC_LIFT,944161000.0,230,230,232,4,0,4,50.05,0.8677999999999999,2024-01-07 03:10:16.000,2024-01-07 03:10:16.000,2024-01-07 03:10:16.000,534825107.0,3553414.0,1088632718,-108.0,94
627215,22,2024-01-07 03:30:03,OPMC_LIFT,944166000.0,230,231,233,4,0,4,50.06,0.8699999999999999,2024-01-07 03:30:12.000,2024-01-07 03:30:12.000,2024-01-07 03:30:12.000,534826928.0,3554218.0,1088638446,-105.0,94
627245,22,2024-01-07 03:40:03,OPMC_LIFT,944168000.0,230,231,233,4,0,4,50.03,0.8646999999999999,2024-01-07 03:40:16.000,2024-01-07 03:40:16.000,2024-01-07 03:40:16.000,534827840.0,3554621.0,1088641323,-105.0,94
627272,22,2024-01-07 03:50:03,OPMC_LIFT,944171000.0,230,231,232,4,0,4,50.01,0.8669999999999999,2024-01-07 03:50:14.000,2024-01-07 03:50:14.000,2024-01-07 03:50:14.000,534828752.0,3555024.0,1088644190,-107.0,94
627291,22,2024-01-07 04:00:03,OPMC_LIFT,944173000.0,230,230,232,4,0,4,50.0,0.8668999999999999,2024-01-07 04:00:16.000,2024-01-07 04:00:16.000,2024-01-07 04:00:16.000,534829664.0,3555427.0,1088647061,-102.0,94
627343,22,2024-01-07 04:20:03,OPMC_LIFT,944178000.0,230,230,232,4,0,4,50.04,0.8669999999999999,2024-01-07 04:20:15.000,2024-01-07 04:20:15.000,2024-01-07 04:20:15.000,534831488.0,3556230.0,1088652795,-109.0,94
627369,22,2024-01-07 04:30:03,OPMC_LIFT,944181000.0,230,230,232,4,0,4,50.01,0.8662,2024-01-07 04:30:15.000,2024-01-07 04:30:15.000,2024-01-07 04:30:15.000,534832397.0,3556634.0,1088655659,-105.0,94
627418,22,2024-01-07 04:50:03,OPMC_LIFT,944186000.0,230,230,232,4,0,4,49.95,0.8665999999999999,2024-01-07 04:50:10.000,2024-01-07 04:50:10.000,2024-01-07 04:50:10.000,534834218.0,3557437.0,1088661387,-99.0,94
627472,22,2024-01-07 05:10:03,OPMC_LIFT,944191000.0,229,230,232,4,0,4,49.98,0.8684999999999999,2024-01-07 05:10:14.000,2024-01-07 05:10:14.000,2024-01-07 05:10:14.000,534836032.0,3558243.0,1088667099,-102.0,94
627497,22,2024-01-07 05:20:03,OPMC_LIFT,944193000.0,230,230,232,4,0,4,50.04,0.8672,2024-01-07 05:20:18.000,2024-01-07 05:20:18.000,2024-01-07 05:20:18.000,534836941.0,3558643.0,1088669953,-123.0,94
627520,22,2024-01-07 05:30:03,OPMC_LIFT,944196000.0,229,230,232,4,0,4,49.98,0.8674,2024-01-07 05:30:13.000,2024-01-07 05:30:13.000,2024-01-07 05:30:13.000,534837843.0,3559046.0,1088672805,-121.0,94
627584,22,2024-01-07 05:50:03,OPMC_LIFT,944201000.0,229,230,232,4,0,4,50.0,0.8654999999999999,2024-01-07 05:50:17.000,2024-01-07 05:50:17.000,2024-01-07 05:50:17.000,534839651.0,3559853.0,1088678504,-109.0,94
627627,22,2024-01-07 06:10:03,OPMC_LIFT,944206000.0,229,230,231,4,0,4,50.04,0.8668999999999999,2024-01-07 06:10:14.000,2024-01-07 06:10:14.000,2024-01-07 06:10:14.000,534841462.0,3560659.0,1088684206,-121.0,94
627657,22,2024-01-07 06:20:03,OPMC_LIFT,944208000.0,229,230,232,4,0,4,50.05,0.8675999999999999,2024-01-07 06:20:12.000,2024-01-07 06:20:12.000,2024-01-07 06:20:12.000,534842365.0,3561066.0,1088687057,-111.0,94
627676,22,2024-01-07 06:30:03,OPMC_LIFT,944210000.0,229,230,232,4,0,4,50.05,0.8672,2024-01-07 06:30:10.000,2024-01-07 06:30:10.000,2024-01-07 06:30:10.000,534843270.0,3561469.0,1088689909,-109.0,94
627716,22,2024-01-07 06:40:03,OPMC_LIFT,944213000.0,229,230,231,4,0,4,50.05,0.8670999999999999,2024-01-07 06:40:16.000,2024-01-07 06:40:16.000,2024-01-07 06:40:16.000,534844176.0,3561872.0,1088692760,-111.0,94
627745,22,2024-01-07 06:50:03,OPMC_LIFT,944215000.0,229,230,232,4,0,4,50.04,0.8680999999999999,2024-01-07 06:50:18.000,2024-01-07 06:50:18.000,2024-01-07 06:50:18.000,534845075.0,3562275.0,1088695601,-120.0,94
627750,22,2024-01-07 06:50:51,OPMC_LIFT,944216000.0,229,230,231,4,0,4,50.01,0.8685999999999999,2024-01-07 06:51:03.000,2024-01-07 06:51:03.000,2024-01-07 06:51:03.000,534845149.0,3562307.0,1088695832,-109.0,94
627798,22,2024-01-07 07:10:02,OPMC_LIFT,944220000.0,229,229,231,4,0,4,50.0,0.8656999999999999,2024-01-07 07:10:18.000,2024-01-07 07:10:18.000,2024-01-07 07:10:18.000,534846880.0,3563082.0,1088701285,-102.0,94
627817,22,2024-01-07 07:20:02,OPMC_LIFT,944223000.0,228,229,231,4,0,4,49.94,0.8663,2024-01-07 07:20:12.000,2024-01-07 07:20:12.000,2024-01-07 07:20:12.000,534847776.0,3563485.0,1088704113,-121.0,94
627848,22,2024-01-07 07:30:02,OPMC_LIFT,944225000.0,228,229,230,4,0,4,49.96,0.8676999999999999,2024-01-07 07:30:18.000,2024-01-07 07:30:18.000,2024-01-07 07:30:18.000,534848669.0,3563885.0,1088706936,-109.0,94
627867,22,2024-01-07 07:40:03,OPMC_LIFT,944228000.0,228,228,230,4,0,4,50.0,0.8667999999999999,2024-01-07 07:40:12.000,2024-01-07 07:40:12.000,2024-01-07 07:40:12.000,534849558.0,3564288.0,1088709755,-108.0,94
627892,22,2024-01-07 07:50:02,OPMC_LIFT,944230000.0,228,228,230,4,0,4,49.97,0.8687999999999999,2024-01-07 07:50:12.000,2024-01-07 07:50:12.000,2024-01-07 07:50:12.000,534850448.0,3564691.0,1088712565,-122.0,94
627921,22,2024-01-07 08:00:02,OPMC_LIFT,944233000.0,228,228,230,4,0,4,49.99,0.8664,2024-01-07 08:00:13.000,2024-01-07 08:00:13.000,2024-01-07 08:00:13.000,534851334.0,3565094.0,1088715368,-118.0,94
627944,22,2024-01-07 08:10:03,OPMC_LIFT,944235000.0,227,228,229,4,0,4,49.99,0.8690999999999999,2024-01-07 08:10:12.000,2024-01-07 08:10:12.000,2024-01-07 08:10:12.000,534852218.0,3565498.0,1088718165,-119.0,94
627977,22,2024-01-07 08:20:03,OPMC_LIFT,944237000.0,227,227,229,4,0,4,50.03,0.8673,2024-01-07 08:20:18.000,2024-01-07 08:20:18.000,2024-01-07 08:20:18.000,534853094.0,3565898.0,1088720949,-109.0,94
627998,22,2024-01-07 08:30:03,OPMC_LIFT,944240000.0,227,227,229,4,0,4,49.96,0.8677999999999999,2024-01-07 08:30:15.000,2024-01-07 08:30:15.000,2024-01-07 08:30:15.000,534853971.0,3566301.0,1088723729,-103.0,94
628020,22,2024-01-07 08:40:03,OPMC_LIFT,944242000.0,226,227,228,4,0,4,50.04,0.8680999999999999,2024-01-07 08:40:13.000,2024-01-07 08:40:13.000,2024-01-07 08:40:13.000,534854845.0,3566701.0,1088726501,-103.0,94
628048,22,2024-01-07 08:50:03,OPMC_LIFT,944245000.0,226,226,228,4,0,4,50.01,0.8709999999999999,2024-01-07 08:50:18.000,2024-01-07 08:50:18.000,2024-01-07 08:50:18.000,534855715.0,3567101.0,1088729262,-121.0,94
628072,22,2024-01-07 09:00:03,OPMC_LIFT,944247000.0,226,226,228,4,0,4,50.04,0.8695999999999999,2024-01-07 09:00:11.000,2024-01-07 09:00:11.000,2024-01-07 09:00:11.000,534856579.0,3567501.0,1088732014,-109.0,94
628196,22,2024-01-07 09:50:03,OPMC_LIFT,944259000.0,227,227,229,4,0,4,50.04,0.8684999999999999,2024-01-07 09:50:10.000,2024-01-07 09:50:10.000,2024-01-07 09:50:10.000,534860915.0,3569501.0,1088745787,-102.0,94
628245,22,2024-01-07 10:10:03,OPMC_LIFT,944264000.0,226,227,228,4,0,4,50.02,0.8688999999999999,2024-01-07 10:10:14.000,2024-01-07 10:10:14.000,2024-01-07 10:10:14.000,534862659.0,3570304.0,1088751320,-111.0,94
628275,22,2024-01-07 10:20:03,OPMC_LIFT,944266000.0,226,226,228,4,0,4,49.95,0.8654,2024-01-07 10:20:15.000,2024-01-07 10:20:15.000,2024-01-07 10:20:15.000,534863526.0,3570704.0,1088754069,-101.0,94
628301,22,2024-01-07 10:30:03,OPMC_LIFT,944269000.0,226,226,228,4,0,4,50.01,0.8660999999999999,2024-01-07 10:30:15.000,2024-01-07 10:30:15.000,2024-01-07 10:30:15.000,534864390.0,3571104.0,1088756821,-121.0,94
628344,22,2024-01-07 10:50:03,OPMC_LIFT,944273000.0,226,226,228,4,0,4,49.96,0.8688999999999999,2024-01-07 10:50:11.000,2024-01-07 10:50:11.000,2024-01-07 10:50:11.000,534866125.0,3571901.0,1088762328,-108.0,94
628368,22,2024-01-07 11:00:03,OPMC_LIFT,944276000.0,226,226,228,4,0,4,50.06,0.8694,2024-01-07 11:00:11.000,2024-01-07 11:00:11.000,2024-01-07 11:00:11.000,534866989.0,3572301.0,1088765073,-108.0,94
628396,22,2024-01-07 11:10:03,OPMC_LIFT,944278000.0,226,226,228,4,0,4,50.04,0.8698999999999999,2024-01-07 11:10:14.000,2024-01-07 11:10:14.000,2024-01-07 11:10:14.000,534867853.0,3572701.0,1088767822,-102.0,94
628417,22,2024-01-07 11:20:03,OPMC_LIFT,944280000.0,225,226,227,4,0,4,49.97,0.8674,2024-01-07 11:20:13.000,2024-01-07 11:20:13.000,2024-01-07 11:20:13.000,534868720.0,3573101.0,1088770574,-117.0,94
628442,22,2024-01-07 11:30:03,OPMC_LIFT,944283000.0,226,226,228,4,0,4,49.97,0.8663,2024-01-07 11:30:13.000,2024-01-07 11:30:13.000,2024-01-07 11:30:13.000,534869584.0,3573501.0,1088773326,-121.0,94
628467,22,2024-01-07 11:40:03,OPMC_LIFT,944285000.0,226,226,228,4,0,4,50.01,0.8709999999999999,2024-01-07 11:40:13.000,2024-01-07 11:40:13.000,2024-01-07 11:40:13.000,534870451.0,3573901.0,1088776078,-105.0,94
628489,22,2024-01-07 11:50:03,OPMC_LIFT,944288000.0,226,226,228,4,0,4,49.96,0.8696999999999999,2024-01-07 11:50:13.000,2024-01-07 11:50:13.000,2024-01-07 11:50:13.000,534871318.0,3574301.0,1088778827,-102.0,94
628513,22,2024-01-07 12:00:03,OPMC_LIFT,944290000.0,226,227,228,4,0,4,49.99,0.8641,2024-01-07 12:00:18.000,2024-01-07 12:00:18.000,2024-01-07 12:00:18.000,534872182.0,3574701.0,1088781579,-121.0,94
628539,22,2024-01-07 12:10:03,OPMC_LIFT,944292000.0,226,226,228,4,0,4,49.98,0.8664999999999999,2024-01-07 12:10:17.000,2024-01-07 12:10:17.000,2024-01-07 12:10:17.000,534873050.0,3575101.0,1088784331,-123.0,94
628562,22,2024-01-07 12:20:03,OPMC_LIFT,944295000.0,226,226,228,4,0,4,50.0,0.8677999999999999,2024-01-07 12:20:11.000,2024-01-07 12:20:11.000,2024-01-07 12:20:11.000,534873917.0,3575498.0,1088787083,-109.0,94
628632,22,2024-01-07 12:50:03,OPMC_LIFT,944302000.0,226,227,228,4,0,4,50.02,0.8690999999999999,2024-01-07 12:50:11.000,2024-01-07 12:50:11.000,2024-01-07 12:50:11.000,534876522.0,3576698.0,1088795358,-107.0,94
628658,22,2024-01-07 13:00:03,OPMC_LIFT,944304000.0,226,227,228,4,0,4,50.04,0.8663,2024-01-07 13:00:17.000,2024-01-07 13:00:17.000,2024-01-07 13:00:17.000,534877389.0,3577098.0,1088798113,-108.0,94
628735,22,2024-01-07 13:30:03,OPMC_LIFT,944312000.0,226,227,228,4,0,4,50.05,0.8696999999999999,2024-01-07 13:30:14.000,2024-01-07 13:30:14.000,2024-01-07 13:30:14.000,534879987.0,3578301.0,1088806373,-123.0,94
628755,22,2024-01-07 13:40:03,OPMC_LIFT,944314000.0,226,227,228,4,0,4,50.04,0.8686999999999999,2024-01-07 13:40:10.000,2024-01-07 13:40:10.000,2024-01-07 13:40:10.000,534880854.0,3578701.0,1088809125,-108.0,94
628847,22,2024-01-07 14:20:03,OPMC_LIFT,944324000.0,226,227,229,4,0,4,49.99,0.8664,2024-01-07 14:20:13.000,2024-01-07 14:20:13.000,2024-01-07 14:20:13.000,534884342.0,3580301.0,1088820187,-108.0,94
628911,22,2024-01-07 14:40:03,OPMC_LIFT,944328000.0,227,227,229,4,0,4,50.05,0.8668999999999999,2024-01-07 14:40:16.000,2024-01-07 14:40:16.000,2024-01-07 14:40:16.000,534886086.0,3581104.0,1088825726,-121.0,94
628944,22,2024-01-07 14:51:30,OPMC_LIFT,944331000.0,227,227,229,4,0,4,49.99,0.8667999999999999,2024-01-07 14:51:44.000,2024-01-07 14:51:44.000,2024-01-07 14:51:44.000,534887088.0,3581565.0,1088828907,-123.0,94
628991,22,2024-01-07 15:10:03,OPMC_LIFT,944336000.0,227,227,229,4,0,4,49.98,0.8668999999999999,2024-01-07 15:10:11.000,2024-01-07 15:10:11.000,2024-01-07 15:10:11.000,534888717.0,3582307.0,1088834065,-108.0,94
629049,22,2024-01-07 15:30:03,OPMC_LIFT,944340000.0,227,227,229,4,0,4,50.05,0.8689999999999999,2024-01-07 15:30:18.000,2024-01-07 15:30:18.000,2024-01-07 15:30:18.000,534890467.0,3583110.0,1088839621,-102.0,94
629072,22,2024-01-07 15:40:03,OPMC_LIFT,944343000.0,227,227,229,4,0,4,50.0,0.8697999999999999,2024-01-07 15:40:12.000,2024-01-07 15:40:12.000,2024-01-07 15:40:12.000,534891341.0,3583514.0,1088842395,-108.0,94
629097,22,2024-01-07 15:50:03,OPMC_LIFT,944345000.0,227,227,229,4,0,4,50.05,0.8687999999999999,2024-01-07 15:50:11.000,2024-01-07 15:50:11.000,2024-01-07 15:50:11.000,534892218.0,3583914.0,1088845166,-108.0,94
629154,22,2024-01-07 16:10:03,OPMC_LIFT,944350000.0,227,228,229,4,0,4,50.05,0.8652,2024-01-07 16:10:13.000,2024-01-07 16:10:13.000,2024-01-07 16:10:13.000,534893971.0,3584717.0,1088850731,-101.0,94
629266,22,2024-01-07 16:50:03,OPMC_LIFT,944360000.0,228,228,230,4,0,4,50.08,0.8667999999999999,2024-01-07 16:50:16.000,2024-01-07 16:50:16.000,2024-01-07 16:50:16.000,534897491.0,3586330.0,1088861899,-121.0,94
629299,22,2024-01-07 17:00:03,OPMC_LIFT,944362000.0,228,228,230,4,0,4,50.07,0.8678999999999999,2024-01-07 17:00:13.000,2024-01-07 17:00:13.000,2024-01-07 17:00:13.000,534898374.0,3586733.0,1088864696,-109.0,94
629324,22,2024-01-07 17:10:03,OPMC_LIFT,944365000.0,228,228,230,4,0,4,50.06,0.8684,2024-01-07 17:10:12.000,2024-01-07 17:10:12.000,2024-01-07 17:10:12.000,534899258.0,3587136.0,1088867496,-107.0,94
629348,22,2024-01-07 17:20:03,OPMC_LIFT,944367000.0,228,228,230,4,0,4,50.02,0.8682,2024-01-07 17:20:13.000,2024-01-07 17:20:13.000,2024-01-07 17:20:13.000,534900144.0,3587539.0,1088870296,-100.0,94
629431,22,2024-01-07 17:50:03,OPMC_LIFT,944374000.0,228,228,230,4,0,4,50.0,0.8679999999999999,2024-01-07 17:50:14.000,2024-01-07 17:50:14.000,2024-01-07 17:50:14.000,534902803.0,3588746.0,1088878712,-103.0,94
629454,22,2024-01-07 18:00:03,OPMC_LIFT,944377000.0,228,228,230,4,0,4,50.0,0.8674,2024-01-07 18:00:10.000,2024-01-07 18:00:10.000,2024-01-07 18:00:10.000,534903690.0,3589149.0,1088881518,-108.0,94
629483,22,2024-01-07 18:10:03,OPMC_LIFT,944379000.0,228,228,230,4,0,4,49.94,0.8694,2024-01-07 18:10:12.000,2024-01-07 18:10:12.000,2024-01-07 18:10:12.000,534904579.0,3589552.0,1088884331,-98.0,94
629536,22,2024-01-07 18:30:03,OPMC_LIFT,944384000.0,228,228,230,4,0,4,50.02,0.8684999999999999,2024-01-07 18:30:11.000,2024-01-07 18:30:11.000,2024-01-07 18:30:11.000,534906358.0,3590355.0,1088889953,-107.0,94
629557,22,2024-01-07 18:40:03,OPMC_LIFT,944387000.0,228,228,230,4,0,4,50.0,0.8644,2024-01-07 18:40:09.000,2024-01-07 18:40:09.000,2024-01-07 18:40:09.000,534907245.0,3590758.0,1088892763,-109.0,94
629585,22,2024-01-07 18:50:03,OPMC_LIFT,944389000.0,228,228,230,4,0,4,49.92,0.8694999999999999,2024-01-07 18:50:13.000,2024-01-07 18:50:13.000,2024-01-07 18:50:13.000,534908134.0,3591158.0,1088895569,-121.0,94
629617,22,2024-01-07 19:00:03,OPMC_LIFT,944391000.0,228,228,230,4,0,4,49.95,0.8686999999999999,2024-01-07 19:00:13.000,2024-01-07 19:00:13.000,2024-01-07 19:00:13.000,534909021.0,3591562.0,1088898379,-121.0,94
629643,22,2024-01-07 19:10:03,OPMC_LIFT,944394000.0,228,229,230,4,0,4,50.01,0.8678999999999999,2024-01-07 19:10:12.000,2024-01-07 19:10:12.000,2024-01-07 19:10:12.000,534909910.0,3591962.0,1088901189,-111.0,94
629697,22,2024-01-07 19:30:03,OPMC_LIFT,944399000.0,228,229,230,4,0,4,50.02,0.8663,2024-01-07 19:30:14.000,2024-01-07 19:30:14.000,2024-01-07 19:30:14.000,534911690.0,3592765.0,1088906811,-103.0,94
629755,22,2024-01-07 19:50:03,OPMC_LIFT,944404000.0,228,229,230,4,0,4,49.99,0.8683,2024-01-07 19:50:16.000,2024-01-07 19:50:16.000,2024-01-07 19:50:16.000,534913472.0,3593571.0,1088912443,-108.0,94
629779,22,2024-01-07 20:00:03,OPMC_LIFT,944406000.0,228,229,230,4,0,4,49.98,0.8684,2024-01-07 20:00:13.000,2024-01-07 20:00:13.000,2024-01-07 20:00:13.000,534914365.0,3593971.0,1088915262,-103.0,94
629809,22,2024-01-07 20:10:03,OPMC_LIFT,944409000.0,228,229,230,4,0,4,50.0,0.8689999999999999,2024-01-07 20:10:13.000,2024-01-07 20:10:13.000,2024-01-07 20:10:13.000,534915254.0,3594374.0,1088918081,-121.0,94
629865,22,2024-01-07 20:30:03,OPMC_LIFT,944413000.0,229,229,231,4,0,4,50.02,0.8669999999999999,2024-01-07 20:30:14.000,2024-01-07 20:30:14.000,2024-01-07 20:30:14.000,534917043.0,3595178.0,1088923726,-108.0,94
629924,22,2024-01-07 20:50:02,OPMC_LIFT,944418000.0,229,229,231,4,0,4,49.99,0.8679999999999999,2024-01-07 20:50:14.000,2024-01-07 20:50:14.000,2024-01-07 20:50:14.000,534918829.0,3595981.0,1088929365,-103.0,94
629978,22,2024-01-07 21:10:03,OPMC_LIFT,944423000.0,229,229,231,4,0,4,49.97,0.8673,2024-01-07 21:10:15.000,2024-01-07 21:10:15.000,2024-01-07 21:10:15.000,534920627.0,3596787.0,1088935041,-108.0,94
630030,22,2024-01-07 21:30:03,OPMC_LIFT,944428000.0,229,230,231,4,0,4,50.0,0.8624999999999999,2024-01-07 21:30:12.000,2024-01-07 21:30:12.000,2024-01-07 21:30:12.000,534922426.0,3597590.0,1088940718,-101.0,94
630080,22,2024-01-07 21:50:03,OPMC_LIFT,944433000.0,229,230,232,4,0,4,49.95,0.8673,2024-01-07 21:50:10.000,2024-01-07 21:50:10.000,2024-01-07 21:50:10.000,534924234.0,3598394.0,1088946414,-107.0,94
630107,22,2024-01-07 22:00:03,OPMC_LIFT,944436000.0,230,230,232,4,0,4,50.0,0.8638999999999999,2024-01-07 22:00:10.000,2024-01-07 22:00:10.000,2024-01-07 22:00:10.000,534925139.0,3598797.0,1088949265,-102.0,94
630216,22,2024-01-07 22:40:03,OPMC_LIFT,944445000.0,230,230,232,4,0,4,49.95,0.8659999999999999,2024-01-07 22:40:13.000,2024-01-07 22:40:13.000,2024-01-07 22:40:13.000,534928768.0,3600410.0,1088960693,-123.0,94
630257,22,2024-01-07 22:56:27,OPMC_LIFT,944450000.0,228,228,230,4,0,4,49.97,0.8674,2024-01-07 22:56:37.000,2024-01-07 22:56:37.000,2024-01-07 22:56:37.000,534930259.0,3601069.0,1088965387,-121.0,94
630272,22,2024-01-07 23:00:03,OPMC_LIFT,944450000.0,228,229,230,4,0,4,50.03,0.8672,2024-01-07 23:00:11.000,2024-01-07 23:00:11.000,2024-01-07 23:00:11.000,534930579.0,3601213.0,1088966395,-95.0,94
630297,22,2024-01-07 23:10:03,OPMC_LIFT,944453000.0,228,229,230,4,0,4,50.01,0.8664999999999999,2024-01-07 23:10:12.000,2024-01-07 23:10:12.000,2024-01-07 23:10:12.000,534931469.0,3601613.0,1088969214,-105.0,94
630326,22,2024-01-07 23:20:03,OPMC_LIFT,944455000.0,228,228,230,4,0,4,50.01,0.8662,2024-01-07 23:20:14.000,2024-01-07 23:20:14.000,2024-01-07 23:20:14.000,534932362.0,3602016.0,1088972027,-121.0,94
630388,22,2024-01-07 23:50:03,OPMC_LIFT,944463000.0,228,229,231,4,0,4,50.04,0.8663,2024-01-07 23:50:10.000,2024-01-07 23:50:10.000,2024-01-07 23:50:10.000,534935037.0,3603219.0,1088980491,-107.0,94
630420,22,2024-01-08 00:00:03,OPMC_LIFT,944465000.0,229,229,231,4,0,4,50.05,0.8697999999999999,2024-01-08 00:00:13.000,2024-01-08 00:00:13.000,2024-01-08 00:00:13.000,534935930.0,3603622.0,1088983317,-100.0,94
630467,22,2024-01-08 00:20:03,OPMC_LIFT,944470000.0,229,229,231,4,0,4,49.99,0.8664999999999999,2024-01-08 00:20:14.000,2024-01-08 00:20:14.000,2024-01-08 00:20:14.000,534937725.0,3604426.0,1088988981,-103.0,94
630498,22,2024-01-08 00:30:03,OPMC_LIFT,944472000.0,229,230,232,4,0,4,50.05,0.8662,2024-01-08 00:30:17.000,2024-01-08 00:30:17.000,2024-01-08 00:30:17.000,534938621.0,3604826.0,1088991813,-100.0,94
630516,22,2024-01-08 00:40:03,OPMC_LIFT,944475000.0,229,229,231,4,0,4,49.98,0.8677999999999999,2024-01-08 00:40:11.000,2024-01-08 00:40:11.000,2024-01-08 00:40:11.000,534939520.0,3605229.0,1088994651,-121.0,94
630545,22,2024-01-08 00:50:03,OPMC_LIFT,944477000.0,229,230,232,4,0,4,50.06,0.8677999999999999,2024-01-08 00:50:14.000,2024-01-08 00:50:14.000,2024-01-08 00:50:14.000,534940419.0,3605629.0,1088997493,-120.0,94
630572,22,2024-01-08 01:00:03,OPMC_LIFT,944480000.0,229,230,231,4,0,4,50.06,0.8685999999999999,2024-01-08 01:00:17.000,2024-01-08 01:00:17.000,2024-01-08 01:00:17.000,534941322.0,3606032.0,1089000337,-106.0,94
630601,22,2024-01-08 01:10:03,OPMC_LIFT,944482000.0,229,229,231,4,0,4,50.02,0.8677999999999999,2024-01-08 01:10:51.000,2024-01-08 01:10:51.000,2024-01-08 01:10:51.000,534942218.0,3606435.0,1089003173,-105.0,94
630657,22,2024-01-08 01:30:03,OPMC_LIFT,944487000.0,229,229,231,4,0,4,49.95,0.8684999999999999,2024-01-08 01:30:12.000,2024-01-08 01:30:12.000,2024-01-08 01:30:12.000,534944016.0,3607238.0,1089008849,-99.0,94
630682,22,2024-01-08 01:40:03,OPMC_LIFT,944490000.0,229,229,231,4,0,4,49.99,0.8654,2024-01-08 01:40:15.000,2024-01-08 01:40:15.000,2024-01-08 01:40:15.000,534944918.0,3607642.0,1089011691,-123.0,94
630711,22,2024-01-08 01:50:03,OPMC_LIFT,944492000.0,230,230,232,4,0,4,50.0,0.8670999999999999,2024-01-08 01:50:13.000,2024-01-08 01:50:13.000,2024-01-08 01:50:13.000,534945821.0,3608042.0,1089014536,-103.0,94
630743,22,2024-01-08 02:00:03,OPMC_LIFT,944495000.0,229,230,232,4,0,4,50.03,0.8668999999999999,2024-01-08 02:00:17.000,2024-01-08 02:00:17.000,2024-01-08 02:00:17.000,534946723.0,3608445.0,1089017387,-99.0,94
630767,22,2024-01-08 02:10:03,OPMC_LIFT,944497000.0,229,230,232,4,0,4,50.02,0.8689999999999999,2024-01-08 02:10:12.000,2024-01-08 02:10:12.000,2024-01-08 02:10:12.000,534947626.0,3608845.0,1089020235,-101.0,94
630787,22,2024-01-08 02:20:03,OPMC_LIFT,944500000.0,229,230,232,4,0,4,50.03,0.8687999999999999,2024-01-08 02:20:08.000,2024-01-08 02:20:08.000,2024-01-08 02:20:08.000,534948531.0,3609248.0,1089023086,-121.0,94
630815,22,2024-01-08 02:30:03,OPMC_LIFT,944502000.0,230,230,232,4,0,4,50.06,0.8672,2024-01-08 02:30:13.000,2024-01-08 02:30:13.000,2024-01-08 02:30:13.000,534949437.0,3609651.0,1089025941,-105.0,94
630844,22,2024-01-08 02:40:03,OPMC_LIFT,944505000.0,230,230,232,4,0,4,50.03,0.8702,2024-01-08 02:40:10.000,2024-01-08 02:40:10.000,2024-01-08 02:40:10.000,534950346.0,3610054.0,1089028801,-118.0,94
630892,22,2024-01-08 03:00:03,OPMC_LIFT,944510000.0,230,230,232,4,0,4,50.02,0.8668999999999999,2024-01-08 03:00:12.000,2024-01-08 03:00:12.000,2024-01-08 03:00:12.000,534952160.0,3610858.0,1089034523,-107.0,94
630967,22,2024-01-08 03:30:03,OPMC_LIFT,944517000.0,228,228,230,4,0,4,50.07,0.8663,2024-01-08 03:30:12.000,2024-01-08 03:30:12.000,2024-01-08 03:30:12.000,534954893.0,3612067.0,1089043121,-121.0,94
630990,22,2024-01-08 03:40:03,OPMC_LIFT,944519000.0,228,228,230,4,0,4,50.05,0.8684999999999999,2024-01-08 03:40:12.000,2024-01-08 03:40:12.000,2024-01-08 03:40:12.000,534955782.0,3612467.0,1089045937,-103.0,94
631016,22,2024-01-08 03:50:03,OPMC_LIFT,944522000.0,228,228,230,4,0,4,50.02,0.8699999999999999,2024-01-08 03:50:15.000,2024-01-08 03:50:15.000,2024-01-08 03:50:15.000,534956669.0,3612870.0,1089048750,-106.0,94
631044,22,2024-01-08 04:00:03,OPMC_LIFT,944524000.0,227,228,230,4,0,4,49.98,0.8668999999999999,2024-01-08 04:00:16.000,2024-01-08 04:00:16.000,2024-01-08 04:00:16.000,534957552.0,3613270.0,1089051553,-120.0,94
631094,22,2024-01-08 04:20:03,OPMC_LIFT,944529000.0,227,228,230,4,0,4,50.0,0.8699999999999999,2024-01-08 04:20:16.000,2024-01-08 04:20:16.000,2024-01-08 04:20:16.000,534959322.0,3614070.0,1089057157,-107.0,94
631117,22,2024-01-08 04:30:03,OPMC_LIFT,944532000.0,227,227,229,4,0,4,50.03,0.8677999999999999,2024-01-08 04:30:15.000,2024-01-08 04:30:15.000,2024-01-08 04:30:15.000,534960202.0,3614470.0,1089059947,-105.0,94
631143,22,2024-01-08 04:40:03,OPMC_LIFT,944534000.0,227,227,229,4,0,4,50.04,0.8703,2024-01-08 04:40:15.000,2024-01-08 04:40:15.000,2024-01-08 04:40:15.000,534961082.0,3614874.0,1089062741,-101.0,94
631195,22,2024-01-08 05:00:03,OPMC_LIFT,944539000.0,226,227,228,4,0,4,50.04,0.8674999999999999,2024-01-08 05:00:15.000,2024-01-08 05:00:15.000,2024-01-08 05:00:15.000,534962829.0,3615670.0,1089068286,-103.0,94
631215,22,2024-01-08 05:10:03,OPMC_LIFT,944541000.0,226,226,228,4,0,4,50.01,0.8684999999999999,2024-01-08 05:10:11.000,2024-01-08 05:10:11.000,2024-01-08 05:10:11.000,534963696.0,3616070.0,1089071051,-105.0,94
631246,22,2024-01-08 05:20:03,OPMC_LIFT,944544000.0,225,225,227,4,0,4,50.02,0.8713,2024-01-08 05:20:13.000,2024-01-08 05:20:13.000,2024-01-08 05:20:13.000,534964554.0,3616470.0,1089073790,-121.0,94
631314,22,2024-01-08 05:50:03,OPMC_LIFT,944551000.0,227,227,229,4,0,4,50.06,0.8690999999999999,2024-01-08 05:50:12.000,2024-01-08 05:50:12.000,2024-01-08 05:50:12.000,534967171.0,3617670.0,1089082104,-103.0,94
631344,22,2024-01-08 06:00:03,OPMC_LIFT,944553000.0,226,227,228,4,0,4,50.0,0.8683,2024-01-08 06:00:19.000,2024-01-08 06:00:19.000,2024-01-08 06:00:19.000,534968042.0,3618070.0,1089084872,-100.0,94
631398,22,2024-01-08 06:20:03,OPMC_LIFT,944558000.0,224,225,227,4,0,4,49.97,0.8708999999999999,2024-01-08 06:20:12.000,2024-01-08 06:20:12.000,2024-01-08 06:20:12.000,534969760.0,3618870.0,1089090350,-120.0,94
631462,22,2024-01-08 06:40:03,OPMC_LIFT,944563000.0,226,226,228,4,0,4,50.02,0.8694,2024-01-08 06:40:11.000,2024-01-08 06:40:11.000,2024-01-08 06:40:11.000,534971494.0,3619674.0,1089095873,-121.0,94
631488,22,2024-01-08 06:50:03,OPMC_LIFT,944565000.0,226,226,228,4,0,4,50.04,0.8686999999999999,2024-01-08 06:50:10.000,2024-01-08 06:50:10.000,2024-01-08 06:50:10.000,534972358.0,3620074.0,1089098622,-101.0,94
631502,22,2024-01-08 06:50:54,OPMC_LIFT,944565000.0,226,226,228,4,0,4,50.02,0.8672,2024-01-08 06:51:07.000,2024-01-08 06:51:07.000,2024-01-08 06:51:07.000,534972432.0,3620106.0,1089098856,-105.0,94
631524,22,2024-01-08 07:00:03,OPMC_LIFT,944568000.0,226,226,228,4,0,4,50.07,0.8705999999999999,2024-01-08 07:00:16.000,2024-01-08 07:00:16.000,2024-01-08 07:00:16.000,534973219.0,3620474.0,1089101368,-99.0,94
631557,22,2024-01-08 07:10:03,OPMC_LIFT,944570000.0,224,225,227,4,0,3,50.04,0.8713,2024-01-08 07:10:19.000,2024-01-08 07:10:19.000,2024-01-08 07:10:19.000,534974074.0,3620874.0,1089104101,-101.0,94
631581,22,2024-01-08 07:20:03,OPMC_LIFT,944572000.0,226,227,228,4,0,4,49.95,0.8667999999999999,2024-01-08 07:20:12.000,2024-01-08 07:20:12.000,2024-01-08 07:20:12.000,534974928.0,3621274.0,1089106824,-108.0,94
631634,22,2024-01-08 07:40:03,OPMC_LIFT,944577000.0,225,226,227,4,0,3,50.01,0.8705999999999999,2024-01-08 07:40:12.000,2024-01-08 07:40:12.000,2024-01-08 07:40:12.000,534976653.0,3622067.0,1089112315,-106.0,94
631660,22,2024-01-08 07:50:03,OPMC_LIFT,944579000.0,225,226,227,4,0,4,50.0,0.8684,2024-01-08 07:50:13.000,2024-01-08 07:50:13.000,2024-01-08 07:50:13.000,534977510.0,3622467.0,1089115048,-101.0,94
631751,22,2024-01-08 08:20:03,OPMC_LIFT,944587000.0,225,226,227,4,0,4,50.0,0.8697999999999999,2024-01-08 08:20:17.000,2024-01-08 08:20:17.000,2024-01-08 08:20:17.000,534980080.0,3623661.0,1089123224,-101.0,94
631777,22,2024-01-08 08:30:03,OPMC_LIFT,944589000.0,224,225,226,30,28,31,50.01,0.8604999999999999,2024-01-08 08:30:12.000,2024-01-08 08:30:12.000,2024-01-08 08:30:12.000,534981261.0,3624051.0,1089126625,-99.0,94
631834,22,2024-01-08 08:50:03,OPMC_LIFT,945175000.0,219,222,223,353,375,373,49.96,0.8704999999999999,2024-01-08 08:50:15.000,2024-01-08 08:50:15.000,2024-01-08 08:50:15.000,535321443.0,3624051.0,1089805822,-107.0,94
631865,22,2024-01-08 09:00:03,OPMC_LIFT,945527000.0,219,222,223,349,370,369,49.98,0.8698999999999999,2024-01-08 09:00:15.000,2024-01-08 09:00:15.000,2024-01-08 09:00:15.000,535519738.0,3624051.0,1090209678,-100.0,94
631919,22,2024-01-08 09:20:03,OPMC_LIFT,946215000.0,219,221,223,346,366,366,50.04,0.8708999999999999,2024-01-08 09:20:13.000,2024-01-08 09:20:13.000,2024-01-08 09:20:13.000,535908758.0,3624051.0,1091000190,-108.0,94
631948,22,2024-01-08 09:30:03,OPMC_LIFT,946558000.0,219,221,222,342,362,362,49.97,0.8704,2024-01-08 09:30:14.000,2024-01-08 09:30:14.000,2024-01-08 09:30:14.000,536102691.0,3624051.0,1091394875,-104.0,94
632003,22,2024-01-08 09:50:03,OPMC_LIFT,947241000.0,218,221,222,342,361,362,50.02,0.8709999999999999,2024-01-08 09:50:13.000,2024-01-08 09:50:13.000,2024-01-08 09:50:13.000,536487453.0,3624051.0,1092178878,-101.0,94
632060,22,2024-01-08 10:10:03,OPMC_LIFT,947921000.0,218,220,222,340,360,359,50.06,0.8725999999999999,2024-01-08 10:10:14.000,2024-01-08 10:10:14.000,2024-01-08 10:10:14.000,536868493.0,3624051.0,1092958977,-102.0,94
632089,22,2024-01-08 10:20:03,OPMC_LIFT,948261000.0,220,222,224,340,360,360,50.03,0.8679999999999999,2024-01-08 10:20:12.000,2024-01-08 10:20:12.000,2024-01-08 10:20:12.000,537060266.0,3624051.0,1093349390,-102.0,94
632116,22,2024-01-08 10:30:03,OPMC_LIFT,948601000.0,220,222,223,341,361,361,50.02,0.8692,2024-01-08 10:30:12.000,2024-01-08 10:30:12.000,2024-01-08 10:30:12.000,537254166.0,3624051.0,1093741525,-121.0,94
632149,22,2024-01-08 10:40:03,OPMC_LIFT,948941000.0,219,222,223,341,360,361,50.05,0.8700999999999999,2024-01-08 10:40:18.000,2024-01-08 10:40:18.000,2024-01-08 10:40:18.000,537447206.0,3624051.0,1094132401,-106.0,94
632179,22,2024-01-08 10:50:03,OPMC_LIFT,949283000.0,220,222,223,345,366,366,50.06,0.8704999999999999,2024-01-08 10:50:18.000,2024-01-08 10:50:18.000,2024-01-08 10:50:18.000,537641261.0,3624051.0,1094526142,-105.0,94
632205,22,2024-01-08 11:00:03,OPMC_LIFT,949625000.0,220,222,223,341,361,362,49.97,0.8694999999999999,2024-01-08 11:00:15.000,2024-01-08 11:00:15.000,2024-01-08 11:00:15.000,537835571.0,3624051.0,1094919646,-106.0,94
632228,22,2024-01-08 11:10:03,OPMC_LIFT,949968000.0,220,223,224,343,363,363,50.0,0.8678999999999999,2024-01-08 11:10:10.000,2024-01-08 11:10:10.000,2024-01-08 11:10:10.000,538030483.0,3624051.0,1095313784,-120.0,94
632293,22,2024-01-08 11:30:03,OPMC_LIFT,950658000.0,221,223,224,342,363,363,50.03,0.8679999999999999,2024-01-08 11:30:15.000,2024-01-08 11:30:15.000,2024-01-08 11:30:15.000,538423478.0,3624051.0,1096108833,-102.0,94
632318,22,2024-01-08 11:40:03,OPMC_LIFT,951007000.0,220,223,224,349,369,370,49.97,0.8694999999999999,2024-01-08 11:40:12.000,2024-01-08 11:40:12.000,2024-01-08 11:40:12.000,538621552.0,3624051.0,1096509557,-121.0,94
632376,22,2024-01-08 12:00:03,OPMC_LIFT,951714000.0,223,225,227,359,381,382,50.06,0.8676999999999999,2024-01-08 12:00:15.000,2024-01-08 12:00:15.000,2024-01-08 12:00:15.000,539025267.0,3624051.0,1097323422,-108.0,94
632406,22,2024-01-08 12:10:03,OPMC_LIFT,952072000.0,221,223,225,352,373,374,50.0,0.8692,2024-01-08 12:10:14.000,2024-01-08 12:10:14.000,2024-01-08 12:10:14.000,539228387.0,3624051.0,1097736328,-103.0,94
632462,22,2024-01-08 12:30:03,OPMC_LIFT,952778000.0,221,223,224,346,365,367,50.01,0.8694999999999999,2024-01-08 12:30:15.000,2024-01-08 12:30:15.000,2024-01-08 12:30:15.000,539629008.0,3624051.0,1098548481,-120.0,94
632520,22,2024-01-08 12:50:03,OPMC_LIFT,953486000.0,219,222,223,351,372,373,49.97,0.8710999999999999,2024-01-08 12:50:14.000,2024-01-08 12:50:14.000,2024-01-08 12:50:14.000,540027978.0,3624051.0,1099361755,-105.0,94
632570,22,2024-01-08 13:10:03,OPMC_LIFT,954198000.0,219,222,223,362,383,382,49.96,0.8740999999999999,2024-01-08 13:10:09.000,2024-01-08 13:10:09.000,2024-01-08 13:10:09.000,540424368.0,3624051.0,1100176491,-103.0,94
632604,22,2024-01-08 13:20:03,OPMC_LIFT,954554000.0,219,221,222,362,382,382,49.95,0.8742,2024-01-08 13:20:17.000,2024-01-08 13:20:17.000,2024-01-08 13:20:17.000,540622858.0,3624051.0,1100584715,-108.0,94
632631,22,2024-01-08 13:30:03,OPMC_LIFT,954918000.0,218,220,221,369,390,389,49.97,0.8770999999999999,2024-01-08 13:30:15.000,2024-01-08 13:30:15.000,2024-01-08 13:30:15.000,540823235.0,3624051.0,1101000334,-107.0,94
632653,22,2024-01-08 13:40:03,OPMC_LIFT,955282000.0,218,220,221,366,387,386,49.98,0.8765999999999999,2024-01-08 13:40:10.000,2024-01-08 13:40:10.000,2024-01-08 13:40:10.000,541022746.0,3624051.0,1101415694,-102.0,94
632678,22,2024-01-08 13:50:03,OPMC_LIFT,955645000.0,218,221,222,364,383,383,50.02,0.8765,2024-01-08 13:50:13.000,2024-01-08 13:50:13.000,2024-01-08 13:50:13.000,541222054.0,3624051.0,1101829969,-102.0,94
632712,22,2024-01-08 14:00:03,OPMC_LIFT,956006000.0,218,220,221,358,378,378,49.99,0.8753,2024-01-08 14:00:12.000,2024-01-08 14:00:12.000,2024-01-08 14:00:12.000,541420410.0,3624051.0,1102241694,-107.0,94
632737,22,2024-01-08 14:10:03,OPMC_LIFT,956363000.0,218,220,221,364,384,382,49.99,0.8753,2024-01-08 14:10:09.000,2024-01-08 14:10:09.000,2024-01-08 14:10:09.000,541617478.0,3624051.0,1102649825,-104.0,94
632771,22,2024-01-08 14:20:03,OPMC_LIFT,956717000.0,218,221,222,358,379,377,50.0,0.8745999999999999,2024-01-08 14:20:15.000,2024-01-08 14:20:15.000,2024-01-08 14:20:15.000,541813040.0,3624051.0,1103054238,-105.0,94
632793,22,2024-01-08 14:30:03,OPMC_LIFT,957075000.0,218,221,222,355,375,375,49.98,0.8747999999999999,2024-01-08 14:30:13.000,2024-01-08 14:30:13.000,2024-01-08 14:30:13.000,542010717.0,3624051.0,1103463544,-102.0,94
632834,22,2024-01-08 14:40:03,OPMC_LIFT,957426000.0,219,221,222,347,367,366,49.98,0.8730999999999999,2024-01-08 14:40:14.000,2024-01-08 14:40:14.000,2024-01-08 14:40:14.000,542205990.0,3624051.0,1103865115,-106.0,94
632855,22,2024-01-08 14:50:03,OPMC_LIFT,957777000.0,219,221,222,351,371,370,50.0,0.8736999999999999,2024-01-08 14:50:13.000,2024-01-08 14:50:13.000,2024-01-08 14:50:13.000,542401277.0,3624051.0,1104266990,-107.0,94
632867,22,2024-01-08 14:58:23,OPMC_LIFT,958071000.0,219,222,223,351,372,371,49.98,0.8716999999999999,2024-01-08 14:58:37.000,2024-01-08 14:58:37.000,2024-01-08 14:58:37.000,542565488.0,3624051.0,1104604597,-101.0,94
632889,22,2024-01-08 15:00:03,OPMC_LIFT,958129000.0,219,222,223,347,367,366,49.97,0.8704,2024-01-08 15:00:15.000,2024-01-08 15:00:15.000,2024-01-08 15:00:15.000,542598058.0,3624051.0,1104670952,-103.0,94
632913,22,2024-01-08 15:10:03,OPMC_LIFT,958482000.0,219,221,222,360,381,379,49.98,0.8746999999999999,2024-01-08 15:10:17.000,2024-01-08 15:10:17.000,2024-01-08 15:10:17.000,542795270.0,3624051.0,1105074984,-105.0,94
632937,22,2024-01-08 15:20:03,OPMC_LIFT,958836000.0,219,221,223,350,371,371,50.02,0.8724999999999999,2024-01-08 15:20:15.000,2024-01-08 15:20:15.000,2024-01-08 15:20:15.000,542992598.0,3624051.0,1105480933,-107.0,94
632960,22,2024-01-08 15:30:03,OPMC_LIFT,959185000.0,220,222,223,349,369,368,50.02,0.8720999999999999,2024-01-08 15:30:13.000,2024-01-08 15:30:13.000,2024-01-08 15:30:13.000,543188214.0,3624051.0,1105881163,-121.0,94
632988,22,2024-01-08 15:40:03,OPMC_LIFT,959533000.0,220,222,223,357,379,377,50.03,0.8720999999999999,2024-01-08 15:40:14.000,2024-01-08 15:40:14.000,2024-01-08 15:40:14.000,543383747.0,3624051.0,1106280449,-103.0,94
633013,22,2024-01-08 15:50:03,OPMC_LIFT,959881000.0,220,222,223,345,365,364,50.01,0.8700999999999999,2024-01-08 15:50:13.000,2024-01-08 15:50:13.000,2024-01-08 15:50:13.000,543579686.0,3624051.0,1106679784,-107.0,94
633065,22,2024-01-08 16:10:03,OPMC_LIFT,960048000.0,228,229,230,0,0,0,50.03,1.0,2024-01-08 16:10:17.000,2024-01-08 16:10:17.000,2024-01-08 16:10:17.000,543673763.0,3624051.0,1106870190,-100.0,94
633093,22,2024-01-08 16:20:03,OPMC_LIFT,960048000.0,228,229,231,0,0,0,49.98,1.0,2024-01-08 16:20:15.000,2024-01-08 16:20:15.000,2024-01-08 16:20:15.000,543673763.0,3624051.0,1106870190,-102.0,94
633116,22,2024-01-08 16:30:03,OPMC_LIFT,960049000.0,229,230,231,4,0,4,50.0,0.8694,2024-01-08 16:30:12.000,2024-01-08 16:30:12.000,2024-01-08 16:30:12.000,543674394.0,3624198.0,1106871694,-120.0,94
633166,22,2024-01-08 16:50:03,OPMC_LIFT,960054000.0,228,229,230,4,0,4,50.0,0.8706999999999999,2024-01-08 16:50:13.000,2024-01-08 16:50:13.000,2024-01-08 16:50:13.000,543676176.0,3624995.0,1106877323,-121.0,94
633218,22,2024-01-08 17:10:03,OPMC_LIFT,960059000.0,228,229,230,4,0,4,50.09,0.8673,2024-01-08 17:10:11.000,2024-01-08 17:10:11.000,2024-01-08 17:10:11.000,543677958.0,3625798.0,1106882968,-108.0,94
633246,22,2024-01-08 17:20:03,OPMC_LIFT,960061000.0,228,229,230,4,0,4,50.06,0.8686999999999999,2024-01-08 17:20:13.000,2024-01-08 17:20:13.000,2024-01-08 17:20:13.000,543678842.0,3626198.0,1106885771,-121.0,94
633269,22,2024-01-08 17:30:03,OPMC_LIFT,960063000.0,229,229,231,4,0,4,50.05,0.8664,2024-01-08 17:30:11.000,2024-01-08 17:30:11.000,2024-01-08 17:30:11.000,543679731.0,3626598.0,1106888590,-102.0,94
633300,22,2024-01-08 17:40:03,OPMC_LIFT,960066000.0,229,230,231,4,0,4,50.07,0.8676999999999999,2024-01-08 17:40:15.000,2024-01-08 17:40:15.000,2024-01-08 17:40:15.000,543680627.0,3627002.0,1106891422,-103.0,94
633355,22,2024-01-08 18:00:03,OPMC_LIFT,960071000.0,227,228,229,4,0,4,50.08,0.8684999999999999,2024-01-08 18:00:14.000,2024-01-08 18:00:14.000,2024-01-08 18:00:14.000,543682422.0,3627805.0,1106897096,-123.0,94
633383,22,2024-01-08 18:10:03,OPMC_LIFT,960073000.0,228,229,230,4,0,4,50.05,0.8695999999999999,2024-01-08 18:10:17.000,2024-01-08 18:10:17.000,2024-01-08 18:10:17.000,543683309.0,3628205.0,1106899902,-121.0,94
633475,22,2024-01-08 18:50:03,OPMC_LIFT,960083000.0,228,229,230,4,0,4,50.02,0.8694,2024-01-08 18:50:13.000,2024-01-08 18:50:13.000,2024-01-08 18:50:13.000,543686864.0,3629805.0,1106911163,-103.0,94
633510,22,2024-01-08 19:00:03,OPMC_LIFT,960086000.0,225,226,227,4,0,4,49.98,0.8698999999999999,2024-01-08 19:00:16.000,2024-01-08 19:00:16.000,2024-01-08 19:00:16.000,543687747.0,3630205.0,1106913963,-119.0,94
633534,22,2024-01-08 19:10:03,OPMC_LIFT,960088000.0,225,225,227,4,0,4,49.95,0.8702,2024-01-08 19:10:14.000,2024-01-08 19:10:14.000,2024-01-08 19:10:14.000,543688608.0,3630602.0,1106916709,-106.0,94
633556,22,2024-01-08 19:20:03,OPMC_LIFT,960090000.0,225,226,227,4,0,3,50.01,0.8674,2024-01-08 19:20:13.000,2024-01-08 19:20:13.000,2024-01-08 19:20:13.000,543689466.0,3631002.0,1106919445,-123.0,94
633582,22,2024-01-08 19:30:03,OPMC_LIFT,960093000.0,225,226,227,4,0,4,50.02,0.8702,2024-01-08 19:30:09.000,2024-01-08 19:30:09.000,2024-01-08 19:30:09.000,543690323.0,3631398.0,1106922181,-121.0,94
633616,22,2024-01-08 19:40:03,OPMC_LIFT,960095000.0,225,226,227,4,0,4,50.02,0.8687999999999999,2024-01-08 19:40:17.000,2024-01-08 19:40:17.000,2024-01-08 19:40:17.000,543691178.0,3631798.0,1106924913,-120.0,94
633640,22,2024-01-08 19:50:03,OPMC_LIFT,960097000.0,225,226,227,4,0,4,49.95,0.8677999999999999,2024-01-08 19:50:10.000,2024-01-08 19:50:10.000,2024-01-08 19:50:10.000,543692038.0,3632195.0,1106927649,-120.0,94
633673,22,2024-01-08 20:00:03,OPMC_LIFT,960100000.0,225,226,227,4,0,4,50.0,0.8694999999999999,2024-01-08 20:00:15.000,2024-01-08 20:00:15.000,2024-01-08 20:00:15.000,543692893.0,3632595.0,1106930385,-121.0,94
633746,22,2024-01-08 20:30:03,OPMC_LIFT,960107000.0,226,226,228,4,0,4,50.03,0.8674,2024-01-08 20:30:12.000,2024-01-08 20:30:12.000,2024-01-08 20:30:12.000,543695472.0,3633795.0,1106938609,-107.0,94
633805,22,2024-01-08 20:50:03,OPMC_LIFT,960112000.0,226,226,228,4,0,4,50.01,0.8717999999999999,2024-01-08 20:50:17.000,2024-01-08 20:50:17.000,2024-01-08 20:50:17.000,543697197.0,3634595.0,1106944101,-120.0,94
633828,22,2024-01-08 21:00:03,OPMC_LIFT,960114000.0,226,227,228,4,0,4,50.03,0.8682,2024-01-08 21:00:14.000,2024-01-08 21:00:14.000,2024-01-08 21:00:14.000,543698061.0,3634995.0,1106946859,-120.0,94
633855,22,2024-01-08 21:10:03,OPMC_LIFT,960116000.0,226,227,228,4,0,4,50.04,0.8684,2024-01-08 21:10:14.000,2024-01-08 21:10:14.000,2024-01-08 21:10:14.000,543698928.0,3635398.0,1106949617,-106.0,94
633880,22,2024-01-08 21:20:03,OPMC_LIFT,960119000.0,226,227,228,4,0,4,49.99,0.8698999999999999,2024-01-08 21:20:15.000,2024-01-08 21:20:15.000,2024-01-08 21:20:15.000,543699798.0,3635798.0,1106952385,-121.0,94
633904,22,2024-01-08 21:30:03,OPMC_LIFT,960121000.0,227,227,229,4,0,4,50.04,0.8679999999999999,2024-01-08 21:30:16.000,2024-01-08 21:30:16.000,2024-01-08 21:30:16.000,543700669.0,3636198.0,1106955153,-100.0,94
633956,22,2024-01-08 21:50:03,OPMC_LIFT,960126000.0,227,228,229,4,0,4,50.05,0.8679999999999999,2024-01-08 21:50:12.000,2024-01-08 21:50:12.000,2024-01-08 21:50:12.000,543702422.0,3637002.0,1106960721,-106.0,94
633982,22,2024-01-08 22:00:03,OPMC_LIFT,960129000.0,227,228,229,4,0,4,50.05,0.8679999999999999,2024-01-08 22:00:14.000,2024-01-08 22:00:14.000,2024-01-08 22:00:14.000,543703302.0,3637402.0,1106963515,-105.0,94
634011,22,2024-01-08 22:10:03,OPMC_LIFT,960131000.0,227,228,229,4,0,4,50.02,0.8712,2024-01-08 22:10:15.000,2024-01-08 22:10:15.000,2024-01-08 22:10:15.000,543704182.0,3637805.0,1106966305,-120.0,94
634060,22,2024-01-08 22:30:03,OPMC_LIFT,960136000.0,228,228,230,4,0,4,50.03,0.8655999999999999,2024-01-08 22:30:18.000,2024-01-08 22:30:18.000,2024-01-08 22:30:18.000,543705949.0,3638605.0,1106971905,-107.0,94
634103,22,2024-01-08 22:40:03,OPMC_LIFT,960138000.0,228,228,230,4,0,4,50.04,0.8674,2024-01-08 22:40:17.000,2024-01-08 22:40:17.000,2024-01-08 22:40:17.000,543706835.0,3639008.0,1106974712,-107.0,94
634127,22,2024-01-08 22:50:03,OPMC_LIFT,960141000.0,228,228,230,4,0,4,50.06,0.8688999999999999,2024-01-08 22:50:15.000,2024-01-08 22:50:15.000,2024-01-08 22:50:15.000,543707722.0,3639408.0,1106977521,-97.0,94
634133,22,2024-01-08 22:52:51,OPMC_LIFT,960141000.0,228,229,230,4,0,4,49.98,0.8693,2024-01-08 22:53:00.000,2024-01-08 22:53:00.000,2024-01-08 22:53:00.000,543707971.0,3639520.0,1106978309,-101.0,94
634149,22,2024-01-08 23:00:03,OPMC_LIFT,960143000.0,228,229,230,4,0,4,50.01,0.8676999999999999,2024-01-08 23:00:14.000,2024-01-08 23:00:14.000,2024-01-08 23:00:14.000,543708611.0,3639808.0,1106980334,-120.0,94
634178,22,2024-01-08 23:10:03,OPMC_LIFT,960146000.0,226,226,228,4,0,4,50.03,0.8697999999999999,2024-01-08 23:10:11.000,2024-01-08 23:10:11.000,2024-01-08 23:10:11.000,543709498.0,3640211.0,1106983147,-121.0,94
634207,22,2024-01-08 23:20:03,OPMC_LIFT,960148000.0,226,226,228,4,0,4,49.97,0.8726999999999999,2024-01-08 23:20:13.000,2024-01-08 23:20:13.000,2024-01-08 23:20:13.000,543710362.0,3640611.0,1106985893,-103.0,94
634237,22,2024-01-08 23:30:03,OPMC_LIFT,960150000.0,226,226,228,4,0,4,50.0,0.8710999999999999,2024-01-08 23:30:14.000,2024-01-08 23:30:14.000,2024-01-08 23:30:14.000,543711226.0,3641011.0,1106988645,-104.0,94
634260,22,2024-01-08 23:40:03,OPMC_LIFT,960153000.0,226,226,228,4,0,4,50.0,0.8672,2024-01-08 23:40:12.000,2024-01-08 23:40:12.000,2024-01-08 23:40:12.000,543712093.0,3641411.0,1106991403,-101.0,94
634282,22,2024-01-08 23:50:03,OPMC_LIFT,960155000.0,226,226,228,4,0,4,49.97,0.8669999999999999,2024-01-08 23:50:08.000,2024-01-08 23:50:08.000,2024-01-08 23:50:08.000,543712957.0,3641811.0,1106994165,-103.0,94
634337,22,2024-01-09 00:10:03,OPMC_LIFT,960160000.0,226,227,229,4,0,4,49.97,0.8692,2024-01-09 00:10:12.000,2024-01-09 00:10:12.000,2024-01-09 00:10:12.000,543714701.0,3642611.0,1106999704,-103.0,94
634364,22,2024-01-09 00:20:03,OPMC_LIFT,960162000.0,227,227,229,4,0,4,50.0,0.8696999999999999,2024-01-09 00:20:15.000,2024-01-09 00:20:15.000,2024-01-09 00:20:15.000,543715578.0,3643011.0,1107002488,-101.0,94
634416,22,2024-01-09 00:40:03,OPMC_LIFT,960167000.0,227,228,229,4,0,4,50.06,0.8694999999999999,2024-01-09 00:40:15.000,2024-01-09 00:40:15.000,2024-01-09 00:40:15.000,543717328.0,3643814.0,1107008056,-108.0,94
634439,22,2024-01-09 00:50:03,OPMC_LIFT,960170000.0,227,228,230,4,0,4,50.05,0.8694,2024-01-09 00:50:18.000,2024-01-09 00:50:18.000,2024-01-09 00:50:18.000,543718208.0,3644214.0,1107010846,-97.0,94
634464,22,2024-01-09 01:00:03,OPMC_LIFT,960172000.0,227,228,230,4,0,4,49.97,0.8662,2024-01-09 01:00:12.000,2024-01-09 01:00:12.000,2024-01-09 01:00:12.000,543719091.0,3644618.0,1107013643,-99.0,94
634495,22,2024-01-09 01:10:03,OPMC_LIFT,960175000.0,227,228,230,4,0,4,50.0,0.8697999999999999,2024-01-09 01:10:27.000,2024-01-09 01:10:27.000,2024-01-09 01:10:27.000,543719971.0,3645018.0,1107016443,-103.0,94
634550,22,2024-01-09 01:30:03,OPMC_LIFT,960179000.0,228,228,230,4,0,4,50.05,0.8688999999999999,2024-01-09 01:30:14.000,2024-01-09 01:30:14.000,2024-01-09 01:30:14.000,543721738.0,3645818.0,1107022033,-121.0,94
634573,22,2024-01-09 01:40:03,OPMC_LIFT,960182000.0,227,228,230,4,0,4,50.03,0.8672,2024-01-09 01:40:12.000,2024-01-09 01:40:12.000,2024-01-09 01:40:12.000,543722618.0,3646218.0,1107024830,-101.0,94
634605,22,2024-01-09 01:50:03,OPMC_LIFT,960184000.0,227,228,230,4,0,4,49.94,0.8688999999999999,2024-01-09 01:50:16.000,2024-01-09 01:50:16.000,2024-01-09 01:50:16.000,543723501.0,3646621.0,1107027630,-103.0,94
634625,22,2024-01-09 02:00:03,OPMC_LIFT,960187000.0,228,228,230,4,0,4,50.0,0.8666999999999999,2024-01-09 02:00:11.000,2024-01-09 02:00:11.000,2024-01-09 02:00:11.000,543724384.0,3647021.0,1107030430,-121.0,94
634647,22,2024-01-09 02:10:03,OPMC_LIFT,960189000.0,228,229,230,4,0,4,50.03,0.8683,2024-01-09 02:10:12.000,2024-01-09 02:10:12.000,2024-01-09 02:10:12.000,543725270.0,3647421.0,1107033240,-105.0,94
634697,22,2024-01-09 02:30:03,OPMC_LIFT,960194000.0,228,229,230,4,0,4,50.02,0.8679999999999999,2024-01-09 02:30:10.000,2024-01-09 02:30:10.000,2024-01-09 02:30:10.000,543727046.0,3648224.0,1107038865,-121.0,94
634729,22,2024-01-09 02:40:03,OPMC_LIFT,960196000.0,228,229,231,4,0,4,49.97,0.8672,2024-01-09 02:40:16.000,2024-01-09 02:40:16.000,2024-01-09 02:40:16.000,543727939.0,3648624.0,1107041688,-105.0,94
634744,22,2024-01-09 02:50:03,OPMC_LIFT,960199000.0,229,229,231,4,0,4,50.03,0.8688999999999999,2024-01-09 02:50:09.000,2024-01-09 02:50:09.000,2024-01-09 02:50:09.000,543728832.0,3649027.0,1107044513,-103.0,94
634771,22,2024-01-09 03:00:03,OPMC_LIFT,960201000.0,229,230,231,4,0,4,50.06,0.8690999999999999,2024-01-09 03:00:14.000,2024-01-09 03:00:14.000,2024-01-09 03:00:14.000,543729731.0,3649427.0,1107047352,-120.0,94
634801,22,2024-01-09 03:10:03,OPMC_LIFT,960204000.0,229,230,231,4,0,4,50.05,0.8684,2024-01-09 03:10:17.000,2024-01-09 03:10:17.000,2024-01-09 03:10:17.000,543730630.0,3649830.0,1107050197,-101.0,94
634828,22,2024-01-09 03:20:03,OPMC_LIFT,960206000.0,229,230,231,4,0,4,50.01,0.8668999999999999,2024-01-09 03:20:13.000,2024-01-09 03:20:13.000,2024-01-09 03:20:13.000,543731530.0,3650234.0,1107053041,-103.0,94
634851,22,2024-01-09 03:30:03,OPMC_LIFT,960209000.0,229,230,231,4,0,4,50.05,0.8684,2024-01-09 03:30:15.000,2024-01-09 03:30:15.000,2024-01-09 03:30:15.000,543732429.0,3650634.0,1107055880,-123.0,94
634874,22,2024-01-09 03:40:03,OPMC_LIFT,960211000.0,229,230,231,4,0,4,49.98,0.8680999999999999,2024-01-09 03:40:15.000,2024-01-09 03:40:15.000,2024-01-09 03:40:15.000,543733328.0,3651037.0,1107058721,-120.0,94
634926,22,2024-01-09 04:00:03,OPMC_LIFT,960216000.0,229,229,231,4,0,4,49.94,0.8700999999999999,2024-01-09 04:00:10.000,2024-01-09 04:00:10.000,2024-01-09 04:00:10.000,543735126.0,3651837.0,1107064405,-107.0,94
634982,22,2024-01-09 04:20:03,OPMC_LIFT,960221000.0,229,229,231,4,0,4,50.02,0.8659999999999999,2024-01-09 04:20:15.000,2024-01-09 04:20:15.000,2024-01-09 04:20:15.000,543736922.0,3652640.0,1107070072,-121.0,94
635054,22,2024-01-09 04:50:03,OPMC_LIFT,960228000.0,228,229,230,4,0,4,50.0,0.8687999999999999,2024-01-09 04:50:13.000,2024-01-09 04:50:13.000,2024-01-09 04:50:13.000,543739597.0,3653843.0,1107078536,-105.0,94
635078,22,2024-01-09 05:00:03,OPMC_LIFT,960231000.0,228,228,230,4,0,4,49.95,0.8654,2024-01-09 05:00:15.000,2024-01-09 05:00:15.000,2024-01-09 05:00:15.000,543740486.0,3654246.0,1107081349,-99.0,94
635128,22,2024-01-09 05:20:03,OPMC_LIFT,960236000.0,227,227,229,4,0,4,49.95,0.8697999999999999,2024-01-09 05:20:12.000,2024-01-09 05:20:12.000,2024-01-09 05:20:12.000,543742246.0,3655046.0,1107086936,-105.0,94
635156,22,2024-01-09 05:30:03,OPMC_LIFT,960238000.0,226,227,228,4,0,4,50.03,0.8665999999999999,2024-01-09 05:30:15.000,2024-01-09 05:30:15.000,2024-01-09 05:30:15.000,543743120.0,3655446.0,1107089707,-105.0,94
635173,22,2024-01-09 05:40:03,OPMC_LIFT,960241000.0,226,226,228,4,0,4,50.02,0.8657999999999999,2024-01-09 05:40:10.000,2024-01-09 05:40:10.000,2024-01-09 05:40:10.000,543743987.0,3655846.0,1107092465,-119.0,94
635202,22,2024-01-09 05:50:03,OPMC_LIFT,960243000.0,225,226,227,4,0,4,49.96,0.8678999999999999,2024-01-09 05:50:15.000,2024-01-09 05:50:15.000,2024-01-09 05:50:15.000,543744848.0,3656246.0,1107095217,-121.0,94
635254,22,2024-01-09 06:10:03,OPMC_LIFT,960248000.0,225,225,227,4,0,3,49.95,0.8669999999999999,2024-01-09 06:10:15.000,2024-01-09 06:10:15.000,2024-01-09 06:10:15.000,543746570.0,3657050.0,1107100705,-102.0,94
635277,22,2024-01-09 06:20:03,OPMC_LIFT,960250000.0,225,225,227,4,0,3,50.09,0.8703,2024-01-09 06:20:17.000,2024-01-09 06:20:17.000,2024-01-09 06:20:17.000,543747421.0,3657450.0,1107103429,-99.0,94
635302,22,2024-01-09 06:30:03,OPMC_LIFT,960252000.0,226,227,228,4,0,4,50.08,0.8693,2024-01-09 06:30:13.000,2024-01-09 06:30:13.000,2024-01-09 06:30:13.000,543748278.0,3657850.0,1107106168,-102.0,94
635347,22,2024-01-09 06:40:03,OPMC_LIFT,960255000.0,227,227,229,4,0,4,50.1,0.8685999999999999,2024-01-09 06:40:15.000,2024-01-09 06:40:15.000,2024-01-09 06:40:15.000,543749149.0,3658253.0,1107108939,-121.0,94
635396,22,2024-01-09 07:00:03,OPMC_LIFT,960260000.0,226,227,229,4,0,4,49.93,0.8687999999999999,2024-01-09 07:00:13.000,2024-01-09 07:00:13.000,2024-01-09 07:00:13.000,543750890.0,3659059.0,1107114485,-120.0,94
635422,22,2024-01-09 07:10:03,OPMC_LIFT,960262000.0,225,226,227,4,0,4,50.06,0.8708999999999999,2024-01-09 07:10:11.000,2024-01-09 07:10:11.000,2024-01-09 07:10:11.000,543751747.0,3659459.0,1107117224,-121.0,94
635450,22,2024-01-09 07:20:03,OPMC_LIFT,960264000.0,224,225,226,4,0,3,50.05,0.8696999999999999,2024-01-09 07:20:12.000,2024-01-09 07:20:12.000,2024-01-09 07:20:12.000,543752602.0,3659859.0,1107119947,-119.0,94
635497,22,2024-01-09 07:40:03,OPMC_LIFT,960269000.0,225,226,228,4,0,4,50.02,0.8690999999999999,2024-01-09 07:40:10.000,2024-01-09 07:40:10.000,2024-01-09 07:40:10.000,543754320.0,3660659.0,1107125422,-105.0,94
635605,22,2024-01-09 08:20:03,OPMC_LIFT,960279000.0,225,226,228,4,0,4,50.06,0.8694,2024-01-09 08:20:11.000,2024-01-09 08:20:11.000,2024-01-09 08:20:11.000,543757754.0,3662250.0,1107136369,-121.0,94
635685,22,2024-01-09 08:50:03,OPMC_LIFT,960709000.0,218,220,222,361,381,380,50.03,0.8708999999999999,2024-01-09 08:50:15.000,2024-01-09 08:50:15.000,2024-01-09 08:50:15.000,544024090.0,3662778.0,1107645736,-119.0,94
635732,22,2024-01-09 09:10:04,OPMC_LIFT,961126000.0,222,224,225,201,207,210,50.0,0.8705999999999999,2024-01-09 09:10:13.000,2024-01-09 09:10:13.000,2024-01-09 09:10:13.000,544258230.0,3662778.0,1108123560,-106.0,94
635764,22,2024-01-09 09:20:03,OPMC_LIFT,961329000.0,222,224,225,202,209,212,49.99,0.8716999999999999,2024-01-09 09:20:16.000,2024-01-09 09:20:16.000,2024-01-09 09:20:16.000,544372112.0,3662778.0,1108356289,-116.0,94
635793,22,2024-01-09 09:30:03,OPMC_LIFT,961533000.0,222,224,225,204,210,214,49.96,0.8734,2024-01-09 09:30:13.000,2024-01-09 09:30:13.000,2024-01-09 09:30:13.000,544485984.0,3662778.0,1108589899,-102.0,94
635854,22,2024-01-09 09:50:03,OPMC_LIFT,961943000.0,221,223,224,206,212,214,50.0,0.8755,2024-01-09 09:50:17.000,2024-01-09 09:50:17.000,2024-01-09 09:50:17.000,544713174.0,3662778.0,1109059045,-120.0,94
635877,22,2024-01-09 10:00:03,OPMC_LIFT,962150000.0,220,222,223,208,213,216,49.97,0.8769999999999999,2024-01-09 10:00:13.000,2024-01-09 10:00:13.000,2024-01-09 10:00:13.000,544826720.0,3662778.0,1109294952,-100.0,94
635922,22,2024-01-09 10:20:03,OPMC_LIFT,962567000.0,222,224,225,207,212,216,50.02,0.8737999999999999,2024-01-09 10:20:10.000,2024-01-09 10:20:10.000,2024-01-09 10:20:10.000,545057373.0,3662778.0,1109770949,-119.0,94
635949,22,2024-01-09 10:30:03,OPMC_LIFT,962775000.0,222,224,225,206,212,215,50.02,0.8744999999999999,2024-01-09 10:30:11.000,2024-01-09 10:30:11.000,2024-01-09 10:30:11.000,545172800.0,3662778.0,1110009099,-120.0,94
635979,22,2024-01-09 10:40:03,OPMC_LIFT,962981000.0,222,224,225,207,213,216,49.96,0.8752,2024-01-09 10:40:10.000,2024-01-09 10:40:10.000,2024-01-09 10:40:10.000,545287248.0,3662778.0,1110245403,-101.0,94
636025,22,2024-01-09 11:00:03,OPMC_LIFT,963401000.0,222,224,225,209,215,218,50.02,0.8756999999999999,2024-01-09 11:00:09.000,2024-01-09 11:00:09.000,2024-01-09 11:00:09.000,545519046.0,3662778.0,1110724625,-120.0,94
636060,22,2024-01-09 11:10:03,OPMC_LIFT,963612000.0,221,223,225,213,219,221,49.99,0.8763,2024-01-09 11:10:15.000,2024-01-09 11:10:15.000,2024-01-09 11:10:15.000,545635514.0,3662778.0,1110966158,-106.0,94
636083,22,2024-01-09 11:20:03,OPMC_LIFT,963827000.0,222,224,225,215,221,223,49.99,0.8756999999999999,2024-01-09 11:20:15.000,2024-01-09 11:20:15.000,2024-01-09 11:20:15.000,545753354.0,3662778.0,1111210769,-119.0,94
636156,22,2024-01-09 11:50:03,OPMC_LIFT,964500000.0,221,224,225,303,322,321,50.01,0.8444999999999999,2024-01-09 11:50:12.000,2024-01-09 11:50:12.000,2024-01-09 11:50:12.000,546144096.0,3662778.0,1111990069,-118.0,94
636184,22,2024-01-09 12:00:03,OPMC_LIFT,964735000.0,225,227,228,206,214,217,50.07,0.8585999999999999,2024-01-09 12:00:11.000,2024-01-09 12:00:11.000,2024-01-09 12:00:11.000,546286470.0,3662778.0,1112264670,-101.0,94
636207,22,2024-01-09 12:10:03,OPMC_LIFT,964973000.0,225,226,228,204,213,215,49.97,0.8584999999999999,2024-01-09 12:10:09.000,2024-01-09 12:10:09.000,2024-01-09 12:10:09.000,546435555.0,3662778.0,1112545931,-119.0,94
636271,22,2024-01-09 12:30:03,OPMC_LIFT,965419000.0,224,226,227,205,213,216,49.98,0.8603999999999999,2024-01-09 12:30:15.000,2024-01-09 12:30:15.000,2024-01-09 12:30:15.000,546707274.0,3662778.0,1113068523,-119.0,94
636295,22,2024-01-09 12:40:03,OPMC_LIFT,965638000.0,222,224,225,304,322,322,49.94,0.8428999999999999,2024-01-09 12:40:14.000,2024-01-09 12:40:14.000,2024-01-09 12:40:14.000,546841062.0,3662778.0,1113326510,-119.0,94
636349,22,2024-01-09 13:00:03,OPMC_LIFT,966116000.0,222,224,225,209,217,219,50.04,0.8647999999999999,2024-01-09 13:00:16.000,2024-01-09 13:00:16.000,2024-01-09 13:00:16.000,547129686.0,3662778.0,1113885304,-118.0,94
636381,22,2024-01-09 13:10:03,OPMC_LIFT,966367000.0,220,222,223,206,214,216,49.93,0.8673,2024-01-09 13:10:14.000,2024-01-09 13:10:14.000,2024-01-09 13:10:14.000,547281728.0,3662778.0,1114178885,-107.0,94
636409,22,2024-01-09 13:20:03,OPMC_LIFT,966579000.0,218,220,222,297,316,315,50.0,0.8488999999999999,2024-01-09 13:20:14.000,2024-01-09 13:20:14.000,2024-01-09 13:20:14.000,547404339.0,3662778.0,1114423870,-119.0,94
636441,22,2024-01-09 13:30:03,OPMC_LIFT,966830000.0,220,222,223,214,222,224,49.98,0.8706999999999999,2024-01-09 13:30:18.000,2024-01-09 13:30:18.000,2024-01-09 13:30:18.000,547551626.0,3662778.0,1114715032,-103.0,94
636463,22,2024-01-09 13:40:03,OPMC_LIFT,967078000.0,221,223,224,135,139,143,49.99,0.8256999999999999,2024-01-09 13:40:11.000,2024-01-09 13:40:11.000,2024-01-09 13:40:11.000,547699875.0,3662778.0,1115003723,-120.0,94
636487,22,2024-01-09 13:50:03,OPMC_LIFT,967307000.0,217,219,220,399,421,417,50.01,0.8769999999999999,2024-01-09 13:50:10.000,2024-01-09 13:50:10.000,2024-01-09 13:50:10.000,547834560.0,3662778.0,1115270641,-120.0,94
636513,22,2024-01-09 14:00:03,OPMC_LIFT,967537000.0,218,221,222,297,315,313,50.01,0.8484999999999999,2024-01-09 14:00:09.000,2024-01-09 14:00:09.000,2024-01-09 14:00:09.000,547967120.0,3662778.0,1115535960,-119.0,94
636551,22,2024-01-09 14:10:03,OPMC_LIFT,967782000.0,219,222,223,215,220,224,49.97,0.8771999999999999,2024-01-09 14:10:14.000,2024-01-09 14:10:14.000,2024-01-09 14:10:14.000,548112102.0,3662778.0,1115820875,-105.0,94
636581,22,2024-01-09 14:20:03,OPMC_LIFT,968085000.0,222,224,225,207,215,217,49.97,0.8634999999999999,2024-01-09 14:20:15.000,2024-01-09 14:20:15.000,2024-01-09 14:20:15.000,548287706.0,3662778.0,1116171342,-117.0,94
636608,22,2024-01-09 14:30:03,OPMC_LIFT,968392000.0,219,222,223,392,414,411,50.02,0.8739999999999999,2024-01-09 14:30:13.000,2024-01-09 14:30:13.000,2024-01-09 14:30:13.000,548470371.0,3662778.0,1116529800,-107.0,94
636677,22,2024-01-09 14:50:57,OPMC_LIFT,968938000.0,223,225,226,205,213,215,49.96,0.8617999999999999,2024-01-09 14:51:06.000,2024-01-09 14:51:06.000,2024-01-09 14:51:06.000,548791939.0,3662778.0,1117163182,-106.0,94
636695,22,2024-01-09 15:00:03,OPMC_LIFT,969222000.0,223,225,226,206,212,215,50.0,0.8717999999999999,2024-01-09 15:00:16.000,2024-01-09 15:00:16.000,2024-01-09 15:00:16.000,548960762.0,3662778.0,1117493790,-107.0,94
636717,22,2024-01-09 15:10:03,OPMC_LIFT,969497000.0,220,222,224,391,412,409,49.98,0.8725999999999999,2024-01-09 15:10:09.000,2024-01-09 15:10:09.000,2024-01-09 15:10:09.000,549121395.0,3662778.0,1117813166,-102.0,94
636773,22,2024-01-09 15:30:03,OPMC_LIFT,970030000.0,222,224,225,246,261,262,50.0,0.8092999999999999,2024-01-09 15:30:13.000,2024-01-09 15:30:13.000,2024-01-09 15:30:13.000,549436243.0,3662778.0,1118432949,-118.0,94
636800,22,2024-01-09 15:40:03,OPMC_LIFT,970286000.0,223,225,226,227,241,242,50.03,0.7879999999999999,2024-01-09 15:40:15.000,2024-01-09 15:40:15.000,2024-01-09 15:40:15.000,549590544.0,3662778.0,1118731925,-119.0,94
636826,22,2024-01-09 15:50:03,OPMC_LIFT,970525000.0,224,226,227,208,215,218,49.97,0.8713,2024-01-09 15:50:13.000,2024-01-09 15:50:13.000,2024-01-09 15:50:13.000,549740435.0,3662778.0,1119014296,-102.0,94
636853,22,2024-01-09 16:00:03,OPMC_LIFT,970777000.0,224,226,227,200,210,212,50.01,0.8573,2024-01-09 16:00:16.000,2024-01-09 16:00:16.000,2024-01-09 16:00:16.000,549894621.0,3662778.0,1119309662,-106.0,94
636880,22,2024-01-09 16:10:02,OPMC_LIFT,970885000.0,228,229,231,0,0,0,49.95,1.0,2024-01-09 16:10:14.000,2024-01-09 16:10:14.000,2024-01-09 16:10:14.000,549965341.0,3662778.0,1119438312,-119.0,94
636923,22,2024-01-09 16:30:02,OPMC_LIFT,970885000.0,227,228,229,0,0,0,49.98,1.0,2024-01-09 16:30:15.000,2024-01-09 16:30:15.000,2024-01-09 16:30:15.000,549965341.0,3662778.0,1119438312,-99.0,94
636969,22,2024-01-09 16:50:02,OPMC_LIFT,970887000.0,228,229,230,4,0,4,49.97,0.8707999999999999,2024-01-09 16:50:11.000,2024-01-09 16:50:11.000,2024-01-09 16:50:11.000,549966563.0,3663200.0,1119441742,-105.0,94
636996,22,2024-01-09 17:00:02,OPMC_LIFT,970890000.0,229,230,232,4,0,4,50.05,0.8674999999999999,2024-01-09 17:00:12.000,2024-01-09 17:00:12.000,2024-01-09 17:00:12.000,549967459.0,3663600.0,1119444584,-119.0,94
637024,22,2024-01-09 17:10:03,OPMC_LIFT,970892000.0,227,228,230,4,0,4,49.97,0.8684999999999999,2024-01-09 17:10:14.000,2024-01-09 17:10:14.000,2024-01-09 17:10:14.000,549968339.0,3664000.0,1119447381,-119.0,94
637071,22,2024-01-09 17:30:03,OPMC_LIFT,970897000.0,228,229,230,4,0,4,49.96,0.8680999999999999,2024-01-09 17:30:16.000,2024-01-09 17:30:16.000,2024-01-09 17:30:16.000,549970106.0,3664797.0,1119452984,-120.0,94
637118,22,2024-01-09 17:50:03,OPMC_LIFT,970902000.0,229,230,231,4,0,4,49.96,0.8678999999999999,2024-01-09 17:50:15.000,2024-01-09 17:50:15.000,2024-01-09 17:50:15.000,549971888.0,3665594.0,1119458629,-102.0,94
637146,22,2024-01-09 18:00:03,OPMC_LIFT,970905000.0,228,228,230,4,0,4,50.04,0.8672,2024-01-09 18:00:17.000,2024-01-09 18:00:17.000,2024-01-09 18:00:17.000,549972781.0,3665994.0,1119461461,-120.0,94
637189,22,2024-01-09 18:20:03,OPMC_LIFT,970909000.0,229,229,230,4,0,4,50.01,0.8680999999999999,2024-01-09 18:20:14.000,2024-01-09 18:20:14.000,2024-01-09 18:20:14.000,549974560.0,3666794.0,1119467099,-118.0,94
637210,22,2024-01-09 18:30:03,OPMC_LIFT,970912000.0,229,229,231,4,0,4,50.03,0.8676999999999999,2024-01-09 18:30:18.000,2024-01-09 18:30:18.000,2024-01-09 18:30:18.000,549975453.0,3667190.0,1119469918,-118.0,94
637233,22,2024-01-09 18:40:03,OPMC_LIFT,970914000.0,229,229,231,4,0,4,50.01,0.8703,2024-01-09 18:40:15.000,2024-01-09 18:40:15.000,2024-01-09 18:40:15.000,549976346.0,3667590.0,1119472744,-105.0,94
637256,22,2024-01-09 18:50:03,OPMC_LIFT,970917000.0,229,229,231,4,0,4,49.98,0.8680999999999999,2024-01-09 18:50:17.000,2024-01-09 18:50:17.000,2024-01-09 18:50:17.000,549977242.0,3667990.0,1119475576,-119.0,94
637328,22,2024-01-09 19:20:02,OPMC_LIFT,970924000.0,226,227,228,4,0,4,50.04,0.8692,2024-01-09 19:20:14.000,2024-01-09 19:20:14.000,2024-01-09 19:20:14.000,549979885.0,3669184.0,1119483963,-120.0,94
637371,22,2024-01-09 19:40:03,OPMC_LIFT,970929000.0,226,226,228,4,0,4,49.97,0.8714999999999999,2024-01-09 19:40:12.000,2024-01-09 19:40:12.000,2024-01-09 19:40:12.000,549981606.0,3669978.0,1119489464,-101.0,94
637397,22,2024-01-09 19:50:03,OPMC_LIFT,970931000.0,226,226,228,4,0,4,50.03,0.8706999999999999,2024-01-09 19:50:10.000,2024-01-09 19:50:10.000,2024-01-09 19:50:10.000,549982470.0,3670374.0,1119492216,-102.0,94
637472,22,2024-01-09 20:20:03,OPMC_LIFT,970938000.0,226,227,228,4,0,4,49.96,0.8695999999999999,2024-01-09 20:20:10.000,2024-01-09 20:20:10.000,2024-01-09 20:20:10.000,549985059.0,3671568.0,1119500481,-108.0,94
637501,22,2024-01-09 20:30:03,OPMC_LIFT,970941000.0,226,226,228,4,0,4,50.01,0.8703,2024-01-09 20:30:16.000,2024-01-09 20:30:16.000,2024-01-09 20:30:16.000,549985926.0,3671965.0,1119503249,-101.0,94
637519,22,2024-01-09 20:40:03,OPMC_LIFT,970943000.0,226,227,228,4,0,4,49.99,0.8696999999999999,2024-01-09 20:40:10.000,2024-01-09 20:40:10.000,2024-01-09 20:40:10.000,549986794.0,3672362.0,1119506011,-120.0,94
637555,22,2024-01-09 20:50:03,OPMC_LIFT,970946000.0,227,227,229,4,0,4,49.98,0.8684,2024-01-09 20:50:16.000,2024-01-09 20:50:16.000,2024-01-09 20:50:16.000,549987664.0,3672762.0,1119508782,-120.0,94
637577,22,2024-01-09 21:00:03,OPMC_LIFT,970948000.0,227,227,229,4,0,4,50.04,0.8677999999999999,2024-01-09 21:00:15.000,2024-01-09 21:00:15.000,2024-01-09 21:00:15.000,549988534.0,3673158.0,1119511557,-121.0,94
637595,22,2024-01-09 21:10:03,OPMC_LIFT,970951000.0,227,227,229,4,0,4,50.03,0.8704,2024-01-09 21:10:13.000,2024-01-09 21:10:13.000,2024-01-09 21:10:13.000,549989405.0,3673558.0,1119514341,-120.0,94
637637,22,2024-01-09 21:30:03,OPMC_LIFT,970955000.0,228,228,230,4,0,4,50.02,0.8704999999999999,2024-01-09 21:30:13.000,2024-01-09 21:30:13.000,2024-01-09 21:30:13.000,549991162.0,3674358.0,1119519925,-120.0,94
637685,22,2024-01-09 21:50:03,OPMC_LIFT,970960000.0,228,228,230,4,0,4,50.05,0.8685999999999999,2024-01-09 21:50:14.000,2024-01-09 21:50:14.000,2024-01-09 21:50:14.000,549992925.0,3675158.0,1119525531,-120.0,94
637730,22,2024-01-09 22:10:03,OPMC_LIFT,970965000.0,228,229,231,4,0,4,50.06,0.8673,2024-01-09 22:10:09.000,2024-01-09 22:10:09.000,2024-01-09 22:10:09.000,549994694.0,3675955.0,1119531147,-120.0,94
637755,22,2024-01-09 22:20:03,OPMC_LIFT,970968000.0,228,229,230,4,0,4,49.98,0.8696999999999999,2024-01-09 22:20:13.000,2024-01-09 22:20:13.000,2024-01-09 22:20:13.000,549995584.0,3676355.0,1119533966,-123.0,94
637814,22,2024-01-09 22:40:03,OPMC_LIFT,970972000.0,229,229,231,4,0,4,50.02,0.8698999999999999,2024-01-09 22:40:13.000,2024-01-09 22:40:13.000,2024-01-09 22:40:13.000,549997370.0,3677158.0,1119539624,-107.0,94
637840,22,2024-01-09 22:50:03,OPMC_LIFT,970975000.0,229,229,231,4,0,4,50.04,0.8704999999999999,2024-01-09 22:50:11.000,2024-01-09 22:50:11.000,2024-01-09 22:50:11.000,549998262.0,3677558.0,1119542449,-121.0,94
637851,22,2024-01-09 22:52:12,OPMC_LIFT,970975000.0,229,229,231,4,0,4,50.07,0.8682,2024-01-09 22:52:21.000,2024-01-09 22:52:21.000,2024-01-09 22:52:21.000,549998454.0,3677645.0,1119543061,-119.0,94
637868,22,2024-01-09 23:00:03,OPMC_LIFT,970977000.0,229,229,231,4,0,4,50.04,0.8667999999999999,2024-01-09 23:00:13.000,2024-01-09 23:00:13.000,2024-01-09 23:00:13.000,549999155.0,3677958.0,1119545281,-107.0,94
637897,22,2024-01-09 23:10:03,OPMC_LIFT,970980000.0,229,229,231,4,0,4,49.96,0.8676999999999999,2024-01-09 23:10:16.000,2024-01-09 23:10:16.000,2024-01-09 23:10:16.000,550000054.0,3678358.0,1119548120,-119.0,94
637917,22,2024-01-09 23:20:03,OPMC_LIFT,970982000.0,229,229,231,4,0,4,50.01,0.8689999999999999,2024-01-09 23:20:10.000,2024-01-09 23:20:10.000,2024-01-09 23:20:10.000,550000947.0,3678762.0,1119550952,-99.0,94
637962,22,2024-01-09 23:40:03,OPMC_LIFT,970987000.0,226,226,228,4,0,4,49.94,0.8688999999999999,2024-01-09 23:40:12.000,2024-01-09 23:40:12.000,2024-01-09 23:40:12.000,550002714.0,3679558.0,1119556552,-105.0,94
637986,22,2024-01-09 23:50:03,OPMC_LIFT,970990000.0,227,227,229,4,0,4,50.06,0.8699999999999999,2024-01-09 23:50:12.000,2024-01-09 23:50:12.000,2024-01-09 23:50:12.000,550003581.0,3679958.0,1119559320,-100.0,94
638026,22,2024-01-10 00:10:03,OPMC_LIFT,970994000.0,227,227,229,4,0,4,49.99,0.8685999999999999,2024-01-10 00:10:13.000,2024-01-10 00:10:13.000,2024-01-10 00:10:13.000,550005328.0,3680758.0,1119564885,-108.0,94
638044,22,2024-01-10 00:20:03,OPMC_LIFT,970997000.0,227,227,229,4,0,4,49.95,0.8704,2024-01-10 00:20:10.000,2024-01-10 00:20:10.000,2024-01-10 00:20:10.000,550006205.0,3681158.0,1119567669,-106.0,94
638073,22,2024-01-10 00:30:03,OPMC_LIFT,970999000.0,227,227,229,4,0,4,49.99,0.8713,2024-01-10 00:30:17.000,2024-01-10 00:30:17.000,2024-01-10 00:30:17.000,550007078.0,3681555.0,1119570456,-121.0,94
638096,22,2024-01-10 00:40:03,OPMC_LIFT,971002000.0,227,227,229,4,0,4,50.02,0.8684999999999999,2024-01-10 00:40:17.000,2024-01-10 00:40:17.000,2024-01-10 00:40:17.000,550007955.0,3681955.0,1119573240,-120.0,94
638118,22,2024-01-10 00:50:03,OPMC_LIFT,971004000.0,227,228,230,4,0,4,50.06,0.8699999999999999,2024-01-10 00:50:11.000,2024-01-10 00:50:11.000,2024-01-10 00:50:11.000,550008832.0,3682355.0,1119576024,-121.0,94
638144,22,2024-01-10 01:00:03,OPMC_LIFT,971007000.0,227,228,230,4,0,4,49.99,0.8682,2024-01-10 01:00:12.000,2024-01-10 01:00:12.000,2024-01-10 01:00:12.000,550009709.0,3682755.0,1119578817,-120.0,94
638161,22,2024-01-10 01:10:03,OPMC_LIFT,971009000.0,227,228,230,4,0,4,49.97,0.8670999999999999,2024-01-10 01:10:10.000,2024-01-10 01:10:10.000,2024-01-10 01:10:10.000,550010589.0,3683155.0,1119581608,-117.0,94
638199,22,2024-01-10 01:20:03,OPMC_LIFT,971011000.0,227,228,229,4,0,4,49.97,0.8693,2024-01-10 01:20:16.000,2024-01-10 01:20:16.000,2024-01-10 01:20:16.000,550011469.0,3683555.0,1119584398,-120.0,94
638242,22,2024-01-10 01:40:03,OPMC_LIFT,971016000.0,228,228,230,4,0,4,49.99,0.8705999999999999,2024-01-10 01:40:14.000,2024-01-10 01:40:14.000,2024-01-10 01:40:14.000,550013229.0,3684355.0,1119589995,-106.0,94
638268,22,2024-01-10 01:50:03,OPMC_LIFT,971019000.0,228,228,230,4,0,4,50.04,0.8716999999999999,2024-01-10 01:50:16.000,2024-01-10 01:50:16.000,2024-01-10 01:50:16.000,550014112.0,3684755.0,1119592798,-120.0,94
638315,22,2024-01-10 02:10:03,OPMC_LIFT,971024000.0,228,229,231,4,0,4,49.96,0.8685999999999999,2024-01-10 02:10:16.000,2024-01-10 02:10:16.000,2024-01-10 02:10:16.000,550015888.0,3685555.0,1119598430,-121.0,94
638336,22,2024-01-10 02:20:03,OPMC_LIFT,971026000.0,228,229,231,4,0,4,49.99,0.8686999999999999,2024-01-10 02:20:15.000,2024-01-10 02:20:15.000,2024-01-10 02:20:15.000,550016778.0,3685955.0,1119601256,-103.0,94
638359,22,2024-01-10 02:30:03,OPMC_LIFT,971028000.0,229,229,231,4,0,4,50.06,0.8702,2024-01-10 02:30:12.000,2024-01-10 02:30:12.000,2024-01-10 02:30:12.000,550017670.0,3686358.0,1119604078,-120.0,94
638410,22,2024-01-10 02:50:03,OPMC_LIFT,971033000.0,229,229,231,4,0,4,49.97,0.8707999999999999,2024-01-10 02:50:17.000,2024-01-10 02:50:17.000,2024-01-10 02:50:17.000,550019456.0,3687158.0,1119609736,-121.0,94
638450,22,2024-01-10 03:10:03,OPMC_LIFT,971038000.0,229,229,231,4,0,4,50.02,0.8692,2024-01-10 03:10:12.000,2024-01-10 03:10:12.000,2024-01-10 03:10:12.000,550021248.0,3687958.0,1119615409,-98.0,94
638494,22,2024-01-10 03:30:03,OPMC_LIFT,971043000.0,229,230,231,4,0,4,50.04,0.8664,2024-01-10 03:30:09.000,2024-01-10 03:30:09.000,2024-01-10 03:30:09.000,550023040.0,3688762.0,1119621077,-105.0,94
638516,22,2024-01-10 03:40:03,OPMC_LIFT,971046000.0,229,230,231,4,0,4,49.96,0.8684,2024-01-10 03:40:14.000,2024-01-10 03:40:14.000,2024-01-10 03:40:14.000,550023939.0,3689162.0,1119623915,-105.0,94
638541,22,2024-01-10 03:50:03,OPMC_LIFT,971048000.0,229,230,231,4,0,4,50.01,0.8683,2024-01-10 03:50:15.000,2024-01-10 03:50:15.000,2024-01-10 03:50:15.000,550024838.0,3689562.0,1119626760,-121.0,94
638587,22,2024-01-10 04:10:03,OPMC_LIFT,971053000.0,229,230,231,4,0,4,50.04,0.8684999999999999,2024-01-10 04:10:13.000,2024-01-10 04:10:13.000,2024-01-10 04:10:13.000,550026634.0,3690365.0,1119632437,-121.0,94
638612,22,2024-01-10 04:20:03,OPMC_LIFT,971056000.0,229,229,231,4,0,4,50.05,0.8678999999999999,2024-01-10 04:20:15.000,2024-01-10 04:20:15.000,2024-01-10 04:20:15.000,550027526.0,3690765.0,1119635269,-105.0,94
638635,22,2024-01-10 04:30:03,OPMC_LIFT,971058000.0,229,229,231,4,0,4,50.03,0.8682,2024-01-10 04:30:14.000,2024-01-10 04:30:14.000,2024-01-10 04:30:14.000,550028419.0,3691168.0,1119638094,-121.0,94
638677,22,2024-01-10 04:50:03,OPMC_LIFT,971063000.0,228,229,231,4,0,4,49.95,0.8700999999999999,2024-01-10 04:50:10.000,2024-01-10 04:50:10.000,2024-01-10 04:50:10.000,550030202.0,3691968.0,1119643742,-105.0,94
638700,22,2024-01-10 05:00:03,OPMC_LIFT,971065000.0,228,228,230,4,0,4,49.98,0.8687999999999999,2024-01-10 05:00:14.000,2024-01-10 05:00:14.000,2024-01-10 05:00:14.000,550031091.0,3692368.0,1119646555,-120.0,94
638724,22,2024-01-10 05:10:03,OPMC_LIFT,971068000.0,228,228,230,4,0,4,49.99,0.8670999999999999,2024-01-10 05:10:14.000,2024-01-10 05:10:14.000,2024-01-10 05:10:14.000,550031974.0,3692768.0,1119649365,-99.0,94
638743,22,2024-01-10 05:20:03,OPMC_LIFT,971070000.0,227,227,229,4,0,4,50.0,0.8697999999999999,2024-01-10 05:20:16.000,2024-01-10 05:20:16.000,2024-01-10 05:20:16.000,550032851.0,3693168.0,1119652155,-118.0,94
638762,22,2024-01-10 05:30:02,OPMC_LIFT,971073000.0,227,227,229,4,0,4,50.01,0.8679999999999999,2024-01-10 05:30:12.000,2024-01-10 05:30:12.000,2024-01-10 05:30:12.000,550033725.0,3693565.0,1119654933,-103.0,94
638778,22,2024-01-10 05:40:03,OPMC_LIFT,971075000.0,226,227,228,4,0,4,50.03,0.8687999999999999,2024-01-10 05:40:10.000,2024-01-10 05:40:10.000,2024-01-10 05:40:10.000,550034595.0,3693965.0,1119657707,-120.0,94
638803,22,2024-01-10 05:50:03,OPMC_LIFT,971077000.0,226,227,228,4,0,4,50.02,0.8700999999999999,2024-01-10 05:50:13.000,2024-01-10 05:50:13.000,2024-01-10 05:50:13.000,550035462.0,3694365.0,1119660469,-118.0,94
638825,22,2024-01-10 06:00:02,OPMC_LIFT,971080000.0,226,227,228,4,0,4,50.05,0.8674999999999999,2024-01-10 06:00:14.000,2024-01-10 06:00:14.000,2024-01-10 06:00:14.000,550036326.0,3694765.0,1119663227,-120.0,94
638844,22,2024-01-10 06:10:03,OPMC_LIFT,971082000.0,225,226,228,4,0,4,50.03,0.8697999999999999,2024-01-10 06:10:10.000,2024-01-10 06:10:10.000,2024-01-10 06:10:10.000,550037187.0,3695168.0,1119665979,-120.0,94
638897,22,2024-01-10 06:30:03,OPMC_LIFT,971087000.0,224,225,227,4,0,3,50.08,0.8693,2024-01-10 06:30:15.000,2024-01-10 06:30:15.000,2024-01-10 06:30:15.000,550038893.0,3695965.0,1119671438,-93.0,94
638935,22,2024-01-10 06:40:03,OPMC_LIFT,971089000.0,225,225,227,4,0,3,50.06,0.8693,2024-01-10 06:40:13.000,2024-01-10 06:40:13.000,2024-01-10 06:40:13.000,550039744.0,3696365.0,1119674171,-121.0,94
638954,22,2024-01-10 06:50:03,OPMC_LIFT,971092000.0,226,227,228,4,0,4,50.08,0.8674,2024-01-10 06:50:10.000,2024-01-10 06:50:10.000,2024-01-10 06:50:10.000,550040595.0,3696765.0,1119676888,-103.0,94
638967,22,2024-01-10 06:56:36,OPMC_LIFT,971093000.0,226,227,228,4,0,4,50.02,0.8715999999999999,2024-01-10 06:56:43.000,2024-01-10 06:56:43.000,2024-01-10 06:56:43.000,550041162.0,3697027.0,1119678696,-121.0,94
638986,22,2024-01-10 07:00:03,OPMC_LIFT,971094000.0,226,226,228,4,0,4,49.99,0.8689999999999999,2024-01-10 07:00:15.000,2024-01-10 07:00:15.000,2024-01-10 07:00:15.000,550041459.0,3697165.0,1119679640,-95.0,94
639030,22,2024-01-10 07:20:03,OPMC_LIFT,971099000.0,224,225,226,4,0,3,50.08,0.8690999999999999,2024-01-10 07:20:10.000,2024-01-10 07:20:10.000,2024-01-10 07:20:10.000,550043165.0,3697962.0,1119685089,-121.0,94
639051,22,2024-01-10 07:30:03,OPMC_LIFT,971101000.0,226,227,228,4,0,4,50.04,0.8686999999999999,2024-01-10 07:30:13.000,2024-01-10 07:30:13.000,2024-01-10 07:30:13.000,550044022.0,3698362.0,1119687829,-107.0,94
639073,22,2024-01-10 07:40:03,OPMC_LIFT,971104000.0,225,226,228,4,0,4,50.04,0.8708999999999999,2024-01-10 07:40:11.000,2024-01-10 07:40:11.000,2024-01-10 07:40:11.000,550044883.0,3698762.0,1119690568,-100.0,94
639148,22,2024-01-10 08:10:02,OPMC_LIFT,971111000.0,224,225,226,4,0,3,50.04,0.8673,2024-01-10 08:10:14.000,2024-01-10 08:10:14.000,2024-01-10 08:10:14.000,550047450.0,3699958.0,1119698760,-102.0,94
639214,22,2024-01-10 08:40:02,OPMC_LIFT,971349000.0,218,221,222,376,399,398,50.02,0.8758999999999999,2024-01-10 08:40:13.000,2024-01-10 08:40:13.000,2024-01-10 08:40:13.000,550194982.0,3700736.0,1119981797,-103.0,94
639237,22,2024-01-10 08:50:02,OPMC_LIFT,971717000.0,218,220,221,361,382,381,50.06,0.8754,2024-01-10 08:50:12.000,2024-01-10 08:50:12.000,2024-01-10 08:50:12.000,550397632.0,3700736.0,1120401409,-101.0,94
639263,22,2024-01-10 09:00:03,OPMC_LIFT,972076000.0,218,220,221,356,376,376,50.08,0.8755999999999999,2024-01-10 09:00:11.000,2024-01-10 09:00:11.000,2024-01-10 09:00:11.000,550595587.0,3700736.0,1120811870,-102.0,94
639315,22,2024-01-10 09:20:03,OPMC_LIFT,972781000.0,219,221,223,351,373,372,50.05,0.8719999999999999,2024-01-10 09:20:11.000,2024-01-10 09:20:11.000,2024-01-10 09:20:11.000,550991936.0,3700736.0,1121620536,-106.0,94
639342,22,2024-01-10 09:30:03,OPMC_LIFT,973132000.0,219,221,222,350,371,370,50.02,0.8720999999999999,2024-01-10 09:30:13.000,2024-01-10 09:30:13.000,2024-01-10 09:30:13.000,551188282.0,3700736.0,1122023054,-106.0,94
639376,22,2024-01-10 09:40:03,OPMC_LIFT,973482000.0,218,220,222,348,369,368,50.03,0.8729999999999999,2024-01-10 09:40:14.000,2024-01-10 09:40:14.000,2024-01-10 09:40:14.000,551383155.0,3700736.0,1122423915,-100.0,94
639449,22,2024-01-10 10:10:03,OPMC_LIFT,974527000.0,220,223,224,349,370,369,50.03,0.8702,2024-01-10 10:10:13.000,2024-01-10 10:10:13.000,2024-01-10 10:10:13.000,551972682.0,3700736.0,1123623707,-120.0,94
639481,22,2024-01-10 10:20:03,OPMC_LIFT,974875000.0,221,223,225,346,367,367,49.98,0.8674,2024-01-10 10:20:16.000,2024-01-10 10:20:16.000,2024-01-10 10:20:16.000,552171504.0,3700736.0,1124025246,-101.0,94
639506,22,2024-01-10 10:30:03,OPMC_LIFT,975225000.0,221,224,225,346,368,367,50.0,0.8674999999999999,2024-01-10 10:30:16.000,2024-01-10 10:30:16.000,2024-01-10 10:30:16.000,552371414.0,3700736.0,1124428027,-107.0,94
639531,22,2024-01-10 10:40:03,OPMC_LIFT,975572000.0,221,224,225,346,367,367,50.03,0.8678999999999999,2024-01-10 10:40:13.000,2024-01-10 10:40:13.000,2024-01-10 10:40:13.000,552570944.0,3700736.0,1124829208,-120.0,94
639562,22,2024-01-10 10:50:03,OPMC_LIFT,975921000.0,222,224,225,347,367,367,50.0,0.8664,2024-01-10 10:50:14.000,2024-01-10 10:50:14.000,2024-01-10 10:50:14.000,552771043.0,3700736.0,1125231451,-108.0,94
639584,22,2024-01-10 11:00:03,OPMC_LIFT,976273000.0,221,224,225,350,371,371,50.02,0.8682,2024-01-10 11:00:13.000,2024-01-10 11:00:13.000,2024-01-10 11:00:13.000,552972675.0,3700736.0,1125637921,-100.0,94
639658,22,2024-01-10 11:30:03,OPMC_LIFT,977332000.0,222,224,226,349,370,370,50.07,0.8674,2024-01-10 11:30:13.000,2024-01-10 11:30:13.000,2024-01-10 11:30:13.000,553578074.0,3700736.0,1126857864,-120.0,94
639693,22,2024-01-10 11:40:03,OPMC_LIFT,977684000.0,223,225,226,345,366,367,50.01,0.8653,2024-01-10 11:40:12.000,2024-01-10 11:40:12.000,2024-01-10 11:40:12.000,553781229.0,3700736.0,1127264907,-101.0,94
639717,22,2024-01-10 11:50:03,OPMC_LIFT,978034000.0,221,223,224,351,372,372,49.98,0.8697999999999999,2024-01-10 11:50:13.000,2024-01-10 11:50:13.000,2024-01-10 11:50:13.000,553982550.0,3700736.0,1127668488,-119.0,94
639741,22,2024-01-10 12:00:03,OPMC_LIFT,978383000.0,222,225,226,343,363,365,50.09,0.8652,2024-01-10 12:00:13.000,2024-01-10 12:00:13.000,2024-01-10 12:00:13.000,554182566.0,3700736.0,1128071048,-100.0,94
639841,22,2024-01-10 12:40:03,OPMC_LIFT,979773000.0,222,225,226,335,357,358,50.05,0.8631,2024-01-10 12:40:14.000,2024-01-10 12:40:14.000,2024-01-10 12:40:14.000,554987818.0,3700736.0,1129677582,-118.0,94
639867,22,2024-01-10 12:50:03,OPMC_LIFT,980119000.0,222,224,226,342,365,365,50.02,0.8647999999999999,2024-01-10 12:50:17.000,2024-01-10 12:50:17.000,2024-01-10 12:50:17.000,555187862.0,3700736.0,1130077272,-97.0,94
639894,22,2024-01-10 13:00:02,OPMC_LIFT,980459000.0,222,224,225,334,355,355,50.05,0.8644999999999999,2024-01-10 13:00:13.000,2024-01-10 13:00:13.000,2024-01-10 13:00:13.000,555385030.0,3700736.0,1130470616,-102.0,94
639944,22,2024-01-10 13:20:03,OPMC_LIFT,981132000.0,219,221,223,332,352,353,49.98,0.8680999999999999,2024-01-10 13:20:13.000,2024-01-10 13:20:13.000,2024-01-10 13:20:13.000,555770173.0,3700736.0,1131246629,-105.0,94
639968,22,2024-01-10 13:30:03,OPMC_LIFT,981470000.0,220,222,223,334,353,354,50.06,0.8679999999999999,2024-01-10 13:30:12.000,2024-01-10 13:30:12.000,2024-01-10 13:30:12.000,555962134.0,3700736.0,1131635541,-102.0,94
640019,22,2024-01-10 13:50:03,OPMC_LIFT,982140000.0,220,222,223,338,356,356,50.04,0.8697999999999999,2024-01-10 13:50:12.000,2024-01-10 13:50:12.000,2024-01-10 13:50:12.000,556343290.0,3700736.0,1132407022,-119.0,94
640045,22,2024-01-10 14:00:03,OPMC_LIFT,982476000.0,220,222,223,336,356,356,49.98,0.8684999999999999,2024-01-10 14:00:17.000,2024-01-10 14:00:17.000,2024-01-10 14:00:17.000,556534934.0,3700736.0,1132794536,-106.0,94
640101,22,2024-01-10 14:20:03,OPMC_LIFT,983153000.0,220,222,223,339,358,359,50.05,0.8683,2024-01-10 14:20:14.000,2024-01-10 14:20:14.000,2024-01-10 14:20:14.000,556919866.0,3700736.0,1133573237,-119.0,94
640166,22,2024-01-10 14:40:03,OPMC_LIFT,983833000.0,221,223,224,338,357,358,50.09,0.8669999999999999,2024-01-10 14:40:14.000,2024-01-10 14:40:14.000,2024-01-10 14:40:14.000,557307405.0,3700736.0,1134355950,-102.0,94
640190,22,2024-01-10 14:50:03,OPMC_LIFT,984171000.0,221,223,224,336,355,356,50.06,0.8667999999999999,2024-01-10 14:50:16.000,2024-01-10 14:50:16.000,2024-01-10 14:50:16.000,557501408.0,3700736.0,1134746360,-119.0,94
640194,22,2024-01-10 14:51:40,OPMC_LIFT,984226000.0,221,223,224,338,356,356,50.05,0.8666999999999999,2024-01-10 14:51:49.000,2024-01-10 14:51:49.000,2024-01-10 14:51:49.000,557532835.0,3700736.0,1134809534,-120.0,94
640215,22,2024-01-10 15:00:03,OPMC_LIFT,984506000.0,222,224,225,328,346,347,50.01,0.8621,2024-01-10 15:00:14.000,2024-01-10 15:00:14.000,2024-01-10 15:00:14.000,557695002.0,3700736.0,1135132901,-106.0,94
640245,22,2024-01-10 15:10:03,OPMC_LIFT,984833000.0,222,224,225,329,348,348,50.0,0.8627999999999999,2024-01-10 15:10:13.000,2024-01-10 15:10:13.000,2024-01-10 15:10:13.000,557886726.0,3700736.0,1135512309,-99.0,94
640272,22,2024-01-10 15:20:03,OPMC_LIFT,985157000.0,222,224,225,320,337,339,49.96,0.8589999999999999,2024-01-10 15:20:16.000,2024-01-10 15:20:16.000,2024-01-10 15:20:16.000,558077290.0,3700736.0,1135888475,-119.0,94
640294,22,2024-01-10 15:30:03,OPMC_LIFT,985477000.0,222,224,225,321,340,340,50.02,0.8603999999999999,2024-01-10 15:30:10.000,2024-01-10 15:30:10.000,2024-01-10 15:30:10.000,558266611.0,3700736.0,1136260177,-119.0,94
640323,22,2024-01-10 15:40:03,OPMC_LIFT,985796000.0,223,225,226,316,334,336,49.99,0.8571,2024-01-10 15:40:13.000,2024-01-10 15:40:13.000,2024-01-10 15:40:13.000,558456832.0,3700736.0,1136632014,-120.0,94
640348,22,2024-01-10 15:50:03,OPMC_LIFT,986099000.0,228,228,230,29,27,30,50.02,0.8607999999999999,2024-01-10 15:50:15.000,2024-01-10 15:50:15.000,2024-01-10 15:50:15.000,558639206.0,3700736.0,1136985393,-102.0,94
640378,22,2024-01-10 16:00:03,OPMC_LIFT,986103000.0,229,229,231,3,0,3,49.96,0.4689,2024-01-10 16:00:17.000,2024-01-10 16:00:17.000,2024-01-10 16:00:17.000,558641034.0,3701053.0,1136989825,-120.0,94
640400,22,2024-01-10 16:10:03,OPMC_LIFT,986106000.0,227,227,229,3,0,3,50.04,0.4671999999999999,2024-01-10 16:10:14.000,2024-01-10 16:10:14.000,2024-01-10 16:10:14.000,558641878.0,3701392.0,1136992430,-107.0,94
640422,22,2024-01-10 16:20:03,OPMC_LIFT,986108000.0,227,228,229,4,0,4,50.01,0.8678999999999999,2024-01-10 16:20:11.000,2024-01-10 16:20:11.000,2024-01-10 16:20:11.000,558642749.0,3701776.0,1136995166,-100.0,94
640456,22,2024-01-10 16:30:03,OPMC_LIFT,986111000.0,228,228,230,5,0,4,50.0,0.8684,2024-01-10 16:30:15.000,2024-01-10 16:30:15.000,2024-01-10 16:30:15.000,558643827.0,3702371.0,1136998741,-120.0,94
640510,22,2024-01-10 16:50:03,OPMC_LIFT,986118000.0,228,229,231,5,0,4,50.04,0.8715999999999999,2024-01-10 16:50:16.000,2024-01-10 16:50:16.000,2024-01-10 16:50:16.000,558646054.0,3703622.0,1137006142,-103.0,94
640560,22,2024-01-10 17:10:03,OPMC_LIFT,986124000.0,228,228,230,5,0,4,50.06,0.8700999999999999,2024-01-10 17:10:14.000,2024-01-10 17:10:14.000,2024-01-10 17:10:14.000,558648294.0,3704877.0,1137013582,-101.0,94
640657,22,2024-01-10 17:50:03,OPMC_LIFT,986134000.0,230,230,232,4,0,4,50.05,0.8655999999999999,2024-01-10 17:50:12.000,2024-01-10 17:50:12.000,2024-01-10 17:50:12.000,558652013.0,3706576.0,1137025355,-117.0,94
640683,22,2024-01-10 18:00:03,OPMC_LIFT,986137000.0,227,228,230,4,0,4,50.03,0.8678999999999999,2024-01-10 18:00:14.000,2024-01-10 18:00:14.000,2024-01-10 18:00:14.000,558652922.0,3706973.0,1137028213,-105.0,94
640704,22,2024-01-10 18:10:02,OPMC_LIFT,986139000.0,228,229,231,4,0,4,50.07,0.8655999999999999,2024-01-10 18:10:10.000,2024-01-10 18:10:10.000,2024-01-10 18:10:10.000,558653814.0,3707370.0,1137031025,-120.0,94
640728,22,2024-01-10 18:20:02,OPMC_LIFT,986142000.0,229,229,231,4,0,4,50.02,0.8653,2024-01-10 18:20:10.000,2024-01-10 18:20:10.000,2024-01-10 18:20:10.000,558654714.0,3707766.0,1137033851,-120.0,94
640781,22,2024-01-10 18:40:03,OPMC_LIFT,986146000.0,229,229,231,4,0,4,49.95,0.8655999999999999,2024-01-10 18:40:10.000,2024-01-10 18:40:10.000,2024-01-10 18:40:10.000,558656512.0,3708557.0,1137039515,-120.0,94
640803,22,2024-01-10 18:50:02,OPMC_LIFT,986149000.0,228,229,231,4,0,4,49.97,0.8669999999999999,2024-01-10 18:50:12.000,2024-01-10 18:50:12.000,2024-01-10 18:50:12.000,558657411.0,3708954.0,1137042347,-103.0,94
640832,22,2024-01-10 19:00:02,OPMC_LIFT,986151000.0,229,229,231,4,0,4,50.01,0.8699999999999999,2024-01-10 19:00:14.000,2024-01-10 19:00:14.000,2024-01-10 19:00:14.000,558658310.0,3709347.0,1137045179,-120.0,94
640868,22,2024-01-10 19:30:03,OPMC_LIFT,986159000.0,229,229,231,4,0,4,50.01,0.8688999999999999,2024-01-10 19:30:13.000,2024-01-10 19:30:13.000,2024-01-10 19:30:13.000,558661008.0,3710538.0,1137053665,-121.0,94
640958,22,2024-01-10 19:50:03,OPMC_LIFT,986164000.0,229,229,231,4,0,4,49.98,0.8694,2024-01-10 19:50:13.000,2024-01-10 19:50:13.000,2024-01-10 19:50:13.000,558662806.0,3711331.0,1137059333,-121.0,94
641096,22,2024-01-10 20:20:03,OPMC_LIFT,986171000.0,229,229,231,4,0,4,50.0,0.8668999999999999,2024-01-10 20:20:16.000,2024-01-10 20:20:16.000,2024-01-10 20:20:16.000,558665504.0,3712525.0,1137067822,-121.0,94
641138,22,2024-01-10 20:30:03,OPMC_LIFT,986174000.0,229,229,231,4,0,4,49.96,0.8636999999999999,2024-01-10 20:30:11.000,2024-01-10 20:30:11.000,2024-01-10 20:30:11.000,558666403.0,3712922.0,1137070654,-100.0,94
641200,22,2024-01-10 20:40:03,OPMC_LIFT,986176000.0,229,229,231,4,0,4,49.96,0.8665999999999999,2024-01-10 20:40:18.000,2024-01-10 20:40:18.000,2024-01-10 20:40:18.000,558667306.0,3713322.0,1137073489,-119.0,94
641340,22,2024-01-10 21:10:02,OPMC_LIFT,986183000.0,229,230,232,4,0,4,50.04,0.8658999999999999,2024-01-10 21:10:17.000,2024-01-10 21:10:17.000,2024-01-10 21:10:17.000,558670019.0,3714515.0,1137082017,-120.0,94
641442,22,2024-01-10 21:30:02,OPMC_LIFT,986188000.0,230,231,232,4,0,4,50.0,0.8673,2024-01-10 21:30:14.000,2024-01-10 21:30:14.000,2024-01-10 21:30:14.000,558671840.0,3715312.0,1137087736,-104.0,94
641598,22,2024-01-10 22:00:02,OPMC_LIFT,986196000.0,230,231,232,4,0,4,50.05,0.8637999999999999,2024-01-10 22:00:15.000,2024-01-10 22:00:15.000,2024-01-10 22:00:15.000,558674582.0,3716512.0,1137096341,-120.0,94
641644,22,2024-01-10 22:10:03,OPMC_LIFT,986198000.0,230,231,233,4,0,4,50.04,0.8648999999999999,2024-01-10 22:10:12.000,2024-01-10 22:10:12.000,2024-01-10 22:10:12.000,558675498.0,3716912.0,1137099221,-105.0,94
641694,22,2024-01-10 22:20:03,OPMC_LIFT,986201000.0,230,231,233,4,0,4,50.01,0.8655999999999999,2024-01-10 22:20:11.000,2024-01-10 22:20:11.000,2024-01-10 22:20:11.000,558676416.0,3717312.0,1137102097,-121.0,94
641886,22,2024-01-10 22:53:31,OPMC_LIFT,986209000.0,229,229,231,4,0,4,50.04,0.8665999999999999,2024-01-10 22:53:44.000,2024-01-10 22:53:44.000,2024-01-10 22:53:44.000,558679430.0,3718646.0,1137111592,-120.0,94
641925,22,2024-01-10 23:00:03,OPMC_LIFT,986211000.0,229,230,232,4,0,4,50.08,0.8683,2024-01-10 23:00:11.000,2024-01-10 23:00:11.000,2024-01-10 23:00:11.000,558680022.0,3718909.0,1137113451,-121.0,94
642006,22,2024-01-10 23:10:03,OPMC_LIFT,986213000.0,229,229,231,4,0,4,50.03,0.8674,2024-01-10 23:10:15.000,2024-01-10 23:10:15.000,2024-01-10 23:10:15.000,558680928.0,3719309.0,1137116296,-121.0,94
642174,22,2024-01-10 23:30:03,OPMC_LIFT,986218000.0,229,230,232,4,0,4,50.04,0.8680999999999999,2024-01-10 23:30:14.000,2024-01-10 23:30:14.000,2024-01-10 23:30:14.000,558682730.0,3720106.0,1137121973,-121.0,94
642327,22,2024-01-10 23:50:03,OPMC_LIFT,986223000.0,229,230,231,4,0,4,49.99,0.8675999999999999,2024-01-10 23:50:11.000,2024-01-10 23:50:11.000,2024-01-10 23:50:11.000,558684534.0,3720902.0,1137127656,-121.0,94
642486,22,2024-01-11 00:10:03,OPMC_LIFT,986228000.0,229,230,232,4,0,4,49.99,0.8678999999999999,2024-01-11 00:10:11.000,2024-01-11 00:10:11.000,2024-01-11 00:10:11.000,558686352.0,3721702.0,1137133361,-107.0,94
642555,22,2024-01-11 00:20:03,OPMC_LIFT,986230000.0,230,230,232,4,0,4,50.01,0.8660999999999999,2024-01-11 00:20:11.000,2024-01-11 00:20:11.000,2024-01-11 00:20:11.000,558687261.0,3722099.0,1137136216,-108.0,94
642642,22,2024-01-11 00:30:03,OPMC_LIFT,986233000.0,230,230,232,4,0,4,50.02,0.8669999999999999,2024-01-11 00:30:13.000,2024-01-11 00:30:13.000,2024-01-11 00:30:13.000,558688170.0,3722499.0,1137139077,-120.0,94
642816,22,2024-01-11 00:50:03,OPMC_LIFT,986238000.0,230,231,232,4,0,4,50.03,0.8664,2024-01-11 00:50:13.000,2024-01-11 00:50:13.000,2024-01-11 00:50:13.000,558689997.0,3723299.0,1137144808,-121.0,94
642885,22,2024-01-11 01:00:03,OPMC_LIFT,986240000.0,230,230,232,4,0,4,49.99,0.8667999999999999,2024-01-11 01:00:12.000,2024-01-11 01:00:12.000,2024-01-11 01:00:12.000,558690909.0,3723696.0,1137147675,-102.0,94
643179,22,2024-01-11 01:30:03,OPMC_LIFT,986248000.0,230,231,232,4,0,4,49.97,0.8660999999999999,2024-01-11 01:30:14.000,2024-01-11 01:30:14.000,2024-01-11 01:30:14.000,558693651.0,3724896.0,1137156280,-119.0,94
643266,22,2024-01-11 01:40:03,OPMC_LIFT,986250000.0,230,231,233,4,0,4,50.04,0.8668999999999999,2024-01-11 01:40:13.000,2024-01-11 01:40:13.000,2024-01-11 01:40:13.000,558694570.0,3725296.0,1137159157,-120.0,94
643338,22,2024-01-11 01:50:03,OPMC_LIFT,986253000.0,231,231,233,4,0,4,50.04,0.8664,2024-01-11 01:50:10.000,2024-01-11 01:50:10.000,2024-01-11 01:50:10.000,558695485.0,3725696.0,1137162033,-121.0,94
643518,22,2024-01-11 02:10:03,OPMC_LIFT,986258000.0,228,229,231,4,0,4,50.01,0.8666999999999999,2024-01-11 02:10:13.000,2024-01-11 02:10:13.000,2024-01-11 02:10:13.000,558697286.0,3726496.0,1137167707,-105.0,94
643599,22,2024-01-11 02:20:03,OPMC_LIFT,986260000.0,228,229,231,4,0,4,50.03,0.8654999999999999,2024-01-11 02:20:14.000,2024-01-11 02:20:14.000,2024-01-11 02:20:14.000,558698182.0,3726896.0,1137170536,-118.0,94
643677,22,2024-01-11 02:30:03,OPMC_LIFT,986263000.0,229,229,231,4,0,4,50.05,0.8652,2024-01-11 02:30:12.000,2024-01-11 02:30:12.000,2024-01-11 02:30:12.000,558699082.0,3727296.0,1137173368,-101.0,94
643830,22,2024-01-11 02:50:02,OPMC_LIFT,986268000.0,229,229,231,4,0,4,50.05,0.8642,2024-01-11 02:50:08.000,2024-01-11 02:50:08.000,2024-01-11 02:50:08.000,558700880.0,3728093.0,1137179045,-121.0,94
643926,22,2024-01-11 03:00:02,OPMC_LIFT,986270000.0,229,230,232,4,0,4,50.06,0.8690999999999999,2024-01-11 03:00:13.000,2024-01-11 03:00:13.000,2024-01-11 03:00:13.000,558701782.0,3728493.0,1137181889,-121.0,94
644025,22,2024-01-11 03:10:03,OPMC_LIFT,986272000.0,229,230,232,4,0,4,50.02,0.8670999999999999,2024-01-11 03:10:17.000,2024-01-11 03:10:17.000,2024-01-11 03:10:17.000,558702691.0,3728896.0,1137184747,-115.0,94
644187,22,2024-01-11 03:30:03,OPMC_LIFT,986277000.0,230,230,232,4,0,4,50.03,0.8678999999999999,2024-01-11 03:30:18.000,2024-01-11 03:30:18.000,2024-01-11 03:30:18.000,558704502.0,3729696.0,1137190446,-119.0,94
644334,22,2024-01-11 03:50:03,OPMC_LIFT,986282000.0,230,230,232,4,0,4,50.03,0.8662,2024-01-11 03:50:12.000,2024-01-11 03:50:12.000,2024-01-11 03:50:12.000,558706326.0,3730493.0,1137196165,-103.0,94
644526,22,2024-01-11 04:10:03,OPMC_LIFT,986287000.0,229,230,232,4,0,4,49.97,0.8658999999999999,2024-01-11 04:10:17.000,2024-01-11 04:10:17.000,2024-01-11 04:10:17.000,558708144.0,3731293.0,1137201883,-107.0,94
644589,22,2024-01-11 04:20:03,OPMC_LIFT,986290000.0,230,230,232,4,0,4,50.01,0.8652,2024-01-11 04:20:11.000,2024-01-11 04:20:11.000,2024-01-11 04:20:11.000,558709053.0,3731693.0,1137204737,-120.0,94
644670,22,2024-01-11 04:30:03,OPMC_LIFT,986292000.0,229,230,232,4,0,4,49.97,0.8682,2024-01-11 04:30:17.000,2024-01-11 04:30:17.000,2024-01-11 04:30:17.000,558709958.0,3732093.0,1137207589,-119.0,94
644829,22,2024-01-11 04:50:03,OPMC_LIFT,986297000.0,229,229,231,4,0,4,49.97,0.8665999999999999,2024-01-11 04:50:14.000,2024-01-11 04:50:14.000,2024-01-11 04:50:14.000,558711766.0,3732890.0,1137213278,-121.0,94
644889,22,2024-01-11 05:00:03,OPMC_LIFT,986300000.0,229,229,231,4,0,4,50.01,0.8677999999999999,2024-01-11 05:00:11.000,2024-01-11 05:00:11.000,2024-01-11 05:00:11.000,558712669.0,3733290.0,1137216117,-121.0,94
644970,22,2024-01-11 05:10:03,OPMC_LIFT,986302000.0,228,229,231,4,0,4,50.01,0.8694999999999999,2024-01-11 05:10:10.000,2024-01-11 05:10:10.000,2024-01-11 05:10:10.000,558713565.0,3733690.0,1137218942,-120.0,94
645132,22,2024-01-11 05:30:03,OPMC_LIFT,986307000.0,227,227,229,4,0,4,49.99,0.8668999999999999,2024-01-11 05:30:12.000,2024-01-11 05:30:12.000,2024-01-11 05:30:12.000,558715341.0,3734486.0,1137224552,-121.0,94
645228,22,2024-01-11 05:40:03,OPMC_LIFT,986309000.0,227,227,229,4,0,4,50.03,0.8672,2024-01-11 05:40:11.000,2024-01-11 05:40:11.000,2024-01-11 05:40:11.000,558716221.0,3734886.0,1137227342,-120.0,94
645318,22,2024-01-11 05:50:03,OPMC_LIFT,986312000.0,227,227,229,4,0,4,50.05,0.8693,2024-01-11 05:50:16.000,2024-01-11 05:50:16.000,2024-01-11 05:50:16.000,558717098.0,3735283.0,1137230120,-103.0,94
645378,22,2024-01-11 06:00:03,OPMC_LIFT,986314000.0,226,227,228,4,0,4,50.05,0.8669999999999999,2024-01-11 06:00:13.000,2024-01-11 06:00:13.000,2024-01-11 06:00:13.000,558717974.0,3735683.0,1137232897,-121.0,94
645453,22,2024-01-11 06:10:03,OPMC_LIFT,986317000.0,226,226,228,4,0,4,50.0,0.8660999999999999,2024-01-11 06:10:11.000,2024-01-11 06:10:11.000,2024-01-11 06:10:11.000,558718845.0,3736083.0,1137235665,-121.0,94
645552,22,2024-01-11 06:20:04,OPMC_LIFT,986319000.0,226,226,228,4,0,3,50.04,0.8693,2024-01-11 06:20:17.000,2024-01-11 06:20:17.000,2024-01-11 06:20:17.000,558719712.0,3736483.0,1137238421,-123.0,94
645615,22,2024-01-11 06:30:03,OPMC_LIFT,986321000.0,225,226,227,4,0,4,50.05,0.8677999999999999,2024-01-11 06:30:11.000,2024-01-11 06:30:11.000,2024-01-11 06:30:11.000,558720570.0,3736880.0,1137241160,-113.0,94
645729,22,2024-01-11 06:40:03,OPMC_LIFT,986324000.0,224,225,226,4,0,3,50.01,0.8670999999999999,2024-01-11 06:40:10.000,2024-01-11 06:40:10.000,2024-01-11 06:40:10.000,558721427.0,3737277.0,1137243886,-109.0,94
645810,22,2024-01-11 06:50:03,OPMC_LIFT,986326000.0,225,225,227,4,0,3,50.05,0.8687999999999999,2024-01-11 06:50:12.000,2024-01-11 06:50:12.000,2024-01-11 06:50:12.000,558722282.0,3737677.0,1137246616,-106.0,94
645888,22,2024-01-11 07:00:03,OPMC_LIFT,986329000.0,224,225,226,4,0,3,49.94,0.8672,2024-01-11 07:00:13.000,2024-01-11 07:00:13.000,2024-01-11 07:00:13.000,558723136.0,3738074.0,1137249336,-121.0,94
645951,22,2024-01-11 07:10:03,OPMC_LIFT,986331000.0,226,226,228,4,0,4,49.93,0.8658999999999999,2024-01-11 07:10:12.000,2024-01-11 07:10:12.000,2024-01-11 07:10:12.000,558724006.0,3738474.0,1137252088,-107.0,94
646092,22,2024-01-11 07:30:03,OPMC_LIFT,986336000.0,225,226,227,4,0,4,50.11,0.8648999999999999,2024-01-11 07:30:17.000,2024-01-11 07:30:17.000,2024-01-11 07:30:17.000,558725734.0,3739267.0,1137257573,-106.0,94
646161,22,2024-01-11 07:40:03,OPMC_LIFT,986338000.0,226,227,228,4,0,4,50.05,0.8669999999999999,2024-01-11 07:40:11.000,2024-01-11 07:40:11.000,2024-01-11 07:40:11.000,558726586.0,3739664.0,1137260289,-121.0,94
646215,22,2024-01-11 07:50:03,OPMC_LIFT,986340000.0,226,227,228,4,0,4,50.0,0.8688999999999999,2024-01-11 07:50:08.000,2024-01-11 07:50:08.000,2024-01-11 07:50:08.000,558727459.0,3740061.0,1137263057,-108.0,94
646293,22,2024-01-11 08:00:03,OPMC_LIFT,986343000.0,226,226,228,4,0,4,50.04,0.8678999999999999,2024-01-11 08:00:09.000,2024-01-11 08:00:09.000,2024-01-11 08:00:09.000,558728330.0,3740458.0,1137265819,-120.0,94
646437,22,2024-01-11 08:20:03,OPMC_LIFT,986348000.0,226,226,228,4,0,4,50.04,0.8685999999999999,2024-01-11 08:20:09.000,2024-01-11 08:20:09.000,2024-01-11 08:20:09.000,558730045.0,3741251.0,1137271275,-107.0,94
646515,22,2024-01-11 08:30:03,OPMC_LIFT,986350000.0,225,226,228,4,0,4,50.07,0.8704999999999999,2024-01-11 08:30:12.000,2024-01-11 08:30:12.000,2024-01-11 08:30:12.000,558730909.0,3741648.0,1137274021,-120.0,94
646584,22,2024-01-11 08:40:03,OPMC_LIFT,986489000.0,219,221,223,309,326,326,50.04,0.8493999999999999,2024-01-11 08:40:13.000,2024-01-11 08:40:13.000,2024-01-11 08:40:13.000,558832163.0,3741709.0,1137447784,-101.0,94
646731,22,2024-01-11 09:00:02,OPMC_LIFT,987158000.0,222,224,226,202,207,211,50.04,0.8710999999999999,2024-01-11 09:00:16.000,2024-01-11 09:00:16.000,2024-01-11 09:00:16.000,559209882.0,3741709.0,1138216149,-105.0,94
646794,22,2024-01-11 09:10:03,OPMC_LIFT,987422000.0,219,221,223,370,390,388,49.95,0.8707999999999999,2024-01-11 09:10:14.000,2024-01-11 09:10:14.000,2024-01-11 09:10:14.000,559362282.0,3741709.0,1138521169,-121.0,94
646836,22,2024-01-11 09:20:03,OPMC_LIFT,987639000.0,220,222,224,292,309,308,50.04,0.8422999999999999,2024-01-11 09:20:08.000,2024-01-11 09:20:08.000,2024-01-11 09:20:08.000,559495552.0,3741709.0,1138776539,-101.0,94
647001,22,2024-01-11 09:40:03,OPMC_LIFT,988119000.0,220,222,224,229,242,243,50.02,0.7946,2024-01-11 09:40:12.000,2024-01-11 09:40:12.000,2024-01-11 09:40:12.000,559786902.0,3741709.0,1139338190,-108.0,94
647139,22,2024-01-11 10:00:03,OPMC_LIFT,988599000.0,218,221,222,301,318,317,50.0,0.8523999999999999,2024-01-11 10:00:13.000,2024-01-11 10:00:13.000,2024-01-11 10:00:13.000,560083715.0,3741709.0,1139903749,-118.0,94
647217,22,2024-01-11 10:10:03,OPMC_LIFT,988831000.0,223,224,226,197,205,207,49.94,0.8591,2024-01-11 10:10:14.000,2024-01-11 10:10:14.000,2024-01-11 10:10:14.000,560224410.0,3741709.0,1140174353,-107.0,94
647286,22,2024-01-11 10:20:03,OPMC_LIFT,989051000.0,220,222,224,296,314,313,49.98,0.8442,2024-01-11 10:20:14.000,2024-01-11 10:20:14.000,2024-01-11 10:20:14.000,560361789.0,3741709.0,1140434827,-119.0,94
647343,22,2024-01-11 10:30:03,OPMC_LIFT,989267000.0,220,222,224,311,327,327,50.04,0.8483999999999999,2024-01-11 10:30:11.000,2024-01-11 10:30:11.000,2024-01-11 10:30:11.000,560496797.0,3741709.0,1140689701,-107.0,94
647421,22,2024-01-11 10:40:03,OPMC_LIFT,989499000.0,221,223,225,234,246,248,50.0,0.8107,2024-01-11 10:40:10.000,2024-01-11 10:40:10.000,2024-01-11 10:40:10.000,560634125.0,3741709.0,1140959377,-120.0,94
647493,22,2024-01-11 10:50:03,OPMC_LIFT,989721000.0,222,224,225,206,212,215,50.01,0.8734999999999999,2024-01-11 10:50:09.000,2024-01-11 10:50:09.000,2024-01-11 10:50:09.000,560775664.0,3741709.0,1141222958,-121.0,94
647580,22,2024-01-11 11:00:02,OPMC_LIFT,989958000.0,222,224,225,200,208,210,50.03,0.8622,2024-01-11 11:00:14.000,2024-01-11 11:00:14.000,2024-01-11 11:00:14.000,560920662.0,3741709.0,1141501598,-107.0,94
647637,22,2024-01-11 11:10:03,OPMC_LIFT,990182000.0,222,224,225,189,195,197,50.03,0.8683,2024-01-11 11:10:11.000,2024-01-11 11:10:11.000,2024-01-11 11:10:11.000,561062995.0,3741709.0,1141766702,-121.0,94
647727,22,2024-01-11 11:20:03,OPMC_LIFT,990425000.0,222,224,225,203,211,213,49.97,0.8634,2024-01-11 11:20:16.000,2024-01-11 11:20:16.000,2024-01-11 11:20:16.000,561209693.0,3741709.0,1142050993,-120.0,94
647781,22,2024-01-11 11:30:03,OPMC_LIFT,990666000.0,220,222,224,297,314,313,50.04,0.8451,2024-01-11 11:30:10.000,2024-01-11 11:30:10.000,2024-01-11 11:30:10.000,561359626.0,3741709.0,1142335563,-108.0,94
647847,22,2024-01-11 11:40:03,OPMC_LIFT,990889000.0,223,224,226,200,208,210,50.04,0.8592,2024-01-11 11:40:10.000,2024-01-11 11:40:10.000,2024-01-11 11:40:10.000,561501411.0,3741709.0,1142600481,-121.0,94
647910,22,2024-01-11 11:50:03,OPMC_LIFT,991096000.0,222,224,225,290,307,307,50.0,0.8373999999999999,2024-01-11 11:50:11.000,2024-01-11 11:50:11.000,2024-01-11 11:50:11.000,561626774.0,3741709.0,1142842325,-101.0,94
648024,22,2024-01-11 12:00:03,OPMC_LIFT,991320000.0,224,226,227,229,243,245,50.06,0.7804,2024-01-11 12:00:17.000,2024-01-11 12:00:17.000,2024-01-11 12:00:17.000,561770602.0,3741709.0,1143109230,-105.0,94
648090,22,2024-01-11 12:10:03,OPMC_LIFT,991562000.0,225,227,228,203,212,215,50.0,0.8559999999999999,2024-01-11 12:10:14.000,2024-01-11 12:10:14.000,2024-01-11 12:10:14.000,561920211.0,3741709.0,1143394120,-119.0,94
648204,22,2024-01-11 12:30:03,OPMC_LIFT,992041000.0,225,227,228,201,209,212,50.02,0.8546999999999999,2024-01-11 12:30:09.000,2024-01-11 12:30:09.000,2024-01-11 12:30:09.000,562223370.0,3741709.0,1143961221,-121.0,94
648300,22,2024-01-11 12:40:03,OPMC_LIFT,992285000.0,226,227,229,134,139,143,49.97,0.8084999999999999,2024-01-11 12:40:14.000,2024-01-11 12:40:14.000,2024-01-11 12:40:14.000,562379264.0,3741709.0,1144251294,-119.0,94
648372,22,2024-01-11 12:50:03,OPMC_LIFT,992509000.0,225,226,228,199,207,210,50.07,0.8558999999999999,2024-01-11 12:50:11.000,2024-01-11 12:50:11.000,2024-01-11 12:50:11.000,562521574.0,3741709.0,1144517217,-121.0,94
648468,22,2024-01-11 13:00:03,OPMC_LIFT,992730000.0,222,224,225,305,323,322,49.95,0.8438999999999999,2024-01-11 13:00:15.000,2024-01-11 13:00:15.000,2024-01-11 13:00:15.000,562657046.0,3741709.0,1144776395,-121.0,94
648513,22,2024-01-11 13:10:03,OPMC_LIFT,992949000.0,221,223,225,240,255,256,50.02,0.8069999999999999,2024-01-11 13:10:10.000,2024-01-11 13:10:10.000,2024-01-11 13:10:10.000,562798106.0,3741709.0,1145037806,-120.0,94
648606,22,2024-01-11 13:20:03,OPMC_LIFT,993188000.0,221,223,224,203,212,213,50.01,0.8644999999999999,2024-01-11 13:20:14.000,2024-01-11 13:20:14.000,2024-01-11 13:20:14.000,562939309.0,3741709.0,1145315381,-119.0,94
648756,22,2024-01-11 13:40:03,OPMC_LIFT,993668000.0,221,223,224,202,210,211,50.01,0.8623,2024-01-11 13:40:15.000,2024-01-11 13:40:15.000,2024-01-11 13:40:15.000,563232550.0,3741709.0,1145878817,-120.0,94
648822,22,2024-01-11 13:50:03,OPMC_LIFT,993906000.0,223,224,226,134,138,142,50.06,0.8201999999999999,2024-01-11 13:50:17.000,2024-01-11 13:50:17.000,2024-01-11 13:50:17.000,563380902.0,3741709.0,1146159233,-121.0,94
648870,22,2024-01-11 14:00:03,OPMC_LIFT,994116000.0,220,222,224,302,318,317,50.03,0.8457999999999999,2024-01-11 14:00:09.000,2024-01-11 14:00:09.000,2024-01-11 14:00:09.000,563509984.0,3741709.0,1146406395,-119.0,94
649035,22,2024-01-11 14:20:03,OPMC_LIFT,994509000.0,223,224,226,188,194,196,50.0,0.8659999999999999,2024-01-11 14:20:15.000,2024-01-11 14:20:15.000,2024-01-11 14:20:15.000,563736275.0,3741709.0,1146860369,-120.0,94
649092,22,2024-01-11 14:30:03,OPMC_LIFT,994697000.0,223,225,226,188,194,197,50.07,0.8660999999999999,2024-01-11 14:30:11.000,2024-01-11 14:30:11.000,2024-01-11 14:30:11.000,563844163.0,3741709.0,1147076705,-121.0,94
649224,22,2024-01-11 14:40:03,OPMC_LIFT,994887000.0,223,225,227,190,195,198,50.03,0.8665999999999999,2024-01-11 14:40:11.000,2024-01-11 14:40:11.000,2024-01-11 14:40:11.000,563953155.0,3741709.0,1147295493,-120.0,94
649323,22,2024-01-11 14:52:26,OPMC_LIFT,995123000.0,224,225,227,190,196,199,49.95,0.8662,2024-01-11 14:52:35.000,2024-01-11 14:52:35.000,2024-01-11 14:52:35.000,564088784.0,3741709.0,1147567989,-101.0,94
649389,22,2024-01-11 15:00:03,OPMC_LIFT,995269000.0,224,226,227,191,196,199,50.02,0.8659999999999999,2024-01-11 15:00:15.000,2024-01-11 15:00:15.000,2024-01-11 15:00:15.000,564172826.0,3741709.0,1147736622,-100.0,94
649470,22,2024-01-11 15:10:03,OPMC_LIFT,995460000.0,224,226,227,192,197,201,50.04,0.8675999999999999,2024-01-11 15:10:15.000,2024-01-11 15:10:15.000,2024-01-11 15:10:15.000,564283139.0,3741709.0,1147957195,-119.0,94
649551,22,2024-01-11 15:20:03,OPMC_LIFT,995654000.0,224,226,227,192,197,200,50.01,0.8665999999999999,2024-01-11 15:20:13.000,2024-01-11 15:20:13.000,2024-01-11 15:20:13.000,564393946.0,3741709.0,1148180011,-120.0,94
649591,22,2024-01-11 15:30:03,OPMC_LIFT,995846000.0,224,226,227,192,196,200,50.03,0.8659999999999999,2024-01-11 15:30:13.000,2024-01-11 15:30:13.000,2024-01-11 15:30:13.000,564504707.0,3741709.0,1148402309,-109.0,94
649618,22,2024-01-11 15:40:03,OPMC_LIFT,996039000.0,224,226,228,192,197,201,50.01,0.8655999999999999,2024-01-11 15:40:12.000,2024-01-11 15:40:12.000,2024-01-11 15:40:12.000,564615533.0,3741709.0,1148624981,-102.0,94
649668,22,2024-01-11 16:00:03,OPMC_LIFT,996257000.0,229,229,231,3,0,3,50.02,0.4717999999999999,2024-01-11 16:00:17.000,2024-01-11 16:00:17.000,2024-01-11 16:00:17.000,564741360.0,3741805.0,1148876273,-121.0,94
649689,22,2024-01-11 16:10:03,OPMC_LIFT,996258000.0,227,228,229,3,0,0,50.05,0.0,2024-01-11 16:10:14.000,2024-01-11 16:10:14.000,2024-01-11 16:10:14.000,564742122.0,3741907.0,1148877893,-120.0,94
649712,22,2024-01-11 16:20:03,OPMC_LIFT,996259000.0,227,228,229,3,0,0,50.02,0.0,2024-01-11 16:20:12.000,2024-01-11 16:20:12.000,2024-01-11 16:20:12.000,564742864.0,3741907.0,1148879045,-118.0,94
649738,22,2024-01-11 16:30:03,OPMC_LIFT,996261000.0,227,228,230,4,0,4,49.98,0.8683,2024-01-11 16:30:17.000,2024-01-11 16:30:17.000,2024-01-11 16:30:17.000,564743712.0,3742211.0,1148881432,-109.0,94
649768,22,2024-01-11 16:40:03,OPMC_LIFT,996264000.0,228,229,230,4,0,4,50.02,0.8686999999999999,2024-01-11 16:40:15.000,2024-01-11 16:40:15.000,2024-01-11 16:40:15.000,564744598.0,3742611.0,1148884238,-120.0,94
649798,22,2024-01-11 16:50:03,OPMC_LIFT,996266000.0,229,229,231,4,0,4,50.03,0.8679999999999999,2024-01-11 16:50:17.000,2024-01-11 16:50:17.000,2024-01-11 16:50:17.000,564745491.0,3743014.0,1148887054,-120.0,94
649815,22,2024-01-11 17:00:03,OPMC_LIFT,996268000.0,229,230,232,4,0,4,50.04,0.8665999999999999,2024-01-11 17:00:09.000,2024-01-11 17:00:09.000,2024-01-11 17:00:09.000,564746390.0,3743414.0,1148889883,-120.0,94
649849,22,2024-01-11 17:10:03,OPMC_LIFT,996271000.0,228,229,230,4,0,4,50.04,0.8663,2024-01-11 17:10:15.000,2024-01-11 17:10:15.000,2024-01-11 17:10:15.000,564747286.0,3743818.0,1148892725,-108.0,94
649900,22,2024-01-11 17:30:03,OPMC_LIFT,996276000.0,229,229,231,4,0,4,50.07,0.8678999999999999,2024-01-11 17:30:16.000,2024-01-11 17:30:16.000,2024-01-11 17:30:16.000,564749072.0,3744624.0,1148898366,-120.0,94
649927,22,2024-01-11 17:40:03,OPMC_LIFT,996278000.0,229,230,231,4,0,4,50.02,0.8683,2024-01-11 17:40:12.000,2024-01-11 17:40:12.000,2024-01-11 17:40:12.000,564749968.0,3745027.0,1148901198,-120.0,94
649976,22,2024-01-11 18:00:03,OPMC_LIFT,996283000.0,228,229,230,4,0,4,50.05,0.8654999999999999,2024-01-11 18:00:09.000,2024-01-11 18:00:09.000,2024-01-11 18:00:09.000,564751734.0,3745830.0,1148906805,-120.0,94
650003,22,2024-01-11 18:10:03,OPMC_LIFT,996286000.0,229,229,231,4,0,4,50.07,0.8668999999999999,2024-01-11 18:10:11.000,2024-01-11 18:10:11.000,2024-01-11 18:10:11.000,564752630.0,3746234.0,1148909633,-123.0,94
650027,22,2024-01-11 18:20:03,OPMC_LIFT,996288000.0,229,229,231,4,0,4,49.95,0.8682,2024-01-11 18:20:14.000,2024-01-11 18:20:14.000,2024-01-11 18:20:14.000,564753526.0,3746637.0,1148912472,-120.0,94
650054,22,2024-01-11 18:30:03,OPMC_LIFT,996290000.0,229,230,231,4,0,4,50.07,0.8649999999999999,2024-01-11 18:30:11.000,2024-01-11 18:30:11.000,2024-01-11 18:30:11.000,564754426.0,3747040.0,1148915310,-119.0,94
650077,22,2024-01-11 18:40:03,OPMC_LIFT,996293000.0,229,230,231,4,0,4,50.0,0.8665999999999999,2024-01-11 18:40:10.000,2024-01-11 18:40:10.000,2024-01-11 18:40:10.000,564755325.0,3747443.0,1148918149,-109.0,94
650097,22,2024-01-11 18:50:03,OPMC_LIFT,996295000.0,229,230,231,4,0,4,49.99,0.8660999999999999,2024-01-11 18:50:08.000,2024-01-11 18:50:08.000,2024-01-11 18:50:08.000,564756224.0,3747843.0,1148920984,-102.0,94
650127,22,2024-01-11 19:00:03,OPMC_LIFT,996298000.0,229,230,231,4,0,4,50.0,0.8707999999999999,2024-01-11 19:00:12.000,2024-01-11 19:00:12.000,2024-01-11 19:00:12.000,564757123.0,3748246.0,1148923819,-101.0,94
650176,22,2024-01-11 19:20:03,OPMC_LIFT,996303000.0,229,229,231,4,0,4,49.99,0.8675999999999999,2024-01-11 19:20:11.000,2024-01-11 19:20:11.000,2024-01-11 19:20:11.000,564758918.0,3749050.0,1148929489,-111.0,94
650225,22,2024-01-11 19:40:03,OPMC_LIFT,996308000.0,229,229,231,4,0,4,49.98,0.8645999999999999,2024-01-11 19:40:14.000,2024-01-11 19:40:14.000,2024-01-11 19:40:14.000,564760707.0,3749856.0,1148935144,-118.0,94
650244,22,2024-01-11 19:50:03,OPMC_LIFT,996310000.0,229,229,231,4,0,4,49.96,0.8674,2024-01-11 19:50:09.000,2024-01-11 19:50:09.000,2024-01-11 19:50:09.000,564761603.0,3750259.0,1148937976,-108.0,94
650289,22,2024-01-11 20:00:03,OPMC_LIFT,996313000.0,229,229,231,4,0,4,50.02,0.8699999999999999,2024-01-11 20:00:13.000,2024-01-11 20:00:13.000,2024-01-11 20:00:13.000,564762499.0,3750659.0,1148940808,-120.0,94
650331,22,2024-01-11 20:10:03,OPMC_LIFT,996315000.0,229,229,231,4,0,4,49.96,0.8682,2024-01-11 20:10:16.000,2024-01-11 20:10:16.000,2024-01-11 20:10:16.000,564763395.0,3751062.0,1148943633,-119.0,94
650383,22,2024-01-11 20:20:03,OPMC_LIFT,996318000.0,229,229,231,4,0,4,49.99,0.8684999999999999,2024-01-11 20:20:15.000,2024-01-11 20:20:15.000,2024-01-11 20:20:15.000,564764291.0,3751466.0,1148946465,-120.0,94
650471,22,2024-01-11 20:40:03,OPMC_LIFT,996322000.0,229,230,231,4,0,4,49.97,0.8667999999999999,2024-01-11 20:40:11.000,2024-01-11 20:40:11.000,2024-01-11 20:40:11.000,564766083.0,3752272.0,1148952129,-107.0,94
650571,22,2024-01-11 21:00:02,OPMC_LIFT,996327000.0,229,230,231,4,0,4,49.94,0.8694,2024-01-11 21:00:09.000,2024-01-11 21:00:09.000,2024-01-11 21:00:09.000,564767885.0,3753075.0,1148957813,-102.0,94
650679,22,2024-01-11 21:20:03,OPMC_LIFT,996332000.0,230,230,232,4,0,4,50.02,0.8664,2024-01-11 21:20:13.000,2024-01-11 21:20:13.000,2024-01-11 21:20:13.000,564769690.0,3753882.0,1148963505,-109.0,94
650717,22,2024-01-11 21:30:03,OPMC_LIFT,996335000.0,230,230,232,4,0,4,50.01,0.8692,2024-01-11 21:30:10.000,2024-01-11 21:30:10.000,2024-01-11 21:30:10.000,564770592.0,3754285.0,1148966350,-107.0,94
650775,22,2024-01-11 21:40:03,OPMC_LIFT,996337000.0,230,231,232,4,0,4,50.07,0.8658999999999999,2024-01-11 21:40:10.000,2024-01-11 21:40:10.000,2024-01-11 21:40:10.000,564771498.0,3754688.0,1148969208,-101.0,94
650883,22,2024-01-11 22:00:03,OPMC_LIFT,996342000.0,230,231,233,4,0,4,49.98,0.8680999999999999,2024-01-11 22:00:15.000,2024-01-11 22:00:15.000,2024-01-11 22:00:15.000,564773318.0,3755498.0,1148974945,-121.0,94
650929,22,2024-01-11 22:10:03,OPMC_LIFT,996345000.0,228,229,230,4,0,4,50.05,0.8689999999999999,2024-01-11 22:10:11.000,2024-01-11 22:10:11.000,2024-01-11 22:10:11.000,564774224.0,3755901.0,1148977797,-120.0,94
650987,22,2024-01-11 22:20:03,OPMC_LIFT,996347000.0,228,229,230,4,0,4,50.04,0.8673,2024-01-11 22:20:13.000,2024-01-11 22:20:13.000,2024-01-11 22:20:13.000,564775114.0,3756301.0,1148980613,-118.0,94
651041,22,2024-01-11 22:30:03,OPMC_LIFT,996350000.0,228,228,230,4,0,4,49.99,0.8687999999999999,2024-01-11 22:30:14.000,2024-01-11 22:30:14.000,2024-01-11 22:30:14.000,564776003.0,3756704.0,1148983429,-109.0,94
651109,22,2024-01-11 22:40:03,OPMC_LIFT,996352000.0,228,229,231,4,0,4,49.97,0.8648999999999999,2024-01-11 22:40:11.000,2024-01-11 22:40:11.000,2024-01-11 22:40:11.000,564776893.0,3757107.0,1148986245,-109.0,94
651171,22,2024-01-11 22:50:03,OPMC_LIFT,996354000.0,228,229,231,4,0,4,49.98,0.8655999999999999,2024-01-11 22:50:15.000,2024-01-11 22:50:15.000,2024-01-11 22:50:15.000,564777786.0,3757507.0,1148989064,-120.0,94
651181,22,2024-01-11 22:53:37,OPMC_LIFT,996355000.0,229,229,231,4,0,4,49.96,0.8696999999999999,2024-01-11 22:53:48.000,2024-01-11 22:53:48.000,2024-01-11 22:53:48.000,564778102.0,3757651.0,1148990065,-121.0,94
651267,22,2024-01-11 23:10:03,OPMC_LIFT,996359000.0,229,229,231,4,0,4,50.0,0.8659999999999999,2024-01-11 23:10:12.000,2024-01-11 23:10:12.000,2024-01-11 23:10:12.000,564779578.0,3758314.0,1148994728,-120.0,94
651315,22,2024-01-11 23:20:03,OPMC_LIFT,996362000.0,229,230,231,4,0,4,50.02,0.8693,2024-01-11 23:20:12.000,2024-01-11 23:20:12.000,2024-01-11 23:20:12.000,564780477.0,3758717.0,1148997566,-121.0,94
651369,22,2024-01-11 23:30:03,OPMC_LIFT,996364000.0,229,230,231,4,0,4,49.99,0.8683,2024-01-11 23:30:10.000,2024-01-11 23:30:10.000,2024-01-11 23:30:10.000,564781379.0,3759117.0,1149000408,-123.0,94
651427,22,2024-01-11 23:40:03,OPMC_LIFT,996367000.0,230,230,232,4,0,4,50.05,0.8674,2024-01-11 23:40:11.000,2024-01-11 23:40:11.000,2024-01-11 23:40:11.000,564782278.0,3759520.0,1149003253,-100.0,94
651475,22,2024-01-11 23:50:03,OPMC_LIFT,996369000.0,230,230,232,4,0,4,50.06,0.8675999999999999,2024-01-11 23:50:08.000,2024-01-11 23:50:08.000,2024-01-11 23:50:08.000,564783184.0,3759923.0,1149006104,-106.0,94
651523,22,2024-01-12 00:00:03,OPMC_LIFT,996372000.0,230,230,233,4,0,4,50.04,0.8659999999999999,2024-01-12 00:00:13.000,2024-01-12 00:00:13.000,2024-01-12 00:00:13.000,564784093.0,3760326.0,1149008968,-120.0,94
651569,22,2024-01-12 00:10:03,OPMC_LIFT,996374000.0,231,231,233,4,0,4,50.01,0.8653,2024-01-12 00:10:08.000,2024-01-12 00:10:08.000,2024-01-12 00:10:08.000,564785005.0,3760730.0,1149011841,-120.0,94
651671,22,2024-01-12 00:30:03,OPMC_LIFT,996379000.0,228,228,230,4,0,4,49.96,0.8684999999999999,2024-01-12 00:30:14.000,2024-01-12 00:30:14.000,2024-01-12 00:30:14.000,564786822.0,3761536.0,1149017563,-105.0,94
651723,22,2024-01-12 00:40:03,OPMC_LIFT,996382000.0,228,229,231,4,0,4,50.01,0.8675999999999999,2024-01-12 00:40:13.000,2024-01-12 00:40:13.000,2024-01-12 00:40:13.000,564787715.0,3761939.0,1149020379,-105.0,94
651761,22,2024-01-12 00:50:03,OPMC_LIFT,996384000.0,228,229,231,4,0,4,50.03,0.8680999999999999,2024-01-12 00:50:09.000,2024-01-12 00:50:09.000,2024-01-12 00:50:09.000,564788605.0,3762342.0,1149023198,-101.0,94
651819,22,2024-01-12 01:00:03,OPMC_LIFT,996387000.0,228,229,230,4,0,4,49.99,0.8668999999999999,2024-01-12 01:00:11.000,2024-01-12 01:00:11.000,2024-01-12 01:00:11.000,564789494.0,3762742.0,1149026014,-120.0,94
651887,22,2024-01-12 01:10:03,OPMC_LIFT,996389000.0,228,229,230,4,0,4,50.0,0.8672,2024-01-12 01:10:17.000,2024-01-12 01:10:17.000,2024-01-12 01:10:17.000,564790384.0,3763146.0,1149028830,-120.0,94
651949,22,2024-01-12 01:20:03,OPMC_LIFT,996391000.0,228,229,231,4,0,4,49.95,0.8670999999999999,2024-01-12 01:20:11.000,2024-01-12 01:20:11.000,2024-01-12 01:20:11.000,564791274.0,3763549.0,1149031646,-107.0,94
652005,22,2024-01-12 01:30:03,OPMC_LIFT,996394000.0,228,229,231,4,0,4,50.0,0.8690999999999999,2024-01-12 01:30:15.000,2024-01-12 01:30:15.000,2024-01-12 01:30:15.000,564792166.0,3763949.0,1149034465,-119.0,94
652057,22,2024-01-12 01:40:03,OPMC_LIFT,996396000.0,228,229,231,4,0,4,49.99,0.8658999999999999,2024-01-12 01:40:16.000,2024-01-12 01:40:16.000,2024-01-12 01:40:16.000,564793059.0,3764352.0,1149037285,-120.0,94
652209,22,2024-01-12 02:10:03,OPMC_LIFT,996404000.0,229,229,231,4,0,4,50.05,0.8713,2024-01-12 02:10:16.000,2024-01-12 02:10:16.000,2024-01-12 02:10:16.000,564795744.0,3765558.0,1149045771,-120.0,94
652285,22,2024-01-12 02:30:03,OPMC_LIFT,996409000.0,229,230,232,4,0,4,50.02,0.8649999999999999,2024-01-12 02:30:09.000,2024-01-12 02:30:09.000,2024-01-12 02:30:09.000,564797546.0,3766362.0,1149051454,-121.0,94
652387,22,2024-01-12 02:50:03,OPMC_LIFT,996414000.0,229,230,232,4,0,4,49.99,0.8689999999999999,2024-01-12 02:50:10.000,2024-01-12 02:50:10.000,2024-01-12 02:50:10.000,564799350.0,3767165.0,1149057150,-121.0,94
652435,22,2024-01-12 03:00:03,OPMC_LIFT,996416000.0,230,230,232,4,0,4,49.99,0.8666999999999999,2024-01-12 03:00:11.000,2024-01-12 03:00:11.000,2024-01-12 03:00:11.000,564800256.0,3767568.0,1149060008,-103.0,94
652487,22,2024-01-12 03:10:03,OPMC_LIFT,996419000.0,230,230,232,4,0,4,49.97,0.8683,2024-01-12 03:10:14.000,2024-01-12 03:10:14.000,2024-01-12 03:10:14.000,564801165.0,3767971.0,1149062865,-121.0,94
652591,22,2024-01-12 03:30:03,OPMC_LIFT,996423000.0,230,230,232,4,0,4,49.96,0.8664999999999999,2024-01-12 03:30:14.000,2024-01-12 03:30:14.000,2024-01-12 03:30:14.000,564802979.0,3768774.0,1149068584,-101.0,94
652635,22,2024-01-12 03:40:03,OPMC_LIFT,996426000.0,230,230,232,4,0,4,50.02,0.8673,2024-01-12 03:40:14.000,2024-01-12 03:40:14.000,2024-01-12 03:40:14.000,564803888.0,3769178.0,1149071448,-120.0,94
652685,22,2024-01-12 03:50:03,OPMC_LIFT,996428000.0,230,230,232,4,0,4,49.96,0.8699999999999999,2024-01-12 03:50:13.000,2024-01-12 03:50:13.000,2024-01-12 03:50:13.000,564804800.0,3769581.0,1149074312,-109.0,94
652737,22,2024-01-12 04:00:03,OPMC_LIFT,996431000.0,230,230,232,4,0,4,49.99,0.8686999999999999,2024-01-12 04:00:16.000,2024-01-12 04:00:16.000,2024-01-12 04:00:16.000,564805712.0,3769984.0,1149077179,-106.0,94
652777,22,2024-01-12 04:10:03,OPMC_LIFT,996433000.0,230,230,232,4,0,4,50.04,0.8674,2024-01-12 04:10:13.000,2024-01-12 04:10:13.000,2024-01-12 04:10:13.000,564806621.0,3770384.0,1149080037,-121.0,94
652879,22,2024-01-12 04:30:03,OPMC_LIFT,996438000.0,229,230,232,4,0,4,49.96,0.8666999999999999,2024-01-12 04:30:17.000,2024-01-12 04:30:17.000,2024-01-12 04:30:17.000,564808435.0,3771190.0,1149085749,-119.0,94
652955,22,2024-01-12 04:50:03,OPMC_LIFT,996443000.0,229,230,231,4,0,4,49.96,0.8677999999999999,2024-01-12 04:50:10.000,2024-01-12 04:50:10.000,2024-01-12 04:50:10.000,564810243.0,3771994.0,1149091445,-120.0,94
653069,22,2024-01-12 05:10:03,OPMC_LIFT,996448000.0,229,229,231,4,0,4,49.98,0.8680999999999999,2024-01-12 05:10:11.000,2024-01-12 05:10:11.000,2024-01-12 05:10:11.000,564812038.0,3772800.0,1149097112,-121.0,94
653115,22,2024-01-12 05:20:03,OPMC_LIFT,996451000.0,228,228,230,4,0,4,49.99,0.8698999999999999,2024-01-12 05:20:15.000,2024-01-12 05:20:15.000,2024-01-12 05:20:15.000,564812931.0,3773200.0,1149099931,-105.0,94
653147,22,2024-01-12 05:30:03,OPMC_LIFT,996453000.0,228,228,230,4,0,4,50.04,0.8690999999999999,2024-01-12 05:30:09.000,2024-01-12 05:30:09.000,2024-01-12 05:30:09.000,564813814.0,3773603.0,1149102734,-120.0,94
653267,22,2024-01-12 05:50:03,OPMC_LIFT,996458000.0,227,227,229,4,0,4,50.01,0.8667999999999999,2024-01-12 05:50:13.000,2024-01-12 05:50:13.000,2024-01-12 05:50:13.000,564815578.0,3774406.0,1149108315,-121.0,94
653297,22,2024-01-12 06:00:03,OPMC_LIFT,996460000.0,227,227,229,4,0,4,50.02,0.8689999999999999,2024-01-12 06:00:07.000,2024-01-12 06:00:07.000,2024-01-12 06:00:07.000,564816454.0,3774810.0,1149111093,-121.0,94
653461,22,2024-01-12 06:30:03,OPMC_LIFT,996468000.0,226,227,228,4,0,4,50.06,0.8685999999999999,2024-01-12 06:30:10.000,2024-01-12 06:30:10.000,2024-01-12 06:30:10.000,564819066.0,3776013.0,1149119403,-106.0,94
653543,22,2024-01-12 06:40:03,OPMC_LIFT,996470000.0,226,227,228,4,0,4,50.08,0.8717999999999999,2024-01-12 06:40:10.000,2024-01-12 06:40:10.000,2024-01-12 06:40:10.000,564819936.0,3776416.0,1149122165,-119.0,94
653601,22,2024-01-12 06:50:03,OPMC_LIFT,996472000.0,226,226,228,4,0,4,50.04,0.8685999999999999,2024-01-12 06:50:13.000,2024-01-12 06:50:13.000,2024-01-12 06:50:13.000,564820800.0,3776819.0,1149124917,-100.0,94
653617,22,2024-01-12 06:53:40,OPMC_LIFT,996473000.0,225,226,227,4,0,3,50.0,0.8676999999999999,2024-01-12 06:53:49.000,2024-01-12 06:53:49.000,2024-01-12 06:53:49.000,564821110.0,3776966.0,1149125905,-119.0,94
653709,22,2024-01-12 07:10:03,OPMC_LIFT,996477000.0,227,227,229,4,0,4,50.01,0.8704,2024-01-12 07:10:15.000,2024-01-12 07:10:15.000,2024-01-12 07:10:15.000,564822515.0,3777622.0,1149130392,-121.0,94
653771,22,2024-01-12 07:20:03,OPMC_LIFT,996480000.0,226,227,228,4,0,4,49.96,0.8708999999999999,2024-01-12 07:20:14.000,2024-01-12 07:20:14.000,2024-01-12 07:20:14.000,564823386.0,3778019.0,1149133153,-120.0,94
653819,22,2024-01-12 07:30:03,OPMC_LIFT,996482000.0,225,226,227,4,0,4,49.99,0.8712,2024-01-12 07:30:13.000,2024-01-12 07:30:13.000,2024-01-12 07:30:13.000,564824246.0,3778419.0,1149135899,-120.0,94
653871,22,2024-01-12 07:40:03,OPMC_LIFT,996484000.0,224,225,226,4,0,3,49.96,0.8674999999999999,2024-01-12 07:40:11.000,2024-01-12 07:40:11.000,2024-01-12 07:40:11.000,564825101.0,3778816.0,1149138619,-121.0,94
653989,22,2024-01-12 08:00:03,OPMC_LIFT,996489000.0,225,226,227,4,0,4,49.97,0.8678999999999999,2024-01-12 08:00:15.000,2024-01-12 08:00:15.000,2024-01-12 08:00:15.000,564826826.0,3779616.0,1149144101,-108.0,94
654033,22,2024-01-12 08:10:03,OPMC_LIFT,996491000.0,224,225,226,4,0,3,49.99,0.8714999999999999,2024-01-12 08:10:10.000,2024-01-12 08:10:10.000,2024-01-12 08:10:10.000,564827680.0,3780013.0,1149146824,-120.0,94
654079,22,2024-01-12 08:20:03,OPMC_LIFT,996494000.0,226,226,228,4,0,4,49.93,0.8676999999999999,2024-01-12 08:20:10.000,2024-01-12 08:20:10.000,2024-01-12 08:20:10.000,564828541.0,3780413.0,1149149563,-103.0,94
654133,22,2024-01-12 08:30:03,OPMC_LIFT,996496000.0,225,226,227,4,0,4,50.0,0.8682,2024-01-12 08:30:14.000,2024-01-12 08:30:14.000,2024-01-12 08:30:14.000,564829402.0,3780813.0,1149152305,-106.0,94
654197,22,2024-01-12 08:40:03,OPMC_LIFT,996555000.0,221,222,224,198,212,216,49.98,0.7784,2024-01-12 08:40:15.000,2024-01-12 08:40:15.000,2024-01-12 08:40:15.000,564871891.0,3781002.0,1149226165,-105.0,94
654247,22,2024-01-12 08:50:03,OPMC_LIFT,996874000.0,218,220,221,357,377,377,50.0,0.8734,2024-01-12 08:50:15.000,2024-01-12 08:50:15.000,2024-01-12 08:50:15.000,565060186.0,3781002.0,1149596552,-119.0,94
654367,22,2024-01-12 09:10:03,OPMC_LIFT,997569000.0,220,222,223,343,362,362,49.99,0.8684999999999999,2024-01-12 09:10:16.000,2024-01-12 09:10:16.000,2024-01-12 09:10:16.000,565453171.0,3781002.0,1150395707,-108.0,94
654399,22,2024-01-12 09:20:03,OPMC_LIFT,997909000.0,220,222,223,338,356,357,49.96,0.8680999999999999,2024-01-12 09:20:08.000,2024-01-12 09:20:08.000,2024-01-12 09:20:08.000,565647338.0,3781002.0,1150788129,-120.0,94
654465,22,2024-01-12 09:30:03,OPMC_LIFT,998247000.0,220,222,223,336,353,355,50.01,0.8677999999999999,2024-01-12 09:30:12.000,2024-01-12 09:30:12.000,2024-01-12 09:30:12.000,565839930.0,3781002.0,1151177128,-101.0,94
654531,22,2024-01-12 09:40:03,OPMC_LIFT,998585000.0,219,221,223,336,356,356,49.99,0.8684,2024-01-12 09:40:14.000,2024-01-12 09:40:14.000,2024-01-12 09:40:14.000,566031901.0,3781002.0,1151565358,-102.0,94
654569,22,2024-01-12 09:50:03,OPMC_LIFT,998921000.0,219,221,222,337,355,356,50.0,0.8689999999999999,2024-01-12 09:50:10.000,2024-01-12 09:50:10.000,2024-01-12 09:50:10.000,566222762.0,3781002.0,1151952325,-106.0,94
654623,22,2024-01-12 10:00:03,OPMC_LIFT,999255000.0,219,221,222,335,353,355,50.0,0.8696999999999999,2024-01-12 10:00:12.000,2024-01-12 10:00:12.000,2024-01-12 10:00:12.000,566412320.0,3781002.0,1152336712,-108.0,94
654679,22,2024-01-12 10:10:03,OPMC_LIFT,999588000.0,218,221,222,336,353,354,50.04,0.8703,2024-01-12 10:10:13.000,2024-01-12 10:10:13.000,2024-01-12 10:10:13.000,566600938.0,3781002.0,1152720037,-102.0,94
654801,22,2024-01-12 10:30:03,OPMC_LIFT,1000250000.0,220,223,224,330,348,349,50.0,0.8650999999999999,2024-01-12 10:30:16.000,2024-01-12 10:30:16.000,2024-01-12 10:30:16.000,566980480.0,3781002.0,1153487387,-119.0,94
654837,22,2024-01-12 10:40:03,OPMC_LIFT,1000590000.0,221,223,224,336,355,356,49.98,0.8662,2024-01-12 10:40:10.000,2024-01-12 10:40:10.000,2024-01-12 10:40:10.000,567172586.0,3781002.0,1153871973,-120.0,94
654997,22,2024-01-12 11:10:03,OPMC_LIFT,1001590000.0,221,223,224,330,348,349,49.98,0.8636999999999999,2024-01-12 11:10:08.000,2024-01-12 11:10:08.000,2024-01-12 11:10:08.000,567751981.0,3781002.0,1155030587,-109.0,94
655053,22,2024-01-12 11:20:03,OPMC_LIFT,1001920000.0,222,224,225,329,348,349,50.03,0.8633,2024-01-12 11:20:10.000,2024-01-12 11:20:10.000,2024-01-12 11:20:10.000,567945456.0,3781002.0,1155415227,-107.0,94
655233,22,2024-01-12 11:50:03,OPMC_LIFT,1002920000.0,223,225,227,329,348,350,50.0,0.8602,2024-01-12 11:50:15.000,2024-01-12 11:50:15.000,2024-01-12 11:50:15.000,568533712.0,3781002.0,1156577045,-121.0,94
655283,22,2024-01-12 12:00:03,OPMC_LIFT,1003260000.0,223,226,227,330,350,351,50.0,0.8588999999999999,2024-01-12 12:00:10.000,2024-01-12 12:00:10.000,2024-01-12 12:00:10.000,568732714.0,3781002.0,1156968437,-119.0,94
655349,22,2024-01-12 12:10:03,OPMC_LIFT,1003600000.0,221,224,225,340,360,362,50.07,0.8674999999999999,2024-01-12 12:10:13.000,2024-01-12 12:10:13.000,2024-01-12 12:10:13.000,568927382.0,3781002.0,1157356718,-120.0,94
655401,22,2024-01-12 12:20:03,OPMC_LIFT,1003930000.0,221,223,225,332,352,353,49.97,0.8641,2024-01-12 12:20:11.000,2024-01-12 12:20:11.000,2024-01-12 12:20:11.000,569122096.0,3781002.0,1157746293,-118.0,94
655463,22,2024-01-12 12:30:03,OPMC_LIFT,1004270000.0,221,223,225,336,356,357,50.03,0.8663,2024-01-12 12:30:16.000,2024-01-12 12:30:16.000,2024-01-12 12:30:16.000,569315926.0,3781002.0,1158133528,-108.0,94
655515,22,2024-01-12 12:40:03,OPMC_LIFT,1004610000.0,221,223,224,338,357,359,50.03,0.8674,2024-01-12 12:40:13.000,2024-01-12 12:40:13.000,2024-01-12 12:40:13.000,569509840.0,3781002.0,1158521947,-108.0,94
655613,22,2024-01-12 13:00:03,OPMC_LIFT,1005280000.0,218,220,222,340,359,360,49.99,0.8723,2024-01-12 13:00:13.000,2024-01-12 13:00:13.000,2024-01-12 13:00:13.000,569895658.0,3781002.0,1159302917,-121.0,94
655673,22,2024-01-12 13:10:03,OPMC_LIFT,1005630000.0,220,222,223,349,369,369,49.93,0.8704,2024-01-12 13:10:17.000,2024-01-12 13:10:17.000,2024-01-12 13:10:17.000,570088368.0,3781002.0,1159697368,-120.0,94
655769,22,2024-01-12 13:30:03,OPMC_LIFT,1006320000.0,219,221,222,346,364,364,50.01,0.8719999999999999,2024-01-12 13:30:13.000,2024-01-12 13:30:13.000,2024-01-12 13:30:13.000,570477325.0,3781002.0,1160492555,-119.0,94
655831,22,2024-01-12 13:40:03,OPMC_LIFT,1006670000.0,219,221,222,340,359,359,49.96,0.8704,2024-01-12 13:40:15.000,2024-01-12 13:40:15.000,2024-01-12 13:40:15.000,570670048.0,3781002.0,1160887438,-120.0,94
655873,22,2024-01-12 13:50:03,OPMC_LIFT,1007010000.0,218,221,222,344,363,363,49.97,0.8728999999999999,2024-01-12 13:50:12.000,2024-01-12 13:50:12.000,2024-01-12 13:50:12.000,570861645.0,3781002.0,1161280046,-107.0,94
655931,22,2024-01-12 14:00:03,OPMC_LIFT,1007360000.0,218,220,222,348,366,367,49.99,0.8743,2024-01-12 14:00:12.000,2024-01-12 14:00:12.000,2024-01-12 14:00:12.000,571054566.0,3781002.0,1161677317,-120.0,94
655989,22,2024-01-12 14:10:03,OPMC_LIFT,1007410000.0,224,225,226,3,0,3,50.02,0.4656999999999999,2024-01-12 14:10:15.000,2024-01-12 14:10:15.000,2024-01-12 14:10:15.000,571086989.0,3781254.0,1161743950,-120.0,94
656111,22,2024-01-12 14:30:03,OPMC_LIFT,1007420000.0,224,225,226,4,0,4,50.01,0.8702,2024-01-12 14:30:15.000,2024-01-12 14:30:15.000,2024-01-12 14:30:15.000,571088598.0,3781946.0,1161749006,-118.0,94
656197,22,2024-01-12 14:40:03,OPMC_LIFT,1007420000.0,224,225,226,5,0,4,50.03,0.8694999999999999,2024-01-12 14:40:15.000,2024-01-12 14:40:15.000,2024-01-12 14:40:15.000,571089616.0,3782509.0,1161752373,-121.0,94
656261,22,2024-01-12 14:50:03,OPMC_LIFT,1007420000.0,225,226,227,5,0,4,50.04,0.8738999999999999,2024-01-12 14:50:15.000,2024-01-12 14:50:15.000,2024-01-12 14:50:15.000,571090685.0,3783130.0,1161755960,-117.0,94
656273,22,2024-01-12 14:51:17,OPMC_LIFT,1007430000.0,225,225,227,5,0,4,50.01,0.8728999999999999,2024-01-12 14:51:29.000,2024-01-12 14:51:29.000,2024-01-12 14:51:29.000,571090819.0,3783203.0,1161756405,-118.0,94
656347,22,2024-01-12 15:10:03,OPMC_LIFT,1007430000.0,224,225,226,5,0,4,49.99,0.8699999999999999,2024-01-12 15:10:09.000,2024-01-12 15:10:09.000,2024-01-12 15:10:09.000,571092832.0,3784365.0,1161763147,-120.0,94
656411,22,2024-01-12 15:20:03,OPMC_LIFT,1007430000.0,225,225,227,4,0,4,49.97,0.8679999999999999,2024-01-12 15:20:11.000,2024-01-12 15:20:11.000,2024-01-12 15:20:11.000,571093738.0,3784806.0,1161766053,-121.0,94
656465,22,2024-01-12 15:30:03,OPMC_LIFT,1007440000.0,225,226,227,4,0,4,50.05,0.8663,2024-01-12 15:30:13.000,2024-01-12 15:30:13.000,2024-01-12 15:30:13.000,571094598.0,3785200.0,1161768785,-119.0,94
656533,22,2024-01-12 15:40:03,OPMC_LIFT,1007440000.0,226,226,228,4,0,4,50.0,0.8685999999999999,2024-01-12 15:40:17.000,2024-01-12 15:40:17.000,2024-01-12 15:40:17.000,571095466.0,3785597.0,1161771528,-121.0,94
656573,22,2024-01-12 15:50:03,OPMC_LIFT,1007440000.0,226,227,228,4,0,4,50.03,0.8663,2024-01-12 15:50:08.000,2024-01-12 15:50:08.000,2024-01-12 15:50:08.000,571096333.0,3785990.0,1161774280,-121.0,94
656641,22,2024-01-12 16:00:03,OPMC_LIFT,1007440000.0,227,228,229,4,0,4,50.07,0.8686999999999999,2024-01-12 16:00:16.000,2024-01-12 16:00:16.000,2024-01-12 16:00:16.000,571097206.0,3786387.0,1161777041,-121.0,94
656691,22,2024-01-12 16:10:03,OPMC_LIFT,1007450000.0,227,228,229,4,0,4,50.01,0.8670999999999999,2024-01-12 16:10:10.000,2024-01-12 16:10:10.000,2024-01-12 16:10:10.000,571098083.0,3786784.0,1161779816,-102.0,94
656817,22,2024-01-12 16:30:03,OPMC_LIFT,1007450000.0,228,229,230,4,0,4,50.06,0.8674999999999999,2024-01-12 16:30:16.000,2024-01-12 16:30:16.000,2024-01-12 16:30:16.000,571099856.0,3787581.0,1161785406,-105.0,94
656877,22,2024-01-12 16:40:03,OPMC_LIFT,1007450000.0,229,230,231,4,0,4,49.98,0.8664,2024-01-12 16:40:11.000,2024-01-12 16:40:11.000,2024-01-12 16:40:11.000,571100758.0,3787981.0,1161788235,-121.0,94
656933,22,2024-01-12 16:50:03,OPMC_LIFT,1007460000.0,230,230,232,4,0,4,50.03,0.8664999999999999,2024-01-12 16:50:11.000,2024-01-12 16:50:11.000,2024-01-12 16:50:11.000,571101664.0,3788381.0,1161791073,-119.0,94
657055,22,2024-01-12 17:10:03,OPMC_LIFT,1007460000.0,229,229,230,4,0,4,49.94,0.8675999999999999,2024-01-12 17:10:18.000,2024-01-12 17:10:18.000,2024-01-12 17:10:18.000,571103450.0,3789178.0,1161796699,-105.0,94
657111,22,2024-01-12 17:20:03,OPMC_LIFT,1007460000.0,230,230,232,4,0,4,50.05,0.8674,2024-01-12 17:20:17.000,2024-01-12 17:20:17.000,2024-01-12 17:20:17.000,571104352.0,3789578.0,1161799534,-107.0,94
657159,22,2024-01-12 17:30:03,OPMC_LIFT,1007470000.0,230,231,232,4,0,4,50.03,0.8674999999999999,2024-01-12 17:30:11.000,2024-01-12 17:30:11.000,2024-01-12 17:30:11.000,571105261.0,3789978.0,1161802389,-120.0,94
657233,22,2024-01-12 17:40:03,OPMC_LIFT,1007470000.0,228,229,230,4,0,4,50.04,0.8697999999999999,2024-01-12 17:40:16.000,2024-01-12 17:40:16.000,2024-01-12 17:40:16.000,571106147.0,3790378.0,1161805189,-120.0,94
657265,22,2024-01-12 17:50:03,OPMC_LIFT,1007470000.0,229,229,231,4,0,4,49.98,0.8674999999999999,2024-01-12 17:50:09.000,2024-01-12 17:50:09.000,2024-01-12 17:50:09.000,571107043.0,3790774.0,1161808005,-120.0,94
657337,22,2024-01-12 18:00:03,OPMC_LIFT,1007470000.0,229,230,231,4,0,4,50.04,0.8678999999999999,2024-01-12 18:00:16.000,2024-01-12 18:00:16.000,2024-01-12 18:00:16.000,571107942.0,3791174.0,1161810837,-121.0,94
657503,22,2024-01-12 18:30:03,OPMC_LIFT,1007480000.0,228,228,230,4,0,4,49.96,0.8665999999999999,2024-01-12 18:30:14.000,2024-01-12 18:30:14.000,2024-01-12 18:30:14.000,571110640.0,3792368.0,1161819333,-120.0,94
657547,22,2024-01-12 18:40:03,OPMC_LIFT,1007480000.0,228,228,230,4,0,4,50.02,0.8660999999999999,2024-01-12 18:40:11.000,2024-01-12 18:40:11.000,2024-01-12 18:40:11.000,571111526.0,3792765.0,1161822126,-106.0,94
657607,22,2024-01-12 18:50:03,OPMC_LIFT,1007480000.0,228,228,230,4,0,4,50.01,0.8664,2024-01-12 18:50:09.000,2024-01-12 18:50:09.000,2024-01-12 18:50:09.000,571112416.0,3793165.0,1161824933,-121.0,94
657667,22,2024-01-12 19:00:03,OPMC_LIFT,1007490000.0,228,229,230,4,0,4,50.0,0.8686999999999999,2024-01-12 19:00:16.000,2024-01-12 19:00:16.000,2024-01-12 19:00:16.000,571113306.0,3793565.0,1161827739,-118.0,94
657731,22,2024-01-12 19:10:03,OPMC_LIFT,1007490000.0,228,228,230,4,0,4,49.96,0.8655999999999999,2024-01-12 19:10:15.000,2024-01-12 19:10:15.000,2024-01-12 19:10:15.000,571114195.0,3793962.0,1161830549,-104.0,94
657787,22,2024-01-12 19:20:03,OPMC_LIFT,1007490000.0,228,228,230,4,0,4,49.98,0.8678999999999999,2024-01-12 19:20:15.000,2024-01-12 19:20:15.000,2024-01-12 19:20:15.000,571115085.0,3794358.0,1161833349,-106.0,94
657845,22,2024-01-12 19:30:03,OPMC_LIFT,1007490000.0,228,228,230,4,0,4,49.98,0.8684,2024-01-12 19:30:13.000,2024-01-12 19:30:13.000,2024-01-12 19:30:13.000,571115971.0,3794758.0,1161836155,-102.0,94
657897,22,2024-01-12 19:40:03,OPMC_LIFT,1007500000.0,227,228,229,4,0,4,49.99,0.8674,2024-01-12 19:40:14.000,2024-01-12 19:40:14.000,2024-01-12 19:40:14.000,571116861.0,3795155.0,1161838955,-101.0,94
657947,22,2024-01-12 19:50:03,OPMC_LIFT,1007500000.0,228,228,230,4,0,4,50.04,0.8650999999999999,2024-01-12 19:50:10.000,2024-01-12 19:50:10.000,2024-01-12 19:50:10.000,571117747.0,3795555.0,1161841755,-121.0,94
658013,22,2024-01-12 20:00:03,OPMC_LIFT,1007500000.0,228,228,229,4,0,4,49.95,0.8684999999999999,2024-01-12 20:00:12.000,2024-01-12 20:00:12.000,2024-01-12 20:00:12.000,571118634.0,3795955.0,1161844561,-106.0,94
658081,22,2024-01-12 20:10:03,OPMC_LIFT,1007500000.0,228,228,230,4,0,4,50.04,0.8688999999999999,2024-01-12 20:10:14.000,2024-01-12 20:10:14.000,2024-01-12 20:10:14.000,571119523.0,3796352.0,1161847368,-120.0,94
658137,22,2024-01-12 20:20:03,OPMC_LIFT,1007510000.0,227,228,229,4,0,4,50.05,0.8676999999999999,2024-01-12 20:20:12.000,2024-01-12 20:20:12.000,2024-01-12 20:20:12.000,571120406.0,3796752.0,1161850168,-118.0,94
658195,22,2024-01-12 20:30:03,OPMC_LIFT,1007510000.0,227,228,229,4,0,4,49.95,0.8666999999999999,2024-01-12 20:30:14.000,2024-01-12 20:30:14.000,2024-01-12 20:30:14.000,571121290.0,3797152.0,1161852955,-105.0,94
658235,22,2024-01-12 20:40:03,OPMC_LIFT,1007510000.0,227,228,229,4,0,4,49.98,0.8666999999999999,2024-01-12 20:40:12.000,2024-01-12 20:40:12.000,2024-01-12 20:40:12.000,571122173.0,3797549.0,1161855749,-123.0,94
658409,22,2024-01-12 21:10:03,OPMC_LIFT,1007520000.0,228,229,231,4,0,4,50.04,0.8672,2024-01-12 21:10:14.000,2024-01-12 21:10:14.000,2024-01-12 21:10:14.000,571124838.0,3798749.0,1161864165,-121.0,94
658471,22,2024-01-12 21:20:03,OPMC_LIFT,1007520000.0,228,229,230,4,0,4,50.01,0.8674,2024-01-12 21:20:12.000,2024-01-12 21:20:12.000,2024-01-12 21:20:12.000,571125731.0,3799146.0,1161866984,-106.0,94
658523,22,2024-01-12 21:30:03,OPMC_LIFT,1007520000.0,228,229,230,4,0,4,50.02,0.8667999999999999,2024-01-12 21:30:14.000,2024-01-12 21:30:14.000,2024-01-12 21:30:14.000,571126624.0,3799546.0,1161869806,-100.0,94
658569,22,2024-01-12 21:40:03,OPMC_LIFT,1007530000.0,228,229,231,4,0,4,49.98,0.8679999999999999,2024-01-12 21:40:12.000,2024-01-12 21:40:12.000,2024-01-12 21:40:12.000,571127520.0,3799946.0,1161872625,-119.0,94
658625,22,2024-01-12 21:50:03,OPMC_LIFT,1007530000.0,228,229,231,4,0,4,50.02,0.8670999999999999,2024-01-12 21:50:10.000,2024-01-12 21:50:10.000,2024-01-12 21:50:10.000,571128416.0,3800346.0,1161875451,-121.0,94
658685,22,2024-01-12 22:00:03,OPMC_LIFT,1007530000.0,228,229,231,4,0,4,49.98,0.8649999999999999,2024-01-12 22:00:12.000,2024-01-12 22:00:12.000,2024-01-12 22:00:12.000,571129312.0,3800746.0,1161878277,-121.0,94
658745,22,2024-01-12 22:10:03,OPMC_LIFT,1007530000.0,229,230,231,4,0,4,50.05,0.8656999999999999,2024-01-12 22:10:14.000,2024-01-12 22:10:14.000,2024-01-12 22:10:14.000,571130208.0,3801146.0,1161881112,-120.0,94
658939,22,2024-01-12 22:40:03,OPMC_LIFT,1007540000.0,229,229,231,4,0,4,50.04,0.8694999999999999,2024-01-12 22:40:15.000,2024-01-12 22:40:15.000,2024-01-12 22:40:15.000,571132906.0,3802342.0,1161889617,-105.0,94
658995,22,2024-01-12 22:50:03,OPMC_LIFT,1007540000.0,230,230,232,4,0,4,50.04,0.8663,2024-01-12 22:50:13.000,2024-01-12 22:50:13.000,2024-01-12 22:50:13.000,571133811.0,3802742.0,1161892462,-120.0,94
659009,22,2024-01-12 22:56:08,OPMC_LIFT,1007540000.0,230,230,232,4,0,4,50.04,0.8654,2024-01-12 22:56:15.000,2024-01-12 22:56:15.000,2024-01-12 22:56:15.000,571134365.0,3802986.0,1161894203,-120.0,94
659103,22,2024-01-12 23:10:03,OPMC_LIFT,1007550000.0,230,230,232,4,0,4,50.03,0.8665999999999999,2024-01-12 23:10:14.000,2024-01-12 23:10:14.000,2024-01-12 23:10:14.000,571135629.0,3803542.0,1161898184,-120.0,94
659133,22,2024-01-12 23:20:03,OPMC_LIFT,1007550000.0,227,228,229,4,0,4,49.97,0.8687999999999999,2024-01-12 23:20:12.000,2024-01-12 23:20:12.000,2024-01-12 23:20:12.000,571136525.0,3803942.0,1161901009,-107.0,94
659305,22,2024-01-12 23:50:03,OPMC_LIFT,1007560000.0,228,228,230,4,0,4,50.03,0.8665999999999999,2024-01-12 23:50:11.000,2024-01-12 23:50:11.000,2024-01-12 23:50:11.000,571139184.0,3805139.0,1161909419,-120.0,94
659355,22,2024-01-13 00:00:03,OPMC_LIFT,1007560000.0,228,229,231,4,0,4,50.06,0.8690999999999999,2024-01-13 00:00:16.000,2024-01-13 00:00:16.000,2024-01-13 00:00:16.000,571140077.0,3805539.0,1161912241,-121.0,94
659493,22,2024-01-13 00:30:03,OPMC_LIFT,1007570000.0,228,229,231,4,0,4,49.98,0.8660999999999999,2024-01-13 00:30:11.000,2024-01-13 00:30:11.000,2024-01-13 00:30:11.000,571142758.0,3806736.0,1161920709,-120.0,94
659549,22,2024-01-13 00:40:03,OPMC_LIFT,1007570000.0,228,229,231,4,0,4,49.99,0.8646999999999999,2024-01-13 00:40:14.000,2024-01-13 00:40:14.000,2024-01-13 00:40:14.000,571143654.0,3807136.0,1161923534,-119.0,94
659605,22,2024-01-13 00:50:03,OPMC_LIFT,1007570000.0,229,229,231,4,0,4,50.05,0.8675999999999999,2024-01-13 00:50:18.000,2024-01-13 00:50:18.000,2024-01-13 00:50:18.000,571144554.0,3807536.0,1161926366,-121.0,94
659707,22,2024-01-13 01:10:03,OPMC_LIFT,1007580000.0,226,227,228,4,0,4,49.97,0.8684,2024-01-13 01:10:14.000,2024-01-13 01:10:14.000,2024-01-13 01:10:14.000,571146336.0,3808333.0,1161932001,-120.0,94
659827,22,2024-01-13 01:30:03,OPMC_LIFT,1007580000.0,226,227,229,4,0,4,49.96,0.8688999999999999,2024-01-13 01:30:10.000,2024-01-13 01:30:10.000,2024-01-13 01:30:10.000,571148083.0,3809130.0,1161937550,-120.0,94
659943,22,2024-01-13 01:50:03,OPMC_LIFT,1007590000.0,227,227,229,4,0,4,50.01,0.8666999999999999,2024-01-13 01:50:12.000,2024-01-13 01:50:12.000,2024-01-13 01:50:12.000,571149837.0,3809926.0,1161943109,-120.0,94
660005,22,2024-01-13 02:00:03,OPMC_LIFT,1007590000.0,227,227,229,4,0,4,49.97,0.8652,2024-01-13 02:00:16.000,2024-01-13 02:00:16.000,2024-01-13 02:00:16.000,571150717.0,3810326.0,1161945896,-121.0,94
660047,22,2024-01-13 02:10:03,OPMC_LIFT,1007590000.0,227,228,230,4,0,4,49.97,0.8686999999999999,2024-01-13 02:10:11.000,2024-01-13 02:10:11.000,2024-01-13 02:10:11.000,571151597.0,3810723.0,1161948686,-119.0,94
660139,22,2024-01-13 02:30:03,OPMC_LIFT,1007600000.0,228,228,230,4,0,4,50.04,0.8683,2024-01-13 02:30:09.000,2024-01-13 02:30:09.000,2024-01-13 02:30:09.000,571153363.0,3811520.0,1161954283,-121.0,94
660189,22,2024-01-13 02:40:03,OPMC_LIFT,1007600000.0,227,228,230,4,0,4,49.97,0.8685999999999999,2024-01-13 02:40:12.000,2024-01-13 02:40:12.000,2024-01-13 02:40:12.000,571154250.0,3811917.0,1161957086,-105.0,94
660241,22,2024-01-13 02:50:03,OPMC_LIFT,1007600000.0,228,228,230,4,0,4,50.0,0.8659999999999999,2024-01-13 02:50:08.000,2024-01-13 02:50:08.000,2024-01-13 02:50:08.000,571155136.0,3812317.0,1161959893,-100.0,94
660351,22,2024-01-13 03:10:03,OPMC_LIFT,1007610000.0,228,229,230,4,0,4,50.0,0.8677999999999999,2024-01-13 03:10:13.000,2024-01-13 03:10:13.000,2024-01-13 03:10:13.000,571156918.0,3813114.0,1161965525,-107.0,94
660395,22,2024-01-13 03:20:03,OPMC_LIFT,1007610000.0,228,229,231,4,0,4,49.99,0.8685999999999999,2024-01-13 03:20:14.000,2024-01-13 03:20:14.000,2024-01-13 03:20:14.000,571157811.0,3813514.0,1161968344,-119.0,94
660451,22,2024-01-13 03:30:03,OPMC_LIFT,1007610000.0,229,229,231,4,0,4,50.01,0.8702,2024-01-13 03:30:15.000,2024-01-13 03:30:15.000,2024-01-13 03:30:15.000,571158707.0,3813910.0,1161971166,-120.0,94
660551,22,2024-01-13 03:50:03,OPMC_LIFT,1007620000.0,229,229,231,4,0,4,50.04,0.8713,2024-01-13 03:50:14.000,2024-01-13 03:50:14.000,2024-01-13 03:50:14.000,571160496.0,3814710.0,1161976814,-120.0,94
660591,22,2024-01-13 04:00:03,OPMC_LIFT,1007620000.0,228,229,231,4,0,4,49.95,0.8679999999999999,2024-01-13 04:00:13.000,2024-01-13 04:00:13.000,2024-01-13 04:00:13.000,571161392.0,3815107.0,1161979640,-119.0,94
660649,22,2024-01-13 04:10:03,OPMC_LIFT,1007620000.0,229,229,231,4,0,4,50.02,0.8679999999999999,2024-01-13 04:10:17.000,2024-01-13 04:10:17.000,2024-01-13 04:10:17.000,571162285.0,3815507.0,1161982465,-101.0,94
660709,22,2024-01-13 04:20:03,OPMC_LIFT,1007620000.0,228,229,231,4,0,4,49.98,0.8656999999999999,2024-01-13 04:20:15.000,2024-01-13 04:20:15.000,2024-01-13 04:20:15.000,571163178.0,3815904.0,1161985291,-120.0,94
660761,22,2024-01-13 04:30:03,OPMC_LIFT,1007630000.0,229,229,231,4,0,4,50.02,0.8678999999999999,2024-01-13 04:30:13.000,2024-01-13 04:30:13.000,2024-01-13 04:30:13.000,571164074.0,3816304.0,1161988113,-119.0,94
660817,22,2024-01-13 04:40:03,OPMC_LIFT,1007630000.0,228,229,230,4,0,4,49.93,0.8700999999999999,2024-01-13 04:40:17.000,2024-01-13 04:40:17.000,2024-01-13 04:40:17.000,571164970.0,3816701.0,1161990939,-106.0,94
660861,22,2024-01-13 04:50:03,OPMC_LIFT,1007630000.0,228,229,231,4,0,4,50.02,0.8662,2024-01-13 04:50:14.000,2024-01-13 04:50:14.000,2024-01-13 04:50:14.000,571165862.0,3817101.0,1161993761,-120.0,94
660943,22,2024-01-13 05:10:03,OPMC_LIFT,1007640000.0,228,229,230,4,0,4,49.96,0.8688999999999999,2024-01-13 05:10:10.000,2024-01-13 05:10:10.000,2024-01-13 05:10:10.000,571167648.0,3817898.0,1161999406,-121.0,94
661009,22,2024-01-13 05:20:03,OPMC_LIFT,1007640000.0,228,229,230,4,0,4,50.08,0.8653,2024-01-13 05:20:16.000,2024-01-13 05:20:16.000,2024-01-13 05:20:16.000,571168538.0,3818298.0,1162002222,-119.0,94
661063,22,2024-01-13 05:30:03,OPMC_LIFT,1007640000.0,228,228,230,4,0,4,49.98,0.8665999999999999,2024-01-13 05:30:11.000,2024-01-13 05:30:11.000,2024-01-13 05:30:11.000,571169427.0,3818698.0,1162005035,-101.0,94
661115,22,2024-01-13 05:40:03,OPMC_LIFT,1007640000.0,228,228,230,4,0,4,50.01,0.8674,2024-01-13 05:40:13.000,2024-01-13 05:40:13.000,2024-01-13 05:40:13.000,571170317.0,3819094.0,1162007845,-102.0,94
661173,22,2024-01-13 05:50:03,OPMC_LIFT,1007650000.0,228,228,230,4,0,4,50.01,0.8686999999999999,2024-01-13 05:50:17.000,2024-01-13 05:50:17.000,2024-01-13 05:50:17.000,571171206.0,3819494.0,1162010657,-105.0,94
661209,22,2024-01-13 06:00:03,OPMC_LIFT,1007650000.0,228,228,230,4,0,4,50.01,0.8667999999999999,2024-01-13 06:00:13.000,2024-01-13 06:00:13.000,2024-01-13 06:00:13.000,571172096.0,3819894.0,1162013464,-120.0,94
661275,22,2024-01-13 06:10:03,OPMC_LIFT,1007650000.0,227,228,229,4,0,4,49.97,0.8683,2024-01-13 06:10:17.000,2024-01-13 06:10:17.000,2024-01-13 06:10:17.000,571172979.0,3820294.0,1162016267,-99.0,94
661373,22,2024-01-13 06:30:03,OPMC_LIFT,1007660000.0,228,228,230,4,0,4,49.99,0.8689999999999999,2024-01-13 06:30:16.000,2024-01-13 06:30:16.000,2024-01-13 06:30:16.000,571174749.0,3821094.0,1162021867,-102.0,94
661467,22,2024-01-13 06:40:03,OPMC_LIFT,1007660000.0,228,228,230,4,0,4,50.04,0.8700999999999999,2024-01-13 06:40:15.000,2024-01-13 06:40:15.000,2024-01-13 06:40:15.000,571175635.0,3821494.0,1162024670,-121.0,94
661505,22,2024-01-13 06:50:03,OPMC_LIFT,1007660000.0,228,228,230,4,0,4,50.11,0.8667999999999999,2024-01-13 06:50:11.000,2024-01-13 06:50:11.000,2024-01-13 06:50:11.000,571176518.0,3821894.0,1162027470,-99.0,94
661523,22,2024-01-13 06:51:48,OPMC_LIFT,1007660000.0,228,228,230,4,0,4,50.1,0.8680999999999999,2024-01-13 06:51:58.000,2024-01-13 06:51:58.000,2024-01-13 06:51:58.000,571176675.0,3821965.0,1162027966,-120.0,94
661563,22,2024-01-13 07:00:03,OPMC_LIFT,1007660000.0,227,228,230,4,0,4,50.02,0.8697999999999999,2024-01-13 07:00:15.000,2024-01-13 07:00:15.000,2024-01-13 07:00:15.000,571177402.0,3822294.0,1162030270,-101.0,94
661617,22,2024-01-13 07:10:02,OPMC_LIFT,1007670000.0,227,227,229,4,0,4,50.04,0.8673,2024-01-13 07:10:17.000,2024-01-13 07:10:17.000,2024-01-13 07:10:17.000,571178285.0,3822694.0,1162033061,-121.0,94
661703,22,2024-01-13 07:30:03,OPMC_LIFT,1007670000.0,226,226,228,4,0,4,50.04,0.8675999999999999,2024-01-13 07:30:07.000,2024-01-13 07:30:07.000,2024-01-13 07:30:07.000,571180029.0,3823498.0,1162038603,-121.0,94
661765,22,2024-01-13 07:40:02,OPMC_LIFT,1007670000.0,226,226,227,4,0,4,50.01,0.8692,2024-01-13 07:40:11.000,2024-01-13 07:40:11.000,2024-01-13 07:40:11.000,571180896.0,3823894.0,1162041358,-93.0,94
661855,22,2024-01-13 08:00:02,OPMC_LIFT,1007680000.0,225,225,227,4,0,4,49.97,0.8668999999999999,2024-01-13 08:00:09.000,2024-01-13 08:00:09.000,2024-01-13 08:00:09.000,571182614.0,3824694.0,1162046840,-119.0,94
661929,22,2024-01-13 08:10:03,OPMC_LIFT,1007680000.0,226,227,228,4,0,4,49.94,0.8686999999999999,2024-01-13 08:10:16.000,2024-01-13 08:10:16.000,2024-01-13 08:10:16.000,571183485.0,3825094.0,1162049601,-120.0,94
661979,22,2024-01-13 08:20:03,OPMC_LIFT,1007680000.0,226,226,228,4,0,4,49.98,0.8664,2024-01-13 08:20:16.000,2024-01-13 08:20:16.000,2024-01-13 08:20:16.000,571184352.0,3825494.0,1162052357,-121.0,94
662019,22,2024-01-13 08:30:03,OPMC_LIFT,1007680000.0,225,226,227,4,0,4,50.03,0.8696999999999999,2024-01-13 08:30:15.000,2024-01-13 08:30:15.000,2024-01-13 08:30:15.000,571185216.0,3825891.0,1162055105,-106.0,94
662123,22,2024-01-13 08:50:03,OPMC_LIFT,1007690000.0,227,227,229,4,0,4,50.0,0.8656999999999999,2024-01-13 08:50:11.000,2024-01-13 08:50:11.000,2024-01-13 08:50:11.000,571186944.0,3826691.0,1162060600,-102.0,94
662181,22,2024-01-13 09:00:03,OPMC_LIFT,1007690000.0,227,227,229,4,0,4,50.02,0.8676999999999999,2024-01-13 09:00:10.000,2024-01-13 09:00:10.000,2024-01-13 09:00:10.000,571187821.0,3827091.0,1162063381,-101.0,94
662245,22,2024-01-13 09:10:03,OPMC_LIFT,1007690000.0,226,227,229,4,0,4,49.96,0.8676999999999999,2024-01-13 09:10:11.000,2024-01-13 09:10:11.000,2024-01-13 09:10:11.000,571188694.0,3827491.0,1162066158,-109.0,94
662275,22,2024-01-13 09:20:03,OPMC_LIFT,1007700000.0,226,227,228,4,0,4,50.01,0.8666999999999999,2024-01-13 09:20:07.000,2024-01-13 09:20:07.000,2024-01-13 09:20:07.000,571189568.0,3827891.0,1162068920,-107.0,94
662337,22,2024-01-13 09:30:03,OPMC_LIFT,1007700000.0,226,226,228,4,0,4,49.96,0.8676999999999999,2024-01-13 09:30:12.000,2024-01-13 09:30:12.000,2024-01-13 09:30:12.000,571190435.0,3828291.0,1162071681,-120.0,94
662399,22,2024-01-13 09:40:03,OPMC_LIFT,1007700000.0,225,226,227,4,0,4,50.0,0.8704,2024-01-13 09:40:13.000,2024-01-13 09:40:13.000,2024-01-13 09:40:13.000,571191302.0,3828691.0,1162074433,-120.0,94
662487,22,2024-01-13 10:00:03,OPMC_LIFT,1007710000.0,227,227,229,4,0,4,49.94,0.8670999999999999,2024-01-13 10:00:09.000,2024-01-13 10:00:09.000,2024-01-13 10:00:09.000,571193024.0,3829491.0,1162079912,-107.0,94
662549,22,2024-01-13 10:10:03,OPMC_LIFT,1007710000.0,227,227,229,4,0,4,49.98,0.8679999999999999,2024-01-13 10:10:12.000,2024-01-13 10:10:12.000,2024-01-13 10:10:12.000,571193901.0,3829891.0,1162082693,-121.0,94
662753,22,2024-01-13 10:50:03,OPMC_LIFT,1007720000.0,226,227,228,4,0,4,50.0,0.8695999999999999,2024-01-13 10:50:14.000,2024-01-13 10:50:14.000,2024-01-13 10:50:14.000,571197386.0,3831488.0,1162093758,-121.0,94
662913,22,2024-01-13 11:20:03,OPMC_LIFT,1007730000.0,227,227,229,4,0,4,50.08,0.8657999999999999,2024-01-13 11:20:11.000,2024-01-13 11:20:11.000,2024-01-13 11:20:11.000,571200003.0,3832688.0,1162102062,-121.0,94
663043,22,2024-01-13 11:40:03,OPMC_LIFT,1007730000.0,227,228,229,4,0,4,50.05,0.8674999999999999,2024-01-13 11:40:16.000,2024-01-13 11:40:16.000,2024-01-13 11:40:16.000,571201750.0,3833488.0,1162107608,-120.0,94
663133,22,2024-01-13 12:00:03,OPMC_LIFT,1007730000.0,228,229,230,4,0,4,50.05,0.8684,2024-01-13 12:00:11.000,2024-01-13 12:00:11.000,2024-01-13 12:00:11.000,571203510.0,3834288.0,1162113179,-121.0,94
663193,22,2024-01-13 12:10:04,OPMC_LIFT,1007740000.0,228,229,231,4,0,4,50.05,0.8677999999999999,2024-01-13 12:10:11.000,2024-01-13 12:10:11.000,2024-01-13 12:10:11.000,571204400.0,3834691.0,1162115995,-120.0,94
663351,22,2024-01-13 12:40:03,OPMC_LIFT,1007740000.0,228,229,230,4,0,4,50.01,0.8683,2024-01-13 12:40:14.000,2024-01-13 12:40:14.000,2024-01-13 12:40:14.000,571207075.0,3835891.0,1162124440,-121.0,94
663465,22,2024-01-13 13:00:03,OPMC_LIFT,1007750000.0,228,228,230,4,0,4,49.98,0.8689999999999999,2024-01-13 13:00:14.000,2024-01-13 13:00:14.000,2024-01-13 13:00:14.000,571208858.0,3836691.0,1162130065,-119.0,94
663523,22,2024-01-13 13:10:03,OPMC_LIFT,1007750000.0,227,228,229,4,0,4,50.03,0.8674999999999999,2024-01-13 13:10:18.000,2024-01-13 13:10:18.000,2024-01-13 13:10:18.000,571209744.0,3837091.0,1162132865,-120.0,94
663619,22,2024-01-13 13:30:03,OPMC_LIFT,1007760000.0,227,227,229,4,0,4,49.92,0.8673,2024-01-13 13:30:12.000,2024-01-13 13:30:12.000,2024-01-13 13:30:12.000,571211504.0,3837891.0,1162138433,-100.0,94
663683,22,2024-01-13 13:40:03,OPMC_LIFT,1007760000.0,227,227,229,4,0,4,50.01,0.8680999999999999,2024-01-13 13:40:12.000,2024-01-13 13:40:12.000,2024-01-13 13:40:12.000,571212381.0,3838291.0,1162141214,-117.0,94
663743,22,2024-01-13 13:50:03,OPMC_LIFT,1007760000.0,227,227,229,4,0,4,49.94,0.8689999999999999,2024-01-13 13:50:12.000,2024-01-13 13:50:12.000,2024-01-13 13:50:12.000,571213261.0,3838688.0,1162143992,-110.0,94
663789,22,2024-01-13 14:00:03,OPMC_LIFT,1007760000.0,227,227,229,4,0,4,49.95,0.8687999999999999,2024-01-13 14:00:14.000,2024-01-13 14:00:14.000,2024-01-13 14:00:14.000,571214138.0,3839088.0,1162146773,-121.0,94
663847,22,2024-01-13 14:10:03,OPMC_LIFT,1007770000.0,227,227,229,4,0,4,50.0,0.8680999999999999,2024-01-13 14:10:09.000,2024-01-13 14:10:09.000,2024-01-13 14:10:09.000,571215014.0,3839488.0,1162149553,-107.0,94
663907,22,2024-01-13 14:20:03,OPMC_LIFT,1007770000.0,227,227,229,4,0,4,49.99,0.8685999999999999,2024-01-13 14:20:13.000,2024-01-13 14:20:13.000,2024-01-13 14:20:13.000,571215891.0,3839888.0,1162152334,-102.0,94
664061,22,2024-01-13 14:40:03,OPMC_LIFT,1007770000.0,227,228,229,4,0,4,49.99,0.8683,2024-01-13 14:40:14.000,2024-01-13 14:40:14.000,2024-01-13 14:40:14.000,571217654.0,3840685.0,1162157912,-121.0,94
664121,22,2024-01-13 14:52:26,OPMC_LIFT,1007780000.0,227,228,229,4,0,4,49.96,0.8673,2024-01-13 14:52:37.000,2024-01-13 14:52:37.000,2024-01-13 14:52:37.000,571218749.0,3841181.0,1162161368,-121.0,94
664165,22,2024-01-13 15:00:03,OPMC_LIFT,1007780000.0,228,228,229,4,0,4,50.01,0.8689999999999999,2024-01-13 15:00:15.000,2024-01-13 15:00:15.000,2024-01-13 15:00:15.000,571219421.0,3841485.0,1162163499,-107.0,94
664213,22,2024-01-13 15:10:03,OPMC_LIFT,1007780000.0,228,228,230,4,0,4,49.99,0.8689999999999999,2024-01-13 15:10:12.000,2024-01-13 15:10:12.000,2024-01-13 15:10:12.000,571220304.0,3841885.0,1162166293,-120.0,94
664319,22,2024-01-13 15:30:03,OPMC_LIFT,1007790000.0,228,228,229,4,0,4,49.98,0.8702,2024-01-13 15:30:13.000,2024-01-13 15:30:13.000,2024-01-13 15:30:13.000,571222077.0,3842685.0,1162171886,-121.0,94
664375,22,2024-01-13 15:40:03,OPMC_LIFT,1007790000.0,228,228,230,4,0,4,49.95,0.8679999999999999,2024-01-13 15:40:12.000,2024-01-13 15:40:12.000,2024-01-13 15:40:12.000,571222963.0,3843085.0,1162174683,-120.0,94
664535,22,2024-01-13 16:10:03,OPMC_LIFT,1007800000.0,229,230,231,4,0,4,50.04,0.8664,2024-01-13 16:10:12.000,2024-01-13 16:10:12.000,2024-01-13 16:10:12.000,571225648.0,3844285.0,1162183163,-121.0,94
664595,22,2024-01-13 16:20:03,OPMC_LIFT,1007800000.0,229,230,231,4,0,4,49.98,0.8669999999999999,2024-01-13 16:20:14.000,2024-01-13 16:20:14.000,2024-01-13 16:20:14.000,571226547.0,3844685.0,1162185998,-119.0,94
664653,22,2024-01-13 16:30:03,OPMC_LIFT,1007800000.0,229,230,231,4,0,4,49.97,0.8677999999999999,2024-01-13 16:30:14.000,2024-01-13 16:30:14.000,2024-01-13 16:30:14.000,571227453.0,3845088.0,1162188840,-120.0,94
664705,22,2024-01-13 16:40:03,OPMC_LIFT,1007800000.0,230,230,232,4,0,4,50.02,0.8688999999999999,2024-01-13 16:40:11.000,2024-01-13 16:40:11.000,2024-01-13 16:40:11.000,571228355.0,3845488.0,1162191688,-101.0,94
664755,22,2024-01-13 16:50:03,OPMC_LIFT,1007810000.0,230,231,232,4,0,4,50.03,0.8680999999999999,2024-01-13 16:50:10.000,2024-01-13 16:50:10.000,2024-01-13 16:50:10.000,571229264.0,3845888.0,1162194542,-109.0,94
664811,22,2024-01-13 17:00:03,OPMC_LIFT,1007810000.0,228,228,230,4,0,4,50.04,0.8689999999999999,2024-01-13 17:00:15.000,2024-01-13 17:00:15.000,2024-01-13 17:00:15.000,571230163.0,3846291.0,1162197374,-121.0,94
664865,22,2024-01-13 17:10:03,OPMC_LIFT,1007810000.0,228,229,230,4,0,4,50.01,0.8666999999999999,2024-01-13 17:10:14.000,2024-01-13 17:10:14.000,2024-01-13 17:10:14.000,571231053.0,3846691.0,1162200184,-120.0,94
664913,22,2024-01-13 17:20:03,OPMC_LIFT,1007810000.0,228,229,230,4,0,4,50.06,0.8678999999999999,2024-01-13 17:20:10.000,2024-01-13 17:20:10.000,2024-01-13 17:20:10.000,571231942.0,3847091.0,1162202997,-121.0,94
664963,22,2024-01-13 17:30:03,OPMC_LIFT,1007820000.0,229,229,231,4,0,4,50.04,0.8647999999999999,2024-01-13 17:30:12.000,2024-01-13 17:30:12.000,2024-01-13 17:30:12.000,571232835.0,3847491.0,1162205816,-119.0,94
665017,22,2024-01-13 17:40:03,OPMC_LIFT,1007820000.0,229,229,231,4,0,4,50.01,0.8668999999999999,2024-01-13 17:40:08.000,2024-01-13 17:40:08.000,2024-01-13 17:40:08.000,571233728.0,3847894.0,1162208635,-121.0,94
665087,22,2024-01-13 17:50:03,OPMC_LIFT,1007820000.0,229,229,231,4,0,4,49.96,0.8686999999999999,2024-01-13 17:50:17.000,2024-01-13 17:50:17.000,2024-01-13 17:50:17.000,571234627.0,3848294.0,1162211464,-119.0,94
665131,22,2024-01-13 18:00:03,OPMC_LIFT,1007820000.0,229,230,231,4,0,4,49.94,0.8629999999999999,2024-01-13 18:00:12.000,2024-01-13 18:00:12.000,2024-01-13 18:00:12.000,571235526.0,3848694.0,1162214302,-103.0,94
665191,22,2024-01-13 18:10:02,OPMC_LIFT,1007830000.0,227,227,229,4,0,4,49.95,0.8667999999999999,2024-01-13 18:10:12.000,2024-01-13 18:10:12.000,2024-01-13 18:10:12.000,571236429.0,3849094.0,1162217144,-120.0,94
665235,22,2024-01-13 18:20:02,OPMC_LIFT,1007830000.0,227,228,229,4,0,4,49.98,0.8688999999999999,2024-01-13 18:20:11.000,2024-01-13 18:20:11.000,2024-01-13 18:20:11.000,571237309.0,3849494.0,1162219931,-108.0,94
665297,22,2024-01-13 18:30:02,OPMC_LIFT,1007830000.0,227,228,229,4,0,4,49.99,0.8674,2024-01-13 18:30:13.000,2024-01-13 18:30:13.000,2024-01-13 18:30:13.000,571238192.0,3849894.0,1162222721,-100.0,94
665397,22,2024-01-13 18:50:02,OPMC_LIFT,1007830000.0,227,228,229,4,0,4,49.98,0.8683,2024-01-13 18:50:14.000,2024-01-13 18:50:14.000,2024-01-13 18:50:14.000,571239952.0,3850691.0,1162228299,-121.0,94
665443,22,2024-01-13 19:00:02,OPMC_LIFT,1007840000.0,228,228,230,4,0,4,50.01,0.8672,2024-01-13 19:00:16.000,2024-01-13 19:00:16.000,2024-01-13 19:00:16.000,571240835.0,3851091.0,1162231093,-118.0,94
665499,22,2024-01-13 19:10:03,OPMC_LIFT,1007840000.0,227,228,229,4,0,4,50.02,0.8685999999999999,2024-01-13 19:10:11.000,2024-01-13 19:10:11.000,2024-01-13 19:10:11.000,571241718.0,3851491.0,1162233893,-120.0,94
665601,22,2024-01-13 19:30:03,OPMC_LIFT,1007840000.0,228,228,230,4,0,4,49.99,0.8674999999999999,2024-01-13 19:30:13.000,2024-01-13 19:30:13.000,2024-01-13 19:30:13.000,571243488.0,3852291.0,1162239493,-120.0,94
665661,22,2024-01-13 19:40:03,OPMC_LIFT,1007850000.0,228,228,230,4,0,4,50.05,0.8684999999999999,2024-01-13 19:40:18.000,2024-01-13 19:40:18.000,2024-01-13 19:40:18.000,571244374.0,3852691.0,1162242296,-119.0,94
665711,22,2024-01-13 19:50:03,OPMC_LIFT,1007850000.0,228,228,230,4,0,4,50.06,0.8668999999999999,2024-01-13 19:50:15.000,2024-01-13 19:50:15.000,2024-01-13 19:50:15.000,571245261.0,3853094.0,1162245102,-123.0,94
665759,22,2024-01-13 20:00:03,OPMC_LIFT,1007850000.0,228,228,230,4,0,4,50.03,0.8667999999999999,2024-01-13 20:00:13.000,2024-01-13 20:00:13.000,2024-01-13 20:00:13.000,571246147.0,3853494.0,1162247909,-100.0,94
665809,22,2024-01-13 20:10:03,OPMC_LIFT,1007850000.0,228,229,230,4,0,4,49.98,0.8675999999999999,2024-01-13 20:10:12.000,2024-01-13 20:10:12.000,2024-01-13 20:10:12.000,571247037.0,3853894.0,1162250718,-120.0,94
665867,22,2024-01-13 20:20:03,OPMC_LIFT,1007860000.0,228,229,230,4,0,4,49.93,0.8673,2024-01-13 20:20:14.000,2024-01-13 20:20:14.000,2024-01-13 20:20:14.000,571247926.0,3854294.0,1162253531,-121.0,94
666023,22,2024-01-13 20:50:03,OPMC_LIFT,1007860000.0,228,228,230,4,0,4,49.99,0.8677999999999999,2024-01-13 20:50:11.000,2024-01-13 20:50:11.000,2024-01-13 20:50:11.000,571250589.0,3855498.0,1162261953,-118.0,94
666133,22,2024-01-13 21:10:03,OPMC_LIFT,1007870000.0,228,229,230,4,0,4,50.05,0.8680999999999999,2024-01-13 21:10:11.000,2024-01-13 21:10:11.000,2024-01-13 21:10:11.000,571252368.0,3856298.0,1162267569,-119.0,94
666187,22,2024-01-13 21:20:03,OPMC_LIFT,1007870000.0,228,229,231,4,0,4,49.98,0.8666999999999999,2024-01-13 21:20:14.000,2024-01-13 21:20:14.000,2024-01-13 21:20:14.000,571253261.0,3856698.0,1162270392,-121.0,94
666237,22,2024-01-13 21:30:03,OPMC_LIFT,1007870000.0,229,229,231,4,0,4,50.05,0.8690999999999999,2024-01-13 21:30:17.000,2024-01-13 21:30:17.000,2024-01-13 21:30:17.000,571254154.0,3857098.0,1162273221,-121.0,94
666287,22,2024-01-13 21:40:03,OPMC_LIFT,1007880000.0,229,230,232,4,0,4,50.08,0.8690999999999999,2024-01-13 21:40:14.000,2024-01-13 21:40:14.000,2024-01-13 21:40:14.000,571255053.0,3857501.0,1162276053,-106.0,94
666557,22,2024-01-13 22:30:03,OPMC_LIFT,1007890000.0,230,230,232,4,0,4,50.04,0.8677999999999999,2024-01-13 22:30:13.000,2024-01-13 22:30:13.000,2024-01-13 22:30:13.000,571259514.0,3859504.0,1162290152,-120.0,94
666669,22,2024-01-13 22:50:03,OPMC_LIFT,1007890000.0,228,229,230,4,0,4,50.04,0.8654,2024-01-13 22:50:14.000,2024-01-13 22:50:14.000,2024-01-13 22:50:14.000,571261299.0,3860307.0,1162295800,-120.0,94
666683,22,2024-01-13 22:51:56,OPMC_LIFT,1007890000.0,228,229,230,4,0,4,50.0,0.8677999999999999,2024-01-13 22:52:05.000,2024-01-13 22:52:05.000,2024-01-13 22:52:05.000,571261466.0,3860384.0,1162296331,-121.0,94
666707,22,2024-01-13 23:00:03,OPMC_LIFT,1007900000.0,228,229,231,4,0,4,50.05,0.8673,2024-01-13 23:00:11.000,2024-01-13 23:00:11.000,2024-01-13 23:00:11.000,571262192.0,3860707.0,1162298619,-99.0,94
666857,22,2024-01-13 23:30:03,OPMC_LIFT,1007900000.0,228,228,230,4,0,4,50.01,0.8689999999999999,2024-01-13 23:30:13.000,2024-01-13 23:30:13.000,2024-01-13 23:30:13.000,571264861.0,3861910.0,1162307070,-121.0,94
666981,22,2024-01-14 00:00:03,OPMC_LIFT,1007910000.0,228,229,231,4,0,4,49.99,0.8669999999999999,2024-01-14 00:00:11.000,2024-01-14 00:00:11.000,2024-01-14 00:00:11.000,571267536.0,3863114.0,1162315525,-121.0,94
667041,22,2024-01-14 00:10:03,OPMC_LIFT,1007910000.0,229,229,231,4,0,4,49.95,0.8666999999999999,2024-01-14 00:10:16.000,2024-01-14 00:10:16.000,2024-01-14 00:10:16.000,571268432.0,3863514.0,1162318353,-121.0,94
667085,22,2024-01-14 00:20:03,OPMC_LIFT,1007920000.0,228,229,231,4,0,4,49.96,0.8676999999999999,2024-01-14 00:20:12.000,2024-01-14 00:20:12.000,2024-01-14 00:20:12.000,571269328.0,3863914.0,1162321185,-102.0,94
667179,22,2024-01-14 00:40:03,OPMC_LIFT,1007920000.0,229,229,231,4,0,4,50.01,0.8674999999999999,2024-01-14 00:40:12.000,2024-01-14 00:40:12.000,2024-01-14 00:40:12.000,571271126.0,3864717.0,1162326856,-105.0,94
667215,22,2024-01-14 00:50:03,OPMC_LIFT,1007920000.0,229,230,232,4,0,4,50.06,0.8673,2024-01-14 00:50:08.000,2024-01-14 00:50:08.000,2024-01-14 00:50:08.000,571272026.0,3865117.0,1162329701,-120.0,94
667275,22,2024-01-14 01:00:03,OPMC_LIFT,1007930000.0,229,230,232,4,0,4,50.04,0.8678999999999999,2024-01-14 01:00:11.000,2024-01-14 01:00:11.000,2024-01-14 01:00:11.000,571272928.0,3865517.0,1162332549,-118.0,94
667329,22,2024-01-14 01:10:03,OPMC_LIFT,1007930000.0,229,230,231,4,0,4,49.98,0.8676999999999999,2024-01-14 01:10:15.000,2024-01-14 01:10:15.000,2024-01-14 01:10:15.000,571273834.0,3865917.0,1162335393,-121.0,94
667389,22,2024-01-14 01:20:03,OPMC_LIFT,1007930000.0,229,230,232,4,0,4,50.04,0.8677999999999999,2024-01-14 01:20:09.000,2024-01-14 01:20:09.000,2024-01-14 01:20:09.000,571274736.0,3866317.0,1162338245,-108.0,94
667501,22,2024-01-14 01:40:03,OPMC_LIFT,1007940000.0,230,230,232,4,0,4,50.02,0.8682,2024-01-14 01:40:13.000,2024-01-14 01:40:13.000,2024-01-14 01:40:13.000,571276550.0,3867120.0,1162343957,-120.0,94
667603,22,2024-01-14 02:00:03,OPMC_LIFT,1007940000.0,230,230,232,4,0,4,49.95,0.8662,2024-01-14 02:00:17.000,2024-01-14 02:00:17.000,2024-01-14 02:00:17.000,571278365.0,3867923.0,1162349669,-108.0,94
667695,22,2024-01-14 02:20:02,OPMC_LIFT,1007950000.0,230,230,232,4,0,4,49.99,0.8690999999999999,2024-01-14 02:20:15.000,2024-01-14 02:20:15.000,2024-01-14 02:20:15.000,571280186.0,3868723.0,1162355397,-101.0,94
667735,22,2024-01-14 02:30:03,OPMC_LIFT,1007950000.0,230,230,232,4,0,4,50.01,0.8673,2024-01-14 02:30:08.000,2024-01-14 02:30:08.000,2024-01-14 02:30:08.000,571281098.0,3869123.0,1162358264,-102.0,94
667829,22,2024-01-14 02:50:02,OPMC_LIFT,1007950000.0,231,231,233,4,0,4,50.04,0.8649999999999999,2024-01-14 02:50:08.000,2024-01-14 02:50:08.000,2024-01-14 02:50:08.000,571282925.0,3869926.0,1162364011,-120.0,94
667897,22,2024-01-14 03:00:03,OPMC_LIFT,1007960000.0,230,231,233,4,0,4,50.04,0.8674,2024-01-14 03:00:13.000,2024-01-14 03:00:13.000,2024-01-14 03:00:13.000,571283840.0,3870330.0,1162366891,-120.0,94
667993,22,2024-01-14 03:20:02,OPMC_LIFT,1007960000.0,230,231,233,4,0,4,49.98,0.8674999999999999,2024-01-14 03:20:14.000,2024-01-14 03:20:14.000,2024-01-14 03:20:14.000,571285670.0,3871133.0,1162372635,-121.0,94
668043,22,2024-01-14 03:30:03,OPMC_LIFT,1007960000.0,230,231,233,4,0,4,50.03,0.8652,2024-01-14 03:30:09.000,2024-01-14 03:30:09.000,2024-01-14 03:30:09.000,571286589.0,3871533.0,1162375521,-106.0,94
668193,22,2024-01-14 04:00:02,OPMC_LIFT,1007970000.0,228,228,230,4,0,4,49.94,0.8682,2024-01-14 04:00:16.000,2024-01-14 04:00:16.000,2024-01-14 04:00:16.000,571289302.0,3872736.0,1162384072,-108.0,94
668225,22,2024-01-14 04:10:03,OPMC_LIFT,1007970000.0,228,228,230,4,0,4,50.01,0.8664,2024-01-14 04:10:11.000,2024-01-14 04:10:11.000,2024-01-14 04:10:11.000,571290192.0,3873139.0,1162386888,-103.0,94
668289,22,2024-01-14 04:20:03,OPMC_LIFT,1007970000.0,228,228,230,4,0,4,50.05,0.8684,2024-01-14 04:20:12.000,2024-01-14 04:20:12.000,2024-01-14 04:20:12.000,571291082.0,3873539.0,1162389701,-102.0,94
668347,22,2024-01-14 04:30:03,OPMC_LIFT,1007980000.0,228,228,230,4,0,4,49.98,0.8654999999999999,2024-01-14 04:30:11.000,2024-01-14 04:30:11.000,2024-01-14 04:30:11.000,571291971.0,3873939.0,1162392510,-99.0,94
668403,22,2024-01-14 04:40:03,OPMC_LIFT,1007980000.0,228,228,230,4,0,4,49.97,0.8702,2024-01-14 04:40:17.000,2024-01-14 04:40:17.000,2024-01-14 04:40:17.000,571292858.0,3874339.0,1162395320,-121.0,94
668447,22,2024-01-14 04:50:03,OPMC_LIFT,1007980000.0,228,228,230,4,0,4,49.97,0.8684999999999999,2024-01-14 04:50:18.000,2024-01-14 04:50:18.000,2024-01-14 04:50:18.000,571293744.0,3874739.0,1162398126,-121.0,94
668543,22,2024-01-14 05:10:03,OPMC_LIFT,1007990000.0,227,228,230,4,0,4,49.95,0.8677999999999999,2024-01-14 05:10:13.000,2024-01-14 05:10:13.000,2024-01-14 05:10:13.000,571295514.0,3875539.0,1162403733,-121.0,94
668631,22,2024-01-14 05:30:03,OPMC_LIFT,1007990000.0,227,228,230,4,0,4,50.05,0.8716999999999999,2024-01-14 05:30:10.000,2024-01-14 05:30:10.000,2024-01-14 05:30:10.000,571297280.0,3876339.0,1162409333,-121.0,94
668693,22,2024-01-14 05:40:03,OPMC_LIFT,1007990000.0,227,228,230,4,0,4,50.05,0.8695999999999999,2024-01-14 05:40:12.000,2024-01-14 05:40:12.000,2024-01-14 05:40:12.000,571298163.0,3876739.0,1162412133,-117.0,94
668737,22,2024-01-14 05:50:03,OPMC_LIFT,1008000000.0,228,228,230,4,0,4,50.06,0.8696999999999999,2024-01-14 05:50:10.000,2024-01-14 05:50:10.000,2024-01-14 05:50:10.000,571299046.0,3877139.0,1162414933,-120.0,94
668799,22,2024-01-14 06:00:03,OPMC_LIFT,1008000000.0,228,228,230,4,0,4,50.06,0.8655999999999999,2024-01-14 06:00:15.000,2024-01-14 06:00:15.000,2024-01-14 06:00:15.000,571299933.0,3877542.0,1162417739,-123.0,94
668849,22,2024-01-14 06:10:03,OPMC_LIFT,1008000000.0,227,228,230,4,0,4,49.95,0.8677999999999999,2024-01-14 06:10:17.000,2024-01-14 06:10:17.000,2024-01-14 06:10:17.000,571300816.0,3877942.0,1162420539,-108.0,94
668889,22,2024-01-14 06:20:03,OPMC_LIFT,1008000000.0,227,228,230,4,0,4,50.03,0.8694,2024-01-14 06:20:11.000,2024-01-14 06:20:11.000,2024-01-14 06:20:11.000,571301699.0,3878342.0,1162423336,-99.0,94
669037,22,2024-01-14 06:40:03,OPMC_LIFT,1008010000.0,227,228,230,4,0,4,50.0,0.8704999999999999,2024-01-14 06:40:16.000,2024-01-14 06:40:16.000,2024-01-14 06:40:16.000,571303466.0,3879142.0,1162428933,-121.0,94
669093,22,2024-01-14 06:50:03,OPMC_LIFT,1008010000.0,227,228,230,4,0,4,50.03,0.8680999999999999,2024-01-14 06:50:13.000,2024-01-14 06:50:13.000,2024-01-14 06:50:13.000,571304352.0,3879542.0,1162431736,-120.0,94
669105,22,2024-01-14 06:51:54,OPMC_LIFT,1008010000.0,228,228,230,4,0,4,50.05,0.8675999999999999,2024-01-14 06:52:02.000,2024-01-14 06:52:02.000,2024-01-14 06:52:02.000,571304515.0,3879619.0,1162432251,-121.0,94
669147,22,2024-01-14 07:00:03,OPMC_LIFT,1008010000.0,228,228,230,4,0,4,50.05,0.8684999999999999,2024-01-14 07:00:14.000,2024-01-14 07:00:14.000,2024-01-14 07:00:14.000,571305232.0,3879946.0,1162434533,-120.0,94
669209,22,2024-01-14 07:10:02,OPMC_LIFT,1008020000.0,227,227,229,4,0,4,50.02,0.8703,2024-01-14 07:10:16.000,2024-01-14 07:10:16.000,2024-01-14 07:10:16.000,571306115.0,3880346.0,1162437323,-120.0,94
669261,22,2024-01-14 07:20:02,OPMC_LIFT,1008020000.0,227,227,229,4,0,4,49.97,0.8700999999999999,2024-01-14 07:20:15.000,2024-01-14 07:20:15.000,2024-01-14 07:20:15.000,571306992.0,3880746.0,1162440107,-108.0,94
669305,22,2024-01-14 07:30:02,OPMC_LIFT,1008020000.0,226,227,229,4,0,4,49.97,0.8686999999999999,2024-01-14 07:30:17.000,2024-01-14 07:30:17.000,2024-01-14 07:30:17.000,571307866.0,3881146.0,1162442885,-121.0,94
669349,22,2024-01-14 07:40:02,OPMC_LIFT,1008020000.0,227,227,229,4,0,4,50.04,0.8710999999999999,2024-01-14 07:40:08.000,2024-01-14 07:40:08.000,2024-01-14 07:40:08.000,571308742.0,3881546.0,1162445659,-121.0,94
669477,22,2024-01-14 08:00:02,OPMC_LIFT,1008030000.0,226,226,228,4,0,4,50.01,0.8676999999999999,2024-01-14 08:00:16.000,2024-01-14 08:00:16.000,2024-01-14 08:00:16.000,571310483.0,3882346.0,1162451195,-121.0,94
669519,22,2024-01-14 08:10:03,OPMC_LIFT,1008030000.0,226,226,228,4,0,4,49.97,0.8684999999999999,2024-01-14 08:10:09.000,2024-01-14 08:10:09.000,2024-01-14 08:10:09.000,571311354.0,3882746.0,1162453960,-121.0,94
669629,22,2024-01-14 08:30:03,OPMC_LIFT,1008040000.0,225,226,227,4,0,4,50.03,0.8729999999999999,2024-01-14 08:30:11.000,2024-01-14 08:30:11.000,2024-01-14 08:30:11.000,571313075.0,3883542.0,1162459445,-102.0,94
669687,22,2024-01-14 08:40:03,OPMC_LIFT,1008040000.0,227,227,229,4,0,4,49.96,0.8682,2024-01-14 08:40:13.000,2024-01-14 08:40:13.000,2024-01-14 08:40:13.000,571313936.0,3883942.0,1162462184,-108.0,94
669745,22,2024-01-14 08:50:03,OPMC_LIFT,1008040000.0,227,227,229,4,0,4,50.0,0.8688999999999999,2024-01-14 08:50:15.000,2024-01-14 08:50:15.000,2024-01-14 08:50:15.000,571314816.0,3884342.0,1162464968,-121.0,94
669793,22,2024-01-14 09:00:03,OPMC_LIFT,1008040000.0,226,227,229,4,0,4,49.97,0.8659999999999999,2024-01-14 09:00:12.000,2024-01-14 09:00:12.000,2024-01-14 09:00:12.000,571315690.0,3884742.0,1162467742,-102.0,94
669905,22,2024-01-14 09:20:03,OPMC_LIFT,1008050000.0,226,226,228,4,0,4,49.93,0.8652,2024-01-14 09:20:15.000,2024-01-14 09:20:15.000,2024-01-14 09:20:15.000,571317430.0,3885542.0,1162473272,-111.0,94
670003,22,2024-01-14 09:40:03,OPMC_LIFT,1008050000.0,225,226,227,4,0,4,49.94,0.8644999999999999,2024-01-14 09:40:14.000,2024-01-14 09:40:14.000,2024-01-14 09:40:14.000,571319162.0,3886339.0,1162478776,-120.0,94
670103,22,2024-01-14 10:00:03,OPMC_LIFT,1008060000.0,227,227,229,4,0,4,49.98,0.8667999999999999,2024-01-14 10:00:11.000,2024-01-14 10:00:11.000,2024-01-14 10:00:11.000,571320883.0,3887136.0,1162484251,-121.0,94
670147,22,2024-01-14 10:10:03,OPMC_LIFT,1008060000.0,227,227,229,4,0,4,50.0,0.8699999999999999,2024-01-14 10:10:08.000,2024-01-14 10:10:08.000,2024-01-14 10:10:08.000,571321757.0,3887536.0,1162487029,-121.0,94
670207,22,2024-01-14 10:20:03,OPMC_LIFT,1008060000.0,226,227,228,4,0,4,49.99,0.8710999999999999,2024-01-14 10:20:13.000,2024-01-14 10:20:13.000,2024-01-14 10:20:13.000,571322630.0,3887936.0,1162489793,-120.0,94
670257,22,2024-01-14 10:30:03,OPMC_LIFT,1008060000.0,226,227,228,4,0,4,50.02,0.8674999999999999,2024-01-14 10:30:11.000,2024-01-14 10:30:11.000,2024-01-14 10:30:11.000,571323498.0,3888336.0,1162492558,-117.0,94
670367,22,2024-01-14 10:50:03,OPMC_LIFT,1008070000.0,226,227,229,4,0,4,50.07,0.8693,2024-01-14 10:50:12.000,2024-01-14 10:50:12.000,2024-01-14 10:50:12.000,571325242.0,3889133.0,1162498094,-121.0,94
670421,22,2024-01-14 11:00:03,OPMC_LIFT,1008070000.0,226,227,228,4,0,4,49.99,0.8678999999999999,2024-01-14 11:00:17.000,2024-01-14 11:00:17.000,2024-01-14 11:00:17.000,571326115.0,3889533.0,1162500865,-103.0,94
670463,22,2024-01-14 11:10:03,OPMC_LIFT,1008070000.0,227,227,229,4,0,4,50.02,0.8657999999999999,2024-01-14 11:10:11.000,2024-01-14 11:10:11.000,2024-01-14 11:10:11.000,571326986.0,3889930.0,1162503630,-121.0,94
670533,22,2024-01-14 11:20:03,OPMC_LIFT,1008080000.0,227,227,229,4,0,4,50.0,0.8697999999999999,2024-01-14 11:20:16.000,2024-01-14 11:20:16.000,2024-01-14 11:20:16.000,571327859.0,3890330.0,1162506401,-121.0,94
670633,22,2024-01-14 11:40:02,OPMC_LIFT,1008080000.0,226,227,229,4,0,4,49.97,0.8680999999999999,2024-01-14 11:40:15.000,2024-01-14 11:40:15.000,2024-01-14 11:40:15.000,571329606.0,3891126.0,1162511944,-118.0,94
670681,22,2024-01-14 11:50:03,OPMC_LIFT,1008080000.0,226,227,229,4,0,4,49.98,0.8662,2024-01-14 11:50:10.000,2024-01-14 11:50:10.000,2024-01-14 11:50:10.000,571330483.0,3891526.0,1162514721,-120.0,94
670749,22,2024-01-14 12:00:03,OPMC_LIFT,1008090000.0,226,227,229,4,0,4,49.97,0.8692,2024-01-14 12:00:13.000,2024-01-14 12:00:13.000,2024-01-14 12:00:13.000,571331357.0,3891926.0,1162517493,-123.0,94
670835,22,2024-01-14 12:20:03,OPMC_LIFT,1008090000.0,227,228,229,4,0,4,50.04,0.8702,2024-01-14 12:20:09.000,2024-01-14 12:20:09.000,2024-01-14 12:20:09.000,571333110.0,3892723.0,1162523054,-120.0,94
670893,22,2024-01-14 12:30:03,OPMC_LIFT,1008090000.0,227,227,229,4,0,4,49.96,0.8684999999999999,2024-01-14 12:30:14.000,2024-01-14 12:30:14.000,2024-01-14 12:30:14.000,571333987.0,3893123.0,1162525832,-119.0,94
670937,22,2024-01-14 12:40:03,OPMC_LIFT,1008100000.0,226,227,229,4,0,4,49.99,0.8698999999999999,2024-01-14 12:40:12.000,2024-01-14 12:40:12.000,2024-01-14 12:40:12.000,571334864.0,3893520.0,1162528609,-120.0,94
670993,22,2024-01-14 12:50:03,OPMC_LIFT,1008100000.0,227,227,229,4,0,4,50.02,0.8698999999999999,2024-01-14 12:50:11.000,2024-01-14 12:50:11.000,2024-01-14 12:50:11.000,571335741.0,3893920.0,1162531384,-121.0,94
671053,22,2024-01-14 13:00:03,OPMC_LIFT,1008100000.0,227,227,229,4,0,4,50.02,0.8684999999999999,2024-01-14 13:00:14.000,2024-01-14 13:00:14.000,2024-01-14 13:00:14.000,571336614.0,3894317.0,1162534155,-121.0,94
671153,22,2024-01-14 13:20:03,OPMC_LIFT,1008110000.0,226,227,228,4,0,4,50.02,0.8698999999999999,2024-01-14 13:20:11.000,2024-01-14 13:20:11.000,2024-01-14 13:20:11.000,571338358.0,3895114.0,1162539691,-120.0,94
671205,22,2024-01-14 13:30:03,OPMC_LIFT,1008110000.0,226,227,228,4,0,4,50.0,0.8672,2024-01-14 13:30:13.000,2024-01-14 13:30:13.000,2024-01-14 13:30:13.000,571339229.0,3895514.0,1162542453,-108.0,94
671263,22,2024-01-14 13:40:03,OPMC_LIFT,1008110000.0,226,227,228,4,0,4,49.99,0.8662,2024-01-14 13:40:11.000,2024-01-14 13:40:11.000,2024-01-14 13:40:11.000,571340096.0,3895910.0,1162545214,-102.0,94
671323,22,2024-01-14 13:50:03,OPMC_LIFT,1008110000.0,226,226,228,4,0,4,49.99,0.8694999999999999,2024-01-14 13:50:14.000,2024-01-14 13:50:14.000,2024-01-14 13:50:14.000,571340966.0,3896307.0,1162547969,-102.0,94
671371,22,2024-01-14 14:00:03,OPMC_LIFT,1008110000.0,225,226,228,4,0,4,50.01,0.8694999999999999,2024-01-14 14:00:15.000,2024-01-14 14:00:15.000,2024-01-14 14:00:15.000,571341830.0,3896707.0,1162550715,-106.0,94
671421,22,2024-01-14 14:10:03,OPMC_LIFT,1008120000.0,226,226,228,4,0,4,50.02,0.8690999999999999,2024-01-14 14:10:14.000,2024-01-14 14:10:14.000,2024-01-14 14:10:14.000,571342694.0,3897104.0,1162553473,-120.0,94
671481,22,2024-01-14 14:20:03,OPMC_LIFT,1008120000.0,226,226,228,4,0,4,50.02,0.8683,2024-01-14 14:20:14.000,2024-01-14 14:20:14.000,2024-01-14 14:20:14.000,571343558.0,3897504.0,1162556222,-120.0,94
671677,22,2024-01-14 14:50:03,OPMC_LIFT,1008130000.0,226,227,228,4,0,4,49.97,0.8717999999999999,2024-01-14 14:50:11.000,2024-01-14 14:50:11.000,2024-01-14 14:50:11.000,571346160.0,3898694.0,1162564488,-120.0,94
671693,22,2024-01-14 14:53:50,OPMC_LIFT,1008130000.0,226,226,228,4,0,4,50.01,0.8677999999999999,2024-01-14 14:54:00.000,2024-01-14 14:54:00.000,2024-01-14 14:54:00.000,571346486.0,3898845.0,1162565525,-120.0,94
671735,22,2024-01-14 15:00:03,OPMC_LIFT,1008130000.0,226,227,228,4,0,4,49.96,0.8700999999999999,2024-01-14 15:00:11.000,2024-01-14 15:00:11.000,2024-01-14 15:00:11.000,571347027.0,3899094.0,1162567240,-120.0,94
671797,22,2024-01-14 15:10:03,OPMC_LIFT,1008130000.0,226,227,228,4,0,4,50.05,0.8663,2024-01-14 15:10:16.000,2024-01-14 15:10:16.000,2024-01-14 15:10:16.000,571347894.0,3899491.0,1162570005,-121.0,94
671841,22,2024-01-14 15:20:03,OPMC_LIFT,1008130000.0,226,227,228,4,0,4,50.0,0.8678999999999999,2024-01-14 15:20:12.000,2024-01-14 15:20:12.000,2024-01-14 15:20:12.000,571348762.0,3899888.0,1162572757,-106.0,94
671903,22,2024-01-14 15:30:03,OPMC_LIFT,1008140000.0,226,227,228,4,0,4,50.02,0.8692,2024-01-14 15:30:18.000,2024-01-14 15:30:18.000,2024-01-14 15:30:18.000,571349632.0,3900285.0,1162575515,-119.0,94
671951,22,2024-01-14 15:40:03,OPMC_LIFT,1008140000.0,226,227,228,4,0,4,49.96,0.8696999999999999,2024-01-14 15:40:16.000,2024-01-14 15:40:16.000,2024-01-14 15:40:16.000,571350499.0,3900685.0,1162578280,-120.0,94
672073,22,2024-01-14 16:00:03,OPMC_LIFT,1008140000.0,226,227,229,4,0,4,50.03,0.8679999999999999,2024-01-14 16:00:16.000,2024-01-14 16:00:16.000,2024-01-14 16:00:16.000,571352240.0,3901478.0,1162583809,-121.0,94
672127,22,2024-01-14 16:10:03,OPMC_LIFT,1008150000.0,227,228,229,4,0,4,50.06,0.8678999999999999,2024-01-14 16:10:12.000,2024-01-14 16:10:12.000,2024-01-14 16:10:12.000,571353114.0,3901878.0,1162586581,-103.0,94
672193,22,2024-01-14 16:20:03,OPMC_LIFT,1008150000.0,227,227,229,4,0,4,50.04,0.8672,2024-01-14 16:20:15.000,2024-01-14 16:20:15.000,2024-01-14 16:20:15.000,571353990.0,3902278.0,1162589358,-121.0,94
672249,22,2024-01-14 16:30:03,OPMC_LIFT,1008150000.0,227,228,229,4,0,4,50.01,0.8676999999999999,2024-01-14 16:30:11.000,2024-01-14 16:30:11.000,2024-01-14 16:30:11.000,571354867.0,3902678.0,1162592139,-121.0,94
672303,22,2024-01-14 16:40:03,OPMC_LIFT,1008150000.0,227,228,229,4,0,4,50.06,0.8680999999999999,2024-01-14 16:40:11.000,2024-01-14 16:40:11.000,2024-01-14 16:40:11.000,571355747.0,3903078.0,1162594923,-108.0,94
672355,22,2024-01-14 16:50:03,OPMC_LIFT,1008160000.0,227,228,229,4,0,4,50.06,0.8647999999999999,2024-01-14 16:50:09.000,2024-01-14 16:50:09.000,2024-01-14 16:50:09.000,571356624.0,3903482.0,1162597710,-103.0,94
672473,22,2024-01-14 17:10:03,OPMC_LIFT,1008160000.0,228,228,230,4,0,4,50.06,0.8685999999999999,2024-01-14 17:10:11.000,2024-01-14 17:10:11.000,2024-01-14 17:10:11.000,571358390.0,3904282.0,1162603304,-120.0,94
672523,22,2024-01-14 17:20:03,OPMC_LIFT,1008160000.0,228,228,230,4,0,4,50.0,0.8684999999999999,2024-01-14 17:20:09.000,2024-01-14 17:20:09.000,2024-01-14 17:20:09.000,571359277.0,3904682.0,1162606107,-109.0,94
672585,22,2024-01-14 17:30:03,OPMC_LIFT,1008170000.0,228,228,230,4,0,4,49.97,0.8682,2024-01-14 17:30:13.000,2024-01-14 17:30:13.000,2024-01-14 17:30:13.000,571360163.0,3905082.0,1162608913,-102.0,94
672639,22,2024-01-14 17:40:03,OPMC_LIFT,1008170000.0,228,228,230,4,0,4,49.99,0.8672,2024-01-14 17:40:14.000,2024-01-14 17:40:14.000,2024-01-14 17:40:14.000,571361053.0,3905482.0,1162611720,-103.0,94
672705,22,2024-01-14 17:50:03,OPMC_LIFT,1008170000.0,228,228,230,4,0,4,49.96,0.8652,2024-01-14 17:50:16.000,2024-01-14 17:50:16.000,2024-01-14 17:50:16.000,571361939.0,3905882.0,1162614526,-107.0,94
672763,22,2024-01-14 18:00:03,OPMC_LIFT,1008170000.0,228,228,230,4,0,4,49.99,0.8698999999999999,2024-01-14 18:00:15.000,2024-01-14 18:00:15.000,2024-01-14 18:00:15.000,571362826.0,3906282.0,1162617333,-109.0,94
672805,22,2024-01-14 18:10:03,OPMC_LIFT,1008170000.0,228,228,230,4,0,4,49.96,0.8680999999999999,2024-01-14 18:10:11.000,2024-01-14 18:10:11.000,2024-01-14 18:10:11.000,571363712.0,3906678.0,1162620136,-121.0,94
672869,22,2024-01-14 18:20:03,OPMC_LIFT,1008180000.0,228,228,230,4,0,4,49.97,0.8666999999999999,2024-01-14 18:20:14.000,2024-01-14 18:20:14.000,2024-01-14 18:20:14.000,571364602.0,3907078.0,1162622945,-102.0,94
672919,22,2024-01-14 18:30:03,OPMC_LIFT,1008180000.0,228,228,230,4,0,4,50.0,0.8664999999999999,2024-01-14 18:30:11.000,2024-01-14 18:30:11.000,2024-01-14 18:30:11.000,571365488.0,3907478.0,1162625745,-121.0,94
672981,22,2024-01-14 18:40:03,OPMC_LIFT,1008180000.0,227,228,230,4,0,4,50.01,0.8668999999999999,2024-01-14 18:40:15.000,2024-01-14 18:40:15.000,2024-01-14 18:40:15.000,571366371.0,3907878.0,1162628549,-121.0,94
673025,22,2024-01-14 18:50:03,OPMC_LIFT,1008180000.0,228,228,230,4,0,4,49.96,0.8682,2024-01-14 18:50:14.000,2024-01-14 18:50:14.000,2024-01-14 18:50:14.000,571367258.0,3908278.0,1162631349,-101.0,94
673119,22,2024-01-14 19:10:03,OPMC_LIFT,1008190000.0,228,228,230,4,0,4,50.01,0.8703,2024-01-14 19:10:12.000,2024-01-14 19:10:12.000,2024-01-14 19:10:12.000,571369030.0,3909078.0,1162636965,-117.0,94
673167,22,2024-01-14 19:20:03,OPMC_LIFT,1008190000.0,225,226,227,4,0,4,50.04,0.8666999999999999,2024-01-14 19:20:11.000,2024-01-14 19:20:11.000,2024-01-14 19:20:11.000,571369894.0,3909478.0,1162639710,-121.0,94
673233,22,2024-01-14 19:30:03,OPMC_LIFT,1008190000.0,225,226,228,4,0,4,50.04,0.8675999999999999,2024-01-14 19:30:12.000,2024-01-14 19:30:12.000,2024-01-14 19:30:12.000,571370755.0,3909875.0,1162642453,-120.0,94
673335,22,2024-01-14 19:50:03,OPMC_LIFT,1008200000.0,226,226,228,4,0,4,50.03,0.8662,2024-01-14 19:50:10.000,2024-01-14 19:50:10.000,2024-01-14 19:50:10.000,571372480.0,3910675.0,1162647950,-107.0,94
673385,22,2024-01-14 20:00:03,OPMC_LIFT,1008200000.0,225,226,227,4,0,4,49.96,0.8697999999999999,2024-01-14 20:00:09.000,2024-01-14 20:00:09.000,2024-01-14 20:00:09.000,571373341.0,3911072.0,1162650699,-121.0,94
673511,22,2024-01-14 20:20:03,OPMC_LIFT,1008210000.0,225,226,228,4,0,4,50.0,0.8683,2024-01-14 20:20:12.000,2024-01-14 20:20:12.000,2024-01-14 20:20:12.000,571375069.0,3911869.0,1162656197,-120.0,94
673575,22,2024-01-14 20:30:03,OPMC_LIFT,1008210000.0,225,226,227,4,0,4,50.01,0.8690999999999999,2024-01-14 20:30:14.000,2024-01-14 20:30:14.000,2024-01-14 20:30:14.000,571375930.0,3912269.0,1162658939,-108.0,94
673623,22,2024-01-14 20:40:03,OPMC_LIFT,1008210000.0,225,226,227,4,0,4,49.97,0.8684,2024-01-14 20:40:15.000,2024-01-14 20:40:15.000,2024-01-14 20:40:15.000,571376790.0,3912669.0,1162661685,-121.0,94
673677,22,2024-01-14 20:50:03,OPMC_LIFT,1008210000.0,225,226,227,4,0,4,49.99,0.8682,2024-01-14 20:50:13.000,2024-01-14 20:50:13.000,2024-01-14 20:50:13.000,571377651.0,3913066.0,1162664427,-121.0,94
673725,22,2024-01-14 21:00:03,OPMC_LIFT,1008220000.0,226,226,228,4,0,4,50.02,0.8674999999999999,2024-01-14 21:00:15.000,2024-01-14 21:00:15.000,2024-01-14 21:00:15.000,571378515.0,3913466.0,1162667179,-120.0,94
673825,22,2024-01-14 21:20:03,OPMC_LIFT,1008220000.0,226,226,228,4,0,4,49.97,0.8679999999999999,2024-01-14 21:20:16.000,2024-01-14 21:20:16.000,2024-01-14 21:20:16.000,571380246.0,3914262.0,1162672693,-120.0,94
673879,22,2024-01-14 21:30:03,OPMC_LIFT,1008220000.0,226,226,228,4,0,4,50.03,0.8673,2024-01-14 21:30:13.000,2024-01-14 21:30:13.000,2024-01-14 21:30:13.000,571381114.0,3914659.0,1162675448,-120.0,94
673975,22,2024-01-14 21:50:03,OPMC_LIFT,1008230000.0,226,227,229,4,0,4,50.02,0.8670999999999999,2024-01-14 21:50:10.000,2024-01-14 21:50:10.000,2024-01-14 21:50:10.000,571382854.0,3915456.0,1162680984,-121.0,94
674025,22,2024-01-14 22:00:03,OPMC_LIFT,1008230000.0,226,227,229,4,0,4,50.03,0.8688999999999999,2024-01-14 22:00:08.000,2024-01-14 22:00:08.000,2024-01-14 22:00:08.000,571383725.0,3915856.0,1162683755,-123.0,94
674097,22,2024-01-14 22:10:03,OPMC_LIFT,1008230000.0,226,227,228,4,0,4,49.98,0.8646999999999999,2024-01-14 22:10:14.000,2024-01-14 22:10:14.000,2024-01-14 22:10:14.000,571384598.0,3916253.0,1162686520,-100.0,94
674215,22,2024-01-14 22:30:03,OPMC_LIFT,1008240000.0,228,229,230,4,0,4,50.01,0.8683,2024-01-14 22:30:12.000,2024-01-14 22:30:12.000,2024-01-14 22:30:12.000,571386365.0,3917053.0,1162692133,-120.0,94
674291,22,2024-01-14 22:40:03,OPMC_LIFT,1008240000.0,226,227,229,4,0,4,50.0,0.8702,2024-01-14 22:40:14.000,2024-01-14 22:40:14.000,2024-01-14 22:40:14.000,571387261.0,3917453.0,1162694952,-121.0,94
674353,22,2024-01-14 22:52:02,OPMC_LIFT,1008240000.0,227,227,229,4,0,4,50.04,0.8684,2024-01-14 22:52:10.000,2024-01-14 22:52:10.000,2024-01-14 22:52:10.000,571388307.0,3917930.0,1162698283,-121.0,94
674383,22,2024-01-14 23:00:03,OPMC_LIFT,1008240000.0,227,227,229,4,0,4,50.08,0.8683,2024-01-14 23:00:11.000,2024-01-14 23:00:11.000,2024-01-14 23:00:11.000,571389011.0,3918253.0,1162700517,-107.0,94
674441,22,2024-01-14 23:10:03,OPMC_LIFT,1008250000.0,227,227,229,4,0,4,49.97,0.8676999999999999,2024-01-14 23:10:15.000,2024-01-14 23:10:15.000,2024-01-14 23:10:15.000,571389888.0,3918650.0,1162703304,-102.0,94
674529,22,2024-01-14 23:30:03,OPMC_LIFT,1008250000.0,227,227,229,4,0,4,50.05,0.8686999999999999,2024-01-14 23:30:14.000,2024-01-14 23:30:14.000,2024-01-14 23:30:14.000,571391642.0,3919446.0,1162708872,-107.0,94
674569,22,2024-01-14 23:40:03,OPMC_LIFT,1008250000.0,227,227,229,4,0,4,50.0,0.8656999999999999,2024-01-14 23:40:10.000,2024-01-14 23:40:10.000,2024-01-14 23:40:10.000,571392522.0,3919846.0,1162711662,-121.0,94
674667,22,2024-01-15 00:00:03,OPMC_LIFT,1008260000.0,227,228,229,4,0,4,49.97,0.8708999999999999,2024-01-15 00:00:11.000,2024-01-15 00:00:11.000,2024-01-15 00:00:11.000,571394282.0,3920643.0,1162717243,-120.0,94
674719,22,2024-01-15 00:10:03,OPMC_LIFT,1008260000.0,228,228,230,4,0,4,50.06,0.8685999999999999,2024-01-15 00:10:12.000,2024-01-15 00:10:12.000,2024-01-15 00:10:12.000,571395165.0,3921040.0,1162720040,-121.0,94
674811,22,2024-01-15 00:30:03,OPMC_LIFT,1008270000.0,228,228,230,4,0,4,49.96,0.8693,2024-01-15 00:30:12.000,2024-01-15 00:30:12.000,2024-01-15 00:30:12.000,571396931.0,3921840.0,1162725646,-102.0,94
674863,22,2024-01-15 00:40:03,OPMC_LIFT,1008270000.0,228,228,230,4,0,4,50.04,0.8706999999999999,2024-01-15 00:40:14.000,2024-01-15 00:40:14.000,2024-01-15 00:40:14.000,571397818.0,3922237.0,1162728453,-111.0,94
675003,22,2024-01-15 01:10:03,OPMC_LIFT,1008280000.0,228,229,230,4,0,4,50.01,0.8677999999999999,2024-01-15 01:10:13.000,2024-01-15 01:10:13.000,2024-01-15 01:10:13.000,571400483.0,3923434.0,1162736888,-119.0,94
675131,22,2024-01-15 01:30:03,OPMC_LIFT,1008280000.0,228,229,231,4,0,4,50.05,0.8706999999999999,2024-01-15 01:30:16.000,2024-01-15 01:30:16.000,2024-01-15 01:30:16.000,571402266.0,3924234.0,1162742526,-107.0,94
675175,22,2024-01-15 01:40:03,OPMC_LIFT,1008280000.0,228,229,231,4,0,4,49.95,0.8676999999999999,2024-01-15 01:40:11.000,2024-01-15 01:40:11.000,2024-01-15 01:40:11.000,571403158.0,3924630.0,1162745349,-120.0,94
675231,22,2024-01-15 01:50:03,OPMC_LIFT,1008290000.0,228,229,231,4,0,4,50.0,0.8673,2024-01-15 01:50:13.000,2024-01-15 01:50:13.000,2024-01-15 01:50:13.000,571404054.0,3925030.0,1162748174,-120.0,94
675279,22,2024-01-15 02:00:03,OPMC_LIFT,1008290000.0,229,229,231,4,0,4,49.94,0.8652,2024-01-15 02:00:13.000,2024-01-15 02:00:13.000,2024-01-15 02:00:13.000,571404950.0,3925430.0,1162751006,-109.0,94
675381,22,2024-01-15 02:20:03,OPMC_LIFT,1008290000.0,229,229,231,4,0,4,50.04,0.8672,2024-01-15 02:20:15.000,2024-01-15 02:20:15.000,2024-01-15 02:20:15.000,571406746.0,3926230.0,1162756673,-120.0,94
675421,22,2024-01-15 02:30:03,OPMC_LIFT,1008300000.0,229,229,231,4,0,4,50.0,0.8657999999999999,2024-01-15 02:30:11.000,2024-01-15 02:30:11.000,2024-01-15 02:30:11.000,571407645.0,3926630.0,1162759515,-103.0,94
675519,22,2024-01-15 02:50:03,OPMC_LIFT,1008300000.0,229,229,231,4,0,4,49.98,0.8705999999999999,2024-01-15 02:50:13.000,2024-01-15 02:50:13.000,2024-01-15 02:50:13.000,571409443.0,3927427.0,1162765195,-105.0,94
675611,22,2024-01-15 03:10:03,OPMC_LIFT,1008310000.0,229,230,232,4,0,4,50.01,0.8673,2024-01-15 03:10:17.000,2024-01-15 03:10:17.000,2024-01-15 03:10:17.000,571411251.0,3928227.0,1162770891,-121.0,94
675697,22,2024-01-15 03:30:03,OPMC_LIFT,1008310000.0,229,230,232,4,0,4,49.97,0.8674,2024-01-15 03:30:13.000,2024-01-15 03:30:13.000,2024-01-15 03:30:13.000,571413059.0,3929027.0,1162776587,-121.0,94
675791,22,2024-01-15 03:50:03,OPMC_LIFT,1008320000.0,229,230,232,4,0,4,49.98,0.8689999999999999,2024-01-15 03:50:15.000,2024-01-15 03:50:15.000,2024-01-15 03:50:15.000,571414864.0,3929827.0,1162782277,-103.0,94
675827,22,2024-01-15 04:00:03,OPMC_LIFT,1008320000.0,229,230,232,4,0,4,50.05,0.8674999999999999,2024-01-15 04:00:11.000,2024-01-15 04:00:11.000,2024-01-15 04:00:11.000,571415766.0,3930227.0,1162785125,-121.0,94
675927,22,2024-01-15 04:20:02,OPMC_LIFT,1008320000.0,229,229,231,4,0,4,50.05,0.8674,2024-01-15 04:20:12.000,2024-01-15 04:20:12.000,2024-01-15 04:20:12.000,571417565.0,3931027.0,1162790798,-120.0,94
675965,22,2024-01-15 04:30:02,OPMC_LIFT,1008330000.0,229,229,231,4,0,4,50.01,0.8674,2024-01-15 04:30:11.000,2024-01-15 04:30:11.000,2024-01-15 04:30:11.000,571418461.0,3931427.0,1162793633,-120.0,94
676109,22,2024-01-15 05:00:02,OPMC_LIFT,1008330000.0,228,229,230,4,0,4,50.05,0.8700999999999999,2024-01-15 05:00:11.000,2024-01-15 05:00:11.000,2024-01-15 05:00:11.000,571421142.0,3932627.0,1162802104,-121.0,94
676289,22,2024-01-15 05:40:03,OPMC_LIFT,1008340000.0,226,227,228,4,0,4,50.04,0.8704999999999999,2024-01-15 05:40:13.000,2024-01-15 05:40:13.000,2024-01-15 05:40:13.000,571424650.0,3934221.0,1162813233,-109.0,94
676329,22,2024-01-15 05:50:03,OPMC_LIFT,1008340000.0,225,226,227,4,0,4,50.02,0.8684,2024-01-15 05:50:09.000,2024-01-15 05:50:09.000,2024-01-15 05:50:09.000,571425517.0,3934621.0,1162815992,-102.0,94
676393,22,2024-01-15 06:00:03,OPMC_LIFT,1008350000.0,225,226,227,4,0,4,50.05,0.8698999999999999,2024-01-15 06:00:14.000,2024-01-15 06:00:14.000,2024-01-15 06:00:14.000,571426378.0,3935018.0,1162818734,-109.0,94
676439,22,2024-01-15 06:10:03,OPMC_LIFT,1008350000.0,224,225,227,4,0,4,49.97,0.8705999999999999,2024-01-15 06:10:16.000,2024-01-15 06:10:16.000,2024-01-15 06:10:16.000,571427235.0,3935414.0,1162821464,-121.0,94
676527,22,2024-01-15 06:30:03,OPMC_LIFT,1008350000.0,226,226,228,4,0,4,50.03,0.8679999999999999,2024-01-15 06:30:13.000,2024-01-15 06:30:13.000,2024-01-15 06:30:13.000,571428976.0,3936208.0,1162826993,-121.0,94
676601,22,2024-01-15 06:40:03,OPMC_LIFT,1008360000.0,225,226,227,4,0,4,50.08,0.8684,2024-01-15 06:40:14.000,2024-01-15 06:40:14.000,2024-01-15 06:40:14.000,571429840.0,3936608.0,1162829742,-120.0,94
676659,22,2024-01-15 06:50:03,OPMC_LIFT,1008360000.0,225,225,227,4,0,4,49.95,0.8684,2024-01-15 06:50:16.000,2024-01-15 06:50:16.000,2024-01-15 06:50:16.000,571430701.0,3937005.0,1162832481,-121.0,94
676671,22,2024-01-15 06:52:39,OPMC_LIFT,1008360000.0,225,226,227,4,0,3,50.06,0.8706999999999999,2024-01-15 06:52:48.000,2024-01-15 06:52:48.000,2024-01-15 06:52:48.000,571430925.0,3937107.0,1162833195,-120.0,94
676703,22,2024-01-15 07:00:03,OPMC_LIFT,1008360000.0,224,225,226,4,0,4,49.98,0.8712,2024-01-15 07:00:11.000,2024-01-15 07:00:11.000,2024-01-15 07:00:11.000,571431558.0,3937402.0,1162835211,-98.0,94
676809,22,2024-01-15 07:20:03,OPMC_LIFT,1008370000.0,225,226,227,4,0,4,50.01,0.8694999999999999,2024-01-15 07:20:16.000,2024-01-15 07:20:16.000,2024-01-15 07:20:16.000,571433286.0,3938198.0,1162840702,-107.0,94
676857,22,2024-01-15 07:30:03,OPMC_LIFT,1008370000.0,225,226,227,4,0,3,49.99,0.8686999999999999,2024-01-15 07:30:10.000,2024-01-15 07:30:10.000,2024-01-15 07:30:10.000,571434144.0,3938595.0,1162843441,-121.0,94
676911,22,2024-01-15 07:40:03,OPMC_LIFT,1008370000.0,225,226,228,4,0,4,50.11,0.8677999999999999,2024-01-15 07:40:08.000,2024-01-15 07:40:08.000,2024-01-15 07:40:08.000,571435005.0,3938995.0,1162846177,-119.0,94
676983,22,2024-01-15 07:50:03,OPMC_LIFT,1008370000.0,225,226,227,4,0,4,50.11,0.8687999999999999,2024-01-15 07:50:15.000,2024-01-15 07:50:15.000,2024-01-15 07:50:15.000,571435866.0,3939392.0,1162848917,-120.0,94
677027,22,2024-01-15 08:00:03,OPMC_LIFT,1008380000.0,225,226,228,4,0,4,50.08,0.8674999999999999,2024-01-15 08:00:13.000,2024-01-15 08:00:13.000,2024-01-15 08:00:13.000,571436726.0,3939792.0,1162851665,-121.0,94
677131,22,2024-01-15 08:20:03,OPMC_LIFT,1008380000.0,226,227,229,4,0,4,50.11,0.8704,2024-01-15 08:20:09.000,2024-01-15 08:20:09.000,2024-01-15 08:20:09.000,571438442.0,3940582.0,1162857125,-101.0,94
677201,22,2024-01-15 08:30:03,OPMC_LIFT,1008380000.0,226,227,228,4,0,4,50.11,0.8657999999999999,2024-01-15 08:30:16.000,2024-01-15 08:30:16.000,2024-01-15 08:30:16.000,571439312.0,3940982.0,1162859889,-121.0,94
677291,22,2024-01-15 08:50:03,OPMC_LIFT,1008850000.0,218,221,222,382,404,400,50.08,0.8725999999999999,2024-01-15 08:50:12.000,2024-01-15 08:50:12.000,2024-01-15 08:50:12.000,571713946.0,3941056.0,1163399925,-120.0,94
677345,22,2024-01-15 09:00:03,OPMC_LIFT,1009220000.0,218,220,222,371,392,389,50.1,0.8734,2024-01-15 09:00:11.000,2024-01-15 09:00:11.000,2024-01-15 09:00:11.000,571921920.0,3941056.0,1163827253,-120.0,94
677439,22,2024-01-15 09:20:03,OPMC_LIFT,1009810000.0,222,224,226,198,206,209,50.07,0.8613999999999999,2024-01-15 09:20:09.000,2024-01-15 09:20:09.000,2024-01-15 09:20:09.000,572258285.0,3941056.0,1164503691,-120.0,94
677507,22,2024-01-15 09:30:03,OPMC_LIFT,1010020000.0,220,222,224,296,313,313,50.06,0.8425999999999999,2024-01-15 09:30:14.000,2024-01-15 09:30:14.000,2024-01-15 09:30:14.000,572390973.0,3941056.0,1164759265,-121.0,94
677607,22,2024-01-15 09:50:03,OPMC_LIFT,1010550000.0,221,223,225,200,207,210,50.02,0.8633,2024-01-15 09:50:15.000,2024-01-15 09:50:15.000,2024-01-15 09:50:15.000,572706768.0,3941056.0,1165370437,-121.0,94
677657,22,2024-01-15 10:00:03,OPMC_LIFT,1010760000.0,219,221,223,298,316,315,50.04,0.848,2024-01-15 10:00:14.000,2024-01-15 10:00:14.000,2024-01-15 10:00:14.000,572836458.0,3941056.0,1165622725,-121.0,94
677711,22,2024-01-15 10:10:03,OPMC_LIFT,1011010000.0,222,224,225,202,210,212,50.06,0.8634999999999999,2024-01-15 10:10:12.000,2024-01-15 10:10:12.000,2024-01-15 10:10:12.000,572984243.0,3941056.0,1165911512,-120.0,94
677769,22,2024-01-15 10:20:03,OPMC_LIFT,1011280000.0,219,222,223,310,330,329,50.04,0.8548999999999999,2024-01-15 10:20:14.000,2024-01-15 10:20:14.000,2024-01-15 10:20:14.000,573148256.0,3941056.0,1166224485,-101.0,94
677859,22,2024-01-15 10:40:03,OPMC_LIFT,1011740000.0,222,223,225,210,216,219,50.07,0.8746999999999999,2024-01-15 10:40:12.000,2024-01-15 10:40:12.000,2024-01-15 10:40:12.000,573423510.0,3941056.0,1166759995,-105.0,94
677917,22,2024-01-15 10:50:03,OPMC_LIFT,1011990000.0,221,223,224,201,210,211,50.04,0.8636999999999999,2024-01-15 10:50:14.000,2024-01-15 10:50:14.000,2024-01-15 10:50:14.000,573575501.0,3941056.0,1167058289,-121.0,94
677973,22,2024-01-15 11:00:03,OPMC_LIFT,1012240000.0,219,222,223,309,328,326,50.02,0.8526999999999999,2024-01-15 11:00:13.000,2024-01-15 11:00:13.000,2024-01-15 11:00:13.000,573724656.0,3941056.0,1167343665,-102.0,94
678181,22,2024-01-15 11:40:03,OPMC_LIFT,1013200000.0,219,222,223,381,403,401,50.04,0.8730999999999999,2024-01-15 11:40:13.000,2024-01-15 11:40:13.000,2024-01-15 11:40:13.000,574313264.0,3941056.0,1168478997,-120.0,94
678235,22,2024-01-15 11:50:03,OPMC_LIFT,1013450000.0,221,223,225,302,321,321,50.04,0.8463999999999999,2024-01-15 11:50:14.000,2024-01-15 11:50:14.000,2024-01-15 11:50:14.000,574464714.0,3941056.0,1168769278,-121.0,94
678291,22,2024-01-15 12:00:03,OPMC_LIFT,1013680000.0,224,226,228,208,215,219,50.11,0.8705999999999999,2024-01-15 12:00:15.000,2024-01-15 12:00:15.000,2024-01-15 12:00:15.000,574597654.0,3941056.0,1169032165,-120.0,94
678333,22,2024-01-15 12:10:03,OPMC_LIFT,1013940000.0,224,226,228,201,210,212,50.02,0.8569999999999999,2024-01-15 12:10:11.000,2024-01-15 12:10:11.000,2024-01-15 12:10:11.000,574756963.0,3941056.0,1169337755,-120.0,94
678391,22,2024-01-15 12:20:03,OPMC_LIFT,1014190000.0,224,226,228,206,214,217,50.01,0.8700999999999999,2024-01-15 12:20:13.000,2024-01-15 12:20:13.000,2024-01-15 12:20:13.000,574917338.0,3941056.0,1169636824,-119.0,94
678431,22,2024-01-15 12:30:03,OPMC_LIFT,1014450000.0,221,224,225,385,408,406,49.99,0.8693,2024-01-15 12:30:10.000,2024-01-15 12:30:10.000,2024-01-15 12:30:10.000,575073264.0,3941056.0,1169941038,-120.0,94
678493,22,2024-01-15 12:40:03,OPMC_LIFT,1014690000.0,222,225,226,307,326,326,50.05,0.8457999999999999,2024-01-15 12:40:17.000,2024-01-15 12:40:17.000,2024-01-15 12:40:17.000,575227014.0,3941056.0,1170229304,-120.0,94
678533,22,2024-01-15 12:50:03,OPMC_LIFT,1014920000.0,224,226,227,204,212,215,50.02,0.8593999999999999,2024-01-15 12:50:11.000,2024-01-15 12:50:11.000,2024-01-15 12:50:11.000,575364509.0,3941056.0,1170494734,-107.0,94
678591,22,2024-01-15 13:00:03,OPMC_LIFT,1015180000.0,224,226,227,163,173,187,49.95,0.8652,2024-01-15 13:00:13.000,2024-01-15 13:00:13.000,2024-01-15 13:00:13.000,575532093.0,3941056.0,1170802728,-102.0,94
678691,22,2024-01-15 13:20:03,OPMC_LIFT,1015690000.0,221,223,225,306,323,323,49.99,0.8477999999999999,2024-01-15 13:20:11.000,2024-01-15 13:20:11.000,2024-01-15 13:20:11.000,575841354.0,3941056.0,1171398699,-120.0,94
678757,22,2024-01-15 13:30:03,OPMC_LIFT,1015930000.0,220,222,224,386,406,403,50.02,0.8722,2024-01-15 13:30:14.000,2024-01-15 13:30:14.000,2024-01-15 13:30:14.000,575989504.0,3941056.0,1171682088,-109.0,94
678799,22,2024-01-15 13:40:03,OPMC_LIFT,1016170000.0,221,223,225,305,322,322,50.05,0.8467999999999999,2024-01-15 13:40:10.000,2024-01-15 13:40:10.000,2024-01-15 13:40:10.000,576139946.0,3941056.0,1171967189,-105.0,94
678913,22,2024-01-15 14:00:03,OPMC_LIFT,1016650000.0,221,223,225,297,315,314,50.07,0.8428999999999999,2024-01-15 14:00:13.000,2024-01-15 14:00:13.000,2024-01-15 14:00:13.000,576438432.0,3941056.0,1172535534,-121.0,94
679017,22,2024-01-15 14:20:03,OPMC_LIFT,1017160000.0,221,223,225,313,332,331,50.04,0.851,2024-01-15 14:20:09.000,2024-01-15 14:20:09.000,2024-01-15 14:20:09.000,576753501.0,3941056.0,1173135976,-102.0,94
679165,22,2024-01-15 14:40:03,OPMC_LIFT,1017630000.0,223,225,227,299,318,318,49.98,0.8387999999999999,2024-01-15 14:40:12.000,2024-01-15 14:40:12.000,2024-01-15 14:40:12.000,577041082.0,3941056.0,1173686405,-118.0,94
679217,22,2024-01-15 14:50:03,OPMC_LIFT,1017870000.0,224,226,228,243,258,260,50.03,0.7976,2024-01-15 14:50:10.000,2024-01-15 14:50:10.000,2024-01-15 14:50:10.000,577190541.0,3941056.0,1173967067,-102.0,94
679243,22,2024-01-15 14:52:38,OPMC_LIFT,1017950000.0,222,225,226,370,392,390,50.05,0.8657999999999999,2024-01-15 14:52:48.000,2024-01-15 14:52:48.000,2024-01-15 14:52:48.000,577241107.0,3941056.0,1174060635,-120.0,94
679375,22,2024-01-15 15:20:03,OPMC_LIFT,1018600000.0,222,224,225,237,252,252,49.99,0.8039,2024-01-15 15:20:09.000,2024-01-15 15:20:09.000,2024-01-15 15:20:09.000,577642637.0,3941056.0,1174825371,-120.0,94
679441,22,2024-01-15 15:30:03,OPMC_LIFT,1018830000.0,222,224,226,207,213,216,50.0,0.8730999999999999,2024-01-15 15:30:16.000,2024-01-15 15:30:16.000,2024-01-15 15:30:16.000,577791997.0,3941056.0,1175105793,-119.0,94
679481,22,2024-01-15 15:40:03,OPMC_LIFT,1019080000.0,223,225,226,201,209,212,49.98,0.8596999999999999,2024-01-15 15:40:10.000,2024-01-15 15:40:10.000,2024-01-15 15:40:10.000,577942464.0,3941056.0,1175394837,-119.0,94
679541,22,2024-01-15 15:50:03,OPMC_LIFT,1019320000.0,223,225,226,204,210,214,49.99,0.8713,2024-01-15 15:50:13.000,2024-01-15 15:50:13.000,2024-01-15 15:50:13.000,578093635.0,3941056.0,1175675009,-109.0,94
679593,22,2024-01-15 16:00:03,OPMC_LIFT,1019410000.0,227,228,230,0,0,0,49.99,1.0,2024-01-15 16:00:14.000,2024-01-15 16:00:14.000,2024-01-15 16:00:14.000,578155091.0,3941056.0,1175788347,-121.0,94
679647,22,2024-01-15 16:10:03,OPMC_LIFT,1019410000.0,228,229,231,0,0,0,50.03,1.0,2024-01-15 16:10:15.000,2024-01-15 16:10:15.000,2024-01-15 16:10:15.000,578155091.0,3941056.0,1175788347,-121.0,94
679737,22,2024-01-15 16:30:03,OPMC_LIFT,1019410000.0,229,230,231,4,0,4,50.04,0.8674,2024-01-15 16:30:13.000,2024-01-15 16:30:13.000,2024-01-15 16:30:13.000,578155443.0,3941104.0,1175789134,-111.0,94
679849,22,2024-01-15 16:50:03,OPMC_LIFT,1019420000.0,227,228,229,4,0,4,50.03,0.8704999999999999,2024-01-15 16:50:15.000,2024-01-15 16:50:15.000,2024-01-15 16:50:15.000,578157219.0,3941904.0,1175794750,-120.0,94
679957,22,2024-01-15 17:10:03,OPMC_LIFT,1019420000.0,229,229,231,4,0,4,49.99,0.8693,2024-01-15 17:10:17.000,2024-01-15 17:10:17.000,2024-01-15 17:10:17.000,578158989.0,3942704.0,1175800357,-121.0,94
679999,22,2024-01-15 17:20:03,OPMC_LIFT,1019420000.0,229,230,232,4,0,4,50.05,0.8692,2024-01-15 17:20:10.000,2024-01-15 17:20:10.000,2024-01-15 17:20:10.000,578159885.0,3943104.0,1175803189,-120.0,94
680069,22,2024-01-15 17:30:03,OPMC_LIFT,1019430000.0,230,231,232,4,0,4,50.07,0.8676999999999999,2024-01-15 17:30:14.000,2024-01-15 17:30:14.000,2024-01-15 17:30:14.000,578160787.0,3943504.0,1175806040,-120.0,94
680121,22,2024-01-15 17:40:03,OPMC_LIFT,1019430000.0,227,228,230,4,0,4,50.05,0.8706999999999999,2024-01-15 17:40:16.000,2024-01-15 17:40:16.000,2024-01-15 17:40:16.000,578161670.0,3943904.0,1175808843,-105.0,94
680171,22,2024-01-15 17:50:03,OPMC_LIFT,1019430000.0,228,228,230,4,0,4,49.97,0.8694,2024-01-15 17:50:13.000,2024-01-15 17:50:13.000,2024-01-15 17:50:13.000,578162550.0,3944304.0,1175811640,-109.0,94
680211,22,2024-01-15 18:00:03,OPMC_LIFT,1019430000.0,228,229,230,4,0,4,49.99,0.8684999999999999,2024-01-15 18:00:09.000,2024-01-15 18:00:09.000,2024-01-15 18:00:09.000,578163440.0,3944704.0,1175814453,-121.0,94
680267,22,2024-01-15 18:10:03,OPMC_LIFT,1019440000.0,228,229,231,4,0,4,49.99,0.8682,2024-01-15 18:10:14.000,2024-01-15 18:10:14.000,2024-01-15 18:10:14.000,578164333.0,3945101.0,1175817275,-117.0,94
680313,22,2024-01-15 18:20:03,OPMC_LIFT,1019440000.0,228,229,231,4,0,4,49.95,0.8683,2024-01-15 18:20:15.000,2024-01-15 18:20:15.000,2024-01-15 18:20:15.000,578165229.0,3945501.0,1175820104,-119.0,94
680367,22,2024-01-15 18:30:03,OPMC_LIFT,1019440000.0,226,227,228,4,0,4,49.99,0.8714,2024-01-15 18:30:13.000,2024-01-15 18:30:13.000,2024-01-15 18:30:13.000,578166109.0,3945898.0,1175822894,-120.0,94
680419,22,2024-01-15 18:40:03,OPMC_LIFT,1019440000.0,225,226,228,4,0,4,49.97,0.8709999999999999,2024-01-15 18:40:10.000,2024-01-15 18:40:10.000,2024-01-15 18:40:10.000,578166970.0,3946298.0,1175825646,-121.0,94
680479,22,2024-01-15 18:50:03,OPMC_LIFT,1019450000.0,225,226,228,4,0,4,49.97,0.8698999999999999,2024-01-15 18:50:12.000,2024-01-15 18:50:12.000,2024-01-15 18:50:12.000,578167834.0,3946694.0,1175828389,-119.0,94
680521,22,2024-01-15 19:00:03,OPMC_LIFT,1019450000.0,226,226,228,4,0,4,50.0,0.8729999999999999,2024-01-15 19:00:09.000,2024-01-15 19:00:09.000,2024-01-15 19:00:09.000,578168698.0,3947091.0,1175831144,-120.0,94
680587,22,2024-01-15 19:10:03,OPMC_LIFT,1019450000.0,226,226,228,4,0,4,49.99,0.8703,2024-01-15 19:10:15.000,2024-01-15 19:10:15.000,2024-01-15 19:10:15.000,578169558.0,3947488.0,1175833889,-108.0,94
680625,22,2024-01-15 19:20:03,OPMC_LIFT,1019450000.0,226,226,228,4,0,4,50.0,0.8669999999999999,2024-01-15 19:20:12.000,2024-01-15 19:20:12.000,2024-01-15 19:20:12.000,578170422.0,3947888.0,1175836641,-120.0,94
680675,22,2024-01-15 19:30:03,OPMC_LIFT,1019460000.0,226,226,228,4,0,4,50.02,0.8698999999999999,2024-01-15 19:30:10.000,2024-01-15 19:30:10.000,2024-01-15 19:30:10.000,578171286.0,3948285.0,1175839397,-121.0,94
680743,22,2024-01-15 19:40:03,OPMC_LIFT,1019460000.0,226,227,228,4,0,4,49.99,0.8679999999999999,2024-01-15 19:40:15.000,2024-01-15 19:40:15.000,2024-01-15 19:40:15.000,578172147.0,3948685.0,1175842149,-120.0,94
680785,22,2024-01-15 19:50:03,OPMC_LIFT,1019460000.0,226,227,228,4,0,4,50.0,0.8675999999999999,2024-01-15 19:50:10.000,2024-01-15 19:50:10.000,2024-01-15 19:50:10.000,578173014.0,3949082.0,1175844910,-120.0,94
680839,22,2024-01-15 20:00:03,OPMC_LIFT,1019460000.0,226,227,229,4,0,4,50.02,0.8694,2024-01-15 20:00:11.000,2024-01-15 20:00:11.000,2024-01-15 20:00:11.000,578173882.0,3949482.0,1175847675,-109.0,94
680891,22,2024-01-15 20:10:03,OPMC_LIFT,1019470000.0,226,227,229,4,0,4,49.99,0.8683,2024-01-15 20:10:11.000,2024-01-15 20:10:11.000,2024-01-15 20:10:11.000,578174749.0,3949878.0,1175850440,-120.0,94
680943,22,2024-01-15 20:20:03,OPMC_LIFT,1019470000.0,226,227,229,4,0,4,50.01,0.8678999999999999,2024-01-15 20:20:15.000,2024-01-15 20:20:15.000,2024-01-15 20:20:15.000,578175622.0,3950278.0,1175853214,-121.0,94
681003,22,2024-01-15 20:30:03,OPMC_LIFT,1019470000.0,227,227,229,4,0,4,50.01,0.8683,2024-01-15 20:30:12.000,2024-01-15 20:30:12.000,2024-01-15 20:30:12.000,578176493.0,3950678.0,1175855985,-104.0,94
681049,22,2024-01-15 20:40:03,OPMC_LIFT,1019470000.0,227,227,229,4,0,4,49.97,0.8678999999999999,2024-01-15 20:40:14.000,2024-01-15 20:40:14.000,2024-01-15 20:40:14.000,578177370.0,3951078.0,1175858769,-123.0,94
681101,22,2024-01-15 20:50:03,OPMC_LIFT,1019480000.0,227,228,229,4,0,4,49.99,0.8688999999999999,2024-01-15 20:50:12.000,2024-01-15 20:50:12.000,2024-01-15 20:50:12.000,578178246.0,3951475.0,1175861553,-119.0,94
681203,22,2024-01-15 21:10:03,OPMC_LIFT,1019480000.0,228,228,230,4,0,4,50.0,0.8680999999999999,2024-01-15 21:10:13.000,2024-01-15 21:10:13.000,2024-01-15 21:10:13.000,578180010.0,3952275.0,1175867144,-121.0,94
681255,22,2024-01-15 21:20:03,OPMC_LIFT,1019480000.0,228,229,230,4,0,4,50.01,0.8695999999999999,2024-01-15 21:20:16.000,2024-01-15 21:20:16.000,2024-01-15 21:20:16.000,578180896.0,3952675.0,1175869953,-109.0,94
681313,22,2024-01-15 21:30:03,OPMC_LIFT,1019490000.0,228,229,231,4,0,4,50.01,0.8700999999999999,2024-01-15 21:30:16.000,2024-01-15 21:30:16.000,2024-01-15 21:30:16.000,578181782.0,3953075.0,1175872766,-103.0,94
681349,22,2024-01-15 21:40:03,OPMC_LIFT,1019490000.0,229,229,231,4,0,4,50.02,0.8689999999999999,2024-01-15 21:40:07.000,2024-01-15 21:40:07.000,2024-01-15 21:40:07.000,578182675.0,3953475.0,1175875589,-121.0,94
681417,22,2024-01-15 21:50:03,OPMC_LIFT,1019490000.0,229,230,232,4,0,4,50.03,0.8688999999999999,2024-01-15 21:50:12.000,2024-01-15 21:50:12.000,2024-01-15 21:50:12.000,578183571.0,3953878.0,1175878424,-121.0,94
681465,22,2024-01-15 22:00:03,OPMC_LIFT,1019490000.0,229,230,232,4,0,4,50.07,0.8682,2024-01-15 22:00:14.000,2024-01-15 22:00:14.000,2024-01-15 22:00:14.000,578184474.0,3954278.0,1175881269,-121.0,94
681513,22,2024-01-15 22:10:03,OPMC_LIFT,1019500000.0,227,227,229,4,0,4,49.97,0.8694999999999999,2024-01-15 22:10:14.000,2024-01-15 22:10:14.000,2024-01-15 22:10:14.000,578185363.0,3954678.0,1175884088,-121.0,94
681625,22,2024-01-15 22:30:03,OPMC_LIFT,1019500000.0,227,228,230,4,0,4,50.04,0.8683,2024-01-15 22:30:14.000,2024-01-15 22:30:14.000,2024-01-15 22:30:14.000,578187120.0,3955478.0,1175889659,-120.0,94
681687,22,2024-01-15 22:40:03,OPMC_LIFT,1019500000.0,228,228,230,4,0,4,50.06,0.8702,2024-01-15 22:40:08.000,2024-01-15 22:40:08.000,2024-01-15 22:40:08.000,578188000.0,3955878.0,1175892462,-121.0,94
681745,22,2024-01-15 22:50:03,OPMC_LIFT,1019500000.0,228,228,230,4,0,4,50.05,0.8675999999999999,2024-01-15 22:50:14.000,2024-01-15 22:50:14.000,2024-01-15 22:50:14.000,578188883.0,3956278.0,1175895265,-120.0,94
681765,22,2024-01-15 22:51:59,OPMC_LIFT,1019510000.0,228,229,231,4,0,4,50.05,0.8677999999999999,2024-01-15 22:52:13.000,2024-01-15 22:52:13.000,2024-01-15 22:52:13.000,578189056.0,3956358.0,1175895809,-121.0,94
681845,22,2024-01-15 23:10:03,OPMC_LIFT,1019510000.0,228,229,231,4,0,4,49.97,0.8673,2024-01-15 23:10:12.000,2024-01-15 23:10:12.000,2024-01-15 23:10:12.000,578190662.0,3957078.0,1175900901,-106.0,94
681891,22,2024-01-15 23:20:03,OPMC_LIFT,1019510000.0,228,229,231,4,0,4,49.98,0.8668999999999999,2024-01-15 23:20:13.000,2024-01-15 23:20:13.000,2024-01-15 23:20:13.000,578191555.0,3957478.0,1175903723,-120.0,94
681923,22,2024-01-15 23:30:03,OPMC_LIFT,1019510000.0,228,229,231,4,0,4,50.01,0.8706999999999999,2024-01-15 23:30:10.000,2024-01-15 23:30:10.000,2024-01-15 23:30:10.000,578192445.0,3957878.0,1175906545,-101.0,94
682025,22,2024-01-15 23:50:03,OPMC_LIFT,1019520000.0,229,230,232,4,0,4,49.99,0.8689999999999999,2024-01-15 23:50:10.000,2024-01-15 23:50:10.000,2024-01-15 23:50:10.000,578194237.0,3958678.0,1175912209,-119.0,94
682079,22,2024-01-16 00:00:03,OPMC_LIFT,1019520000.0,229,230,232,4,0,4,49.98,0.8678999999999999,2024-01-16 00:00:12.000,2024-01-16 00:00:12.000,2024-01-16 00:00:12.000,578195139.0,3959078.0,1175915054,-123.0,94
682241,22,2024-01-16 00:30:03,OPMC_LIFT,1019530000.0,227,228,230,4,0,4,50.01,0.8698999999999999,2024-01-16 00:30:13.000,2024-01-16 00:30:13.000,2024-01-16 00:30:13.000,578197846.0,3960282.0,1175923601,-111.0,94
682299,22,2024-01-16 00:40:03,OPMC_LIFT,1019530000.0,227,228,229,4,0,4,49.98,0.8670999999999999,2024-01-16 00:40:15.000,2024-01-16 00:40:15.000,2024-01-16 00:40:15.000,578198726.0,3960682.0,1175926398,-121.0,94
682347,22,2024-01-16 00:50:03,OPMC_LIFT,1019530000.0,228,228,230,4,0,4,50.01,0.8654999999999999,2024-01-16 00:50:16.000,2024-01-16 00:50:16.000,2024-01-16 00:50:16.000,578199610.0,3961082.0,1175929195,-121.0,94
682391,22,2024-01-16 01:00:03,OPMC_LIFT,1019540000.0,228,228,230,4,0,4,49.97,0.8697999999999999,2024-01-16 01:00:14.000,2024-01-16 01:00:14.000,2024-01-16 01:00:14.000,578200493.0,3961478.0,1175931995,-105.0,94
682443,22,2024-01-16 01:10:03,OPMC_LIFT,1019540000.0,228,228,230,4,0,4,50.01,0.8707999999999999,2024-01-16 01:10:15.000,2024-01-16 01:10:15.000,2024-01-16 01:10:15.000,578201373.0,3961878.0,1175934795,-120.0,94
682529,22,2024-01-16 01:20:03,OPMC_LIFT,1019540000.0,227,227,229,4,0,4,50.02,0.8669999999999999,2024-01-16 01:20:15.000,2024-01-16 01:20:15.000,2024-01-16 01:20:15.000,578202253.0,3962278.0,1175937589,-120.0,94
682577,22,2024-01-16 01:30:03,OPMC_LIFT,1019540000.0,228,228,230,4,0,4,50.04,0.8707999999999999,2024-01-16 01:30:11.000,2024-01-16 01:30:11.000,2024-01-16 01:30:11.000,578203133.0,3962678.0,1175940379,-103.0,94
682677,22,2024-01-16 01:50:03,OPMC_LIFT,1019550000.0,228,228,230,4,0,4,49.98,0.8679999999999999,2024-01-16 01:50:16.000,2024-01-16 01:50:16.000,2024-01-16 01:50:16.000,578204896.0,3963478.0,1175945979,-121.0,94
682723,22,2024-01-16 02:00:03,OPMC_LIFT,1019550000.0,228,228,230,4,0,4,50.0,0.8694,2024-01-16 02:00:12.000,2024-01-16 02:00:12.000,2024-01-16 02:00:12.000,578205782.0,3963878.0,1175948785,-120.0,94
682771,22,2024-01-16 02:10:03,OPMC_LIFT,1019550000.0,228,228,230,4,0,4,50.01,0.8678999999999999,2024-01-16 02:10:08.000,2024-01-16 02:10:08.000,2024-01-16 02:10:08.000,578206669.0,3964282.0,1175951601,-119.0,94
682881,22,2024-01-16 02:30:03,OPMC_LIFT,1019560000.0,228,229,231,4,0,4,50.01,0.8700999999999999,2024-01-16 02:30:15.000,2024-01-16 02:30:15.000,2024-01-16 02:30:15.000,578208448.0,3965082.0,1175957240,-113.0,94
682915,22,2024-01-16 02:40:03,OPMC_LIFT,1019560000.0,229,229,231,4,0,4,50.02,0.8677999999999999,2024-01-16 02:40:12.000,2024-01-16 02:40:12.000,2024-01-16 02:40:12.000,578209341.0,3965482.0,1175960065,-119.0,94
682957,22,2024-01-16 02:50:03,OPMC_LIFT,1019560000.0,229,229,231,4,0,4,50.03,0.8665999999999999,2024-01-16 02:50:09.000,2024-01-16 02:50:09.000,2024-01-16 02:50:09.000,578210237.0,3965885.0,1175962904,-120.0,94
683049,22,2024-01-16 03:10:03,OPMC_LIFT,1019570000.0,229,230,232,4,0,4,50.0,0.8668999999999999,2024-01-16 03:10:11.000,2024-01-16 03:10:11.000,2024-01-16 03:10:11.000,578212038.0,3966685.0,1175968590,-120.0,94
683141,22,2024-01-16 03:30:03,OPMC_LIFT,1019570000.0,229,230,232,4,0,4,50.01,0.8698999999999999,2024-01-16 03:30:11.000,2024-01-16 03:30:11.000,2024-01-16 03:30:11.000,578213840.0,3967488.0,1175974283,-102.0,94
683239,22,2024-01-16 03:50:03,OPMC_LIFT,1019580000.0,229,230,232,4,0,4,50.06,0.8678999999999999,2024-01-16 03:50:09.000,2024-01-16 03:50:09.000,2024-01-16 03:50:09.000,578215642.0,3968291.0,1175979979,-123.0,94
683295,22,2024-01-16 04:00:03,OPMC_LIFT,1019580000.0,230,230,232,4,0,4,50.05,0.8689999999999999,2024-01-16 04:00:12.000,2024-01-16 04:00:12.000,2024-01-16 04:00:12.000,578216544.0,3968694.0,1175982827,-123.0,94
683339,22,2024-01-16 04:10:03,OPMC_LIFT,1019580000.0,229,230,231,4,0,4,50.07,0.8684999999999999,2024-01-16 04:10:13.000,2024-01-16 04:10:13.000,2024-01-16 04:10:13.000,578217443.0,3969094.0,1175985672,-102.0,94
683439,22,2024-01-16 04:30:03,OPMC_LIFT,1019590000.0,229,229,231,4,0,4,50.01,0.8674999999999999,2024-01-16 04:30:14.000,2024-01-16 04:30:14.000,2024-01-16 04:30:14.000,578219242.0,3969898.0,1175991358,-108.0,94
683473,22,2024-01-16 04:40:03,OPMC_LIFT,1019590000.0,229,229,231,4,0,4,50.04,0.8682,2024-01-16 04:40:10.000,2024-01-16 04:40:10.000,2024-01-16 04:40:10.000,578220138.0,3970301.0,1175994190,-121.0,94
683529,22,2024-01-16 04:50:03,OPMC_LIFT,1019590000.0,229,229,231,4,0,4,50.07,0.8664,2024-01-16 04:50:14.000,2024-01-16 04:50:14.000,2024-01-16 04:50:14.000,578221030.0,3970704.0,1175997022,-121.0,94
683571,22,2024-01-16 05:00:03,OPMC_LIFT,1019600000.0,228,229,230,4,0,4,50.02,0.8710999999999999,2024-01-16 05:00:13.000,2024-01-16 05:00:13.000,2024-01-16 05:00:13.000,578221923.0,3971104.0,1175999848,-121.0,94
683711,22,2024-01-16 05:30:03,OPMC_LIFT,1019600000.0,227,227,229,4,0,4,49.98,0.8665999999999999,2024-01-16 05:30:14.000,2024-01-16 05:30:14.000,2024-01-16 05:30:14.000,578224570.0,3972307.0,1176008245,-120.0,94
683765,22,2024-01-16 05:40:03,OPMC_LIFT,1019610000.0,227,227,229,4,0,4,50.02,0.8710999999999999,2024-01-16 05:40:17.000,2024-01-16 05:40:17.000,2024-01-16 05:40:17.000,578225443.0,3972707.0,1176011025,-107.0,94
683819,22,2024-01-16 05:50:03,OPMC_LIFT,1019610000.0,227,227,229,4,0,4,50.05,0.8677999999999999,2024-01-16 05:50:13.000,2024-01-16 05:50:13.000,2024-01-16 05:50:13.000,578226314.0,3973107.0,1176013803,-107.0,94
683861,22,2024-01-16 06:00:03,OPMC_LIFT,1019610000.0,226,227,228,4,0,4,50.05,0.8710999999999999,2024-01-16 06:00:16.000,2024-01-16 06:00:16.000,2024-01-16 06:00:16.000,578227184.0,3973507.0,1176016568,-120.0,94
683903,22,2024-01-16 06:10:03,OPMC_LIFT,1019610000.0,226,226,227,4,0,4,50.0,0.8707999999999999,2024-01-16 06:10:10.000,2024-01-16 06:10:10.000,2024-01-16 06:10:10.000,578228048.0,3973910.0,1176019323,-105.0,94
683999,22,2024-01-16 06:30:03,OPMC_LIFT,1019620000.0,225,225,226,4,0,3,50.04,0.8715999999999999,2024-01-16 06:30:14.000,2024-01-16 06:30:14.000,2024-01-16 06:30:14.000,578229760.0,3974710.0,1176024801,-109.0,94
684087,22,2024-01-16 06:40:03,OPMC_LIFT,1019620000.0,225,225,227,4,0,4,50.1,0.8723,2024-01-16 06:40:14.000,2024-01-16 06:40:14.000,2024-01-16 06:40:14.000,578230611.0,3975110.0,1176027515,-120.0,94
684143,22,2024-01-16 06:50:03,OPMC_LIFT,1019620000.0,225,225,227,4,0,4,50.09,0.8674999999999999,2024-01-16 06:50:18.000,2024-01-16 06:50:18.000,2024-01-16 06:50:18.000,578231462.0,3975510.0,1176030245,-105.0,94
684147,22,2024-01-16 06:52:07,OPMC_LIFT,1019620000.0,225,225,227,4,0,4,50.11,0.8689999999999999,2024-01-16 06:52:13.000,2024-01-16 06:52:13.000,2024-01-16 06:52:13.000,578231638.0,3975594.0,1176030805,-108.0,94
684275,22,2024-01-16 07:20:03,OPMC_LIFT,1019630000.0,225,226,227,4,0,4,50.07,0.8677999999999999,2024-01-16 07:20:09.000,2024-01-16 07:20:09.000,2024-01-16 07:20:09.000,578234032.0,3976707.0,1176038440,-108.0,94
684325,22,2024-01-16 07:30:03,OPMC_LIFT,1019630000.0,224,225,226,4,0,3,50.05,0.8714999999999999,2024-01-16 07:30:09.000,2024-01-16 07:30:09.000,2024-01-16 07:30:09.000,578234880.0,3977107.0,1176041157,-119.0,94
684379,22,2024-01-16 07:40:03,OPMC_LIFT,1019630000.0,226,227,228,4,0,4,50.08,0.8692,2024-01-16 07:40:16.000,2024-01-16 07:40:16.000,2024-01-16 07:40:16.000,578235734.0,3977507.0,1176043883,-118.0,94
684473,22,2024-01-16 08:00:03,OPMC_LIFT,1019640000.0,224,225,226,4,0,4,50.08,0.8707999999999999,2024-01-16 08:00:15.000,2024-01-16 08:00:15.000,2024-01-16 08:00:15.000,578237443.0,3978307.0,1176049345,-120.0,94
684527,22,2024-01-16 08:10:03,OPMC_LIFT,1019640000.0,226,227,228,4,0,4,49.99,0.8712,2024-01-16 08:10:12.000,2024-01-16 08:10:12.000,2024-01-16 08:10:12.000,578238298.0,3978707.0,1176052065,-119.0,94
684679,22,2024-01-16 08:40:03,OPMC_LIFT,1019770000.0,221,223,224,299,316,318,49.98,0.8452999999999999,2024-01-16 08:40:12.000,2024-01-16 08:40:12.000,2024-01-16 08:40:12.000,578335069.0,3979565.0,1176216805,-121.0,94
684725,22,2024-01-16 08:50:03,OPMC_LIFT,1020130000.0,219,222,223,359,379,380,50.06,0.8724,2024-01-16 08:50:12.000,2024-01-16 08:50:12.000,2024-01-16 08:50:12.000,578537117.0,3979565.0,1176626465,-121.0,94
684771,22,2024-01-16 09:00:03,OPMC_LIFT,1020480000.0,219,221,223,354,374,376,50.07,0.8714999999999999,2024-01-16 09:00:10.000,2024-01-16 09:00:10.000,2024-01-16 09:00:10.000,578736291.0,3979565.0,1177033205,-99.0,94
684869,22,2024-01-16 09:20:03,OPMC_LIFT,1021190000.0,219,221,222,354,375,375,50.08,0.8739999999999999,2024-01-16 09:20:11.000,2024-01-16 09:20:11.000,2024-01-16 09:20:11.000,579130240.0,3979565.0,1177842001,-121.0,94
684917,22,2024-01-16 09:30:03,OPMC_LIFT,1021540000.0,218,221,222,358,380,380,50.09,0.8754,2024-01-16 09:30:09.000,2024-01-16 09:30:09.000,2024-01-16 09:30:09.000,579325920.0,3979565.0,1178244923,-102.0,94
684971,22,2024-01-16 09:40:03,OPMC_LIFT,1021890000.0,218,220,221,351,371,371,50.05,0.8743,2024-01-16 09:40:16.000,2024-01-16 09:40:16.000,2024-01-16 09:40:16.000,579522013.0,3979565.0,1178650286,-102.0,94
685021,22,2024-01-16 09:50:03,OPMC_LIFT,1022240000.0,220,222,224,348,369,370,50.0,0.8699999999999999,2024-01-16 09:50:13.000,2024-01-16 09:50:13.000,2024-01-16 09:50:13.000,579716326.0,3979565.0,1179049320,-121.0,94
685069,22,2024-01-16 10:00:03,OPMC_LIFT,1022600000.0,220,222,223,353,374,375,50.06,0.8723,2024-01-16 10:00:11.000,2024-01-16 10:00:11.000,2024-01-16 10:00:11.000,579915248.0,3979565.0,1179455243,-102.0,94
685119,22,2024-01-16 10:10:02,OPMC_LIFT,1022950000.0,219,221,223,347,367,367,50.06,0.8716999999999999,2024-01-16 10:10:11.000,2024-01-16 10:10:11.000,2024-01-16 10:10:11.000,580112339.0,3979565.0,1179859592,-116.0,94
685275,22,2024-01-16 10:40:03,OPMC_LIFT,1024020000.0,219,221,222,347,367,368,49.98,0.8718999999999999,2024-01-16 10:40:11.000,2024-01-16 10:40:11.000,2024-01-16 10:40:11.000,580705398.0,3979565.0,1181079099,-119.0,94
685327,22,2024-01-16 10:50:02,OPMC_LIFT,1024370000.0,219,221,222,350,371,371,49.98,0.8732,2024-01-16 10:50:11.000,2024-01-16 10:50:11.000,2024-01-16 10:50:11.000,580902102.0,3979565.0,1181483976,-121.0,94
685387,22,2024-01-16 11:00:03,OPMC_LIFT,1024720000.0,219,221,223,354,373,373,50.01,0.8724,2024-01-16 11:00:12.000,2024-01-16 11:00:12.000,2024-01-16 11:00:12.000,581099146.0,3979565.0,1181889246,-105.0,94
685577,22,2024-01-16 11:40:02,OPMC_LIFT,1026170000.0,219,222,223,363,383,383,50.0,0.8736999999999999,2024-01-16 11:40:09.000,2024-01-16 11:40:09.000,2024-01-16 11:40:09.000,581899802.0,3979565.0,1183543845,-105.0,94
685723,22,2024-01-16 12:10:03,OPMC_LIFT,1027270000.0,222,224,225,364,384,385,49.99,0.8695999999999999,2024-01-16 12:10:09.000,2024-01-16 12:10:09.000,2024-01-16 12:10:09.000,582515549.0,3979565.0,1184804760,-118.0,94
685777,22,2024-01-16 12:20:03,OPMC_LIFT,1027640000.0,222,224,225,358,378,379,50.05,0.8692,2024-01-16 12:20:11.000,2024-01-16 12:20:11.000,2024-01-16 12:20:11.000,582723693.0,3979565.0,1185228485,-105.0,94
685819,22,2024-01-16 12:30:03,OPMC_LIFT,1028010000.0,221,224,225,374,395,396,50.02,0.8725999999999999,2024-01-16 12:30:15.000,2024-01-16 12:30:15.000,2024-01-16 12:30:15.000,582931987.0,3979565.0,1185652945,-111.0,94
685873,22,2024-01-16 12:40:03,OPMC_LIFT,1028380000.0,221,223,225,366,386,387,49.97,0.8709999999999999,2024-01-16 12:40:15.000,2024-01-16 12:40:15.000,2024-01-16 12:40:15.000,583142688.0,3979565.0,1186085454,-107.0,94
685921,22,2024-01-16 12:50:03,OPMC_LIFT,1028760000.0,221,223,224,368,388,388,50.0,0.8732,2024-01-16 12:50:14.000,2024-01-16 12:50:14.000,2024-01-16 12:50:14.000,583351373.0,3979565.0,1186513870,-121.0,94
685961,22,2024-01-16 13:00:03,OPMC_LIFT,1029130000.0,220,222,223,372,393,394,49.95,0.8754,2024-01-16 13:00:11.000,2024-01-16 13:00:11.000,2024-01-16 13:00:11.000,583558470.0,3979565.0,1186940261,-102.0,94
686053,22,2024-01-16 13:20:03,OPMC_LIFT,1029880000.0,219,222,223,373,394,394,49.99,0.8755999999999999,2024-01-16 13:20:09.000,2024-01-16 13:20:09.000,2024-01-16 13:20:09.000,583968406.0,3979565.0,1187795323,-121.0,94
686115,22,2024-01-16 13:30:03,OPMC_LIFT,1030250000.0,219,222,223,374,395,395,49.99,0.8757999999999999,2024-01-16 13:30:13.000,2024-01-16 13:30:13.000,2024-01-16 13:30:13.000,584173734.0,3979565.0,1188220113,-105.0,94
686277,22,2024-01-16 14:00:03,OPMC_LIFT,1031380000.0,220,222,223,366,386,386,50.01,0.8733,2024-01-16 14:00:15.000,2024-01-16 14:00:15.000,2024-01-16 14:00:15.000,584795552.0,3979565.0,1189509550,-107.0,94
686319,22,2024-01-16 14:10:03,OPMC_LIFT,1031750000.0,220,222,223,364,384,385,49.97,0.8730999999999999,2024-01-16 14:10:11.000,2024-01-16 14:10:11.000,2024-01-16 14:10:11.000,585000397.0,3979565.0,1189932241,-120.0,94
686375,22,2024-01-16 14:20:03,OPMC_LIFT,1032130000.0,220,222,223,368,389,389,50.0,0.8739999999999999,2024-01-16 14:20:15.000,2024-01-16 14:20:15.000,2024-01-16 14:20:15.000,585207955.0,3979565.0,1190362456,-102.0,94
686499,22,2024-01-16 14:40:03,OPMC_LIFT,1032870000.0,220,222,224,365,386,386,50.08,0.8744999999999999,2024-01-16 14:40:12.000,2024-01-16 14:40:12.000,2024-01-16 14:40:12.000,585617802.0,3979565.0,1191208641,-121.0,94
686543,22,2024-01-16 14:50:03,OPMC_LIFT,1033240000.0,220,222,223,365,386,386,50.05,0.8742,2024-01-16 14:50:10.000,2024-01-16 14:50:10.000,2024-01-16 14:50:10.000,585822166.0,3979565.0,1191630472,-119.0,94
686571,22,2024-01-16 14:53:22,OPMC_LIFT,1033360000.0,220,222,224,369,389,390,50.06,0.8744,2024-01-16 14:53:32.000,2024-01-16 14:53:32.000,2024-01-16 14:53:32.000,585890342.0,3979565.0,1191770523,-115.0,94
686601,22,2024-01-16 15:00:03,OPMC_LIFT,1033610000.0,221,223,225,364,383,384,50.07,0.8717999999999999,2024-01-16 15:00:08.000,2024-01-16 15:00:08.000,2024-01-16 15:00:08.000,586027341.0,3979565.0,1192052395,-119.0,94
686719,22,2024-01-16 15:20:03,OPMC_LIFT,1034340000.0,220,222,224,367,388,388,49.99,0.8728999999999999,2024-01-16 15:20:11.000,2024-01-16 15:20:11.000,2024-01-16 15:20:11.000,586438099.0,3979565.0,1192895595,-103.0,94
686841,22,2024-01-16 15:40:03,OPMC_LIFT,1035070000.0,221,223,224,357,377,378,49.98,0.8713,2024-01-16 15:40:12.000,2024-01-16 15:40:12.000,2024-01-16 15:40:12.000,586846954.0,3979565.0,1193733445,-119.0,94
686895,22,2024-01-16 15:50:03,OPMC_LIFT,1035440000.0,221,223,225,356,375,376,49.99,0.8698999999999999,2024-01-16 15:50:16.000,2024-01-16 15:50:16.000,2024-01-16 15:50:16.000,587051651.0,3979565.0,1194150913,-120.0,94
686947,22,2024-01-16 16:00:03,OPMC_LIFT,1035700000.0,228,229,230,0,0,0,50.0,1.0,2024-01-16 16:00:12.000,2024-01-16 16:00:12.000,2024-01-16 16:00:12.000,587199677.0,3979565.0,1194451326,-102.0,94
687001,22,2024-01-16 16:10:03,OPMC_LIFT,1035700000.0,229,230,231,0,0,0,50.04,1.0,2024-01-16 16:10:12.000,2024-01-16 16:10:12.000,2024-01-16 16:10:12.000,587199677.0,3979565.0,1194451326,-103.0,94
687061,22,2024-01-16 16:20:03,OPMC_LIFT,1035700000.0,227,228,229,0,0,0,50.01,1.0,2024-01-16 16:20:15.000,2024-01-16 16:20:15.000,2024-01-16 16:20:15.000,587199677.0,3979565.0,1194451326,-109.0,94
687115,22,2024-01-16 16:30:03,OPMC_LIFT,1035700000.0,227,228,229,4,0,4,50.02,0.8722,2024-01-16 16:30:11.000,2024-01-16 16:30:11.000,2024-01-16 16:30:11.000,587200086.0,3979581.0,1194452017,-121.0,94
687165,22,2024-01-16 16:40:03,OPMC_LIFT,1035700000.0,228,229,230,4,0,4,50.07,0.8708999999999999,2024-01-16 16:40:10.000,2024-01-16 16:40:10.000,2024-01-16 16:40:10.000,587200966.0,3979978.0,1194454811,-102.0,94
687257,22,2024-01-16 17:00:03,OPMC_LIFT,1035710000.0,227,228,229,4,0,4,50.1,0.8689999999999999,2024-01-16 17:00:13.000,2024-01-16 17:00:13.000,2024-01-16 17:00:13.000,587202742.0,3980774.0,1194460433,-119.0,94
687371,22,2024-01-16 17:20:02,OPMC_LIFT,1035710000.0,229,229,230,4,0,4,50.06,0.8695999999999999,2024-01-16 17:20:11.000,2024-01-16 17:20:11.000,2024-01-16 17:20:11.000,587204512.0,3981574.0,1194466049,-118.0,94
687473,22,2024-01-16 17:40:02,OPMC_LIFT,1035720000.0,229,230,231,4,0,4,50.05,0.8697999999999999,2024-01-16 17:40:13.000,2024-01-16 17:40:13.000,2024-01-16 17:40:13.000,587206304.0,3982371.0,1194471717,-103.0,94
687525,22,2024-01-16 17:50:02,OPMC_LIFT,1035720000.0,230,230,231,4,0,4,50.02,0.8705999999999999,2024-01-16 17:50:10.000,2024-01-16 17:50:10.000,2024-01-16 17:50:10.000,587207206.0,3982771.0,1194474561,-109.0,94
687591,22,2024-01-16 18:00:02,OPMC_LIFT,1035720000.0,228,229,230,4,0,4,50.07,0.8705999999999999,2024-01-16 18:00:14.000,2024-01-16 18:00:14.000,2024-01-16 18:00:14.000,587208093.0,3983168.0,1194477371,-118.0,94
687625,22,2024-01-16 18:10:03,OPMC_LIFT,1035720000.0,228,229,230,4,0,4,50.03,0.8693,2024-01-16 18:10:12.000,2024-01-16 18:10:12.000,2024-01-16 18:10:12.000,587208982.0,3983568.0,1194480193,-103.0,94
687681,22,2024-01-16 18:20:03,OPMC_LIFT,1035730000.0,228,229,230,4,0,4,50.02,0.8682,2024-01-16 18:20:14.000,2024-01-16 18:20:14.000,2024-01-16 18:20:14.000,587209872.0,3983965.0,1194483013,-105.0,94
687727,22,2024-01-16 18:30:03,OPMC_LIFT,1035730000.0,228,229,230,4,0,4,50.06,0.8692,2024-01-16 18:30:10.000,2024-01-16 18:30:10.000,2024-01-16 18:30:10.000,587210762.0,3984362.0,1194485825,-120.0,94
687779,22,2024-01-16 18:40:03,OPMC_LIFT,1035730000.0,229,229,230,4,0,4,50.05,0.8687999999999999,2024-01-16 18:40:14.000,2024-01-16 18:40:14.000,2024-01-16 18:40:14.000,587211648.0,3984758.0,1194488641,-120.0,94
687861,22,2024-01-16 19:00:03,OPMC_LIFT,1035740000.0,229,229,230,4,0,4,50.05,0.8682,2024-01-16 19:00:07.000,2024-01-16 19:00:07.000,2024-01-16 19:00:07.000,587213427.0,3985555.0,1194494273,-117.0,94
687931,22,2024-01-16 19:10:03,OPMC_LIFT,1035740000.0,226,226,227,4,0,4,49.96,0.8690999999999999,2024-01-16 19:10:14.000,2024-01-16 19:10:14.000,2024-01-16 19:10:14.000,587214304.0,3985952.0,1194497057,-107.0,94
687975,22,2024-01-16 19:20:03,OPMC_LIFT,1035740000.0,225,226,227,4,0,4,49.98,0.8696999999999999,2024-01-16 19:20:11.000,2024-01-16 19:20:11.000,2024-01-16 19:20:11.000,587215165.0,3986349.0,1194499803,-120.0,94
688199,22,2024-01-16 20:00:03,OPMC_LIFT,1035750000.0,226,227,228,4,0,4,50.03,0.8693,2024-01-16 20:00:14.000,2024-01-16 20:00:14.000,2024-01-16 20:00:14.000,587218614.0,3987933.0,1194510814,-103.0,94
688307,22,2024-01-16 20:20:03,OPMC_LIFT,1035750000.0,226,227,228,4,0,4,49.96,0.8697999999999999,2024-01-16 20:20:14.000,2024-01-16 20:20:14.000,2024-01-16 20:20:14.000,587220349.0,3988726.0,1194516347,-109.0,94
688401,22,2024-01-16 20:40:03,OPMC_LIFT,1035760000.0,227,227,228,4,0,4,50.02,0.8694,2024-01-16 20:40:11.000,2024-01-16 20:40:11.000,2024-01-16 20:40:11.000,587222083.0,3989520.0,1194521877,-103.0,94
688521,22,2024-01-16 21:00:03,OPMC_LIFT,1035760000.0,227,227,229,4,0,4,49.97,0.8684,2024-01-16 21:00:15.000,2024-01-16 21:00:15.000,2024-01-16 21:00:15.000,587223827.0,3990314.0,1194527432,-103.0,94
688559,22,2024-01-16 21:10:03,OPMC_LIFT,1035770000.0,227,228,229,4,0,4,49.97,0.8692,2024-01-16 21:10:12.000,2024-01-16 21:10:12.000,2024-01-16 21:10:12.000,587224704.0,3990710.0,1194530213,-107.0,94
688611,22,2024-01-16 21:20:03,OPMC_LIFT,1035770000.0,228,228,230,4,0,4,50.04,0.8666999999999999,2024-01-16 21:20:09.000,2024-01-16 21:20:09.000,2024-01-16 21:20:09.000,587225584.0,3991107.0,1194533013,-101.0,94
688669,22,2024-01-16 21:30:03,OPMC_LIFT,1035770000.0,228,228,230,4,0,4,50.03,0.8687999999999999,2024-01-16 21:30:14.000,2024-01-16 21:30:14.000,2024-01-16 21:30:14.000,587226464.0,3991507.0,1194535809,-120.0,94
688711,22,2024-01-16 21:40:03,OPMC_LIFT,1035770000.0,228,229,230,4,0,4,50.04,0.8676999999999999,2024-01-16 21:40:09.000,2024-01-16 21:40:09.000,2024-01-16 21:40:09.000,587227347.0,3991904.0,1194538609,-105.0,94
688761,22,2024-01-16 21:50:03,OPMC_LIFT,1035780000.0,229,229,230,4,0,4,50.01,0.8682,2024-01-16 21:50:08.000,2024-01-16 21:50:08.000,2024-01-16 21:50:08.000,587228237.0,3992304.0,1194541432,-109.0,94
688879,22,2024-01-16 22:10:03,OPMC_LIFT,1035780000.0,229,229,231,4,0,4,50.02,0.8702,2024-01-16 22:10:14.000,2024-01-16 22:10:14.000,2024-01-16 22:10:14.000,587230019.0,3993101.0,1194547077,-101.0,94
688943,22,2024-01-16 22:20:02,OPMC_LIFT,1035780000.0,229,229,231,4,0,4,49.96,0.8699999999999999,2024-01-16 22:20:15.000,2024-01-16 22:20:15.000,2024-01-16 22:20:15.000,587230912.0,3993498.0,1194549909,-119.0,94
688993,22,2024-01-16 22:30:02,OPMC_LIFT,1035790000.0,229,230,231,4,0,4,49.96,0.8672,2024-01-16 22:30:14.000,2024-01-16 22:30:14.000,2024-01-16 22:30:14.000,587231811.0,3993898.0,1194552750,-121.0,94
689077,22,2024-01-16 22:40:02,OPMC_LIFT,1035790000.0,230,230,232,4,0,4,50.02,0.8674999999999999,2024-01-16 22:40:15.000,2024-01-16 22:40:15.000,2024-01-16 22:40:15.000,587232710.0,3994294.0,1194555595,-120.0,94
689143,22,2024-01-16 22:52:46,OPMC_LIFT,1035790000.0,230,230,232,4,0,4,50.02,0.8684999999999999,2024-01-16 22:52:58.000,2024-01-16 22:52:58.000,2024-01-16 22:52:58.000,587233862.0,3994803.0,1194559224,-101.0,94
689181,22,2024-01-16 23:00:03,OPMC_LIFT,1035790000.0,230,231,232,4,0,4,50.03,0.8722,2024-01-16 23:00:11.000,2024-01-16 23:00:11.000,2024-01-16 23:00:11.000,587234522.0,3995094.0,1194561310,-123.0,94
689231,22,2024-01-16 23:10:03,OPMC_LIFT,1035800000.0,230,230,232,4,0,4,49.99,0.8690999999999999,2024-01-16 23:10:11.000,2024-01-16 23:10:11.000,2024-01-16 23:10:11.000,587235430.0,3995494.0,1194564177,-102.0,94
689373,22,2024-01-16 23:40:03,OPMC_LIFT,1035800000.0,229,229,231,4,0,4,50.0,0.8704999999999999,2024-01-16 23:40:14.000,2024-01-16 23:40:14.000,2024-01-16 23:40:14.000,587238106.0,3996688.0,1194572651,-121.0,94
689431,22,2024-01-16 23:50:03,OPMC_LIFT,1035810000.0,228,229,231,4,0,4,49.94,0.8692,2024-01-16 23:50:12.000,2024-01-16 23:50:12.000,2024-01-16 23:50:12.000,587239002.0,3997088.0,1194575483,-102.0,94
689639,22,2024-01-17 00:30:03,OPMC_LIFT,1035820000.0,229,230,231,4,0,4,50.03,0.8686999999999999,2024-01-17 00:30:12.000,2024-01-17 00:30:12.000,2024-01-17 00:30:12.000,587242595.0,3998682.0,1194586846,-121.0,94
689751,22,2024-01-17 00:50:03,OPMC_LIFT,1035820000.0,229,230,231,4,0,4,49.97,0.8692,2024-01-17 00:50:13.000,2024-01-17 00:50:13.000,2024-01-17 00:50:13.000,587244394.0,3999478.0,1194592529,-106.0,94
689803,22,2024-01-17 01:00:03,OPMC_LIFT,1035820000.0,229,230,231,4,0,4,49.98,0.8707999999999999,2024-01-17 01:00:13.000,2024-01-17 01:00:13.000,2024-01-17 01:00:13.000,587245293.0,3999875.0,1194595371,-120.0,94
689851,22,2024-01-17 01:10:03,OPMC_LIFT,1035830000.0,229,230,232,4,0,4,50.03,0.8697999999999999,2024-01-17 01:10:10.000,2024-01-17 01:10:10.000,2024-01-17 01:10:10.000,587246192.0,4000275.0,1194598216,-117.0,94
689913,22,2024-01-17 01:20:03,OPMC_LIFT,1035830000.0,229,230,232,4,0,4,49.96,0.8694999999999999,2024-01-17 01:20:12.000,2024-01-17 01:20:12.000,2024-01-17 01:20:12.000,587247091.0,4000675.0,1194601064,-121.0,94
689961,22,2024-01-17 01:30:03,OPMC_LIFT,1035830000.0,229,230,232,4,0,4,49.99,0.8682,2024-01-17 01:30:09.000,2024-01-17 01:30:09.000,2024-01-17 01:30:09.000,587247994.0,4001072.0,1194603912,-107.0,94
690019,22,2024-01-17 01:40:03,OPMC_LIFT,1035830000.0,230,230,232,4,0,4,50.0,0.8663,2024-01-17 01:40:13.000,2024-01-17 01:40:13.000,2024-01-17 01:40:13.000,587248899.0,4001472.0,1194606766,-121.0,94
690185,22,2024-01-17 02:00:03,OPMC_LIFT,1035840000.0,230,230,232,4,0,4,50.02,0.8656999999999999,2024-01-17 02:00:14.000,2024-01-17 02:00:14.000,2024-01-17 02:00:14.000,587250710.0,4002269.0,1194612488,-121.0,94
690260,22,2024-01-17 02:10:03,OPMC_LIFT,1035840000.0,230,231,232,4,0,4,50.04,0.8680999999999999,2024-01-17 02:10:13.000,2024-01-17 02:10:13.000,2024-01-17 02:10:13.000,587251619.0,4002669.0,1194615352,-120.0,94
690701,22,2024-01-17 03:10:03,OPMC_LIFT,1035860000.0,229,229,231,4,0,4,50.05,0.8690999999999999,2024-01-17 03:10:10.000,2024-01-17 03:10:10.000,2024-01-17 03:10:10.000,587257043.0,4005069.0,1194632485,-103.0,94
690863,22,2024-01-17 03:30:02,OPMC_LIFT,1035860000.0,229,229,231,4,0,4,50.05,0.8688999999999999,2024-01-17 03:30:12.000,2024-01-17 03:30:12.000,2024-01-17 03:30:12.000,587258829.0,4005869.0,1194638142,-120.0,94
690956,22,2024-01-17 03:40:02,OPMC_LIFT,1035860000.0,229,229,231,4,0,4,50.07,0.8675999999999999,2024-01-17 03:40:16.000,2024-01-17 03:40:16.000,2024-01-17 03:40:16.000,587259722.0,4006269.0,1194640974,-120.0,94
691028,22,2024-01-17 03:50:02,OPMC_LIFT,1035870000.0,229,229,231,4,0,4,50.05,0.8702,2024-01-17 03:50:12.000,2024-01-17 03:50:12.000,2024-01-17 03:50:12.000,587260614.0,4006669.0,1194643806,-119.0,94
691244,22,2024-01-17 04:20:03,OPMC_LIFT,1035870000.0,228,229,230,4,0,4,49.95,0.8693,2024-01-17 04:20:10.000,2024-01-17 04:20:10.000,2024-01-17 04:20:10.000,587263293.0,4007869.0,1194652286,-107.0,94
691313,22,2024-01-17 04:30:03,OPMC_LIFT,1035880000.0,228,229,230,4,0,4,50.04,0.8673,2024-01-17 04:30:10.000,2024-01-17 04:30:10.000,2024-01-17 04:30:10.000,587264182.0,4008266.0,1194655105,-119.0,94
691490,22,2024-01-17 04:50:03,OPMC_LIFT,1035880000.0,228,228,230,4,0,4,49.98,0.8674999999999999,2024-01-17 04:50:14.000,2024-01-17 04:50:14.000,2024-01-17 04:50:14.000,587265958.0,4009066.0,1194660734,-121.0,94
691565,22,2024-01-17 05:00:03,OPMC_LIFT,1035880000.0,228,228,230,4,0,4,49.99,0.8677999999999999,2024-01-17 05:00:13.000,2024-01-17 05:00:13.000,2024-01-17 05:00:13.000,587266842.0,4009462.0,1194663541,-120.0,94
691652,22,2024-01-17 05:10:03,OPMC_LIFT,1035880000.0,227,228,230,4,0,4,49.99,0.8678999999999999,2024-01-17 05:10:13.000,2024-01-17 05:10:13.000,2024-01-17 05:10:13.000,587267725.0,4009862.0,1194666334,-121.0,94
691718,22,2024-01-17 05:20:03,OPMC_LIFT,1035890000.0,227,228,229,4,0,4,50.01,0.8694999999999999,2024-01-17 05:20:11.000,2024-01-17 05:20:11.000,2024-01-17 05:20:11.000,587268602.0,4010259.0,1194669125,-109.0,94
691814,22,2024-01-17 05:30:03,OPMC_LIFT,1035890000.0,227,227,229,4,0,4,50.04,0.8689999999999999,2024-01-17 05:30:15.000,2024-01-17 05:30:15.000,2024-01-17 05:30:15.000,587269475.0,4010659.0,1194671902,-120.0,94
691892,22,2024-01-17 05:40:03,OPMC_LIFT,1035890000.0,227,227,229,4,0,4,50.04,0.8694999999999999,2024-01-17 05:40:14.000,2024-01-17 05:40:14.000,2024-01-17 05:40:14.000,587270346.0,4011059.0,1194674673,-120.0,94
692042,22,2024-01-17 06:00:03,OPMC_LIFT,1035900000.0,226,226,228,4,0,4,50.04,0.8686999999999999,2024-01-17 06:00:13.000,2024-01-17 06:00:13.000,2024-01-17 06:00:13.000,587272080.0,4011856.0,1194680206,-112.0,94
692138,22,2024-01-17 06:10:03,OPMC_LIFT,1035900000.0,225,226,227,4,0,4,49.99,0.8704999999999999,2024-01-17 06:10:14.000,2024-01-17 06:10:14.000,2024-01-17 06:10:14.000,587272938.0,4012253.0,1194682949,-106.0,94
692222,22,2024-01-17 06:20:03,OPMC_LIFT,1035900000.0,232,233,233,0,0,0,50.0,1.0,2024-01-17 06:20:09.000,2024-01-17 06:20:09.000,2024-01-17 06:20:09.000,587273629.0,4012566.0,1194685147,-121.0,94
692285,22,2024-01-17 06:30:03,OPMC_LIFT,1035900000.0,232,233,233,0,0,0,50.0,1.0,2024-01-17 06:30:11.000,2024-01-17 06:30:11.000,2024-01-17 06:30:11.000,587273629.0,4012566.0,1194685147,-106.0,94
692420,22,2024-01-17 06:44:56,OPMC_LIFT,1035900000.0,226,227,228,0,0,0,50.07,1.0,2024-01-17 06:45:06.000,2024-01-17 06:45:06.000,2024-01-17 06:45:06.000,587273696.0,4012589.0,1194685355,-123.0,94
692486,22,2024-01-17 06:50:03,OPMC_LIFT,1035900000.0,226,227,228,0,0,0,50.04,1.0,2024-01-17 06:50:14.000,2024-01-17 06:50:14.000,2024-01-17 06:50:14.000,587273696.0,4012589.0,1194685355,-103.0,94
692783,22,2024-01-17 07:40:03,OPMC_LIFT,1035910000.0,226,227,228,4,0,4,50.09,0.8683,2024-01-17 07:40:10.000,2024-01-17 07:40:10.000,2024-01-17 07:40:10.000,587276653.0,4013866.0,1194694481,-123.0,94
692891,22,2024-01-17 07:50:03,OPMC_LIFT,1035910000.0,225,226,227,4,0,4,50.08,0.8688999999999999,2024-01-17 07:50:17.000,2024-01-17 07:50:17.000,2024-01-17 07:50:17.000,587277510.0,4014262.0,1194697224,-108.0,94
692951,22,2024-01-17 08:00:03,OPMC_LIFT,1035910000.0,224,225,226,4,0,3,50.05,0.8707999999999999,2024-01-17 08:00:14.000,2024-01-17 08:00:14.000,2024-01-17 08:00:14.000,587278365.0,4014662.0,1194699957,-102.0,94
693110,22,2024-01-17 08:20:02,OPMC_LIFT,1035920000.0,224,225,226,4,0,3,49.96,0.8703,2024-01-17 08:20:15.000,2024-01-17 08:20:15.000,2024-01-17 08:20:15.000,587280070.0,4015459.0,1194705413,-120.0,94
693170,22,2024-01-17 08:30:03,OPMC_LIFT,1035920000.0,223,224,226,4,0,3,50.02,0.8727999999999999,2024-01-17 08:30:13.000,2024-01-17 08:30:13.000,2024-01-17 08:30:13.000,587280915.0,4015856.0,1194708113,-111.0,94
693317,22,2024-01-17 08:50:02,OPMC_LIFT,1036470000.0,218,221,222,376,397,394,49.97,0.8719999999999999,2024-01-17 08:50:12.000,2024-01-17 08:50:12.000,2024-01-17 08:50:12.000,587606301.0,4015901.0,1195345429,-105.0,94
693440,22,2024-01-17 09:10:03,OPMC_LIFT,1037100000.0,221,223,224,199,207,210,50.05,0.8623999999999999,2024-01-17 09:10:11.000,2024-01-17 09:10:11.000,2024-01-17 09:10:11.000,587966848.0,4015901.0,1196077025,-120.0,94
693599,22,2024-01-17 09:30:03,OPMC_LIFT,1037570000.0,221,223,224,204,210,213,50.06,0.8736999999999999,2024-01-17 09:30:17.000,2024-01-17 09:30:17.000,2024-01-17 09:30:17.000,588245363.0,4015901.0,1196623253,-119.0,94
693665,22,2024-01-17 09:40:03,OPMC_LIFT,1037810000.0,220,221,223,228,242,243,50.07,0.8024999999999999,2024-01-17 09:40:14.000,2024-01-17 09:40:14.000,2024-01-17 09:40:14.000,588389731.0,4015901.0,1196903726,-112.0,94
693884,22,2024-01-17 10:10:03,OPMC_LIFT,1038520000.0,222,224,225,200,206,209,50.06,0.8708999999999999,2024-01-17 10:10:14.000,2024-01-17 10:10:14.000,2024-01-17 10:10:14.000,588831798.0,4015901.0,1197743057,-121.0,94
694034,22,2024-01-17 10:30:03,OPMC_LIFT,1039010000.0,223,224,225,144,149,152,49.99,0.8334999999999999,2024-01-17 10:30:15.000,2024-01-17 10:30:15.000,2024-01-17 10:30:15.000,589127734.0,4015901.0,1198308517,-119.0,94
694097,22,2024-01-17 10:40:03,OPMC_LIFT,1039250000.0,222,223,225,198,206,207,49.99,0.8618999999999999,2024-01-17 10:40:16.000,2024-01-17 10:40:16.000,2024-01-17 10:40:16.000,589275696.0,4015901.0,1198598273,-106.0,94
694157,22,2024-01-17 10:50:03,OPMC_LIFT,1039500000.0,223,224,226,136,140,144,50.03,0.8204999999999999,2024-01-17 10:50:12.000,2024-01-17 10:50:12.000,2024-01-17 10:50:12.000,589428870.0,4015901.0,1198886885,-118.0,94
694253,22,2024-01-17 11:00:03,OPMC_LIFT,1039740000.0,222,223,225,198,206,207,50.01,0.8622,2024-01-17 11:00:17.000,2024-01-17 11:00:17.000,2024-01-17 11:00:17.000,589572493.0,4015901.0,1199165448,-111.0,94
694304,22,2024-01-17 11:10:03,OPMC_LIFT,1039970000.0,220,222,223,297,315,314,49.96,0.8456999999999999,2024-01-17 11:10:13.000,2024-01-17 11:10:13.000,2024-01-17 11:10:13.000,589719568.0,4015901.0,1199444225,-109.0,94
694361,22,2024-01-17 11:20:03,OPMC_LIFT,1040200000.0,219,222,223,355,376,373,49.97,0.8670999999999999,2024-01-17 11:20:17.000,2024-01-17 11:20:17.000,2024-01-17 11:20:17.000,589860128.0,4015901.0,1199708088,-121.0,94
694427,22,2024-01-17 11:30:03,OPMC_LIFT,1040430000.0,221,223,224,278,295,295,49.95,0.8373999999999999,2024-01-17 11:30:14.000,2024-01-17 11:30:14.000,2024-01-17 11:30:14.000,590002496.0,4015901.0,1199980059,-104.0,94
694496,22,2024-01-17 11:40:03,OPMC_LIFT,1040630000.0,221,224,225,288,305,305,50.0,0.8365999999999999,2024-01-17 11:40:13.000,2024-01-17 11:40:13.000,2024-01-17 11:40:13.000,590137776.0,4015901.0,1200223077,-108.0,94
694577,22,2024-01-17 11:50:03,OPMC_LIFT,1040840000.0,224,226,227,190,198,201,50.03,0.8517999999999999,2024-01-17 11:50:15.000,2024-01-17 11:50:15.000,2024-01-17 11:50:15.000,590268886.0,4015901.0,1200475006,-120.0,94
694637,22,2024-01-17 12:00:03,OPMC_LIFT,1041050000.0,226,227,229,195,201,204,50.05,0.6990999999999999,2024-01-17 12:00:11.000,2024-01-17 12:00:11.000,2024-01-17 12:00:11.000,590406973.0,4015901.0,1200721928,-102.0,94
694913,22,2024-01-17 12:40:03,OPMC_LIFT,1041920000.0,224,225,227,196,202,205,49.94,0.8686999999999999,2024-01-17 12:40:13.000,2024-01-17 12:40:13.000,2024-01-17 12:40:13.000,590951331.0,4015901.0,1201749166,-103.0,94
695051,22,2024-01-17 13:00:03,OPMC_LIFT,1042300000.0,224,225,226,189,195,198,49.97,0.8658999999999999,2024-01-17 13:00:14.000,2024-01-17 13:00:14.000,2024-01-17 13:00:14.000,591170474.0,4015901.0,1202188005,-120.0,94
695105,22,2024-01-17 13:10:03,OPMC_LIFT,1042490000.0,222,224,225,192,197,200,49.97,0.8697999999999999,2024-01-17 13:10:10.000,2024-01-17 13:10:10.000,2024-01-17 13:10:10.000,591278726.0,4015901.0,1202406901,-120.0,94
695180,22,2024-01-17 13:20:03,OPMC_LIFT,1042680000.0,222,223,224,193,198,200,49.96,0.8707999999999999,2024-01-17 13:20:08.000,2024-01-17 13:20:08.000,2024-01-17 13:20:08.000,591386861.0,4015901.0,1202626843,-109.0,94
695264,22,2024-01-17 13:30:03,OPMC_LIFT,1042870000.0,221,223,224,194,199,201,49.99,0.8714999999999999,2024-01-17 13:30:13.000,2024-01-17 13:30:13.000,2024-01-17 13:30:13.000,591494486.0,4015901.0,1202846715,-119.0,94
695423,22,2024-01-17 13:50:03,OPMC_LIFT,1043260000.0,221,223,224,194,199,202,49.95,0.8715999999999999,2024-01-17 13:50:10.000,2024-01-17 13:50:10.000,2024-01-17 13:50:10.000,591710826.0,4015901.0,1203289333,-121.0,94
695504,22,2024-01-17 14:00:03,OPMC_LIFT,1043450000.0,222,223,224,195,199,202,50.04,0.8715999999999999,2024-01-17 14:00:13.000,2024-01-17 14:00:13.000,2024-01-17 14:00:13.000,591819213.0,4015901.0,1203510917,-121.0,94
695567,22,2024-01-17 14:10:03,OPMC_LIFT,1043640000.0,222,223,225,195,200,203,50.01,0.8724,2024-01-17 14:10:13.000,2024-01-17 14:10:13.000,2024-01-17 14:10:13.000,591927542.0,4015901.0,1203732459,-120.0,94
699395,22,2024-01-17 22:35:10,OPMC_LIFT,1045550000.0,229,229,231,4,0,4,50.08,0.8664,2024-01-17 22:35:17.000,2024-01-17 22:35:17.000,2024-01-17 22:35:17.000,592989699.0,4031110.0,1205927931,-109.0,94
699446,22,2024-01-17 22:40:03,OPMC_LIFT,1045550000.0,229,229,231,4,0,4,49.98,0.8650999999999999,2024-01-17 22:40:09.000,2024-01-17 22:40:09.000,2024-01-17 22:40:09.000,592990138.0,4031306.0,1205929313,-105.0,94
699536,22,2024-01-17 22:50:03,OPMC_LIFT,1045560000.0,229,230,231,4,0,4,50.01,0.8664,2024-01-17 22:50:12.000,2024-01-17 22:50:12.000,2024-01-17 22:50:12.000,592991040.0,4031706.0,1205932158,-108.0,94
699734,22,2024-01-17 23:20:03,OPMC_LIFT,1045560000.0,227,228,229,4,0,4,50.03,0.8663,2024-01-17 23:20:12.000,2024-01-17 23:20:12.000,2024-01-17 23:20:12.000,592993709.0,4032906.0,1205940587,-107.0,94
699812,22,2024-01-17 23:30:03,OPMC_LIFT,1045570000.0,227,227,229,4,0,4,49.96,0.8663,2024-01-17 23:30:13.000,2024-01-17 23:30:13.000,2024-01-17 23:30:13.000,592994589.0,4033306.0,1205943374,-120.0,94
699881,22,2024-01-17 23:40:03,OPMC_LIFT,1045570000.0,227,228,229,4,0,4,49.98,0.8666999999999999,2024-01-17 23:40:09.000,2024-01-17 23:40:09.000,2024-01-17 23:40:09.000,592995469.0,4033706.0,1205946165,-99.0,94
700016,22,2024-01-18 00:00:03,OPMC_LIFT,1045570000.0,228,228,230,4,0,4,50.06,0.8695999999999999,2024-01-18 00:00:16.000,2024-01-18 00:00:16.000,2024-01-18 00:00:16.000,592997238.0,4034506.0,1205951765,-121.0,94
700070,22,2024-01-18 00:10:03,OPMC_LIFT,1045580000.0,228,229,230,4,0,4,50.04,0.8698999999999999,2024-01-18 00:10:12.000,2024-01-18 00:10:12.000,2024-01-18 00:10:12.000,592998128.0,4034906.0,1205954577,-102.0,94
700151,22,2024-01-18 00:20:03,OPMC_LIFT,1045580000.0,228,228,230,4,0,4,49.96,0.8673,2024-01-18 00:20:14.000,2024-01-18 00:20:14.000,2024-01-18 00:20:14.000,592999018.0,4035306.0,1205957390,-119.0,94
700292,22,2024-01-18 00:40:03,OPMC_LIFT,1045580000.0,229,229,231,4,0,4,50.04,0.8678999999999999,2024-01-18 00:40:12.000,2024-01-18 00:40:12.000,2024-01-18 00:40:12.000,593000803.0,4036106.0,1205963029,-105.0,94
700379,22,2024-01-18 01:00:03,OPMC_LIFT,1045590000.0,229,229,231,4,0,4,50.0,0.8678999999999999,2024-01-18 01:00:09.000,2024-01-18 01:00:09.000,2024-01-18 01:00:09.000,593002598.0,4036906.0,1205968686,-100.0,94
700559,22,2024-01-18 01:20:03,OPMC_LIFT,1045590000.0,229,229,231,4,0,4,50.05,0.8672,2024-01-18 01:20:09.000,2024-01-18 01:20:09.000,2024-01-18 01:20:09.000,593004397.0,4037702.0,1205974353,-121.0,94
700667,22,2024-01-18 01:30:03,OPMC_LIFT,1045600000.0,229,229,231,4,0,4,50.05,0.8662,2024-01-18 01:30:10.000,2024-01-18 01:30:10.000,2024-01-18 01:30:10.000,593005296.0,4038102.0,1205977192,-121.0,94
700763,22,2024-01-18 01:40:03,OPMC_LIFT,1045600000.0,229,229,231,4,0,4,50.0,0.8658999999999999,2024-01-18 01:40:09.000,2024-01-18 01:40:09.000,2024-01-18 01:40:09.000,593006195.0,4038502.0,1205980027,-99.0,94
700851,22,2024-01-18 01:50:03,OPMC_LIFT,1045600000.0,229,229,231,4,0,4,49.95,0.8677999999999999,2024-01-18 01:50:10.000,2024-01-18 01:50:10.000,2024-01-18 01:50:10.000,593007098.0,4038902.0,1205982865,-119.0,94
700979,22,2024-01-18 02:00:03,OPMC_LIFT,1045600000.0,230,230,232,4,0,4,50.05,0.8688999999999999,2024-01-18 02:00:12.000,2024-01-18 02:00:12.000,2024-01-18 02:00:12.000,593008003.0,4039302.0,1205985717,-105.0,94
701083,22,2024-01-18 02:10:03,OPMC_LIFT,1045610000.0,230,230,232,4,0,4,50.06,0.8668999999999999,2024-01-18 02:10:13.000,2024-01-18 02:10:13.000,2024-01-18 02:10:13.000,593008909.0,4039702.0,1205988568,-121.0,94
701259,22,2024-01-18 02:30:03,OPMC_LIFT,1045610000.0,230,230,232,4,0,4,49.96,0.8663,2024-01-18 02:30:11.000,2024-01-18 02:30:11.000,2024-01-18 02:30:11.000,593010720.0,4040502.0,1205994273,-121.0,94
701347,22,2024-01-18 02:40:03,OPMC_LIFT,1045610000.0,230,230,232,4,0,4,50.0,0.8667999999999999,2024-01-18 02:40:11.000,2024-01-18 02:40:11.000,2024-01-18 02:40:11.000,593011629.0,4040902.0,1205997131,-121.0,94
701435,22,2024-01-18 02:50:03,OPMC_LIFT,1045620000.0,230,230,232,4,0,4,50.03,0.8667999999999999,2024-01-18 02:50:10.000,2024-01-18 02:50:10.000,2024-01-18 02:50:10.000,593012538.0,4041302.0,1205999989,-121.0,94
701535,22,2024-01-18 03:00:03,OPMC_LIFT,1045620000.0,230,230,232,4,0,4,50.05,0.8703,2024-01-18 03:00:12.000,2024-01-18 03:00:12.000,2024-01-18 03:00:12.000,593013450.0,4041702.0,1206002853,-120.0,94
701651,22,2024-01-18 03:10:03,OPMC_LIFT,1045620000.0,230,231,232,4,0,4,50.07,0.8680999999999999,2024-01-18 03:10:13.000,2024-01-18 03:10:13.000,2024-01-18 03:10:13.000,593014358.0,4042102.0,1206005720,-108.0,94
701739,22,2024-01-18 03:20:03,OPMC_LIFT,1045620000.0,230,230,232,4,0,4,50.05,0.8677999999999999,2024-01-18 03:20:08.000,2024-01-18 03:20:08.000,2024-01-18 03:20:08.000,593015270.0,4042506.0,1206008584,-120.0,94
701823,22,2024-01-18 03:30:03,OPMC_LIFT,1045630000.0,230,231,233,4,0,4,50.06,0.8658999999999999,2024-01-18 03:30:09.000,2024-01-18 03:30:09.000,2024-01-18 03:30:09.000,593016182.0,4042906.0,1206011454,-120.0,94
701919,22,2024-01-18 03:40:03,OPMC_LIFT,1045630000.0,231,231,233,4,0,4,50.05,0.8646999999999999,2024-01-18 03:40:11.000,2024-01-18 03:40:11.000,2024-01-18 03:40:11.000,593017098.0,4043306.0,1206014328,-118.0,94
702007,22,2024-01-18 03:50:03,OPMC_LIFT,1045630000.0,231,231,233,4,0,4,50.06,0.8656999999999999,2024-01-18 03:50:09.000,2024-01-18 03:50:09.000,2024-01-18 03:50:09.000,593018013.0,4043706.0,1206017198,-109.0,94
702123,22,2024-01-18 04:00:03,OPMC_LIFT,1045630000.0,231,231,233,4,0,4,50.08,0.8676999999999999,2024-01-18 04:00:13.000,2024-01-18 04:00:13.000,2024-01-18 04:00:13.000,593018928.0,4044109.0,1206020078,-120.0,94
702219,22,2024-01-18 04:10:03,OPMC_LIFT,1045640000.0,230,230,232,4,0,4,49.97,0.8660999999999999,2024-01-18 04:10:12.000,2024-01-18 04:10:12.000,2024-01-18 04:10:12.000,593019840.0,4044509.0,1206022949,-106.0,94
702291,22,2024-01-18 04:20:03,OPMC_LIFT,1045640000.0,230,230,232,4,0,4,50.04,0.8687999999999999,2024-01-18 04:20:08.000,2024-01-18 04:20:08.000,2024-01-18 04:20:08.000,593020752.0,4044909.0,1206025809,-100.0,94
702371,22,2024-01-18 04:30:03,OPMC_LIFT,1045640000.0,230,230,232,4,0,4,50.05,0.8650999999999999,2024-01-18 04:30:08.000,2024-01-18 04:30:08.000,2024-01-18 04:30:08.000,593021661.0,4045306.0,1206028670,-108.0,94
702583,22,2024-01-18 04:50:03,OPMC_LIFT,1045650000.0,230,230,232,4,0,4,50.0,0.8679999999999999,2024-01-18 04:50:11.000,2024-01-18 04:50:11.000,2024-01-18 04:50:11.000,593023475.0,4046106.0,1206034382,-102.0,94
702683,22,2024-01-18 05:00:03,OPMC_LIFT,1045650000.0,230,230,232,4,0,4,50.01,0.8664,2024-01-18 05:00:12.000,2024-01-18 05:00:12.000,2024-01-18 05:00:12.000,593024381.0,4046506.0,1206037233,-119.0,94
702863,22,2024-01-18 05:20:03,OPMC_LIFT,1045650000.0,228,229,230,4,0,4,49.97,0.8676999999999999,2024-01-18 05:20:15.000,2024-01-18 05:20:15.000,2024-01-18 05:20:15.000,593026182.0,4047306.0,1206042904,-107.0,94
702963,22,2024-01-18 05:30:03,OPMC_LIFT,1045650000.0,228,228,230,4,0,4,50.04,0.8686999999999999,2024-01-18 05:30:12.000,2024-01-18 05:30:12.000,2024-01-18 05:30:12.000,593027072.0,4047706.0,1206045717,-120.0,94
703051,22,2024-01-18 05:40:03,OPMC_LIFT,1045660000.0,228,228,230,4,0,4,50.05,0.8679999999999999,2024-01-18 05:40:12.000,2024-01-18 05:40:12.000,2024-01-18 05:40:12.000,593027955.0,4048106.0,1206048513,-94.0,94
703227,22,2024-01-18 06:00:03,OPMC_LIFT,1045660000.0,228,228,230,4,0,4,50.01,0.8669999999999999,2024-01-18 06:00:10.000,2024-01-18 06:00:10.000,2024-01-18 06:00:10.000,593029722.0,4048906.0,1206054110,-107.0,94
703315,22,2024-01-18 06:10:03,OPMC_LIFT,1045660000.0,226,227,228,4,0,4,49.99,0.8682,2024-01-18 06:10:10.000,2024-01-18 06:10:10.000,2024-01-18 06:10:10.000,593030598.0,4049302.0,1206056901,-123.0,94
703415,22,2024-01-18 06:20:03,OPMC_LIFT,1045670000.0,226,227,228,4,0,4,50.01,0.8695999999999999,2024-01-18 06:20:11.000,2024-01-18 06:20:11.000,2024-01-18 06:20:11.000,593031469.0,4049702.0,1206059665,-113.0,94
708091,22,2024-01-18 14:34:32,OPMC_LIFT,1058200000.0,221,223,224,338,357,358,50.04,0.8674999999999999,2024-01-18 14:34:41.000,2024-01-18 14:34:41.000,2024-01-18 14:34:41.000,600119866.0,4054966.0,1220470987,-121.0,94
708167,22,2024-01-18 14:40:03,OPMC_LIFT,1058390000.0,221,223,224,336,355,356,50.02,0.8664999999999999,2024-01-18 14:40:10.000,2024-01-18 14:40:10.000,2024-01-18 14:40:10.000,600227162.0,4054966.0,1220685979,-120.0,94
708259,22,2024-01-18 14:50:03,OPMC_LIFT,1058730000.0,221,223,225,340,358,360,49.97,0.8665999999999999,2024-01-18 14:50:14.000,2024-01-18 14:50:14.000,2024-01-18 14:50:14.000,600422237.0,4054966.0,1221077445,-119.0,94
708347,22,2024-01-18 15:00:03,OPMC_LIFT,1059060000.0,222,224,226,332,351,353,50.03,0.8638999999999999,2024-01-18 15:00:14.000,2024-01-18 15:00:14.000,2024-01-18 15:00:14.000,600617501.0,4054966.0,1221466817,-119.0,94
708495,22,2024-01-18 15:20:03,OPMC_LIFT,1059750000.0,222,224,225,333,353,353,50.02,0.8650999999999999,2024-01-18 15:20:10.000,2024-01-18 15:20:10.000,2024-01-18 15:20:10.000,601010957.0,4054966.0,1222254760,-120.0,94
708583,22,2024-01-18 15:30:03,OPMC_LIFT,1060090000.0,222,224,225,342,361,361,50.0,0.8663,2024-01-18 15:30:12.000,2024-01-18 15:30:12.000,2024-01-18 15:30:12.000,601208291.0,4054966.0,1222650577,-120.0,94
708663,22,2024-01-18 15:40:03,OPMC_LIFT,1060340000.0,227,228,229,3,0,3,49.99,0.4684999999999999,2024-01-18 15:40:11.000,2024-01-18 15:40:11.000,2024-01-18 15:40:11.000,601351030.0,4055027.0,1222936014,-102.0,94
708759,22,2024-01-18 15:50:03,OPMC_LIFT,1060340000.0,228,228,230,3,0,3,50.04,0.4691999999999999,2024-01-18 15:50:13.000,2024-01-18 15:50:13.000,2024-01-18 15:50:13.000,601351869.0,4055363.0,1222938597,-121.0,94
708831,22,2024-01-18 16:00:03,OPMC_LIFT,1060340000.0,228,229,230,3,0,3,50.04,0.4674999999999999,2024-01-18 16:00:09.000,2024-01-18 16:00:09.000,2024-01-18 16:00:09.000,601352704.0,4055702.0,1222941189,-121.0,94
708923,22,2024-01-18 16:10:03,OPMC_LIFT,1060340000.0,229,230,231,5,0,4,49.98,0.8704999999999999,2024-01-18 16:10:12.000,2024-01-18 16:10:12.000,2024-01-18 16:10:12.000,601353629.0,4056125.0,1222944117,-120.0,94
709099,22,2024-01-18 16:30:03,OPMC_LIFT,1060350000.0,227,228,230,5,0,4,49.98,0.8727999999999999,2024-01-18 16:30:14.000,2024-01-18 16:30:14.000,2024-01-18 16:30:14.000,601355882.0,4057382.0,1222951595,-106.0,94
709175,22,2024-01-18 16:40:03,OPMC_LIFT,1060350000.0,228,228,230,5,0,4,50.01,0.8717999999999999,2024-01-18 16:40:15.000,2024-01-18 16:40:15.000,2024-01-18 16:40:15.000,601356992.0,4058006.0,1222955278,-120.0,94
709267,22,2024-01-18 16:50:03,OPMC_LIFT,1060360000.0,228,228,230,4,0,4,49.97,0.8657999999999999,2024-01-18 16:50:14.000,2024-01-18 16:50:14.000,2024-01-18 16:50:14.000,601358096.0,4058621.0,1222958942,-121.0,94
709411,22,2024-01-18 17:10:03,OPMC_LIFT,1060360000.0,228,228,230,4,0,4,49.98,0.8698999999999999,2024-01-18 17:10:11.000,2024-01-18 17:10:11.000,2024-01-18 17:10:11.000,601359901.0,4059411.0,1222964609,-105.0,94
709503,22,2024-01-18 17:20:03,OPMC_LIFT,1060360000.0,229,229,231,4,0,4,49.99,0.8654999999999999,2024-01-18 17:20:17.000,2024-01-18 17:20:17.000,2024-01-18 17:20:17.000,601360797.0,4059808.0,1222967422,-119.0,94
709591,22,2024-01-18 17:30:03,OPMC_LIFT,1060370000.0,229,229,231,4,0,4,49.96,0.8663,2024-01-18 17:30:12.000,2024-01-18 17:30:12.000,2024-01-18 17:30:12.000,601361699.0,4060205.0,1222970261,-119.0,94
709747,22,2024-01-18 17:50:03,OPMC_LIFT,1060370000.0,230,231,232,4,0,4,50.05,0.8623,2024-01-18 17:50:11.000,2024-01-18 17:50:11.000,2024-01-18 17:50:11.000,601363514.0,4060998.0,1222975957,-107.0,94
709847,22,2024-01-18 18:00:03,OPMC_LIFT,1060370000.0,228,229,230,4,0,4,50.03,0.8683,2024-01-18 18:00:09.000,2024-01-18 18:00:09.000,2024-01-18 18:00:09.000,601364406.0,4061398.0,1222978776,-100.0,94
709923,22,2024-01-18 18:10:03,OPMC_LIFT,1060380000.0,230,230,232,4,0,4,49.99,0.8683,2024-01-18 18:10:11.000,2024-01-18 18:10:11.000,2024-01-18 18:10:11.000,601365312.0,4061795.0,1222981621,-102.0,94
710015,22,2024-01-18 18:20:03,OPMC_LIFT,1060380000.0,229,230,232,4,0,4,49.96,0.8644999999999999,2024-01-18 18:20:12.000,2024-01-18 18:20:12.000,2024-01-18 18:20:12.000,601366221.0,4062192.0,1222984475,-119.0,94
710091,22,2024-01-18 18:30:03,OPMC_LIFT,1060380000.0,229,230,232,4,0,4,49.99,0.8668999999999999,2024-01-18 18:30:08.000,2024-01-18 18:30:08.000,2024-01-18 18:30:08.000,601367130.0,4062589.0,1222987333,-106.0,94
710167,22,2024-01-18 18:40:03,OPMC_LIFT,1060380000.0,230,230,232,4,0,4,50.03,0.8664,2024-01-18 18:40:13.000,2024-01-18 18:40:13.000,2024-01-18 18:40:13.000,601368045.0,4062989.0,1222990193,-121.0,94
710255,22,2024-01-18 18:50:03,OPMC_LIFT,1060390000.0,229,230,231,4,0,4,49.95,0.8684999999999999,2024-01-18 18:50:15.000,2024-01-18 18:50:15.000,2024-01-18 18:50:15.000,601368950.0,4063386.0,1222993045,-102.0,94
710415,22,2024-01-18 19:10:03,OPMC_LIFT,1060390000.0,226,226,228,4,0,4,50.01,0.8646999999999999,2024-01-18 19:10:17.000,2024-01-18 19:10:17.000,2024-01-18 19:10:17.000,601370720.0,4064182.0,1222998635,-109.0,94
710483,22,2024-01-18 19:20:03,OPMC_LIFT,1060390000.0,226,226,228,4,0,4,50.0,0.8682,2024-01-18 19:20:11.000,2024-01-18 19:20:11.000,2024-01-18 19:20:11.000,601371590.0,4064579.0,1223001393,-121.0,94
710587,22,2024-01-18 19:30:03,OPMC_LIFT,1060400000.0,226,226,228,4,0,4,49.99,0.8687999999999999,2024-01-18 19:30:15.000,2024-01-18 19:30:15.000,2024-01-18 19:30:15.000,601372461.0,4064976.0,1223004155,-102.0,94
710679,22,2024-01-18 19:40:03,OPMC_LIFT,1060400000.0,226,227,229,4,0,4,50.01,0.8693,2024-01-18 19:40:14.000,2024-01-18 19:40:14.000,2024-01-18 19:40:14.000,601373334.0,4065376.0,1223006926,-98.0,94
710739,22,2024-01-18 19:50:03,OPMC_LIFT,1060400000.0,226,227,229,4,0,4,50.02,0.8669999999999999,2024-01-18 19:50:16.000,2024-01-18 19:50:16.000,2024-01-18 19:50:16.000,601374208.0,4065773.0,1223009697,-121.0,94
710811,22,2024-01-18 20:00:03,OPMC_LIFT,1060400000.0,227,227,229,4,0,4,50.05,0.8668999999999999,2024-01-18 20:00:12.000,2024-01-18 20:00:12.000,2024-01-18 20:00:12.000,601375085.0,4066173.0,1223012475,-120.0,94
710903,22,2024-01-18 20:10:03,OPMC_LIFT,1060400000.0,227,227,229,4,0,4,50.02,0.8666999999999999,2024-01-18 20:10:14.000,2024-01-18 20:10:14.000,2024-01-18 20:10:14.000,601375962.0,4066570.0,1223015253,-101.0,94
711063,22,2024-01-18 20:30:03,OPMC_LIFT,1060410000.0,227,228,229,4,0,4,50.02,0.8674,2024-01-18 20:30:15.000,2024-01-18 20:30:15.000,2024-01-18 20:30:15.000,601377718.0,4067366.0,1223020814,-117.0,94
711127,22,2024-01-18 20:40:03,OPMC_LIFT,1060410000.0,227,228,229,4,0,4,49.97,0.8663,2024-01-18 20:40:16.000,2024-01-18 20:40:16.000,2024-01-18 20:40:16.000,601378598.0,4067763.0,1223023598,-107.0,94
711207,22,2024-01-18 20:50:03,OPMC_LIFT,1060410000.0,227,228,229,4,0,4,50.03,0.8693,2024-01-18 20:50:12.000,2024-01-18 20:50:12.000,2024-01-18 20:50:12.000,601379478.0,4068163.0,1223026389,-119.0,94
711439,22,2024-01-18 21:20:03,OPMC_LIFT,1060420000.0,228,228,230,4,0,4,49.95,0.8657999999999999,2024-01-18 21:20:12.000,2024-01-18 21:20:12.000,2024-01-18 21:20:12.000,601382138.0,4069357.0,1223034785,-121.0,94
711511,22,2024-01-18 21:30:03,OPMC_LIFT,1060420000.0,228,228,230,4,0,4,49.97,0.8686999999999999,2024-01-18 21:30:09.000,2024-01-18 21:30:09.000,2024-01-18 21:30:09.000,601383027.0,4069757.0,1223037595,-121.0,94
711631,22,2024-01-18 21:40:03,OPMC_LIFT,1060430000.0,228,229,230,4,0,4,49.96,0.8683,2024-01-18 21:40:14.000,2024-01-18 21:40:14.000,2024-01-18 21:40:14.000,601383917.0,4070157.0,1223040411,-99.0,94
711703,22,2024-01-18 21:50:03,OPMC_LIFT,1060430000.0,228,229,231,4,0,4,50.03,0.8649999999999999,2024-01-18 21:50:11.000,2024-01-18 21:50:11.000,2024-01-18 21:50:11.000,601384813.0,4070554.0,1223043230,-98.0,94
711759,22,2024-01-18 22:00:03,OPMC_LIFT,1060430000.0,228,229,231,4,0,4,50.0,0.8677999999999999,2024-01-18 22:00:14.000,2024-01-18 22:00:14.000,2024-01-18 22:00:14.000,601385706.0,4070954.0,1223046056,-121.0,94
711915,22,2024-01-18 22:20:03,OPMC_LIFT,1060440000.0,229,230,231,4,0,4,50.07,0.8674,2024-01-18 22:20:14.000,2024-01-18 22:20:14.000,2024-01-18 22:20:14.000,601387510.0,4071754.0,1223051739,-121.0,94
711995,22,2024-01-18 22:30:03,OPMC_LIFT,1060440000.0,229,230,232,4,0,4,50.05,0.8676999999999999,2024-01-18 22:30:15.000,2024-01-18 22:30:15.000,2024-01-18 22:30:15.000,601388416.0,4072154.0,1223054587,-104.0,94
716603,22,2024-01-19 06:33:20,OPMC_LIFT,1060560000.0,227,227,229,4,0,4,50.01,0.8672,2024-01-19 06:33:26.000,2024-01-19 06:33:26.000,2024-01-19 06:33:26.000,601431642.0,4091482.0,1223191179,-120.0,94
716759,22,2024-01-19 06:40:03,OPMC_LIFT,1060560000.0,226,227,229,4,0,4,50.05,0.8674,2024-01-19 06:40:17.000,2024-01-19 06:40:17.000,2024-01-19 06:40:17.000,601432230.0,4091750.0,1223193041,-119.0,94
716923,22,2024-01-19 07:00:03,OPMC_LIFT,1060560000.0,226,226,228,4,0,4,50.02,0.8684,2024-01-19 07:00:15.000,2024-01-19 07:00:15.000,2024-01-19 07:00:15.000,601433971.0,4092554.0,1223198581,-121.0,94
716999,22,2024-01-19 07:10:03,OPMC_LIFT,1060570000.0,224,225,226,4,0,4,49.97,0.8698999999999999,2024-01-19 07:10:09.000,2024-01-19 07:10:09.000,2024-01-19 07:10:09.000,601434832.0,4092950.0,1223201320,-119.0,94
717431,22,2024-01-19 07:50:03,OPMC_LIFT,1060580000.0,226,227,228,4,0,4,50.07,0.8696999999999999,2024-01-19 07:50:14.000,2024-01-19 07:50:14.000,2024-01-19 07:50:14.000,601438314.0,4094550.0,1223212369,-115.0,94
717747,22,2024-01-19 08:20:03,OPMC_LIFT,1060580000.0,226,226,228,4,0,4,50.05,0.8713,2024-01-19 08:20:12.000,2024-01-19 08:20:12.000,2024-01-19 08:20:12.000,601440906.0,4095747.0,1223220606,-120.0,94
717863,22,2024-01-19 08:30:03,OPMC_LIFT,1060590000.0,225,226,227,4,0,4,50.0,0.8699999999999999,2024-01-19 08:30:12.000,2024-01-19 08:30:12.000,2024-01-19 08:30:12.000,601441770.0,4096147.0,1223223355,-102.0,94
718079,22,2024-01-19 08:50:03,OPMC_LIFT,1060590000.0,225,225,226,4,0,4,50.0,0.8679999999999999,2024-01-19 08:50:15.000,2024-01-19 08:50:15.000,2024-01-19 08:50:15.000,601443485.0,4096944.0,1223228817,-107.0,94
718175,22,2024-01-19 09:00:03,OPMC_LIFT,1060640000.0,221,222,223,188,198,201,50.03,0.7504,2024-01-19 09:00:14.000,2024-01-19 09:00:14.000,2024-01-19 09:00:14.000,601481178.0,4097149.0,1223289227,-107.0,94
718263,22,2024-01-19 09:10:03,OPMC_LIFT,1060940000.0,221,223,224,343,362,360,50.08,0.8617999999999999,2024-01-19 09:10:11.000,2024-01-19 09:10:11.000,2024-01-19 09:10:11.000,601670320.0,4097149.0,1223650091,-119.0,94
718483,22,2024-01-19 09:30:03,OPMC_LIFT,1061370000.0,222,223,224,221,235,235,49.98,0.7961999999999999,2024-01-19 09:30:09.000,2024-01-19 09:30:09.000,2024-01-19 09:30:09.000,601930966.0,4097149.0,1224152241,-114.0,94
718587,22,2024-01-19 09:40:03,OPMC_LIFT,1061600000.0,222,224,225,186,193,195,50.0,0.8533,2024-01-19 09:40:10.000,2024-01-19 09:40:10.000,2024-01-19 09:40:10.000,602075987.0,4097149.0,1224421256,-121.0,94
718703,22,2024-01-19 09:50:03,OPMC_LIFT,1061810000.0,222,224,225,184,190,193,50.0,0.8532,2024-01-19 09:50:13.000,2024-01-19 09:50:13.000,2024-01-19 09:50:13.000,602212323.0,4097149.0,1224672529,-121.0,94
719027,22,2024-01-19 10:20:03,OPMC_LIFT,1062370000.0,222,223,224,186,193,195,49.98,0.8552,2024-01-19 10:20:11.000,2024-01-19 10:20:11.000,2024-01-19 10:20:11.000,602562675.0,4097149.0,1225337985,-121.0,94
719131,22,2024-01-19 10:30:03,OPMC_LIFT,1062560000.0,222,223,224,185,192,194,50.0,0.8537999999999999,2024-01-19 10:30:08.000,2024-01-19 10:30:08.000,2024-01-19 10:30:08.000,602672781.0,4097149.0,1225550549,-101.0,94
719235,22,2024-01-19 10:40:03,OPMC_LIFT,1062740000.0,222,223,225,188,194,196,49.94,0.8547999999999999,2024-01-19 10:40:11.000,2024-01-19 10:40:11.000,2024-01-19 10:40:11.000,602783126.0,4097149.0,1225763089,-120.0,94
719339,22,2024-01-19 10:50:03,OPMC_LIFT,1062920000.0,222,224,225,185,191,194,49.99,0.8548999999999999,2024-01-19 10:50:12.000,2024-01-19 10:50:12.000,2024-01-19 10:50:12.000,602893699.0,4097149.0,1225977003,-109.0,94
719435,22,2024-01-19 11:00:03,OPMC_LIFT,1063100000.0,223,224,225,185,191,193,50.03,0.8532,2024-01-19 11:00:17.000,2024-01-19 11:00:17.000,2024-01-19 11:00:17.000,603004467.0,4097149.0,1226189966,-108.0,94
719527,22,2024-01-19 11:10:03,OPMC_LIFT,1063280000.0,223,224,225,187,193,195,50.01,0.8534999999999999,2024-01-19 11:10:09.000,2024-01-19 11:10:09.000,2024-01-19 11:10:09.000,603115581.0,4097149.0,1226403813,-118.0,94
719651,22,2024-01-19 11:20:03,OPMC_LIFT,1063470000.0,223,225,226,185,191,194,50.03,0.8518999999999999,2024-01-19 11:20:11.000,2024-01-19 11:20:11.000,2024-01-19 11:20:11.000,603227190.0,4097149.0,1226617953,-94.0,94
719767,22,2024-01-19 11:30:03,OPMC_LIFT,1063650000.0,226,227,228,183,189,193,49.99,0.8432999999999999,2024-01-19 11:30:13.000,2024-01-19 11:30:13.000,2024-01-19 11:30:13.000,603340499.0,4097149.0,1226832293,-115.0,94
719867,22,2024-01-19 11:40:03,OPMC_LIFT,1063830000.0,226,228,229,183,189,193,49.98,0.8422,2024-01-19 11:40:09.000,2024-01-19 11:40:09.000,2024-01-19 11:40:09.000,603456195.0,4097149.0,1227047691,-111.0,94
719971,22,2024-01-19 11:50:03,OPMC_LIFT,1064010000.0,225,226,227,183,190,193,50.01,0.8465999999999999,2024-01-19 11:50:13.000,2024-01-19 11:50:13.000,2024-01-19 11:50:13.000,603571050.0,4097149.0,1227262017,-120.0,94
720203,22,2024-01-19 12:10:03,OPMC_LIFT,1064370000.0,226,227,228,183,190,193,49.99,0.8443999999999999,2024-01-19 12:10:12.000,2024-01-19 12:10:12.000,2024-01-19 12:10:12.000,603799181.0,4097149.0,1227690558,-110.0,94
720311,22,2024-01-19 12:20:03,OPMC_LIFT,1064560000.0,226,227,228,184,191,194,49.99,0.8456999999999999,2024-01-19 12:20:13.000,2024-01-19 12:20:13.000,2024-01-19 12:20:13.000,603914035.0,4097149.0,1227905336,-102.0,94
720395,22,2024-01-19 12:30:03,OPMC_LIFT,1064740000.0,226,227,229,184,191,194,50.06,0.8455999999999999,2024-01-19 12:30:11.000,2024-01-19 12:30:11.000,2024-01-19 12:30:11.000,604029389.0,4097149.0,1228121374,-120.0,94
720635,22,2024-01-19 12:50:03,OPMC_LIFT,1065100000.0,225,226,228,186,192,196,50.0,0.848,2024-01-19 12:50:10.000,2024-01-19 12:50:10.000,2024-01-19 12:50:10.000,604259712.0,4097149.0,1228553880,-119.0,94
720735,22,2024-01-19 13:00:03,OPMC_LIFT,1065290000.0,223,225,226,186,192,195,49.93,0.8512,2024-01-19 13:00:11.000,2024-01-19 13:00:11.000,2024-01-19 13:00:11.000,604373530.0,4097149.0,1228770040,-120.0,94
720839,22,2024-01-19 13:10:03,OPMC_LIFT,1065470000.0,221,222,223,189,196,197,50.03,0.8602,2024-01-19 13:10:12.000,2024-01-19 13:10:12.000,2024-01-19 13:10:12.000,604484218.0,4097149.0,1228984808,-115.0,94
721151,22,2024-01-19 13:40:03,OPMC_LIFT,1066020000.0,222,224,225,188,193,196,50.03,0.8556999999999999,2024-01-19 13:40:10.000,2024-01-19 13:40:10.000,2024-01-19 13:40:10.000,604817776.0,4097149.0,1229627125,-121.0,94
721255,22,2024-01-19 13:50:03,OPMC_LIFT,1066200000.0,222,223,225,187,192,195,50.01,0.8557999999999999,2024-01-19 13:50:11.000,2024-01-19 13:50:11.000,2024-01-19 13:50:11.000,604928720.0,4097149.0,1229841454,-100.0,94
721571,22,2024-01-19 14:20:03,OPMC_LIFT,1066760000.0,222,224,225,189,195,196,50.06,0.8571,2024-01-19 14:20:12.000,2024-01-19 14:20:12.000,2024-01-19 14:20:12.000,605263114.0,4097149.0,1230491326,-119.0,94
721695,22,2024-01-19 14:30:03,OPMC_LIFT,1066950000.0,223,224,225,189,196,197,50.07,0.8563999999999999,2024-01-19 14:30:17.000,2024-01-19 14:30:17.000,2024-01-19 14:30:17.000,605374816.0,4097149.0,1230707745,-102.0,94
721855,22,2024-01-19 14:40:03,OPMC_LIFT,1067130000.0,223,224,225,188,196,197,50.03,0.8549999999999999,2024-01-19 14:40:10.000,2024-01-19 14:40:10.000,2024-01-19 14:40:10.000,605486214.0,4097149.0,1230923048,-109.0,94
722051,22,2024-01-19 15:00:03,OPMC_LIFT,1067500000.0,223,224,225,191,197,198,49.98,0.8576999999999999,2024-01-19 15:00:11.000,2024-01-19 15:00:11.000,2024-01-19 15:00:11.000,605710902.0,4097149.0,1231358469,-118.0,94
722139,22,2024-01-19 15:10:03,OPMC_LIFT,1067690000.0,222,224,225,189,196,198,50.01,0.8559999999999999,2024-01-19 15:10:14.000,2024-01-19 15:10:14.000,2024-01-19 15:10:14.000,605823814.0,4097149.0,1231577217,-111.0,94
722227,22,2024-01-19 15:20:03,OPMC_LIFT,1067880000.0,222,224,225,188,195,196,50.0,0.8558999999999999,2024-01-19 15:20:09.000,2024-01-19 15:20:09.000,2024-01-19 15:20:09.000,605935725.0,4097149.0,1231794638,-108.0,94
722339,22,2024-01-19 15:30:03,OPMC_LIFT,1068060000.0,225,226,227,28,26,29,50.0,0.8564999999999999,2024-01-19 15:30:13.000,2024-01-19 15:30:13.000,2024-01-19 15:30:13.000,606044256.0,4097149.0,1232004593,-121.0,94
722423,22,2024-01-19 15:40:03,OPMC_LIFT,1068060000.0,226,226,228,3,0,0,50.04,0.0,2024-01-19 15:40:13.000,2024-01-19 15:40:13.000,2024-01-19 15:40:13.000,606046102.0,4097149.0,1232007867,-120.0,94
722523,22,2024-01-19 15:50:03,OPMC_LIFT,1068060000.0,226,227,228,3,0,0,49.97,0.0,2024-01-19 15:50:13.000,2024-01-19 15:50:13.000,2024-01-19 15:50:13.000,606046842.0,4097149.0,1232009013,-108.0,94
722615,22,2024-01-19 16:00:03,OPMC_LIFT,1068060000.0,226,227,228,3,0,0,49.98,0.0,2024-01-19 16:00:12.000,2024-01-19 16:00:12.000,2024-01-19 16:00:12.000,606047581.0,4097149.0,1232010155,-121.0,94
722703,22,2024-01-19 16:10:03,OPMC_LIFT,1068060000.0,227,228,229,4,0,4,49.96,0.8695999999999999,2024-01-19 16:10:13.000,2024-01-19 16:10:13.000,2024-01-19 16:10:13.000,606048394.0,4097354.0,1232012139,-120.0,94
722803,22,2024-01-19 16:20:03,OPMC_LIFT,1068070000.0,227,227,229,4,0,4,49.96,0.8684,2024-01-19 16:20:10.000,2024-01-19 16:20:10.000,2024-01-19 16:20:10.000,606049274.0,4097757.0,1232014923,-120.0,94
723003,22,2024-01-19 16:40:03,OPMC_LIFT,1068070000.0,229,229,230,4,0,4,50.03,0.8655999999999999,2024-01-19 16:40:17.000,2024-01-19 16:40:17.000,2024-01-19 16:40:17.000,606051050.0,4098560.0,1232020520,-107.0,94
723091,22,2024-01-19 16:50:03,OPMC_LIFT,1068070000.0,229,229,231,4,0,4,50.02,0.8680999999999999,2024-01-19 16:50:09.000,2024-01-19 16:50:09.000,2024-01-19 16:50:09.000,606051946.0,4098960.0,1232023336,-102.0,94
723167,22,2024-01-19 17:00:03,OPMC_LIFT,1068080000.0,230,230,231,4,0,4,49.98,0.8687999999999999,2024-01-19 17:00:10.000,2024-01-19 17:00:10.000,2024-01-19 17:00:10.000,606052848.0,4099363.0,1232026174,-103.0,94
723251,22,2024-01-19 17:10:02,OPMC_LIFT,1068080000.0,228,228,230,4,0,4,49.96,0.8653,2024-01-19 17:10:10.000,2024-01-19 17:10:10.000,2024-01-19 17:10:10.000,606053754.0,4099763.0,1232029016,-119.0,94
723471,22,2024-01-19 17:30:02,OPMC_LIFT,1068080000.0,229,230,231,4,0,4,50.03,0.8685999999999999,2024-01-19 17:30:12.000,2024-01-19 17:30:12.000,2024-01-19 17:30:12.000,606055552.0,4100570.0,1232034673,-123.0,94
723575,22,2024-01-19 17:40:03,OPMC_LIFT,1068090000.0,230,230,232,4,0,4,50.04,0.8660999999999999,2024-01-19 17:40:14.000,2024-01-19 17:40:14.000,2024-01-19 17:40:14.000,606056458.0,4100973.0,1232037518,-120.0,94
723683,22,2024-01-19 17:50:02,OPMC_LIFT,1068090000.0,230,230,232,4,0,4,50.03,0.8660999999999999,2024-01-19 17:50:12.000,2024-01-19 17:50:12.000,2024-01-19 17:50:12.000,606057363.0,4101373.0,1232040363,-120.0,94
723763,22,2024-01-19 18:00:02,OPMC_LIFT,1068090000.0,228,229,230,4,0,4,50.03,0.8662,2024-01-19 18:00:09.000,2024-01-19 18:00:09.000,2024-01-19 18:00:09.000,606058266.0,4101776.0,1232043208,-121.0,94
723907,22,2024-01-19 18:10:03,OPMC_LIFT,1068090000.0,229,229,231,4,0,4,49.99,0.8678999999999999,2024-01-19 18:10:16.000,2024-01-19 18:10:16.000,2024-01-19 18:10:16.000,606059165.0,4102176.0,1232046033,-106.0,94
723983,22,2024-01-19 18:20:03,OPMC_LIFT,1068090000.0,229,229,231,4,0,4,49.96,0.8678999999999999,2024-01-19 18:20:09.000,2024-01-19 18:20:09.000,2024-01-19 18:20:09.000,606060067.0,4102576.0,1232048869,-100.0,94
724087,22,2024-01-19 18:30:03,OPMC_LIFT,1068100000.0,229,229,231,4,0,4,49.97,0.8676999999999999,2024-01-19 18:30:12.000,2024-01-19 18:30:12.000,2024-01-19 18:30:12.000,606060966.0,4102979.0,1232051697,-119.0,94
724191,22,2024-01-19 18:40:03,OPMC_LIFT,1068100000.0,229,229,231,4,0,4,50.0,0.8667999999999999,2024-01-19 18:40:15.000,2024-01-19 18:40:15.000,2024-01-19 18:40:15.000,606061866.0,4103379.0,1232054526,-104.0,94
724283,22,2024-01-19 18:50:03,OPMC_LIFT,1068100000.0,229,229,231,4,0,4,50.03,0.8674,2024-01-19 18:50:14.000,2024-01-19 18:50:14.000,2024-01-19 18:50:14.000,606062768.0,4103782.0,1232057361,-120.0,94
724387,22,2024-01-19 19:00:03,OPMC_LIFT,1068100000.0,229,229,231,4,0,4,49.96,0.8678999999999999,2024-01-19 19:00:11.000,2024-01-19 19:00:11.000,2024-01-19 19:00:11.000,606063667.0,4104182.0,1232060187,-98.0,94
724571,22,2024-01-19 19:20:03,OPMC_LIFT,1068110000.0,225,225,226,4,0,4,50.0,0.8685999999999999,2024-01-19 19:20:09.000,2024-01-19 19:20:09.000,2024-01-19 19:20:09.000,606065443.0,4104986.0,1232065787,-121.0,94
724763,22,2024-01-19 19:40:03,OPMC_LIFT,1068110000.0,226,226,228,4,0,4,49.95,0.8664,2024-01-19 19:40:14.000,2024-01-19 19:40:14.000,2024-01-19 19:40:14.000,606067178.0,4105786.0,1232071288,-118.0,94
724871,22,2024-01-19 19:50:03,OPMC_LIFT,1068120000.0,226,226,228,4,0,4,49.99,0.8683,2024-01-19 19:50:12.000,2024-01-19 19:50:12.000,2024-01-19 19:50:12.000,606068045.0,4106186.0,1232074049,-109.0,94
724971,22,2024-01-19 20:00:03,OPMC_LIFT,1068120000.0,226,227,228,4,0,4,49.99,0.8662,2024-01-19 20:00:12.000,2024-01-19 20:00:12.000,2024-01-19 20:00:12.000,606068912.0,4106586.0,1232076805,-105.0,94
725079,22,2024-01-19 20:10:03,OPMC_LIFT,1068120000.0,226,227,228,4,0,4,49.94,0.8672,2024-01-19 20:10:13.000,2024-01-19 20:10:13.000,2024-01-19 20:10:13.000,606069786.0,4106986.0,1232079566,-101.0,94
725187,22,2024-01-19 20:20:03,OPMC_LIFT,1068120000.0,226,227,228,4,0,4,49.98,0.8694999999999999,2024-01-19 20:20:13.000,2024-01-19 20:20:13.000,2024-01-19 20:20:13.000,606070659.0,4107386.0,1232082334,-120.0,94
725271,22,2024-01-19 20:30:03,OPMC_LIFT,1068130000.0,226,227,228,4,0,4,50.0,0.8688999999999999,2024-01-19 20:30:13.000,2024-01-19 20:30:13.000,2024-01-19 20:30:13.000,606071533.0,4107786.0,1232085102,-121.0,94
725355,22,2024-01-19 20:40:03,OPMC_LIFT,1068130000.0,227,227,228,4,0,4,50.03,0.8665999999999999,2024-01-19 20:40:10.000,2024-01-19 20:40:10.000,2024-01-19 20:40:10.000,606072403.0,4108186.0,1232087864,-105.0,94
725663,22,2024-01-19 21:10:03,OPMC_LIFT,1068140000.0,227,228,229,4,0,4,49.95,0.8686999999999999,2024-01-19 21:10:14.000,2024-01-19 21:10:14.000,2024-01-19 21:10:14.000,606075030.0,4109389.0,1232096187,-108.0,94
725747,22,2024-01-19 21:20:03,OPMC_LIFT,1068140000.0,227,227,229,4,0,4,50.0,0.8688999999999999,2024-01-19 21:20:10.000,2024-01-19 21:20:10.000,2024-01-19 21:20:10.000,606075910.0,4109789.0,1232098971,-107.0,94
725839,22,2024-01-19 21:30:03,OPMC_LIFT,1068140000.0,227,227,229,4,0,4,50.05,0.8676999999999999,2024-01-19 21:30:14.000,2024-01-19 21:30:14.000,2024-01-19 21:30:14.000,606076787.0,4110189.0,1232101752,-120.0,94
725955,22,2024-01-19 21:40:03,OPMC_LIFT,1068140000.0,227,228,229,4,0,4,50.04,0.8672,2024-01-19 21:40:15.000,2024-01-19 21:40:15.000,2024-01-19 21:40:15.000,606077667.0,4110592.0,1232104536,-102.0,94
726139,22,2024-01-19 22:00:03,OPMC_LIFT,1068150000.0,228,228,230,4,0,4,50.03,0.8682,2024-01-19 22:00:15.000,2024-01-19 22:00:15.000,2024-01-19 22:00:15.000,606079430.0,4111395.0,1232110117,-107.0,94
726235,22,2024-01-19 22:10:03,OPMC_LIFT,1068150000.0,228,228,230,4,0,4,49.96,0.8700999999999999,2024-01-19 22:10:12.000,2024-01-19 22:10:12.000,2024-01-19 22:10:12.000,606080317.0,4111795.0,1232112913,-121.0,94
726335,22,2024-01-19 22:20:03,OPMC_LIFT,1068150000.0,228,228,230,4,0,4,49.97,0.8655999999999999,2024-01-19 22:20:11.000,2024-01-19 22:20:11.000,2024-01-19 22:20:11.000,606081203.0,4112195.0,1232115720,-118.0,94
726523,22,2024-01-19 22:34:39,OPMC_LIFT,1068160000.0,228,228,230,4,0,4,49.98,0.8663,2024-01-19 22:34:47.000,2024-01-19 22:34:47.000,2024-01-19 22:34:47.000,606082506.0,4112781.0,1232119819,-121.0,94
726615,22,2024-01-19 22:40:03,OPMC_LIFT,1068160000.0,228,229,230,4,0,4,50.05,0.8679999999999999,2024-01-19 22:40:11.000,2024-01-19 22:40:11.000,2024-01-19 22:40:11.000,606082986.0,4112998.0,1232121336,-102.0,94
726783,22,2024-01-19 23:00:03,OPMC_LIFT,1068160000.0,229,229,231,4,0,4,50.01,0.8675999999999999,2024-01-19 23:00:08.000,2024-01-19 23:00:08.000,2024-01-19 23:00:08.000,606084768.0,4113798.0,1232126965,-107.0,94
726891,22,2024-01-19 23:10:03,OPMC_LIFT,1068170000.0,228,229,231,4,0,4,50.0,0.8666999999999999,2024-01-19 23:10:12.000,2024-01-19 23:10:12.000,2024-01-19 23:10:12.000,606085664.0,4114202.0,1232129790,-123.0,94
726991,22,2024-01-19 23:20:03,OPMC_LIFT,1068170000.0,229,229,231,4,0,4,49.98,0.8644999999999999,2024-01-19 23:20:13.000,2024-01-19 23:20:13.000,2024-01-19 23:20:13.000,606086560.0,4114602.0,1232132613,-119.0,94
727187,22,2024-01-19 23:40:03,OPMC_LIFT,1068170000.0,228,229,230,4,0,4,49.99,0.8659999999999999,2024-01-19 23:40:13.000,2024-01-19 23:40:13.000,2024-01-19 23:40:13.000,606088352.0,4115405.0,1232138261,-105.0,94
727295,22,2024-01-19 23:50:03,OPMC_LIFT,1068170000.0,228,229,230,4,0,4,50.0,0.8664999999999999,2024-01-19 23:50:13.000,2024-01-19 23:50:13.000,2024-01-19 23:50:13.000,606089245.0,4115805.0,1232141073,-106.0,94
727387,22,2024-01-20 00:00:03,OPMC_LIFT,1068180000.0,229,229,231,4,0,4,50.04,0.8673,2024-01-20 00:00:10.000,2024-01-20 00:00:10.000,2024-01-20 00:00:10.000,606090138.0,4116208.0,1232143893,-100.0,94
727487,22,2024-01-20 00:10:03,OPMC_LIFT,1068180000.0,229,229,231,4,0,4,49.99,0.8680999999999999,2024-01-20 00:10:13.000,2024-01-20 00:10:13.000,2024-01-20 00:10:13.000,606091037.0,4116608.0,1232146721,-109.0,94
727583,22,2024-01-20 00:20:03,OPMC_LIFT,1068180000.0,226,227,228,4,0,4,49.93,0.8679999999999999,2024-01-20 00:20:15.000,2024-01-20 00:20:15.000,2024-01-20 00:20:15.000,606091917.0,4117008.0,1232149509,-119.0,94
727659,22,2024-01-20 00:30:03,OPMC_LIFT,1068180000.0,226,227,228,4,0,4,49.96,0.8694,2024-01-20 00:30:12.000,2024-01-20 00:30:12.000,2024-01-20 00:30:12.000,606092790.0,4117408.0,1232152280,-119.0,94
727735,22,2024-01-20 00:40:03,OPMC_LIFT,1068190000.0,227,227,229,4,0,4,49.98,0.8690999999999999,2024-01-20 00:40:12.000,2024-01-20 00:40:12.000,2024-01-20 00:40:12.000,606093664.0,4117808.0,1232155048,-100.0,94
727919,22,2024-01-20 01:00:03,OPMC_LIFT,1068190000.0,227,227,229,4,0,4,49.98,0.8648999999999999,2024-01-20 01:00:10.000,2024-01-20 01:00:10.000,2024-01-20 01:00:10.000,606095414.0,4118608.0,1232160603,-105.0,94
728011,22,2024-01-20 01:10:03,OPMC_LIFT,1068190000.0,227,227,229,4,0,4,50.03,0.8648999999999999,2024-01-20 01:10:11.000,2024-01-20 01:10:11.000,2024-01-20 01:10:11.000,606096291.0,4119008.0,1232163381,-121.0,94
728199,22,2024-01-20 01:20:03,OPMC_LIFT,1068200000.0,227,227,229,4,0,4,50.02,0.8674,2024-01-20 01:20:15.000,2024-01-20 01:20:15.000,2024-01-20 01:20:15.000,606097171.0,4119411.0,1232166161,-98.0,94
728263,22,2024-01-20 01:30:03,OPMC_LIFT,1068200000.0,227,227,229,4,0,4,49.99,0.8665999999999999,2024-01-20 01:30:07.000,2024-01-20 01:30:07.000,2024-01-20 01:30:07.000,606098048.0,4119811.0,1232168949,-113.0,94
728471,22,2024-01-20 01:50:03,OPMC_LIFT,1068200000.0,227,227,229,4,0,4,49.98,0.8669999999999999,2024-01-20 01:50:12.000,2024-01-20 01:50:12.000,2024-01-20 01:50:12.000,606099808.0,4120611.0,1232174517,-105.0,94
728651,22,2024-01-20 02:10:03,OPMC_LIFT,1068210000.0,227,228,230,4,0,4,49.98,0.8677999999999999,2024-01-20 02:10:15.000,2024-01-20 02:10:15.000,2024-01-20 02:10:15.000,606101574.0,4121411.0,1232180101,-121.0,94
728819,22,2024-01-20 02:30:03,OPMC_LIFT,1068210000.0,228,228,230,4,0,4,49.98,0.8665999999999999,2024-01-20 02:30:09.000,2024-01-20 02:30:09.000,2024-01-20 02:30:09.000,606103344.0,4122211.0,1232185701,-106.0,94
728931,22,2024-01-20 02:40:03,OPMC_LIFT,1068220000.0,228,229,230,4,0,4,49.97,0.8662,2024-01-20 02:40:11.000,2024-01-20 02:40:11.000,2024-01-20 02:40:11.000,606104230.0,4122614.0,1232188510,-102.0,94
729219,22,2024-01-20 03:10:03,OPMC_LIFT,1068220000.0,228,229,231,4,0,4,50.02,0.8668999999999999,2024-01-20 03:10:10.000,2024-01-20 03:10:10.000,2024-01-20 03:10:10.000,606106909.0,4123814.0,1232196961,-123.0,94
729587,22,2024-01-20 03:50:03,OPMC_LIFT,1068230000.0,229,229,231,4,0,4,50.0,0.8669999999999999,2024-01-20 03:50:08.000,2024-01-20 03:50:08.000,2024-01-20 03:50:08.000,606110493.0,4125418.0,1232208267,-123.0,94
729675,22,2024-01-20 04:00:03,OPMC_LIFT,1068240000.0,229,229,231,4,0,4,49.96,0.8670999999999999,2024-01-20 04:00:08.000,2024-01-20 04:00:08.000,2024-01-20 04:00:08.000,606111389.0,4125821.0,1232211093,-119.0,94
729963,22,2024-01-20 04:30:03,OPMC_LIFT,1068240000.0,228,229,231,4,0,4,50.01,0.8685999999999999,2024-01-20 04:30:09.000,2024-01-20 04:30:09.000,2024-01-20 04:30:09.000,606114074.0,4127021.0,1232219553,-121.0,94
730075,22,2024-01-20 04:40:03,OPMC_LIFT,1068250000.0,228,228,230,4,0,4,50.01,0.8695999999999999,2024-01-20 04:40:12.000,2024-01-20 04:40:12.000,2024-01-20 04:40:12.000,606114963.0,4127421.0,1232222369,-120.0,94
730259,22,2024-01-20 05:00:03,OPMC_LIFT,1068250000.0,228,229,230,4,0,4,50.0,0.8712,2024-01-20 05:00:16.000,2024-01-20 05:00:16.000,2024-01-20 05:00:16.000,606116746.0,4128224.0,1232227995,-105.0,94
730351,22,2024-01-20 05:10:03,OPMC_LIFT,1068250000.0,228,228,230,4,0,4,49.96,0.8668999999999999,2024-01-20 05:10:14.000,2024-01-20 05:10:14.000,2024-01-20 05:10:14.000,606117632.0,4128624.0,1232230808,-121.0,94
730435,22,2024-01-20 05:20:03,OPMC_LIFT,1068260000.0,227,228,230,4,0,4,50.0,0.8675999999999999,2024-01-20 05:20:10.000,2024-01-20 05:20:10.000,2024-01-20 05:20:10.000,606118518.0,4129024.0,1232233611,-102.0,94
730523,22,2024-01-20 05:30:03,OPMC_LIFT,1068260000.0,228,228,230,4,0,4,50.0,0.8690999999999999,2024-01-20 05:30:08.000,2024-01-20 05:30:08.000,2024-01-20 05:30:08.000,606119405.0,4129427.0,1232236414,-121.0,94
730847,22,2024-01-20 06:00:03,OPMC_LIFT,1068260000.0,228,228,230,4,0,4,50.06,0.8670999999999999,2024-01-20 06:00:12.000,2024-01-20 06:00:12.000,2024-01-20 06:00:12.000,606122054.0,4130630.0,1232244801,-100.0,94
731027,22,2024-01-20 06:20:03,OPMC_LIFT,1068270000.0,227,228,229,4,0,4,50.06,0.8700999999999999,2024-01-20 06:20:16.000,2024-01-20 06:20:16.000,2024-01-20 06:20:16.000,606123818.0,4131434.0,1232250385,-107.0,94
731111,22,2024-01-20 06:30:03,OPMC_LIFT,1068270000.0,227,228,229,4,0,4,50.06,0.8684999999999999,2024-01-20 06:30:14.000,2024-01-20 06:30:14.000,2024-01-20 06:30:14.000,606124694.0,4131837.0,1232253166,-121.0,94
731239,22,2024-01-20 06:40:03,OPMC_LIFT,1068270000.0,227,227,229,4,0,4,49.97,0.8712,2024-01-20 06:40:11.000,2024-01-20 06:40:11.000,2024-01-20 06:40:11.000,606125568.0,4132240.0,1232255944,-108.0,94
731335,22,2024-01-20 06:50:03,OPMC_LIFT,1068280000.0,227,227,229,4,0,4,50.04,0.8705999999999999,2024-01-20 06:50:10.000,2024-01-20 06:50:10.000,2024-01-20 06:50:10.000,606126442.0,4132640.0,1232258715,-123.0,94
731547,22,2024-01-20 07:10:02,OPMC_LIFT,1068280000.0,226,226,228,4,0,4,49.95,0.8697999999999999,2024-01-20 07:10:15.000,2024-01-20 07:10:15.000,2024-01-20 07:10:15.000,606128182.0,4133443.0,1232264241,-121.0,94
731619,22,2024-01-20 07:20:02,OPMC_LIFT,1068280000.0,227,228,230,4,0,4,50.01,0.8672,2024-01-20 07:20:10.000,2024-01-20 07:20:10.000,2024-01-20 07:20:10.000,606129046.0,4133843.0,1232266987,-108.0,94
731719,22,2024-01-20 07:30:02,OPMC_LIFT,1068290000.0,227,227,229,4,0,4,49.99,0.8657999999999999,2024-01-20 07:30:14.000,2024-01-20 07:30:14.000,2024-01-20 07:30:14.000,606129926.0,4134246.0,1232269774,-105.0,94
731811,22,2024-01-20 07:40:02,OPMC_LIFT,1068290000.0,226,227,228,4,0,4,50.01,0.8675999999999999,2024-01-20 07:40:13.000,2024-01-20 07:40:13.000,2024-01-20 07:40:13.000,606130800.0,4134650.0,1232272542,-119.0,94
731999,22,2024-01-20 08:00:02,OPMC_LIFT,1068290000.0,226,226,228,4,0,4,49.97,0.8682,2024-01-20 08:00:09.000,2024-01-20 08:00:09.000,2024-01-20 08:00:09.000,606132534.0,4135453.0,1232278062,-111.0,94
732111,22,2024-01-20 08:10:03,OPMC_LIFT,1068300000.0,225,225,227,4,0,4,49.98,0.8698999999999999,2024-01-20 08:10:13.000,2024-01-20 08:10:13.000,2024-01-20 08:10:13.000,606133398.0,4135853.0,1232280805,-121.0,94
732183,22,2024-01-20 08:20:03,OPMC_LIFT,1068300000.0,227,227,229,4,0,4,49.95,0.8655999999999999,2024-01-20 08:20:07.000,2024-01-20 08:20:07.000,2024-01-20 08:20:07.000,606134266.0,4136253.0,1232283560,-101.0,94
732399,22,2024-01-20 08:40:03,OPMC_LIFT,1068300000.0,226,227,228,4,0,4,50.01,0.8684999999999999,2024-01-20 08:40:14.000,2024-01-20 08:40:14.000,2024-01-20 08:40:14.000,606136013.0,4137056.0,1232289096,-120.0,94
732491,22,2024-01-20 08:50:03,OPMC_LIFT,1068310000.0,226,226,227,4,0,4,50.02,0.8655999999999999,2024-01-20 08:50:15.000,2024-01-20 08:50:15.000,2024-01-20 08:50:15.000,606136877.0,4137459.0,1232291845,-102.0,94
732587,22,2024-01-20 09:00:03,OPMC_LIFT,1068310000.0,225,226,227,4,0,3,49.95,0.8675999999999999,2024-01-20 09:00:10.000,2024-01-20 09:00:10.000,2024-01-20 09:00:10.000,606137741.0,4137859.0,1232294587,-102.0,94
732791,22,2024-01-20 09:20:03,OPMC_LIFT,1068310000.0,227,227,229,4,0,4,49.96,0.8676999999999999,2024-01-20 09:20:12.000,2024-01-20 09:20:12.000,2024-01-20 09:20:12.000,606139482.0,4138662.0,1232300117,-121.0,94
732995,22,2024-01-20 09:40:03,OPMC_LIFT,1068320000.0,227,227,228,4,0,4,50.04,0.8660999999999999,2024-01-20 09:40:14.000,2024-01-20 09:40:14.000,2024-01-20 09:40:14.000,606141232.0,4139466.0,1232305653,-102.0,94
733207,22,2024-01-20 10:00:03,OPMC_LIFT,1068320000.0,225,226,227,4,0,4,50.02,0.8690999999999999,2024-01-20 10:00:15.000,2024-01-20 10:00:15.000,2024-01-20 10:00:15.000,606142966.0,4140269.0,1232311160,-121.0,94
733275,22,2024-01-20 10:10:03,OPMC_LIFT,1068320000.0,225,226,227,4,0,4,50.0,0.8683,2024-01-20 10:10:11.000,2024-01-20 10:10:11.000,2024-01-20 10:10:11.000,606143824.0,4140669.0,1232313886,-120.0,94
733387,22,2024-01-20 10:20:03,OPMC_LIFT,1068330000.0,225,226,227,4,0,3,50.0,0.8674,2024-01-20 10:20:12.000,2024-01-20 10:20:12.000,2024-01-20 10:20:12.000,606144682.0,4141069.0,1232316616,-119.0,94
733471,22,2024-01-20 10:30:02,OPMC_LIFT,1068330000.0,225,226,227,4,0,3,50.02,0.8684999999999999,2024-01-20 10:30:08.000,2024-01-20 10:30:08.000,2024-01-20 10:30:08.000,606145536.0,4141469.0,1232319345,-118.0,94
733659,22,2024-01-20 10:50:03,OPMC_LIFT,1068330000.0,225,226,227,4,0,4,49.97,0.8683,2024-01-20 10:50:09.000,2024-01-20 10:50:09.000,2024-01-20 10:50:09.000,606147248.0,4142272.0,1232324795,-105.0,94
733851,22,2024-01-20 11:10:03,OPMC_LIFT,1068340000.0,225,225,226,4,0,3,49.94,0.8685999999999999,2024-01-20 11:10:09.000,2024-01-20 11:10:09.000,2024-01-20 11:10:09.000,606148960.0,4143072.0,1232330241,-103.0,94
733947,22,2024-01-20 11:20:03,OPMC_LIFT,1068340000.0,225,226,227,4,0,4,49.97,0.8696999999999999,2024-01-20 11:20:07.000,2024-01-20 11:20:07.000,2024-01-20 11:20:07.000,606149818.0,4143472.0,1232332968,-106.0,94
734163,22,2024-01-20 11:40:03,OPMC_LIFT,1068350000.0,225,226,227,4,0,4,50.02,0.8665999999999999,2024-01-20 11:40:14.000,2024-01-20 11:40:14.000,2024-01-20 11:40:14.000,606151533.0,4144275.0,1232338424,-120.0,94
734355,22,2024-01-20 12:00:03,OPMC_LIFT,1068350000.0,226,227,228,4,0,4,50.02,0.8690999999999999,2024-01-20 12:00:15.000,2024-01-20 12:00:15.000,2024-01-20 12:00:15.000,606153258.0,4145075.0,1232343912,-111.0,94
734423,22,2024-01-20 12:10:03,OPMC_LIFT,1068350000.0,227,227,228,4,0,4,50.0,0.8663,2024-01-20 12:10:07.000,2024-01-20 12:10:07.000,2024-01-20 12:10:07.000,606154131.0,4145478.0,1232346680,-121.0,94
734543,22,2024-01-20 12:20:03,OPMC_LIFT,1068360000.0,226,227,228,4,0,4,49.96,0.8694,2024-01-20 12:20:12.000,2024-01-20 12:20:12.000,2024-01-20 12:20:12.000,606155002.0,4145878.0,1232349441,-120.0,94
734727,22,2024-01-20 12:40:03,OPMC_LIFT,1068360000.0,226,227,228,4,0,4,49.98,0.8654999999999999,2024-01-20 12:40:12.000,2024-01-20 12:40:12.000,2024-01-20 12:40:12.000,606156746.0,4146682.0,1232354971,-121.0,94
734823,22,2024-01-20 12:50:03,OPMC_LIFT,1068360000.0,227,227,228,4,0,4,50.0,0.8688999999999999,2024-01-20 12:50:10.000,2024-01-20 12:50:10.000,2024-01-20 12:50:10.000,606157616.0,4147082.0,1232357733,-106.0,94
734931,22,2024-01-20 13:00:03,OPMC_LIFT,1068370000.0,226,227,228,4,0,4,49.97,0.8699999999999999,2024-01-20 13:00:11.000,2024-01-20 13:00:11.000,2024-01-20 13:00:11.000,606158486.0,4147482.0,1232360491,-102.0,94
735123,22,2024-01-20 13:20:03,OPMC_LIFT,1068370000.0,225,226,227,4,0,4,50.01,0.8684,2024-01-20 13:20:14.000,2024-01-20 13:20:14.000,2024-01-20 13:20:14.000,606160202.0,4148282.0,1232365963,-120.0,94
735223,22,2024-01-20 13:30:03,OPMC_LIFT,1068370000.0,225,226,227,4,0,4,50.03,0.8687999999999999,2024-01-20 13:30:10.000,2024-01-20 13:30:10.000,2024-01-20 13:30:10.000,606161059.0,4148678.0,1232368696,-105.0,94
735307,22,2024-01-20 13:40:03,OPMC_LIFT,1068370000.0,225,226,227,4,0,3,50.01,0.8686999999999999,2024-01-20 13:40:07.000,2024-01-20 13:40:07.000,2024-01-20 13:40:07.000,606161914.0,4149078.0,1232371422,-121.0,94
735519,22,2024-01-20 14:00:03,OPMC_LIFT,1068380000.0,225,226,227,4,0,4,49.94,0.8683,2024-01-20 14:00:10.000,2024-01-20 14:00:10.000,2024-01-20 14:00:10.000,606163629.0,4149875.0,1232376888,-108.0,94
735619,22,2024-01-20 14:10:03,OPMC_LIFT,1068380000.0,225,226,227,4,0,4,50.03,0.8703,2024-01-20 14:10:10.000,2024-01-20 14:10:10.000,2024-01-20 14:10:10.000,606164483.0,4150272.0,1232379614,-110.0,94
736227,22,2024-01-20 15:00:02,OPMC_LIFT,1068390000.0,226,227,228,4,0,4,50.04,0.8684,2024-01-20 15:00:13.000,2024-01-20 15:00:13.000,2024-01-20 15:00:13.000,606168771.0,4152266.0,1232393291,-106.0,94
736319,22,2024-01-20 15:10:03,OPMC_LIFT,1068400000.0,226,226,228,4,0,4,50.02,0.8713,2024-01-20 15:10:10.000,2024-01-20 15:10:10.000,2024-01-20 15:10:10.000,606169635.0,4152666.0,1232396040,-105.0,94
736671,22,2024-01-20 15:40:03,OPMC_LIFT,1068400000.0,227,227,228,4,0,4,50.03,0.8693,2024-01-20 15:40:12.000,2024-01-20 15:40:12.000,2024-01-20 15:40:12.000,606172227.0,4153859.0,1232404299,-99.0,94
736803,22,2024-01-20 15:50:03,OPMC_LIFT,1068410000.0,227,227,229,4,0,4,49.99,0.8654999999999999,2024-01-20 15:50:14.000,2024-01-20 15:50:14.000,2024-01-20 15:50:14.000,606173094.0,4154259.0,1232407061,-120.0,94
736891,22,2024-01-20 16:00:03,OPMC_LIFT,1068410000.0,227,228,229,4,0,4,49.97,0.8685999999999999,2024-01-20 16:00:12.000,2024-01-20 16:00:12.000,2024-01-20 16:00:12.000,606173968.0,4154656.0,1232409832,-111.0,94
737003,22,2024-01-20 16:10:03,OPMC_LIFT,1068410000.0,228,228,230,4,0,4,50.02,0.8710999999999999,2024-01-20 16:10:12.000,2024-01-20 16:10:12.000,2024-01-20 16:10:12.000,606174851.0,4155056.0,1232412622,-118.0,94
737115,22,2024-01-20 16:20:03,OPMC_LIFT,1068410000.0,228,228,229,4,0,4,50.02,0.8678999999999999,2024-01-20 16:20:12.000,2024-01-20 16:20:12.000,2024-01-20 16:20:12.000,606175731.0,4155456.0,1232415409,-119.0,94
737239,22,2024-01-20 16:30:03,OPMC_LIFT,1068420000.0,228,228,230,4,0,4,49.99,0.8678999999999999,2024-01-20 16:30:12.000,2024-01-20 16:30:12.000,2024-01-20 16:30:12.000,606176611.0,4155853.0,1232418197,-103.0,94
737579,22,2024-01-20 17:00:03,OPMC_LIFT,1068420000.0,229,229,231,4,0,4,50.03,0.8697999999999999,2024-01-20 17:00:14.000,2024-01-20 17:00:14.000,2024-01-20 17:00:14.000,606179267.0,4157053.0,1232426603,-116.0,94
737807,22,2024-01-20 17:20:03,OPMC_LIFT,1068430000.0,230,230,232,4,0,4,50.04,0.8670999999999999,2024-01-20 17:20:15.000,2024-01-20 17:20:15.000,2024-01-20 17:20:15.000,606181062.0,4157856.0,1232432267,-109.0,94
737919,22,2024-01-20 17:30:03,OPMC_LIFT,1068430000.0,230,230,232,4,0,4,50.03,0.8647999999999999,2024-01-20 17:30:13.000,2024-01-20 17:30:13.000,2024-01-20 17:30:13.000,606181968.0,4158256.0,1232435115,-100.0,94
737983,22,2024-01-20 17:40:03,OPMC_LIFT,1068430000.0,229,230,231,4,0,4,49.92,0.8674,2024-01-20 17:40:09.000,2024-01-20 17:40:09.000,2024-01-20 17:40:09.000,606182870.0,4158656.0,1232437963,-104.0,94
738095,22,2024-01-20 17:50:03,OPMC_LIFT,1068440000.0,230,230,232,4,0,4,49.97,0.8634999999999999,2024-01-20 17:50:15.000,2024-01-20 17:50:15.000,2024-01-20 17:50:15.000,606183776.0,4159056.0,1232440811,-99.0,94
738299,22,2024-01-20 18:10:03,OPMC_LIFT,1068440000.0,230,231,232,4,0,4,49.94,0.8678999999999999,2024-01-20 18:10:10.000,2024-01-20 18:10:10.000,2024-01-20 18:10:10.000,606185600.0,4159856.0,1232446545,-106.0,94
738423,22,2024-01-20 18:20:03,OPMC_LIFT,1068440000.0,230,231,232,4,0,4,49.99,0.8679999999999999,2024-01-20 18:20:14.000,2024-01-20 18:20:14.000,2024-01-20 18:20:14.000,606186512.0,4160256.0,1232449413,-119.0,94
738635,22,2024-01-20 18:40:03,OPMC_LIFT,1068450000.0,230,231,232,4,0,4,49.98,0.8670999999999999,2024-01-20 18:40:16.000,2024-01-20 18:40:16.000,2024-01-20 18:40:16.000,606188336.0,4161056.0,1232455147,-108.0,94
738739,22,2024-01-20 18:50:03,OPMC_LIFT,1068450000.0,230,231,232,4,0,4,49.98,0.8654,2024-01-20 18:50:11.000,2024-01-20 18:50:11.000,2024-01-20 18:50:11.000,606189248.0,4161456.0,1232458014,-117.0,94
738979,22,2024-01-20 19:10:03,OPMC_LIFT,1068450000.0,228,229,230,4,0,4,50.05,0.8686999999999999,2024-01-20 19:10:15.000,2024-01-20 19:10:15.000,2024-01-20 19:10:15.000,606191040.0,4162256.0,1232463662,-91.0,94
739195,22,2024-01-20 19:30:03,OPMC_LIFT,1068460000.0,228,229,230,4,0,4,49.95,0.8664999999999999,2024-01-20 19:30:13.000,2024-01-20 19:30:13.000,2024-01-20 19:30:13.000,606192813.0,4163053.0,1232469278,-101.0,94
739295,22,2024-01-20 19:40:03,OPMC_LIFT,1068460000.0,226,226,228,4,0,4,50.01,0.8693,2024-01-20 19:40:11.000,2024-01-20 19:40:11.000,2024-01-20 19:40:11.000,606193696.0,4163453.0,1232472072,-119.0,94
739399,22,2024-01-20 19:50:03,OPMC_LIFT,1068460000.0,226,226,228,4,0,4,49.98,0.8695999999999999,2024-01-20 19:50:11.000,2024-01-20 19:50:11.000,2024-01-20 19:50:11.000,606194560.0,4163850.0,1232474827,-119.0,94
739611,22,2024-01-20 20:10:03,OPMC_LIFT,1068470000.0,227,227,229,4,0,4,50.03,0.8709999999999999,2024-01-20 20:10:14.000,2024-01-20 20:10:14.000,2024-01-20 20:10:14.000,606196294.0,4164646.0,1232480341,-105.0,94
739699,22,2024-01-20 20:20:03,OPMC_LIFT,1068470000.0,226,227,228,4,0,4,50.06,0.8704999999999999,2024-01-20 20:20:14.000,2024-01-20 20:20:14.000,2024-01-20 20:20:14.000,606197162.0,4165046.0,1232483105,-117.0,94
739811,22,2024-01-20 20:30:03,OPMC_LIFT,1068470000.0,226,227,228,4,0,4,49.95,0.8694,2024-01-20 20:30:10.000,2024-01-20 20:30:10.000,2024-01-20 20:30:10.000,606198032.0,4165446.0,1232485870,-100.0,94
739923,22,2024-01-20 20:40:03,OPMC_LIFT,1068480000.0,226,227,228,4,0,4,49.95,0.8693,2024-01-20 20:40:09.000,2024-01-20 20:40:09.000,2024-01-20 20:40:09.000,606198902.0,4165843.0,1232488635,-118.0,94
740011,22,2024-01-20 20:50:03,OPMC_LIFT,1068480000.0,227,227,229,4,0,4,50.0,0.8710999999999999,2024-01-20 20:50:10.000,2024-01-20 20:50:10.000,2024-01-20 20:50:10.000,606199773.0,4166243.0,1232491403,-117.0,94
740131,22,2024-01-20 21:00:03,OPMC_LIFT,1068480000.0,227,227,229,4,0,4,50.01,0.8704,2024-01-20 21:00:12.000,2024-01-20 21:00:12.000,2024-01-20 21:00:12.000,606200643.0,4166643.0,1232494177,-98.0,94
740227,22,2024-01-20 21:10:03,OPMC_LIFT,1068480000.0,227,228,229,4,0,4,50.02,0.8680999999999999,2024-01-20 21:10:11.000,2024-01-20 21:10:11.000,2024-01-20 21:10:11.000,606201520.0,4167043.0,1232496961,-119.0,94
740351,22,2024-01-20 21:20:03,OPMC_LIFT,1068490000.0,227,228,229,4,0,4,49.99,0.8678999999999999,2024-01-20 21:20:11.000,2024-01-20 21:20:11.000,2024-01-20 21:20:11.000,606202397.0,4167440.0,1232499745,-120.0,94
740547,22,2024-01-20 21:40:03,OPMC_LIFT,1068490000.0,227,228,229,4,0,4,49.98,0.8699999999999999,2024-01-20 21:40:12.000,2024-01-20 21:40:12.000,2024-01-20 21:40:12.000,606204150.0,4168240.0,1232505310,-101.0,94
740663,22,2024-01-20 21:50:03,OPMC_LIFT,1068490000.0,228,228,230,4,0,4,50.01,0.8696999999999999,2024-01-20 21:50:13.000,2024-01-20 21:50:13.000,2024-01-20 21:50:13.000,606205034.0,4168640.0,1232508104,-100.0,94
740859,22,2024-01-20 22:10:03,OPMC_LIFT,1068500000.0,228,228,230,4,0,4,50.05,0.8697999999999999,2024-01-20 22:10:16.000,2024-01-20 22:10:16.000,2024-01-20 22:10:16.000,606206800.0,4169437.0,1232513713,-119.0,94
740951,22,2024-01-20 22:20:03,OPMC_LIFT,1068500000.0,228,228,230,4,0,4,49.98,0.8683,2024-01-20 22:20:09.000,2024-01-20 22:20:09.000,2024-01-20 22:20:09.000,606207690.0,4169837.0,1232516523,-105.0,94
741035,22,2024-01-20 22:30:03,OPMC_LIFT,1068500000.0,228,229,231,4,0,4,50.06,0.8675999999999999,2024-01-20 22:30:08.000,2024-01-20 22:30:08.000,2024-01-20 22:30:08.000,606208579.0,4170237.0,1232519339,-105.0,94
741155,22,2024-01-20 22:37:47,OPMC_LIFT,1068510000.0,229,229,231,4,0,4,49.94,0.8690999999999999,2024-01-20 22:37:56.000,2024-01-20 22:37:56.000,2024-01-20 22:37:56.000,606209270.0,4170547.0,1232521528,-118.0,94
741199,22,2024-01-20 22:40:03,OPMC_LIFT,1068510000.0,229,229,231,4,0,4,49.97,0.8677999999999999,2024-01-20 22:40:10.000,2024-01-20 22:40:10.000,2024-01-20 22:40:10.000,606209472.0,4170637.0,1232522168,-119.0,94
741291,22,2024-01-20 22:50:03,OPMC_LIFT,1068510000.0,229,230,231,4,0,4,50.06,0.8668999999999999,2024-01-20 22:50:12.000,2024-01-20 22:50:12.000,2024-01-20 22:50:12.000,606210368.0,4171034.0,1232525000,-119.0,94
741359,22,2024-01-20 23:00:03,OPMC_LIFT,1068510000.0,229,230,232,4,0,4,50.03,0.8723,2024-01-20 23:00:11.000,2024-01-20 23:00:11.000,2024-01-20 23:00:11.000,606211270.0,4171434.0,1232527838,-120.0,94
741447,22,2024-01-20 23:10:02,OPMC_LIFT,1068510000.0,229,230,232,4,0,4,50.03,0.8674999999999999,2024-01-20 23:10:11.000,2024-01-20 23:10:11.000,2024-01-20 23:10:11.000,606212170.0,4171834.0,1232530686,-117.0,94
741691,22,2024-01-20 23:40:02,OPMC_LIFT,1068520000.0,230,230,232,4,0,4,49.99,0.8665999999999999,2024-01-20 23:40:09.000,2024-01-20 23:40:09.000,2024-01-20 23:40:09.000,606214886.0,4173030.0,1232539246,-120.0,94
741883,22,2024-01-21 00:00:02,OPMC_LIFT,1068530000.0,230,231,233,4,0,4,50.02,0.8675999999999999,2024-01-21 00:00:11.000,2024-01-21 00:00:11.000,2024-01-21 00:00:11.000,606216707.0,4173830.0,1232544981,-100.0,94
742071,22,2024-01-21 00:20:03,OPMC_LIFT,1068530000.0,230,231,233,4,0,4,49.95,0.8662,2024-01-21 00:20:15.000,2024-01-21 00:20:15.000,2024-01-21 00:20:15.000,606218534.0,4174634.0,1232550731,-119.0,94
742139,22,2024-01-21 00:30:03,OPMC_LIFT,1068530000.0,230,231,233,4,0,4,49.97,0.8657999999999999,2024-01-21 00:30:12.000,2024-01-21 00:30:12.000,2024-01-21 00:30:12.000,606219450.0,4175034.0,1232553605,-117.0,94
742223,22,2024-01-21 00:40:03,OPMC_LIFT,1068540000.0,231,231,233,4,0,4,50.03,0.8674999999999999,2024-01-21 00:40:10.000,2024-01-21 00:40:10.000,2024-01-21 00:40:10.000,606220365.0,4175430.0,1232556481,-118.0,94
742327,22,2024-01-21 00:50:03,OPMC_LIFT,1068540000.0,230,231,233,4,0,4,50.01,0.8674999999999999,2024-01-21 00:50:11.000,2024-01-21 00:50:11.000,2024-01-21 00:50:11.000,606221280.0,4175830.0,1232559358,-103.0,94
742415,22,2024-01-21 01:00:03,OPMC_LIFT,1068540000.0,231,231,233,4,0,4,50.0,0.8664999999999999,2024-01-21 01:00:10.000,2024-01-21 01:00:10.000,2024-01-21 01:00:10.000,606222195.0,4176230.0,1232562238,-106.0,94
742499,22,2024-01-21 01:10:03,OPMC_LIFT,1068540000.0,229,229,231,4,0,4,50.04,0.8685999999999999,2024-01-21 01:10:08.000,2024-01-21 01:10:08.000,2024-01-21 01:10:08.000,606223101.0,4176634.0,1232565089,-119.0,94
742639,22,2024-01-21 01:20:03,OPMC_LIFT,1068550000.0,229,229,231,4,0,4,49.98,0.8703,2024-01-21 01:20:07.000,2024-01-21 01:20:07.000,2024-01-21 01:20:07.000,606223997.0,4177030.0,1232567918,-117.0,94
742767,22,2024-01-21 01:30:03,OPMC_LIFT,1068550000.0,229,229,231,4,0,4,50.01,0.8693,2024-01-21 01:30:09.000,2024-01-21 01:30:09.000,2024-01-21 01:30:09.000,606224893.0,4177430.0,1232570753,-102.0,94
742851,22,2024-01-21 01:40:03,OPMC_LIFT,1068550000.0,229,229,231,4,0,4,50.02,0.8689999999999999,2024-01-21 01:40:13.000,2024-01-21 01:40:13.000,2024-01-21 01:40:13.000,606225792.0,4177834.0,1232573585,-106.0,94
742939,22,2024-01-21 01:50:03,OPMC_LIFT,1068550000.0,229,230,231,4,0,4,50.02,0.8667999999999999,2024-01-21 01:50:10.000,2024-01-21 01:50:10.000,2024-01-21 01:50:10.000,606226688.0,4178234.0,1232576424,-105.0,94
743039,22,2024-01-21 02:00:03,OPMC_LIFT,1068560000.0,229,230,232,4,0,4,50.05,0.8684999999999999,2024-01-21 02:00:15.000,2024-01-21 02:00:15.000,2024-01-21 02:00:15.000,606227590.0,4178634.0,1232579262,-118.0,94
743207,22,2024-01-21 02:20:03,OPMC_LIFT,1068560000.0,230,230,232,4,0,4,50.04,0.8672,2024-01-21 02:20:14.000,2024-01-21 02:20:14.000,2024-01-21 02:20:14.000,606229392.0,4179434.0,1232584949,-105.0,94
743291,22,2024-01-21 02:30:02,OPMC_LIFT,1068560000.0,230,230,232,4,0,4,49.97,0.8669999999999999,2024-01-21 02:30:09.000,2024-01-21 02:30:09.000,2024-01-21 02:30:09.000,606230298.0,4179834.0,1232587806,-118.0,94
743399,22,2024-01-21 02:40:03,OPMC_LIFT,1068570000.0,230,230,232,4,0,4,50.05,0.8693,2024-01-21 02:40:14.000,2024-01-21 02:40:14.000,2024-01-21 02:40:14.000,606231203.0,4180234.0,1232590661,-115.0,94
743551,22,2024-01-21 03:00:02,OPMC_LIFT,1068570000.0,230,231,233,4,0,4,50.02,0.8677999999999999,2024-01-21 03:00:12.000,2024-01-21 03:00:12.000,2024-01-21 03:00:12.000,606233021.0,4181034.0,1232596389,-119.0,94
743631,22,2024-01-21 03:10:03,OPMC_LIFT,1068570000.0,230,231,233,4,0,4,49.96,0.8667999999999999,2024-01-21 03:10:13.000,2024-01-21 03:10:13.000,2024-01-21 03:10:13.000,606233936.0,4181434.0,1232599265,-118.0,94
743699,22,2024-01-21 03:20:03,OPMC_LIFT,1068580000.0,230,230,232,4,0,4,49.95,0.8675999999999999,2024-01-21 03:20:10.000,2024-01-21 03:20:10.000,2024-01-21 03:20:10.000,606234848.0,4181834.0,1232602136,-117.0,94
743955,22,2024-01-21 03:50:03,OPMC_LIFT,1068580000.0,230,231,233,4,0,4,50.03,0.8674,2024-01-21 03:50:13.000,2024-01-21 03:50:13.000,2024-01-21 03:50:13.000,606237594.0,4183037.0,1232610769,-105.0,94
744039,22,2024-01-21 04:00:03,OPMC_LIFT,1068590000.0,231,231,233,4,0,4,50.04,0.8684,2024-01-21 04:00:15.000,2024-01-21 04:00:15.000,2024-01-21 04:00:15.000,606238509.0,4183437.0,1232613646,-101.0,94
744203,22,2024-01-21 04:20:03,OPMC_LIFT,1068590000.0,231,231,233,4,0,4,50.08,0.8650999999999999,2024-01-21 04:20:12.000,2024-01-21 04:20:12.000,2024-01-21 04:20:12.000,606240339.0,4184237.0,1232619400,-120.0,94
744275,22,2024-01-21 04:30:03,OPMC_LIFT,1068590000.0,230,231,233,4,0,4,50.03,0.8694999999999999,2024-01-21 04:30:12.000,2024-01-21 04:30:12.000,2024-01-21 04:30:12.000,606241254.0,4184640.0,1232622273,-118.0,94
744347,22,2024-01-21 04:40:03,OPMC_LIFT,1068600000.0,231,231,233,4,0,4,50.04,0.8665999999999999,2024-01-21 04:40:07.000,2024-01-21 04:40:07.000,2024-01-21 04:40:07.000,606242166.0,4185040.0,1232625147,-119.0,94
744467,22,2024-01-21 04:50:03,OPMC_LIFT,1068600000.0,230,231,232,4,0,4,50.04,0.8693,2024-01-21 04:50:16.000,2024-01-21 04:50:16.000,2024-01-21 04:50:16.000,606243082.0,4185440.0,1232628021,-119.0,94
744543,22,2024-01-21 05:00:03,OPMC_LIFT,1068600000.0,230,230,232,4,0,4,50.0,0.8688999999999999,2024-01-21 05:00:10.000,2024-01-21 05:00:10.000,2024-01-21 05:00:10.000,606243994.0,4185843.0,1232630891,-116.0,94
744619,22,2024-01-21 05:10:02,OPMC_LIFT,1068600000.0,230,230,232,4,0,4,50.01,0.8694999999999999,2024-01-21 05:10:10.000,2024-01-21 05:10:10.000,2024-01-21 05:10:10.000,606244902.0,4186243.0,1232633752,-100.0,94
744719,22,2024-01-21 05:20:02,OPMC_LIFT,1068600000.0,230,230,232,4,0,4,49.97,0.8656999999999999,2024-01-21 05:20:13.000,2024-01-21 05:20:13.000,2024-01-21 05:20:13.000,606245811.0,4186643.0,1232636616,-114.0,94
744819,22,2024-01-21 05:30:02,OPMC_LIFT,1068610000.0,230,230,232,4,0,4,50.04,0.8689999999999999,2024-01-21 05:30:15.000,2024-01-21 05:30:15.000,2024-01-21 05:30:15.000,606246723.0,4187043.0,1232639473,-101.0,94
744887,22,2024-01-21 05:40:02,OPMC_LIFT,1068610000.0,230,231,232,4,0,4,50.03,0.8650999999999999,2024-01-21 05:40:10.000,2024-01-21 05:40:10.000,2024-01-21 05:40:10.000,606247632.0,4187446.0,1232642337,-117.0,94
744971,22,2024-01-21 05:50:02,OPMC_LIFT,1068610000.0,230,230,232,4,0,4,49.98,0.8665999999999999,2024-01-21 05:50:11.000,2024-01-21 05:50:11.000,2024-01-21 05:50:11.000,606248541.0,4187846.0,1232645201,-117.0,94
745079,22,2024-01-21 06:00:02,OPMC_LIFT,1068610000.0,230,230,232,4,0,4,50.01,0.8669999999999999,2024-01-21 06:00:12.000,2024-01-21 06:00:12.000,2024-01-21 06:00:12.000,606249450.0,4188250.0,1232648065,-110.0,94
745251,22,2024-01-21 06:20:03,OPMC_LIFT,1068620000.0,230,231,232,4,0,4,50.07,0.8658999999999999,2024-01-21 06:20:14.000,2024-01-21 06:20:14.000,2024-01-21 06:20:14.000,606251270.0,4189056.0,1232653787,-117.0,94
745319,22,2024-01-21 06:30:03,OPMC_LIFT,1068620000.0,230,230,232,4,0,4,50.06,0.8665999999999999,2024-01-21 06:30:07.000,2024-01-21 06:30:07.000,2024-01-21 06:30:07.000,606252179.0,4189459.0,1232656648,-118.0,94
745499,22,2024-01-21 06:40:03,OPMC_LIFT,1068620000.0,230,230,232,4,0,4,50.02,0.8694999999999999,2024-01-21 06:40:08.000,2024-01-21 06:40:08.000,2024-01-21 06:40:08.000,606253088.0,4189862.0,1232659512,-118.0,94
745619,22,2024-01-21 06:50:03,OPMC_LIFT,1068630000.0,230,230,232,4,0,4,50.04,0.8687999999999999,2024-01-21 06:50:15.000,2024-01-21 06:50:15.000,2024-01-21 06:50:15.000,606253997.0,4190266.0,1232662366,-105.0,94
745735,22,2024-01-21 07:00:03,OPMC_LIFT,1068630000.0,230,231,232,4,0,4,50.14,0.8663,2024-01-21 07:00:17.000,2024-01-21 07:00:17.000,2024-01-21 07:00:17.000,606254906.0,4190669.0,1232665224,-99.0,94
745919,22,2024-01-21 07:20:03,OPMC_LIFT,1068630000.0,229,230,231,4,0,4,50.0,0.8653,2024-01-21 07:20:11.000,2024-01-21 07:20:11.000,2024-01-21 07:20:11.000,606256714.0,4191475.0,1232670926,-118.0,94
746027,22,2024-01-21 07:30:03,OPMC_LIFT,1068640000.0,229,230,231,4,0,4,50.0,0.8679999999999999,2024-01-21 07:30:09.000,2024-01-21 07:30:09.000,2024-01-21 07:30:09.000,606257616.0,4191875.0,1232673768,-119.0,94
746243,22,2024-01-21 07:50:03,OPMC_LIFT,1068640000.0,228,229,230,4,0,4,50.02,0.8646999999999999,2024-01-21 07:50:13.000,2024-01-21 07:50:13.000,2024-01-21 07:50:13.000,606259411.0,4192678.0,1232679429,-103.0,94
746335,22,2024-01-21 08:00:03,OPMC_LIFT,1068640000.0,228,229,230,4,0,4,49.99,0.8677999999999999,2024-01-21 08:00:13.000,2024-01-21 08:00:13.000,2024-01-21 08:00:13.000,606260304.0,4193082.0,1232682254,-119.0,94
746531,22,2024-01-21 08:20:03,OPMC_LIFT,1068650000.0,228,228,230,4,0,4,50.06,0.8684,2024-01-21 08:20:15.000,2024-01-21 08:20:15.000,2024-01-21 08:20:15.000,606262083.0,4193882.0,1232687870,-100.0,94
746623,22,2024-01-21 08:30:03,OPMC_LIFT,1068650000.0,227,228,229,4,0,4,49.94,0.8680999999999999,2024-01-21 08:30:14.000,2024-01-21 08:30:14.000,2024-01-21 08:30:14.000,606262966.0,4194285.0,1232690667,-117.0,94
746795,22,2024-01-21 08:50:03,OPMC_LIFT,1068660000.0,226,227,228,4,0,4,49.95,0.8693,2024-01-21 08:50:09.000,2024-01-21 08:50:09.000,2024-01-21 08:50:09.000,606264720.0,4195085.0,1232696229,-119.0,94
746915,22,2024-01-21 09:00:03,OPMC_LIFT,1068660000.0,226,226,228,4,0,4,49.95,0.8686999999999999,2024-01-21 09:00:14.000,2024-01-21 09:00:14.000,2024-01-21 09:00:14.000,606265587.0,4195485.0,1232698987,-101.0,94
746999,22,2024-01-21 09:10:03,OPMC_LIFT,1068660000.0,226,226,228,4,0,4,49.99,0.8700999999999999,2024-01-21 09:10:07.000,2024-01-21 09:10:07.000,2024-01-21 09:10:07.000,606266454.0,4195885.0,1232701739,-119.0,94
747111,22,2024-01-21 09:20:03,OPMC_LIFT,1068660000.0,225,225,227,4,0,4,49.95,0.8667999999999999,2024-01-21 09:20:13.000,2024-01-21 09:20:13.000,2024-01-21 09:20:13.000,606267315.0,4196285.0,1232704485,-120.0,94
747215,22,2024-01-21 09:30:03,OPMC_LIFT,1068670000.0,225,225,227,4,0,4,50.0,0.8684,2024-01-21 09:30:14.000,2024-01-21 09:30:14.000,2024-01-21 09:30:14.000,606268176.0,4196685.0,1232707217,-106.0,94
747295,22,2024-01-21 09:40:03,OPMC_LIFT,1068670000.0,227,228,229,4,0,4,49.98,0.8692,2024-01-21 09:40:11.000,2024-01-21 09:40:11.000,2024-01-21 09:40:11.000,606269053.0,4197085.0,1232709998,-101.0,94
747503,22,2024-01-21 10:00:03,OPMC_LIFT,1068670000.0,226,227,228,4,0,4,50.04,0.8692,2024-01-21 10:00:09.000,2024-01-21 10:00:09.000,2024-01-21 10:00:09.000,606270806.0,4197885.0,1232715557,-118.0,94
747739,22,2024-01-21 10:20:03,OPMC_LIFT,1068680000.0,227,227,229,4,0,4,50.05,0.8635999999999999,2024-01-21 10:20:16.000,2024-01-21 10:20:16.000,2024-01-21 10:20:16.000,606272554.0,4198688.0,1232721096,-101.0,94
747831,22,2024-01-21 10:30:03,OPMC_LIFT,1068680000.0,226,227,228,4,0,4,50.04,0.8680999999999999,2024-01-21 10:30:16.000,2024-01-21 10:30:16.000,2024-01-21 10:30:16.000,606273424.0,4199088.0,1232723857,-100.0,94
747919,22,2024-01-21 10:40:03,OPMC_LIFT,1068680000.0,226,227,228,4,0,4,50.04,0.8684999999999999,2024-01-21 10:40:15.000,2024-01-21 10:40:15.000,2024-01-21 10:40:15.000,606274294.0,4199488.0,1232726616,-119.0,94
748015,22,2024-01-21 10:50:03,OPMC_LIFT,1068690000.0,226,227,228,4,0,4,50.02,0.8675999999999999,2024-01-21 10:50:11.000,2024-01-21 10:50:11.000,2024-01-21 10:50:11.000,606275162.0,4199891.0,1232729374,-104.0,94
748119,22,2024-01-21 11:00:03,OPMC_LIFT,1068690000.0,226,227,228,4,0,4,50.05,0.8660999999999999,2024-01-21 11:00:14.000,2024-01-21 11:00:14.000,2024-01-21 11:00:14.000,606276029.0,4200291.0,1232732136,-118.0,94
748383,22,2024-01-21 11:30:03,OPMC_LIFT,1068700000.0,226,226,228,4,0,4,49.96,0.8695999999999999,2024-01-21 11:30:11.000,2024-01-21 11:30:11.000,2024-01-21 11:30:11.000,606278634.0,4201491.0,1232740395,-106.0,94
748495,22,2024-01-21 11:40:03,OPMC_LIFT,1068700000.0,226,226,228,4,0,4,50.0,0.8687999999999999,2024-01-21 11:40:14.000,2024-01-21 11:40:14.000,2024-01-21 11:40:14.000,606279498.0,4201891.0,1232743144,-116.0,94
748575,22,2024-01-21 11:50:03,OPMC_LIFT,1068700000.0,226,227,228,4,0,4,50.02,0.8697999999999999,2024-01-21 11:50:11.000,2024-01-21 11:50:11.000,2024-01-21 11:50:11.000,606280368.0,4202291.0,1232745902,-100.0,94
748691,22,2024-01-21 12:00:03,OPMC_LIFT,1068700000.0,226,227,228,4,0,4,49.94,0.8680999999999999,2024-01-21 12:00:12.000,2024-01-21 12:00:12.000,2024-01-21 12:00:12.000,606281238.0,4202691.0,1232748667,-105.0,94
748783,22,2024-01-21 12:10:03,OPMC_LIFT,1068700000.0,226,227,228,4,0,4,49.95,0.8673,2024-01-21 12:10:12.000,2024-01-21 12:10:12.000,2024-01-21 12:10:12.000,606282109.0,4203088.0,1232751432,-119.0,94
748903,22,2024-01-21 12:20:03,OPMC_LIFT,1068710000.0,226,227,228,4,0,4,49.93,0.8712,2024-01-21 12:20:16.000,2024-01-21 12:20:16.000,2024-01-21 12:20:16.000,606282979.0,4203488.0,1232754197,-118.0,94
749067,22,2024-01-21 12:40:03,OPMC_LIFT,1068710000.0,226,227,228,4,0,4,50.04,0.8669999999999999,2024-01-21 12:40:11.000,2024-01-21 12:40:11.000,2024-01-21 12:40:11.000,606284714.0,4204288.0,1232759710,-117.0,94
749151,22,2024-01-21 12:50:03,OPMC_LIFT,1068710000.0,226,227,228,4,0,4,50.04,0.8664999999999999,2024-01-21 12:50:10.000,2024-01-21 12:50:10.000,2024-01-21 12:50:10.000,606285581.0,4204688.0,1232762472,-118.0,94
749255,22,2024-01-21 13:00:03,OPMC_LIFT,1068720000.0,226,226,228,4,0,4,49.94,0.8680999999999999,2024-01-21 13:00:09.000,2024-01-21 13:00:09.000,2024-01-21 13:00:09.000,606286448.0,4205088.0,1232765227,-101.0,94
749479,22,2024-01-21 13:20:02,OPMC_LIFT,1068720000.0,225,226,228,4,0,4,50.08,0.8736999999999999,2024-01-21 13:20:10.000,2024-01-21 13:20:10.000,2024-01-21 13:20:10.000,606288170.0,4205885.0,1232770702,-108.0,94
749571,22,2024-01-21 13:30:03,OPMC_LIFT,1068720000.0,225,226,228,4,0,4,50.06,0.8696999999999999,2024-01-21 13:30:10.000,2024-01-21 13:30:10.000,2024-01-21 13:30:10.000,606289030.0,4206282.0,1232773441,-106.0,94
749675,22,2024-01-21 13:40:02,OPMC_LIFT,1068730000.0,226,226,228,4,0,4,50.04,0.8686999999999999,2024-01-21 13:40:10.000,2024-01-21 13:40:10.000,2024-01-21 13:40:10.000,606289888.0,4206682.0,1232776181,-117.0,94
749887,22,2024-01-21 14:00:02,OPMC_LIFT,1068730000.0,226,227,228,4,0,4,50.02,0.8656999999999999,2024-01-21 14:00:12.000,2024-01-21 14:00:12.000,2024-01-21 14:00:12.000,606291619.0,4207478.0,1232781688,-118.0,94
750255,22,2024-01-21 14:34:50,OPMC_LIFT,1068740000.0,226,227,228,4,0,4,49.99,0.8634999999999999,2024-01-21 14:35:00.000,2024-01-21 14:35:00.000,2024-01-21 14:35:00.000,606294640.0,4208870.0,1232791288,-106.0,94
750343,22,2024-01-21 14:40:03,OPMC_LIFT,1068740000.0,226,227,228,4,0,4,50.04,0.8684,2024-01-21 14:40:10.000,2024-01-21 14:40:10.000,2024-01-21 14:40:10.000,606295094.0,4209078.0,1232792725,-99.0,94
750535,22,2024-01-21 15:00:03,OPMC_LIFT,1068750000.0,227,227,229,4,0,4,50.07,0.8676999999999999,2024-01-21 15:00:12.000,2024-01-21 15:00:12.000,2024-01-21 15:00:12.000,606296835.0,4209878.0,1232798261,-118.0,94
750631,22,2024-01-21 15:10:03,OPMC_LIFT,1068750000.0,227,227,229,4,0,4,50.04,0.8683,2024-01-21 15:10:13.000,2024-01-21 15:10:13.000,2024-01-21 15:10:13.000,606297709.0,4210282.0,1232801032,-118.0,94
750707,22,2024-01-21 15:20:03,OPMC_LIFT,1068750000.0,227,227,229,4,0,4,49.96,0.8710999999999999,2024-01-21 15:20:10.000,2024-01-21 15:20:10.000,2024-01-21 15:20:10.000,606298582.0,4210682.0,1232803800,-101.0,94
750783,22,2024-01-21 15:30:03,OPMC_LIFT,1068750000.0,226,227,228,4,0,4,49.98,0.8680999999999999,2024-01-21 15:30:07.000,2024-01-21 15:30:07.000,2024-01-21 15:30:07.000,606299456.0,4211082.0,1232806574,-99.0,94
750919,22,2024-01-21 15:40:03,OPMC_LIFT,1068750000.0,226,227,228,4,0,4,50.02,0.8668999999999999,2024-01-21 15:40:14.000,2024-01-21 15:40:14.000,2024-01-21 15:40:14.000,606300323.0,4211482.0,1232809333,-116.0,94
750995,22,2024-01-21 15:50:03,OPMC_LIFT,1068760000.0,226,227,228,4,0,4,49.98,0.8714,2024-01-21 15:50:12.000,2024-01-21 15:50:12.000,2024-01-21 15:50:12.000,606301194.0,4211882.0,1232812101,-118.0,94
751091,22,2024-01-21 16:00:03,OPMC_LIFT,1068760000.0,226,227,228,4,0,4,49.97,0.8679999999999999,2024-01-21 16:00:16.000,2024-01-21 16:00:16.000,2024-01-21 16:00:16.000,606302067.0,4212282.0,1232814865,-119.0,94
751271,22,2024-01-21 16:20:03,OPMC_LIFT,1068760000.0,226,227,228,4,0,4,49.99,0.8693,2024-01-21 16:20:09.000,2024-01-21 16:20:09.000,2024-01-21 16:20:09.000,606303808.0,4213085.0,1232820392,-106.0,94
751359,22,2024-01-21 16:30:03,OPMC_LIFT,1068770000.0,227,227,228,4,0,4,49.98,0.8664999999999999,2024-01-21 16:30:10.000,2024-01-21 16:30:10.000,2024-01-21 16:30:10.000,606304678.0,4213485.0,1232823163,-119.0,94
751443,22,2024-01-21 16:40:03,OPMC_LIFT,1068770000.0,227,227,229,4,0,4,50.0,0.8687999999999999,2024-01-21 16:40:11.000,2024-01-21 16:40:11.000,2024-01-21 16:40:11.000,606305552.0,4213885.0,1232825931,-99.0,94
751511,22,2024-01-21 16:50:03,OPMC_LIFT,1068770000.0,227,227,229,4,0,4,49.98,0.8664999999999999,2024-01-21 16:50:08.000,2024-01-21 16:50:08.000,2024-01-21 16:50:08.000,606306426.0,4214288.0,1232828702,-119.0,94
751607,22,2024-01-21 17:00:03,OPMC_LIFT,1068770000.0,227,228,229,4,0,4,50.03,0.8690999999999999,2024-01-21 17:00:12.000,2024-01-21 17:00:12.000,2024-01-21 17:00:12.000,606307299.0,4214688.0,1232831477,-117.0,94
751715,22,2024-01-21 17:10:03,OPMC_LIFT,1068780000.0,227,228,229,4,0,4,50.03,0.8672,2024-01-21 17:10:14.000,2024-01-21 17:10:14.000,2024-01-21 17:10:14.000,606308176.0,4215088.0,1232834251,-105.0,94
751791,22,2024-01-21 17:20:02,OPMC_LIFT,1068780000.0,227,228,229,4,0,4,50.04,0.8694,2024-01-21 17:20:09.000,2024-01-21 17:20:09.000,2024-01-21 17:20:09.000,606309050.0,4215491.0,1232837032,-118.0,94
751991,22,2024-01-21 17:40:02,OPMC_LIFT,1068780000.0,227,228,229,4,0,4,50.0,0.8678999999999999,2024-01-21 17:40:12.000,2024-01-21 17:40:12.000,2024-01-21 17:40:12.000,606310806.0,4216291.0,1232842603,-118.0,94
752067,22,2024-01-21 17:50:02,OPMC_LIFT,1068790000.0,227,228,229,4,0,4,49.97,0.8679999999999999,2024-01-21 17:50:13.000,2024-01-21 17:50:13.000,2024-01-21 17:50:13.000,606311686.0,4216691.0,1232845393,-96.0,94
752151,22,2024-01-21 18:00:02,OPMC_LIFT,1068790000.0,227,228,229,4,0,4,50.01,0.8673,2024-01-21 18:00:09.000,2024-01-21 18:00:09.000,2024-01-21 18:00:09.000,606312570.0,4217094.0,1232848184,-113.0,94
752335,22,2024-01-21 18:20:03,OPMC_LIFT,1068790000.0,227,228,229,4,0,4,49.99,0.8667999999999999,2024-01-21 18:20:16.000,2024-01-21 18:20:16.000,2024-01-21 18:20:16.000,606314330.0,4217894.0,1232853768,-120.0,94
752415,22,2024-01-21 18:30:03,OPMC_LIFT,1068800000.0,227,228,229,4,0,4,49.97,0.8687999999999999,2024-01-21 18:30:08.000,2024-01-21 18:30:08.000,2024-01-21 18:30:08.000,606315210.0,4218298.0,1232856558,-119.0,94
752515,22,2024-01-21 18:40:03,OPMC_LIFT,1068800000.0,227,228,229,4,0,4,49.98,0.8699999999999999,2024-01-21 18:40:10.000,2024-01-21 18:40:10.000,2024-01-21 18:40:10.000,606316093.0,4218698.0,1232859349,-119.0,94
752611,22,2024-01-21 18:50:03,OPMC_LIFT,1068800000.0,227,228,229,4,0,4,49.99,0.8684,2024-01-21 18:50:10.000,2024-01-21 18:50:10.000,2024-01-21 18:50:10.000,606316973.0,4219098.0,1232862142,-118.0,94
752811,22,2024-01-21 19:10:03,OPMC_LIFT,1068810000.0,227,228,229,4,0,4,49.96,0.8685999999999999,2024-01-21 19:10:11.000,2024-01-21 19:10:11.000,2024-01-21 19:10:11.000,606318733.0,4219901.0,1232867726,-118.0,94
752923,22,2024-01-21 19:20:03,OPMC_LIFT,1068810000.0,227,228,229,4,0,4,49.99,0.8680999999999999,2024-01-21 19:20:13.000,2024-01-21 19:20:13.000,2024-01-21 19:20:13.000,606319613.0,4220304.0,1232870517,-98.0,94
752995,22,2024-01-21 19:30:03,OPMC_LIFT,1068810000.0,227,228,229,4,0,4,49.96,0.8678999999999999,2024-01-21 19:30:07.000,2024-01-21 19:30:07.000,2024-01-21 19:30:07.000,606320493.0,4220704.0,1232873310,-105.0,94
753091,22,2024-01-21 19:40:03,OPMC_LIFT,1068810000.0,227,228,229,4,0,4,50.03,0.8684999999999999,2024-01-21 19:40:12.000,2024-01-21 19:40:12.000,2024-01-21 19:40:12.000,606321373.0,4221107.0,1232876101,-117.0,94
753267,22,2024-01-21 20:00:03,OPMC_LIFT,1068820000.0,227,228,230,4,0,4,49.96,0.8676999999999999,2024-01-21 20:00:12.000,2024-01-21 20:00:12.000,2024-01-21 20:00:12.000,606323136.0,4221910.0,1232881694,-101.0,94
753463,22,2024-01-21 20:20:03,OPMC_LIFT,1068820000.0,227,227,229,4,0,4,49.95,0.8693,2024-01-21 20:20:16.000,2024-01-21 20:20:16.000,2024-01-21 20:20:16.000,606324896.0,4222714.0,1232887272,-102.0,94
753523,22,2024-01-21 20:30:03,OPMC_LIFT,1068830000.0,227,227,229,4,0,4,50.0,0.8696999999999999,2024-01-21 20:30:07.000,2024-01-21 20:30:07.000,2024-01-21 20:30:07.000,606325770.0,4223114.0,1232890049,-106.0,94
753619,22,2024-01-21 20:40:03,OPMC_LIFT,1068830000.0,227,227,229,4,0,4,50.0,0.8687999999999999,2024-01-21 20:40:13.000,2024-01-21 20:40:13.000,2024-01-21 20:40:13.000,606326640.0,4223514.0,1232892817,-100.0,94
753887,22,2024-01-21 21:10:02,OPMC_LIFT,1068830000.0,227,228,229,4,0,4,50.05,0.8657999999999999,2024-01-21 21:10:12.000,2024-01-21 21:10:12.000,2024-01-21 21:10:12.000,606329264.0,4224717.0,1232901157,-119.0,94
753971,22,2024-01-21 21:20:02,OPMC_LIFT,1068840000.0,227,228,229,4,0,4,50.04,0.8686999999999999,2024-01-21 21:20:11.000,2024-01-21 21:20:11.000,2024-01-21 21:20:11.000,606330144.0,4225117.0,1232903944,-101.0,94
754063,22,2024-01-21 21:30:02,OPMC_LIFT,1068840000.0,228,228,230,4,0,4,49.98,0.8696999999999999,2024-01-21 21:30:10.000,2024-01-21 21:30:10.000,2024-01-21 21:30:10.000,606331024.0,4225517.0,1232906737,-100.0,94
754123,22,2024-01-21 21:40:02,OPMC_LIFT,1068840000.0,228,228,230,4,0,4,50.03,0.8677999999999999,2024-01-21 21:40:08.000,2024-01-21 21:40:08.000,2024-01-21 21:40:08.000,606331907.0,4225920.0,1232909537,-118.0,94
754223,22,2024-01-21 21:50:02,OPMC_LIFT,1068840000.0,228,228,230,4,0,4,50.06,0.8689999999999999,2024-01-21 21:50:10.000,2024-01-21 21:50:10.000,2024-01-21 21:50:10.000,606332794.0,4226320.0,1232912347,-115.0,94
754491,22,2024-01-21 22:20:03,OPMC_LIFT,1068850000.0,228,229,231,4,0,4,50.05,0.8689999999999999,2024-01-21 22:20:12.000,2024-01-21 22:20:12.000,2024-01-21 22:20:12.000,606335456.0,4227526.0,1232920782,-120.0,94
754575,22,2024-01-21 22:30:03,OPMC_LIFT,1068850000.0,228,229,231,4,0,4,49.98,0.8677999999999999,2024-01-21 22:30:07.000,2024-01-21 22:30:07.000,2024-01-21 22:30:07.000,606336346.0,4227926.0,1232923598,-106.0,94
754839,22,2024-01-21 22:50:03,OPMC_LIFT,1068860000.0,229,229,231,4,0,4,50.01,0.8664999999999999,2024-01-21 22:50:09.000,2024-01-21 22:50:09.000,2024-01-21 22:50:09.000,606338134.0,4228726.0,1232929246,-105.0,94
754959,22,2024-01-21 23:00:03,OPMC_LIFT,1068860000.0,229,229,231,4,0,4,50.02,0.8689999999999999,2024-01-21 23:00:13.000,2024-01-21 23:00:13.000,2024-01-21 23:00:13.000,606339034.0,4229130.0,1232932088,-119.0,94
755147,22,2024-01-21 23:20:03,OPMC_LIFT,1068870000.0,229,230,232,4,0,4,50.04,0.8713,2024-01-21 23:20:10.000,2024-01-21 23:20:10.000,2024-01-21 23:20:10.000,606340832.0,4229933.0,1232937768,-120.0,94
755339,22,2024-01-21 23:40:03,OPMC_LIFT,1068870000.0,229,230,232,4,0,4,50.0,0.8677999999999999,2024-01-21 23:40:10.000,2024-01-21 23:40:10.000,2024-01-21 23:40:10.000,606342637.0,4230736.0,1232943457,-117.0,94
755443,22,2024-01-21 23:50:03,OPMC_LIFT,1068870000.0,229,230,232,4,0,4,49.96,0.8657999999999999,2024-01-21 23:50:10.000,2024-01-21 23:50:10.000,2024-01-21 23:50:10.000,606343539.0,4231136.0,1232946309,-119.0,94
755547,22,2024-01-22 00:00:03,OPMC_LIFT,1068880000.0,230,230,232,4,0,4,50.02,0.8680999999999999,2024-01-22 00:00:09.000,2024-01-22 00:00:09.000,2024-01-22 00:00:09.000,606344445.0,4231539.0,1232949160,-119.0,94
755671,22,2024-01-22 00:10:03,OPMC_LIFT,1068880000.0,230,230,232,4,0,4,50.05,0.8663,2024-01-22 00:10:12.000,2024-01-22 00:10:12.000,2024-01-22 00:10:12.000,606345350.0,4231939.0,1232952011,-118.0,94
755787,22,2024-01-22 00:20:03,OPMC_LIFT,1068880000.0,229,230,232,4,0,4,50.05,0.8692,2024-01-22 00:20:12.000,2024-01-22 00:20:12.000,2024-01-22 00:20:12.000,606346253.0,4232342.0,1232954856,-101.0,94
755963,22,2024-01-22 00:40:03,OPMC_LIFT,1068890000.0,229,230,232,4,0,4,49.95,0.8657999999999999,2024-01-22 00:40:08.000,2024-01-22 00:40:08.000,2024-01-22 00:40:08.000,606348061.0,4233146.0,1232960549,-108.0,94
756051,22,2024-01-22 00:50:03,OPMC_LIFT,1068890000.0,230,230,232,4,0,4,49.97,0.8646999999999999,2024-01-22 00:50:11.000,2024-01-22 00:50:11.000,2024-01-22 00:50:11.000,606348966.0,4233546.0,1232963400,-116.0,94
756183,22,2024-01-22 01:00:03,OPMC_LIFT,1068890000.0,230,230,232,4,0,4,50.0,0.8685999999999999,2024-01-22 01:00:10.000,2024-01-22 01:00:10.000,2024-01-22 01:00:10.000,606349872.0,4233946.0,1232966257,-116.0,94
756435,22,2024-01-22 01:20:03,OPMC_LIFT,1068900000.0,230,230,232,4,0,4,49.99,0.8654999999999999,2024-01-22 01:20:13.000,2024-01-22 01:20:13.000,2024-01-22 01:20:13.000,606351686.0,4234749.0,1232971969,-101.0,94
756515,22,2024-01-22 01:30:03,OPMC_LIFT,1068900000.0,230,230,232,4,0,4,50.05,0.8678999999999999,2024-01-22 01:30:08.000,2024-01-22 01:30:08.000,2024-01-22 01:30:08.000,606352595.0,4235149.0,1232974830,-116.0,94
756619,22,2024-01-22 01:40:03,OPMC_LIFT,1068900000.0,230,230,232,4,0,4,50.02,0.8676999999999999,2024-01-22 01:40:10.000,2024-01-22 01:40:10.000,2024-01-22 01:40:10.000,606353504.0,4235552.0,1232977688,-117.0,94
756899,22,2024-01-22 02:10:03,OPMC_LIFT,1068910000.0,231,231,233,4,0,4,50.01,0.8697999999999999,2024-01-22 02:10:12.000,2024-01-22 02:10:12.000,2024-01-22 02:10:12.000,606356240.0,4236755.0,1232986296,-103.0,94
757019,22,2024-01-22 02:20:03,OPMC_LIFT,1068910000.0,230,231,233,4,0,4,50.02,0.8662,2024-01-22 02:20:12.000,2024-01-22 02:20:12.000,2024-01-22 02:20:12.000,606357155.0,4237155.0,1232989176,-101.0,94
757095,22,2024-01-22 02:30:03,OPMC_LIFT,1068910000.0,231,231,233,4,0,4,50.02,0.8667999999999999,2024-01-22 02:30:06.000,2024-01-22 02:30:06.000,2024-01-22 02:30:06.000,606358074.0,4237558.0,1232992053,-101.0,94
757215,22,2024-01-22 02:40:03,OPMC_LIFT,1068920000.0,228,229,230,4,0,4,49.97,0.8669999999999999,2024-01-22 02:40:13.000,2024-01-22 02:40:13.000,2024-01-22 02:40:13.000,606358986.0,4237958.0,1232994929,-119.0,94
757303,22,2024-01-22 02:50:03,OPMC_LIFT,1068920000.0,228,229,231,4,0,4,50.06,0.8684,2024-01-22 02:50:09.000,2024-01-22 02:50:09.000,2024-01-22 02:50:09.000,606359878.0,4238358.0,1232997749,-106.0,94
757635,22,2024-01-22 03:20:03,OPMC_LIFT,1068930000.0,229,229,231,4,0,4,50.06,0.8644999999999999,2024-01-22 03:20:11.000,2024-01-22 03:20:11.000,2024-01-22 03:20:11.000,606362566.0,4239562.0,1233006238,-108.0,94
757743,22,2024-01-22 03:30:03,OPMC_LIFT,1068930000.0,229,229,231,4,0,4,50.03,0.8672,2024-01-22 03:30:12.000,2024-01-22 03:30:12.000,2024-01-22 03:30:12.000,606363466.0,4239965.0,1233009077,-106.0,94
758011,22,2024-01-22 04:00:03,OPMC_LIFT,1068940000.0,229,229,231,4,0,4,50.06,0.8675999999999999,2024-01-22 04:00:06.000,2024-01-22 04:00:06.000,2024-01-22 04:00:06.000,606366160.0,4241168.0,1233017589,-119.0,94
758159,22,2024-01-22 04:10:03,OPMC_LIFT,1068940000.0,229,229,231,4,0,4,50.04,0.8665999999999999,2024-01-22 04:10:16.000,2024-01-22 04:10:16.000,2024-01-22 04:10:16.000,606367056.0,4241568.0,1233020421,-118.0,94
758243,22,2024-01-22 04:20:03,OPMC_LIFT,1068940000.0,228,229,231,4,0,4,50.05,0.8692,2024-01-22 04:20:11.000,2024-01-22 04:20:11.000,2024-01-22 04:20:11.000,606367949.0,4241971.0,1233023243,-118.0,94
758459,22,2024-01-22 04:40:03,OPMC_LIFT,1068950000.0,228,229,230,4,0,4,50.05,0.8684,2024-01-22 04:40:10.000,2024-01-22 04:40:10.000,2024-01-22 04:40:10.000,606369734.0,4242771.0,1233028888,-119.0,94
758567,22,2024-01-22 04:50:03,OPMC_LIFT,1068950000.0,228,228,230,4,0,4,50.02,0.8703,2024-01-22 04:50:08.000,2024-01-22 04:50:08.000,2024-01-22 04:50:08.000,606370624.0,4243171.0,1233031701,-105.0,94
758671,22,2024-01-22 05:00:03,OPMC_LIFT,1068950000.0,228,228,230,4,0,4,50.03,0.8684999999999999,2024-01-22 05:00:12.000,2024-01-22 05:00:12.000,2024-01-22 05:00:12.000,606371510.0,4243574.0,1233034510,-118.0,94
758867,22,2024-01-22 05:20:03,OPMC_LIFT,1068960000.0,227,227,229,4,0,4,50.04,0.8677999999999999,2024-01-22 05:20:10.000,2024-01-22 05:20:10.000,2024-01-22 05:20:10.000,606373274.0,4244374.0,1233040085,-120.0,94
759067,22,2024-01-22 05:40:03,OPMC_LIFT,1068960000.0,227,227,229,4,0,4,49.98,0.8674,2024-01-22 05:40:13.000,2024-01-22 05:40:13.000,2024-01-22 05:40:13.000,606375024.0,4245171.0,1233045646,-99.0,94
759155,22,2024-01-22 05:50:03,OPMC_LIFT,1068960000.0,226,227,228,4,0,4,50.03,0.8692,2024-01-22 05:50:09.000,2024-01-22 05:50:09.000,2024-01-22 05:50:09.000,606375898.0,4245571.0,1233048417,-103.0,94
759275,22,2024-01-22 06:00:03,OPMC_LIFT,1068960000.0,226,227,228,4,0,4,50.04,0.8722,2024-01-22 06:00:15.000,2024-01-22 06:00:15.000,2024-01-22 06:00:15.000,606376768.0,4245971.0,1233051189,-118.0,94
759475,22,2024-01-22 06:20:03,OPMC_LIFT,1068970000.0,225,226,227,4,0,4,50.07,0.8687999999999999,2024-01-22 06:20:09.000,2024-01-22 06:20:09.000,2024-01-22 06:20:09.000,606378493.0,4246771.0,1233056689,-116.0,94
762277,22,2024-01-22 14:33:34,OPMC_LIFT,1082080000.0,220,222,224,374,395,395,49.96,0.8744999999999999,2024-01-22 14:33:47.000,2024-01-22 14:33:47.000,2024-01-22 14:33:47.000,613654826.0,4252093.0,1248061054,-105.0,94
762319,22,2024-01-22 14:50:03,OPMC_LIFT,1082690000.0,220,222,224,369,389,389,49.96,0.8734,2024-01-22 14:50:07.000,2024-01-22 14:50:07.000,2024-01-22 14:50:07.000,613993782.0,4252093.0,1248758881,-102.0,94
762349,22,2024-01-22 15:00:03,OPMC_LIFT,1083050000.0,222,224,225,361,382,382,50.09,0.8709999999999999,2024-01-22 15:00:10.000,2024-01-22 15:00:10.000,2024-01-22 15:00:10.000,614199238.0,4252093.0,1249180049,-105.0,94
762373,22,2024-01-22 15:10:03,OPMC_LIFT,1083420000.0,221,223,224,365,386,386,50.05,0.8733,2024-01-22 15:10:13.000,2024-01-22 15:10:13.000,2024-01-22 15:10:13.000,614404499.0,4252093.0,1249600177,-105.0,94
762422,22,2024-01-22 15:30:03,OPMC_LIFT,1084160000.0,221,223,225,359,380,379,49.96,0.8709999999999999,2024-01-22 15:30:14.000,2024-01-22 15:30:14.000,2024-01-22 15:30:14.000,614817056.0,4252093.0,1250445585,-105.0,94
762440,22,2024-01-22 15:40:03,OPMC_LIFT,1084520000.0,221,223,225,363,384,384,49.99,0.8712,2024-01-22 15:40:11.000,2024-01-22 15:40:11.000,2024-01-22 15:40:11.000,615021558.0,4252093.0,1250862942,-119.0,94
762458,22,2024-01-22 15:50:03,OPMC_LIFT,1084890000.0,222,224,225,357,378,379,49.99,0.8688999999999999,2024-01-22 15:50:11.000,2024-01-22 15:50:11.000,2024-01-22 15:50:11.000,615227114.0,4252093.0,1251282437,-118.0,94
762509,22,2024-01-22 16:10:03,OPMC_LIFT,1085100000.0,227,228,229,0,0,0,49.92,1.0,2024-01-22 16:10:12.000,2024-01-22 16:10:12.000,2024-01-22 16:10:12.000,615345398.0,4252093.0,1251521326,-107.0,94
762531,22,2024-01-22 16:20:03,OPMC_LIFT,1085100000.0,227,228,229,0,0,0,50.01,1.0,2024-01-22 16:20:14.000,2024-01-22 16:20:14.000,2024-01-22 16:20:14.000,615345398.0,4252093.0,1251521326,-118.0,94
762553,22,2024-01-22 16:30:03,OPMC_LIFT,1085100000.0,227,228,230,4,0,4,49.96,0.8698999999999999,2024-01-22 16:30:14.000,2024-01-22 16:30:14.000,2024-01-22 16:30:14.000,615345930.0,4252157.0,1251522392,-107.0,94
762569,22,2024-01-22 16:40:03,OPMC_LIFT,1085100000.0,228,229,230,4,0,4,49.98,0.8699999999999999,2024-01-22 16:40:09.000,2024-01-22 16:40:09.000,2024-01-22 16:40:09.000,615346816.0,4252557.0,1251525195,-120.0,94
762598,22,2024-01-22 16:50:03,OPMC_LIFT,1085100000.0,229,229,231,4,0,4,50.01,0.8688999999999999,2024-01-22 16:50:13.000,2024-01-22 16:50:13.000,2024-01-22 16:50:13.000,615347706.0,4252954.0,1251528005,-106.0,94
762620,22,2024-01-22 17:00:03,OPMC_LIFT,1085100000.0,227,228,229,4,0,4,50.07,0.8688999999999999,2024-01-22 17:00:12.000,2024-01-22 17:00:12.000,2024-01-22 17:00:12.000,615348605.0,4253350.0,1251530837,-119.0,94
762640,22,2024-01-22 17:10:03,OPMC_LIFT,1085110000.0,229,229,231,4,0,4,50.09,0.8702,2024-01-22 17:10:13.000,2024-01-22 17:10:13.000,2024-01-22 17:10:13.000,615349491.0,4253750.0,1251533646,-101.0,94
762669,22,2024-01-22 17:30:03,OPMC_LIFT,1085110000.0,230,230,232,4,0,4,50.04,0.8649999999999999,2024-01-22 17:32:28.000,2024-01-22 17:32:28.000,2024-01-22 17:32:28.000,615351296.0,4254550.0,1251539339,-116.0,94
762685,22,2024-01-22 17:40:03,OPMC_LIFT,1085110000.0,228,228,230,4,0,4,50.01,0.8685999999999999,2024-01-22 17:40:15.000,2024-01-22 17:40:15.000,2024-01-22 17:40:15.000,615352186.0,4254947.0,1251542158,-117.0,94
762711,22,2024-01-22 17:50:03,OPMC_LIFT,1085120000.0,229,229,230,4,0,4,49.99,0.8692,2024-01-22 17:50:16.000,2024-01-22 17:50:16.000,2024-01-22 17:50:16.000,615353075.0,4255347.0,1251544968,-119.0,94
762734,22,2024-01-22 18:00:03,OPMC_LIFT,1085120000.0,230,230,232,4,0,4,50.05,0.8666999999999999,2024-01-22 18:00:12.000,2024-01-22 18:00:12.000,2024-01-22 18:00:12.000,615353971.0,4255747.0,1251547803,-107.0,94
762761,22,2024-01-22 18:10:03,OPMC_LIFT,1085120000.0,227,228,229,4,0,4,49.95,0.8694999999999999,2024-01-22 18:10:11.000,2024-01-22 18:10:11.000,2024-01-22 18:10:11.000,615354874.0,4256144.0,1251550648,-118.0,94
762780,22,2024-01-22 18:20:03,OPMC_LIFT,1085120000.0,227,227,229,4,0,4,49.98,0.8697999999999999,2024-01-22 18:20:13.000,2024-01-22 18:20:13.000,2024-01-22 18:20:13.000,615355754.0,4256544.0,1251553441,-118.0,94
762798,22,2024-01-22 18:30:03,OPMC_LIFT,1085130000.0,227,228,229,4,0,4,49.95,0.8642,2024-01-22 18:30:10.000,2024-01-22 18:30:10.000,2024-01-22 18:30:10.000,615356634.0,4256941.0,1251556225,-119.0,94
762826,22,2024-01-22 18:40:03,OPMC_LIFT,1085130000.0,227,227,229,4,0,4,50.01,0.8695999999999999,2024-01-22 18:40:15.000,2024-01-22 18:40:15.000,2024-01-22 18:40:15.000,615357514.0,4257338.0,1251559013,-107.0,94
762849,22,2024-01-22 18:50:03,OPMC_LIFT,1085130000.0,227,227,229,4,0,4,49.96,0.8695999999999999,2024-01-22 18:50:11.000,2024-01-22 18:50:11.000,2024-01-22 18:50:11.000,615358387.0,4257734.0,1251561787,-108.0,94
762867,22,2024-01-22 19:00:03,OPMC_LIFT,1085130000.0,227,228,228,4,0,4,50.01,0.8692,2024-01-22 19:00:10.000,2024-01-22 19:00:10.000,2024-01-22 19:00:10.000,615359264.0,4258131.0,1251564568,-105.0,94
762884,22,2024-01-22 19:10:03,OPMC_LIFT,1085140000.0,227,227,229,4,0,4,49.99,0.8682,2024-01-22 19:10:08.000,2024-01-22 19:10:08.000,2024-01-22 19:10:08.000,615360134.0,4258525.0,1251567342,-105.0,94
762932,22,2024-01-22 19:30:03,OPMC_LIFT,1085140000.0,227,228,229,4,0,4,49.98,0.8705999999999999,2024-01-22 19:30:10.000,2024-01-22 19:30:10.000,2024-01-22 19:30:10.000,615361882.0,4259322.0,1251572894,-103.0,94
762950,22,2024-01-22 19:40:03,OPMC_LIFT,1085140000.0,227,228,229,4,0,4,49.95,0.8678999999999999,2024-01-22 19:40:11.000,2024-01-22 19:40:11.000,2024-01-22 19:40:11.000,615362758.0,4259718.0,1251575678,-119.0,94
762974,22,2024-01-22 19:50:03,OPMC_LIFT,1085150000.0,227,228,229,4,0,4,49.97,0.8676999999999999,2024-01-22 19:50:14.000,2024-01-22 19:50:14.000,2024-01-22 19:50:14.000,615363635.0,4260115.0,1251578465,-119.0,94
763035,22,2024-01-22 20:20:03,OPMC_LIFT,1085150000.0,228,228,229,4,0,4,49.99,0.8710999999999999,2024-01-22 20:20:14.000,2024-01-22 20:20:14.000,2024-01-22 20:20:14.000,615366275.0,4261306.0,1251586843,-118.0,94
763055,22,2024-01-22 20:30:03,OPMC_LIFT,1085160000.0,227,228,229,4,0,4,49.96,0.8672,2024-01-22 20:30:10.000,2024-01-22 20:30:10.000,2024-01-22 20:30:10.000,615367152.0,4261706.0,1251589633,-118.0,94
763079,22,2024-01-22 20:40:03,OPMC_LIFT,1085160000.0,227,228,229,4,0,4,50.01,0.8706999999999999,2024-01-22 20:40:09.000,2024-01-22 20:40:09.000,2024-01-22 20:40:09.000,615368032.0,4262102.0,1251592424,-108.0,94
763103,22,2024-01-22 20:50:03,OPMC_LIFT,1085160000.0,227,228,229,4,0,4,49.97,0.8675999999999999,2024-01-22 20:50:13.000,2024-01-22 20:50:13.000,2024-01-22 20:50:13.000,615368915.0,4262499.0,1251595224,-107.0,94
763121,22,2024-01-22 21:00:03,OPMC_LIFT,1085160000.0,228,229,230,4,0,4,50.06,0.8673,2024-01-22 21:00:08.000,2024-01-22 21:00:08.000,2024-01-22 21:00:08.000,615369798.0,4262899.0,1251598024,-102.0,94
763146,22,2024-01-22 21:10:03,OPMC_LIFT,1085170000.0,228,229,230,4,0,4,50.03,0.8683,2024-01-22 21:10:15.000,2024-01-22 21:10:15.000,2024-01-22 21:10:15.000,615370685.0,4263296.0,1251600837,-114.0,94
763209,22,2024-01-22 21:40:03,OPMC_LIFT,1085170000.0,229,229,231,4,0,4,50.07,0.8689999999999999,2024-01-22 21:40:10.000,2024-01-22 21:40:10.000,2024-01-22 21:40:10.000,615373360.0,4264493.0,1251609307,-119.0,94
763234,22,2024-01-22 21:50:03,OPMC_LIFT,1085180000.0,229,229,231,4,0,4,49.98,0.8674999999999999,2024-01-22 21:50:13.000,2024-01-22 21:50:13.000,2024-01-22 21:50:13.000,615374256.0,4264893.0,1251612145,-117.0,94
763275,22,2024-01-22 22:10:02,OPMC_LIFT,1085180000.0,229,230,232,4,0,4,49.94,0.8695999999999999,2024-01-22 22:10:08.000,2024-01-22 22:10:08.000,2024-01-22 22:10:08.000,615376054.0,4265690.0,1251617822,-119.0,94
763291,22,2024-01-22 22:20:02,OPMC_LIFT,1085180000.0,229,230,232,4,0,4,49.94,0.8714,2024-01-22 22:20:07.000,2024-01-22 22:20:07.000,2024-01-22 22:20:07.000,615376957.0,4266090.0,1251620673,-119.0,94
763314,22,2024-01-22 22:30:02,OPMC_LIFT,1085190000.0,230,230,232,4,0,4,50.01,0.8684999999999999,2024-01-22 22:30:10.000,2024-01-22 22:30:10.000,2024-01-22 22:30:10.000,615377862.0,4266490.0,1251623528,-118.0,94
763336,22,2024-01-22 22:39:44,OPMC_LIFT,1085190000.0,230,230,232,4,0,4,50.02,0.8644,2024-01-22 22:39:56.000,2024-01-22 22:39:56.000,2024-01-22 22:39:56.000,615378739.0,4266877.0,1251626286,-102.0,94
763350,22,2024-01-22 22:40:04,OPMC_LIFT,1085190000.0,229,230,232,4,0,4,49.98,0.8677999999999999,2024-01-22 22:40:12.000,2024-01-22 22:40:12.000,2024-01-22 22:40:12.000,615378768.0,4266890.0,1251626385,-119.0,94
763373,22,2024-01-22 22:50:03,OPMC_LIFT,1085190000.0,230,230,232,4,0,4,50.01,0.8679999999999999,2024-01-22 22:50:11.000,2024-01-22 22:50:11.000,2024-01-22 22:50:11.000,615379670.0,4267290.0,1251629233,-103.0,94
763400,22,2024-01-22 23:10:03,OPMC_LIFT,1085200000.0,230,230,232,4,0,4,49.99,0.8676999999999999,2024-01-22 23:10:12.000,2024-01-22 23:10:12.000,2024-01-22 23:10:12.000,615381491.0,4268090.0,1251634965,-117.0,94
763441,22,2024-01-22 23:30:03,OPMC_LIFT,1085200000.0,230,230,232,4,0,4,50.02,0.8670999999999999,2024-01-22 23:30:10.000,2024-01-22 23:30:10.000,2024-01-22 23:30:10.000,615383306.0,4268890.0,1251640683,-109.0,94
763462,22,2024-01-22 23:40:03,OPMC_LIFT,1085200000.0,230,230,232,4,0,4,50.03,0.8694999999999999,2024-01-22 23:40:13.000,2024-01-22 23:40:13.000,2024-01-22 23:40:13.000,615384214.0,4269290.0,1251643544,-118.0,94
763486,22,2024-01-22 23:50:03,OPMC_LIFT,1085210000.0,230,230,232,4,0,4,50.02,0.8675999999999999,2024-01-22 23:50:10.000,2024-01-22 23:50:10.000,2024-01-22 23:50:10.000,615385123.0,4269690.0,1251646405,-102.0,94
763530,22,2024-01-23 00:10:03,OPMC_LIFT,1085210000.0,230,231,233,4,0,4,49.98,0.8656999999999999,2024-01-23 00:10:09.000,2024-01-23 00:10:09.000,2024-01-23 00:10:09.000,615386950.0,4270490.0,1251652158,-119.0,94
763549,22,2024-01-23 00:20:03,OPMC_LIFT,1085210000.0,228,228,230,4,0,4,49.96,0.8674999999999999,2024-01-23 00:20:08.000,2024-01-23 00:20:08.000,2024-01-23 00:20:08.000,615387859.0,4270890.0,1251655022,-106.0,94
763573,22,2024-01-23 00:30:03,OPMC_LIFT,1085220000.0,228,229,231,4,0,4,50.02,0.8669999999999999,2024-01-23 00:30:09.000,2024-01-23 00:30:09.000,2024-01-23 00:30:09.000,615388752.0,4271290.0,1251657841,-102.0,94
763620,22,2024-01-23 00:50:03,OPMC_LIFT,1085220000.0,228,229,231,4,0,4,50.02,0.8690999999999999,2024-01-23 00:50:09.000,2024-01-23 00:50:09.000,2024-01-23 00:50:09.000,615390538.0,4272090.0,1251663486,-106.0,94
763640,22,2024-01-23 01:00:03,OPMC_LIFT,1085220000.0,228,229,231,4,0,4,50.0,0.8664999999999999,2024-01-23 01:00:10.000,2024-01-23 01:00:10.000,2024-01-23 01:00:10.000,615391430.0,4272490.0,1251666315,-106.0,94
763658,22,2024-01-23 01:10:03,OPMC_LIFT,1085220000.0,228,229,231,4,0,4,50.01,0.8670999999999999,2024-01-23 01:10:08.000,2024-01-23 01:10:08.000,2024-01-23 01:10:08.000,615392323.0,4272890.0,1251669141,-118.0,94
763718,22,2024-01-23 01:30:03,OPMC_LIFT,1085230000.0,229,229,231,4,0,4,49.98,0.8664999999999999,2024-01-23 01:30:12.000,2024-01-23 01:30:12.000,2024-01-23 01:30:12.000,615394112.0,4273690.0,1251674795,-119.0,94
763736,22,2024-01-23 01:40:03,OPMC_LIFT,1085230000.0,229,229,231,4,0,4,50.03,0.8685999999999999,2024-01-23 01:40:11.000,2024-01-23 01:40:11.000,2024-01-23 01:40:11.000,615395008.0,4274090.0,1251677627,-105.0,94
763758,22,2024-01-23 01:50:03,OPMC_LIFT,1085230000.0,229,229,231,4,0,4,50.02,0.8677999999999999,2024-01-23 01:50:12.000,2024-01-23 01:50:12.000,2024-01-23 01:50:12.000,615395904.0,4274490.0,1251680465,-119.0,94
763804,22,2024-01-23 02:10:03,OPMC_LIFT,1085240000.0,229,230,232,4,0,4,49.98,0.8674,2024-01-23 02:10:15.000,2024-01-23 02:10:15.000,2024-01-23 02:10:15.000,615397706.0,4275290.0,1251686155,-117.0,94
763824,22,2024-01-23 02:20:03,OPMC_LIFT,1085240000.0,230,230,232,4,0,4,50.05,0.8680999999999999,2024-01-23 02:20:13.000,2024-01-23 02:20:13.000,2024-01-23 02:20:13.000,615398611.0,4275693.0,1251689009,-118.0,94
763852,22,2024-01-23 02:30:03,OPMC_LIFT,1085240000.0,230,230,232,4,0,4,50.08,0.8687999999999999,2024-01-23 02:30:10.000,2024-01-23 02:30:10.000,2024-01-23 02:30:10.000,615399517.0,4276093.0,1251691870,-118.0,94
763914,22,2024-01-23 03:00:03,OPMC_LIFT,1085250000.0,231,231,233,4,0,4,50.07,0.8653,2024-01-23 03:00:11.000,2024-01-23 03:00:11.000,2024-01-23 03:00:11.000,615402250.0,4277296.0,1251700472,-107.0,94
763935,22,2024-01-23 03:10:03,OPMC_LIFT,1085250000.0,231,231,233,4,0,4,50.07,0.8652,2024-01-23 03:10:08.000,2024-01-23 03:10:08.000,2024-01-23 03:10:08.000,615403165.0,4277696.0,1251703349,-101.0,94
763982,22,2024-01-23 03:30:03,OPMC_LIFT,1085260000.0,231,231,233,4,0,4,50.01,0.8679999999999999,2024-01-23 03:30:10.000,2024-01-23 03:30:10.000,2024-01-23 03:30:10.000,615404998.0,4278502.0,1251709118,-116.0,94
764004,22,2024-01-23 03:40:03,OPMC_LIFT,1085260000.0,231,231,233,4,0,4,49.94,0.8646999999999999,2024-01-23 03:40:15.000,2024-01-23 03:40:15.000,2024-01-23 03:40:15.000,615405917.0,4278902.0,1251712001,-119.0,94
764024,22,2024-01-23 03:50:02,OPMC_LIFT,1085260000.0,231,231,233,4,0,4,50.04,0.8694,2024-01-23 03:50:12.000,2024-01-23 03:50:12.000,2024-01-23 03:50:12.000,615406835.0,4279302.0,1251714888,-102.0,94
764045,22,2024-01-23 04:00:03,OPMC_LIFT,1085270000.0,228,229,231,4,0,4,50.04,0.8679999999999999,2024-01-23 04:00:07.000,2024-01-23 04:00:07.000,2024-01-23 04:00:07.000,615407731.0,4279702.0,1251717720,-103.0,94
764065,22,2024-01-23 04:10:03,OPMC_LIFT,1085270000.0,228,229,230,4,0,4,50.0,0.8680999999999999,2024-01-23 04:10:10.000,2024-01-23 04:10:10.000,2024-01-23 04:10:10.000,615408624.0,4280102.0,1251720539,-120.0,94
764106,22,2024-01-23 04:30:03,OPMC_LIFT,1085270000.0,228,228,230,4,0,4,50.04,0.8707999999999999,2024-01-23 04:30:07.000,2024-01-23 04:30:07.000,2024-01-23 04:30:07.000,615410403.0,4280906.0,1251726174,-100.0,94
764153,22,2024-01-23 04:50:03,OPMC_LIFT,1085280000.0,228,228,230,4,0,4,49.99,0.8676999999999999,2024-01-23 04:50:09.000,2024-01-23 04:50:09.000,2024-01-23 04:50:09.000,615412179.0,4281702.0,1251731800,-118.0,94
764201,22,2024-01-23 05:10:03,OPMC_LIFT,1085280000.0,227,228,229,4,0,4,50.0,0.8698999999999999,2024-01-23 05:10:13.000,2024-01-23 05:10:13.000,2024-01-23 05:10:13.000,615413946.0,4282502.0,1251737400,-118.0,94
764223,22,2024-01-23 05:20:03,OPMC_LIFT,1085290000.0,227,227,229,4,0,4,49.98,0.8704,2024-01-23 05:20:10.000,2024-01-23 05:20:10.000,2024-01-23 05:20:10.000,615414822.0,4282902.0,1251740181,-118.0,94
764249,22,2024-01-23 05:30:03,OPMC_LIFT,1085290000.0,226,227,228,4,0,4,49.98,0.8712,2024-01-23 05:30:10.000,2024-01-23 05:30:10.000,2024-01-23 05:30:10.000,615415696.0,4283299.0,1251742958,-109.0,94
764265,22,2024-01-23 05:40:03,OPMC_LIFT,1085290000.0,226,226,228,4,0,4,49.98,0.8677999999999999,2024-01-23 05:40:09.000,2024-01-23 05:40:09.000,2024-01-23 05:40:09.000,615416566.0,4283699.0,1251745723,-117.0,94
764289,22,2024-01-23 05:50:03,OPMC_LIFT,1085290000.0,226,226,228,4,0,4,50.05,0.8702,2024-01-23 05:50:09.000,2024-01-23 05:50:09.000,2024-01-23 05:50:09.000,615417430.0,4284099.0,1251748475,-119.0,94
764337,22,2024-01-23 06:10:02,OPMC_LIFT,1085300000.0,225,225,227,4,0,4,50.03,0.8709999999999999,2024-01-23 06:10:12.000,2024-01-23 06:10:12.000,2024-01-23 06:10:12.000,615419152.0,4284896.0,1251753969,-118.0,94
764357,22,2024-01-23 06:20:02,OPMC_LIFT,1085300000.0,227,227,229,4,0,4,49.95,0.8712,2024-01-23 06:20:13.000,2024-01-23 06:20:13.000,2024-01-23 06:20:13.000,615420022.0,4285293.0,1251756737,-103.0,94
764377,22,2024-01-23 06:30:02,OPMC_LIFT,1085300000.0,227,227,229,4,0,4,50.06,0.8668999999999999,2024-01-23 06:30:10.000,2024-01-23 06:30:10.000,2024-01-23 06:30:10.000,615420896.0,4285696.0,1251759518,-116.0,94
764395,22,2024-01-23 06:34:52,OPMC_LIFT,1085300000.0,227,227,229,4,0,4,50.07,0.8690999999999999,2024-01-23 06:35:03.000,2024-01-23 06:35:03.000,2024-01-23 06:35:03.000,615421318.0,4285888.0,1251760859,-117.0,94
764417,22,2024-01-23 06:40:03,OPMC_LIFT,1085310000.0,226,227,229,4,0,4,50.08,0.8657999999999999,2024-01-23 06:40:08.000,2024-01-23 06:40:08.000,2024-01-23 06:40:08.000,615421773.0,4286096.0,1251762299,-119.0,94
764444,22,2024-01-23 06:50:03,OPMC_LIFT,1085310000.0,226,227,229,4,0,4,50.05,0.8662,2024-01-23 06:50:11.000,2024-01-23 06:50:11.000,2024-01-23 06:50:11.000,615422646.0,4286496.0,1251765077,-118.0,94
764489,22,2024-01-23 07:10:03,OPMC_LIFT,1085310000.0,224,225,227,4,0,4,49.99,0.8714,2024-01-23 07:10:12.000,2024-01-23 07:10:12.000,2024-01-23 07:10:12.000,615424378.0,4287290.0,1251770574,-118.0,94
764515,22,2024-01-23 07:20:03,OPMC_LIFT,1085340000.0,224,226,227,122,125,131,49.96,0.7812999999999999,2024-01-23 07:20:16.000,2024-01-23 07:20:16.000,2024-01-23 07:20:16.000,615445280.0,4287552.0,1251804817,-104.0,94
764552,22,2024-01-23 07:40:03,OPMC_LIFT,1085990000.0,219,222,223,353,375,372,49.95,0.8668999999999999,2024-01-23 07:40:10.000,2024-01-23 07:40:10.000,2024-01-23 07:40:10.000,615832557.0,4287552.0,1252560056,-105.0,94
764600,22,2024-01-23 08:00:03,OPMC_LIFT,1086570000.0,220,222,223,255,270,269,49.95,0.8219,2024-01-23 08:00:11.000,2024-01-23 08:00:11.000,2024-01-23 08:00:11.000,616163654.0,4287552.0,1253228008,-119.0,94
764648,22,2024-01-23 08:20:03,OPMC_LIFT,1087100000.0,219,221,222,355,377,374,50.04,0.8692,2024-01-23 08:20:11.000,2024-01-23 08:20:11.000,2024-01-23 08:20:11.000,616480518.0,4287552.0,1253852901,-118.0,94
764669,22,2024-01-23 08:30:03,OPMC_LIFT,1087330000.0,220,222,223,204,210,213,50.0,0.8755,2024-01-23 08:30:08.000,2024-01-23 08:30:08.000,2024-01-23 08:30:08.000,616606816.0,4287552.0,1254110987,-108.0,94
764708,22,2024-01-23 08:40:03,OPMC_LIFT,1087600000.0,222,224,225,197,203,207,49.98,0.8707999999999999,2024-01-23 08:40:14.000,2024-01-23 08:40:14.000,2024-01-23 08:40:14.000,616766234.0,4287552.0,1254424965,-118.0,94
764752,22,2024-01-23 08:50:03,OPMC_LIFT,1087840000.0,219,221,222,359,380,377,49.95,0.8686999999999999,2024-01-23 08:50:11.000,2024-01-23 08:50:11.000,2024-01-23 08:50:11.000,616908806.0,4287552.0,1254704213,-117.0,94
764805,22,2024-01-23 09:00:03,OPMC_LIFT,1088070000.0,221,223,224,199,205,208,49.98,0.8726999999999999,2024-01-23 09:00:12.000,2024-01-23 09:00:12.000,2024-01-23 09:00:12.000,617037210.0,4287552.0,1254966129,-103.0,94
764854,22,2024-01-23 09:10:03,OPMC_LIFT,1088330000.0,221,223,224,202,207,211,49.99,0.8736999999999999,2024-01-23 09:10:10.000,2024-01-23 09:10:10.000,2024-01-23 09:10:10.000,617193987.0,4287552.0,1255275137,-117.0,94
764962,22,2024-01-23 09:30:03,OPMC_LIFT,1088810000.0,220,222,224,203,208,212,49.95,0.8737999999999999,2024-01-23 09:30:13.000,2024-01-23 09:30:13.000,2024-01-23 09:30:13.000,617465440.0,4287552.0,1255821256,-100.0,94
765056,22,2024-01-23 09:50:03,OPMC_LIFT,1089280000.0,221,223,224,204,209,213,50.02,0.8742,2024-01-23 09:50:15.000,2024-01-23 09:50:15.000,2024-01-23 09:50:15.000,617745046.0,4287552.0,1256372555,-102.0,94
765096,22,2024-01-23 10:00:03,OPMC_LIFT,1089480000.0,223,224,226,204,209,212,50.0,0.8728999999999999,2024-01-23 10:00:11.000,2024-01-23 10:00:11.000,2024-01-23 10:00:11.000,617857546.0,4287552.0,1256605185,-103.0,94
765135,22,2024-01-23 10:10:03,OPMC_LIFT,1089720000.0,223,224,225,205,210,214,50.02,0.8725999999999999,2024-01-23 10:10:07.000,2024-01-23 10:10:07.000,2024-01-23 10:10:07.000,618000717.0,4287552.0,1256886104,-102.0,94
765195,22,2024-01-23 10:20:03,OPMC_LIFT,1089970000.0,222,224,225,204,210,213,50.06,0.8735999999999999,2024-01-23 10:20:15.000,2024-01-23 10:20:15.000,2024-01-23 10:20:15.000,618142547.0,4287552.0,1257166635,-120.0,94
765238,22,2024-01-23 10:30:03,OPMC_LIFT,1090170000.0,222,223,225,206,212,215,49.99,0.8739999999999999,2024-01-23 10:30:13.000,2024-01-23 10:30:13.000,2024-01-23 10:30:13.000,618256493.0,4287552.0,1257400846,-119.0,94
765337,22,2024-01-23 10:50:03,OPMC_LIFT,1090650000.0,219,222,223,377,397,394,50.01,0.8709999999999999,2024-01-23 10:50:14.000,2024-01-23 10:50:14.000,2024-01-23 10:50:14.000,618541523.0,4287552.0,1257963176,-119.0,94
765426,22,2024-01-23 11:10:03,OPMC_LIFT,1091120000.0,221,223,224,208,214,218,49.97,0.8746999999999999,2024-01-23 11:10:10.000,2024-01-23 11:10:10.000,2024-01-23 11:10:10.000,618804739.0,4287552.0,1258493419,-120.0,94
765477,22,2024-01-23 11:20:03,OPMC_LIFT,1091350000.0,219,222,223,332,349,349,50.02,0.8573,2024-01-23 11:20:14.000,2024-01-23 11:20:14.000,2024-01-23 11:20:14.000,618944282.0,4287552.0,1258770171,-117.0,94
765518,22,2024-01-23 11:30:03,OPMC_LIFT,1091580000.0,222,224,225,209,215,219,50.05,0.8735999999999999,2024-01-23 11:30:09.000,2024-01-23 11:30:09.000,2024-01-23 11:30:09.000,619069376.0,4287552.0,1259027157,-118.0,94
765605,22,2024-01-23 11:50:03,OPMC_LIFT,1092070000.0,220,223,224,327,344,344,49.89,0.8526999999999999,2024-01-23 11:50:09.000,2024-01-23 11:50:09.000,2024-01-23 11:50:09.000,619357085.0,4287552.0,1259594737,-119.0,94
765648,22,2024-01-23 12:00:03,OPMC_LIFT,1092310000.0,223,225,227,304,322,324,50.11,0.8424999999999999,2024-01-23 12:00:10.000,2024-01-23 12:00:10.000,2024-01-23 12:00:10.000,619510598.0,4287552.0,1259884491,-105.0,94
765782,22,2024-01-23 12:30:03,OPMC_LIFT,1093010000.0,224,226,227,233,247,250,50.01,0.7870999999999999,2024-01-23 12:30:09.000,2024-01-23 12:30:09.000,2024-01-23 12:30:09.000,619953619.0,4287552.0,1260714193,-120.0,94
765834,22,2024-01-23 12:40:03,OPMC_LIFT,1093260000.0,224,226,227,230,245,247,50.04,0.7837,2024-01-23 12:40:16.000,2024-01-23 12:40:16.000,2024-01-23 12:40:16.000,620107194.0,4287552.0,1261006325,-120.0,94
765882,22,2024-01-23 12:50:03,OPMC_LIFT,1093500000.0,224,226,227,207,213,217,50.06,0.8714999999999999,2024-01-23 12:50:11.000,2024-01-23 12:50:11.000,2024-01-23 12:50:11.000,620262253.0,4287552.0,1261292837,-119.0,94
765921,22,2024-01-23 13:00:03,OPMC_LIFT,1093760000.0,223,225,226,212,219,222,50.01,0.8733,2024-01-23 13:00:09.000,2024-01-23 13:00:09.000,2024-01-23 13:00:09.000,620416909.0,4287552.0,1261593189,-105.0,94
765966,22,2024-01-23 13:10:03,OPMC_LIFT,1093990000.0,218,221,222,327,345,343,49.96,0.8569999999999999,2024-01-23 13:10:08.000,2024-01-23 13:10:08.000,2024-01-23 13:10:08.000,620552099.0,4287552.0,1261863681,-108.0,94
766032,22,2024-01-23 13:20:03,OPMC_LIFT,1094240000.0,220,222,224,303,323,320,50.01,0.8487999999999999,2024-01-23 13:20:15.000,2024-01-23 13:20:15.000,2024-01-23 13:20:15.000,620701712.0,4287552.0,1262154395,-120.0,94
766257,22,2024-01-23 14:10:03,OPMC_LIFT,1095420000.0,223,225,226,132,137,141,50.05,0.8163999999999999,2024-01-23 14:10:11.000,2024-01-23 14:10:11.000,2024-01-23 14:10:11.000,621421005.0,4287552.0,1263534609,-102.0,94
766310,22,2024-01-23 14:20:03,OPMC_LIFT,1095650000.0,222,224,225,211,218,220,50.08,0.8743,2024-01-23 14:23:23.000,2024-01-23 14:23:23.000,2024-01-23 14:23:23.000,621564768.0,4287552.0,1263812062,-120.0,94
766364,22,2024-01-23 14:30:03,OPMC_LIFT,1095860000.0,222,224,225,211,217,220,50.07,0.8748999999999999,2024-01-23 14:30:16.000,2024-01-23 14:30:16.000,2024-01-23 14:30:16.000,621681299.0,4287552.0,1264052043,-119.0,94
766402,22,2024-01-23 14:37:19,OPMC_LIFT,1096040000.0,220,222,223,327,345,343,50.05,0.8547999999999999,2024-01-23 14:37:25.000,2024-01-23 14:37:25.000,2024-01-23 14:37:25.000,621786656.0,4287552.0,1264259710,-119.0,94
766438,22,2024-01-23 14:40:03,OPMC_LIFT,1096120000.0,222,224,225,205,214,215,50.07,0.8632,2024-01-23 14:40:13.000,2024-01-23 14:40:13.000,2024-01-23 14:40:13.000,621832141.0,4287552.0,1264349217,-121.0,94
766494,22,2024-01-23 14:50:03,OPMC_LIFT,1096370000.0,224,225,226,143,148,151,50.06,0.8301,2024-01-23 14:50:16.000,2024-01-23 14:50:16.000,2024-01-23 14:50:16.000,621986368.0,4287552.0,1264642517,-108.0,94
766548,22,2024-01-23 15:00:03,OPMC_LIFT,1096610000.0,220,223,224,381,403,400,50.04,0.8714999999999999,2024-01-23 15:00:13.000,2024-01-23 15:00:13.000,2024-01-23 15:00:13.000,622131386.0,4287552.0,1264925051,-105.0,94
766588,22,2024-01-23 15:10:03,OPMC_LIFT,1096840000.0,220,223,224,306,324,324,49.98,0.8472,2024-01-23 15:10:10.000,2024-01-23 15:10:10.000,2024-01-23 15:10:10.000,622270330.0,4287552.0,1265190811,-119.0,94
766642,22,2024-01-23 15:20:03,OPMC_LIFT,1097060000.0,221,223,224,306,324,323,50.01,0.8464999999999999,2024-01-23 15:20:11.000,2024-01-23 15:20:11.000,2024-01-23 15:20:11.000,622410880.0,4287552.0,1265454699,-99.0,94
766693,22,2024-01-23 15:30:03,OPMC_LIFT,1097300000.0,221,224,225,274,279,275,49.99,0.8331999999999999,2024-01-23 15:30:10.000,2024-01-23 15:30:10.000,2024-01-23 15:30:10.000,622555296.0,4287552.0,1265739573,-120.0,94
766738,22,2024-01-23 15:40:03,OPMC_LIFT,1097550000.0,223,225,226,208,214,218,49.98,0.8723,2024-01-23 15:40:12.000,2024-01-23 15:40:12.000,2024-01-23 15:40:12.000,622709133.0,4287552.0,1266027480,-104.0,94
766788,22,2024-01-23 15:50:03,OPMC_LIFT,1097800000.0,224,225,227,204,212,215,50.03,0.8623999999999999,2024-01-23 15:50:11.000,2024-01-23 15:50:11.000,2024-01-23 15:50:11.000,622861184.0,4287552.0,1266321009,-120.0,94
766884,22,2024-01-23 16:10:03,OPMC_LIFT,1097990000.0,228,229,230,0,0,0,49.94,1.0,2024-01-23 16:10:13.000,2024-01-23 16:10:13.000,2024-01-23 16:10:13.000,622981088.0,4287552.0,1266543409,-120.0,94
766935,22,2024-01-23 16:20:03,OPMC_LIFT,1097990000.0,229,230,231,0,0,0,49.95,1.0,2024-01-23 16:20:12.000,2024-01-23 16:20:12.000,2024-01-23 16:20:12.000,622981088.0,4287552.0,1266543409,-105.0,94
766983,22,2024-01-23 16:30:03,OPMC_LIFT,1097990000.0,229,230,231,3,0,3,49.94,0.4730999999999999,2024-01-23 16:30:10.000,2024-01-23 16:30:10.000,2024-01-23 16:30:10.000,622981187.0,4287571.0,1266543627,-119.0,94
767036,22,2024-01-23 16:40:03,OPMC_LIFT,1097990000.0,227,228,229,4,0,4,50.01,0.8697999999999999,2024-01-23 16:40:12.000,2024-01-23 16:40:12.000,2024-01-23 16:40:12.000,622982045.0,4287885.0,1266546133,-116.0,94
767092,22,2024-01-23 16:50:03,OPMC_LIFT,1097990000.0,227,228,229,4,0,4,50.04,0.8719999999999999,2024-01-23 16:50:14.000,2024-01-23 16:50:14.000,2024-01-23 16:50:14.000,622982918.0,4288285.0,1266548917,-104.0,94
767149,22,2024-01-23 17:00:03,OPMC_LIFT,1097990000.0,229,229,231,4,0,4,50.06,0.8662,2024-01-23 17:00:15.000,2024-01-23 17:00:15.000,2024-01-23 17:00:15.000,622983805.0,4288682.0,1266551717,-105.0,94
767200,22,2024-01-23 17:10:03,OPMC_LIFT,1098000000.0,227,228,229,4,0,4,50.07,0.8678999999999999,2024-01-23 17:10:15.000,2024-01-23 17:10:15.000,2024-01-23 17:10:15.000,622984698.0,4289082.0,1266554542,-119.0,94
767286,22,2024-01-23 17:30:03,OPMC_LIFT,1098000000.0,228,229,230,4,0,4,50.07,0.8699999999999999,2024-01-23 17:30:09.000,2024-01-23 17:30:09.000,2024-01-23 17:30:09.000,622986464.0,4289882.0,1266560155,-103.0,94
767349,22,2024-01-23 17:40:03,OPMC_LIFT,1098000000.0,229,230,231,4,0,4,50.07,0.8722,2024-01-23 17:40:10.000,2024-01-23 17:40:10.000,2024-01-23 17:40:10.000,622987354.0,4290282.0,1266562971,-106.0,94
767395,22,2024-01-23 17:50:03,OPMC_LIFT,1098000000.0,229,230,232,4,0,4,50.02,0.8675999999999999,2024-01-23 17:50:10.000,2024-01-23 17:50:10.000,2024-01-23 17:50:10.000,622988253.0,4290682.0,1266565813,-101.0,94
767510,22,2024-01-23 18:10:03,OPMC_LIFT,1098010000.0,229,229,231,4,0,4,49.94,0.8672,2024-01-23 18:10:11.000,2024-01-23 18:10:11.000,2024-01-23 18:10:11.000,622990038.0,4291478.0,1266571473,-103.0,94
767563,22,2024-01-23 18:20:03,OPMC_LIFT,1098010000.0,229,230,231,4,0,4,49.99,0.8717999999999999,2024-01-23 18:20:11.000,2024-01-23 18:20:11.000,2024-01-23 18:20:11.000,622990938.0,4291878.0,1266574312,-105.0,94
767622,22,2024-01-23 18:30:03,OPMC_LIFT,1098010000.0,229,230,231,4,0,4,49.96,0.8662,2024-01-23 18:30:13.000,2024-01-23 18:30:13.000,2024-01-23 18:30:13.000,622991837.0,4292275.0,1266577144,-101.0,94
767731,22,2024-01-23 18:50:03,OPMC_LIFT,1098020000.0,229,229,231,4,0,4,50.02,0.8703,2024-01-23 18:50:12.000,2024-01-23 18:50:12.000,2024-01-23 18:50:12.000,622993626.0,4293072.0,1266582805,-120.0,94
767789,22,2024-01-23 19:00:03,OPMC_LIFT,1098020000.0,229,230,231,4,0,4,49.98,0.8654999999999999,2024-01-23 19:00:10.000,2024-01-23 19:00:10.000,2024-01-23 19:00:10.000,622994522.0,4293469.0,1266585637,-120.0,94
767839,22,2024-01-23 19:10:03,OPMC_LIFT,1098020000.0,229,229,231,4,0,4,50.0,0.8665999999999999,2024-01-23 19:10:12.000,2024-01-23 19:10:12.000,2024-01-23 19:10:12.000,622995418.0,4293869.0,1266588469,-119.0,94
767949,22,2024-01-23 19:30:03,OPMC_LIFT,1098030000.0,226,227,228,4,0,4,49.97,0.8694999999999999,2024-01-23 19:30:12.000,2024-01-23 19:30:12.000,2024-01-23 19:30:12.000,622997162.0,4294666.0,1266594011,-102.0,94
767993,22,2024-01-23 19:40:03,OPMC_LIFT,1098030000.0,227,227,229,4,0,4,49.99,0.8709999999999999,2024-01-23 19:40:08.000,2024-01-23 19:40:08.000,2024-01-23 19:40:08.000,622998032.0,4295066.0,1266596776,-103.0,94
768046,22,2024-01-23 19:50:03,OPMC_LIFT,1098030000.0,227,227,229,4,0,4,50.0,0.8694,2024-01-23 19:50:07.000,2024-01-23 19:50:07.000,2024-01-23 19:50:07.000,622998902.0,4295462.0,1266599550,-117.0,94
768092,22,2024-01-23 20:00:03,OPMC_LIFT,1098040000.0,227,227,229,4,0,4,49.98,0.8705999999999999,2024-01-23 20:00:10.000,2024-01-23 20:00:10.000,2024-01-23 20:00:10.000,622999773.0,4295859.0,1266602321,-118.0,94
768154,22,2024-01-23 20:10:02,OPMC_LIFT,1098040000.0,227,228,229,4,0,4,49.99,0.8704,2024-01-23 20:10:11.000,2024-01-23 20:10:11.000,2024-01-23 20:10:11.000,623000646.0,4296259.0,1266605096,-106.0,94
768251,22,2024-01-23 20:30:02,OPMC_LIFT,1098040000.0,227,227,229,4,0,4,49.97,0.8705999999999999,2024-01-23 20:30:08.000,2024-01-23 20:30:08.000,2024-01-23 20:30:08.000,623002394.0,4297056.0,1266610654,-117.0,94
768349,22,2024-01-23 20:50:02,OPMC_LIFT,1098050000.0,227,228,229,4,0,4,50.05,0.8678999999999999,2024-01-23 20:50:10.000,2024-01-23 20:50:10.000,2024-01-23 20:50:10.000,623004150.0,4297856.0,1266616238,-108.0,94
768404,22,2024-01-23 21:00:02,OPMC_LIFT,1098050000.0,228,228,230,4,0,4,50.06,0.8684,2024-01-23 21:00:11.000,2024-01-23 21:00:11.000,2024-01-23 21:00:11.000,623005030.0,4298256.0,1266619032,-119.0,94
768454,22,2024-01-23 21:10:03,OPMC_LIFT,1098050000.0,228,229,230,4,0,4,50.04,0.8668999999999999,2024-01-23 21:10:12.000,2024-01-23 21:10:12.000,2024-01-23 21:10:12.000,623005920.0,4298656.0,1266621848,-119.0,94
768512,22,2024-01-23 21:20:03,OPMC_LIFT,1098060000.0,228,229,231,4,0,4,50.06,0.8674999999999999,2024-01-23 21:20:12.000,2024-01-23 21:20:12.000,2024-01-23 21:20:12.000,623006810.0,4299056.0,1266624664,-119.0,94
768561,22,2024-01-23 21:30:03,OPMC_LIFT,1098060000.0,228,229,231,4,0,4,50.04,0.8672,2024-01-23 21:30:10.000,2024-01-23 21:30:10.000,2024-01-23 21:30:10.000,623007699.0,4299459.0,1266627486,-113.0,94
768626,22,2024-01-23 21:40:03,OPMC_LIFT,1098060000.0,228,229,231,4,0,4,50.01,0.8692,2024-01-23 21:40:14.000,2024-01-23 21:40:14.000,2024-01-23 21:40:14.000,623008589.0,4299859.0,1266630305,-119.0,94
768671,22,2024-01-23 21:50:03,OPMC_LIFT,1098060000.0,229,229,231,4,0,4,50.05,0.8646999999999999,2024-01-23 21:50:12.000,2024-01-23 21:50:12.000,2024-01-23 21:50:12.000,623009482.0,4300259.0,1266633131,-101.0,94
768721,22,2024-01-23 22:00:03,OPMC_LIFT,1098070000.0,229,229,231,4,0,4,50.04,0.8695999999999999,2024-01-23 22:00:09.000,2024-01-23 22:00:09.000,2024-01-23 22:00:09.000,623010378.0,4300659.0,1266635957,-120.0,94
768774,22,2024-01-23 22:10:03,OPMC_LIFT,1098070000.0,229,230,232,4,0,4,50.06,0.8685999999999999,2024-01-23 22:10:11.000,2024-01-23 22:10:11.000,2024-01-23 22:10:11.000,623011274.0,4301059.0,1266638798,-102.0,94
768810,22,2024-01-23 22:20:02,OPMC_LIFT,1098070000.0,229,230,232,4,0,4,50.05,0.8705999999999999,2024-01-23 22:20:10.000,2024-01-23 22:20:10.000,2024-01-23 22:20:10.000,623012176.0,4301459.0,1266641646,-119.0,94
768880,22,2024-01-23 22:36:12,OPMC_LIFT,1098070000.0,230,231,233,4,0,4,50.06,0.8677999999999999,2024-01-23 22:36:17.000,2024-01-23 22:36:17.000,2024-01-23 22:36:17.000,623013635.0,4302106.0,1266646257,-117.0,94
768911,22,2024-01-23 22:40:03,OPMC_LIFT,1098080000.0,230,231,233,4,0,4,50.06,0.8683,2024-01-23 22:40:41.000,2024-01-23 22:40:41.000,2024-01-23 22:40:41.000,623013984.0,4302259.0,1266647358,-120.0,94
768997,22,2024-01-23 23:10:03,OPMC_LIFT,1098080000.0,228,229,231,4,0,4,50.06,0.8694999999999999,2024-01-23 23:10:14.000,2024-01-23 23:10:14.000,2024-01-23 23:10:14.000,623016685.0,4303459.0,1266655899,-119.0,94
769044,22,2024-01-23 23:20:02,OPMC_LIFT,1098090000.0,228,229,231,4,0,4,50.07,0.8684999999999999,2024-01-23 23:20:08.000,2024-01-23 23:20:08.000,2024-01-23 23:20:08.000,623017571.0,4303859.0,1266658715,-120.0,94
769099,22,2024-01-23 23:30:02,OPMC_LIFT,1098090000.0,228,229,230,4,0,4,50.05,0.8659999999999999,2024-01-23 23:30:09.000,2024-01-23 23:30:09.000,2024-01-23 23:30:09.000,623018458.0,4304259.0,1266661528,-103.0,94
769208,22,2024-01-23 23:50:02,OPMC_LIFT,1098090000.0,229,229,231,4,0,4,50.07,0.8694999999999999,2024-01-23 23:50:10.000,2024-01-23 23:50:10.000,2024-01-23 23:50:10.000,623020240.0,4305059.0,1266667169,-102.0,94
769312,22,2024-01-24 00:10:03,OPMC_LIFT,1098100000.0,230,230,232,4,0,4,50.05,0.8696999999999999,2024-01-24 00:10:08.000,2024-01-24 00:10:08.000,2024-01-24 00:10:08.000,623022035.0,4305862.0,1266672856,-120.0,94
769414,22,2024-01-24 00:30:03,OPMC_LIFT,1098100000.0,229,230,232,4,0,4,49.99,0.8696999999999999,2024-01-24 00:30:13.000,2024-01-24 00:30:13.000,2024-01-24 00:30:13.000,623023834.0,4306662.0,1266678545,-120.0,94
769463,22,2024-01-24 00:40:03,OPMC_LIFT,1098110000.0,230,230,232,4,0,4,49.96,0.8693,2024-01-24 00:40:09.000,2024-01-24 00:40:09.000,2024-01-24 00:40:09.000,623024739.0,4307062.0,1266681397,-119.0,94
769519,22,2024-01-24 00:50:03,OPMC_LIFT,1098110000.0,230,230,232,4,0,4,50.0,0.8666999999999999,2024-01-24 00:50:08.000,2024-01-24 00:50:08.000,2024-01-24 00:50:08.000,623025645.0,4307462.0,1266684257,-119.0,94
769572,22,2024-01-24 01:00:03,OPMC_LIFT,1098110000.0,230,231,233,4,0,4,50.04,0.8690999999999999,2024-01-24 01:00:12.000,2024-01-24 01:00:12.000,2024-01-24 01:00:12.000,623026554.0,4307862.0,1266687128,-120.0,94
769645,22,2024-01-24 01:10:03,OPMC_LIFT,1098110000.0,230,231,232,4,0,4,49.94,0.8675999999999999,2024-01-24 01:10:40.000,2024-01-24 01:10:40.000,2024-01-24 01:10:40.000,623027466.0,4308262.0,1266689995,-105.0,94
769720,22,2024-01-24 01:20:03,OPMC_LIFT,1098120000.0,230,231,233,4,0,4,50.01,0.8700999999999999,2024-01-24 01:20:12.000,2024-01-24 01:20:12.000,2024-01-24 01:20:12.000,623028374.0,4308662.0,1266692865,-120.0,94
769766,22,2024-01-24 01:30:03,OPMC_LIFT,1098120000.0,230,231,233,4,0,4,50.03,0.8665999999999999,2024-01-24 01:30:09.000,2024-01-24 01:30:09.000,2024-01-24 01:30:09.000,623029290.0,4309062.0,1266695742,-119.0,94
769824,22,2024-01-24 01:40:03,OPMC_LIFT,1098120000.0,228,229,230,4,0,4,50.05,0.8689999999999999,2024-01-24 01:40:11.000,2024-01-24 01:40:11.000,2024-01-24 01:40:11.000,623030186.0,4309462.0,1266698581,-118.0,94
769872,22,2024-01-24 01:50:03,OPMC_LIFT,1098120000.0,228,229,231,4,0,4,49.99,0.8659999999999999,2024-01-24 01:50:10.000,2024-01-24 01:50:10.000,2024-01-24 01:50:10.000,623031075.0,4309862.0,1266701400,-107.0,94
769925,22,2024-01-24 02:00:03,OPMC_LIFT,1098120000.0,229,229,231,4,0,4,50.03,0.8695999999999999,2024-01-24 02:00:13.000,2024-01-24 02:00:13.000,2024-01-24 02:00:13.000,623031965.0,4310262.0,1266704222,-119.0,94
769980,22,2024-01-24 02:10:03,OPMC_LIFT,1098130000.0,229,229,231,4,0,4,49.97,0.8674999999999999,2024-01-24 02:10:08.000,2024-01-24 02:10:08.000,2024-01-24 02:10:08.000,623032861.0,4310662.0,1266707048,-120.0,94
770034,22,2024-01-24 02:20:03,OPMC_LIFT,1098130000.0,229,229,231,4,0,4,50.0,0.8662,2024-01-24 02:20:07.000,2024-01-24 02:20:07.000,2024-01-24 02:20:07.000,623033754.0,4311062.0,1266709880,-118.0,94
770078,22,2024-01-24 02:30:03,OPMC_LIFT,1098130000.0,228,229,231,4,0,4,49.93,0.8694,2024-01-24 02:30:07.000,2024-01-24 02:30:07.000,2024-01-24 02:30:07.000,623034646.0,4311459.0,1266712715,-119.0,94
770203,22,2024-01-24 02:50:03,OPMC_LIFT,1098140000.0,229,229,231,4,0,4,50.04,0.8657999999999999,2024-01-24 02:50:09.000,2024-01-24 02:50:09.000,2024-01-24 02:50:09.000,623036435.0,4312259.0,1266718366,-120.0,94
770266,22,2024-01-24 03:00:03,OPMC_LIFT,1098140000.0,229,229,231,4,0,4,50.05,0.8674,2024-01-24 03:00:12.000,2024-01-24 03:00:12.000,2024-01-24 03:00:12.000,623037325.0,4312659.0,1266721198,-121.0,94
770374,22,2024-01-24 03:20:03,OPMC_LIFT,1098140000.0,229,229,231,4,0,4,49.99,0.8680999999999999,2024-01-24 03:20:12.000,2024-01-24 03:20:12.000,2024-01-24 03:20:12.000,623039117.0,4313456.0,1266726869,-120.0,94
770412,22,2024-01-24 03:30:03,OPMC_LIFT,1098150000.0,229,229,231,4,0,4,50.05,0.8705999999999999,2024-01-24 03:30:08.000,2024-01-24 03:30:08.000,2024-01-24 03:30:08.000,623040013.0,4313856.0,1266729704,-118.0,94
770523,22,2024-01-24 03:50:03,OPMC_LIFT,1098150000.0,229,230,232,4,0,4,50.05,0.8702,2024-01-24 03:50:10.000,2024-01-24 03:50:10.000,2024-01-24 03:50:10.000,623041811.0,4314656.0,1266735387,-119.0,94
770641,22,2024-01-24 04:10:03,OPMC_LIFT,1098160000.0,229,229,231,4,0,4,50.0,0.8668999999999999,2024-01-24 04:10:14.000,2024-01-24 04:10:14.000,2024-01-24 04:10:14.000,623043613.0,4315456.0,1266741077,-120.0,94
770688,22,2024-01-24 04:20:03,OPMC_LIFT,1098160000.0,229,229,231,4,0,4,49.96,0.8687999999999999,2024-01-24 04:20:13.000,2024-01-24 04:20:13.000,2024-01-24 04:20:13.000,623044509.0,4315856.0,1266743912,-120.0,94
770744,22,2024-01-24 04:30:03,OPMC_LIFT,1098160000.0,229,229,231,4,0,4,50.02,0.8697999999999999,2024-01-24 04:30:12.000,2024-01-24 04:30:12.000,2024-01-24 04:30:12.000,623045402.0,4316256.0,1266746744,-107.0,94
770809,22,2024-01-24 04:50:03,OPMC_LIFT,1098170000.0,228,229,231,4,0,4,50.05,0.8689999999999999,2024-01-24 04:50:13.000,2024-01-24 04:50:13.000,2024-01-24 04:50:13.000,623047187.0,4317056.0,1266752389,-118.0,94
770942,22,2024-01-24 05:10:03,OPMC_LIFT,1098170000.0,228,228,230,4,0,4,50.01,0.8672,2024-01-24 05:10:10.000,2024-01-24 05:10:10.000,2024-01-24 05:10:10.000,623048957.0,4317856.0,1266758008,-120.0,94
771050,22,2024-01-24 05:20:03,OPMC_LIFT,1098170000.0,227,227,229,4,0,4,49.94,0.8670999999999999,2024-01-24 05:20:07.000,2024-01-24 05:20:07.000,2024-01-24 05:20:07.000,623049837.0,4318256.0,1266760801,-101.0,94
771201,22,2024-01-24 05:30:03,OPMC_LIFT,1098180000.0,227,227,229,4,0,4,49.99,0.8707999999999999,2024-01-24 05:30:10.000,2024-01-24 05:30:10.000,2024-01-24 05:30:10.000,623050714.0,4318653.0,1266763585,-105.0,94
771493,22,2024-01-24 05:50:03,OPMC_LIFT,1098180000.0,226,227,228,4,0,4,50.04,0.8695999999999999,2024-01-24 05:50:13.000,2024-01-24 05:50:13.000,2024-01-24 05:50:13.000,623052454.0,4319453.0,1266769128,-107.0,94
771615,22,2024-01-24 06:00:03,OPMC_LIFT,1098180000.0,226,226,228,4,0,4,50.05,0.8697999999999999,2024-01-24 06:00:08.000,2024-01-24 06:00:08.000,2024-01-24 06:00:08.000,623053318.0,4319853.0,1266771886,-121.0,94
772062,22,2024-01-24 06:30:02,OPMC_LIFT,1098190000.0,227,227,229,4,0,4,50.03,0.8705999999999999,2024-01-24 06:30:15.000,2024-01-24 06:30:15.000,2024-01-24 06:30:15.000,623055894.0,4321053.0,1266780117,-105.0,94
772188,22,2024-01-24 06:39:21,OPMC_LIFT,1098190000.0,227,227,229,4,0,4,50.1,0.8704,2024-01-24 06:39:32.000,2024-01-24 06:39:32.000,2024-01-24 06:39:32.000,623056704.0,4321427.0,1266782696,-105.0,94
772238,22,2024-01-24 06:40:03,OPMC_LIFT,1098190000.0,227,227,229,4,0,4,50.1,0.8679999999999999,2024-01-24 06:40:08.000,2024-01-24 06:40:08.000,2024-01-24 06:40:08.000,623056765.0,4321456.0,1266782888,-105.0,94
772390,22,2024-01-24 06:50:03,OPMC_LIFT,1098200000.0,226,226,228,4,0,4,50.09,0.8698999999999999,2024-01-24 06:50:12.000,2024-01-24 06:50:12.000,2024-01-24 06:50:12.000,623057632.0,4321856.0,1266785649,-119.0,94
772722,22,2024-01-24 07:10:03,OPMC_LIFT,1098200000.0,226,227,228,4,0,4,50.02,0.8675999999999999,2024-01-24 07:10:12.000,2024-01-24 07:10:12.000,2024-01-24 07:10:12.000,623059354.0,4322656.0,1266791144,-108.0,94
772839,22,2024-01-24 07:20:03,OPMC_LIFT,1098200000.0,225,225,227,4,0,3,50.0,0.8699999999999999,2024-01-24 07:20:11.000,2024-01-24 07:20:11.000,2024-01-24 07:20:11.000,623060214.0,4323056.0,1266793883,-105.0,94
772986,22,2024-01-24 07:30:03,OPMC_LIFT,1098210000.0,224,224,226,4,0,3,50.03,0.8682,2024-01-24 07:30:14.000,2024-01-24 07:30:14.000,2024-01-24 07:30:14.000,623061066.0,4323453.0,1266796600,-102.0,94
773233,22,2024-01-24 07:50:03,OPMC_LIFT,1098210000.0,225,226,227,4,0,3,50.03,0.8683,2024-01-24 07:50:11.000,2024-01-24 07:50:11.000,2024-01-24 07:50:11.000,623062787.0,4324253.0,1266802078,-120.0,94
773380,22,2024-01-24 08:00:03,OPMC_LIFT,1098210000.0,225,226,228,4,0,4,50.01,0.8719999999999999,2024-01-24 08:00:13.000,2024-01-24 08:00:13.000,2024-01-24 08:00:13.000,623063648.0,4324653.0,1266804817,-107.0,94
773517,22,2024-01-24 08:10:03,OPMC_LIFT,1098210000.0,224,225,226,4,0,3,49.95,0.8676999999999999,2024-01-24 08:10:08.000,2024-01-24 08:10:08.000,2024-01-24 08:10:08.000,623064499.0,4325053.0,1266807541,-119.0,94
773808,22,2024-01-24 08:30:03,OPMC_LIFT,1098220000.0,225,226,227,4,0,3,50.0,0.8662,2024-01-24 08:30:13.000,2024-01-24 08:30:13.000,2024-01-24 08:30:13.000,623066214.0,4325850.0,1266813000,-118.0,94
774060,22,2024-01-24 08:50:03,OPMC_LIFT,1098610000.0,219,221,222,368,390,389,50.06,0.8746999999999999,2024-01-24 08:50:12.000,2024-01-24 08:50:12.000,2024-01-24 08:50:12.000,623298931.0,4326054.0,1267266155,-119.0,94
774358,22,2024-01-24 09:10:03,OPMC_LIFT,1099330000.0,218,220,222,356,375,375,50.11,0.8738999999999999,2024-01-24 09:10:12.000,2024-01-24 09:10:12.000,2024-01-24 09:10:12.000,623698154.0,4326054.0,1268091912,-108.0,94
774493,22,2024-01-24 09:20:03,OPMC_LIFT,1099680000.0,218,220,222,350,370,370,50.08,0.8743,2024-01-24 09:20:12.000,2024-01-24 09:20:12.000,2024-01-24 09:20:12.000,623894390.0,4326054.0,1268497509,-104.0,94
774766,22,2024-01-24 09:40:03,OPMC_LIFT,1100390000.0,220,222,224,349,370,369,49.97,0.8704999999999999,2024-01-24 09:40:09.000,2024-01-24 09:40:09.000,2024-01-24 09:40:09.000,624290659.0,4326054.0,1269305633,-101.0,94
774953,22,2024-01-24 09:50:03,OPMC_LIFT,1100740000.0,220,222,223,346,366,366,50.05,0.8704999999999999,2024-01-24 09:50:13.000,2024-01-24 09:50:13.000,2024-01-24 09:50:13.000,624487597.0,4326054.0,1269706622,-109.0,94
775210,22,2024-01-24 10:10:03,OPMC_LIFT,1101440000.0,219,221,222,352,372,371,50.01,0.8736999999999999,2024-01-24 10:10:10.000,2024-01-24 10:10:10.000,2024-01-24 10:10:10.000,624879632.0,4326054.0,1270508971,-119.0,94
775406,22,2024-01-24 10:20:03,OPMC_LIFT,1101790000.0,218,220,221,354,375,373,49.97,0.8748999999999999,2024-01-24 10:20:14.000,2024-01-24 10:20:14.000,2024-01-24 10:20:14.000,625074915.0,4326054.0,1270910997,-102.0,94
775527,22,2024-01-24 10:30:03,OPMC_LIFT,1102140000.0,218,220,221,363,384,382,50.03,0.8766999999999999,2024-01-24 10:30:08.000,2024-01-24 10:30:08.000,2024-01-24 10:30:08.000,625271613.0,4326054.0,1271318587,-108.0,94
775659,22,2024-01-24 10:40:03,OPMC_LIFT,1102500000.0,218,220,221,359,380,380,50.01,0.8757999999999999,2024-01-24 10:40:10.000,2024-01-24 10:40:10.000,2024-01-24 10:40:10.000,625467738.0,4326054.0,1271724856,-105.0,94
775800,22,2024-01-24 10:50:03,OPMC_LIFT,1102860000.0,217,220,221,356,376,375,50.0,0.8763,2024-01-24 10:50:11.000,2024-01-24 10:50:11.000,2024-01-24 10:50:11.000,625664102.0,4326054.0,1272132843,-119.0,94
775936,22,2024-01-24 11:00:03,OPMC_LIFT,1103210000.0,220,222,224,351,372,372,49.96,0.8707999999999999,2024-01-24 11:00:11.000,2024-01-24 11:00:11.000,2024-01-24 11:00:11.000,625862845.0,4326054.0,1272538635,-105.0,94
776042,22,2024-01-24 11:10:03,OPMC_LIFT,1103560000.0,220,222,224,350,371,370,49.99,0.8702,2024-01-24 11:10:11.000,2024-01-24 11:10:11.000,2024-01-24 11:10:11.000,626062208.0,4326054.0,1272944529,-119.0,94
776158,22,2024-01-24 11:20:03,OPMC_LIFT,1103920000.0,221,223,224,348,369,367,50.03,0.8696999999999999,2024-01-24 11:20:10.000,2024-01-24 11:20:10.000,2024-01-24 11:20:10.000,626262950.0,4326054.0,1273353787,-118.0,94
776329,22,2024-01-24 11:30:03,OPMC_LIFT,1104280000.0,221,223,224,358,380,378,50.05,0.8714,2024-01-24 11:30:13.000,2024-01-24 11:30:13.000,2024-01-24 11:30:13.000,626463725.0,4326054.0,1273762238,-117.0,94
776628,22,2024-01-24 11:50:03,OPMC_LIFT,1104990000.0,222,224,226,349,371,370,49.97,0.8664,2024-01-24 11:50:13.000,2024-01-24 11:50:13.000,2024-01-24 11:50:13.000,626869293.0,4326054.0,1274584411,-119.0,94
776906,22,2024-01-24 12:10:03,OPMC_LIFT,1105680000.0,222,224,225,341,364,363,50.03,0.8657999999999999,2024-01-24 12:10:15.000,2024-01-24 12:10:15.000,2024-01-24 12:10:15.000,627269021.0,4326054.0,1275385464,-102.0,94
777442,22,2024-01-24 12:50:03,OPMC_LIFT,1107070000.0,221,223,225,353,375,374,49.99,0.8688999999999999,2024-01-24 12:50:08.000,2024-01-24 12:50:08.000,2024-01-24 12:50:08.000,628068326.0,4326054.0,1276989697,-100.0,94
777856,22,2024-01-24 13:20:03,OPMC_LIFT,1108150000.0,220,222,223,354,376,374,50.0,0.8723,2024-01-24 13:20:11.000,2024-01-24 13:20:11.000,2024-01-24 13:20:11.000,628667987.0,4326054.0,1278220280,-118.0,94
777962,22,2024-01-24 13:30:03,OPMC_LIFT,1108500000.0,219,222,223,361,383,380,49.99,0.8742,2024-01-24 13:30:10.000,2024-01-24 13:30:10.000,2024-01-24 13:30:10.000,628867066.0,4326054.0,1278629128,-119.0,94
778115,22,2024-01-24 13:40:03,OPMC_LIFT,1108870000.0,219,222,223,362,383,380,50.01,0.8745999999999999,2024-01-24 13:40:12.000,2024-01-24 13:40:12.000,2024-01-24 13:40:12.000,629068730.0,4326054.0,1279044737,-120.0,94
778237,22,2024-01-24 13:50:03,OPMC_LIFT,1109230000.0,219,222,223,364,384,382,50.07,0.8746999999999999,2024-01-24 13:50:13.000,2024-01-24 13:50:13.000,2024-01-24 13:50:13.000,629270419.0,4326054.0,1279461109,-118.0,94
778374,22,2024-01-24 14:00:03,OPMC_LIFT,1109590000.0,220,222,223,351,372,371,50.07,0.8724999999999999,2024-01-24 14:00:13.000,2024-01-24 14:00:13.000,2024-01-24 14:00:13.000,629470042.0,4326054.0,1279871950,-106.0,94
778485,22,2024-01-24 14:10:03,OPMC_LIFT,1109950000.0,219,222,223,348,368,367,50.03,0.8713,2024-01-24 14:10:11.000,2024-01-24 14:10:11.000,2024-01-24 14:10:11.000,629668058.0,4326054.0,1280278584,-118.0,94
778662,22,2024-01-24 14:20:03,OPMC_LIFT,1110300000.0,219,222,223,355,375,373,50.04,0.8727999999999999,2024-01-24 14:20:10.000,2024-01-24 14:20:10.000,2024-01-24 14:20:10.000,629865283.0,4326054.0,1280684437,-105.0,94
778783,22,2024-01-24 14:30:03,OPMC_LIFT,1110660000.0,220,222,223,364,385,383,50.1,0.8746999999999999,2024-01-24 14:30:09.000,2024-01-24 14:30:09.000,2024-01-24 14:30:09.000,630063341.0,4326054.0,1281091838,-119.0,94
779009,22,2024-01-24 14:40:03,OPMC_LIFT,1111010000.0,220,222,223,350,370,370,50.04,0.8724,2024-01-24 14:40:16.000,2024-01-24 14:40:16.000,2024-01-24 14:40:16.000,630261757.0,4326054.0,1281499886,-107.0,94
779126,22,2024-01-24 14:50:03,OPMC_LIFT,1111370000.0,220,222,223,352,372,370,50.06,0.8727999999999999,2024-01-24 14:50:16.000,2024-01-24 14:50:16.000,2024-01-24 14:50:16.000,630460026.0,4326054.0,1281907102,-105.0,94
779242,22,2024-01-24 15:00:03,OPMC_LIFT,1111720000.0,220,223,224,351,371,370,50.06,0.8713,2024-01-24 15:00:15.000,2024-01-24 15:00:15.000,2024-01-24 15:00:15.000,630659082.0,4326054.0,1282315227,-103.0,94
779495,22,2024-01-24 15:20:03,OPMC_LIFT,1112430000.0,220,222,223,355,377,374,49.98,0.8726999999999999,2024-01-24 15:20:11.000,2024-01-24 15:20:11.000,2024-01-24 15:20:11.000,631056086.0,4326054.0,1283129246,-105.0,94
779630,22,2024-01-24 15:30:03,OPMC_LIFT,1112790000.0,220,222,223,356,377,375,49.94,0.8723,2024-01-24 15:30:13.000,2024-01-24 15:30:13.000,2024-01-24 15:30:13.000,631255680.0,4326054.0,1283538942,-119.0,94
779732,22,2024-01-24 15:40:03,OPMC_LIFT,1113150000.0,219,222,223,364,385,383,49.96,0.8746999999999999,2024-01-24 15:40:11.000,2024-01-24 15:40:11.000,2024-01-24 15:40:11.000,631455862.0,4326054.0,1283950075,-103.0,94
779838,22,2024-01-24 15:50:03,OPMC_LIFT,1113480000.0,226,227,228,29,27,20,49.98,0.4674999999999999,2024-01-24 15:50:08.000,2024-01-24 15:50:08.000,2024-01-24 15:50:08.000,631636944.0,4326054.0,1284320728,-106.0,94
779994,22,2024-01-24 16:00:03,OPMC_LIFT,1113480000.0,227,228,229,3,0,3,50.05,0.4684999999999999,2024-01-24 16:00:12.000,2024-01-24 16:00:12.000,2024-01-24 16:00:12.000,631637891.0,4326390.0,1284323480,-107.0,94
780152,22,2024-01-24 16:10:03,OPMC_LIFT,1113480000.0,228,229,230,3,0,3,49.94,0.4671999999999999,2024-01-24 16:10:13.000,2024-01-24 16:10:13.000,2024-01-24 16:10:13.000,631638726.0,4326730.0,1284326062,-108.0,94
780267,22,2024-01-24 16:20:03,OPMC_LIFT,1113480000.0,228,229,230,4,0,4,50.02,0.8718999999999999,2024-01-24 16:20:14.000,2024-01-24 16:20:14.000,2024-01-24 16:20:14.000,631639613.0,4327123.0,1284328853,-100.0,94
780384,22,2024-01-24 16:30:03,OPMC_LIFT,1113490000.0,229,229,230,5,0,4,49.99,0.8705999999999999,2024-01-24 16:30:09.000,2024-01-24 16:30:09.000,2024-01-24 16:30:09.000,631640710.0,4327728.0,1284332481,-106.0,94
780516,22,2024-01-24 16:40:03,OPMC_LIFT,1113490000.0,229,230,231,5,0,4,50.04,0.8697999999999999,2024-01-24 16:40:08.000,2024-01-24 16:40:08.000,2024-01-24 16:40:08.000,631641840.0,4328355.0,1284336206,-105.0,94
780657,22,2024-01-24 16:50:03,OPMC_LIFT,1113490000.0,227,228,229,4,0,4,49.97,0.8694,2024-01-24 16:50:15.000,2024-01-24 16:50:15.000,2024-01-24 16:50:15.000,631642906.0,4328928.0,1284339713,-118.0,94
780773,22,2024-01-24 17:00:03,OPMC_LIFT,1113490000.0,228,229,230,4,0,4,50.0,0.8664999999999999,2024-01-24 17:00:08.000,2024-01-24 17:00:08.000,2024-01-24 17:00:08.000,631643798.0,4329322.0,1284342513,-112.0,94
780910,22,2024-01-24 17:10:03,OPMC_LIFT,1113500000.0,229,230,231,4,0,4,49.94,0.8673,2024-01-24 17:10:09.000,2024-01-24 17:10:09.000,2024-01-24 17:10:09.000,631644701.0,4329718.0,1284345355,-121.0,94
781047,22,2024-01-24 17:20:03,OPMC_LIFT,1113500000.0,228,228,230,4,0,4,50.0,0.8672,2024-01-24 17:20:11.000,2024-01-24 17:20:11.000,2024-01-24 17:20:11.000,631645594.0,4330115.0,1284348158,-120.0,94
781198,22,2024-01-24 17:30:03,OPMC_LIFT,1113500000.0,228,229,230,4,0,4,49.99,0.8659999999999999,2024-01-24 17:30:14.000,2024-01-24 17:30:14.000,2024-01-24 17:30:14.000,631646486.0,4330509.0,1284350968,-118.0,94
781319,22,2024-01-24 17:40:03,OPMC_LIFT,1113500000.0,229,230,231,4,0,4,50.0,0.8677999999999999,2024-01-24 17:40:11.000,2024-01-24 17:40:11.000,2024-01-24 17:40:11.000,631647386.0,4330906.0,1284353800,-120.0,94
781466,22,2024-01-24 17:50:03,OPMC_LIFT,1113510000.0,230,230,231,4,0,4,50.0,0.8670999999999999,2024-01-24 17:50:13.000,2024-01-24 17:50:13.000,2024-01-24 17:50:13.000,631648291.0,4331302.0,1284356648,-119.0,94
781607,22,2024-01-24 18:00:03,OPMC_LIFT,1113510000.0,228,228,230,4,0,4,50.06,0.8693,2024-01-24 18:00:12.000,2024-01-24 18:00:12.000,2024-01-24 18:00:12.000,631649190.0,4331699.0,1284359473,-120.0,94
781753,22,2024-01-24 18:10:03,OPMC_LIFT,1113510000.0,228,229,230,4,0,4,49.94,0.8666999999999999,2024-01-24 18:10:13.000,2024-01-24 18:10:13.000,2024-01-24 18:10:13.000,631650083.0,4332096.0,1284362289,-120.0,94
781884,22,2024-01-24 18:20:03,OPMC_LIFT,1113510000.0,229,229,231,4,0,4,49.99,0.8664,2024-01-24 18:20:14.000,2024-01-24 18:20:14.000,2024-01-24 18:20:14.000,631650979.0,4332490.0,1284365115,-102.0,94
782011,22,2024-01-24 18:30:03,OPMC_LIFT,1113520000.0,228,229,230,4,0,4,49.97,0.8684,2024-01-24 18:30:10.000,2024-01-24 18:30:10.000,2024-01-24 18:30:10.000,631651875.0,4332886.0,1284367934,-120.0,94
782107,22,2024-01-24 18:40:03,OPMC_LIFT,1113520000.0,228,229,230,4,0,4,49.96,0.8666999999999999,2024-01-24 18:40:08.000,2024-01-24 18:40:08.000,2024-01-24 18:40:08.000,631652771.0,4333280.0,1284370753,-119.0,94
782380,22,2024-01-24 19:00:03,OPMC_LIFT,1113520000.0,226,227,228,4,0,4,49.94,0.8674,2024-01-24 19:00:11.000,2024-01-24 19:00:11.000,2024-01-24 19:00:11.000,631654560.0,4334070.0,1284376392,-103.0,94
782672,22,2024-01-24 19:20:03,OPMC_LIFT,1113530000.0,226,227,228,4,0,4,50.0,0.8704,2024-01-24 19:20:11.000,2024-01-24 19:20:11.000,2024-01-24 19:20:11.000,631656298.0,4334861.0,1284381909,-117.0,94
782809,22,2024-01-24 19:30:03,OPMC_LIFT,1113530000.0,226,227,228,4,0,4,50.02,0.8709999999999999,2024-01-24 19:30:12.000,2024-01-24 19:30:12.000,2024-01-24 19:30:12.000,631657168.0,4335254.0,1284384677,-107.0,94
782940,22,2024-01-24 19:40:03,OPMC_LIFT,1113530000.0,227,227,229,4,0,4,50.01,0.8683,2024-01-24 19:40:13.000,2024-01-24 19:40:13.000,2024-01-24 19:40:13.000,631658045.0,4335648.0,1284387448,-119.0,94
783208,22,2024-01-24 20:00:03,OPMC_LIFT,1113540000.0,227,227,229,4,0,4,50.03,0.8695999999999999,2024-01-24 20:00:14.000,2024-01-24 20:00:14.000,2024-01-24 20:00:14.000,631659798.0,4336438.0,1284393009,-107.0,94
783335,22,2024-01-24 20:10:03,OPMC_LIFT,1113540000.0,227,228,229,4,0,4,50.0,0.8695999999999999,2024-01-24 20:10:10.000,2024-01-24 20:10:10.000,2024-01-24 20:10:10.000,631660675.0,4336832.0,1284395793,-120.0,94
783482,22,2024-01-24 20:20:03,OPMC_LIFT,1113540000.0,227,228,229,4,0,4,50.04,0.8684999999999999,2024-01-24 20:20:12.000,2024-01-24 20:20:12.000,2024-01-24 20:20:12.000,631661555.0,4337229.0,1284398577,-120.0,94
783623,22,2024-01-24 20:30:03,OPMC_LIFT,1113550000.0,227,227,229,4,0,4,50.06,0.8712,2024-01-24 20:30:13.000,2024-01-24 20:30:13.000,2024-01-24 20:30:13.000,631662432.0,4337622.0,1284401365,-107.0,94
783724,22,2024-01-24 20:40:03,OPMC_LIFT,1113550000.0,226,227,228,4,0,4,49.94,0.8718999999999999,2024-01-24 20:40:06.000,2024-01-24 20:40:06.000,2024-01-24 20:40:06.000,631663306.0,4338016.0,1284404133,-119.0,94
783870,22,2024-01-24 20:50:03,OPMC_LIFT,1113550000.0,226,227,229,4,0,4,50.0,0.8709999999999999,2024-01-24 20:50:10.000,2024-01-24 20:50:10.000,2024-01-24 20:50:10.000,631664179.0,4338413.0,1284406904,-120.0,94
783961,22,2024-01-24 21:00:03,OPMC_LIFT,1113550000.0,226,227,229,4,0,4,49.99,0.8673,2024-01-24 21:00:07.000,2024-01-24 21:00:07.000,2024-01-24 21:00:07.000,631665050.0,4338806.0,1284409678,-103.0,94
784117,22,2024-01-24 21:10:03,OPMC_LIFT,1113550000.0,226,227,229,4,0,4,49.97,0.8709999999999999,2024-01-24 21:10:12.000,2024-01-24 21:10:12.000,2024-01-24 21:10:12.000,631665926.0,4339200.0,1284412456,-120.0,94
784274,22,2024-01-24 21:20:03,OPMC_LIFT,1113560000.0,227,228,229,4,0,4,50.04,0.8668999999999999,2024-01-24 21:20:12.000,2024-01-24 21:20:12.000,2024-01-24 21:20:12.000,631666803.0,4339594.0,1284415233,-105.0,94
784411,22,2024-01-24 21:30:03,OPMC_LIFT,1113560000.0,227,228,229,4,0,4,49.97,0.8690999999999999,2024-01-24 21:30:13.000,2024-01-24 21:30:13.000,2024-01-24 21:30:13.000,631667680.0,4339990.0,1284418021,-105.0,94
784546,22,2024-01-24 21:40:02,OPMC_LIFT,1113560000.0,227,228,229,4,0,4,49.95,0.8685999999999999,2024-01-24 21:40:13.000,2024-01-24 21:40:13.000,2024-01-24 21:40:13.000,631668563.0,4340387.0,1284420814,-120.0,94
784851,22,2024-01-24 22:10:03,OPMC_LIFT,1113570000.0,228,229,230,4,0,4,50.01,0.8684999999999999,2024-01-24 22:10:12.000,2024-01-24 22:10:12.000,2024-01-24 22:10:12.000,631671222.0,4341571.0,1284429233,-107.0,94
784932,22,2024-01-24 22:20:03,OPMC_LIFT,1113570000.0,228,229,231,4,0,4,50.03,0.8705999999999999,2024-01-24 22:20:10.000,2024-01-24 22:20:10.000,2024-01-24 22:20:10.000,631672112.0,4341968.0,1284432049,-103.0,94
785035,22,2024-01-24 22:35:34,OPMC_LIFT,1113580000.0,229,229,231,4,0,4,49.94,0.8697999999999999,2024-01-24 22:35:44.000,2024-01-24 22:35:44.000,2024-01-24 22:35:44.000,631673504.0,4342582.0,1284436433,-102.0,94
785130,22,2024-01-24 22:40:03,OPMC_LIFT,1113580000.0,229,229,231,4,0,4,49.98,0.8712,2024-01-24 22:40:13.000,2024-01-24 22:40:13.000,2024-01-24 22:40:13.000,631673904.0,4342758.0,1284437707,-118.0,94
785433,22,2024-01-24 23:00:03,OPMC_LIFT,1113580000.0,230,230,232,4,0,4,50.03,0.8685999999999999,2024-01-24 23:00:13.000,2024-01-24 23:00:13.000,2024-01-24 23:00:13.000,631675712.0,4343552.0,1284443400,-117.0,94
785712,22,2024-01-24 23:20:03,OPMC_LIFT,1113590000.0,230,230,232,4,0,4,50.04,0.8696999999999999,2024-01-24 23:20:14.000,2024-01-24 23:20:14.000,2024-01-24 23:20:14.000,631677526.0,4344342.0,1284449112,-102.0,94
785944,22,2024-01-24 23:40:03,OPMC_LIFT,1113590000.0,227,228,230,4,0,4,50.04,0.8693,2024-01-24 23:40:06.000,2024-01-24 23:40:06.000,2024-01-24 23:40:06.000,631679293.0,4345133.0,1284454709,-106.0,94
786105,22,2024-01-24 23:50:03,OPMC_LIFT,1113590000.0,227,228,230,4,0,4,49.99,0.8704,2024-01-24 23:50:10.000,2024-01-24 23:50:10.000,2024-01-24 23:50:10.000,631680176.0,4345530.0,1284457505,-118.0,94
786241,22,2024-01-25 00:00:03,OPMC_LIFT,1113600000.0,228,228,230,4,0,4,49.96,0.8707999999999999,2024-01-25 00:00:14.000,2024-01-25 00:00:14.000,2024-01-25 00:00:14.000,631681062.0,4345926.0,1284460315,-103.0,94
786392,22,2024-01-25 00:10:03,OPMC_LIFT,1113600000.0,228,228,230,4,0,4,50.01,0.8693,2024-01-25 00:10:12.000,2024-01-25 00:10:12.000,2024-01-25 00:10:12.000,631681952.0,4346323.0,1284463128,-108.0,94
786483,22,2024-01-25 00:20:03,OPMC_LIFT,1113600000.0,228,229,231,4,0,4,50.05,0.8698999999999999,2024-01-25 00:20:08.000,2024-01-25 00:20:08.000,2024-01-25 00:20:08.000,631682842.0,4346720.0,1284465944,-117.0,94
786634,22,2024-01-25 00:30:03,OPMC_LIFT,1113600000.0,228,229,231,4,0,4,50.03,0.8676999999999999,2024-01-25 00:30:11.000,2024-01-25 00:30:11.000,2024-01-25 00:30:11.000,631683738.0,4347117.0,1284468769,-102.0,94
786756,22,2024-01-25 00:40:03,OPMC_LIFT,1113610000.0,228,229,231,4,0,4,50.02,0.8684999999999999,2024-01-25 00:40:10.000,2024-01-25 00:40:10.000,2024-01-25 00:40:10.000,631684630.0,4347514.0,1284471589,-118.0,94
786908,22,2024-01-25 00:50:03,OPMC_LIFT,1113610000.0,229,229,231,4,0,4,50.05,0.8673,2024-01-25 00:50:11.000,2024-01-25 00:50:11.000,2024-01-25 00:50:11.000,631685526.0,4347910.0,1284474421,-120.0,94
787064,22,2024-01-25 01:00:03,OPMC_LIFT,1113610000.0,226,227,229,4,0,4,50.04,0.8688999999999999,2024-01-25 01:00:09.000,2024-01-25 01:00:09.000,2024-01-25 01:00:09.000,631686400.0,4348307.0,1284477198,-103.0,94
787236,22,2024-01-25 01:10:03,OPMC_LIFT,1113610000.0,226,226,228,4,0,4,49.98,0.8689999999999999,2024-01-25 01:10:12.000,2024-01-25 01:10:12.000,2024-01-25 01:10:12.000,631687270.0,4348704.0,1284479966,-105.0,94
787377,22,2024-01-25 01:20:03,OPMC_LIFT,1113620000.0,226,227,228,4,0,4,50.06,0.8703,2024-01-25 01:20:11.000,2024-01-25 01:20:11.000,2024-01-25 01:20:11.000,631688138.0,4349098.0,1284482731,-103.0,94
787635,22,2024-01-25 01:40:03,OPMC_LIFT,1113620000.0,226,227,229,4,0,4,50.01,0.8696999999999999,2024-01-25 01:40:08.000,2024-01-25 01:40:08.000,2024-01-25 01:40:08.000,631689882.0,4349891.0,1284488277,-105.0,94
787807,22,2024-01-25 01:50:03,OPMC_LIFT,1113620000.0,227,227,229,4,0,4,49.99,0.8687999999999999,2024-01-25 01:50:11.000,2024-01-25 01:50:11.000,2024-01-25 01:50:11.000,631690755.0,4350288.0,1284491051,-119.0,94
787913,22,2024-01-25 02:00:03,OPMC_LIFT,1113630000.0,227,227,229,4,0,4,50.02,0.8708999999999999,2024-01-25 02:00:14.000,2024-01-25 02:00:14.000,2024-01-25 02:00:14.000,631691635.0,4350685.0,1284493838,-100.0,94
788069,22,2024-01-25 02:10:03,OPMC_LIFT,1113630000.0,227,227,229,4,0,4,49.98,0.8698999999999999,2024-01-25 02:10:14.000,2024-01-25 02:10:14.000,2024-01-25 02:10:14.000,631692512.0,4351078.0,1284496629,-120.0,94
788180,22,2024-01-25 02:20:03,OPMC_LIFT,1113630000.0,227,227,230,4,0,4,50.04,0.8674999999999999,2024-01-25 02:20:12.000,2024-01-25 02:20:12.000,2024-01-25 02:20:12.000,631693392.0,4351475.0,1284499419,-118.0,94
788311,22,2024-01-25 02:30:03,OPMC_LIFT,1113630000.0,227,228,230,4,0,4,50.06,0.8682,2024-01-25 02:30:11.000,2024-01-25 02:30:11.000,2024-01-25 02:30:11.000,631694275.0,4351872.0,1284502216,-119.0,94
788438,22,2024-01-25 02:40:03,OPMC_LIFT,1113640000.0,228,228,230,4,0,4,50.0,0.8689999999999999,2024-01-25 02:40:14.000,2024-01-25 02:40:14.000,2024-01-25 02:40:14.000,631695158.0,4352269.0,1284505016,-120.0,94
788530,22,2024-01-25 02:50:03,OPMC_LIFT,1113640000.0,228,228,230,4,0,4,49.95,0.8685999999999999,2024-01-25 02:50:06.000,2024-01-25 02:50:06.000,2024-01-25 02:50:06.000,631696045.0,4352666.0,1284507822,-118.0,94
788701,22,2024-01-25 03:00:03,OPMC_LIFT,1113640000.0,228,228,230,4,0,4,50.07,0.8669999999999999,2024-01-25 03:00:11.000,2024-01-25 03:00:11.000,2024-01-25 03:00:11.000,631696934.0,4353062.0,1284510635,-105.0,94
788852,22,2024-01-25 03:10:03,OPMC_LIFT,1113640000.0,228,229,231,4,0,4,50.06,0.8675999999999999,2024-01-25 03:10:11.000,2024-01-25 03:10:11.000,2024-01-25 03:10:11.000,631697824.0,4353459.0,1284513454,-119.0,94
789235,22,2024-01-25 03:40:03,OPMC_LIFT,1113650000.0,228,229,231,4,0,4,50.05,0.8698999999999999,2024-01-25 03:40:10.000,2024-01-25 03:40:10.000,2024-01-25 03:40:10.000,631700502.0,4354653.0,1284521921,-117.0,94
789392,22,2024-01-25 03:50:03,OPMC_LIFT,1113650000.0,228,229,231,4,0,4,50.03,0.8667999999999999,2024-01-25 03:50:15.000,2024-01-25 03:50:15.000,2024-01-25 03:50:15.000,631701395.0,4355050.0,1284524747,-119.0,94
789488,22,2024-01-25 04:00:03,OPMC_LIFT,1113650000.0,229,229,231,4,0,4,50.04,0.8679999999999999,2024-01-25 04:00:08.000,2024-01-25 04:00:08.000,2024-01-25 04:00:08.000,631702294.0,4355450.0,1284527582,-120.0,94
789795,22,2024-01-25 04:20:03,OPMC_LIFT,1113660000.0,228,228,231,4,0,4,49.96,0.8679999999999999,2024-01-25 04:20:12.000,2024-01-25 04:20:12.000,2024-01-25 04:20:12.000,631704083.0,4356246.0,1284533233,-118.0,94
790054,22,2024-01-25 04:40:03,OPMC_LIFT,1113660000.0,228,229,231,4,0,4,50.07,0.8692,2024-01-25 04:40:12.000,2024-01-25 04:40:12.000,2024-01-25 04:40:12.000,631705866.0,4357043.0,1284538875,-102.0,94
790216,22,2024-01-25 04:50:03,OPMC_LIFT,1113670000.0,228,228,230,4,0,4,50.03,0.8675999999999999,2024-01-25 04:50:12.000,2024-01-25 04:50:12.000,2024-01-25 04:50:12.000,631706755.0,4357440.0,1284541691,-119.0,94
790438,22,2024-01-25 05:10:03,OPMC_LIFT,1113670000.0,227,228,229,4,0,4,49.94,0.8699999999999999,2024-01-25 05:10:09.000,2024-01-25 05:10:09.000,2024-01-25 05:10:09.000,631708531.0,4358234.0,1284547310,-119.0,94
790842,22,2024-01-25 05:40:03,OPMC_LIFT,1113680000.0,226,227,228,4,0,4,50.01,0.8683,2024-01-25 05:40:12.000,2024-01-25 05:40:12.000,2024-01-25 05:40:12.000,631711152.0,4359424.0,1284555646,-118.0,94
790968,22,2024-01-25 05:50:03,OPMC_LIFT,1113680000.0,226,226,228,4,0,4,50.05,0.8660999999999999,2024-01-25 05:50:11.000,2024-01-25 05:50:11.000,2024-01-25 05:50:11.000,631712019.0,4359821.0,1284558405,-105.0,94
791094,22,2024-01-25 06:00:03,OPMC_LIFT,1113680000.0,226,226,228,4,0,4,50.06,0.8694999999999999,2024-01-25 06:00:16.000,2024-01-25 06:00:16.000,2024-01-25 06:00:16.000,631712883.0,4360218.0,1284561160,-120.0,94
791347,22,2024-01-25 06:20:03,OPMC_LIFT,1113690000.0,225,226,227,4,0,4,50.08,0.8697999999999999,2024-01-25 06:20:08.000,2024-01-25 06:20:08.000,2024-01-25 06:20:08.000,631714602.0,4361011.0,1284566641,-116.0,94
791473,22,2024-01-25 06:30:03,OPMC_LIFT,1113690000.0,226,227,229,4,0,4,50.03,0.8702,2024-01-25 06:30:11.000,2024-01-25 06:30:11.000,2024-01-25 06:30:11.000,631715472.0,4361408.0,1284569403,-118.0,94
791569,22,2024-01-25 06:35:05,OPMC_LIFT,1113690000.0,226,227,229,4,0,4,50.07,0.8669999999999999,2024-01-25 06:35:11.000,2024-01-25 06:35:11.000,2024-01-25 06:35:11.000,631715910.0,4361606.0,1284570798,-120.0,94
791776,22,2024-01-25 06:50:03,OPMC_LIFT,1113700000.0,226,227,229,4,0,4,50.04,0.8694,2024-01-25 06:50:09.000,2024-01-25 06:50:09.000,2024-01-25 06:50:09.000,631717213.0,4362205.0,1284574942,-119.0,94
791938,22,2024-01-25 07:00:03,OPMC_LIFT,1113700000.0,226,227,228,4,0,4,49.97,0.8675999999999999,2024-01-25 07:00:12.000,2024-01-25 07:00:12.000,2024-01-25 07:00:12.000,631718083.0,4362602.0,1284577717,-119.0,94
792216,22,2024-01-25 07:20:03,OPMC_LIFT,1113700000.0,225,225,227,4,0,4,50.07,0.8674999999999999,2024-01-25 07:20:15.000,2024-01-25 07:20:15.000,2024-01-25 07:20:15.000,631719808.0,4363395.0,1284583201,-117.0,94
792357,22,2024-01-25 07:30:03,OPMC_LIFT,1113710000.0,224,225,227,4,0,3,50.03,0.8668999999999999,2024-01-25 07:30:12.000,2024-01-25 07:30:12.000,2024-01-25 07:30:12.000,631720659.0,4363792.0,1284585925,-117.0,94
792513,22,2024-01-25 07:40:03,OPMC_LIFT,1113710000.0,226,227,228,4,0,4,50.04,0.8709999999999999,2024-01-25 07:40:15.000,2024-01-25 07:40:15.000,2024-01-25 07:40:15.000,631721523.0,4364189.0,1284588664,-101.0,94
792790,22,2024-01-25 08:00:03,OPMC_LIFT,1113710000.0,225,225,227,4,0,4,50.05,0.8685999999999999,2024-01-25 08:00:09.000,2024-01-25 08:00:09.000,2024-01-25 08:00:09.000,631723248.0,4364982.0,1284594152,-115.0,94
792922,22,2024-01-25 08:10:03,OPMC_LIFT,1113720000.0,226,226,228,4,0,4,49.99,0.8676999999999999,2024-01-25 08:10:12.000,2024-01-25 08:10:12.000,2024-01-25 08:10:12.000,631724109.0,4365379.0,1284596888,-101.0,94
793083,22,2024-01-25 08:20:03,OPMC_LIFT,1113720000.0,225,226,228,4,0,4,49.98,0.8694,2024-01-25 08:20:16.000,2024-01-25 08:20:16.000,2024-01-25 08:20:16.000,631724976.0,4365776.0,1284599640,-118.0,94
793284,22,2024-01-25 08:40:03,OPMC_LIFT,1113780000.0,222,224,225,219,232,233,49.95,0.7705,2024-01-25 08:40:08.000,2024-01-25 08:40:08.000,2024-01-25 08:40:08.000,631777053.0,4366349.0,1284685435,-118.0,94
793465,22,2024-01-25 08:50:03,OPMC_LIFT,1114120000.0,220,222,223,374,393,391,49.99,0.8699999999999999,2024-01-25 08:50:14.000,2024-01-25 08:50:14.000,2024-01-25 08:50:14.000,631978499.0,4366349.0,1285078037,-119.0,94
793545,22,2024-01-25 09:00:03,OPMC_LIFT,1114490000.0,219,221,223,365,385,381,49.96,0.8694999999999999,2024-01-25 09:00:08.000,2024-01-25 09:00:08.000,2024-01-25 09:00:08.000,632187590.0,4366349.0,1285503269,-118.0,94
793818,22,2024-01-25 09:20:03,OPMC_LIFT,1114980000.0,221,222,224,197,204,206,50.0,0.8616999999999999,2024-01-25 09:20:13.000,2024-01-25 09:20:13.000,2024-01-25 09:20:13.000,632466704.0,4366349.0,1286064664,-113.0,94
793959,22,2024-01-25 09:30:03,OPMC_LIFT,1115220000.0,219,221,222,303,319,318,49.99,0.8518999999999999,2024-01-25 09:30:11.000,2024-01-25 09:30:11.000,2024-01-25 09:30:11.000,632619238.0,4366349.0,1286353390,-118.0,94
794131,22,2024-01-25 09:40:03,OPMC_LIFT,1115460000.0,220,222,224,367,387,384,50.04,0.8689999999999999,2024-01-25 09:40:16.000,2024-01-25 09:40:16.000,2024-01-25 09:40:16.000,632763075.0,4366349.0,1286631589,-105.0,94
794369,22,2024-01-25 10:00:03,OPMC_LIFT,1115910000.0,219,222,223,367,386,383,50.0,0.8700999999999999,2024-01-25 10:00:10.000,2024-01-25 10:00:10.000,2024-01-25 10:00:10.000,633050026.0,4366349.0,1287168619,-119.0,94
794490,22,2024-01-25 10:10:03,OPMC_LIFT,1116140000.0,220,222,223,294,311,309,49.97,0.843,2024-01-25 10:10:09.000,2024-01-25 10:10:09.000,2024-01-25 10:10:09.000,633190285.0,4366349.0,1287437845,-115.0,94
794622,22,2024-01-25 10:20:03,OPMC_LIFT,1116360000.0,219,221,223,313,330,327,49.94,0.85,2024-01-25 10:20:09.000,2024-01-25 10:20:09.000,2024-01-25 10:20:09.000,633328422.0,4366349.0,1287697473,-103.0,94
794860,22,2024-01-25 10:40:03,OPMC_LIFT,1116830000.0,222,224,225,211,216,218,49.99,0.8736999999999999,2024-01-25 10:40:12.000,2024-01-25 10:40:12.000,2024-01-25 10:40:12.000,633612515.0,4366349.0,1288246222,-118.0,94
794981,22,2024-01-25 10:50:03,OPMC_LIFT,1117070000.0,221,223,224,206,213,214,49.97,0.8647999999999999,2024-01-25 10:50:11.000,2024-01-25 10:50:11.000,2024-01-25 10:50:11.000,633760173.0,4366349.0,1288531605,-107.0,94
795119,22,2024-01-25 11:00:03,OPMC_LIFT,1117310000.0,221,223,224,212,217,220,50.03,0.8745999999999999,2024-01-25 11:00:10.000,2024-01-25 11:00:10.000,2024-01-25 11:00:10.000,633907827.0,4366349.0,1288811320,-102.0,94
795527,22,2024-01-25 11:30:02,OPMC_LIFT,1118060000.0,219,221,223,382,402,397,50.02,0.8726999999999999,2024-01-25 11:30:11.000,2024-01-25 11:30:11.000,2024-01-25 11:30:11.000,634358176.0,4366349.0,1289683493,-119.0,94
795668,22,2024-01-25 11:40:02,OPMC_LIFT,1118300000.0,220,222,223,312,330,328,50.01,0.8508999999999999,2024-01-25 11:40:13.000,2024-01-25 11:40:13.000,2024-01-25 11:40:13.000,634501846.0,4366349.0,1289964651,-119.0,94
795930,22,2024-01-25 12:00:02,OPMC_LIFT,1118780000.0,224,226,227,246,260,256,50.04,0.8152999999999999,2024-01-25 12:00:10.000,2024-01-25 12:00:10.000,2024-01-25 12:00:10.000,634796218.0,4366349.0,1290533461,-118.0,94
796071,22,2024-01-25 12:10:03,OPMC_LIFT,1119030000.0,225,227,228,215,221,224,50.02,0.8704,2024-01-25 12:10:11.000,2024-01-25 12:10:11.000,2024-01-25 12:10:11.000,634956739.0,4366349.0,1290830181,-100.0,94
796207,22,2024-01-25 12:20:03,OPMC_LIFT,1119290000.0,225,227,228,211,217,220,49.99,0.8704999999999999,2024-01-25 12:20:14.000,2024-01-25 12:20:14.000,2024-01-25 12:20:14.000,635115648.0,4366349.0,1291135435,-104.0,94
796475,22,2024-01-25 12:40:03,OPMC_LIFT,1119770000.0,223,225,226,288,305,305,49.93,0.8351999999999999,2024-01-25 12:40:10.000,2024-01-25 12:40:10.000,2024-01-25 12:40:10.000,635399165.0,4366349.0,1291691934,-119.0,94
796743,22,2024-01-25 13:00:03,OPMC_LIFT,1120280000.0,223,225,226,209,217,218,50.0,0.8619999999999999,2024-01-25 13:00:10.000,2024-01-25 13:00:10.000,2024-01-25 13:00:10.000,635710861.0,4366349.0,1292290101,-100.0,94
796863,22,2024-01-25 13:10:03,OPMC_LIFT,1120530000.0,221,222,223,204,211,212,49.96,0.8750999999999999,2024-01-25 13:10:07.000,2024-01-25 13:10:07.000,2024-01-25 13:10:07.000,635865197.0,4366349.0,1292583400,-113.0,94
797019,22,2024-01-25 13:20:03,OPMC_LIFT,1120800000.0,222,224,225,210,218,218,49.97,0.8636999999999999,2024-01-25 13:20:13.000,2024-01-25 13:20:13.000,2024-01-25 13:20:13.000,636021021.0,4366349.0,1292893505,-107.0,94
797156,22,2024-01-25 13:30:03,OPMC_LIFT,1121060000.0,224,225,226,139,144,146,50.03,0.8262999999999999,2024-01-25 13:30:10.000,2024-01-25 13:30:10.000,2024-01-25 13:30:10.000,636182957.0,4366349.0,1293203169,-99.0,94
797312,22,2024-01-25 13:40:03,OPMC_LIFT,1121300000.0,219,222,223,398,420,414,50.04,0.8744999999999999,2024-01-25 13:40:12.000,2024-01-25 13:40:12.000,2024-01-25 13:40:12.000,636327773.0,4366349.0,1293484814,-102.0,94
797570,22,2024-01-25 14:00:03,OPMC_LIFT,1121770000.0,221,223,224,259,274,273,49.99,0.8251999999999999,2024-01-25 14:00:13.000,2024-01-25 14:00:13.000,2024-01-25 14:00:13.000,636616237.0,4366349.0,1294038219,-119.0,94
797702,22,2024-01-25 14:10:03,OPMC_LIFT,1122030000.0,222,223,225,241,255,256,50.01,0.8093999999999999,2024-01-25 14:10:11.000,2024-01-25 14:10:11.000,2024-01-25 14:10:11.000,636766266.0,4366349.0,1294336664,-98.0,94
797819,22,2024-01-25 14:20:03,OPMC_LIFT,1122290000.0,222,224,225,220,225,227,50.0,0.8746999999999999,2024-01-25 14:20:08.000,2024-01-25 14:20:08.000,2024-01-25 14:20:08.000,636921168.0,4366349.0,1294636629,-119.0,94
798147,22,2024-01-25 14:40:03,OPMC_LIFT,1122800000.0,223,224,226,198,204,207,50.02,0.8700999999999999,2024-01-25 14:40:08.000,2024-01-25 14:40:08.000,2024-01-25 14:40:08.000,637232006.0,4366349.0,1295233630,-111.0,94
798284,22,2024-01-25 14:50:03,OPMC_LIFT,1123060000.0,222,224,225,206,214,215,50.01,0.8636999999999999,2024-01-25 14:50:09.000,2024-01-25 14:50:09.000,2024-01-25 14:50:09.000,637386445.0,4366349.0,1295534910,-121.0,94
798430,22,2024-01-25 15:00:03,OPMC_LIFT,1123320000.0,221,223,224,322,340,337,50.05,0.8546999999999999,2024-01-25 15:00:12.000,2024-01-25 15:00:12.000,2024-01-25 15:00:12.000,637547885.0,4366349.0,1295842513,-120.0,94
798672,22,2024-01-25 15:20:03,OPMC_LIFT,1123810000.0,222,224,225,213,219,221,50.01,0.8747999999999999,2024-01-25 15:20:10.000,2024-01-25 15:20:10.000,2024-01-25 15:20:10.000,637841117.0,4366349.0,1296412795,-108.0,94
798808,22,2024-01-25 15:30:03,OPMC_LIFT,1124090000.0,223,224,226,207,215,216,50.02,0.8625999999999999,2024-01-25 15:30:15.000,2024-01-25 15:30:15.000,2024-01-25 15:30:15.000,638005725.0,4366349.0,1296737742,-119.0,94
798883,22,2024-01-25 15:40:03,OPMC_LIFT,1124340000.0,221,223,225,327,345,342,50.02,0.8557999999999999,2024-01-25 15:40:07.000,2024-01-25 15:40:07.000,2024-01-25 15:40:07.000,638164678.0,4366349.0,1297038878,-107.0,94
799181,22,2024-01-25 16:00:03,OPMC_LIFT,1124770000.0,228,229,230,0,0,0,50.01,1.0,2024-01-25 16:00:12.000,2024-01-25 16:00:12.000,2024-01-25 16:00:12.000,638420160.0,4366349.0,1297542158,-111.0,94
799283,22,2024-01-25 16:10:03,OPMC_LIFT,1124770000.0,229,229,231,0,0,0,49.93,1.0,2024-01-25 16:10:07.000,2024-01-25 16:10:07.000,2024-01-25 16:10:07.000,638420160.0,4366349.0,1297542158,-109.0,94
799449,22,2024-01-25 16:20:03,OPMC_LIFT,1124770000.0,229,230,231,0,0,0,49.99,1.0,2024-01-25 16:20:16.000,2024-01-25 16:20:16.000,2024-01-25 16:20:16.000,638420160.0,4366349.0,1297542158,-119.0,94
799686,22,2024-01-25 16:40:03,OPMC_LIFT,1124780000.0,227,228,229,4,0,4,50.05,0.8689999999999999,2024-01-25 16:40:10.000,2024-01-25 16:40:10.000,2024-01-25 16:40:10.000,638421280.0,4366707.0,1297545169,-119.0,94
799838,22,2024-01-25 16:50:03,OPMC_LIFT,1124780000.0,228,228,230,4,0,4,50.04,0.8678999999999999,2024-01-25 16:50:15.000,2024-01-25 16:50:15.000,2024-01-25 16:50:15.000,638422163.0,4367107.0,1297547957,-119.0,94
799955,22,2024-01-25 17:00:03,OPMC_LIFT,1124780000.0,229,230,231,4,0,4,50.06,0.8672,2024-01-25 17:00:11.000,2024-01-25 17:00:11.000,2024-01-25 17:00:11.000,638423053.0,4367510.0,1297550773,-118.0,94
800232,22,2024-01-25 17:20:03,OPMC_LIFT,1124790000.0,228,228,230,4,0,4,49.99,0.8696999999999999,2024-01-25 17:20:12.000,2024-01-25 17:20:12.000,2024-01-25 17:20:12.000,638424829.0,4368307.0,1297556395,-104.0,94
800379,22,2024-01-25 17:30:03,OPMC_LIFT,1124790000.0,229,229,231,4,0,4,50.01,0.8700999999999999,2024-01-25 17:30:14.000,2024-01-25 17:30:14.000,2024-01-25 17:30:14.000,638425715.0,4368707.0,1297559208,-108.0,94
800485,22,2024-01-25 17:40:03,OPMC_LIFT,1124790000.0,229,229,231,4,0,4,49.99,0.8698999999999999,2024-01-25 17:40:12.000,2024-01-25 17:40:12.000,2024-01-25 17:40:12.000,638426611.0,4369107.0,1297562033,-107.0,94
800601,22,2024-01-25 17:50:03,OPMC_LIFT,1124790000.0,229,230,231,4,0,4,49.99,0.8674999999999999,2024-01-25 17:50:09.000,2024-01-25 17:50:09.000,2024-01-25 17:50:09.000,638427510.0,4369504.0,1297564872,-120.0,94
800733,22,2024-01-25 18:00:03,OPMC_LIFT,1124800000.0,228,228,230,4,0,4,50.01,0.8680999999999999,2024-01-25 18:00:13.000,2024-01-25 18:00:13.000,2024-01-25 18:00:13.000,638428410.0,4369904.0,1297567710,-108.0,94
800849,22,2024-01-25 18:10:03,OPMC_LIFT,1124800000.0,229,229,230,4,0,4,49.95,0.8680999999999999,2024-01-25 18:10:15.000,2024-01-25 18:10:15.000,2024-01-25 18:10:15.000,638429299.0,4370304.0,1297570526,-120.0,94
800965,22,2024-01-25 18:20:03,OPMC_LIFT,1124800000.0,228,229,230,4,0,4,49.95,0.8704,2024-01-25 18:20:10.000,2024-01-25 18:20:10.000,2024-01-25 18:20:10.000,638430192.0,4370704.0,1297573349,-121.0,94
801222,22,2024-01-25 18:40:03,OPMC_LIFT,1124810000.0,227,228,229,4,0,4,49.99,0.8705999999999999,2024-01-25 18:40:15.000,2024-01-25 18:40:15.000,2024-01-25 18:40:15.000,638431955.0,4371498.0,1297578942,-117.0,94
801328,22,2024-01-25 18:50:03,OPMC_LIFT,1124810000.0,228,229,230,4,0,4,50.05,0.8684999999999999,2024-01-25 18:50:08.000,2024-01-25 18:50:08.000,2024-01-25 18:50:08.000,638432838.0,4371898.0,1297581739,-102.0,94
801495,22,2024-01-25 19:00:03,OPMC_LIFT,1124810000.0,228,228,230,4,0,4,49.97,0.8694,2024-01-25 19:00:13.000,2024-01-25 19:00:13.000,2024-01-25 19:00:13.000,638433725.0,4372294.0,1297584545,-120.0,94
801766,22,2024-01-25 19:20:03,OPMC_LIFT,1124820000.0,228,228,230,4,0,4,50.04,0.8675999999999999,2024-01-25 19:20:12.000,2024-01-25 19:20:12.000,2024-01-25 19:20:12.000,638435494.0,4373091.0,1297590149,-105.0,94
801882,22,2024-01-25 19:30:03,OPMC_LIFT,1124820000.0,228,229,230,4,0,4,49.95,0.8694,2024-01-25 19:30:12.000,2024-01-25 19:30:12.000,2024-01-25 19:30:12.000,638436378.0,4373488.0,1297592952,-109.0,94
801999,22,2024-01-25 19:40:03,OPMC_LIFT,1124820000.0,228,229,230,4,0,4,50.05,0.8698999999999999,2024-01-25 19:40:10.000,2024-01-25 19:40:10.000,2024-01-25 19:40:10.000,638437264.0,4373888.0,1297595758,-101.0,94
802124,22,2024-01-25 19:50:03,OPMC_LIFT,1124820000.0,228,228,230,4,0,4,49.97,0.8684999999999999,2024-01-25 19:50:10.000,2024-01-25 19:50:10.000,2024-01-25 19:50:10.000,638438150.0,4374285.0,1297598568,-114.0,94
802271,22,2024-01-25 20:00:03,OPMC_LIFT,1124830000.0,228,229,230,4,0,4,50.06,0.8664999999999999,2024-01-25 20:00:13.000,2024-01-25 20:00:13.000,2024-01-25 20:00:13.000,638439037.0,4374685.0,1297601377,-120.0,94
802534,22,2024-01-25 20:20:03,OPMC_LIFT,1124830000.0,229,229,231,4,0,4,50.0,0.8674,2024-01-25 20:20:13.000,2024-01-25 20:20:13.000,2024-01-25 20:20:13.000,638440819.0,4375482.0,1297607022,-121.0,94
802655,22,2024-01-25 20:30:03,OPMC_LIFT,1124830000.0,228,229,230,4,0,4,49.97,0.8676999999999999,2024-01-25 20:30:11.000,2024-01-25 20:30:11.000,2024-01-25 20:30:11.000,638441712.0,4375882.0,1297609845,-113.0,94
802786,22,2024-01-25 20:40:03,OPMC_LIFT,1124840000.0,229,229,231,4,0,4,49.99,0.8706999999999999,2024-01-25 20:40:12.000,2024-01-25 20:40:12.000,2024-01-25 20:40:12.000,638442605.0,4376282.0,1297612673,-109.0,94
802903,22,2024-01-25 20:50:03,OPMC_LIFT,1124840000.0,229,229,231,4,0,4,50.03,0.8703,2024-01-25 20:50:09.000,2024-01-25 20:50:09.000,2024-01-25 20:50:09.000,638443501.0,4376678.0,1297615502,-120.0,94
803040,22,2024-01-25 21:00:03,OPMC_LIFT,1124840000.0,229,230,231,4,0,4,49.96,0.8696999999999999,2024-01-25 21:00:12.000,2024-01-25 21:00:12.000,2024-01-25 21:00:12.000,638444400.0,4377078.0,1297618341,-119.0,94
803146,22,2024-01-25 21:10:03,OPMC_LIFT,1124840000.0,230,230,232,4,0,4,50.05,0.8667999999999999,2024-01-25 21:10:11.000,2024-01-25 21:10:11.000,2024-01-25 21:10:11.000,638445299.0,4377478.0,1297621189,-113.0,94
803278,22,2024-01-25 21:20:03,OPMC_LIFT,1124850000.0,230,230,232,4,0,4,50.01,0.8678999999999999,2024-01-25 21:20:11.000,2024-01-25 21:20:11.000,2024-01-25 21:20:11.000,638446205.0,4377878.0,1297624037,-102.0,94
803374,22,2024-01-25 21:30:03,OPMC_LIFT,1124850000.0,230,231,232,4,0,4,50.04,0.8654,2024-01-25 21:30:07.000,2024-01-25 21:30:07.000,2024-01-25 21:30:07.000,638447110.0,4378278.0,1297626891,-107.0,94
803525,22,2024-01-25 21:40:03,OPMC_LIFT,1124850000.0,230,231,233,4,0,4,50.06,0.8677999999999999,2024-01-25 21:40:14.000,2024-01-25 21:40:14.000,2024-01-25 21:40:14.000,638448019.0,4378678.0,1297629758,-107.0,94
803657,22,2024-01-25 21:50:03,OPMC_LIFT,1124850000.0,228,229,230,4,0,4,50.06,0.8668999999999999,2024-01-25 21:50:14.000,2024-01-25 21:50:14.000,2024-01-25 21:50:14.000,638448918.0,4379078.0,1297632603,-113.0,94
803753,22,2024-01-25 22:00:03,OPMC_LIFT,1124860000.0,228,229,230,4,0,4,50.04,0.8654,2024-01-25 22:00:09.000,2024-01-25 22:00:09.000,2024-01-25 22:00:09.000,638449808.0,4379478.0,1297635416,-120.0,94
803899,22,2024-01-25 22:10:03,OPMC_LIFT,1124860000.0,228,229,231,4,0,4,50.01,0.8706999999999999,2024-01-25 22:10:12.000,2024-01-25 22:10:12.000,2024-01-25 22:10:12.000,638450694.0,4379878.0,1297638232,-103.0,94
804001,22,2024-01-25 22:20:03,OPMC_LIFT,1124860000.0,228,229,231,4,0,4,50.0,0.8674999999999999,2024-01-25 22:20:08.000,2024-01-25 22:20:08.000,2024-01-25 22:20:08.000,638451587.0,4380278.0,1297641051,-103.0,94
814050,22,2024-01-26 14:34:31,OPMC_LIFT,1137610000.0,221,223,225,367,388,388,50.03,0.8723,2024-01-26 14:34:41.000,2024-01-26 14:34:41.000,2024-01-26 14:34:41.000,645599053.0,4404909.0,1312278408,-117.0,94
814081,22,2024-01-26 14:40:03,OPMC_LIFT,1137810000.0,221,223,225,365,385,386,50.02,0.8725999999999999,2024-01-26 14:40:15.000,2024-01-26 14:40:15.000,2024-01-26 14:40:15.000,645712515.0,4404909.0,1312510065,-119.0,94
814131,22,2024-01-26 15:00:03,OPMC_LIFT,1138540000.0,221,224,225,365,386,386,50.02,0.8714,2024-01-26 15:00:12.000,2024-01-26 15:00:12.000,2024-01-26 15:00:12.000,646123232.0,4404909.0,1313348027,-120.0,94
814157,22,2024-01-26 15:10:03,OPMC_LIFT,1138900000.0,221,223,225,364,385,385,49.99,0.8716999999999999,2024-01-26 15:10:14.000,2024-01-26 15:10:14.000,2024-01-26 15:10:14.000,646329178.0,4404909.0,1313768171,-107.0,94
814182,22,2024-01-26 15:20:03,OPMC_LIFT,1139270000.0,221,223,225,363,384,384,49.99,0.8715999999999999,2024-01-26 15:20:10.000,2024-01-26 15:20:10.000,2024-01-26 15:20:10.000,646534221.0,4404909.0,1314186904,-101.0,94
814231,22,2024-01-26 15:40:03,OPMC_LIFT,1139990000.0,221,223,225,362,381,382,50.0,0.8714999999999999,2024-01-26 15:40:08.000,2024-01-26 15:40:08.000,2024-01-26 15:40:08.000,646942758.0,4404909.0,1315018766,-108.0,94
814257,22,2024-01-26 15:50:03,OPMC_LIFT,1140350000.0,221,224,225,351,371,371,49.99,0.8689999999999999,2024-01-26 15:50:08.000,2024-01-26 15:50:08.000,2024-01-26 15:50:08.000,647146806.0,4404909.0,1315433672,-120.0,94
814289,22,2024-01-26 16:00:03,OPMC_LIFT,1140720000.0,222,224,226,357,377,377,50.03,0.8685999999999999,2024-01-26 16:00:14.000,2024-01-26 16:00:14.000,2024-01-26 16:00:14.000,647351232.0,4404909.0,1315848869,-103.0,94
814347,22,2024-01-26 16:20:03,OPMC_LIFT,1141370000.0,229,230,231,4,0,3,50.04,0.4705,2024-01-26 16:20:12.000,2024-01-26 16:20:12.000,2024-01-26 16:20:12.000,647727469.0,4404934.0,1316606430,-113.0,94
814373,22,2024-01-26 16:30:03,OPMC_LIFT,1141380000.0,227,228,229,3,0,3,50.0,0.4696999999999999,2024-01-26 16:30:11.000,2024-01-26 16:30:11.000,2024-01-26 16:30:11.000,647728317.0,4405270.0,1316609048,-108.0,94
814397,22,2024-01-26 16:40:03,OPMC_LIFT,1141380000.0,228,229,230,3,0,3,49.95,0.4660999999999999,2024-01-26 16:40:10.000,2024-01-26 16:40:10.000,2024-01-26 16:40:10.000,647729155.0,4405606.0,1316611630,-101.0,94
814452,22,2024-01-26 17:00:03,OPMC_LIFT,1141380000.0,227,228,230,5,0,4,50.04,0.8713,2024-01-26 17:00:12.000,2024-01-26 17:00:12.000,2024-01-26 17:00:12.000,647731174.0,4406624.0,1316618181,-118.0,94
814478,22,2024-01-26 17:10:03,OPMC_LIFT,1141390000.0,228,229,231,4,0,4,50.08,0.8660999999999999,2024-01-26 17:10:12.000,2024-01-26 17:10:12.000,2024-01-26 17:10:12.000,647732278.0,4407238.0,1316621835,-119.0,94
814506,22,2024-01-26 17:20:03,OPMC_LIFT,1141390000.0,229,230,231,4,0,4,50.06,0.8679999999999999,2024-01-26 17:20:09.000,2024-01-26 17:20:09.000,2024-01-26 17:20:09.000,647733181.0,4407632.0,1316624673,-119.0,94
814563,22,2024-01-26 17:40:03,OPMC_LIFT,1141390000.0,228,228,230,4,0,4,50.05,0.8656999999999999,2024-01-26 17:40:12.000,2024-01-26 17:40:12.000,2024-01-26 17:40:12.000,647734998.0,4408426.0,1316630382,-108.0,94
814591,22,2024-01-26 17:50:03,OPMC_LIFT,1141400000.0,228,229,231,4,0,4,50.0,0.8657999999999999,2024-01-26 17:50:12.000,2024-01-26 17:50:12.000,2024-01-26 17:50:12.000,647735888.0,4408822.0,1316633192,-109.0,94
814663,22,2024-01-26 18:20:03,OPMC_LIFT,1141400000.0,230,230,232,4,0,4,50.04,0.8693,2024-01-26 18:20:11.000,2024-01-26 18:20:11.000,2024-01-26 18:20:11.000,647738608.0,4410010.0,1316641749,-109.0,94
814688,22,2024-01-26 18:30:03,OPMC_LIFT,1141410000.0,229,230,231,4,0,4,49.95,0.8703,2024-01-26 18:30:09.000,2024-01-26 18:30:09.000,2024-01-26 18:30:09.000,647739517.0,4410403.0,1316644600,-116.0,94
814701,22,2024-01-26 18:36:23,OPMC_LIFT,1141410000.0,229,230,231,4,0,4,50.0,0.8677999999999999,2024-01-26 18:36:29.000,2024-01-26 18:36:29.000,2024-01-26 18:36:29.000,647740090.0,4410653.0,1316646401,-121.0,94
814744,22,2024-01-26 18:50:03,OPMC_LIFT,1141410000.0,230,230,232,4,0,4,49.99,0.8652,2024-01-26 18:50:10.000,2024-01-26 18:50:10.000,2024-01-26 18:50:10.000,647741334.0,4411194.0,1316650305,-113.0,94
814856,22,2024-01-26 19:30:03,OPMC_LIFT,1141420000.0,230,230,232,4,0,4,50.01,0.8654999999999999,2024-01-26 19:30:14.000,2024-01-26 19:30:14.000,2024-01-26 19:30:14.000,647744970.0,4412778.0,1316661726,-113.0,94
814907,22,2024-01-26 19:50:03,OPMC_LIFT,1141430000.0,230,230,232,4,0,4,50.03,0.8685999999999999,2024-01-26 19:50:13.000,2024-01-26 19:50:13.000,2024-01-26 19:50:13.000,647746784.0,4413571.0,1316667435,-107.0,94
814929,22,2024-01-26 20:00:03,OPMC_LIFT,1141430000.0,230,231,232,4,0,4,50.07,0.8688999999999999,2024-01-26 20:00:10.000,2024-01-26 20:00:10.000,2024-01-26 20:00:10.000,647747693.0,4413965.0,1316670286,-106.0,94
814997,22,2024-01-26 20:30:03,OPMC_LIFT,1141440000.0,230,231,232,4,0,4,49.97,0.8684999999999999,2024-01-26 20:30:10.000,2024-01-26 20:30:10.000,2024-01-26 20:30:10.000,647750429.0,4415155.0,1316678878,-109.0,94
815027,22,2024-01-26 20:40:03,OPMC_LIFT,1141440000.0,230,231,232,4,0,4,50.01,0.8688999999999999,2024-01-26 20:40:14.000,2024-01-26 20:40:14.000,2024-01-26 20:40:14.000,647751341.0,4415552.0,1316681745,-121.0,94
815077,22,2024-01-26 21:00:03,OPMC_LIFT,1141440000.0,231,231,233,4,0,4,50.0,0.8664999999999999,2024-01-26 21:00:14.000,2024-01-26 21:00:14.000,2024-01-26 21:00:14.000,647753171.0,4416346.0,1316687486,-112.0,94
815097,22,2024-01-26 21:10:03,OPMC_LIFT,1141450000.0,227,228,230,4,0,4,49.96,0.8692,2024-01-26 21:10:12.000,2024-01-26 21:10:12.000,2024-01-26 21:10:12.000,647754061.0,4416742.0,1316690305,-108.0,94
815120,22,2024-01-26 21:20:03,OPMC_LIFT,1141450000.0,228,228,230,4,0,4,49.97,0.8669999999999999,2024-01-26 21:20:08.000,2024-01-26 21:20:08.000,2024-01-26 21:20:08.000,647754950.0,4417139.0,1316693112,-121.0,94
815165,22,2024-01-26 21:40:03,OPMC_LIFT,1141450000.0,228,229,230,4,0,4,50.03,0.8682,2024-01-26 21:40:09.000,2024-01-26 21:40:09.000,2024-01-26 21:40:09.000,647756730.0,4417933.0,1316698744,-112.0,94
815194,22,2024-01-26 21:50:03,OPMC_LIFT,1141460000.0,228,228,230,4,0,4,49.94,0.8676999999999999,2024-01-26 21:50:13.000,2024-01-26 21:50:13.000,2024-01-26 21:50:13.000,647757619.0,4418330.0,1316701557,-108.0,94
815220,22,2024-01-26 22:00:03,OPMC_LIFT,1141460000.0,227,228,230,4,0,4,49.93,0.8673,2024-01-26 22:00:14.000,2024-01-26 22:00:14.000,2024-01-26 22:00:14.000,647758509.0,4418726.0,1316704363,-107.0,94
815245,22,2024-01-26 22:10:03,OPMC_LIFT,1141460000.0,228,228,230,4,0,4,49.99,0.8672,2024-01-26 22:10:12.000,2024-01-26 22:10:12.000,2024-01-26 22:10:12.000,647759395.0,4419123.0,1316707176,-114.0,94
815269,22,2024-01-26 22:20:03,OPMC_LIFT,1141460000.0,228,229,231,4,0,4,50.01,0.8660999999999999,2024-01-26 22:20:11.000,2024-01-26 22:20:11.000,2024-01-26 22:20:11.000,647760288.0,4419520.0,1316709995,-101.0,94
815292,22,2024-01-26 22:30:03,OPMC_LIFT,1141470000.0,229,229,231,4,0,4,50.07,0.8672,2024-01-26 22:30:09.000,2024-01-26 22:30:09.000,2024-01-26 22:30:09.000,647761184.0,4419917.0,1316712824,-108.0,94
815363,22,2024-01-26 22:50:03,OPMC_LIFT,1141470000.0,229,230,231,4,0,4,49.96,0.8674,2024-01-26 22:50:13.000,2024-01-26 22:50:13.000,2024-01-26 22:50:13.000,647762982.0,4420714.0,1316718497,-112.0,94
815416,22,2024-01-26 23:10:03,OPMC_LIFT,1141480000.0,229,230,232,4,0,4,49.93,0.8700999999999999,2024-01-26 23:10:10.000,2024-01-26 23:10:10.000,2024-01-26 23:10:10.000,647764797.0,4421507.0,1316724209,-101.0,94
815445,22,2024-01-26 23:20:03,OPMC_LIFT,1141480000.0,229,230,232,4,0,4,49.99,0.8694999999999999,2024-01-26 23:20:15.000,2024-01-26 23:20:15.000,2024-01-26 23:20:15.000,647765702.0,4421904.0,1316727064,-108.0,94
815464,22,2024-01-26 23:30:03,OPMC_LIFT,1141480000.0,230,230,232,4,0,4,49.94,0.8652,2024-01-26 23:30:09.000,2024-01-26 23:30:09.000,2024-01-26 23:30:09.000,647766614.0,4422304.0,1316729925,-111.0,94
815492,22,2024-01-26 23:40:03,OPMC_LIFT,1141480000.0,230,230,232,4,0,4,50.09,0.8673,2024-01-26 23:40:07.000,2024-01-26 23:40:07.000,2024-01-26 23:40:07.000,647767523.0,4422701.0,1316732789,-113.0,94
815521,22,2024-01-26 23:50:03,OPMC_LIFT,1141490000.0,229,229,232,4,0,4,50.05,0.8680999999999999,2024-01-26 23:50:10.000,2024-01-26 23:50:10.000,2024-01-26 23:50:10.000,647768429.0,4423098.0,1316735646,-109.0,94
815547,22,2024-01-27 00:00:03,OPMC_LIFT,1141490000.0,229,230,232,4,0,4,49.97,0.8686999999999999,2024-01-27 00:00:13.000,2024-01-27 00:00:13.000,2024-01-27 00:00:13.000,647769338.0,4423494.0,1316738497,-102.0,94
815573,22,2024-01-27 00:10:03,OPMC_LIFT,1141490000.0,230,230,232,4,0,4,50.07,0.8660999999999999,2024-01-27 00:10:09.000,2024-01-27 00:10:09.000,2024-01-27 00:10:09.000,647770246.0,4423894.0,1316741361,-110.0,94
815706,22,2024-01-27 01:00:03,OPMC_LIFT,1141500000.0,230,230,232,4,0,4,49.95,0.8684,2024-01-27 01:00:11.000,2024-01-27 01:00:11.000,2024-01-27 01:00:11.000,647774803.0,4425885.0,1316755704,-111.0,94
815730,22,2024-01-27 01:10:03,OPMC_LIFT,1141510000.0,230,231,233,4,0,4,50.01,0.8692,2024-01-27 01:10:06.000,2024-01-27 01:10:06.000,2024-01-27 01:10:06.000,647775718.0,4426282.0,1316758574,-109.0,94
815750,22,2024-01-27 01:20:03,OPMC_LIFT,1141510000.0,230,231,233,4,0,4,49.97,0.8659999999999999,2024-01-27 01:20:08.000,2024-01-27 01:20:08.000,2024-01-27 01:20:08.000,647776634.0,4426682.0,1316761454,-105.0,94
815775,22,2024-01-27 01:30:03,OPMC_LIFT,1141510000.0,230,231,233,4,0,4,50.0,0.8672,2024-01-27 01:30:11.000,2024-01-27 01:30:11.000,2024-01-27 01:30:11.000,647777549.0,4427082.0,1316764334,-114.0,94
815809,22,2024-01-27 01:40:03,OPMC_LIFT,1141510000.0,230,231,233,4,0,4,49.93,0.8674,2024-01-27 01:40:13.000,2024-01-27 01:40:13.000,2024-01-27 01:40:13.000,647778467.0,4427478.0,1316767217,-112.0,94
815829,22,2024-01-27 01:50:03,OPMC_LIFT,1141520000.0,230,231,233,4,0,4,50.01,0.8662,2024-01-27 01:50:11.000,2024-01-27 01:50:11.000,2024-01-27 01:50:11.000,647779386.0,4427878.0,1316770104,-109.0,94
815886,22,2024-01-27 02:10:02,OPMC_LIFT,1141520000.0,228,229,231,4,0,4,49.93,0.8680999999999999,2024-01-27 02:10:12.000,2024-01-27 02:10:12.000,2024-01-27 02:10:12.000,647781216.0,4428675.0,1316775857,-111.0,94
815971,22,2024-01-27 02:41:19,OPMC_LIFT,1141530000.0,229,229,232,4,0,4,50.05,0.8699999999999999,2024-01-27 02:41:27.000,2024-01-27 02:41:27.000,2024-01-27 02:41:27.000,647784019.0,4429923.0,1316784728,-103.0,94
815989,22,2024-01-27 02:50:03,OPMC_LIFT,1141530000.0,229,230,232,4,0,4,50.01,0.8659999999999999,2024-01-27 02:50:12.000,2024-01-27 02:50:12.000,2024-01-27 02:50:12.000,647784810.0,4430272.0,1316787217,-103.0,94
816113,22,2024-01-27 03:40:03,OPMC_LIFT,1141540000.0,230,230,233,4,0,4,50.02,0.8690999999999999,2024-01-27 03:40:10.000,2024-01-27 03:40:10.000,2024-01-27 03:40:10.000,647789347.0,4432269.0,1316801528,-113.0,94
816216,22,2024-01-27 04:20:03,OPMC_LIFT,1141550000.0,230,230,232,4,0,4,50.05,0.8676999999999999,2024-01-27 04:20:13.000,2024-01-27 04:20:13.000,2024-01-27 04:20:13.000,647792995.0,4433866.0,1316813016,-113.0,94
816233,22,2024-01-27 04:30:03,OPMC_LIFT,1141560000.0,230,230,232,4,0,4,50.01,0.8673,2024-01-27 04:30:06.000,2024-01-27 04:30:06.000,2024-01-27 04:30:06.000,647793904.0,4434266.0,1316815880,-106.0,94
816292,22,2024-01-27 04:50:03,OPMC_LIFT,1141560000.0,230,230,232,4,0,4,50.07,0.8677999999999999,2024-01-27 04:50:12.000,2024-01-27 04:50:12.000,2024-01-27 04:50:12.000,647795725.0,4435066.0,1316821617,-114.0,94
816319,22,2024-01-27 05:00:03,OPMC_LIFT,1141560000.0,230,230,232,4,0,4,50.03,0.8664999999999999,2024-01-27 05:00:11.000,2024-01-27 05:00:11.000,2024-01-27 05:00:11.000,647796634.0,4435469.0,1316824485,-112.0,94
816377,22,2024-01-27 05:20:03,OPMC_LIFT,1141570000.0,230,230,232,4,0,4,50.03,0.8672,2024-01-27 05:20:12.000,2024-01-27 05:20:12.000,2024-01-27 05:20:12.000,647798448.0,4436266.0,1316830203,-111.0,94
816399,22,2024-01-27 05:30:03,OPMC_LIFT,1141570000.0,230,230,232,4,0,4,50.11,0.8659999999999999,2024-01-27 05:30:08.000,2024-01-27 05:30:08.000,2024-01-27 05:30:08.000,647799354.0,4436666.0,1316833064,-115.0,94
816453,22,2024-01-27 05:50:03,OPMC_LIFT,1141580000.0,230,230,232,4,0,4,50.07,0.8674,2024-01-27 05:50:10.000,2024-01-27 05:50:10.000,2024-01-27 05:50:10.000,647801168.0,4437469.0,1316838785,-111.0,94
816480,22,2024-01-27 06:00:03,OPMC_LIFT,1141580000.0,230,230,232,4,0,4,50.09,0.8689999999999999,2024-01-27 06:00:11.000,2024-01-27 06:00:11.000,2024-01-27 06:00:11.000,647802077.0,4437869.0,1316841649,-111.0,94
816506,22,2024-01-27 06:10:03,OPMC_LIFT,1141580000.0,230,230,232,4,0,4,50.04,0.8675999999999999,2024-01-27 06:10:16.000,2024-01-27 06:10:16.000,2024-01-27 06:10:16.000,647802982.0,4438272.0,1316844513,-108.0,94
816554,22,2024-01-27 06:30:03,OPMC_LIFT,1141590000.0,229,229,231,4,0,4,49.95,0.8687999999999999,2024-01-27 06:30:08.000,2024-01-27 06:30:08.000,2024-01-27 06:30:08.000,647804797.0,4439072.0,1316850225,-109.0,94
816592,22,2024-01-27 06:40:03,OPMC_LIFT,1141590000.0,229,229,231,4,0,4,49.92,0.8655999999999999,2024-01-27 06:40:10.000,2024-01-27 06:40:10.000,2024-01-27 06:40:10.000,647805699.0,4439475.0,1316853077,-105.0,94
816619,22,2024-01-27 06:50:03,OPMC_LIFT,1141590000.0,230,230,232,4,0,4,50.1,0.8675999999999999,2024-01-27 06:50:12.000,2024-01-27 06:50:12.000,2024-01-27 06:50:12.000,647806602.0,4439875.0,1316855925,-114.0,94
816639,22,2024-01-27 07:00:03,OPMC_LIFT,1141590000.0,229,230,231,4,0,4,49.93,0.8684,2024-01-27 07:00:08.000,2024-01-27 07:00:08.000,2024-01-27 07:00:08.000,647807507.0,4440275.0,1316858776,-111.0,94
816665,22,2024-01-27 07:10:03,OPMC_LIFT,1141600000.0,228,229,230,4,0,4,49.94,0.8664999999999999,2024-01-27 07:10:12.000,2024-01-27 07:10:12.000,2024-01-27 07:10:12.000,647808403.0,4440678.0,1316861614,-109.0,94
816692,22,2024-01-27 07:20:03,OPMC_LIFT,1141600000.0,228,228,230,4,0,4,49.98,0.8663,2024-01-27 07:20:08.000,2024-01-27 07:20:08.000,2024-01-27 07:20:08.000,647809296.0,4441078.0,1316864433,-105.0,94
816719,22,2024-01-27 07:30:03,OPMC_LIFT,1141600000.0,227,228,230,4,0,4,49.95,0.8686999999999999,2024-01-27 07:30:13.000,2024-01-27 07:30:13.000,2024-01-27 07:30:13.000,647810182.0,4441478.0,1316867240,-114.0,94
816744,22,2024-01-27 07:40:03,OPMC_LIFT,1141600000.0,227,228,230,4,0,4,50.05,0.8672,2024-01-27 07:40:15.000,2024-01-27 07:40:15.000,2024-01-27 07:40:15.000,647811066.0,4441878.0,1316870040,-109.0,94
816765,22,2024-01-27 07:50:03,OPMC_LIFT,1141610000.0,227,227,229,4,0,4,50.05,0.8666999999999999,2024-01-27 07:50:09.000,2024-01-27 07:50:09.000,2024-01-27 07:50:09.000,647811946.0,4442278.0,1316872830,-108.0,94
816796,22,2024-01-27 08:00:03,OPMC_LIFT,1141610000.0,227,227,229,4,0,4,50.04,0.8694999999999999,2024-01-27 08:00:14.000,2024-01-27 08:00:14.000,2024-01-27 08:00:14.000,647812822.0,4442678.0,1316875611,-103.0,94
816838,22,2024-01-27 08:20:03,OPMC_LIFT,1141610000.0,225,226,227,4,0,4,49.94,0.8708999999999999,2024-01-27 08:20:08.000,2024-01-27 08:20:08.000,2024-01-27 08:20:08.000,647814557.0,4443478.0,1316881137,-112.0,94
816862,22,2024-01-27 08:30:03,OPMC_LIFT,1141610000.0,227,228,229,4,0,4,49.93,0.8672,2024-01-27 08:30:08.000,2024-01-27 08:30:08.000,2024-01-27 08:30:08.000,647815424.0,4443875.0,1316883896,-108.0,94
816892,22,2024-01-27 08:40:03,OPMC_LIFT,1141620000.0,227,228,229,4,0,4,49.93,0.8680999999999999,2024-01-27 08:40:10.000,2024-01-27 08:40:10.000,2024-01-27 08:40:10.000,647816304.0,4444275.0,1316886689,-103.0,94
816943,22,2024-01-27 09:00:03,OPMC_LIFT,1141620000.0,227,227,229,4,0,4,49.93,0.8669999999999999,2024-01-27 09:00:13.000,2024-01-27 09:00:13.000,2024-01-27 09:00:13.000,647818067.0,4445075.0,1316892280,-112.0,94
816966,22,2024-01-27 09:10:03,OPMC_LIFT,1141620000.0,227,227,229,4,0,4,50.05,0.8684999999999999,2024-01-27 09:10:12.000,2024-01-27 09:10:12.000,2024-01-27 09:10:12.000,647818947.0,4445472.0,1316895067,-108.0,94
816991,22,2024-01-27 09:20:03,OPMC_LIFT,1141630000.0,226,227,228,4,0,4,49.94,0.8702,2024-01-27 09:20:10.000,2024-01-27 09:20:10.000,2024-01-27 09:20:10.000,647819824.0,4445872.0,1316897845,-102.0,94
817040,22,2024-01-27 09:40:03,OPMC_LIFT,1141630000.0,226,226,228,4,0,4,49.98,0.8682,2024-01-27 09:40:13.000,2024-01-27 09:40:13.000,2024-01-27 09:40:13.000,647821565.0,4446669.0,1316903377,-111.0,94
817059,22,2024-01-27 09:50:03,OPMC_LIFT,1141630000.0,226,226,228,4,0,4,49.96,0.8688999999999999,2024-01-27 09:50:10.000,2024-01-27 09:50:10.000,2024-01-27 09:50:10.000,647822432.0,4447066.0,1316906133,-108.0,94
817116,22,2024-01-27 10:10:03,OPMC_LIFT,1141640000.0,226,226,228,4,0,4,50.0,0.8706999999999999,2024-01-27 10:10:15.000,2024-01-27 10:10:15.000,2024-01-27 10:10:15.000,647824166.0,4447866.0,1316911643,-113.0,94
817138,22,2024-01-27 10:20:03,OPMC_LIFT,1141640000.0,225,226,227,4,0,4,49.99,0.8687999999999999,2024-01-27 10:20:11.000,2024-01-27 10:20:11.000,2024-01-27 10:20:11.000,647825027.0,4448266.0,1316914392,-112.0,94
817159,22,2024-01-27 10:30:03,OPMC_LIFT,1141640000.0,225,226,227,4,0,4,49.94,0.8667999999999999,2024-01-27 10:30:09.000,2024-01-27 10:30:09.000,2024-01-27 10:30:09.000,647825888.0,4448666.0,1316917134,-108.0,94
817194,22,2024-01-27 10:40:47,OPMC_LIFT,1141650000.0,225,226,227,4,0,4,49.98,0.8704999999999999,2024-01-27 10:40:56.000,2024-01-27 10:40:56.000,2024-01-27 10:40:56.000,647826810.0,4449091.0,1316920072,-111.0,94
817210,22,2024-01-27 10:50:03,OPMC_LIFT,1141650000.0,226,226,228,4,0,4,50.03,0.8673,2024-01-27 10:50:08.000,2024-01-27 10:50:08.000,2024-01-27 10:50:08.000,647827610.0,4449462.0,1316922622,-103.0,94
817259,22,2024-01-27 11:10:02,OPMC_LIFT,1141650000.0,226,226,228,4,0,4,50.05,0.8695999999999999,2024-01-27 11:10:12.000,2024-01-27 11:10:12.000,2024-01-27 11:10:12.000,647829338.0,4450262.0,1316928126,-112.0,94
817277,22,2024-01-27 11:20:02,OPMC_LIFT,1141660000.0,226,227,228,4,0,4,50.06,0.8672,2024-01-27 11:20:07.000,2024-01-27 11:20:07.000,2024-01-27 11:20:07.000,647830205.0,4450662.0,1316930885,-108.0,94
817321,22,2024-01-27 11:30:02,OPMC_LIFT,1141660000.0,226,227,228,4,0,4,49.98,0.8659999999999999,2024-01-27 11:30:15.000,2024-01-27 11:30:15.000,2024-01-27 11:30:15.000,647831075.0,4451066.0,1316933653,-109.0,94
817390,22,2024-01-27 12:00:02,OPMC_LIFT,1141670000.0,228,228,230,4,0,4,49.97,0.8688999999999999,2024-01-27 12:00:11.000,2024-01-27 12:00:11.000,2024-01-27 12:00:11.000,647833709.0,4452269.0,1316942008,-107.0,94
817481,22,2024-01-27 12:40:03,OPMC_LIFT,1141680000.0,228,229,231,4,0,4,49.95,0.8702,2024-01-27 12:40:07.000,2024-01-27 12:40:07.000,2024-01-27 12:40:07.000,647837277.0,4453875.0,1316953291,-108.0,94
817510,22,2024-01-27 12:50:03,OPMC_LIFT,1141680000.0,228,229,231,4,0,4,49.98,0.8668999999999999,2024-01-27 12:50:11.000,2024-01-27 12:50:11.000,2024-01-27 12:50:11.000,647838173.0,4454275.0,1316956117,-107.0,94
817531,22,2024-01-27 13:00:03,OPMC_LIFT,1141680000.0,228,229,230,4,0,4,49.95,0.8689999999999999,2024-01-27 13:00:09.000,2024-01-27 13:00:09.000,2024-01-27 13:00:09.000,647839066.0,4454678.0,1316958939,-114.0,94
817604,22,2024-01-27 13:30:03,OPMC_LIFT,1141690000.0,228,228,230,4,0,4,50.01,0.8668999999999999,2024-01-27 13:30:14.000,2024-01-27 13:30:14.000,2024-01-27 13:30:14.000,647841722.0,4455882.0,1316967355,-101.0,94
817646,22,2024-01-27 13:50:03,OPMC_LIFT,1141690000.0,228,228,230,4,0,4,50.0,0.8675999999999999,2024-01-27 13:50:07.000,2024-01-27 13:50:07.000,2024-01-27 13:50:07.000,647843491.0,4456682.0,1316972955,-113.0,94
817782,22,2024-01-27 14:40:03,OPMC_LIFT,1141700000.0,228,229,230,4,0,4,50.06,0.8659999999999999,2024-01-27 14:40:07.000,2024-01-27 14:40:07.000,2024-01-27 14:40:07.000,647847930.0,4458688.0,1316987003,-109.0,94
817872,22,2024-01-27 15:20:03,OPMC_LIFT,1141710000.0,228,229,230,4,0,4,50.01,0.8670999999999999,2024-01-27 15:20:10.000,2024-01-27 15:20:10.000,2024-01-27 15:20:10.000,647851498.0,4460294.0,1316998277,-108.0,94
817897,22,2024-01-27 15:30:03,OPMC_LIFT,1141720000.0,228,228,230,4,0,4,49.97,0.8679999999999999,2024-01-27 15:30:12.000,2024-01-27 15:30:12.000,2024-01-27 15:30:12.000,647852390.0,4460698.0,1317001096,-111.0,94
817952,22,2024-01-27 15:50:03,OPMC_LIFT,1141720000.0,228,229,230,4,0,4,49.96,0.8679999999999999,2024-01-27 15:50:14.000,2024-01-27 15:50:14.000,2024-01-27 15:50:14.000,647854173.0,4461498.0,1317006728,-109.0,94
817966,22,2024-01-27 16:00:03,OPMC_LIFT,1141720000.0,229,229,230,4,0,4,50.0,0.8693,2024-01-27 16:00:09.000,2024-01-27 16:00:09.000,2024-01-27 16:00:09.000,647855066.0,4461898.0,1317009547,-123.0,94
817994,22,2024-01-27 16:10:03,OPMC_LIFT,1141730000.0,229,229,231,4,0,4,49.97,0.8654999999999999,2024-01-27 16:10:14.000,2024-01-27 16:10:14.000,2024-01-27 16:10:14.000,647855965.0,4462301.0,1317012379,-103.0,94
818064,22,2024-01-27 16:40:03,OPMC_LIFT,1141730000.0,229,229,231,4,0,4,49.94,0.8664,2024-01-27 16:40:11.000,2024-01-27 16:40:11.000,2024-01-27 16:40:11.000,647858659.0,4463501.0,1317020875,-121.0,94
818092,22,2024-01-27 16:50:03,OPMC_LIFT,1141740000.0,229,229,231,4,0,4,50.05,0.8690999999999999,2024-01-27 16:50:12.000,2024-01-27 16:50:12.000,2024-01-27 16:50:12.000,647859562.0,4463901.0,1317023710,-111.0,94
818120,22,2024-01-27 17:00:03,OPMC_LIFT,1141740000.0,230,230,232,4,0,4,49.96,0.8686999999999999,2024-01-27 17:00:11.000,2024-01-27 17:00:11.000,2024-01-27 17:00:11.000,647860464.0,4464301.0,1317026552,-114.0,94
818146,22,2024-01-27 17:10:03,OPMC_LIFT,1141740000.0,230,230,232,4,0,4,50.06,0.8658999999999999,2024-01-27 17:10:12.000,2024-01-27 17:10:12.000,2024-01-27 17:10:12.000,647861373.0,4464704.0,1317029403,-113.0,94
818169,22,2024-01-27 17:20:03,OPMC_LIFT,1141740000.0,230,231,232,4,0,4,50.0,0.8664,2024-01-27 17:20:13.000,2024-01-27 17:20:13.000,2024-01-27 17:20:13.000,647862285.0,4465104.0,1317032267,-111.0,94
818194,22,2024-01-27 17:30:03,OPMC_LIFT,1141750000.0,231,231,232,4,0,4,49.97,0.8674999999999999,2024-01-27 17:30:11.000,2024-01-27 17:30:11.000,2024-01-27 17:30:11.000,647863203.0,4465507.0,1317035144,-101.0,94
818239,22,2024-01-27 17:50:03,OPMC_LIFT,1141750000.0,229,229,231,4,0,4,50.06,0.8666999999999999,2024-01-27 17:50:09.000,2024-01-27 17:50:09.000,2024-01-27 17:50:09.000,647865014.0,4466307.0,1317040843,-110.0,94
818260,22,2024-01-27 18:00:03,OPMC_LIFT,1141750000.0,229,229,231,4,0,4,50.02,0.8686999999999999,2024-01-27 18:00:08.000,2024-01-27 18:00:08.000,2024-01-27 18:00:08.000,647865914.0,4466707.0,1317043675,-109.0,94
818292,22,2024-01-27 18:10:03,OPMC_LIFT,1141760000.0,229,229,231,4,0,4,50.03,0.8686999999999999,2024-01-27 18:10:12.000,2024-01-27 18:10:12.000,2024-01-27 18:10:12.000,647866813.0,4467107.0,1317046504,-105.0,94
818337,22,2024-01-27 18:30:03,OPMC_LIFT,1141760000.0,229,229,231,4,0,4,50.02,0.8662,2024-01-27 18:30:12.000,2024-01-27 18:30:12.000,2024-01-27 18:30:12.000,647868614.0,4467907.0,1317052177,-111.0,94
818347,22,2024-01-27 18:38:52,OPMC_LIFT,1141760000.0,229,229,231,4,0,4,50.0,0.8665999999999999,2024-01-27 18:39:00.000,2024-01-27 18:39:00.000,2024-01-27 18:39:00.000,647869408.0,4468259.0,1317054677,-109.0,94
818407,22,2024-01-27 19:00:03,OPMC_LIFT,1141770000.0,229,230,231,4,0,4,50.05,0.8699999999999999,2024-01-27 19:00:09.000,2024-01-27 19:00:09.000,2024-01-27 19:00:09.000,647871318.0,4469107.0,1317060689,-101.0,94
818437,22,2024-01-27 19:10:03,OPMC_LIFT,1141770000.0,224,225,226,4,0,3,49.96,0.8684,2024-01-27 19:10:14.000,2024-01-27 19:10:14.000,2024-01-27 19:10:14.000,647872202.0,4469504.0,1317063486,-113.0,94
818499,22,2024-01-27 19:40:03,OPMC_LIFT,1141780000.0,225,226,227,4,0,4,50.0,0.8684,2024-01-27 19:40:10.000,2024-01-27 19:40:10.000,2024-01-27 19:40:10.000,647874800.0,4470701.0,1317071745,-103.0,94
818527,22,2024-01-27 19:50:03,OPMC_LIFT,1141780000.0,226,226,228,4,0,4,50.03,0.8685999999999999,2024-01-27 19:50:13.000,2024-01-27 19:50:13.000,2024-01-27 19:50:13.000,647875664.0,4471098.0,1317074497,-114.0,94
818656,22,2024-01-27 20:50:03,OPMC_LIFT,1141790000.0,226,226,228,4,0,4,50.02,0.8694999999999999,2024-01-27 20:50:08.000,2024-01-27 20:50:08.000,2024-01-27 20:50:08.000,647880861.0,4473491.0,1317091025,-109.0,94
818680,22,2024-01-27 21:00:03,OPMC_LIFT,1141800000.0,226,227,228,4,0,4,50.03,0.8662,2024-01-27 21:00:09.000,2024-01-27 21:00:09.000,2024-01-27 21:00:09.000,647881731.0,4473891.0,1317093790,-108.0,94
818713,22,2024-01-27 21:10:03,OPMC_LIFT,1141800000.0,227,227,229,4,0,4,50.05,0.8684,2024-01-27 21:10:11.000,2024-01-27 21:10:11.000,2024-01-27 21:10:11.000,647882605.0,4474291.0,1317096558,-109.0,94
818780,22,2024-01-27 21:40:03,OPMC_LIFT,1141810000.0,227,227,229,4,0,4,49.96,0.8673,2024-01-27 21:40:10.000,2024-01-27 21:40:10.000,2024-01-27 21:40:10.000,647885235.0,4475488.0,1317104907,-121.0,94
818805,22,2024-01-27 21:50:03,OPMC_LIFT,1141810000.0,228,228,230,4,0,4,50.04,0.8645999999999999,2024-01-27 21:50:12.000,2024-01-27 21:50:12.000,2024-01-27 21:50:12.000,647886118.0,4475888.0,1317107704,-109.0,94
818830,22,2024-01-27 22:00:03,OPMC_LIFT,1141810000.0,227,227,229,4,0,4,49.98,0.8693,2024-01-27 22:00:15.000,2024-01-27 22:00:15.000,2024-01-27 22:00:15.000,647887002.0,4476288.0,1317110501,-112.0,94
818880,22,2024-01-27 22:20:03,OPMC_LIFT,1141820000.0,228,228,230,4,0,4,49.97,0.8676999999999999,2024-01-27 22:20:14.000,2024-01-27 22:20:14.000,2024-01-27 22:20:14.000,647888765.0,4477085.0,1317116094,-107.0,94
818962,22,2024-01-27 22:50:03,OPMC_LIFT,1141820000.0,228,229,231,4,0,4,50.08,0.8669999999999999,2024-01-27 22:50:13.000,2024-01-27 22:50:13.000,2024-01-27 22:50:13.000,647891434.0,4478285.0,1317124529,-111.0,94
818989,22,2024-01-27 23:00:03,OPMC_LIFT,1141830000.0,228,228,230,4,0,4,49.99,0.8656999999999999,2024-01-27 23:00:11.000,2024-01-27 23:00:11.000,2024-01-27 23:00:11.000,647892326.0,4478682.0,1317127352,-107.0,94
819085,22,2024-01-27 23:40:03,OPMC_LIFT,1141840000.0,228,228,231,4,0,4,50.07,0.8650999999999999,2024-01-27 23:40:11.000,2024-01-27 23:40:11.000,2024-01-27 23:40:11.000,647895891.0,4480282.0,1317138625,-121.0,94
819159,22,2024-01-28 00:10:03,OPMC_LIFT,1141840000.0,229,229,231,4,0,4,50.07,0.8669999999999999,2024-01-28 00:10:13.000,2024-01-28 00:10:13.000,2024-01-28 00:10:13.000,647898579.0,4481482.0,1317147121,-112.0,94
819181,22,2024-01-28 00:20:03,OPMC_LIFT,1141850000.0,229,229,231,4,0,4,50.0,0.8644,2024-01-28 00:20:10.000,2024-01-28 00:20:10.000,2024-01-28 00:20:10.000,647899478.0,4481882.0,1317149953,-108.0,94
819266,22,2024-01-28 00:50:03,OPMC_LIFT,1141850000.0,229,230,232,4,0,4,50.04,0.8689999999999999,2024-01-28 00:50:14.000,2024-01-28 00:50:14.000,2024-01-28 00:50:14.000,647902179.0,4483078.0,1317158472,-112.0,94
819292,22,2024-01-28 01:00:03,OPMC_LIFT,1141860000.0,229,229,232,4,0,4,49.98,0.8654,2024-01-28 01:00:16.000,2024-01-28 01:00:16.000,2024-01-28 01:00:16.000,647903085.0,4483478.0,1317161323,-103.0,94
819399,22,2024-01-28 01:40:03,OPMC_LIFT,1141870000.0,227,227,230,4,0,4,50.05,0.8673,2024-01-28 01:40:10.000,2024-01-28 01:40:10.000,2024-01-28 01:40:10.000,647906650.0,4485078.0,1317172597,-108.0,94
819425,22,2024-01-28 01:50:03,OPMC_LIFT,1141870000.0,227,228,230,4,0,4,49.98,0.8644,2024-01-28 01:50:08.000,2024-01-28 01:50:08.000,2024-01-28 01:50:08.000,647907533.0,4485475.0,1317175393,-108.0,94
819480,22,2024-01-28 02:10:03,OPMC_LIFT,1141870000.0,227,228,230,4,0,4,50.0,0.8679999999999999,2024-01-28 02:10:10.000,2024-01-28 02:10:10.000,2024-01-28 02:10:10.000,647909299.0,4486275.0,1317180990,-112.0,94
819570,22,2024-01-28 02:46:25,OPMC_LIFT,1141880000.0,228,228,230,4,0,4,49.98,0.8706999999999999,2024-01-28 02:46:37.000,2024-01-28 02:46:37.000,2024-01-28 02:46:37.000,647912518.0,4487728.0,1317191189,-113.0,94
819620,22,2024-01-28 03:00:03,OPMC_LIFT,1141880000.0,228,228,230,4,0,4,50.02,0.8679999999999999,2024-01-28 03:00:11.000,2024-01-28 03:00:11.000,2024-01-28 03:00:11.000,647913731.0,4488272.0,1317195025,-102.0,94
819700,22,2024-01-28 03:30:03,OPMC_LIFT,1141890000.0,228,228,230,4,0,4,50.01,0.8670999999999999,2024-01-28 03:30:15.000,2024-01-28 03:30:15.000,2024-01-28 03:30:15.000,647916403.0,4489469.0,1317203483,-107.0,94
819769,22,2024-01-28 04:00:03,OPMC_LIFT,1141900000.0,228,229,231,4,0,4,50.02,0.8698999999999999,2024-01-28 04:00:10.000,2024-01-28 04:00:10.000,2024-01-28 04:00:10.000,647919078.0,4490666.0,1317211941,-121.0,94
819799,22,2024-01-28 04:10:03,OPMC_LIFT,1141900000.0,228,228,231,4,0,4,50.01,0.8673,2024-01-28 04:10:13.000,2024-01-28 04:10:13.000,2024-01-28 04:10:13.000,647919971.0,4491066.0,1317214766,-123.0,94
819877,22,2024-01-28 04:40:03,OPMC_LIFT,1141910000.0,228,228,230,4,0,4,50.06,0.8674,2024-01-28 04:40:13.000,2024-01-28 04:40:13.000,2024-01-28 04:40:13.000,647922646.0,4492266.0,1317223230,-113.0,94
819903,22,2024-01-28 04:50:03,OPMC_LIFT,1141910000.0,228,228,230,4,0,4,50.06,0.8702,2024-01-28 04:50:09.000,2024-01-28 04:50:09.000,2024-01-28 04:50:09.000,647923536.0,4492666.0,1317226053,-123.0,94
819932,22,2024-01-28 05:00:03,OPMC_LIFT,1141910000.0,228,228,230,4,0,4,50.0,0.8688999999999999,2024-01-28 05:00:11.000,2024-01-28 05:00:11.000,2024-01-28 05:00:11.000,647924426.0,4493066.0,1317228865,-109.0,94
819960,22,2024-01-28 05:10:03,OPMC_LIFT,1141920000.0,228,228,230,4,0,4,50.08,0.8709999999999999,2024-01-28 05:10:11.000,2024-01-28 05:10:11.000,2024-01-28 05:10:11.000,647925312.0,4493466.0,1317231678,-114.0,94
819983,22,2024-01-28 05:20:03,OPMC_LIFT,1141920000.0,228,228,230,4,0,4,49.96,0.8656999999999999,2024-01-28 05:20:16.000,2024-01-28 05:20:16.000,2024-01-28 05:20:16.000,647926202.0,4493866.0,1317234485,-114.0,94
820007,22,2024-01-28 05:30:03,OPMC_LIFT,1141920000.0,227,228,230,4,0,4,50.02,0.8676999999999999,2024-01-28 05:30:15.000,2024-01-28 05:30:15.000,2024-01-28 05:30:15.000,647927085.0,4494266.0,1317237294,-111.0,94
820027,22,2024-01-28 05:40:03,OPMC_LIFT,1141920000.0,227,228,230,4,0,4,49.99,0.8679999999999999,2024-01-28 05:40:11.000,2024-01-28 05:40:11.000,2024-01-28 05:40:11.000,647927968.0,4494666.0,1317240094,-109.0,94
820081,22,2024-01-28 06:00:03,OPMC_LIFT,1141930000.0,228,228,230,4,0,4,50.08,0.8674,2024-01-28 06:00:12.000,2024-01-28 06:00:12.000,2024-01-28 06:00:12.000,647929734.0,4495466.0,1317245697,-113.0,94
820105,22,2024-01-28 06:10:03,OPMC_LIFT,1141930000.0,227,228,230,4,0,4,50.02,0.8690999999999999,2024-01-28 06:10:11.000,2024-01-28 06:10:11.000,2024-01-28 06:10:11.000,647930618.0,4495866.0,1317248501,-109.0,94
820133,22,2024-01-28 06:20:03,OPMC_LIFT,1141930000.0,228,228,230,4,0,4,50.11,0.8697999999999999,2024-01-28 06:20:13.000,2024-01-28 06:20:13.000,2024-01-28 06:20:13.000,647931504.0,4496266.0,1317251301,-111.0,94
820214,22,2024-01-28 06:50:03,OPMC_LIFT,1141940000.0,228,228,230,4,0,4,50.03,0.8679999999999999,2024-01-28 06:50:13.000,2024-01-28 06:50:13.000,2024-01-28 06:50:13.000,647934150.0,4497466.0,1317259697,-111.0,94
820282,22,2024-01-28 07:20:03,OPMC_LIFT,1141950000.0,227,227,229,4,0,4,49.99,0.8675999999999999,2024-01-28 07:20:09.000,2024-01-28 07:20:09.000,2024-01-28 07:20:09.000,647936794.0,4498666.0,1317268078,-110.0,94
820329,22,2024-01-28 07:40:02,OPMC_LIFT,1141950000.0,226,227,229,4,0,4,50.0,0.8676999999999999,2024-01-28 07:40:11.000,2024-01-28 07:40:11.000,2024-01-28 07:40:11.000,647938544.0,4499462.0,1317273640,-109.0,94
820355,22,2024-01-28 07:50:03,OPMC_LIFT,1141960000.0,226,226,228,4,0,4,49.94,0.8692,2024-01-28 07:50:12.000,2024-01-28 07:50:12.000,2024-01-28 07:50:12.000,647939418.0,4499862.0,1317276411,-114.0,94
820378,22,2024-01-28 08:00:03,OPMC_LIFT,1141960000.0,226,227,228,4,0,4,50.03,0.8703,2024-01-28 08:00:11.000,2024-01-28 08:00:11.000,2024-01-28 08:00:11.000,647940285.0,4500262.0,1317279176,-111.0,94
820424,22,2024-01-28 08:20:03,OPMC_LIFT,1141960000.0,225,225,227,4,0,4,49.98,0.8713,2024-01-28 08:20:11.000,2024-01-28 08:20:11.000,2024-01-28 08:20:11.000,647942019.0,4501059.0,1317284689,-103.0,94
820504,22,2024-01-28 08:50:03,OPMC_LIFT,1141970000.0,226,227,229,4,0,4,50.01,0.8695999999999999,2024-01-28 08:50:15.000,2024-01-28 08:50:15.000,2024-01-28 08:50:15.000,647944653.0,4502256.0,1317293045,-111.0,94
820631,22,2024-01-28 09:40:03,OPMC_LIFT,1141980000.0,228,228,230,4,0,4,49.96,0.8683,2024-01-28 09:40:11.000,2024-01-28 09:40:11.000,2024-01-28 09:40:11.000,647948995.0,4504246.0,1317306853,-109.0,94
820706,22,2024-01-28 10:10:03,OPMC_LIFT,1141990000.0,227,227,229,4,0,4,49.95,0.8686999999999999,2024-01-28 10:10:12.000,2024-01-28 10:10:12.000,2024-01-28 10:10:12.000,647951645.0,4505446.0,1317315240,-111.0,94
820761,22,2024-01-28 10:38:20,OPMC_LIFT,1142000000.0,226,227,229,4,0,4,49.98,0.8674999999999999,2024-01-28 10:38:24.000,2024-01-28 10:38:24.000,2024-01-28 10:38:24.000,647954118.0,4506579.0,1317323093,-107.0,94
820828,22,2024-01-28 11:00:03,OPMC_LIFT,1142000000.0,227,227,229,4,0,4,50.06,0.8664,2024-01-28 11:00:11.000,2024-01-28 11:00:11.000,2024-01-28 11:00:11.000,647956016.0,4507450.0,1317329121,-111.0,94
820854,22,2024-01-28 11:10:03,OPMC_LIFT,1142000000.0,226,227,229,4,0,4,50.07,0.8686999999999999,2024-01-28 11:10:13.000,2024-01-28 11:10:13.000,2024-01-28 11:10:13.000,647956893.0,4507850.0,1317331905,-109.0,94
820932,22,2024-01-28 11:40:03,OPMC_LIFT,1142010000.0,227,227,229,4,0,4,49.94,0.8694999999999999,2024-01-28 11:40:10.000,2024-01-28 11:40:10.000,2024-01-28 11:40:10.000,647959514.0,4509053.0,1317340232,-111.0,94
820957,22,2024-01-28 11:50:03,OPMC_LIFT,1142010000.0,227,227,229,4,0,4,49.96,0.8673,2024-01-28 11:50:12.000,2024-01-28 11:50:12.000,2024-01-28 11:50:12.000,647960390.0,4509453.0,1317343013,-111.0,94
820987,22,2024-01-28 12:00:03,OPMC_LIFT,1142020000.0,227,227,229,4,0,4,50.03,0.8702,2024-01-28 12:00:14.000,2024-01-28 12:00:14.000,2024-01-28 12:00:14.000,647961267.0,4509853.0,1317345790,-109.0,94
821045,22,2024-01-28 12:20:02,OPMC_LIFT,1142020000.0,227,227,229,4,0,4,50.01,0.8668999999999999,2024-01-28 12:20:10.000,2024-01-28 12:20:10.000,2024-01-28 12:20:10.000,647963024.0,4510650.0,1317351358,-115.0,94
821069,22,2024-01-28 12:30:03,OPMC_LIFT,1142020000.0,227,227,229,4,0,4,50.05,0.8678999999999999,2024-01-28 12:30:09.000,2024-01-28 12:30:09.000,2024-01-28 12:30:09.000,647963898.0,4511050.0,1317354136,-108.0,94
821097,22,2024-01-28 12:40:03,OPMC_LIFT,1142030000.0,227,227,229,4,0,4,50.02,0.8693,2024-01-28 12:40:13.000,2024-01-28 12:40:13.000,2024-01-28 12:40:13.000,647964774.0,4511450.0,1317356917,-111.0,94
821124,22,2024-01-28 12:50:02,OPMC_LIFT,1142030000.0,226,227,228,4,0,4,50.0,0.8692,2024-01-28 12:50:13.000,2024-01-28 12:50:13.000,2024-01-28 12:50:13.000,647965651.0,4511850.0,1317359688,-114.0,94
821156,22,2024-01-28 13:00:03,OPMC_LIFT,1142030000.0,226,226,228,4,0,4,49.98,0.8674999999999999,2024-01-28 13:00:14.000,2024-01-28 13:00:14.000,2024-01-28 13:00:14.000,647966522.0,4512246.0,1317362456,-111.0,94
821204,22,2024-01-28 13:20:03,OPMC_LIFT,1142030000.0,226,226,228,4,0,4,50.05,0.8684999999999999,2024-01-28 13:20:15.000,2024-01-28 13:20:15.000,2024-01-28 13:20:15.000,647968262.0,4513046.0,1317367979,-103.0,94
821280,22,2024-01-28 13:50:03,OPMC_LIFT,1142040000.0,226,226,228,4,0,4,49.97,0.8704999999999999,2024-01-28 13:50:10.000,2024-01-28 13:50:10.000,2024-01-28 13:50:10.000,647970870.0,4514240.0,1317376251,-112.0,94
821309,22,2024-01-28 14:00:03,OPMC_LIFT,1142040000.0,226,227,228,4,0,4,50.02,0.8693,2024-01-28 14:00:10.000,2024-01-28 14:00:10.000,2024-01-28 14:00:10.000,647971741.0,4514640.0,1317379016,-103.0,94
821363,22,2024-01-28 14:20:03,OPMC_LIFT,1142050000.0,226,227,228,4,0,4,50.08,0.8684999999999999,2024-01-28 14:20:11.000,2024-01-28 14:20:11.000,2024-01-28 14:20:11.000,647973482.0,4515440.0,1317384549,-115.0,94
821384,22,2024-01-28 14:30:03,OPMC_LIFT,1142050000.0,226,227,229,4,0,4,49.99,0.8677999999999999,2024-01-28 14:30:07.000,2024-01-28 14:30:07.000,2024-01-28 14:30:07.000,647974352.0,4515837.0,1317387307,-111.0,94
821428,22,2024-01-28 14:40:03,OPMC_LIFT,1142050000.0,226,227,229,4,0,4,49.98,0.8675999999999999,2024-01-28 14:40:10.000,2024-01-28 14:40:10.000,2024-01-28 14:40:10.000,647975226.0,4516237.0,1317390078,-105.0,94
821487,22,2024-01-28 15:00:03,OPMC_LIFT,1142060000.0,227,227,229,4,0,4,50.06,0.8690999999999999,2024-01-28 15:00:11.000,2024-01-28 15:00:11.000,2024-01-28 15:00:11.000,647976973.0,4517034.0,1317395624,-112.0,94
821509,22,2024-01-28 15:10:03,OPMC_LIFT,1142060000.0,227,227,229,4,0,4,49.98,0.8675999999999999,2024-01-28 15:10:09.000,2024-01-28 15:10:09.000,2024-01-28 15:10:09.000,647977850.0,4517434.0,1317398401,-111.0,94
821543,22,2024-01-28 15:20:03,OPMC_LIFT,1142060000.0,226,227,228,4,0,4,50.03,0.8680999999999999,2024-01-28 15:20:13.000,2024-01-28 15:20:13.000,2024-01-28 15:20:13.000,647978723.0,4517830.0,1317401169,-111.0,94
821596,22,2024-01-28 15:40:03,OPMC_LIFT,1142070000.0,227,227,229,4,0,4,50.05,0.8674,2024-01-28 15:40:09.000,2024-01-28 15:40:09.000,2024-01-28 15:40:09.000,647980483.0,4518630.0,1317406741,-112.0,94
821617,22,2024-01-28 15:50:03,OPMC_LIFT,1142070000.0,227,227,229,4,0,4,49.95,0.8680999999999999,2024-01-28 15:50:06.000,2024-01-28 15:50:06.000,2024-01-28 15:50:06.000,647981363.0,4519030.0,1317409528,-121.0,94
821655,22,2024-01-28 16:00:03,OPMC_LIFT,1142070000.0,227,227,229,4,0,4,49.99,0.8668999999999999,2024-01-28 16:00:14.000,2024-01-28 16:00:14.000,2024-01-28 16:00:14.000,647982243.0,4519430.0,1317412318,-121.0,94
821676,22,2024-01-28 16:10:03,OPMC_LIFT,1142080000.0,227,228,229,4,0,4,49.95,0.8710999999999999,2024-01-28 16:10:10.000,2024-01-28 16:10:10.000,2024-01-28 16:10:10.000,647983126.0,4519827.0,1317415112,-114.0,94
821704,22,2024-01-28 16:20:03,OPMC_LIFT,1142080000.0,227,228,230,4,0,4,49.94,0.8676999999999999,2024-01-28 16:20:16.000,2024-01-28 16:20:16.000,2024-01-28 16:20:16.000,647984010.0,4520227.0,1317417905,-113.0,94
821731,22,2024-01-28 16:30:03,OPMC_LIFT,1142080000.0,227,227,229,4,0,4,49.93,0.8679999999999999,2024-01-28 16:30:13.000,2024-01-28 16:30:13.000,2024-01-28 16:30:13.000,647984893.0,4520627.0,1317420693,-111.0,94
821759,22,2024-01-28 16:40:03,OPMC_LIFT,1142080000.0,227,228,229,4,0,4,49.94,0.8664,2024-01-28 16:40:14.000,2024-01-28 16:40:14.000,2024-01-28 16:40:14.000,647985773.0,4521027.0,1317423489,-103.0,94
821785,22,2024-01-28 16:50:03,OPMC_LIFT,1142090000.0,227,228,229,4,0,4,49.99,0.8708999999999999,2024-01-28 16:50:08.000,2024-01-28 16:50:08.000,2024-01-28 16:50:08.000,647986656.0,4521424.0,1317426283,-114.0,94
821818,22,2024-01-28 17:00:03,OPMC_LIFT,1142090000.0,227,228,230,4,0,4,49.98,0.8653,2024-01-28 17:00:15.000,2024-01-28 17:00:15.000,2024-01-28 17:00:15.000,647987539.0,4521824.0,1317429073,-114.0,94
821868,22,2024-01-28 17:20:03,OPMC_LIFT,1142090000.0,228,228,230,4,0,4,50.05,0.8677999999999999,2024-01-28 17:20:08.000,2024-01-28 17:20:08.000,2024-01-28 17:20:08.000,647989312.0,4522624.0,1317434677,-102.0,94
821930,22,2024-01-28 17:40:03,OPMC_LIFT,1142100000.0,228,228,230,4,0,4,49.98,0.8684,2024-01-28 17:40:12.000,2024-01-28 17:40:12.000,2024-01-28 17:40:12.000,647991088.0,4523424.0,1317440286,-112.0,94
821983,22,2024-01-28 18:00:03,OPMC_LIFT,1142100000.0,228,228,230,4,0,4,49.95,0.8659999999999999,2024-01-28 18:00:12.000,2024-01-28 18:00:12.000,2024-01-28 18:00:12.000,647992864.0,4524221.0,1317445899,-103.0,94
822030,22,2024-01-28 18:20:03,OPMC_LIFT,1142110000.0,228,228,230,4,0,4,49.99,0.8690999999999999,2024-01-28 18:20:11.000,2024-01-28 18:20:11.000,2024-01-28 18:20:11.000,647994643.0,4525021.0,1317451521,-108.0,94
822059,22,2024-01-28 18:30:03,OPMC_LIFT,1142110000.0,228,228,230,4,0,4,50.02,0.8688999999999999,2024-01-28 18:30:14.000,2024-01-28 18:30:14.000,2024-01-28 18:30:14.000,647995533.0,4525421.0,1317454331,-108.0,94
822095,22,2024-01-28 18:45:49,OPMC_LIFT,1142110000.0,228,228,230,4,0,4,49.96,0.8672,2024-01-28 18:45:59.000,2024-01-28 18:45:59.000,2024-01-28 18:45:59.000,647996938.0,4526048.0,1317458763,-109.0,94
822134,22,2024-01-28 19:00:03,OPMC_LIFT,1142120000.0,228,229,231,4,0,4,49.95,0.8669999999999999,2024-01-28 19:00:11.000,2024-01-28 19:00:11.000,2024-01-28 19:00:11.000,647998208.0,4526618.0,1317462782,-114.0,94
822187,22,2024-01-28 19:20:03,OPMC_LIFT,1142120000.0,229,229,231,4,0,4,50.04,0.8677999999999999,2024-01-28 19:20:10.000,2024-01-28 19:20:10.000,2024-01-28 19:20:10.000,648000003.0,4527418.0,1317468437,-109.0,94
822215,22,2024-01-28 19:30:03,OPMC_LIFT,1142120000.0,229,229,231,4,0,4,50.02,0.8700999999999999,2024-01-28 19:30:12.000,2024-01-28 19:30:12.000,2024-01-28 19:30:12.000,648000899.0,4527818.0,1317471265,-109.0,94
822272,22,2024-01-28 19:50:03,OPMC_LIFT,1142130000.0,229,229,231,4,0,4,50.05,0.8629999999999999,2024-01-28 19:50:12.000,2024-01-28 19:50:12.000,2024-01-28 19:50:12.000,648002698.0,4528621.0,1317476942,-113.0,94
822298,22,2024-01-28 20:00:03,OPMC_LIFT,1142130000.0,229,230,232,4,0,4,50.06,0.8650999999999999,2024-01-28 20:00:12.000,2024-01-28 20:00:12.000,2024-01-28 20:00:12.000,648003597.0,4529021.0,1317479784,-111.0,94
822357,22,2024-01-28 20:20:03,OPMC_LIFT,1142140000.0,230,230,232,4,0,4,50.06,0.8660999999999999,2024-01-28 20:20:13.000,2024-01-28 20:20:13.000,2024-01-28 20:20:13.000,648005405.0,4529824.0,1317485480,-115.0,94
822377,22,2024-01-28 20:30:03,OPMC_LIFT,1142140000.0,229,230,232,4,0,4,49.98,0.8675999999999999,2024-01-28 20:30:08.000,2024-01-28 20:30:08.000,2024-01-28 20:30:08.000,648006310.0,4530227.0,1317488337,-113.0,94
822406,22,2024-01-28 20:40:03,OPMC_LIFT,1142140000.0,230,230,232,4,0,4,50.06,0.8673,2024-01-28 20:40:11.000,2024-01-28 20:40:11.000,2024-01-28 20:40:11.000,648007213.0,4530630.0,1317491189,-109.0,94
822435,22,2024-01-28 20:50:03,OPMC_LIFT,1142140000.0,230,230,232,4,0,4,50.11,0.8697999999999999,2024-01-28 20:50:09.000,2024-01-28 20:50:09.000,2024-01-28 20:50:09.000,648008122.0,4531034.0,1317494046,-101.0,94
822464,22,2024-01-28 21:00:03,OPMC_LIFT,1142150000.0,230,230,232,4,0,4,50.05,0.8692,2024-01-28 21:00:12.000,2024-01-28 21:00:12.000,2024-01-28 21:00:12.000,648009027.0,4531437.0,1317496904,-115.0,94
822543,22,2024-01-28 21:30:03,OPMC_LIFT,1142150000.0,228,229,231,4,0,4,50.04,0.8666999999999999,2024-01-28 21:30:10.000,2024-01-28 21:30:10.000,2024-01-28 21:30:10.000,648011725.0,4532640.0,1317505429,-114.0,94
822596,22,2024-01-28 21:50:03,OPMC_LIFT,1142160000.0,229,229,231,4,0,4,49.98,0.8675999999999999,2024-01-28 21:50:07.000,2024-01-28 21:50:07.000,2024-01-28 21:50:07.000,648013520.0,4533443.0,1317511093,-110.0,94
822633,22,2024-01-28 22:00:03,OPMC_LIFT,1142160000.0,228,229,231,4,0,4,50.02,0.8683,2024-01-28 22:00:12.000,2024-01-28 22:00:12.000,2024-01-28 22:00:12.000,648014416.0,4533843.0,1317513925,-108.0,94
822653,22,2024-01-28 22:10:03,OPMC_LIFT,1142160000.0,229,229,231,4,0,4,50.03,0.8675999999999999,2024-01-28 22:10:09.000,2024-01-28 22:10:09.000,2024-01-28 22:10:09.000,648015312.0,4534243.0,1317516753,-115.0,94
822705,22,2024-01-28 22:30:03,OPMC_LIFT,1142170000.0,229,229,231,4,0,4,50.01,0.8708999999999999,2024-01-28 22:30:11.000,2024-01-28 22:30:11.000,2024-01-28 22:30:11.000,648017107.0,4535043.0,1317522427,-110.0,94
822764,22,2024-01-28 22:50:03,OPMC_LIFT,1142170000.0,230,230,232,4,0,4,50.0,0.8668999999999999,2024-01-28 22:50:12.000,2024-01-28 22:50:12.000,2024-01-28 22:50:12.000,648018915.0,4535846.0,1317528129,-113.0,94
822782,22,2024-01-28 23:00:03,OPMC_LIFT,1142180000.0,230,230,232,4,0,4,49.99,0.8668999999999999,2024-01-28 23:00:10.000,2024-01-28 23:00:10.000,2024-01-28 23:00:10.000,648019824.0,4536246.0,1317530990,-115.0,94
822810,22,2024-01-28 23:10:03,OPMC_LIFT,1142180000.0,230,230,232,4,0,4,50.05,0.8656999999999999,2024-01-28 23:10:10.000,2024-01-28 23:10:10.000,2024-01-28 23:10:10.000,648020733.0,4536650.0,1317533854,-111.0,94
822833,22,2024-01-28 23:20:03,OPMC_LIFT,1142180000.0,230,230,232,4,0,4,50.05,0.8666999999999999,2024-01-28 23:20:11.000,2024-01-28 23:20:11.000,2024-01-28 23:20:11.000,648021642.0,4537050.0,1317536715,-105.0,94
822915,22,2024-01-28 23:50:03,OPMC_LIFT,1142190000.0,230,230,232,4,0,4,50.04,0.8676999999999999,2024-01-28 23:50:10.000,2024-01-28 23:50:10.000,2024-01-28 23:50:10.000,648024368.0,4538253.0,1317545297,-113.0,94
822967,22,2024-01-29 00:10:03,OPMC_LIFT,1142190000.0,230,230,232,4,0,4,49.99,0.8660999999999999,2024-01-29 00:10:12.000,2024-01-29 00:10:12.000,2024-01-29 00:10:12.000,648026189.0,4539056.0,1317551035,-114.0,94
822992,22,2024-01-29 00:20:03,OPMC_LIFT,1142200000.0,230,231,233,4,0,4,50.04,0.8670999999999999,2024-01-29 00:20:09.000,2024-01-29 00:20:09.000,2024-01-29 00:20:09.000,648027101.0,4539459.0,1317553902,-113.0,94
823021,22,2024-01-29 00:30:03,OPMC_LIFT,1142200000.0,230,231,233,4,0,4,50.02,0.8658999999999999,2024-01-29 00:30:09.000,2024-01-29 00:30:09.000,2024-01-29 00:30:09.000,648028016.0,4539859.0,1317556776,-111.0,94
823045,22,2024-01-29 00:40:03,OPMC_LIFT,1142200000.0,231,231,233,4,0,4,50.07,0.8676999999999999,2024-01-29 00:40:08.000,2024-01-29 00:40:08.000,2024-01-29 00:40:08.000,648028931.0,4540262.0,1317559649,-121.0,94
823072,22,2024-01-29 00:50:03,OPMC_LIFT,1142200000.0,231,231,233,4,0,4,50.04,0.8653,2024-01-29 00:50:10.000,2024-01-29 00:50:10.000,2024-01-29 00:50:10.000,648029846.0,4540666.0,1317562533,-111.0,94
823099,22,2024-01-29 01:00:03,OPMC_LIFT,1142210000.0,231,231,233,4,0,4,50.07,0.8689999999999999,2024-01-29 01:00:12.000,2024-01-29 01:00:12.000,2024-01-29 01:00:12.000,648030765.0,4541066.0,1317565413,-115.0,94
823130,22,2024-01-29 01:10:03,OPMC_LIFT,1142210000.0,231,231,233,4,0,4,50.1,0.8667999999999999,2024-01-29 01:10:14.000,2024-01-29 01:10:14.000,2024-01-29 01:10:14.000,648031683.0,4541469.0,1317568302,-109.0,94
823156,22,2024-01-29 01:20:03,OPMC_LIFT,1142210000.0,229,229,231,4,0,4,50.09,0.8664999999999999,2024-01-29 01:20:10.000,2024-01-29 01:20:10.000,2024-01-29 01:20:10.000,648032595.0,4541872.0,1317571173,-109.0,94
823183,22,2024-01-29 01:30:03,OPMC_LIFT,1142210000.0,228,229,231,4,0,4,50.06,0.8685999999999999,2024-01-29 01:30:11.000,2024-01-29 01:30:11.000,2024-01-29 01:30:11.000,648033488.0,4542272.0,1317573998,-108.0,94
823266,22,2024-01-29 02:00:03,OPMC_LIFT,1142220000.0,229,229,231,4,0,4,50.05,0.8652,2024-01-29 02:00:13.000,2024-01-29 02:00:13.000,2024-01-29 02:00:13.000,648036176.0,4543475.0,1317582485,-111.0,94
823318,22,2024-01-29 02:20:03,OPMC_LIFT,1142230000.0,229,229,231,4,0,4,50.07,0.8690999999999999,2024-01-29 02:20:12.000,2024-01-29 02:20:12.000,2024-01-29 02:20:12.000,648037968.0,4544278.0,1317588149,-113.0,94
823353,22,2024-01-29 02:37:41,OPMC_LIFT,1142230000.0,229,229,231,4,0,4,50.02,0.8685999999999999,2024-01-29 02:37:51.000,2024-01-29 02:37:51.000,2024-01-29 02:37:51.000,648039555.0,4544986.0,1317593153,-111.0,94
823368,22,2024-01-29 02:40:03,OPMC_LIFT,1142230000.0,229,229,231,4,0,4,50.05,0.8672,2024-01-29 02:40:10.000,2024-01-29 02:40:10.000,2024-01-29 02:40:10.000,648039766.0,4545078.0,1317593825,-109.0,94
823395,22,2024-01-29 02:50:03,OPMC_LIFT,1142230000.0,229,229,232,4,0,4,50.03,0.8705999999999999,2024-01-29 02:50:12.000,2024-01-29 02:50:12.000,2024-01-29 02:50:12.000,648040669.0,4545482.0,1317596667,-111.0,94
823446,22,2024-01-29 03:10:03,OPMC_LIFT,1142240000.0,229,230,232,4,0,4,50.05,0.8695999999999999,2024-01-29 03:10:10.000,2024-01-29 03:10:10.000,2024-01-29 03:10:10.000,648042474.0,4546282.0,1317602357,-109.0,94
823476,22,2024-01-29 03:20:03,OPMC_LIFT,1142240000.0,229,230,232,4,0,4,50.02,0.8687999999999999,2024-01-29 03:20:12.000,2024-01-29 03:20:12.000,2024-01-29 03:20:12.000,648043376.0,4546682.0,1317605208,-96.0,94
823506,22,2024-01-29 03:30:03,OPMC_LIFT,1142240000.0,229,230,232,4,0,4,50.07,0.8683,2024-01-29 03:30:15.000,2024-01-29 03:30:15.000,2024-01-29 03:30:15.000,648044282.0,4547085.0,1317608059,-110.0,94
823600,22,2024-01-29 04:10:03,OPMC_LIFT,1142250000.0,229,230,232,4,0,4,50.05,0.8667999999999999,2024-01-29 04:10:12.000,2024-01-29 04:10:12.000,2024-01-29 04:10:12.000,648047904.0,4548688.0,1317619467,-113.0,94
823645,22,2024-01-29 04:30:03,OPMC_LIFT,1142260000.0,229,229,231,4,0,4,49.96,0.8674,2024-01-29 04:30:07.000,2024-01-29 04:30:07.000,2024-01-29 04:30:07.000,648049709.0,4549491.0,1317625153,-111.0,94
823673,22,2024-01-29 04:40:03,OPMC_LIFT,1142260000.0,229,229,231,4,0,4,50.07,0.8704999999999999,2024-01-29 04:40:08.000,2024-01-29 04:40:08.000,2024-01-29 04:40:08.000,648050605.0,4549891.0,1317627989,-102.0,94
823701,22,2024-01-29 04:50:03,OPMC_LIFT,1142260000.0,229,229,231,4,0,4,50.07,0.8692,2024-01-29 04:50:10.000,2024-01-29 04:50:10.000,2024-01-29 04:50:10.000,648051501.0,4550294.0,1317630821,-113.0,94
823730,22,2024-01-29 05:00:03,OPMC_LIFT,1142270000.0,228,229,231,4,0,4,49.99,0.8680999999999999,2024-01-29 05:00:09.000,2024-01-29 05:00:09.000,2024-01-29 05:00:09.000,648052394.0,4550694.0,1317633646,-113.0,94
823756,22,2024-01-29 05:10:03,OPMC_LIFT,1142270000.0,227,228,230,4,0,4,49.93,0.8670999999999999,2024-01-29 05:10:08.000,2024-01-29 05:10:08.000,2024-01-29 05:10:08.000,648053283.0,4551094.0,1317636456,-112.0,94
823782,22,2024-01-29 05:20:03,OPMC_LIFT,1142270000.0,227,227,229,4,0,4,49.95,0.8685999999999999,2024-01-29 05:20:08.000,2024-01-29 05:20:08.000,2024-01-29 05:20:08.000,648054166.0,4551494.0,1317639249,-107.0,94
823862,22,2024-01-29 05:50:03,OPMC_LIFT,1142280000.0,225,226,228,4,0,4,50.03,0.8684,2024-01-29 05:50:12.000,2024-01-29 05:50:12.000,2024-01-29 05:50:12.000,648056781.0,4552691.0,1317647550,-109.0,94
823888,22,2024-01-29 06:00:03,OPMC_LIFT,1142280000.0,225,226,227,4,0,4,49.96,0.8674,2024-01-29 06:00:09.000,2024-01-29 06:00:09.000,2024-01-29 06:00:09.000,648057642.0,4553091.0,1317650293,-103.0,94
823912,22,2024-01-29 06:10:03,OPMC_LIFT,1142280000.0,226,227,229,4,0,4,50.02,0.8674,2024-01-29 06:10:06.000,2024-01-29 06:10:06.000,2024-01-29 06:10:06.000,648058512.0,4553491.0,1317653061,-113.0,94
823942,22,2024-01-29 06:20:03,OPMC_LIFT,1142280000.0,226,227,228,4,0,4,50.02,0.8686999999999999,2024-01-29 06:20:13.000,2024-01-29 06:20:13.000,2024-01-29 06:20:13.000,648059382.0,4553891.0,1317655829,-113.0,94
823973,22,2024-01-29 06:30:03,OPMC_LIFT,1142290000.0,225,226,227,4,0,3,49.97,0.8686999999999999,2024-01-29 06:30:13.000,2024-01-29 06:30:13.000,2024-01-29 06:30:13.000,648060246.0,4554291.0,1317658581,-111.0,94
824009,22,2024-01-29 06:40:03,OPMC_LIFT,1142290000.0,227,228,229,4,0,4,49.98,0.8684,2024-01-29 06:40:13.000,2024-01-29 06:40:13.000,2024-01-29 06:40:13.000,648061107.0,4554688.0,1317661323,-101.0,94
824080,22,2024-01-29 07:10:03,OPMC_LIFT,1142300000.0,225,226,227,4,0,4,49.98,0.8677999999999999,2024-01-29 07:10:15.000,2024-01-29 07:10:15.000,2024-01-29 07:10:15.000,648063725.0,4555888.0,1317669630,-108.0,94
824100,22,2024-01-29 07:20:03,OPMC_LIFT,1142300000.0,225,227,228,4,0,4,50.11,0.8694,2024-01-29 07:20:08.000,2024-01-29 07:20:08.000,2024-01-29 07:20:08.000,648064586.0,4556285.0,1317672366,-109.0,94
824177,22,2024-01-29 07:50:03,OPMC_LIFT,1142310000.0,226,227,229,4,0,4,50.01,0.8697999999999999,2024-01-29 07:50:08.000,2024-01-29 07:50:08.000,2024-01-29 07:50:08.000,648067155.0,4557485.0,1317680561,-109.0,94
824198,22,2024-01-29 08:00:03,OPMC_LIFT,1142310000.0,226,227,228,4,0,4,50.0,0.8689999999999999,2024-01-29 08:00:07.000,2024-01-29 08:00:07.000,2024-01-29 08:00:07.000,648068029.0,4557882.0,1317683333,-103.0,94
824222,22,2024-01-29 08:10:02,OPMC_LIFT,1142310000.0,229,230,231,4,0,4,49.94,0.8684999999999999,2024-01-29 08:10:05.000,2024-01-29 08:10:05.000,2024-01-29 08:10:05.000,648068925.0,4558282.0,1317686152,-113.0,94
824278,22,2024-01-29 08:30:03,OPMC_LIFT,1142320000.0,226,226,228,4,0,4,49.97,0.8676999999999999,2024-01-29 08:30:09.000,2024-01-29 08:30:09.000,2024-01-29 08:30:09.000,648070669.0,4559082.0,1317691685,-109.0,94
824303,22,2024-01-29 08:40:03,OPMC_LIFT,1142320000.0,226,226,228,4,0,4,49.95,0.8677999999999999,2024-01-29 08:40:08.000,2024-01-29 08:40:08.000,2024-01-29 08:40:08.000,648071536.0,4559478.0,1317694437,-108.0,94
824328,22,2024-01-29 08:50:03,OPMC_LIFT,1142320000.0,225,226,227,4,0,4,50.0,0.8655999999999999,2024-01-29 08:50:11.000,2024-01-29 08:50:11.000,2024-01-29 08:50:11.000,648072403.0,4559878.0,1317697182,-107.0,94
824384,22,2024-01-29 09:10:03,OPMC_LIFT,1142330000.0,224,225,226,4,0,3,50.01,0.8675999999999999,2024-01-29 09:10:11.000,2024-01-29 09:10:11.000,2024-01-29 09:10:11.000,648074118.0,4560678.0,1317702648,-111.0,94
824417,22,2024-01-29 09:20:03,OPMC_LIFT,1142330000.0,224,225,226,4,0,3,49.96,0.8683,2024-01-29 09:20:13.000,2024-01-29 09:20:13.000,2024-01-29 09:20:13.000,648074973.0,4561075.0,1317705365,-108.0,94
824439,22,2024-01-29 09:30:03,OPMC_LIFT,1142330000.0,226,227,228,4,0,4,49.97,0.8689999999999999,2024-01-29 09:30:15.000,2024-01-29 09:30:15.000,2024-01-29 09:30:15.000,648075824.0,4561475.0,1317708075,-114.0,94
824591,22,2024-01-29 10:30:03,OPMC_LIFT,1143190000.0,219,221,223,339,360,360,49.94,0.8686999999999999,2024-01-29 10:30:12.000,2024-01-29 10:30:12.000,2024-01-29 10:30:12.000,648580432.0,4562720.0,1318711153,-109.0,94
824622,22,2024-01-29 10:45:08,OPMC_LIFT,1143690000.0,220,222,223,324,344,345,49.94,0.8632,2024-01-29 10:45:20.000,2024-01-29 10:45:20.000,2024-01-29 10:45:20.000,648867152.0,4562720.0,1319286817,-111.0,94
824635,22,2024-01-29 10:50:03,OPMC_LIFT,1143850000.0,220,222,223,324,344,345,50.04,0.8652,2024-01-29 10:50:07.000,2024-01-29 10:50:07.000,2024-01-29 10:50:07.000,648959395.0,4562720.0,1319470645,-109.0,94
824664,22,2024-01-29 11:00:03,OPMC_LIFT,1144170000.0,220,222,223,322,341,341,49.96,0.8631,2024-01-29 11:00:10.000,2024-01-29 11:00:10.000,2024-01-29 11:00:10.000,649146531.0,4562720.0,1319843109,-99.0,94
824690,22,2024-01-29 11:10:03,OPMC_LIFT,1144490000.0,220,222,223,320,339,340,49.99,0.8634,2024-01-29 11:10:13.000,2024-01-29 11:10:13.000,2024-01-29 11:10:13.000,649333059.0,4562720.0,1320213825,-114.0,94
824738,22,2024-01-29 11:30:03,OPMC_LIFT,1145130000.0,220,222,223,322,341,342,49.97,0.8632,2024-01-29 11:30:11.000,2024-01-29 11:30:11.000,2024-01-29 11:30:11.000,649705546.0,4562720.0,1320953685,-109.0,94
824790,22,2024-01-29 11:50:03,OPMC_LIFT,1145770000.0,221,223,225,323,342,344,50.03,0.8621,2024-01-29 11:50:11.000,2024-01-29 11:50:11.000,2024-01-29 11:50:11.000,650082157.0,4562720.0,1321698917,-117.0,94
824816,22,2024-01-29 12:00:03,OPMC_LIFT,1146100000.0,223,225,226,321,341,344,50.07,0.8574999999999999,2024-01-29 12:00:12.000,2024-01-29 12:00:12.000,2024-01-29 12:00:12.000,650272970.0,4562720.0,1322073733,-112.0,94
824842,22,2024-01-29 12:10:03,OPMC_LIFT,1146420000.0,223,225,227,319,338,340,50.01,0.8566999999999999,2024-01-29 12:10:15.000,2024-01-29 12:10:15.000,2024-01-29 12:10:15.000,650466746.0,4562720.0,1322450136,-109.0,94
824864,22,2024-01-29 12:20:03,OPMC_LIFT,1146740000.0,223,225,226,318,337,340,49.94,0.8563,2024-01-29 12:20:09.000,2024-01-29 12:20:09.000,2024-01-29 12:20:09.000,650659850.0,4562720.0,1322823937,-102.0,94
824898,22,2024-01-29 12:30:03,OPMC_LIFT,1147060000.0,223,225,226,320,339,342,49.94,0.8576999999999999,2024-01-29 12:30:15.000,2024-01-29 12:30:15.000,2024-01-29 12:30:15.000,650852643.0,4562720.0,1323199173,-105.0,94
824947,22,2024-01-29 12:50:03,OPMC_LIFT,1147710000.0,222,224,226,325,346,348,50.06,0.8614999999999999,2024-01-29 12:50:13.000,2024-01-29 12:50:13.000,2024-01-29 12:50:13.000,651238861.0,4562720.0,1323955569,-109.0,94
824966,22,2024-01-29 13:00:03,OPMC_LIFT,1148040000.0,221,223,225,332,351,355,50.04,0.8649999999999999,2024-01-29 13:00:14.000,2024-01-29 13:00:14.000,2024-01-29 13:00:14.000,651431296.0,4562720.0,1324336309,-109.0,94
824990,22,2024-01-29 13:10:03,OPMC_LIFT,1148370000.0,219,221,223,332,351,352,50.02,0.8684999999999999,2024-01-29 13:10:13.000,2024-01-29 13:10:13.000,2024-01-29 13:10:13.000,651622147.0,4562720.0,1324720123,-108.0,94
825011,22,2024-01-29 13:20:03,OPMC_LIFT,1148700000.0,218,221,222,332,352,353,50.01,0.8697999999999999,2024-01-29 13:20:09.000,2024-01-29 13:20:09.000,2024-01-29 13:20:09.000,651810170.0,4562720.0,1325101509,-113.0,94
825036,22,2024-01-29 13:30:03,OPMC_LIFT,1149040000.0,218,220,221,334,353,354,49.93,0.8700999999999999,2024-01-29 13:30:06.000,2024-01-29 13:30:06.000,2024-01-29 13:30:06.000,651997744.0,4562720.0,1325483400,-111.0,94
825189,22,2024-01-29 14:30:03,OPMC_LIFT,1151060000.0,221,223,225,337,356,359,50.02,0.8654,2024-01-29 14:30:11.000,2024-01-29 14:30:11.000,2024-01-29 14:30:11.000,653162755.0,4562720.0,1327819281,-112.0,94
825255,22,2024-01-29 14:50:03,OPMC_LIFT,1151750000.0,221,223,225,350,369,371,50.0,0.8684999999999999,2024-01-29 14:50:14.000,2024-01-29 14:50:14.000,2024-01-29 14:50:14.000,653556678.0,4562720.0,1328613249,-111.0,94
825341,22,2024-01-29 15:30:03,OPMC_LIFT,1153120000.0,221,223,224,339,358,359,49.95,0.8665999999999999,2024-01-29 15:30:06.000,2024-01-29 15:30:06.000,2024-01-29 15:30:06.000,654343507.0,4562720.0,1330196801,-107.0,94
825399,22,2024-01-29 15:50:03,OPMC_LIFT,1153800000.0,222,224,225,339,359,360,50.02,0.8659999999999999,2024-01-29 15:50:13.000,2024-01-29 15:50:13.000,2024-01-29 15:50:13.000,654735558.0,4562720.0,1330983477,-98.0,94
825441,22,2024-01-29 16:10:03,OPMC_LIFT,1154240000.0,228,229,231,3,0,3,49.97,0.4699,2024-01-29 16:10:09.000,2024-01-29 16:10:09.000,2024-01-29 16:10:09.000,654989290.0,4562925.0,1331490833,-112.0,94
825503,22,2024-01-29 16:30:03,OPMC_LIFT,1154250000.0,229,229,231,3,0,3,50.01,0.4696999999999999,2024-01-29 16:30:14.000,2024-01-29 16:30:14.000,2024-01-29 16:30:14.000,654990982.0,4563603.0,1331496049,-111.0,94
825526,22,2024-01-29 16:40:03,OPMC_LIFT,1154250000.0,229,230,232,5,0,4,50.06,0.8727999999999999,2024-01-29 16:40:13.000,2024-01-29 16:40:13.000,2024-01-29 16:40:13.000,654992029.0,4564150.0,1331499470,-111.0,94
825550,22,2024-01-29 16:50:03,OPMC_LIFT,1154250000.0,229,230,232,5,0,4,49.97,0.8698999999999999,2024-01-29 16:50:09.000,2024-01-29 16:50:09.000,2024-01-29 16:50:09.000,654993165.0,4564778.0,1331503230,-109.0,94
825572,22,2024-01-29 17:00:03,OPMC_LIFT,1154260000.0,228,229,230,4,0,4,50.05,0.8663,2024-01-29 17:00:09.000,2024-01-29 17:00:09.000,2024-01-29 17:00:09.000,654994250.0,4565363.0,1331506789,-123.0,94
825696,22,2024-01-29 17:50:03,OPMC_LIFT,1154270000.0,229,229,231,4,0,4,50.0,0.8676999999999999,2024-01-29 17:50:13.000,2024-01-29 17:50:13.000,2024-01-29 17:50:13.000,654998758.0,4567347.0,1331520958,-113.0,94
825776,22,2024-01-29 18:20:03,OPMC_LIFT,1154280000.0,229,230,231,4,0,4,49.99,0.8657999999999999,2024-01-29 18:20:12.000,2024-01-29 18:20:12.000,2024-01-29 18:20:12.000,655001469.0,4568538.0,1331529467,-105.0,94
825801,22,2024-01-29 18:30:03,OPMC_LIFT,1154280000.0,229,230,231,4,0,4,49.96,0.8696999999999999,2024-01-29 18:30:14.000,2024-01-29 18:30:14.000,2024-01-29 18:30:14.000,655002374.0,4568931.0,1331532309,-111.0,94
825809,22,2024-01-29 18:38:25,OPMC_LIFT,1154280000.0,229,230,232,4,0,4,49.98,0.8656999999999999,2024-01-29 18:38:34.000,2024-01-29 18:38:34.000,2024-01-29 18:38:34.000,655003133.0,4569264.0,1331534683,-121.0,94
825828,22,2024-01-29 18:40:03,OPMC_LIFT,1154280000.0,229,230,231,4,0,4,49.97,0.8704,2024-01-29 18:40:14.000,2024-01-29 18:40:14.000,2024-01-29 18:40:14.000,655003283.0,4569328.0,1331535153,-113.0,94
825896,22,2024-01-29 19:10:03,OPMC_LIFT,1154290000.0,226,226,228,4,0,4,49.94,0.8674999999999999,2024-01-29 19:10:07.000,2024-01-29 19:10:07.000,2024-01-29 19:10:07.000,655005981.0,4570518.0,1331543633,-111.0,94
825972,22,2024-01-29 19:40:03,OPMC_LIFT,1154300000.0,226,226,228,4,0,4,49.97,0.8656999999999999,2024-01-29 19:40:11.000,2024-01-29 19:40:11.000,2024-01-29 19:40:11.000,655008598.0,4571706.0,1331551912,-109.0,94
825994,22,2024-01-29 19:50:03,OPMC_LIFT,1154300000.0,226,226,228,4,0,4,50.0,0.8673,2024-01-29 19:50:11.000,2024-01-29 19:50:11.000,2024-01-29 19:50:11.000,655009469.0,4572102.0,1331554677,-123.0,94
826017,22,2024-01-29 20:00:03,OPMC_LIFT,1154300000.0,226,227,228,4,0,4,50.0,0.8678999999999999,2024-01-29 20:00:13.000,2024-01-29 20:00:13.000,2024-01-29 20:00:13.000,655010342.0,4572499.0,1331557441,-111.0,94
826067,22,2024-01-29 20:20:03,OPMC_LIFT,1154310000.0,226,227,228,4,0,4,49.96,0.8664,2024-01-29 20:20:08.000,2024-01-29 20:20:08.000,2024-01-29 20:20:08.000,655012096.0,4573293.0,1331562990,-111.0,94
826163,22,2024-01-29 21:00:03,OPMC_LIFT,1154320000.0,227,227,229,4,0,4,50.05,0.8657999999999999,2024-01-29 21:00:08.000,2024-01-29 21:00:08.000,2024-01-29 21:00:08.000,655015597.0,4574886.0,1331574081,-109.0,94
826191,22,2024-01-29 21:10:03,OPMC_LIFT,1154320000.0,227,227,229,4,0,4,50.05,0.8653,2024-01-29 21:10:09.000,2024-01-29 21:10:09.000,2024-01-29 21:10:09.000,655016477.0,4575283.0,1331576862,-105.0,94
826221,22,2024-01-29 21:20:02,OPMC_LIFT,1154320000.0,227,227,229,4,0,4,49.98,0.8654,2024-01-29 21:20:11.000,2024-01-29 21:20:11.000,2024-01-29 21:20:11.000,655017357.0,4575680.0,1331579640,-117.0,94
826243,22,2024-01-29 21:30:02,OPMC_LIFT,1154320000.0,227,227,229,4,0,4,49.96,0.8695999999999999,2024-01-29 21:30:14.000,2024-01-29 21:30:14.000,2024-01-29 21:30:14.000,655018237.0,4576080.0,1331582421,-113.0,94
826286,22,2024-01-29 21:50:02,OPMC_LIFT,1154330000.0,228,228,230,4,0,4,50.05,0.8694999999999999,2024-01-29 21:50:09.000,2024-01-29 21:50:09.000,2024-01-29 21:50:09.000,655020010.0,4576877.0,1331588027,-103.0,94
826355,22,2024-01-29 22:20:03,OPMC_LIFT,1154340000.0,228,229,230,4,0,4,49.99,0.8662,2024-01-29 22:20:07.000,2024-01-29 22:20:07.000,2024-01-29 22:20:07.000,655022691.0,4578077.0,1331596475,-111.0,94
826386,22,2024-01-29 22:30:03,OPMC_LIFT,1154340000.0,228,229,231,4,0,4,50.03,0.8685999999999999,2024-01-29 22:30:13.000,2024-01-29 22:30:13.000,2024-01-29 22:30:13.000,655023587.0,4578474.0,1331599297,-103.0,94
826428,22,2024-01-29 22:40:03,OPMC_LIFT,1154340000.0,229,229,231,4,0,4,50.04,0.8653,2024-01-29 22:40:13.000,2024-01-29 22:40:13.000,2024-01-29 22:40:13.000,655024490.0,4578874.0,1331602133,-113.0,94
826494,22,2024-01-29 23:00:03,OPMC_LIFT,1154340000.0,230,230,232,4,0,4,50.07,0.8675999999999999,2024-01-29 23:00:15.000,2024-01-29 23:00:15.000,2024-01-29 23:00:15.000,655026304.0,4579674.0,1331607835,-112.0,94
826546,22,2024-01-29 23:20:03,OPMC_LIFT,1154350000.0,227,228,229,4,0,4,49.97,0.8676999999999999,2024-01-29 23:20:10.000,2024-01-29 23:20:10.000,2024-01-29 23:20:10.000,655028074.0,4580470.0,1331613425,-108.0,94
826683,22,2024-01-30 00:10:03,OPMC_LIFT,1154360000.0,228,228,230,4,0,4,49.95,0.8677999999999999,2024-01-30 00:10:11.000,2024-01-30 00:10:11.000,2024-01-30 00:10:11.000,655032518.0,4582467.0,1331627448,-117.0,94
826715,22,2024-01-30 00:20:03,OPMC_LIFT,1154360000.0,228,229,230,4,0,4,49.93,0.8684,2024-01-30 00:20:10.000,2024-01-30 00:20:10.000,2024-01-30 00:20:10.000,655033414.0,4582864.0,1331630267,-112.0,94
826742,22,2024-01-30 00:30:03,OPMC_LIFT,1154370000.0,228,229,230,4,0,4,49.95,0.8658999999999999,2024-01-30 00:30:12.000,2024-01-30 00:30:12.000,2024-01-30 00:30:12.000,655034310.0,4583264.0,1331633086,-105.0,94
826767,22,2024-01-30 00:40:03,OPMC_LIFT,1154370000.0,229,229,231,4,0,4,50.06,0.8667999999999999,2024-01-30 00:40:09.000,2024-01-30 00:40:09.000,2024-01-30 00:40:09.000,655035206.0,4583664.0,1331635915,-111.0,94
826830,22,2024-01-30 01:00:03,OPMC_LIFT,1154370000.0,229,229,231,4,0,4,49.99,0.8653,2024-01-30 01:00:12.000,2024-01-30 01:00:12.000,2024-01-30 01:00:12.000,655037011.0,4584461.0,1331641582,-113.0,94
826886,22,2024-01-30 01:20:03,OPMC_LIFT,1154380000.0,229,230,231,4,0,4,50.07,0.8714,2024-01-30 01:20:08.000,2024-01-30 01:20:08.000,2024-01-30 01:20:08.000,655038816.0,4585261.0,1331647262,-111.0,94
826918,22,2024-01-30 01:30:03,OPMC_LIFT,1154380000.0,229,229,231,4,0,4,50.0,0.8697999999999999,2024-01-30 01:30:13.000,2024-01-30 01:30:13.000,2024-01-30 01:30:13.000,655039722.0,4585661.0,1331650107,-114.0,94
826946,22,2024-01-30 01:40:03,OPMC_LIFT,1154380000.0,229,230,232,4,0,4,49.98,0.8675999999999999,2024-01-30 01:40:11.000,2024-01-30 01:40:11.000,2024-01-30 01:40:11.000,655040627.0,4586061.0,1331652955,-111.0,94
827029,22,2024-01-30 02:10:03,OPMC_LIFT,1154390000.0,230,230,232,4,0,4,50.02,0.8694,2024-01-30 02:10:10.000,2024-01-30 02:10:10.000,2024-01-30 02:10:10.000,655043357.0,4587261.0,1331661525,-115.0,94
827059,22,2024-01-30 02:20:03,OPMC_LIFT,1154390000.0,230,230,232,4,0,4,49.98,0.8659999999999999,2024-01-30 02:20:09.000,2024-01-30 02:20:09.000,2024-01-30 02:20:09.000,655044269.0,4587661.0,1331664385,-113.0,94
827090,22,2024-01-30 02:30:03,OPMC_LIFT,1154400000.0,230,231,233,4,0,4,50.0,0.8663,2024-01-30 02:30:09.000,2024-01-30 02:30:09.000,2024-01-30 02:30:09.000,655045187.0,4588058.0,1331667259,-109.0,94
827104,22,2024-01-30 02:39:06,OPMC_LIFT,1154400000.0,230,231,233,4,0,4,50.05,0.8679999999999999,2024-01-30 02:39:12.000,2024-01-30 02:39:12.000,2024-01-30 02:39:12.000,655046016.0,4588422.0,1331669857,-113.0,94
827150,22,2024-01-30 02:50:03,OPMC_LIFT,1154400000.0,231,231,233,4,0,4,50.05,0.8674999999999999,2024-01-30 02:50:12.000,2024-01-30 02:50:12.000,2024-01-30 02:50:12.000,655047024.0,4588861.0,1331673013,-114.0,94
827172,22,2024-01-30 03:00:03,OPMC_LIFT,1154400000.0,230,231,232,4,0,4,49.94,0.8700999999999999,2024-01-30 03:00:09.000,2024-01-30 03:00:09.000,2024-01-30 03:00:09.000,655047942.0,4589261.0,1331675889,-111.0,94
827204,22,2024-01-30 03:10:03,OPMC_LIFT,1154410000.0,231,231,233,4,0,4,50.04,0.8670999999999999,2024-01-30 03:10:11.000,2024-01-30 03:10:11.000,2024-01-30 03:10:11.000,655048861.0,4589661.0,1331678769,-109.0,94
827235,22,2024-01-30 03:20:03,OPMC_LIFT,1154410000.0,228,229,231,4,0,4,50.02,0.8693,2024-01-30 03:20:12.000,2024-01-30 03:20:12.000,2024-01-30 03:20:12.000,655049773.0,4590061.0,1331681627,-114.0,94
827261,22,2024-01-30 03:30:03,OPMC_LIFT,1154410000.0,228,229,231,4,0,4,50.02,0.8674999999999999,2024-01-30 03:30:10.000,2024-01-30 03:30:10.000,2024-01-30 03:30:10.000,655050669.0,4590461.0,1331684453,-113.0,94
827291,22,2024-01-30 03:40:03,OPMC_LIFT,1154410000.0,229,229,231,4,0,4,50.02,0.8663,2024-01-30 03:40:09.000,2024-01-30 03:40:09.000,2024-01-30 03:40:09.000,655051568.0,4590861.0,1331687281,-102.0,94
827326,22,2024-01-30 03:50:03,OPMC_LIFT,1154420000.0,229,229,231,4,0,4,49.96,0.8654999999999999,2024-01-30 03:50:12.000,2024-01-30 03:50:12.000,2024-01-30 03:50:12.000,655052467.0,4591258.0,1331690110,-103.0,94
827355,22,2024-01-30 04:00:03,OPMC_LIFT,1154420000.0,229,229,231,4,0,4,50.02,0.8690999999999999,2024-01-30 04:00:10.000,2024-01-30 04:00:10.000,2024-01-30 04:00:10.000,655053370.0,4591658.0,1331692945,-114.0,94
827375,22,2024-01-30 04:10:03,OPMC_LIFT,1154420000.0,229,229,231,4,0,4,50.0,0.8672,2024-01-30 04:10:10.000,2024-01-30 04:10:10.000,2024-01-30 04:10:10.000,655054269.0,4592058.0,1331695774,-114.0,94
827413,22,2024-01-30 04:20:03,OPMC_LIFT,1154420000.0,229,229,231,4,0,4,50.04,0.8669999999999999,2024-01-30 04:20:13.000,2024-01-30 04:20:13.000,2024-01-30 04:20:13.000,655055165.0,4592458.0,1331698603,-121.0,94
827439,22,2024-01-30 04:30:03,OPMC_LIFT,1154430000.0,228,229,231,4,0,4,50.05,0.8685999999999999,2024-01-30 04:30:10.000,2024-01-30 04:30:10.000,2024-01-30 04:30:10.000,655056064.0,4592854.0,1331701429,-105.0,94
827493,22,2024-01-30 04:50:03,OPMC_LIFT,1154430000.0,228,228,230,4,0,4,49.94,0.8668999999999999,2024-01-30 04:50:07.000,2024-01-30 04:50:07.000,2024-01-30 04:50:07.000,655057850.0,4593654.0,1331707064,-109.0,94
827525,22,2024-01-30 05:00:03,OPMC_LIFT,1154430000.0,228,228,230,4,0,4,49.96,0.8660999999999999,2024-01-30 05:00:11.000,2024-01-30 05:00:11.000,2024-01-30 05:00:11.000,655058739.0,4594054.0,1331709873,-111.0,94
827557,22,2024-01-30 05:10:03,OPMC_LIFT,1154440000.0,227,228,229,4,0,4,50.05,0.8703,2024-01-30 05:10:10.000,2024-01-30 05:10:10.000,2024-01-30 05:10:10.000,655059626.0,4594451.0,1331712670,-119.0,94
827579,22,2024-01-30 05:20:03,OPMC_LIFT,1154440000.0,227,227,229,4,0,4,50.06,0.8684,2024-01-30 05:20:10.000,2024-01-30 05:20:10.000,2024-01-30 05:20:10.000,655060506.0,4594851.0,1331715454,-117.0,94
827605,22,2024-01-30 05:30:03,OPMC_LIFT,1154440000.0,226,227,228,4,0,4,50.03,0.8696999999999999,2024-01-30 05:30:07.000,2024-01-30 05:30:07.000,2024-01-30 05:30:07.000,655061382.0,4595248.0,1331718225,-111.0,94
827639,22,2024-01-30 05:40:03,OPMC_LIFT,1154440000.0,225,226,228,4,0,4,49.96,0.8669999999999999,2024-01-30 05:40:12.000,2024-01-30 05:40:12.000,2024-01-30 05:40:12.000,655062253.0,4595648.0,1331720990,-111.0,94
827781,22,2024-01-30 06:30:03,OPMC_LIFT,1154460000.0,227,227,229,4,0,4,50.05,0.8673,2024-01-30 06:30:14.000,2024-01-30 06:30:14.000,2024-01-30 06:30:14.000,655066595.0,4597645.0,1331734776,-111.0,94
827856,22,2024-01-30 07:00:03,OPMC_LIFT,1154460000.0,225,226,227,4,0,4,49.97,0.8705999999999999,2024-01-30 07:00:07.000,2024-01-30 07:00:07.000,2024-01-30 07:00:07.000,655069197.0,4598842.0,1331743045,-109.0,94
827936,22,2024-01-30 07:30:03,OPMC_LIFT,1154470000.0,225,225,227,4,0,3,50.03,0.8665999999999999,2024-01-30 07:30:12.000,2024-01-30 07:30:12.000,2024-01-30 07:30:12.000,655071792.0,4600035.0,1331751285,-113.0,94
827963,22,2024-01-30 07:40:03,OPMC_LIFT,1154470000.0,224,225,226,4,0,3,50.1,0.8674,2024-01-30 07:40:12.000,2024-01-30 07:40:12.000,2024-01-30 07:40:12.000,655072646.0,4600432.0,1331754005,-111.0,94
827986,22,2024-01-30 07:50:03,OPMC_LIFT,1154470000.0,226,227,228,4,0,4,50.1,0.8688999999999999,2024-01-30 07:50:13.000,2024-01-30 07:50:13.000,2024-01-30 07:50:13.000,655073514.0,4600832.0,1331756750,-117.0,94
828012,22,2024-01-30 08:00:03,OPMC_LIFT,1154480000.0,226,227,228,4,0,4,50.07,0.8675999999999999,2024-01-30 08:00:13.000,2024-01-30 08:00:13.000,2024-01-30 08:00:13.000,655074384.0,4601232.0,1331759518,-112.0,94
828063,22,2024-01-30 08:20:03,OPMC_LIFT,1154480000.0,225,226,227,4,0,4,50.02,0.8680999999999999,2024-01-30 08:20:12.000,2024-01-30 08:20:12.000,2024-01-30 08:20:12.000,655076115.0,4602032.0,1331765013,-108.0,94
828090,22,2024-01-30 08:30:03,OPMC_LIFT,1154480000.0,225,225,227,4,0,3,50.05,0.8684999999999999,2024-01-30 08:30:11.000,2024-01-30 08:30:11.000,2024-01-30 08:30:11.000,655076973.0,4602429.0,1331767739,-113.0,94
828203,22,2024-01-30 09:10:03,OPMC_LIFT,1154490000.0,226,227,228,4,0,4,50.05,0.8682,2024-01-30 09:10:08.000,2024-01-30 09:10:08.000,2024-01-30 09:10:08.000,655080387.0,4604022.0,1331778616,-115.0,94
828309,22,2024-01-30 09:50:03,OPMC_LIFT,1154500000.0,225,225,227,4,0,4,50.0,0.8654999999999999,2024-01-30 09:50:08.000,2024-01-30 09:50:08.000,2024-01-30 09:50:08.000,655083856.0,4605622.0,1331789624,-108.0,94
828364,22,2024-01-30 10:10:03,OPMC_LIFT,1154510000.0,224,225,227,4,0,3,50.04,0.8666999999999999,2024-01-30 10:10:13.000,2024-01-30 10:10:13.000,2024-01-30 10:10:13.000,655085571.0,4606422.0,1331795070,-110.0,94
828421,22,2024-01-30 10:30:03,OPMC_LIFT,1154510000.0,226,227,229,4,0,4,50.0,0.8672,2024-01-30 10:30:13.000,2024-01-30 10:30:13.000,2024-01-30 10:30:13.000,655087290.0,4607222.0,1331800536,-114.0,94
828446,22,2024-01-30 10:40:03,OPMC_LIFT,1154510000.0,226,227,229,4,0,4,49.95,0.8668999999999999,2024-01-30 10:40:11.000,2024-01-30 10:40:11.000,2024-01-30 10:40:11.000,655088163.0,4607622.0,1331803301,-113.0,94
828470,22,2024-01-30 10:50:03,OPMC_LIFT,1154520000.0,226,227,228,4,0,4,50.03,0.8684999999999999,2024-01-30 10:50:11.000,2024-01-30 10:50:11.000,2024-01-30 10:50:11.000,655089037.0,4608022.0,1331806065,-111.0,94
828497,22,2024-01-30 11:00:03,OPMC_LIFT,1154590000.0,222,224,225,229,243,246,50.01,0.7937,2024-01-30 11:00:11.000,2024-01-30 11:00:11.000,2024-01-30 11:00:11.000,655147299.0,4608173.0,1331904501,-108.0,94
828523,22,2024-01-30 11:10:03,OPMC_LIFT,1154940000.0,220,222,224,362,383,381,50.02,0.8705999999999999,2024-01-30 11:10:12.000,2024-01-30 11:10:12.000,2024-01-30 11:10:12.000,655348630.0,4608173.0,1332306187,-109.0,94
828572,22,2024-01-30 11:30:03,OPMC_LIFT,1155650000.0,221,223,224,343,364,364,50.0,0.8674999999999999,2024-01-30 11:30:10.000,2024-01-30 11:30:10.000,2024-01-30 11:30:10.000,655752387.0,4608173.0,1333124856,-109.0,94
828621,22,2024-01-30 11:50:03,OPMC_LIFT,1156340000.0,222,224,225,334,355,355,50.02,0.8634999999999999,2024-01-30 11:50:09.000,2024-01-30 11:50:09.000,2024-01-30 11:50:09.000,656147427.0,4608173.0,1333914897,-115.0,94
828670,22,2024-01-30 12:10:03,OPMC_LIFT,1157010000.0,221,223,225,339,360,361,50.03,0.8662,2024-01-30 12:10:08.000,2024-01-30 12:10:08.000,2024-01-30 12:10:08.000,656546083.0,4608173.0,1334701291,-112.0,94
828698,22,2024-01-30 12:20:03,OPMC_LIFT,1157360000.0,221,223,225,352,374,374,50.01,0.8690999999999999,2024-01-30 12:20:09.000,2024-01-30 12:20:09.000,2024-01-30 12:20:09.000,656743098.0,4608173.0,1335096113,-103.0,94
828720,22,2024-01-30 12:30:03,OPMC_LIFT,1157710000.0,221,223,225,347,369,369,49.97,0.8682,2024-01-30 12:30:12.000,2024-01-30 12:30:12.000,2024-01-30 12:30:12.000,656944653.0,4608173.0,1335504261,-109.0,94
828737,22,2024-01-30 12:40:03,OPMC_LIFT,1158070000.0,221,223,224,347,368,368,49.99,0.8688999999999999,2024-01-30 12:40:05.000,2024-01-30 12:40:05.000,2024-01-30 12:40:05.000,657147619.0,4608173.0,1335918046,-113.0,94
828797,22,2024-01-30 13:00:03,OPMC_LIFT,1158790000.0,220,222,223,361,381,382,50.06,0.8734999999999999,2024-01-30 13:00:09.000,2024-01-30 13:00:09.000,2024-01-30 13:00:09.000,657549965.0,4608173.0,1336740366,-108.0,94
828875,22,2024-01-30 13:30:03,OPMC_LIFT,1159860000.0,219,221,222,359,380,381,49.97,0.8744,2024-01-30 13:30:10.000,2024-01-30 13:30:10.000,2024-01-30 13:30:10.000,658148410.0,4608173.0,1337970814,-109.0,94
828902,22,2024-01-30 13:40:03,OPMC_LIFT,1160220000.0,218,221,222,351,372,371,49.95,0.8729999999999999,2024-01-30 13:40:14.000,2024-01-30 13:40:14.000,2024-01-30 13:40:14.000,658344995.0,4608173.0,1338375358,-107.0,94
828925,22,2024-01-30 13:50:02,OPMC_LIFT,1160570000.0,219,221,223,346,366,366,50.02,0.8725999999999999,2024-01-30 13:50:10.000,2024-01-30 13:50:10.000,2024-01-30 13:50:10.000,658541088.0,4608173.0,1338778456,-109.0,94
828952,22,2024-01-30 14:00:02,OPMC_LIFT,1160920000.0,219,221,222,347,368,367,50.0,0.8725999999999999,2024-01-30 14:00:12.000,2024-01-30 14:00:12.000,2024-01-30 14:00:12.000,658738227.0,4608173.0,1339183893,-113.0,94
828978,22,2024-01-30 14:10:03,OPMC_LIFT,1161280000.0,219,221,222,347,367,367,49.99,0.8722,2024-01-30 14:10:09.000,2024-01-30 14:10:09.000,2024-01-30 14:10:09.000,658935248.0,4608173.0,1339589115,-111.0,94
829120,22,2024-01-30 15:00:03,OPMC_LIFT,1163030000.0,219,222,223,361,382,381,50.01,0.8738999999999999,2024-01-30 15:00:13.000,2024-01-30 15:00:13.000,2024-01-30 15:00:13.000,659915821.0,4608173.0,1341597953,-105.0,94
829201,22,2024-01-30 15:30:03,OPMC_LIFT,1164090000.0,219,221,222,351,372,373,49.99,0.8723,2024-01-30 15:30:13.000,2024-01-30 15:30:13.000,2024-01-30 15:30:13.000,660506298.0,4608173.0,1342811048,-120.0,94
829249,22,2024-01-30 15:50:03,OPMC_LIFT,1164790000.0,219,222,223,345,365,365,50.03,0.8710999999999999,2024-01-30 15:50:12.000,2024-01-30 15:50:12.000,2024-01-30 15:50:12.000,660900458.0,4608173.0,1343619809,-109.0,94
829301,22,2024-01-30 16:10:03,OPMC_LIFT,1165500000.0,221,223,225,351,372,372,49.95,0.8682,2024-01-30 16:10:11.000,2024-01-30 16:10:11.000,2024-01-30 16:10:11.000,661296339.0,4608173.0,1344426181,-120.0,94
829320,22,2024-01-30 16:20:03,OPMC_LIFT,1165840000.0,221,223,225,344,363,365,49.97,0.8669999999999999,2024-01-30 16:20:08.000,2024-01-30 16:20:08.000,2024-01-30 16:20:08.000,661494979.0,4608173.0,1344825998,-103.0,94
829378,22,2024-01-30 16:40:03,OPMC_LIFT,1166530000.0,222,224,226,339,358,360,50.07,0.8647999999999999,2024-01-30 16:40:10.000,2024-01-30 16:40:10.000,2024-01-30 16:40:10.000,661892058.0,4608173.0,1345623905,-121.0,94
829406,22,2024-01-30 16:50:03,OPMC_LIFT,1166570000.0,228,229,231,0,0,0,50.04,1.0,2024-01-30 16:50:12.000,2024-01-30 16:50:12.000,2024-01-30 16:50:12.000,661915610.0,4608173.0,1345670136,-110.0,94
829425,22,2024-01-30 17:00:03,OPMC_LIFT,1166570000.0,228,229,231,0,0,0,49.96,1.0,2024-01-30 17:00:05.000,2024-01-30 17:00:05.000,2024-01-30 17:00:05.000,661915610.0,4608173.0,1345670136,-123.0,94
829459,22,2024-01-30 17:10:02,OPMC_LIFT,1166570000.0,230,230,232,3,0,3,49.99,0.4701999999999999,2024-01-30 17:10:14.000,2024-01-30 17:10:14.000,2024-01-30 17:10:14.000,661915722.0,4608202.0,1345670437,-111.0,94
829533,22,2024-01-30 17:40:02,OPMC_LIFT,1166580000.0,229,230,231,4,0,4,49.96,0.8645999999999999,2024-01-30 17:40:09.000,2024-01-30 17:40:09.000,2024-01-30 17:40:09.000,661918352.0,4609318.0,1345678597,-107.0,94
829612,22,2024-01-30 18:10:03,OPMC_LIFT,1166590000.0,229,229,231,4,0,4,49.97,0.8667999999999999,2024-01-30 18:10:15.000,2024-01-30 18:10:15.000,2024-01-30 18:10:15.000,661921050.0,4610522.0,1345687096,-112.0,94
829702,22,2024-01-30 18:48:56,OPMC_LIFT,1166600000.0,229,229,231,4,0,4,49.98,0.8674,2024-01-30 18:49:00.000,2024-01-30 18:49:00.000,2024-01-30 18:49:00.000,661924534.0,4612074.0,1345698085,-123.0,94
829745,22,2024-01-30 19:00:03,OPMC_LIFT,1166600000.0,229,230,231,4,0,4,49.94,0.8668999999999999,2024-01-30 19:00:10.000,2024-01-30 19:00:10.000,2024-01-30 19:00:10.000,661925536.0,4612515.0,1345701230,-112.0,94
829778,22,2024-01-30 19:10:03,OPMC_LIFT,1166600000.0,228,229,230,4,0,4,50.0,0.8652,2024-01-30 19:10:13.000,2024-01-30 19:10:13.000,2024-01-30 19:10:13.000,661926435.0,4612915.0,1345704062,-103.0,94
829798,22,2024-01-30 19:20:03,OPMC_LIFT,1166610000.0,226,226,228,4,0,4,49.99,0.8717999999999999,2024-01-30 19:20:10.000,2024-01-30 19:20:10.000,2024-01-30 19:20:10.000,661927309.0,4613312.0,1345706830,-113.0,94
829847,22,2024-01-30 19:40:03,OPMC_LIFT,1166610000.0,226,226,227,4,0,4,50.02,0.8673,2024-01-30 19:40:06.000,2024-01-30 19:40:06.000,2024-01-30 19:40:06.000,661929034.0,4614109.0,1345712321,-113.0,94
829874,22,2024-01-30 19:50:03,OPMC_LIFT,1166610000.0,226,226,228,4,0,4,50.07,0.8697999999999999,2024-01-30 19:50:13.000,2024-01-30 19:50:13.000,2024-01-30 19:50:13.000,661929898.0,4614506.0,1345715064,-109.0,94
829902,22,2024-01-30 20:00:03,OPMC_LIFT,1166620000.0,226,226,228,4,0,4,50.07,0.8663,2024-01-30 20:00:13.000,2024-01-30 20:00:13.000,2024-01-30 20:00:13.000,661930762.0,4614906.0,1345717809,-113.0,94
829945,22,2024-01-30 20:20:03,OPMC_LIFT,1166620000.0,226,227,228,4,0,4,49.92,0.8707999999999999,2024-01-30 20:20:10.000,2024-01-30 20:20:10.000,2024-01-30 20:20:10.000,661932502.0,4615706.0,1345723333,-120.0,94
830051,22,2024-01-30 21:00:03,OPMC_LIFT,1166630000.0,226,227,228,4,0,4,49.99,0.8660999999999999,2024-01-30 21:00:11.000,2024-01-30 21:00:11.000,2024-01-30 21:00:11.000,661935974.0,4617299.0,1345734363,-114.0,94
830074,22,2024-01-30 21:10:03,OPMC_LIFT,1166630000.0,226,227,229,4,0,4,50.05,0.8687999999999999,2024-01-30 21:10:08.000,2024-01-30 21:10:08.000,2024-01-30 21:10:08.000,661936848.0,4617699.0,1345737128,-109.0,94
830108,22,2024-01-30 21:20:03,OPMC_LIFT,1166640000.0,227,227,229,4,0,4,50.03,0.8685999999999999,2024-01-30 21:20:12.000,2024-01-30 21:20:12.000,2024-01-30 21:20:12.000,661937725.0,4618099.0,1345739902,-120.0,94
830160,22,2024-01-30 21:40:03,OPMC_LIFT,1166640000.0,227,228,230,4,0,4,49.99,0.8682,2024-01-30 21:40:12.000,2024-01-30 21:40:12.000,2024-01-30 21:40:12.000,661939485.0,4618899.0,1345745483,-113.0,94
830188,22,2024-01-30 21:50:03,OPMC_LIFT,1166640000.0,228,228,230,4,0,4,50.0,0.8674,2024-01-30 21:50:12.000,2024-01-30 21:50:12.000,2024-01-30 21:50:12.000,661940371.0,4619299.0,1345748283,-112.0,94
830255,22,2024-01-30 22:20:03,OPMC_LIFT,1166650000.0,228,229,230,4,0,4,50.04,0.8704999999999999,2024-01-30 22:20:10.000,2024-01-30 22:20:10.000,2024-01-30 22:20:10.000,661943040.0,4620499.0,1345756715,-120.0,94
830315,22,2024-01-30 22:40:03,OPMC_LIFT,1166650000.0,229,229,231,4,0,4,50.03,0.8665999999999999,2024-01-30 22:40:14.000,2024-01-30 22:40:14.000,2024-01-30 22:40:14.000,661944829.0,4621299.0,1345762363,-107.0,94
830366,22,2024-01-30 23:00:03,OPMC_LIFT,1166660000.0,230,230,232,4,0,4,50.04,0.8674,2024-01-30 23:00:09.000,2024-01-30 23:00:09.000,2024-01-30 23:00:09.000,661946634.0,4622102.0,1345768053,-113.0,94
830391,22,2024-01-30 23:10:03,OPMC_LIFT,1166660000.0,230,230,232,4,0,4,50.05,0.8663,2024-01-30 23:10:12.000,2024-01-30 23:10:12.000,2024-01-30 23:10:12.000,661947542.0,4622502.0,1345770913,-120.0,94
830410,22,2024-01-30 23:20:03,OPMC_LIFT,1166660000.0,229,230,232,4,0,4,49.96,0.8656999999999999,2024-01-30 23:20:08.000,2024-01-30 23:20:08.000,2024-01-30 23:20:08.000,661948451.0,4622902.0,1345773771,-120.0,94
830465,22,2024-01-30 23:40:03,OPMC_LIFT,1166670000.0,230,230,232,4,0,4,50.03,0.8664,2024-01-30 23:40:08.000,2024-01-30 23:40:08.000,2024-01-30 23:40:08.000,661950269.0,4623702.0,1345779483,-119.0,94
830519,22,2024-01-31 00:00:03,OPMC_LIFT,1166670000.0,228,229,231,4,0,4,50.01,0.8660999999999999,2024-01-31 00:00:12.000,2024-01-31 00:00:12.000,2024-01-31 00:00:12.000,661952077.0,4624506.0,1345785179,-112.0,94
830598,22,2024-01-31 00:30:03,OPMC_LIFT,1166680000.0,229,229,231,4,0,4,49.97,0.8663,2024-01-31 00:30:13.000,2024-01-31 00:30:13.000,2024-01-31 00:30:13.000,661954758.0,4625709.0,1345793653,-121.0,94
830625,22,2024-01-31 00:40:03,OPMC_LIFT,1166680000.0,229,229,231,4,0,4,50.03,0.8674,2024-01-31 00:40:11.000,2024-01-31 00:40:11.000,2024-01-31 00:40:11.000,661955654.0,4626109.0,1345796485,-112.0,94
830655,22,2024-01-31 00:50:03,OPMC_LIFT,1166690000.0,229,229,231,4,0,4,50.0,0.8698999999999999,2024-01-31 00:50:13.000,2024-01-31 00:50:13.000,2024-01-31 00:50:13.000,661956547.0,4626512.0,1345799310,-117.0,94
830674,22,2024-01-31 01:00:03,OPMC_LIFT,1166690000.0,229,229,231,4,0,4,49.96,0.8674,2024-01-31 01:00:06.000,2024-01-31 01:00:06.000,2024-01-31 01:00:06.000,661957446.0,4626912.0,1345802142,-110.0,94
830705,22,2024-01-31 01:10:03,OPMC_LIFT,1166690000.0,229,229,231,4,0,4,50.01,0.8670999999999999,2024-01-31 01:11:05.000,2024-01-31 01:11:05.000,2024-01-31 01:11:05.000,661958342.0,4627312.0,1345804974,-105.0,94
830751,22,2024-01-31 01:30:03,OPMC_LIFT,1166700000.0,229,229,231,4,0,4,49.97,0.8675999999999999,2024-01-31 01:30:11.000,2024-01-31 01:30:11.000,2024-01-31 01:30:11.000,661960138.0,4628115.0,1345810638,-119.0,94
830853,22,2024-01-31 02:10:03,OPMC_LIFT,1166710000.0,230,230,232,4,0,4,49.99,0.8672,2024-01-31 02:10:10.000,2024-01-31 02:10:10.000,2024-01-31 02:10:10.000,661963747.0,4629718.0,1345822017,-119.0,94
830882,22,2024-01-31 02:20:03,OPMC_LIFT,1166710000.0,230,230,232,4,0,4,50.05,0.8663,2024-01-31 02:20:09.000,2024-01-31 02:20:09.000,2024-01-31 02:20:09.000,661964656.0,4630122.0,1345824875,-113.0,94
830907,22,2024-01-31 02:30:03,OPMC_LIFT,1166710000.0,230,230,232,4,0,4,49.93,0.8631,2024-01-31 02:30:06.000,2024-01-31 02:30:06.000,2024-01-31 02:30:06.000,661965568.0,4630522.0,1345827742,-112.0,94
830976,22,2024-01-31 02:57:08,OPMC_LIFT,1166720000.0,231,231,233,4,0,4,50.06,0.8673,2024-01-31 02:57:16.000,2024-01-31 02:57:16.000,2024-01-31 02:57:16.000,661968045.0,4631613.0,1345835521,-113.0,94
830998,22,2024-01-31 03:00:03,OPMC_LIFT,1166720000.0,228,229,231,4,0,4,50.04,0.8672,2024-01-31 03:00:09.000,2024-01-31 03:00:09.000,2024-01-31 03:00:09.000,661968310.0,4631728.0,1345836353,-105.0,94
831029,22,2024-01-31 03:10:03,OPMC_LIFT,1166720000.0,228,229,231,4,0,4,50.04,0.8687999999999999,2024-01-31 03:10:11.000,2024-01-31 03:10:11.000,2024-01-31 03:10:11.000,661969200.0,4632131.0,1345839173,-119.0,94
831058,22,2024-01-31 03:20:03,OPMC_LIFT,1166720000.0,228,229,231,4,0,4,50.06,0.8686999999999999,2024-01-31 03:20:11.000,2024-01-31 03:20:11.000,2024-01-31 03:20:11.000,661970093.0,4632531.0,1345841992,-121.0,94
831080,22,2024-01-31 03:30:02,OPMC_LIFT,1166730000.0,228,229,231,4,0,4,50.04,0.8669999999999999,2024-01-31 03:30:09.000,2024-01-31 03:30:09.000,2024-01-31 03:30:09.000,661970986.0,4632934.0,1345844817,-121.0,94
831106,22,2024-01-31 03:40:03,OPMC_LIFT,1166730000.0,229,229,231,4,0,4,50.05,0.8682,2024-01-31 03:40:11.000,2024-01-31 03:40:11.000,2024-01-31 03:40:11.000,661971882.0,4633338.0,1345847643,-113.0,94
831205,22,2024-01-31 04:20:03,OPMC_LIFT,1166740000.0,228,228,230,4,0,4,49.96,0.8666999999999999,2024-01-31 04:20:09.000,2024-01-31 04:20:09.000,2024-01-31 04:20:09.000,661975453.0,4634944.0,1345858929,-108.0,94
831261,22,2024-01-31 04:40:03,OPMC_LIFT,1166740000.0,228,228,230,4,0,4,49.95,0.8683,2024-01-31 04:40:12.000,2024-01-31 04:40:12.000,2024-01-31 04:40:12.000,661977232.0,4635747.0,1345864555,-115.0,94
831278,22,2024-01-31 04:50:03,OPMC_LIFT,1166750000.0,228,228,230,4,0,4,50.0,0.8674,2024-01-31 04:50:08.000,2024-01-31 04:50:08.000,2024-01-31 04:50:08.000,661978122.0,4636147.0,1345867365,-111.0,94
831334,22,2024-01-31 05:10:03,OPMC_LIFT,1166750000.0,227,227,229,4,0,4,49.96,0.8662,2024-01-31 05:10:10.000,2024-01-31 05:10:10.000,2024-01-31 05:10:10.000,661979888.0,4636950.0,1345872961,-113.0,94
831361,22,2024-01-31 05:20:03,OPMC_LIFT,1166750000.0,227,227,229,4,0,4,50.03,0.8667999999999999,2024-01-31 05:20:10.000,2024-01-31 05:20:10.000,2024-01-31 05:20:10.000,661980765.0,4637350.0,1345875742,-114.0,94
831384,22,2024-01-31 05:30:03,OPMC_LIFT,1166760000.0,226,227,228,4,0,4,50.07,0.8675999999999999,2024-01-31 05:30:06.000,2024-01-31 05:30:06.000,2024-01-31 05:30:06.000,661981635.0,4637750.0,1345878510,-123.0,94
831472,22,2024-01-31 06:00:03,OPMC_LIFT,1166760000.0,225,226,227,4,0,4,49.96,0.8704,2024-01-31 06:00:14.000,2024-01-31 06:00:14.000,2024-01-31 06:00:14.000,661984234.0,4638954.0,1345886779,-121.0,94
831502,22,2024-01-31 06:10:03,OPMC_LIFT,1166760000.0,227,228,230,4,0,4,50.04,0.8689999999999999,2024-01-31 06:10:13.000,2024-01-31 06:10:13.000,2024-01-31 06:10:13.000,661985104.0,4639357.0,1345889550,-113.0,94
831531,22,2024-01-31 06:20:03,OPMC_LIFT,1166770000.0,227,228,229,4,0,4,50.01,0.8686999999999999,2024-01-31 06:20:13.000,2024-01-31 06:20:13.000,2024-01-31 06:20:13.000,661985984.0,4639757.0,1345892337,-109.0,94
831588,22,2024-01-31 06:40:03,OPMC_LIFT,1166770000.0,226,227,229,4,0,4,50.09,0.8684999999999999,2024-01-31 06:40:12.000,2024-01-31 06:40:12.000,2024-01-31 06:40:12.000,661987728.0,4640560.0,1345897880,-111.0,94
831614,22,2024-01-31 06:50:03,OPMC_LIFT,1166770000.0,226,227,228,4,0,4,50.02,0.8664,2024-01-31 06:50:08.000,2024-01-31 06:50:08.000,2024-01-31 06:50:08.000,661988595.0,4640963.0,1345900638,-111.0,94
831639,22,2024-01-31 07:00:03,OPMC_LIFT,1166780000.0,226,227,229,4,0,4,50.04,0.8690999999999999,2024-01-31 07:00:10.000,2024-01-31 07:00:10.000,2024-01-31 07:00:10.000,661989462.0,4641366.0,1345903403,-113.0,94
831669,22,2024-01-31 07:10:03,OPMC_LIFT,1166780000.0,224,225,227,4,0,3,49.98,0.8687999999999999,2024-01-31 07:10:11.000,2024-01-31 07:10:11.000,2024-01-31 07:10:11.000,661990326.0,4641763.0,1345906149,-112.0,94
831746,22,2024-01-31 07:40:03,OPMC_LIFT,1166790000.0,225,225,227,4,0,4,50.02,0.8704999999999999,2024-01-31 07:40:10.000,2024-01-31 07:40:10.000,2024-01-31 07:40:10.000,661992928.0,4642966.0,1345914411,-113.0,94
831772,22,2024-01-31 07:50:03,OPMC_LIFT,1166790000.0,227,228,229,4,0,4,50.03,0.8694,2024-01-31 07:50:13.000,2024-01-31 07:50:13.000,2024-01-31 07:50:13.000,661993789.0,4643363.0,1345917144,-119.0,94
831794,22,2024-01-31 08:00:03,OPMC_LIFT,1166790000.0,226,227,229,4,0,4,49.96,0.8664999999999999,2024-01-31 08:00:07.000,2024-01-31 08:00:07.000,2024-01-31 08:00:07.000,661994666.0,4643766.0,1345919921,-109.0,94
831820,22,2024-01-31 08:10:03,OPMC_LIFT,1166790000.0,225,226,228,4,0,4,49.95,0.8656999999999999,2024-01-31 08:10:05.000,2024-01-31 08:10:05.000,2024-01-31 08:10:05.000,661995536.0,4644166.0,1345922680,-112.0,94
831905,22,2024-01-31 08:40:03,OPMC_LIFT,1166840000.0,222,224,225,188,199,203,50.02,0.7322,2024-01-31 08:40:11.000,2024-01-31 08:40:11.000,2024-01-31 08:40:11.000,662031357.0,4645178.0,1345983525,-114.0,94
831930,22,2024-01-31 08:50:03,OPMC_LIFT,1167150000.0,220,222,223,357,379,375,50.02,0.8678999999999999,2024-01-31 08:50:07.000,2024-01-31 08:50:07.000,2024-01-31 08:50:07.000,662221334.0,4645178.0,1346344577,-112.0,94
831958,22,2024-01-31 09:00:03,OPMC_LIFT,1167480000.0,222,223,225,188,196,198,49.96,0.8541,2024-01-31 09:00:11.000,2024-01-31 09:00:11.000,2024-01-31 09:00:11.000,662411514.0,4645178.0,1346725592,-113.0,94
832008,22,2024-01-31 09:20:03,OPMC_LIFT,1167940000.0,219,221,222,354,373,371,50.02,0.8689999999999999,2024-01-31 09:20:11.000,2024-01-31 09:20:11.000,2024-01-31 09:20:11.000,662691984.0,4645178.0,1347266011,-110.0,94
832035,22,2024-01-31 09:30:03,OPMC_LIFT,1168170000.0,220,221,223,284,301,301,49.94,0.8394999999999999,2024-01-31 09:30:09.000,2024-01-31 09:30:09.000,2024-01-31 09:30:09.000,662837328.0,4645178.0,1347542056,-109.0,94
832060,22,2024-01-31 09:40:03,OPMC_LIFT,1168380000.0,219,221,223,289,307,306,49.96,0.8426999999999999,2024-01-31 09:40:09.000,2024-01-31 09:40:09.000,2024-01-31 09:40:09.000,662973062.0,4645178.0,1347794357,-113.0,94
832111,22,2024-01-31 10:00:03,OPMC_LIFT,1168830000.0,222,224,225,230,244,246,50.05,0.7905,2024-01-31 10:00:12.000,2024-01-31 10:00:12.000,2024-01-31 10:00:12.000,663254054.0,4645178.0,1348322942,-121.0,94
832136,22,2024-01-31 10:10:03,OPMC_LIFT,1169060000.0,222,224,225,222,235,238,50.04,0.7807,2024-01-31 10:10:07.000,2024-01-31 10:10:07.000,2024-01-31 10:10:07.000,663394989.0,4645178.0,1348590328,-113.0,94
832162,22,2024-01-31 10:20:03,OPMC_LIFT,1169270000.0,221,223,224,226,240,239,49.94,0.7986,2024-01-31 10:20:12.000,2024-01-31 10:20:12.000,2024-01-31 10:20:12.000,663533232.0,4645178.0,1348844414,-113.0,94
832196,22,2024-01-31 10:36:38,OPMC_LIFT,1169660000.0,223,224,226,126,131,134,49.99,0.8046,2024-01-31 10:36:50.000,2024-01-31 10:36:50.000,2024-01-31 10:36:50.000,663781670.0,4645178.0,1349304974,-110.0,94
832236,22,2024-01-31 10:50:03,OPMC_LIFT,1169940000.0,222,224,225,192,200,201,50.05,0.8579999999999999,2024-01-31 10:50:08.000,2024-01-31 10:50:08.000,2024-01-31 10:50:08.000,663956032.0,4645178.0,1349633646,-112.0,94
832293,22,2024-01-31 11:10:03,OPMC_LIFT,1170370000.0,222,223,225,194,202,203,50.01,0.8602,2024-01-31 11:10:09.000,2024-01-31 11:10:09.000,2024-01-31 11:10:09.000,664235088.0,4645178.0,1350153003,-114.0,94
832323,22,2024-01-31 11:20:03,OPMC_LIFT,1170600000.0,220,222,223,290,308,306,50.04,0.8427999999999999,2024-01-31 11:20:13.000,2024-01-31 11:20:13.000,2024-01-31 11:20:13.000,664375142.0,4645178.0,1350417297,-109.0,94
832412,22,2024-01-31 12:00:03,OPMC_LIFT,1171450000.0,225,226,227,196,205,206,50.09,0.8556999999999999,2024-01-31 12:00:10.000,2024-01-31 12:00:10.000,2024-01-31 12:00:10.000,664917507.0,4645178.0,1351434296,-111.0,94
832435,22,2024-01-31 12:10:03,OPMC_LIFT,1171670000.0,225,227,228,202,209,212,50.04,0.8678999999999999,2024-01-31 12:10:10.000,2024-01-31 12:10:10.000,2024-01-31 12:10:10.000,665062106.0,4645178.0,1351696760,-111.0,94
832489,22,2024-01-31 12:30:03,OPMC_LIFT,1172130000.0,225,226,228,196,202,205,49.98,0.8650999999999999,2024-01-31 12:30:12.000,2024-01-31 12:30:12.000,2024-01-31 12:30:12.000,665360278.0,4645178.0,1352242110,-112.0,94
832518,22,2024-01-31 12:40:03,OPMC_LIFT,1172360000.0,224,226,228,196,205,207,50.05,0.8552,2024-01-31 12:40:12.000,2024-01-31 12:40:12.000,2024-01-31 12:40:12.000,665508538.0,4645178.0,1352520744,-113.0,94
832562,22,2024-01-31 13:00:03,OPMC_LIFT,1172830000.0,220,223,224,365,386,380,50.05,0.8695999999999999,2024-01-31 13:00:09.000,2024-01-31 13:00:09.000,2024-01-31 13:00:09.000,665806294.0,4645178.0,1353072664,-109.0,94
832644,22,2024-01-31 13:30:03,OPMC_LIFT,1173510000.0,223,224,225,202,209,211,50.03,0.8717999999999999,2024-01-31 13:30:13.000,2024-01-31 13:30:13.000,2024-01-31 13:30:13.000,666216070.0,4645178.0,1353866139,-111.0,94
832671,22,2024-01-31 13:40:03,OPMC_LIFT,1173740000.0,223,224,226,197,204,206,50.0,0.8587999999999999,2024-01-31 13:40:12.000,2024-01-31 13:40:12.000,2024-01-31 13:40:12.000,666361238.0,4645178.0,1354146193,-123.0,94
832696,22,2024-01-31 13:50:03,OPMC_LIFT,1173980000.0,224,225,226,136,141,145,49.97,0.8223999999999999,2024-01-31 13:50:10.000,2024-01-31 13:50:10.000,2024-01-31 13:50:10.000,666511926.0,4645178.0,1354424737,-112.0,94
832774,22,2024-01-31 14:20:03,OPMC_LIFT,1174670000.0,220,222,224,370,390,388,50.02,0.8694,2024-01-31 14:20:09.000,2024-01-31 14:20:09.000,2024-01-31 14:20:09.000,666943443.0,4645178.0,1355238881,-121.0,94
832917,22,2024-01-31 15:10:03,OPMC_LIFT,1175770000.0,224,225,227,196,203,205,49.93,0.8546999999999999,2024-01-31 15:10:11.000,2024-01-31 15:10:11.000,2024-01-31 15:10:11.000,667640227.0,4645178.0,1356546510,-113.0,94
832975,22,2024-01-31 15:30:03,OPMC_LIFT,1176180000.0,224,225,227,201,206,209,49.95,0.8687999999999999,2024-01-31 15:30:08.000,2024-01-31 15:30:08.000,2024-01-31 15:30:08.000,667896010.0,4645178.0,1357027083,-109.0,94
832998,22,2024-01-31 15:40:03,OPMC_LIFT,1176410000.0,224,226,227,196,204,206,50.0,0.8563999999999999,2024-01-31 15:40:12.000,2024-01-31 15:40:12.000,2024-01-31 15:40:12.000,668041373.0,4645178.0,1357297489,-105.0,94
833022,22,2024-01-31 15:50:03,OPMC_LIFT,1176470000.0,228,228,230,0,0,0,49.94,1.0,2024-01-31 15:50:13.000,2024-01-31 15:50:13.000,2024-01-31 15:50:13.000,668077424.0,4645178.0,1357366785,-110.0,94
833080,22,2024-01-31 16:10:03,OPMC_LIFT,1176470000.0,228,228,230,3,0,0,49.96,0.4696999999999999,2024-01-31 16:10:12.000,2024-01-31 16:10:12.000,2024-01-31 16:10:12.000,668077725.0,4645206.0,1357367345,-121.0,94
833106,22,2024-01-31 16:20:03,OPMC_LIFT,1176470000.0,228,229,230,4,0,4,50.0,0.8698999999999999,2024-01-31 16:20:09.000,2024-01-31 16:20:09.000,2024-01-31 16:20:09.000,668078499.0,4645283.0,1357368824,-120.0,94
833166,22,2024-01-31 16:40:03,OPMC_LIFT,1176470000.0,229,230,231,4,0,4,50.02,0.8678999999999999,2024-01-31 16:40:12.000,2024-01-31 16:40:12.000,2024-01-31 16:40:12.000,668080285.0,4646083.0,1357374456,-114.0,94
833190,22,2024-01-31 16:50:03,OPMC_LIFT,1176470000.0,229,230,232,4,0,4,50.03,0.8662,2024-01-31 16:50:07.000,2024-01-31 16:50:07.000,2024-01-31 16:50:07.000,668081181.0,4646483.0,1357377285,-121.0,94
833313,22,2024-01-31 17:30:03,OPMC_LIFT,1176480000.0,230,231,232,4,0,4,49.98,0.8687999999999999,2024-01-31 17:30:11.000,2024-01-31 17:30:11.000,2024-01-31 17:30:11.000,668084774.0,4648083.0,1357388613,-123.0,94
833387,22,2024-01-31 18:00:03,OPMC_LIFT,1176490000.0,230,230,232,4,0,4,50.06,0.8683,2024-01-31 18:00:10.000,2024-01-31 18:00:10.000,2024-01-31 18:00:10.000,668087478.0,4649283.0,1357397137,-123.0,94
833412,22,2024-01-31 18:10:02,OPMC_LIFT,1176490000.0,230,230,232,4,0,4,50.01,0.8684,2024-01-31 18:10:08.000,2024-01-31 18:10:08.000,2024-01-31 18:10:08.000,668088387.0,4649683.0,1357399989,-120.0,94
833447,22,2024-01-31 18:20:03,OPMC_LIFT,1176500000.0,230,231,232,4,0,4,50.0,0.8672,2024-01-31 18:20:14.000,2024-01-31 18:20:14.000,2024-01-31 18:20:14.000,668089299.0,4650086.0,1357402856,-121.0,94
833509,22,2024-01-31 18:40:20,OPMC_LIFT,1176500000.0,230,231,232,4,0,4,50.02,0.8692,2024-01-31 18:40:28.000,2024-01-31 18:40:28.000,2024-01-31 18:40:28.000,668091152.0,4650896.0,1357408670,-110.0,94
833557,22,2024-01-31 19:00:03,OPMC_LIFT,1176510000.0,228,228,230,4,0,4,49.98,0.8663,2024-01-31 19:00:12.000,2024-01-31 19:00:12.000,2024-01-31 19:00:12.000,668092922.0,4651686.0,1357414251,-110.0,94
833611,22,2024-01-31 19:20:03,OPMC_LIFT,1176510000.0,228,228,230,4,0,4,49.99,0.8650999999999999,2024-01-31 19:20:09.000,2024-01-31 19:20:09.000,2024-01-31 19:20:09.000,668094694.0,4652486.0,1357419857,-120.0,94
833666,22,2024-01-31 19:40:03,OPMC_LIFT,1176520000.0,228,228,229,4,0,4,50.01,0.8677999999999999,2024-01-31 19:40:12.000,2024-01-31 19:40:12.000,2024-01-31 19:40:12.000,668096461.0,4653283.0,1357425454,-111.0,94
833793,22,2024-01-31 20:30:03,OPMC_LIFT,1176530000.0,228,228,230,4,0,4,50.0,0.8695999999999999,2024-01-31 20:30:08.000,2024-01-31 20:30:08.000,2024-01-31 20:30:08.000,668100886.0,4655283.0,1357439464,-121.0,94
833824,22,2024-01-31 20:40:02,OPMC_LIFT,1176530000.0,228,228,230,4,0,4,50.07,0.8686999999999999,2024-01-31 20:40:08.000,2024-01-31 20:40:08.000,2024-01-31 20:40:08.000,668101773.0,4655686.0,1357442270,-112.0,94
833879,22,2024-01-31 21:00:02,OPMC_LIFT,1176540000.0,229,229,231,4,0,4,50.120000000000005,0.8698999999999999,2024-01-31 21:00:09.000,2024-01-31 21:00:09.000,2024-01-31 21:00:09.000,668103552.0,4656486.0,1357447893,-112.0,94
833908,22,2024-01-31 21:10:03,OPMC_LIFT,1176540000.0,229,229,231,4,0,4,50.05,0.8664,2024-01-31 21:10:12.000,2024-01-31 21:10:12.000,2024-01-31 21:10:12.000,668104448.0,4656890.0,1357450725,-121.0,94
833924,22,2024-01-31 21:20:03,OPMC_LIFT,1176540000.0,229,229,231,4,0,4,50.04,0.8680999999999999,2024-01-31 21:20:06.000,2024-01-31 21:20:06.000,2024-01-31 21:20:06.000,668105344.0,4657290.0,1357453553,-111.0,94
834007,22,2024-01-31 21:50:03,OPMC_LIFT,1176550000.0,230,230,232,4,0,4,50.07,0.8657999999999999,2024-01-31 21:50:08.000,2024-01-31 21:50:08.000,2024-01-31 21:50:08.000,668108058.0,4658493.0,1357462101,-111.0,94
834034,22,2024-01-31 22:00:03,OPMC_LIFT,1176550000.0,229,229,231,4,0,4,49.95,0.8660999999999999,2024-01-31 22:00:10.000,2024-01-31 22:00:10.000,2024-01-31 22:00:10.000,668108960.0,4658896.0,1357464949,-121.0,94
834158,22,2024-01-31 22:40:03,OPMC_LIFT,1176560000.0,229,230,232,4,0,4,50.04,0.8647999999999999,2024-01-31 22:40:14.000,2024-01-31 22:40:14.000,2024-01-31 22:40:14.000,668112563.0,4660496.0,1357476321,-111.0,94
834241,22,2024-01-31 23:10:03,OPMC_LIFT,1176570000.0,230,230,232,4,0,4,49.93,0.8673,2024-01-31 23:10:09.000,2024-01-31 23:10:09.000,2024-01-31 23:10:09.000,668115293.0,4661699.0,1357484901,-114.0,94
834361,22,2024-01-31 23:50:03,OPMC_LIFT,1176580000.0,231,231,233,4,0,4,50.02,0.8668999999999999,2024-01-31 23:50:12.000,2024-01-31 23:50:12.000,2024-01-31 23:50:12.000,668118934.0,4663302.0,1357496366,-121.0,94
834413,22,2024-02-01 00:10:03,OPMC_LIFT,1176580000.0,228,229,231,4,0,4,49.95,0.8682,2024-02-01 00:10:08.000,2024-02-01 00:10:08.000,2024-02-01 00:10:08.000,668120736.0,4664106.0,1357502049,-110.0,94
834484,22,2024-02-01 00:40:03,OPMC_LIFT,1176590000.0,229,229,231,4,0,4,50.02,0.8707999999999999,2024-02-01 00:40:08.000,2024-02-01 00:40:08.000,2024-02-01 00:40:08.000,668123430.0,4665306.0,1357510549,-110.0,94
834590,22,2024-02-01 01:10:03,OPMC_LIFT,1176600000.0,229,229,231,4,0,4,50.0,0.8678999999999999,2024-02-01 01:11:05.000,2024-02-01 01:11:05.000,2024-02-01 01:11:05.000,668126118.0,4666506.0,1357519048,-119.0,94
834673,22,2024-02-01 01:40:03,OPMC_LIFT,1176600000.0,229,230,232,4,0,4,50.03,0.8662,2024-02-01 01:40:11.000,2024-02-01 01:40:11.000,2024-02-01 01:40:11.000,668128816.0,4667706.0,1357527563,-114.0,94
834729,22,2024-02-01 01:50:03,OPMC_LIFT,1176610000.0,229,230,232,4,0,4,49.97,0.8673,2024-02-01 01:50:10.000,2024-02-01 01:50:10.000,2024-02-01 01:50:10.000,668129718.0,4668109.0,1357530414,-111.0,94
834760,22,2024-02-01 02:00:03,OPMC_LIFT,1176610000.0,230,230,232,4,0,4,49.96,0.8676999999999999,2024-02-01 02:00:13.000,2024-02-01 02:00:13.000,2024-02-01 02:00:13.000,668130624.0,4668509.0,1357533269,-121.0,94
834787,22,2024-02-01 02:10:03,OPMC_LIFT,1176610000.0,230,230,232,4,0,4,49.99,0.8702,2024-02-01 02:10:07.000,2024-02-01 02:10:07.000,2024-02-01 02:10:07.000,668131533.0,4668909.0,1357536126,-119.0,94
834854,22,2024-02-01 02:30:03,OPMC_LIFT,1176620000.0,230,231,233,4,0,4,50.05,0.8660999999999999,2024-02-01 02:30:10.000,2024-02-01 02:30:10.000,2024-02-01 02:30:10.000,668133350.0,4669709.0,1357541851,-112.0,94
834911,22,2024-02-01 02:50:03,OPMC_LIFT,1176620000.0,231,231,233,4,0,4,50.08,0.8655999999999999,2024-02-01 02:50:10.000,2024-02-01 02:50:10.000,2024-02-01 02:50:10.000,668135181.0,4670512.0,1357547611,-112.0,94
834944,22,2024-02-01 03:00:03,OPMC_LIFT,1176620000.0,229,229,231,4,0,4,50.03,0.8682,2024-02-01 03:00:14.000,2024-02-01 03:00:14.000,2024-02-01 03:00:14.000,668136077.0,4670912.0,1357550443,-111.0,94
835106,22,2024-02-01 04:00:03,OPMC_LIFT,1176640000.0,229,229,231,4,0,4,49.95,0.8665999999999999,2024-02-01 04:00:10.000,2024-02-01 04:00:10.000,2024-02-01 04:00:10.000,668141450.0,4673312.0,1357567416,-123.0,94
835169,22,2024-02-01 04:20:03,OPMC_LIFT,1176640000.0,229,229,231,4,0,4,49.99,0.8667999999999999,2024-02-01 04:20:10.000,2024-02-01 04:20:10.000,2024-02-01 04:20:10.000,668143238.0,4674112.0,1357573077,-120.0,94
835198,22,2024-02-01 04:30:03,OPMC_LIFT,1176650000.0,228,228,230,4,0,4,49.95,0.8678999999999999,2024-02-01 04:30:12.000,2024-02-01 04:30:12.000,2024-02-01 04:30:12.000,668144131.0,4674515.0,1357575899,-121.0,94
835229,22,2024-02-01 04:40:03,OPMC_LIFT,1176650000.0,228,228,230,4,0,4,49.96,0.8686999999999999,2024-02-01 04:40:11.000,2024-02-01 04:40:11.000,2024-02-01 04:40:11.000,668145021.0,4674915.0,1357578715,-120.0,94
835262,22,2024-02-01 04:50:03,OPMC_LIFT,1176650000.0,228,228,230,4,0,4,49.96,0.8670999999999999,2024-02-01 04:50:11.000,2024-02-01 04:50:11.000,2024-02-01 04:50:11.000,668145907.0,4675315.0,1357581528,-123.0,94
835290,22,2024-02-01 05:00:03,OPMC_LIFT,1176650000.0,227,228,230,4,0,4,49.95,0.8678999999999999,2024-02-01 05:00:10.000,2024-02-01 05:00:10.000,2024-02-01 05:00:10.000,668146794.0,4675712.0,1357584331,-108.0,94
835322,22,2024-02-01 05:10:03,OPMC_LIFT,1176660000.0,227,227,229,4,0,4,49.96,0.8680999999999999,2024-02-01 05:10:15.000,2024-02-01 05:10:15.000,2024-02-01 05:10:15.000,668147677.0,4676112.0,1357587131,-114.0,94
835464,22,2024-02-01 06:00:03,OPMC_LIFT,1176670000.0,225,226,227,4,0,4,50.01,0.8666999999999999,2024-02-01 06:00:10.000,2024-02-01 06:00:10.000,2024-02-01 06:00:10.000,668152013.0,4678109.0,1357600939,-120.0,94
835494,22,2024-02-01 06:10:03,OPMC_LIFT,1176670000.0,227,228,229,4,0,4,50.03,0.8688999999999999,2024-02-01 06:10:10.000,2024-02-01 06:10:10.000,2024-02-01 06:10:10.000,668152877.0,4678509.0,1357603688,-120.0,94
835557,22,2024-02-01 06:30:03,OPMC_LIFT,1176680000.0,227,227,229,4,0,4,50.05,0.8692,2024-02-01 06:30:13.000,2024-02-01 06:30:13.000,2024-02-01 06:30:13.000,668154627.0,4679309.0,1357609253,-113.0,94
835583,22,2024-02-01 06:40:03,OPMC_LIFT,1176680000.0,227,228,229,4,0,4,50.05,0.8699999999999999,2024-02-01 06:40:07.000,2024-02-01 06:40:07.000,2024-02-01 06:40:07.000,668155504.0,4679709.0,1357612033,-124.0,94
835624,22,2024-02-01 06:50:03,OPMC_LIFT,1176680000.0,226,227,229,4,0,4,49.99,0.8688999999999999,2024-02-01 06:50:12.000,2024-02-01 06:50:12.000,2024-02-01 06:50:12.000,668156374.0,4680109.0,1357614814,-114.0,94
835673,22,2024-02-01 07:10:03,OPMC_LIFT,1176690000.0,225,225,227,4,0,3,49.96,0.8699999999999999,2024-02-01 07:10:06.000,2024-02-01 07:10:06.000,2024-02-01 07:10:06.000,668158102.0,4680909.0,1357620312,-120.0,94
835760,22,2024-02-01 07:40:03,OPMC_LIFT,1176690000.0,225,225,227,4,0,4,50.02,0.8699999999999999,2024-02-01 07:40:07.000,2024-02-01 07:40:07.000,2024-02-01 07:40:07.000,668160691.0,4682106.0,1357628545,-113.0,94
835819,22,2024-02-01 08:00:03,OPMC_LIFT,1176700000.0,226,227,228,4,0,4,49.96,0.8675999999999999,2024-02-01 08:00:08.000,2024-02-01 08:00:08.000,2024-02-01 08:00:08.000,668162410.0,4682902.0,1357634011,-123.0,94
835906,22,2024-02-01 08:30:03,OPMC_LIFT,1176700000.0,227,227,229,4,0,4,50.02,0.8669999999999999,2024-02-01 08:30:07.000,2024-02-01 08:30:07.000,2024-02-01 08:30:07.000,668165005.0,4684099.0,1357642257,-107.0,94
835965,22,2024-02-01 08:50:03,OPMC_LIFT,1176710000.0,226,226,228,4,0,4,50.02,0.8704999999999999,2024-02-01 08:50:15.000,2024-02-01 08:50:15.000,2024-02-01 08:50:15.000,668166746.0,4684899.0,1357647777,-121.0,94
835989,22,2024-02-01 09:00:03,OPMC_LIFT,1176910000.0,219,221,223,381,404,404,49.98,0.8744999999999999,2024-02-01 09:00:13.000,2024-02-01 09:00:13.000,2024-02-01 09:00:13.000,668296694.0,4684906.0,1357887467,-109.0,94
836043,22,2024-02-01 09:20:03,OPMC_LIFT,1177640000.0,219,221,222,355,375,377,50.05,0.8733,2024-02-01 09:20:05.000,2024-02-01 09:20:05.000,2024-02-01 09:20:05.000,668701206.0,4684906.0,1358720600,-109.0,94
836102,22,2024-02-01 09:40:03,OPMC_LIFT,1178340000.0,220,223,224,348,369,369,50.01,0.8695999999999999,2024-02-01 09:40:13.000,2024-02-01 09:40:13.000,2024-02-01 09:40:13.000,669097549.0,4684906.0,1359533006,-121.0,94
836131,22,2024-02-01 09:50:03,OPMC_LIFT,1178700000.0,220,222,223,349,369,371,49.95,0.8709999999999999,2024-02-01 09:50:12.000,2024-02-01 09:50:12.000,2024-02-01 09:50:12.000,669295910.0,4684906.0,1359936014,-121.0,94
836205,22,2024-02-01 10:20:03,OPMC_LIFT,1179750000.0,219,221,222,346,366,367,49.96,0.8722,2024-02-01 10:20:06.000,2024-02-01 10:20:06.000,2024-02-01 10:20:06.000,669886115.0,4684906.0,1361144897,-121.0,94
836236,22,2024-02-01 10:30:03,OPMC_LIFT,1180100000.0,218,221,222,348,370,369,49.96,0.8725999999999999,2024-02-01 10:30:09.000,2024-02-01 10:30:09.000,2024-02-01 10:30:09.000,670082112.0,4684906.0,1361548078,-103.0,94
836259,22,2024-02-01 10:40:02,OPMC_LIFT,1180450000.0,218,221,222,350,372,372,50.02,0.8740999999999999,2024-02-01 10:40:12.000,2024-02-01 10:40:12.000,2024-02-01 10:40:12.000,670276989.0,4684906.0,1361949109,-108.0,94
836288,22,2024-02-01 10:50:02,OPMC_LIFT,1180800000.0,219,221,222,350,372,372,50.03,0.8734,2024-02-01 10:50:09.000,2024-02-01 10:50:09.000,2024-02-01 10:50:09.000,670472282.0,4684906.0,1362351013,-121.0,94
836313,22,2024-02-01 11:00:03,OPMC_LIFT,1181160000.0,219,221,222,348,369,370,50.02,0.8732,2024-02-01 11:00:11.000,2024-02-01 11:00:11.000,2024-02-01 11:00:11.000,670668205.0,4684906.0,1362754472,-109.0,94
836370,22,2024-02-01 11:20:03,OPMC_LIFT,1181860000.0,218,220,222,351,372,372,50.0,0.8743,2024-02-01 11:20:13.000,2024-02-01 11:20:13.000,2024-02-01 11:20:13.000,671059539.0,4684906.0,1363561157,-121.0,94
836397,22,2024-02-01 11:30:03,OPMC_LIFT,1182220000.0,218,220,222,359,380,381,49.97,0.8750999999999999,2024-02-01 11:30:06.000,2024-02-01 11:30:06.000,2024-02-01 11:30:06.000,671257037.0,4684906.0,1363969592,-109.0,94
836426,22,2024-02-01 11:40:03,OPMC_LIFT,1182570000.0,219,221,222,360,382,383,49.95,0.8749999999999999,2024-02-01 11:40:12.000,2024-02-01 11:40:12.000,2024-02-01 11:40:12.000,671454614.0,4684906.0,1364376315,-111.0,94
836476,22,2024-02-01 12:00:03,OPMC_LIFT,1183290000.0,221,223,225,347,369,371,49.95,0.8677999999999999,2024-02-01 12:00:08.000,2024-02-01 12:00:08.000,2024-02-01 12:00:08.000,671856294.0,4684906.0,1365201099,-104.0,94
836509,22,2024-02-01 12:10:03,OPMC_LIFT,1183650000.0,221,224,225,359,381,384,50.02,0.8696999999999999,2024-02-01 12:10:12.000,2024-02-01 12:10:12.000,2024-02-01 12:10:12.000,672058080.0,4684906.0,1365608632,-109.0,94
836586,22,2024-02-01 12:40:03,OPMC_LIFT,1184730000.0,221,223,225,358,380,382,50.03,0.8710999999999999,2024-02-01 12:40:07.000,2024-02-01 12:40:07.000,2024-02-01 12:40:07.000,672671405.0,4684906.0,1366854133,-114.0,94
836617,22,2024-02-01 12:50:03,OPMC_LIFT,1185090000.0,221,223,224,351,372,374,50.04,0.8702,2024-02-01 12:50:11.000,2024-02-01 12:50:11.000,2024-02-01 12:50:11.000,672872874.0,4684906.0,1367263576,-121.0,94
836646,22,2024-02-01 13:00:03,OPMC_LIFT,1185450000.0,220,222,224,349,370,372,49.96,0.8700999999999999,2024-02-01 13:00:11.000,2024-02-01 13:00:11.000,2024-02-01 13:00:11.000,673075642.0,4684906.0,1367677803,-121.0,94
836696,22,2024-02-01 13:20:03,OPMC_LIFT,1186170000.0,220,222,224,362,383,384,49.98,0.8729999999999999,2024-02-01 13:20:13.000,2024-02-01 13:20:13.000,2024-02-01 13:20:13.000,673474160.0,4684906.0,1368499294,-113.0,94
836722,22,2024-02-01 13:30:03,OPMC_LIFT,1186520000.0,220,222,224,347,368,369,49.96,0.8699999999999999,2024-02-01 13:30:14.000,2024-02-01 13:30:14.000,2024-02-01 13:30:14.000,673673530.0,4684906.0,1368906190,-112.0,94
836747,22,2024-02-01 13:40:03,OPMC_LIFT,1186870000.0,221,223,224,349,369,370,50.04,0.8694999999999999,2024-02-01 13:40:11.000,2024-02-01 13:40:11.000,2024-02-01 13:40:11.000,673871558.0,4684906.0,1369308449,-103.0,94
836842,22,2024-02-01 14:20:03,OPMC_LIFT,1188270000.0,221,223,225,350,370,371,49.98,0.8677999999999999,2024-02-01 14:20:08.000,2024-02-01 14:20:08.000,2024-02-01 14:20:08.000,674670259.0,4684906.0,1370921733,-102.0,94
836912,22,2024-02-01 14:40:03,OPMC_LIFT,1188980000.0,222,224,225,340,361,363,50.0,0.8650999999999999,2024-02-01 14:40:07.000,2024-02-01 14:40:07.000,2024-02-01 14:40:07.000,675074246.0,4684906.0,1371737179,-112.0,94
836988,22,2024-02-01 15:10:03,OPMC_LIFT,1190010000.0,223,225,227,354,372,374,50.04,0.8675999999999999,2024-02-01 15:10:11.000,2024-02-01 15:10:11.000,2024-02-01 15:10:11.000,675674531.0,4684906.0,1372932485,-114.0,94
837014,22,2024-02-01 15:20:02,OPMC_LIFT,1190350000.0,223,225,227,339,357,359,49.96,0.8618999999999999,2024-02-01 15:20:11.000,2024-02-01 15:20:11.000,2024-02-01 15:20:11.000,675874131.0,4684906.0,1373328549,-121.0,94
837139,22,2024-02-01 16:10:03,OPMC_LIFT,1191240000.0,229,229,231,3,0,3,49.97,0.4684999999999999,2024-02-01 16:10:13.000,2024-02-01 16:10:13.000,2024-02-01 16:10:13.000,676394736.0,4685683.0,1374358465,-111.0,94
837237,22,2024-02-01 16:50:03,OPMC_LIFT,1191250000.0,228,229,230,4,0,4,50.0,0.8674999999999999,2024-02-01 16:50:07.000,2024-02-01 16:50:07.000,2024-02-01 16:50:07.000,676398947.0,4687901.0,1374372248,-105.0,94
837263,22,2024-02-01 17:00:03,OPMC_LIFT,1191260000.0,229,229,231,4,0,4,50.01,0.8649999999999999,2024-02-01 17:00:06.000,2024-02-01 17:00:06.000,2024-02-01 17:00:06.000,676399843.0,4688298.0,1374375067,-109.0,94
837295,22,2024-02-01 17:10:03,OPMC_LIFT,1191260000.0,230,230,232,4,0,4,50.01,0.8654,2024-02-01 17:10:09.000,2024-02-01 17:10:09.000,2024-02-01 17:10:09.000,676400749.0,4688694.0,1374377912,-113.0,94
837353,22,2024-02-01 17:30:03,OPMC_LIFT,1191260000.0,228,228,230,4,0,4,49.96,0.8673,2024-02-01 17:30:10.000,2024-02-01 17:30:10.000,2024-02-01 17:30:10.000,676402538.0,4689488.0,1374383550,-111.0,94
837384,22,2024-02-01 17:40:03,OPMC_LIFT,1191270000.0,228,229,230,4,0,4,50.01,0.8667999999999999,2024-02-01 17:40:10.000,2024-02-01 17:40:10.000,2024-02-01 17:40:10.000,676403430.0,4689885.0,1374386363,-121.0,94
837436,22,2024-02-01 18:00:03,OPMC_LIFT,1191270000.0,230,230,232,4,0,4,50.02,0.8667999999999999,2024-02-01 18:00:13.000,2024-02-01 18:00:13.000,2024-02-01 18:00:13.000,676405226.0,4690678.0,1374392017,-111.0,94
837460,22,2024-02-01 18:10:03,OPMC_LIFT,1191270000.0,230,230,232,4,0,4,49.99,0.8675999999999999,2024-02-01 18:10:14.000,2024-02-01 18:10:14.000,2024-02-01 18:10:14.000,676406134.0,4691078.0,1374394872,-121.0,94
837488,22,2024-02-01 18:20:03,OPMC_LIFT,1191280000.0,228,229,230,4,0,4,50.0,0.8680999999999999,2024-02-01 18:20:09.000,2024-02-01 18:20:09.000,2024-02-01 18:20:09.000,676407046.0,4691475.0,1374397726,-105.0,94
837511,22,2024-02-01 18:30:03,OPMC_LIFT,1191280000.0,228,229,230,4,0,4,49.99,0.8675999999999999,2024-02-01 18:30:11.000,2024-02-01 18:30:11.000,2024-02-01 18:30:11.000,676407939.0,4691872.0,1374400542,-113.0,94
837522,22,2024-02-01 18:38:33,OPMC_LIFT,1191280000.0,229,229,231,4,0,4,50.05,0.8650999999999999,2024-02-01 18:38:40.000,2024-02-01 18:38:40.000,2024-02-01 18:38:40.000,676408698.0,4692211.0,1374402936,-110.0,94
837536,22,2024-02-01 18:40:03,OPMC_LIFT,1191280000.0,228,229,231,4,0,4,50.06,0.8656999999999999,2024-02-01 18:40:09.000,2024-02-01 18:40:09.000,2024-02-01 18:40:09.000,676408832.0,4692269.0,1374403361,-121.0,94
837564,22,2024-02-01 18:50:03,OPMC_LIFT,1191280000.0,228,229,231,4,0,4,50.01,0.8656999999999999,2024-02-01 18:50:11.000,2024-02-01 18:50:11.000,2024-02-01 18:50:11.000,676409728.0,4692669.0,1374406187,-124.0,94
837615,22,2024-02-01 19:10:02,OPMC_LIFT,1191290000.0,226,226,228,4,0,4,49.97,0.8677999999999999,2024-02-01 19:10:07.000,2024-02-01 19:10:07.000,2024-02-01 19:10:07.000,676411504.0,4693466.0,1374411787,-112.0,94
837644,22,2024-02-01 19:20:02,OPMC_LIFT,1191290000.0,226,226,228,4,0,4,50.02,0.8686999999999999,2024-02-01 19:20:12.000,2024-02-01 19:20:12.000,2024-02-01 19:20:12.000,676412371.0,4693862.0,1374414542,-109.0,94
837665,22,2024-02-01 19:30:02,OPMC_LIFT,1191290000.0,226,227,228,4,0,4,50.01,0.8667999999999999,2024-02-01 19:30:07.000,2024-02-01 19:30:07.000,2024-02-01 19:30:07.000,676413238.0,4694259.0,1374417294,-105.0,94
837770,22,2024-02-01 20:10:03,OPMC_LIFT,1191300000.0,226,227,228,4,0,4,50.01,0.8669999999999999,2024-02-01 20:10:11.000,2024-02-01 20:10:11.000,2024-02-01 20:10:11.000,676416720.0,4695850.0,1374428344,-107.0,94
837796,22,2024-02-01 20:20:03,OPMC_LIFT,1191310000.0,226,227,228,4,0,4,50.05,0.8680999999999999,2024-02-01 20:20:09.000,2024-02-01 20:20:09.000,2024-02-01 20:20:09.000,676417594.0,4696246.0,1374431115,-101.0,94
837878,22,2024-02-01 20:50:03,OPMC_LIFT,1191310000.0,226,227,228,4,0,4,49.98,0.8695999999999999,2024-02-01 20:50:14.000,2024-02-01 20:50:14.000,2024-02-01 20:50:14.000,676420208.0,4697443.0,1374439409,-103.0,94
837902,22,2024-02-01 21:00:03,OPMC_LIFT,1191310000.0,227,227,229,4,0,4,50.06,0.8666999999999999,2024-02-01 21:00:06.000,2024-02-01 21:00:06.000,2024-02-01 21:00:06.000,676421082.0,4697840.0,1374442181,-115.0,94
837932,22,2024-02-01 21:10:03,OPMC_LIFT,1191320000.0,226,226,228,4,0,4,49.97,0.8688999999999999,2024-02-01 21:10:09.000,2024-02-01 21:10:09.000,2024-02-01 21:10:09.000,676421958.0,4698240.0,1374444965,-108.0,94
837958,22,2024-02-01 21:20:03,OPMC_LIFT,1191320000.0,226,227,229,4,0,4,50.04,0.8703,2024-02-01 21:20:10.000,2024-02-01 21:20:10.000,2024-02-01 21:20:10.000,676422829.0,4698640.0,1374447729,-112.0,94
838036,22,2024-02-01 21:50:03,OPMC_LIFT,1191330000.0,226,227,228,4,0,4,49.97,0.8675999999999999,2024-02-01 21:50:09.000,2024-02-01 21:50:09.000,2024-02-01 21:50:09.000,676425446.0,4699837.0,1374456033,-109.0,94
838057,22,2024-02-01 22:00:03,OPMC_LIFT,1191330000.0,227,227,229,4,0,4,50.03,0.8660999999999999,2024-02-01 22:00:06.000,2024-02-01 22:00:06.000,2024-02-01 22:00:06.000,676426323.0,4700234.0,1374458811,-121.0,94
838092,22,2024-02-01 22:10:03,OPMC_LIFT,1191330000.0,227,227,229,4,0,4,50.07,0.8687999999999999,2024-02-01 22:10:13.000,2024-02-01 22:10:13.000,2024-02-01 22:10:13.000,676427203.0,4700634.0,1374461598,-106.0,94
838136,22,2024-02-01 22:30:03,OPMC_LIFT,1191340000.0,227,227,229,4,0,4,49.96,0.8677999999999999,2024-02-01 22:30:05.000,2024-02-01 22:30:05.000,2024-02-01 22:30:05.000,676428957.0,4701430.0,1374467153,-111.0,94
838181,22,2024-02-01 22:40:03,OPMC_LIFT,1191340000.0,227,227,229,4,0,4,50.05,0.8667999999999999,2024-02-01 22:40:09.000,2024-02-01 22:40:09.000,2024-02-01 22:40:09.000,676429830.0,4701830.0,1374469925,-123.0,94
838212,22,2024-02-01 22:50:03,OPMC_LIFT,1191340000.0,227,227,229,4,0,4,50.0,0.8648999999999999,2024-02-01 22:50:09.000,2024-02-01 22:50:09.000,2024-02-01 22:50:09.000,676430707.0,4702227.0,1374472702,-105.0,94
838269,22,2024-02-01 23:10:03,OPMC_LIFT,1191350000.0,227,228,229,4,0,4,50.03,0.8674999999999999,2024-02-01 23:10:11.000,2024-02-01 23:10:11.000,2024-02-01 23:10:11.000,676432470.0,4703024.0,1374478280,-109.0,94
838297,22,2024-02-01 23:20:03,OPMC_LIFT,1191350000.0,227,227,229,4,0,4,49.96,0.8688999999999999,2024-02-01 23:20:09.000,2024-02-01 23:20:09.000,2024-02-01 23:20:09.000,676433350.0,4703424.0,1374481070,-111.0,94
838321,22,2024-02-01 23:30:03,OPMC_LIFT,1191350000.0,227,227,229,4,0,4,49.97,0.8690999999999999,2024-02-01 23:30:06.000,2024-02-01 23:30:06.000,2024-02-01 23:30:06.000,676434230.0,4703821.0,1374483864,-113.0,94
838379,22,2024-02-01 23:50:03,OPMC_LIFT,1191360000.0,227,228,230,4,0,4,50.04,0.8664999999999999,2024-02-01 23:50:07.000,2024-02-01 23:50:07.000,2024-02-01 23:50:07.000,676435997.0,4704618.0,1374489451,-109.0,94
838438,22,2024-02-02 00:10:03,OPMC_LIFT,1191360000.0,228,228,230,4,0,4,50.03,0.8662,2024-02-02 00:10:13.000,2024-02-02 00:10:13.000,2024-02-02 00:10:13.000,676437770.0,4705418.0,1374495061,-102.0,94
838493,22,2024-02-02 00:30:03,OPMC_LIFT,1191370000.0,228,229,230,4,0,4,49.99,0.8675999999999999,2024-02-02 00:30:10.000,2024-02-02 00:30:10.000,2024-02-02 00:30:10.000,676439552.0,4706214.0,1374500683,-108.0,94
838520,22,2024-02-02 00:40:03,OPMC_LIFT,1191370000.0,228,229,231,4,0,4,50.0,0.8684999999999999,2024-02-02 00:40:10.000,2024-02-02 00:40:10.000,2024-02-02 00:40:10.000,676440445.0,4706614.0,1374503502,-103.0,94
838572,22,2024-02-02 01:00:03,OPMC_LIFT,1191370000.0,229,229,231,4,0,4,50.04,0.8674,2024-02-02 01:00:11.000,2024-02-02 01:00:11.000,2024-02-02 01:00:11.000,676442240.0,4707411.0,1374509160,-114.0,94
838601,22,2024-02-02 01:10:03,OPMC_LIFT,1191380000.0,229,229,231,4,0,4,50.05,0.8694999999999999,2024-02-02 01:10:13.000,2024-02-02 01:10:13.000,2024-02-02 01:10:13.000,676443139.0,4707808.0,1374511992,-109.0,94
838656,22,2024-02-02 01:30:03,OPMC_LIFT,1191380000.0,229,229,231,4,0,4,50.0,0.8659999999999999,2024-02-02 01:30:15.000,2024-02-02 01:30:15.000,2024-02-02 01:30:15.000,676444938.0,4708608.0,1374517653,-118.0,94
838704,22,2024-02-02 01:50:03,OPMC_LIFT,1191390000.0,229,230,232,4,0,4,50.03,0.8627999999999999,2024-02-02 01:50:15.000,2024-02-02 01:50:15.000,2024-02-02 01:50:15.000,676446742.0,4709405.0,1374523333,-108.0,94
838737,22,2024-02-02 02:00:03,OPMC_LIFT,1191390000.0,230,230,232,4,0,4,50.06,0.8669999999999999,2024-02-02 02:00:14.000,2024-02-02 02:00:14.000,2024-02-02 02:00:14.000,676447648.0,4709805.0,1374526181,-105.0,94
838810,22,2024-02-02 02:30:03,OPMC_LIFT,1191400000.0,230,230,232,4,0,4,50.04,0.8664999999999999,2024-02-02 02:30:07.000,2024-02-02 02:30:07.000,2024-02-02 02:30:07.000,676450374.0,4711002.0,1374534750,-108.0,94
838823,22,2024-02-02 02:37:29,OPMC_LIFT,1191400000.0,230,230,232,4,0,4,50.01,0.8674999999999999,2024-02-02 02:37:32.000,2024-02-02 02:37:32.000,2024-02-02 02:37:32.000,676451050.0,4711299.0,1374536875,-115.0,94
838842,22,2024-02-02 02:40:03,OPMC_LIFT,1191400000.0,230,230,232,4,0,4,49.99,0.8654,2024-02-02 02:40:09.000,2024-02-02 02:40:09.000,2024-02-02 02:40:09.000,676451283.0,4711405.0,1374537611,-113.0,94
838955,22,2024-02-02 03:20:03,OPMC_LIFT,1191410000.0,231,231,233,4,0,4,50.07,0.8710999999999999,2024-02-02 03:20:08.000,2024-02-02 03:20:08.000,2024-02-02 03:20:08.000,676454954.0,4713005.0,1374549115,-120.0,94
838982,22,2024-02-02 03:30:03,OPMC_LIFT,1191410000.0,231,231,233,4,0,4,50.0,0.8643,2024-02-02 03:30:08.000,2024-02-02 03:30:08.000,2024-02-02 03:30:08.000,676455875.0,4713405.0,1374552001,-103.0,94
839008,22,2024-02-02 03:40:03,OPMC_LIFT,1191410000.0,231,231,233,4,0,4,50.01,0.8649999999999999,2024-02-02 03:40:11.000,2024-02-02 03:40:11.000,2024-02-02 03:40:11.000,676456797.0,4713805.0,1374554888,-119.0,94
839060,22,2024-02-02 04:00:03,OPMC_LIFT,1191420000.0,231,231,233,4,0,4,50.03,0.8678999999999999,2024-02-02 04:00:12.000,2024-02-02 04:00:12.000,2024-02-02 04:00:12.000,676458640.0,4714605.0,1374560661,-112.0,94
839088,22,2024-02-02 04:10:03,OPMC_LIFT,1191420000.0,231,231,233,4,0,4,50.07,0.8649999999999999,2024-02-02 04:10:10.000,2024-02-02 04:10:10.000,2024-02-02 04:10:10.000,676459558.0,4715005.0,1374563547,-109.0,94
839147,22,2024-02-02 04:30:03,OPMC_LIFT,1191430000.0,230,231,232,4,0,4,49.97,0.8656999999999999,2024-02-02 04:30:12.000,2024-02-02 04:30:12.000,2024-02-02 04:30:12.000,676461392.0,4715808.0,1374569294,-108.0,94
839177,22,2024-02-02 04:40:03,OPMC_LIFT,1191430000.0,231,231,233,4,0,4,50.05,0.8670999999999999,2024-02-02 04:40:08.000,2024-02-02 04:40:08.000,2024-02-02 04:40:08.000,676462310.0,4716211.0,1374572171,-123.0,94
839204,22,2024-02-02 04:50:03,OPMC_LIFT,1191430000.0,230,230,232,4,0,4,49.99,0.8655999999999999,2024-02-02 04:50:09.000,2024-02-02 04:50:09.000,2024-02-02 04:50:09.000,676463226.0,4716611.0,1374575045,-101.0,94
839282,22,2024-02-02 05:20:03,OPMC_LIFT,1191440000.0,229,229,231,4,0,4,50.0,0.8664999999999999,2024-02-02 05:20:06.000,2024-02-02 05:20:06.000,2024-02-02 05:20:06.000,676465952.0,4717811.0,1374583601,-113.0,94
839394,22,2024-02-02 06:00:03,OPMC_LIFT,1191450000.0,228,229,230,4,0,4,50.05,0.8680999999999999,2024-02-02 06:00:08.000,2024-02-02 06:00:08.000,2024-02-02 06:00:08.000,676469526.0,4719408.0,1374594872,-100.0,94
839482,22,2024-02-02 06:30:03,OPMC_LIFT,1191450000.0,228,228,230,4,0,4,50.05,0.8674999999999999,2024-02-02 06:30:11.000,2024-02-02 06:30:11.000,2024-02-02 06:30:11.000,676472202.0,4720611.0,1374603313,-110.0,94
839545,22,2024-02-02 06:50:03,OPMC_LIFT,1191460000.0,227,228,229,4,0,4,50.08,0.8667999999999999,2024-02-02 06:50:13.000,2024-02-02 06:50:13.000,2024-02-02 06:50:13.000,676473968.0,4721414.0,1374608907,-113.0,94
839568,22,2024-02-02 07:00:03,OPMC_LIFT,1191460000.0,227,227,229,4,0,4,50.04,0.8686999999999999,2024-02-02 07:00:08.000,2024-02-02 07:00:08.000,2024-02-02 07:00:08.000,676474851.0,4721814.0,1374611694,-111.0,94
839600,22,2024-02-02 07:10:04,OPMC_LIFT,1191460000.0,226,226,228,4,0,4,49.99,0.8677999999999999,2024-02-02 07:10:13.000,2024-02-02 07:10:13.000,2024-02-02 07:10:13.000,676475728.0,4722214.0,1374614465,-125.0,94
839702,22,2024-02-02 07:50:03,OPMC_LIFT,1191470000.0,225,225,227,4,0,4,50.02,0.8686999999999999,2024-02-02 07:50:09.000,2024-02-02 07:50:09.000,2024-02-02 07:50:09.000,676479194.0,4723808.0,1374625464,-102.0,94
839731,22,2024-02-02 08:00:03,OPMC_LIFT,1191480000.0,226,227,229,4,0,4,50.08,0.8693,2024-02-02 08:00:09.000,2024-02-02 08:00:09.000,2024-02-02 08:00:09.000,676480054.0,4724208.0,1374628190,-100.0,94
839785,22,2024-02-02 08:20:03,OPMC_LIFT,1191480000.0,226,227,229,4,0,4,49.95,0.8674,2024-02-02 08:20:07.000,2024-02-02 08:20:07.000,2024-02-02 08:20:07.000,676481786.0,4725002.0,1374633681,-111.0,94
839867,22,2024-02-02 08:50:03,OPMC_LIFT,1192020000.0,218,220,222,358,380,377,50.0,0.8703,2024-02-02 08:50:14.000,2024-02-02 08:50:14.000,2024-02-02 08:50:14.000,676805408.0,4725427.0,1375262869,-109.0,94
839891,22,2024-02-02 09:00:03,OPMC_LIFT,1192260000.0,223,225,226,199,205,209,50.01,0.8687999999999999,2024-02-02 09:00:10.000,2024-02-02 09:00:10.000,2024-02-02 09:00:10.000,676943613.0,4725427.0,1375543790,-108.0,94
840026,22,2024-02-02 09:50:03,OPMC_LIFT,1193370000.0,221,223,224,198,206,208,50.05,0.8618999999999999,2024-02-02 09:50:11.000,2024-02-02 09:50:11.000,2024-02-02 09:50:11.000,677606730.0,4725427.0,1376839121,-115.0,94
840079,22,2024-02-02 10:10:03,OPMC_LIFT,1193810000.0,223,224,226,198,207,209,49.94,0.8586999999999999,2024-02-02 10:10:13.000,2024-02-02 10:10:13.000,2024-02-02 10:10:13.000,677880058.0,4725427.0,1377352446,-112.0,94
840140,22,2024-02-02 10:39:20,OPMC_LIFT,1194440000.0,223,224,226,199,207,209,49.98,0.8593999999999999,2024-02-02 10:39:26.000,2024-02-02 10:39:26.000,2024-02-02 10:39:26.000,678274480.0,4725427.0,1378097643,-110.0,94
840155,22,2024-02-02 10:40:02,OPMC_LIFT,1194450000.0,223,224,226,199,207,209,49.95,0.8596999999999999,2024-02-02 10:40:08.000,2024-02-02 10:40:08.000,2024-02-02 10:40:08.000,678282685.0,4725427.0,1378113723,-125.0,94
840217,22,2024-02-02 11:00:02,OPMC_LIFT,1194870000.0,221,223,224,312,330,329,50.04,0.8483999999999999,2024-02-02 11:00:09.000,2024-02-02 11:00:09.000,2024-02-02 11:00:09.000,678550637.0,4725427.0,1378613688,-113.0,94
840328,22,2024-02-02 11:40:03,OPMC_LIFT,1195750000.0,224,226,227,206,213,217,50.05,0.8712,2024-02-02 11:40:13.000,2024-02-02 11:40:13.000,2024-02-02 11:40:13.000,679089974.0,4725427.0,1379644376,-114.0,94
840348,22,2024-02-02 11:50:03,OPMC_LIFT,1195960000.0,225,226,228,209,216,219,50.0,0.8707999999999999,2024-02-02 11:50:10.000,2024-02-02 11:50:10.000,2024-02-02 11:50:10.000,679208768.0,4725427.0,1379886584,-113.0,94
840380,22,2024-02-02 12:00:03,OPMC_LIFT,1196170000.0,225,227,228,212,219,224,50.04,0.8713,2024-02-02 12:00:11.000,2024-02-02 12:00:11.000,2024-02-02 12:00:11.000,679328602.0,4725427.0,1380130437,-103.0,94
840427,22,2024-02-02 12:20:03,OPMC_LIFT,1196600000.0,226,227,229,209,214,220,50.05,0.8694999999999999,2024-02-02 12:20:10.000,2024-02-02 12:20:10.000,2024-02-02 12:20:10.000,679569094.0,4725427.0,1380619173,-109.0,94
840482,22,2024-02-02 12:40:02,OPMC_LIFT,1197030000.0,225,227,228,210,216,221,50.01,0.8705999999999999,2024-02-02 12:40:09.000,2024-02-02 12:40:09.000,2024-02-02 12:40:09.000,679810304.0,4725427.0,1381110001,-105.0,94
840513,22,2024-02-02 12:50:02,OPMC_LIFT,1197240000.0,224,226,228,211,218,221,50.06,0.8724,2024-02-02 12:50:08.000,2024-02-02 12:50:08.000,2024-02-02 12:50:08.000,679930845.0,4725427.0,1381356117,-115.0,94
840567,22,2024-02-02 13:10:03,OPMC_LIFT,1197720000.0,221,222,223,203,212,213,50.03,0.8663,2024-02-02 13:10:10.000,2024-02-02 13:10:10.000,2024-02-02 13:10:10.000,680228976.0,4725427.0,1381925985,-111.0,94
840595,22,2024-02-02 13:20:03,OPMC_LIFT,1197950000.0,220,222,223,301,321,319,49.97,0.8482999999999999,2024-02-02 13:20:11.000,2024-02-02 13:20:11.000,2024-02-02 13:20:11.000,680366902.0,4725427.0,1382191438,-109.0,94
840644,22,2024-02-02 13:40:03,OPMC_LIFT,1198410000.0,221,222,224,205,214,215,49.97,0.8663,2024-02-02 13:40:10.000,2024-02-02 13:40:10.000,2024-02-02 13:40:10.000,680641142.0,4725427.0,1382725697,-113.0,94
840715,22,2024-02-02 14:10:03,OPMC_LIFT,1199070000.0,221,222,224,211,220,221,50.04,0.8678999999999999,2024-02-02 14:10:06.000,2024-02-02 14:10:06.000,2024-02-02 14:10:06.000,681039699.0,4725427.0,1383501189,-113.0,94
840741,22,2024-02-02 14:20:03,OPMC_LIFT,1199320000.0,222,223,225,129,134,138,50.0,0.8147,2024-02-02 14:20:10.000,2024-02-02 14:20:10.000,2024-02-02 14:20:10.000,681190771.0,4725427.0,1383792177,-113.0,94
840762,22,2024-02-02 14:30:03,OPMC_LIFT,1199550000.0,221,222,224,203,212,213,49.98,0.8643,2024-02-02 14:30:06.000,2024-02-02 14:30:06.000,2024-02-02 14:30:06.000,681329331.0,4725427.0,1384058209,-110.0,94
840804,22,2024-02-02 14:40:03,OPMC_LIFT,1199760000.0,220,222,223,261,276,274,49.98,0.8397999999999999,2024-02-02 14:40:12.000,2024-02-02 14:40:12.000,2024-02-02 14:40:12.000,681448848.0,4725427.0,1384297925,-111.0,94
840858,22,2024-02-02 15:00:03,OPMC_LIFT,1200230000.0,221,223,224,209,218,220,50.0,0.8672,2024-02-02 15:00:13.000,2024-02-02 15:00:13.000,2024-02-02 15:00:13.000,681738666.0,4725427.0,1384856571,-112.0,94
840881,22,2024-02-02 15:10:03,OPMC_LIFT,1200440000.0,220,222,223,250,265,265,49.98,0.8188,2024-02-02 15:10:09.000,2024-02-02 15:10:09.000,2024-02-02 15:10:09.000,681860474.0,4725427.0,1385100545,-123.0,94
840910,22,2024-02-02 15:20:03,OPMC_LIFT,1200670000.0,221,223,224,215,222,224,49.98,0.8756999999999999,2024-02-02 15:20:11.000,2024-02-02 15:20:11.000,2024-02-02 15:20:11.000,682001114.0,4725427.0,1385368878,-123.0,94
841005,22,2024-02-02 16:00:03,OPMC_LIFT,1201540000.0,222,223,225,216,222,225,50.01,0.8759999999999999,2024-02-02 16:00:06.000,2024-02-02 16:00:06.000,2024-02-02 16:00:06.000,682475414.0,4725427.0,1386355080,-110.0,94
841090,22,2024-02-02 16:30:02,OPMC_LIFT,1201620000.0,226,227,229,3,0,0,50.0,0.0,2024-02-02 16:30:08.000,2024-02-02 16:30:08.000,2024-02-02 16:30:08.000,682522346.0,4725427.0,1386450888,-109.0,94
841170,22,2024-02-02 17:00:02,OPMC_LIFT,1201630000.0,229,230,231,4,0,4,50.01,0.8695999999999999,2024-02-02 17:00:09.000,2024-02-02 17:00:09.000,2024-02-02 17:00:09.000,682524941.0,4726419.0,1386458472,-109.0,94
841201,22,2024-02-02 17:10:03,OPMC_LIFT,1201630000.0,228,229,230,4,0,4,50.06,0.8652,2024-02-02 17:10:10.000,2024-02-02 17:10:10.000,2024-02-02 17:10:10.000,682525837.0,4726819.0,1386461297,-108.0,94
841229,22,2024-02-02 17:20:03,OPMC_LIFT,1201630000.0,229,229,231,4,0,4,49.97,0.8688999999999999,2024-02-02 17:20:11.000,2024-02-02 17:20:11.000,2024-02-02 17:20:11.000,682526730.0,4727219.0,1386464117,-113.0,94
841340,22,2024-02-02 18:00:03,OPMC_LIFT,1201640000.0,229,230,231,4,0,4,50.13,0.8670999999999999,2024-02-02 18:00:10.000,2024-02-02 18:00:10.000,2024-02-02 18:00:10.000,682530326.0,4728813.0,1386475470,-105.0,94
841390,22,2024-02-02 18:20:03,OPMC_LIFT,1201650000.0,230,230,232,4,0,4,49.94,0.8684,2024-02-02 18:20:09.000,2024-02-02 18:20:09.000,2024-02-02 18:20:09.000,682532134.0,4729610.0,1386481169,-111.0,94
841418,22,2024-02-02 18:30:03,OPMC_LIFT,1201650000.0,230,230,232,4,0,4,49.97,0.8679999999999999,2024-02-02 18:30:06.000,2024-02-02 18:30:06.000,2024-02-02 18:30:06.000,682533043.0,4730003.0,1386484027,-112.0,94
841427,22,2024-02-02 18:36:54,OPMC_LIFT,1201650000.0,230,230,232,4,0,4,50.01,0.8674,2024-02-02 18:37:04.000,2024-02-02 18:37:04.000,2024-02-02 18:37:04.000,682533667.0,4730275.0,1386485985,-108.0,94
841497,22,2024-02-02 19:00:03,OPMC_LIFT,1201660000.0,230,230,232,4,0,4,50.0,0.8690999999999999,2024-02-02 19:00:06.000,2024-02-02 19:00:06.000,2024-02-02 19:00:06.000,682535776.0,4731197.0,1386492622,-121.0,94
841528,22,2024-02-02 19:10:03,OPMC_LIFT,1201660000.0,230,230,232,4,0,4,49.99,0.8654999999999999,2024-02-02 19:10:07.000,2024-02-02 19:10:07.000,2024-02-02 19:10:07.000,682536685.0,4731597.0,1386495486,-103.0,94
841584,22,2024-02-02 19:30:03,OPMC_LIFT,1201660000.0,230,230,232,4,0,4,50.01,0.8654,2024-02-02 19:30:13.000,2024-02-02 19:30:13.000,2024-02-02 19:30:13.000,682538502.0,4732397.0,1386501205,-112.0,94
841610,22,2024-02-02 19:40:03,OPMC_LIFT,1201670000.0,230,230,232,4,0,4,49.99,0.8686999999999999,2024-02-02 19:40:10.000,2024-02-02 19:40:10.000,2024-02-02 19:40:10.000,682539408.0,4732797.0,1386504065,-106.0,94
841656,22,2024-02-02 20:00:03,OPMC_LIFT,1201670000.0,230,230,232,4,0,4,50.01,0.8677999999999999,2024-02-02 20:00:05.000,2024-02-02 20:00:05.000,2024-02-02 20:00:05.000,682541229.0,4733594.0,1386509797,-113.0,94
841687,22,2024-02-02 20:10:03,OPMC_LIFT,1201670000.0,230,231,232,4,0,4,50.01,0.8704,2024-02-02 20:10:11.000,2024-02-02 20:10:11.000,2024-02-02 20:10:11.000,682542141.0,4733997.0,1386512661,-113.0,94
841716,22,2024-02-02 20:20:03,OPMC_LIFT,1201680000.0,230,231,232,4,0,4,49.96,0.8654,2024-02-02 20:20:10.000,2024-02-02 20:20:10.000,2024-02-02 20:20:10.000,682543050.0,4734397.0,1386515531,-123.0,94
841740,22,2024-02-02 20:30:03,OPMC_LIFT,1201680000.0,230,231,233,4,0,4,50.03,0.8685999999999999,2024-02-02 20:30:08.000,2024-02-02 20:30:08.000,2024-02-02 20:30:08.000,682543962.0,4734797.0,1386518398,-111.0,94
841843,22,2024-02-02 21:10:03,OPMC_LIFT,1201690000.0,231,231,233,4,0,4,50.02,0.8670999999999999,2024-02-02 21:10:06.000,2024-02-02 21:10:06.000,2024-02-02 21:10:06.000,682547613.0,4736400.0,1386529880,-108.0,94
841925,22,2024-02-02 21:40:03,OPMC_LIFT,1201700000.0,229,229,231,4,0,4,50.06,0.8673,2024-02-02 21:40:14.000,2024-02-02 21:40:14.000,2024-02-02 21:40:14.000,682550336.0,4737606.0,1386538453,-112.0,94
841947,22,2024-02-02 21:50:03,OPMC_LIFT,1201700000.0,229,230,232,4,0,4,50.0,0.8708999999999999,2024-02-02 21:50:10.000,2024-02-02 21:50:10.000,2024-02-02 21:50:10.000,682551238.0,4738006.0,1386541301,-112.0,94
842051,22,2024-02-02 22:30:03,OPMC_LIFT,1201710000.0,227,227,229,4,0,4,50.02,0.8696999999999999,2024-02-02 22:30:12.000,2024-02-02 22:30:12.000,2024-02-02 22:30:12.000,682554790.0,4739610.0,1386552549,-123.0,94
842141,22,2024-02-02 23:00:03,OPMC_LIFT,1201720000.0,228,229,231,4,0,4,50.02,0.8682,2024-02-02 23:00:12.000,2024-02-02 23:00:12.000,2024-02-02 23:00:12.000,682557453.0,4740813.0,1386560984,-113.0,94
842167,22,2024-02-02 23:10:03,OPMC_LIFT,1201720000.0,228,229,231,4,0,4,50.06,0.8667999999999999,2024-02-02 23:10:15.000,2024-02-02 23:10:15.000,2024-02-02 23:10:15.000,682558349.0,4741213.0,1386563813,-105.0,94
842247,22,2024-02-02 23:40:03,OPMC_LIFT,1201730000.0,228,229,231,4,0,4,50.03,0.8665999999999999,2024-02-02 23:40:12.000,2024-02-02 23:40:12.000,2024-02-02 23:40:12.000,682561024.0,4742413.0,1386572286,-120.0,94
842269,22,2024-02-02 23:50:03,OPMC_LIFT,1201730000.0,229,229,231,4,0,4,50.01,0.8694999999999999,2024-02-02 23:50:08.000,2024-02-02 23:50:08.000,2024-02-02 23:50:08.000,682561920.0,4742816.0,1386575115,-102.0,94
842361,22,2024-02-03 00:20:03,OPMC_LIFT,1201740000.0,229,230,232,4,0,4,50.08,0.8657999999999999,2024-02-03 00:20:14.000,2024-02-03 00:20:14.000,2024-02-03 00:20:14.000,682564621.0,4744019.0,1386583649,-113.0,94
842410,22,2024-02-03 00:40:03,OPMC_LIFT,1201740000.0,230,230,232,4,0,4,49.98,0.8673,2024-02-03 00:40:11.000,2024-02-03 00:40:11.000,2024-02-03 00:40:11.000,682566429.0,4744819.0,1386589355,-118.0,94
842431,22,2024-02-03 00:50:03,OPMC_LIFT,1201740000.0,230,230,232,4,0,4,50.04,0.8677999999999999,2024-02-03 00:50:08.000,2024-02-03 00:50:08.000,2024-02-03 00:50:08.000,682567338.0,4745219.0,1386592219,-112.0,94
842459,22,2024-02-03 01:00:03,OPMC_LIFT,1201750000.0,230,230,232,4,0,4,50.01,0.8686999999999999,2024-02-03 01:00:10.000,2024-02-03 01:00:10.000,2024-02-03 01:00:10.000,682568246.0,4745622.0,1386595083,-113.0,94
842542,22,2024-02-03 01:30:03,OPMC_LIFT,1201750000.0,230,230,232,4,0,4,49.94,0.8672,2024-02-03 01:30:08.000,2024-02-03 01:30:08.000,2024-02-03 01:30:08.000,682570976.0,4746826.0,1386603678,-114.0,94
842575,22,2024-02-03 01:40:03,OPMC_LIFT,1201760000.0,230,231,233,4,0,4,50.05,0.8646999999999999,2024-02-03 01:40:11.000,2024-02-03 01:40:11.000,2024-02-03 01:40:11.000,682571888.0,4747226.0,1386606555,-113.0,94
842600,22,2024-02-03 01:50:03,OPMC_LIFT,1201760000.0,231,231,233,4,0,4,50.120000000000005,0.8653,2024-02-03 01:50:09.000,2024-02-03 01:50:09.000,2024-02-03 01:50:09.000,682572803.0,4747626.0,1386609432,-121.0,94
842675,22,2024-02-03 02:20:03,OPMC_LIFT,1201770000.0,231,231,233,4,0,4,50.07,0.8664999999999999,2024-02-03 02:20:08.000,2024-02-03 02:20:08.000,2024-02-03 02:20:08.000,682575555.0,4748832.0,1386618081,-120.0,94
842702,22,2024-02-03 02:30:03,OPMC_LIFT,1201770000.0,231,231,233,4,0,4,50.09,0.8664999999999999,2024-02-03 02:30:10.000,2024-02-03 02:30:10.000,2024-02-03 02:30:10.000,682576477.0,4749235.0,1386620974,-124.0,94
842754,22,2024-02-03 02:50:03,OPMC_LIFT,1201770000.0,229,229,231,4,0,4,50.04,0.8664,2024-02-03 02:50:14.000,2024-02-03 02:50:14.000,2024-02-03 02:50:14.000,682578278.0,4750035.0,1386626664,-113.0,94
842829,22,2024-02-03 03:20:03,OPMC_LIFT,1201780000.0,229,229,232,4,0,4,50.02,0.8684999999999999,2024-02-03 03:20:07.000,2024-02-03 03:20:07.000,2024-02-03 03:20:07.000,682580979.0,4751238.0,1386635195,-112.0,94
842982,22,2024-02-03 04:10:03,OPMC_LIFT,1201790000.0,230,230,232,4,0,4,49.98,0.8692,2024-02-03 04:10:13.000,2024-02-03 04:10:13.000,2024-02-03 04:10:13.000,682585517.0,4753238.0,1386649496,-103.0,94
843006,22,2024-02-03 04:20:03,OPMC_LIFT,1201800000.0,230,230,232,4,0,4,50.05,0.8702,2024-02-03 04:20:12.000,2024-02-03 04:20:12.000,2024-02-03 04:20:12.000,682586429.0,4753638.0,1386652360,-108.0,94
843069,22,2024-02-03 04:40:03,OPMC_LIFT,1201800000.0,230,230,232,4,0,4,50.06,0.8689999999999999,2024-02-03 04:40:14.000,2024-02-03 04:40:14.000,2024-02-03 04:40:14.000,682588246.0,4754442.0,1386658081,-108.0,94
843120,22,2024-02-03 05:00:03,OPMC_LIFT,1201810000.0,230,230,232,4,0,4,50.02,0.8690999999999999,2024-02-03 05:00:12.000,2024-02-03 05:00:12.000,2024-02-03 05:00:12.000,682590061.0,4755242.0,1386663800,-102.0,94
843191,22,2024-02-03 05:30:02,OPMC_LIFT,1201810000.0,229,229,231,4,0,4,50.03,0.8673,2024-02-03 05:30:04.000,2024-02-03 05:30:04.000,2024-02-03 05:30:04.000,682592768.0,4756445.0,1386672328,-105.0,94
843272,22,2024-02-03 06:00:02,OPMC_LIFT,1201820000.0,229,229,231,4,0,4,50.05,0.8667999999999999,2024-02-03 06:00:10.000,2024-02-03 06:00:10.000,2024-02-03 06:00:10.000,682595462.0,4757648.0,1386680833,-111.0,94
843297,22,2024-02-03 06:10:03,OPMC_LIFT,1201820000.0,229,229,231,4,0,4,50.03,0.8677999999999999,2024-02-03 06:10:09.000,2024-02-03 06:10:09.000,2024-02-03 06:10:09.000,682596362.0,4758051.0,1386683672,-120.0,94
843322,22,2024-02-03 06:20:03,OPMC_LIFT,1201830000.0,228,229,231,4,0,4,49.99,0.8672,2024-02-03 06:20:08.000,2024-02-03 06:20:08.000,2024-02-03 06:20:08.000,682597258.0,4758451.0,1386686501,-109.0,94
843445,22,2024-02-03 07:00:03,OPMC_LIFT,1201830000.0,228,228,230,4,0,4,49.98,0.8659999999999999,2024-02-03 07:00:08.000,2024-02-03 07:00:08.000,2024-02-03 07:00:08.000,682600829.0,4760058.0,1386697790,-118.0,94
843472,22,2024-02-03 07:10:03,OPMC_LIFT,1201840000.0,227,228,229,4,0,4,49.95,0.8668999999999999,2024-02-03 07:10:10.000,2024-02-03 07:10:10.000,2024-02-03 07:10:10.000,682601715.0,4760461.0,1386700590,-121.0,94
843503,22,2024-02-03 07:20:03,OPMC_LIFT,1201840000.0,227,227,229,4,0,4,49.99,0.8664999999999999,2024-02-03 07:20:10.000,2024-02-03 07:20:10.000,2024-02-03 07:20:10.000,682602595.0,4760861.0,1386703377,-112.0,94
843532,22,2024-02-03 07:30:03,OPMC_LIFT,1201840000.0,226,227,228,4,0,4,49.97,0.8696999999999999,2024-02-03 07:30:08.000,2024-02-03 07:30:08.000,2024-02-03 07:30:08.000,682603469.0,4761261.0,1386706152,-121.0,94
843614,22,2024-02-03 08:00:03,OPMC_LIFT,1201850000.0,227,227,229,4,0,4,49.98,0.8696999999999999,2024-02-03 08:00:07.000,2024-02-03 08:00:07.000,2024-02-03 08:00:07.000,682606080.0,4762461.0,1386714456,-121.0,94
843640,22,2024-02-03 08:10:03,OPMC_LIFT,1201850000.0,226,227,228,4,0,4,49.96,0.8664,2024-02-03 08:10:08.000,2024-02-03 08:10:08.000,2024-02-03 08:10:08.000,682606957.0,4762864.0,1386717230,-105.0,94
843667,22,2024-02-03 08:20:03,OPMC_LIFT,1201850000.0,226,226,228,4,0,4,50.07,0.8685999999999999,2024-02-03 08:20:11.000,2024-02-03 08:20:11.000,2024-02-03 08:20:11.000,682607824.0,4763264.0,1386719982,-105.0,94
843867,22,2024-02-03 09:30:03,OPMC_LIFT,1201870000.0,225,226,227,4,0,4,50.01,0.8694,2024-02-03 09:30:12.000,2024-02-03 09:30:12.000,2024-02-03 09:30:12.000,682613920.0,4766061.0,1386739342,-121.0,94
843898,22,2024-02-03 09:40:03,OPMC_LIFT,1201870000.0,225,226,227,4,0,4,49.99,0.8699999999999999,2024-02-03 09:40:12.000,2024-02-03 09:40:12.000,2024-02-03 09:40:12.000,682614781.0,4766461.0,1386742085,-108.0,94
843944,22,2024-02-03 10:00:03,OPMC_LIFT,1201880000.0,227,228,229,4,0,4,49.99,0.8674999999999999,2024-02-03 10:00:08.000,2024-02-03 10:00:08.000,2024-02-03 10:00:08.000,682616522.0,4767261.0,1386747601,-109.0,94
843977,22,2024-02-03 10:10:03,OPMC_LIFT,1201880000.0,227,227,229,4,0,4,50.03,0.8693,2024-02-03 10:10:10.000,2024-02-03 10:10:10.000,2024-02-03 10:10:10.000,682617398.0,4767661.0,1386750382,-121.0,94
844042,22,2024-02-03 10:39:21,OPMC_LIFT,1201890000.0,227,228,229,4,0,4,50.1,0.8666999999999999,2024-02-03 10:39:26.000,2024-02-03 10:39:26.000,2024-02-03 10:39:26.000,682619965.0,4768835.0,1386758520,-111.0,94
844086,22,2024-02-03 10:50:03,OPMC_LIFT,1201890000.0,227,228,229,4,0,4,50.08,0.8646999999999999,2024-02-03 10:50:11.000,2024-02-03 10:50:11.000,2024-02-03 10:50:11.000,682620906.0,4769264.0,1386761499,-111.0,94
844108,22,2024-02-03 11:00:03,OPMC_LIFT,1201890000.0,227,228,229,4,0,4,49.96,0.8664999999999999,2024-02-03 11:00:08.000,2024-02-03 11:00:08.000,2024-02-03 11:00:08.000,682621786.0,4769664.0,1386764289,-109.0,94
844140,22,2024-02-03 11:10:03,OPMC_LIFT,1201890000.0,227,228,229,4,0,4,49.99,0.8650999999999999,2024-02-03 11:10:09.000,2024-02-03 11:10:09.000,2024-02-03 11:10:09.000,682622669.0,4770064.0,1386767077,-105.0,94
844203,22,2024-02-03 11:30:03,OPMC_LIFT,1201900000.0,227,228,229,4,0,4,49.95,0.8705999999999999,2024-02-03 11:30:13.000,2024-02-03 11:30:13.000,2024-02-03 11:30:13.000,682624435.0,4770867.0,1386772654,-113.0,94
844226,22,2024-02-03 11:40:03,OPMC_LIFT,1201900000.0,228,228,230,4,0,4,50.0,0.8688999999999999,2024-02-03 11:40:06.000,2024-02-03 11:40:06.000,2024-02-03 11:40:06.000,682625318.0,4771267.0,1386775451,-113.0,94
844260,22,2024-02-03 11:50:03,OPMC_LIFT,1201900000.0,228,229,230,4,0,4,50.08,0.8650999999999999,2024-02-03 11:50:12.000,2024-02-03 11:50:12.000,2024-02-03 11:50:12.000,682626208.0,4771667.0,1386778261,-104.0,94
844342,22,2024-02-03 12:20:03,OPMC_LIFT,1201910000.0,229,230,232,4,0,4,49.99,0.8659999999999999,2024-02-03 12:20:11.000,2024-02-03 12:20:11.000,2024-02-03 12:20:11.000,682628918.0,4772874.0,1386786785,-111.0,94
844369,22,2024-02-03 12:30:02,OPMC_LIFT,1201910000.0,229,230,232,4,0,4,50.04,0.8655999999999999,2024-02-03 12:30:10.000,2024-02-03 12:30:10.000,2024-02-03 12:30:10.000,682629821.0,4773274.0,1386789633,-103.0,94
844454,22,2024-02-03 13:00:02,OPMC_LIFT,1201920000.0,230,230,232,4,0,4,50.02,0.8673,2024-02-03 13:00:08.000,2024-02-03 13:00:08.000,2024-02-03 13:00:08.000,682632538.0,4774477.0,1386798171,-111.0,94
844479,22,2024-02-03 13:10:03,OPMC_LIFT,1201920000.0,228,229,231,4,0,4,49.97,0.8694,2024-02-03 13:10:11.000,2024-02-03 13:10:11.000,2024-02-03 13:10:11.000,682633440.0,4774877.0,1386801006,-109.0,94
844535,22,2024-02-03 13:30:03,OPMC_LIFT,1201930000.0,228,229,230,4,0,4,49.99,0.8684,2024-02-03 13:30:07.000,2024-02-03 13:30:07.000,2024-02-03 13:30:07.000,682635226.0,4775677.0,1386806645,-113.0,94
844698,22,2024-02-03 14:30:03,OPMC_LIFT,1201940000.0,230,230,232,4,0,4,50.08,0.8674999999999999,2024-02-03 14:30:09.000,2024-02-03 14:30:09.000,2024-02-03 14:30:09.000,682640618.0,4778080.0,1386823627,-103.0,94
844735,22,2024-02-03 14:40:03,OPMC_LIFT,1201950000.0,229,230,232,4,0,4,50.05,0.8702,2024-02-03 14:40:05.000,2024-02-03 14:40:05.000,2024-02-03 14:40:05.000,682641523.0,4778483.0,1386826472,-114.0,94
844787,22,2024-02-03 15:00:03,OPMC_LIFT,1201950000.0,230,231,232,4,0,4,50.04,0.8674999999999999,2024-02-03 15:00:07.000,2024-02-03 15:00:07.000,2024-02-03 15:00:07.000,682643334.0,4779286.0,1386832177,-109.0,94
844873,22,2024-02-03 15:30:03,OPMC_LIFT,1201960000.0,230,230,232,4,0,4,49.98,0.8690999999999999,2024-02-03 15:30:13.000,2024-02-03 15:30:13.000,2024-02-03 15:30:13.000,682646064.0,4780490.0,1386840747,-109.0,94
844898,22,2024-02-03 15:40:03,OPMC_LIFT,1201960000.0,230,230,232,4,0,4,49.95,0.8648999999999999,2024-02-03 15:40:13.000,2024-02-03 15:40:13.000,2024-02-03 15:40:13.000,682646970.0,4780890.0,1386843601,-108.0,94
844975,22,2024-02-03 16:10:03,OPMC_LIFT,1201970000.0,231,231,233,4,0,4,50.02,0.8677999999999999,2024-02-03 16:10:10.000,2024-02-03 16:10:10.000,2024-02-03 16:10:10.000,682649715.0,4782096.0,1386852209,-111.0,94
845000,22,2024-02-03 16:20:03,OPMC_LIFT,1201970000.0,230,231,233,4,0,4,49.95,0.8643,2024-02-03 16:20:11.000,2024-02-03 16:20:11.000,2024-02-03 16:20:11.000,682650630.0,4782499.0,1386855080,-121.0,94
845102,22,2024-02-03 17:00:03,OPMC_LIFT,1201980000.0,229,229,231,4,0,4,50.04,0.8641,2024-02-03 17:00:10.000,2024-02-03 17:00:10.000,2024-02-03 17:00:10.000,682654256.0,4784102.0,1386866475,-111.0,94
845238,22,2024-02-03 17:50:03,OPMC_LIFT,1201990000.0,230,231,232,4,0,4,50.01,0.8667999999999999,2024-02-03 17:50:10.000,2024-02-03 17:50:10.000,2024-02-03 17:50:10.000,682658800.0,4786109.0,1386880757,-111.0,94
845284,22,2024-02-03 18:10:03,OPMC_LIFT,1202000000.0,230,230,232,4,0,4,49.99,0.8664999999999999,2024-02-03 18:10:09.000,2024-02-03 18:10:09.000,2024-02-03 18:10:09.000,682660621.0,4786912.0,1386886475,-109.0,94
845310,22,2024-02-03 18:20:03,OPMC_LIFT,1202000000.0,230,230,232,4,0,4,49.98,0.8664999999999999,2024-02-03 18:20:12.000,2024-02-03 18:20:12.000,2024-02-03 18:20:12.000,682661530.0,4787312.0,1386889336,-120.0,94
845375,22,2024-02-03 18:46:47,OPMC_LIFT,1202010000.0,229,229,231,4,0,4,50.0,0.8669999999999999,2024-02-03 18:46:52.000,2024-02-03 18:46:52.000,2024-02-03 18:46:52.000,682663949.0,4788381.0,1386896945,-107.0,94
845399,22,2024-02-03 18:50:03,OPMC_LIFT,1202010000.0,229,230,232,4,0,4,50.04,0.8676999999999999,2024-02-03 18:50:13.000,2024-02-03 18:50:13.000,2024-02-03 18:50:13.000,682664246.0,4788512.0,1386897877,-109.0,94
845496,22,2024-02-03 19:30:03,OPMC_LIFT,1202020000.0,229,230,231,4,0,4,49.98,0.8628999999999999,2024-02-03 19:30:07.000,2024-02-03 19:30:07.000,2024-02-03 19:30:07.000,682667853.0,4790112.0,1386909240,-108.0,94
845581,22,2024-02-03 20:00:03,OPMC_LIFT,1202030000.0,230,230,232,4,0,4,49.98,0.8679999999999999,2024-02-03 20:00:12.000,2024-02-03 20:00:12.000,2024-02-03 20:00:12.000,682670566.0,4791312.0,1386917784,-107.0,94
845607,22,2024-02-03 20:10:03,OPMC_LIFT,1202030000.0,230,230,232,4,0,4,50.05,0.8694,2024-02-03 20:10:08.000,2024-02-03 20:10:08.000,2024-02-03 20:10:08.000,682671475.0,4791715.0,1386920638,-111.0,94
845637,22,2024-02-03 20:20:03,OPMC_LIFT,1202030000.0,230,230,232,4,0,4,49.94,0.8635999999999999,2024-02-03 20:20:11.000,2024-02-03 20:20:11.000,2024-02-03 20:20:11.000,682672384.0,4792115.0,1386923499,-111.0,94
845666,22,2024-02-03 20:30:03,OPMC_LIFT,1202030000.0,230,230,232,4,0,4,50.03,0.8653,2024-02-03 20:30:11.000,2024-02-03 20:30:11.000,2024-02-03 20:30:11.000,682673293.0,4792515.0,1386926353,-114.0,94
845710,22,2024-02-03 20:50:03,OPMC_LIFT,1202040000.0,230,230,232,4,0,4,49.96,0.8659999999999999,2024-02-03 20:50:07.000,2024-02-03 20:50:07.000,2024-02-03 20:50:07.000,682675110.0,4793318.0,1386932072,-123.0,94
845736,22,2024-02-03 21:00:03,OPMC_LIFT,1202040000.0,230,231,233,4,0,4,49.97,0.8698999999999999,2024-02-03 21:00:11.000,2024-02-03 21:00:11.000,2024-02-03 21:00:11.000,682676022.0,4793718.0,1386934936,-101.0,94
845788,22,2024-02-03 21:20:03,OPMC_LIFT,1202050000.0,231,231,233,4,0,4,50.04,0.8668999999999999,2024-02-03 21:20:12.000,2024-02-03 21:20:12.000,2024-02-03 21:20:12.000,682677853.0,4794518.0,1386940680,-109.0,94
845815,22,2024-02-03 21:30:02,OPMC_LIFT,1202050000.0,231,231,233,4,0,4,49.98,0.8674999999999999,2024-02-03 21:30:08.000,2024-02-03 21:30:08.000,2024-02-03 21:30:08.000,682678771.0,4794918.0,1386943569,-109.0,94
845839,22,2024-02-03 21:40:03,OPMC_LIFT,1202050000.0,229,229,231,4,0,4,49.98,0.8688999999999999,2024-02-03 21:40:08.000,2024-02-03 21:40:08.000,2024-02-03 21:40:08.000,682679670.0,4795318.0,1386946401,-109.0,94
845895,22,2024-02-03 22:00:02,OPMC_LIFT,1202060000.0,229,229,231,4,0,4,50.02,0.8674,2024-02-03 22:00:09.000,2024-02-03 22:00:09.000,2024-02-03 22:00:09.000,682681469.0,4796122.0,1386952078,-114.0,94
845923,22,2024-02-03 22:10:03,OPMC_LIFT,1202060000.0,229,229,231,4,0,4,50.02,0.8694,2024-02-03 22:10:08.000,2024-02-03 22:10:08.000,2024-02-03 22:10:08.000,682682374.0,4796522.0,1386954929,-111.0,94
845950,22,2024-02-03 22:20:03,OPMC_LIFT,1202060000.0,229,230,232,4,0,4,50.01,0.8673,2024-02-03 22:20:11.000,2024-02-03 22:20:11.000,2024-02-03 22:20:11.000,682683277.0,4796922.0,1386957774,-103.0,94
846012,22,2024-02-03 22:40:03,OPMC_LIFT,1202070000.0,230,230,232,4,0,4,50.02,0.8662,2024-02-03 22:40:13.000,2024-02-03 22:40:13.000,2024-02-03 22:40:13.000,682685098.0,4797725.0,1386963502,-111.0,94
846038,22,2024-02-03 22:50:03,OPMC_LIFT,1202070000.0,229,230,232,4,0,4,50.05,0.8667999999999999,2024-02-03 22:50:09.000,2024-02-03 22:50:09.000,2024-02-03 22:50:09.000,682686010.0,4798125.0,1386966369,-121.0,94
846103,22,2024-02-03 23:20:03,OPMC_LIFT,1202080000.0,230,230,232,4,0,4,50.06,0.8666999999999999,2024-02-03 23:20:10.000,2024-02-03 23:20:10.000,2024-02-03 23:20:10.000,682688733.0,4799328.0,1386974939,-109.0,94
846129,22,2024-02-03 23:30:03,OPMC_LIFT,1202080000.0,230,230,232,4,0,4,50.05,0.8672,2024-02-03 23:30:08.000,2024-02-03 23:30:08.000,2024-02-03 23:30:08.000,682689638.0,4799728.0,1386977800,-109.0,94
846150,22,2024-02-03 23:40:03,OPMC_LIFT,1202080000.0,230,230,232,4,0,4,50.03,0.8662,2024-02-03 23:40:07.000,2024-02-03 23:40:07.000,2024-02-03 23:40:07.000,682690550.0,4800128.0,1386980661,-108.0,94
846227,22,2024-02-04 00:10:03,OPMC_LIFT,1202090000.0,231,231,233,4,0,4,49.93,0.8684999999999999,2024-02-04 00:10:09.000,2024-02-04 00:10:09.000,2024-02-04 00:10:09.000,682693296.0,4801328.0,1386989291,-123.0,94
846249,22,2024-02-04 00:20:03,OPMC_LIFT,1202090000.0,231,231,233,4,0,4,50.0,0.8663,2024-02-04 00:20:10.000,2024-02-04 00:20:10.000,2024-02-04 00:20:10.000,682694214.0,4801731.0,1386992174,-109.0,94
846280,22,2024-02-04 00:30:03,OPMC_LIFT,1202090000.0,230,231,233,4,0,4,50.06,0.8682,2024-02-04 00:30:10.000,2024-02-04 00:30:10.000,2024-02-04 00:30:10.000,682695133.0,4802131.0,1386995054,-106.0,94
846302,22,2024-02-04 00:40:03,OPMC_LIFT,1202100000.0,230,231,233,4,0,4,49.98,0.8684999999999999,2024-02-04 00:40:09.000,2024-02-04 00:40:09.000,2024-02-04 00:40:09.000,682696048.0,4802531.0,1386997931,-123.0,94
846328,22,2024-02-04 00:50:03,OPMC_LIFT,1202100000.0,231,231,233,4,0,4,50.06,0.8680999999999999,2024-02-04 00:50:10.000,2024-02-04 00:50:10.000,2024-02-04 00:50:10.000,682696966.0,4802931.0,1387000817,-109.0,94
846423,22,2024-02-04 01:30:03,OPMC_LIFT,1202110000.0,231,231,233,4,0,4,49.98,0.8699999999999999,2024-02-04 01:30:05.000,2024-02-04 01:30:05.000,2024-02-04 01:30:05.000,682700650.0,4804531.0,1387012373,-109.0,94
846508,22,2024-02-04 02:00:03,OPMC_LIFT,1202120000.0,229,229,231,4,0,4,50.07,0.8670999999999999,2024-02-04 02:00:10.000,2024-02-04 02:00:10.000,2024-02-04 02:00:10.000,682703389.0,4805731.0,1387020974,-109.0,94
846531,22,2024-02-04 02:10:03,OPMC_LIFT,1202120000.0,229,229,231,4,0,4,49.97,0.8670999999999999,2024-02-04 02:10:13.000,2024-02-04 02:10:13.000,2024-02-04 02:10:13.000,682704291.0,4806131.0,1387023822,-109.0,94
846591,22,2024-02-04 02:39:28,OPMC_LIFT,1202120000.0,230,230,232,4,0,4,49.97,0.8670999999999999,2024-02-04 02:39:29.000,2024-02-04 02:39:29.000,2024-02-04 02:39:29.000,682706954.0,4807309.0,1387032213,-109.0,94
846606,22,2024-02-04 02:40:03,OPMC_LIFT,1202120000.0,229,230,232,4,0,4,49.98,0.8702,2024-02-04 02:40:12.000,2024-02-04 02:40:12.000,2024-02-04 02:40:12.000,682707005.0,4807334.0,1387032376,-107.0,94
846625,22,2024-02-04 02:50:03,OPMC_LIFT,1202130000.0,230,230,232,4,0,4,50.0,0.8659999999999999,2024-02-04 02:50:06.000,2024-02-04 02:50:06.000,2024-02-04 02:50:06.000,682707914.0,4807734.0,1387035233,-108.0,94
846716,22,2024-02-04 03:30:03,OPMC_LIFT,1202140000.0,230,230,233,4,0,4,50.05,0.8673,2024-02-04 03:30:05.000,2024-02-04 03:30:05.000,2024-02-04 03:30:05.000,682711555.0,4809334.0,1387046696,-108.0,94
846743,22,2024-02-04 03:40:03,OPMC_LIFT,1202140000.0,230,231,233,4,0,4,50.05,0.8694999999999999,2024-02-04 03:40:09.000,2024-02-04 03:40:09.000,2024-02-04 03:40:09.000,682712470.0,4809734.0,1387049566,-109.0,94
846766,22,2024-02-04 03:50:03,OPMC_LIFT,1202140000.0,230,231,233,4,0,4,50.08,0.8664999999999999,2024-02-04 03:50:10.000,2024-02-04 03:50:10.000,2024-02-04 03:50:10.000,682713382.0,4810134.0,1387052437,-117.0,94
846819,22,2024-02-04 04:10:03,OPMC_LIFT,1202150000.0,230,231,233,4,0,4,50.06,0.8705999999999999,2024-02-04 04:10:13.000,2024-02-04 04:10:13.000,2024-02-04 04:10:13.000,682715213.0,4810934.0,1387058187,-109.0,94
846836,22,2024-02-04 04:20:03,OPMC_LIFT,1202150000.0,230,230,233,4,0,4,49.99,0.8670999999999999,2024-02-04 04:20:06.000,2024-02-04 04:20:06.000,2024-02-04 04:20:06.000,682716128.0,4811334.0,1387061064,-123.0,94
846864,22,2024-02-04 04:30:03,OPMC_LIFT,1202150000.0,230,231,233,4,0,4,50.04,0.8674999999999999,2024-02-04 04:30:06.000,2024-02-04 04:30:06.000,2024-02-04 04:30:06.000,682717040.0,4811734.0,1387063931,-117.0,94
846893,22,2024-02-04 04:40:03,OPMC_LIFT,1202150000.0,230,230,232,4,0,4,50.0,0.8664999999999999,2024-02-04 04:40:14.000,2024-02-04 04:40:14.000,2024-02-04 04:40:14.000,682717952.0,4812134.0,1387066798,-113.0,94
846914,22,2024-02-04 04:50:03,OPMC_LIFT,1202160000.0,230,230,233,4,0,4,50.05,0.8665999999999999,2024-02-04 04:50:14.000,2024-02-04 04:50:14.000,2024-02-04 04:50:14.000,682718864.0,4812534.0,1387069665,-121.0,94
846940,22,2024-02-04 05:00:03,OPMC_LIFT,1202160000.0,230,230,232,4,0,4,49.93,0.8673,2024-02-04 05:00:10.000,2024-02-04 05:00:10.000,2024-02-04 05:00:10.000,682719776.0,4812934.0,1387072533,-109.0,94
847035,22,2024-02-04 05:40:03,OPMC_LIFT,1202170000.0,229,230,232,4,0,4,49.99,0.8684999999999999,2024-02-04 05:40:07.000,2024-02-04 05:40:07.000,2024-02-04 05:40:07.000,682723411.0,4814534.0,1387083973,-111.0,94
847128,22,2024-02-04 06:20:03,OPMC_LIFT,1202180000.0,229,230,232,4,0,4,50.08,0.8660999999999999,2024-02-04 06:20:06.000,2024-02-04 06:20:06.000,2024-02-04 06:20:06.000,682727030.0,4816138.0,1387095368,-120.0,94
847153,22,2024-02-04 06:30:03,OPMC_LIFT,1202180000.0,229,230,232,4,0,4,50.08,0.8672,2024-02-04 06:30:10.000,2024-02-04 06:30:10.000,2024-02-04 06:30:10.000,682727933.0,4816538.0,1387098213,-111.0,94
847253,22,2024-02-04 07:00:03,OPMC_LIFT,1202190000.0,229,230,232,4,0,4,49.95,0.8667999999999999,2024-02-04 07:00:12.000,2024-02-04 07:00:12.000,2024-02-04 07:00:12.000,682730646.0,4817741.0,1387106766,-118.0,94
847270,22,2024-02-04 07:10:03,OPMC_LIFT,1202190000.0,229,229,231,4,0,4,50.04,0.8636999999999999,2024-02-04 07:10:05.000,2024-02-04 07:10:05.000,2024-02-04 07:10:05.000,682731549.0,4818141.0,1387109611,-109.0,94
847335,22,2024-02-04 07:30:03,OPMC_LIFT,1202200000.0,229,229,231,4,0,4,49.98,0.8656999999999999,2024-02-04 07:30:09.000,2024-02-04 07:30:09.000,2024-02-04 07:30:09.000,682733347.0,4818944.0,1387115278,-109.0,94
847392,22,2024-02-04 07:50:03,OPMC_LIFT,1202200000.0,228,228,230,4,0,4,49.97,0.8679999999999999,2024-02-04 07:50:09.000,2024-02-04 07:50:09.000,2024-02-04 07:50:09.000,682735136.0,4819744.0,1387120923,-111.0,94
847454,22,2024-02-04 08:10:03,OPMC_LIFT,1202210000.0,228,228,230,4,0,4,50.02,0.8687999999999999,2024-02-04 08:10:14.000,2024-02-04 08:10:14.000,2024-02-04 08:10:14.000,682736915.0,4820547.0,1387126552,-111.0,94
847604,22,2024-02-04 09:00:03,OPMC_LIFT,1202220000.0,226,226,228,4,0,4,50.05,0.8699999999999999,2024-02-04 09:00:12.000,2024-02-04 09:00:12.000,2024-02-04 09:00:12.000,682741306.0,4822544.0,1387140456,-123.0,94
847631,22,2024-02-04 09:10:03,OPMC_LIFT,1202220000.0,226,226,228,4,0,4,50.05,0.8702,2024-02-04 09:10:13.000,2024-02-04 09:10:13.000,2024-02-04 09:10:13.000,682742173.0,4822944.0,1387143221,-111.0,94
847690,22,2024-02-04 09:30:03,OPMC_LIFT,1202230000.0,225,226,227,4,0,4,50.02,0.8676999999999999,2024-02-04 09:30:08.000,2024-02-04 09:30:08.000,2024-02-04 09:30:08.000,682743901.0,4823741.0,1387148712,-109.0,94
847719,22,2024-02-04 09:40:03,OPMC_LIFT,1202230000.0,227,228,229,4,0,4,49.95,0.8719999999999999,2024-02-04 09:40:10.000,2024-02-04 09:40:10.000,2024-02-04 09:40:10.000,682744774.0,4824138.0,1387151480,-111.0,94
847749,22,2024-02-04 09:50:03,OPMC_LIFT,1202230000.0,227,228,229,4,0,4,49.96,0.8656999999999999,2024-02-04 09:50:11.000,2024-02-04 09:50:11.000,2024-02-04 09:50:11.000,682745658.0,4824538.0,1387154273,-109.0,94
847776,22,2024-02-04 10:00:03,OPMC_LIFT,1202230000.0,227,227,229,4,0,4,50.02,0.8686999999999999,2024-02-04 10:00:14.000,2024-02-04 10:00:14.000,2024-02-04 10:00:14.000,682746538.0,4824938.0,1387157057,-113.0,94
847831,22,2024-02-04 10:20:03,OPMC_LIFT,1202240000.0,226,226,228,4,0,4,49.98,0.8670999999999999,2024-02-04 10:20:09.000,2024-02-04 10:20:09.000,2024-02-04 10:20:09.000,682748282.0,4825738.0,1387162584,-123.0,94
847901,22,2024-02-04 10:40:35,OPMC_LIFT,1202240000.0,226,226,228,4,0,3,49.97,0.8674,2024-02-04 10:40:40.000,2024-02-04 10:40:40.000,2024-02-04 10:40:40.000,682750064.0,4826557.0,1387168245,-121.0,94
847949,22,2024-02-04 11:00:03,OPMC_LIFT,1202250000.0,225,226,227,4,0,4,50.01,0.8654999999999999,2024-02-04 11:00:07.000,2024-02-04 11:00:07.000,2024-02-04 11:00:07.000,682751754.0,4827334.0,1387173608,-113.0,94
847978,22,2024-02-04 11:10:03,OPMC_LIFT,1202250000.0,226,226,228,4,0,4,50.01,0.8678999999999999,2024-02-04 11:10:06.000,2024-02-04 11:10:06.000,2024-02-04 11:10:06.000,682752621.0,4827731.0,1387176360,-111.0,94
848003,22,2024-02-04 11:20:03,OPMC_LIFT,1202250000.0,226,226,228,4,0,4,49.96,0.8680999999999999,2024-02-04 11:20:10.000,2024-02-04 11:20:10.000,2024-02-04 11:20:10.000,682753488.0,4828131.0,1387179115,-105.0,94
848035,22,2024-02-04 11:30:03,OPMC_LIFT,1202250000.0,226,226,228,4,0,4,49.98,0.8697999999999999,2024-02-04 11:30:10.000,2024-02-04 11:30:10.000,2024-02-04 11:30:10.000,682754355.0,4828531.0,1387181867,-113.0,94
848094,22,2024-02-04 11:50:03,OPMC_LIFT,1202260000.0,226,227,228,4,0,4,50.05,0.8679999999999999,2024-02-04 11:50:12.000,2024-02-04 11:50:12.000,2024-02-04 11:50:12.000,682756093.0,4829328.0,1387187374,-109.0,94
848118,22,2024-02-04 12:00:03,OPMC_LIFT,1202260000.0,226,227,228,4,0,4,50.02,0.8676999999999999,2024-02-04 12:00:08.000,2024-02-04 12:00:08.000,2024-02-04 12:00:08.000,682756963.0,4829728.0,1387190142,-109.0,94
848196,22,2024-02-04 12:30:03,OPMC_LIFT,1202270000.0,227,227,229,4,0,4,49.99,0.8674,2024-02-04 12:30:10.000,2024-02-04 12:30:10.000,2024-02-04 12:30:10.000,682759597.0,4830925.0,1387198481,-109.0,94
848221,22,2024-02-04 12:40:03,OPMC_LIFT,1202270000.0,227,227,229,4,0,4,49.97,0.8697999999999999,2024-02-04 12:40:06.000,2024-02-04 12:40:06.000,2024-02-04 12:40:06.000,682760477.0,4831325.0,1387201272,-113.0,94
848251,22,2024-02-04 12:50:03,OPMC_LIFT,1202270000.0,227,228,230,4,0,4,50.01,0.8698999999999999,2024-02-04 12:50:12.000,2024-02-04 12:50:12.000,2024-02-04 12:50:12.000,682761357.0,4831725.0,1387204053,-115.0,94
848273,22,2024-02-04 13:00:02,OPMC_LIFT,1202280000.0,227,228,229,4,0,4,49.99,0.8669999999999999,2024-02-04 13:00:05.000,2024-02-04 13:00:05.000,2024-02-04 13:00:05.000,682762237.0,4832125.0,1387206846,-115.0,94
848306,22,2024-02-04 13:10:03,OPMC_LIFT,1202280000.0,227,227,229,4,0,4,49.98,0.8678999999999999,2024-02-04 13:10:12.000,2024-02-04 13:10:12.000,2024-02-04 13:10:12.000,682763117.0,4832525.0,1387209630,-112.0,94
848331,22,2024-02-04 13:20:03,OPMC_LIFT,1202280000.0,226,227,229,4,0,4,49.96,0.8705999999999999,2024-02-04 13:20:11.000,2024-02-04 13:20:11.000,2024-02-04 13:20:11.000,682763994.0,4832925.0,1387212411,-111.0,94
848420,22,2024-02-04 13:50:03,OPMC_LIFT,1202290000.0,227,227,229,4,0,4,49.99,0.8669999999999999,2024-02-04 13:50:10.000,2024-02-04 13:50:10.000,2024-02-04 13:50:10.000,682766618.0,4834128.0,1387220741,-109.0,94
848473,22,2024-02-04 14:10:03,OPMC_LIFT,1202290000.0,227,227,229,4,0,4,50.01,0.8667999999999999,2024-02-04 14:10:09.000,2024-02-04 14:10:09.000,2024-02-04 14:10:09.000,682768371.0,4834931.0,1387226305,-109.0,94
848529,22,2024-02-04 14:30:03,OPMC_LIFT,1202300000.0,226,227,229,4,0,4,50.01,0.8703,2024-02-04 14:30:13.000,2024-02-04 14:30:13.000,2024-02-04 14:30:13.000,682770122.0,4835731.0,1387231854,-112.0,94
848561,22,2024-02-04 14:40:03,OPMC_LIFT,1202300000.0,227,227,229,4,0,4,50.06,0.8688999999999999,2024-02-04 14:40:08.000,2024-02-04 14:40:08.000,2024-02-04 14:40:08.000,682770995.0,4836131.0,1387234625,-102.0,94
848591,22,2024-02-04 14:50:03,OPMC_LIFT,1202300000.0,227,227,229,4,0,4,50.04,0.8680999999999999,2024-02-04 14:50:13.000,2024-02-04 14:50:13.000,2024-02-04 14:50:13.000,682771869.0,4836531.0,1387237393,-109.0,94
848649,22,2024-02-04 15:10:03,OPMC_LIFT,1202310000.0,226,227,228,4,0,4,49.98,0.8690999999999999,2024-02-04 15:10:13.000,2024-02-04 15:10:13.000,2024-02-04 15:10:13.000,682773616.0,4837331.0,1387242933,-111.0,94
848672,22,2024-02-04 15:20:03,OPMC_LIFT,1202310000.0,226,226,228,4,0,4,49.97,0.8682,2024-02-04 15:20:07.000,2024-02-04 15:20:07.000,2024-02-04 15:20:07.000,682774490.0,4837728.0,1387245697,-105.0,94
848701,22,2024-02-04 15:30:03,OPMC_LIFT,1202310000.0,226,226,228,4,0,4,49.94,0.8694,2024-02-04 15:30:09.000,2024-02-04 15:30:09.000,2024-02-04 15:30:09.000,682775360.0,4838128.0,1387248459,-111.0,94
848746,22,2024-02-04 15:50:03,OPMC_LIFT,1202320000.0,226,226,228,4,0,4,50.02,0.8695999999999999,2024-02-04 15:50:05.000,2024-02-04 15:50:05.000,2024-02-04 15:50:05.000,682777098.0,4838928.0,1387253982,-109.0,94
848777,22,2024-02-04 16:00:03,OPMC_LIFT,1202320000.0,226,226,228,4,0,4,49.98,0.8696999999999999,2024-02-04 16:00:10.000,2024-02-04 16:00:10.000,2024-02-04 16:00:10.000,682777968.0,4839325.0,1387256737,-121.0,94
848795,22,2024-02-04 16:10:02,OPMC_LIFT,1202320000.0,226,226,228,4,0,4,49.99,0.8666999999999999,2024-02-04 16:10:04.000,2024-02-04 16:10:04.000,2024-02-04 16:10:04.000,682778835.0,4839725.0,1387259496,-109.0,94
848832,22,2024-02-04 16:20:02,OPMC_LIFT,1202320000.0,226,227,228,4,0,4,49.95,0.8684,2024-02-04 16:20:11.000,2024-02-04 16:20:11.000,2024-02-04 16:20:11.000,682779706.0,4840125.0,1387262254,-114.0,94
848884,22,2024-02-04 16:40:02,OPMC_LIFT,1202330000.0,226,227,228,4,0,4,49.96,0.8658999999999999,2024-02-04 16:40:11.000,2024-02-04 16:40:11.000,2024-02-04 16:40:11.000,682781446.0,4840922.0,1387267777,-103.0,94
848904,22,2024-02-04 16:50:02,OPMC_LIFT,1202330000.0,227,227,229,4,0,4,50.02,0.8700999999999999,2024-02-04 16:50:10.000,2024-02-04 16:50:10.000,2024-02-04 16:50:10.000,682782320.0,4841322.0,1387270542,-111.0,94
848958,22,2024-02-04 17:10:03,OPMC_LIFT,1202340000.0,227,227,229,4,0,4,49.96,0.8658999999999999,2024-02-04 17:10:12.000,2024-02-04 17:10:12.000,2024-02-04 17:10:12.000,682784064.0,4842122.0,1387276081,-105.0,94
849007,22,2024-02-04 17:30:03,OPMC_LIFT,1202340000.0,227,227,229,4,0,4,49.99,0.8677999999999999,2024-02-04 17:30:09.000,2024-02-04 17:30:09.000,2024-02-04 17:30:09.000,682785821.0,4842922.0,1387281637,-113.0,94
849065,22,2024-02-04 17:50:03,OPMC_LIFT,1202350000.0,227,228,229,4,0,4,49.95,0.8672,2024-02-04 17:50:13.000,2024-02-04 17:50:13.000,2024-02-04 17:50:13.000,682787584.0,4843722.0,1387287211,-112.0,94
849091,22,2024-02-04 18:00:03,OPMC_LIFT,1202350000.0,227,228,230,4,0,4,49.99,0.8683,2024-02-04 18:00:11.000,2024-02-04 18:00:11.000,2024-02-04 18:00:11.000,682788464.0,4844118.0,1387290001,-111.0,94
849180,22,2024-02-04 18:36:54,OPMC_LIFT,1202360000.0,227,227,229,4,0,4,50.02,0.8680999999999999,2024-02-04 18:37:03.000,2024-02-04 18:37:03.000,2024-02-04 18:37:03.000,682791702.0,4845590.0,1387300254,-114.0,94
849274,22,2024-02-04 19:10:03,OPMC_LIFT,1202370000.0,227,228,229,4,0,4,50.03,0.8675999999999999,2024-02-04 19:10:08.000,2024-02-04 19:10:08.000,2024-02-04 19:10:08.000,682794618.0,4846918.0,1387309477,-115.0,94
849301,22,2024-02-04 19:20:03,OPMC_LIFT,1202370000.0,227,227,229,4,0,4,49.94,0.8694999999999999,2024-02-04 19:20:09.000,2024-02-04 19:20:09.000,2024-02-04 19:20:09.000,682795498.0,4847315.0,1387312264,-111.0,94
849426,22,2024-02-04 20:10:03,OPMC_LIFT,1202380000.0,227,227,229,4,0,4,49.97,0.8683,2024-02-04 20:10:10.000,2024-02-04 20:10:10.000,2024-02-04 20:10:10.000,682799869.0,4849315.0,1387326129,-106.0,94
849487,22,2024-02-04 20:30:03,OPMC_LIFT,1202380000.0,227,227,229,4,0,4,49.98,0.8689999999999999,2024-02-04 20:30:10.000,2024-02-04 20:30:10.000,2024-02-04 20:30:10.000,682801619.0,4850112.0,1387331685,-111.0,94
849531,22,2024-02-04 20:50:03,OPMC_LIFT,1202390000.0,227,227,229,4,0,4,50.03,0.8677999999999999,2024-02-04 20:50:09.000,2024-02-04 20:50:09.000,2024-02-04 20:50:09.000,682803373.0,4850912.0,1387337243,-105.0,94
849583,22,2024-02-04 21:10:03,OPMC_LIFT,1202390000.0,227,228,230,4,0,4,49.95,0.8659999999999999,2024-02-04 21:10:06.000,2024-02-04 21:10:06.000,2024-02-04 21:10:06.000,682805133.0,4851709.0,1387342817,-111.0,94
849638,22,2024-02-04 21:30:03,OPMC_LIFT,1202400000.0,228,228,230,4,0,4,50.08,0.8708999999999999,2024-02-04 21:30:11.000,2024-02-04 21:30:11.000,2024-02-04 21:30:11.000,682806896.0,4852509.0,1387348411,-108.0,94
849718,22,2024-02-04 22:00:03,OPMC_LIFT,1202410000.0,228,228,230,4,0,4,50.07,0.8688999999999999,2024-02-04 22:00:06.000,2024-02-04 22:00:06.000,2024-02-04 22:00:06.000,682809558.0,4853709.0,1387356837,-109.0,94
849741,22,2024-02-04 22:10:03,OPMC_LIFT,1202410000.0,228,228,230,4,0,4,50.04,0.8674,2024-02-04 22:10:07.000,2024-02-04 22:10:07.000,2024-02-04 22:10:07.000,682810451.0,4854109.0,1387359653,-101.0,94
849932,22,2024-02-04 23:20:03,OPMC_LIFT,1202430000.0,229,230,232,4,0,4,49.99,0.8663,2024-02-04 23:20:08.000,2024-02-04 23:20:08.000,2024-02-04 23:20:08.000,682816736.0,4856909.0,1387379496,-121.0,94
849962,22,2024-02-04 23:30:03,OPMC_LIFT,1202430000.0,230,230,232,4,0,4,50.04,0.8656999999999999,2024-02-04 23:30:09.000,2024-02-04 23:30:09.000,2024-02-04 23:30:09.000,682817645.0,4857309.0,1387382347,-107.0,94
850017,22,2024-02-04 23:50:03,OPMC_LIFT,1202430000.0,230,231,233,4,0,4,50.08,0.8654,2024-02-04 23:50:09.000,2024-02-04 23:50:09.000,2024-02-04 23:50:09.000,682819462.0,4858112.0,1387388075,-111.0,94
850041,22,2024-02-05 00:00:03,OPMC_LIFT,1202440000.0,230,231,233,4,0,4,50.06,0.8656999999999999,2024-02-05 00:00:10.000,2024-02-05 00:00:10.000,2024-02-05 00:00:10.000,682820374.0,4858512.0,1387390945,-109.0,94
850067,22,2024-02-05 00:10:03,OPMC_LIFT,1202440000.0,231,231,233,4,0,4,50.06,0.8658999999999999,2024-02-05 00:10:08.000,2024-02-05 00:10:08.000,2024-02-05 00:10:08.000,682821290.0,4858912.0,1387393819,-111.0,94
850141,22,2024-02-05 00:40:03,OPMC_LIFT,1202450000.0,231,231,234,4,0,4,50.04,0.8659999999999999,2024-02-05 00:40:11.000,2024-02-05 00:40:11.000,2024-02-05 00:40:11.000,682824048.0,4860112.0,1387402472,-121.0,94
850168,22,2024-02-05 00:50:03,OPMC_LIFT,1202450000.0,229,229,231,4,0,4,50.04,0.8704,2024-02-05 00:50:10.000,2024-02-05 00:50:10.000,2024-02-05 00:50:10.000,682824954.0,4860512.0,1387405323,-111.0,94
850217,22,2024-02-05 01:10:03,OPMC_LIFT,1202450000.0,229,229,231,4,0,4,49.97,0.8668999999999999,2024-02-05 01:10:08.000,2024-02-05 01:10:08.000,2024-02-05 01:10:08.000,682826752.0,4861315.0,1387410990,-112.0,94
850252,22,2024-02-05 01:20:03,OPMC_LIFT,1202460000.0,228,229,231,4,0,4,50.0,0.8664999999999999,2024-02-05 01:20:12.000,2024-02-05 01:20:12.000,2024-02-05 01:20:12.000,682827648.0,4861715.0,1387413822,-111.0,94
850268,22,2024-02-05 01:30:03,OPMC_LIFT,1202460000.0,229,229,231,4,0,4,50.0,0.8675999999999999,2024-02-05 01:30:06.000,2024-02-05 01:30:06.000,2024-02-05 01:30:06.000,682828547.0,4862112.0,1387416657,-109.0,94
850326,22,2024-02-05 01:50:03,OPMC_LIFT,1202460000.0,229,229,231,4,0,4,49.94,0.8708999999999999,2024-02-05 01:50:05.000,2024-02-05 01:50:05.000,2024-02-05 01:50:05.000,682830346.0,4862912.0,1387422331,-112.0,94
850382,22,2024-02-05 02:10:03,OPMC_LIFT,1202470000.0,229,229,231,4,0,4,49.96,0.8658999999999999,2024-02-05 02:10:11.000,2024-02-05 02:10:11.000,2024-02-05 02:10:11.000,682832147.0,4863712.0,1387428017,-105.0,94
850434,22,2024-02-05 02:30:03,OPMC_LIFT,1202470000.0,229,230,232,4,0,4,50.04,0.8707999999999999,2024-02-05 02:30:14.000,2024-02-05 02:30:14.000,2024-02-05 02:30:14.000,682833958.0,4864512.0,1387433713,-115.0,94
850461,22,2024-02-05 02:40:03,OPMC_LIFT,1202480000.0,230,230,232,4,0,4,50.02,0.8702,2024-02-05 02:40:12.000,2024-02-05 02:40:12.000,2024-02-05 02:40:12.000,682834864.0,4864912.0,1387436571,-109.0,94
850510,22,2024-02-05 03:00:03,OPMC_LIFT,1202480000.0,230,230,232,4,0,4,50.03,0.8688999999999999,2024-02-05 03:00:08.000,2024-02-05 03:00:08.000,2024-02-05 03:00:08.000,682836678.0,4865712.0,1387442283,-111.0,94
850566,22,2024-02-05 03:20:03,OPMC_LIFT,1202490000.0,230,230,232,4,0,4,49.96,0.8667999999999999,2024-02-05 03:20:12.000,2024-02-05 03:20:12.000,2024-02-05 03:20:12.000,682838499.0,4866512.0,1387448005,-112.0,94
850592,22,2024-02-05 03:30:03,OPMC_LIFT,1202490000.0,230,230,232,4,0,4,50.07,0.8676999999999999,2024-02-05 03:30:14.000,2024-02-05 03:30:14.000,2024-02-05 03:30:14.000,682839408.0,4866912.0,1387450869,-121.0,94
850704,22,2024-02-05 04:20:03,OPMC_LIFT,1202500000.0,230,230,232,4,0,4,50.03,0.8672,2024-02-05 04:20:06.000,2024-02-05 04:20:06.000,2024-02-05 04:20:06.000,682843958.0,4868912.0,1387465179,-118.0,94
850751,22,2024-02-05 04:40:03,OPMC_LIFT,1202510000.0,229,230,232,4,0,4,49.96,0.8682,2024-02-05 04:40:08.000,2024-02-05 04:40:08.000,2024-02-05 04:40:08.000,682845770.0,4869712.0,1387470891,-111.0,94
850782,22,2024-02-05 04:50:03,OPMC_LIFT,1202510000.0,229,229,232,4,0,4,49.96,0.8708999999999999,2024-02-05 04:50:11.000,2024-02-05 04:50:11.000,2024-02-05 04:50:11.000,682846675.0,4870112.0,1387473736,-123.0,94
850813,22,2024-02-05 05:00:03,OPMC_LIFT,1202510000.0,229,229,231,4,0,4,49.95,0.8659999999999999,2024-02-05 05:00:11.000,2024-02-05 05:00:11.000,2024-02-05 05:00:11.000,682847578.0,4870512.0,1387476581,-108.0,94
850857,22,2024-02-05 05:20:03,OPMC_LIFT,1202520000.0,227,228,230,4,0,4,50.03,0.8678999999999999,2024-02-05 05:20:07.000,2024-02-05 05:20:07.000,2024-02-05 05:20:07.000,682849363.0,4871309.0,1387482225,-109.0,94
850888,22,2024-02-05 05:30:03,OPMC_LIFT,1202520000.0,227,228,229,4,0,4,49.99,0.8664,2024-02-05 05:30:11.000,2024-02-05 05:30:11.000,2024-02-05 05:30:11.000,682850246.0,4871709.0,1387485022,-103.0,94
850907,22,2024-02-05 05:40:03,OPMC_LIFT,1202520000.0,227,228,229,4,0,4,50.07,0.8713,2024-02-05 05:40:10.000,2024-02-05 05:40:10.000,2024-02-05 05:40:10.000,682851126.0,4872106.0,1387487809,-109.0,94
851002,22,2024-02-05 06:20:03,OPMC_LIFT,1202530000.0,227,228,229,4,0,4,49.97,0.8694,2024-02-05 06:20:07.000,2024-02-05 06:20:07.000,2024-02-05 06:20:07.000,682854598.0,4873702.0,1387498849,-108.0,94
851063,22,2024-02-05 06:40:03,OPMC_LIFT,1202530000.0,226,227,229,4,0,4,50.04,0.8674,2024-02-05 06:40:08.000,2024-02-05 06:40:08.000,2024-02-05 06:40:08.000,682856349.0,4874502.0,1387504411,-108.0,94
851113,22,2024-02-05 07:00:03,OPMC_LIFT,1202540000.0,225,226,228,4,0,4,49.95,0.8672,2024-02-05 07:00:09.000,2024-02-05 07:00:09.000,2024-02-05 07:00:09.000,682858080.0,4875299.0,1387509918,-109.0,94
851183,22,2024-02-05 07:30:02,OPMC_LIFT,1202550000.0,226,227,229,4,0,4,50.05,0.8660999999999999,2024-02-05 07:30:11.000,2024-02-05 07:30:11.000,2024-02-05 07:30:11.000,682860688.0,4876493.0,1387518206,-109.0,94
851205,22,2024-02-05 07:40:02,OPMC_LIFT,1202550000.0,226,226,228,4,0,4,50.07,0.8690999999999999,2024-02-05 07:40:09.000,2024-02-05 07:40:09.000,2024-02-05 07:40:09.000,682861558.0,4876893.0,1387520965,-109.0,94
851277,22,2024-02-05 08:10:03,OPMC_LIFT,1202560000.0,227,228,229,4,0,4,50.04,0.8676999999999999,2024-02-05 08:10:08.000,2024-02-05 08:10:08.000,2024-02-05 08:10:08.000,682864144.0,4878090.0,1387529192,-111.0,94
851328,22,2024-02-05 08:30:03,OPMC_LIFT,1202560000.0,226,226,228,4,0,4,50.02,0.8677999999999999,2024-02-05 08:30:13.000,2024-02-05 08:30:13.000,2024-02-05 08:30:13.000,682865894.0,4878886.0,1387534734,-114.0,94
851348,22,2024-02-05 08:40:03,OPMC_LIFT,1202560000.0,225,226,227,4,0,4,50.08,0.8716999999999999,2024-02-05 08:40:09.000,2024-02-05 08:40:09.000,2024-02-05 08:40:09.000,682866755.0,4879286.0,1387537473,-109.0,94
851378,22,2024-02-05 08:50:03,OPMC_LIFT,1202570000.0,224,225,227,4,0,4,50.01,0.8684,2024-02-05 08:50:11.000,2024-02-05 08:50:11.000,2024-02-05 08:50:11.000,682867613.0,4879686.0,1387540203,-111.0,94
851456,22,2024-02-05 09:20:03,OPMC_LIFT,1202630000.0,222,224,225,214,223,225,50.03,0.8636999999999999,2024-02-05 09:20:10.000,2024-02-05 09:20:10.000,2024-02-05 09:20:10.000,682907530.0,4880691.0,1387612987,-109.0,94
851547,22,2024-02-05 10:00:03,OPMC_LIFT,1203850000.0,221,223,224,200,210,211,50.0,0.8642,2024-02-05 10:00:08.000,2024-02-05 10:00:08.000,2024-02-05 10:00:08.000,683613709.0,4880691.0,1389029601,-103.0,94
852809,22,2024-02-05 18:39:33,OPMC_LIFT,1212250000.0,229,230,231,4,0,4,50.03,0.8683,2024-02-05 18:39:38.000,2024-02-05 18:39:38.000,2024-02-05 18:39:38.000,688879194.0,4884877.0,1398954171,-107.0,94
852826,22,2024-02-05 18:40:02,OPMC_LIFT,1212250000.0,229,230,231,4,0,4,50.05,0.8663,2024-02-05 18:40:09.000,2024-02-05 18:40:09.000,2024-02-05 18:40:09.000,688879238.0,4884899.0,1398954315,-113.0,94
852850,22,2024-02-05 18:50:02,OPMC_LIFT,1212250000.0,229,229,231,4,0,4,49.96,0.8674,2024-02-05 18:50:07.000,2024-02-05 18:50:07.000,2024-02-05 18:50:07.000,688880138.0,4885299.0,1398957153,-113.0,94
852895,22,2024-02-05 19:00:02,OPMC_LIFT,1212250000.0,229,230,232,4,0,4,50.01,0.8698999999999999,2024-02-05 19:00:07.000,2024-02-05 19:00:07.000,2024-02-05 19:00:07.000,688881040.0,4885699.0,1398959995,-103.0,94
853049,22,2024-02-05 19:30:03,OPMC_LIFT,1212260000.0,229,229,231,4,0,4,50.0,0.8686999999999999,2024-02-05 19:30:11.000,2024-02-05 19:30:11.000,2024-02-05 19:30:11.000,688883744.0,4886906.0,1398968517,-111.0,94
853141,22,2024-02-05 19:50:03,OPMC_LIFT,1212260000.0,229,230,231,4,0,4,49.99,0.8668999999999999,2024-02-05 19:50:06.000,2024-02-05 19:50:06.000,2024-02-05 19:50:06.000,688885546.0,4887706.0,1398974193,-113.0,94
853241,22,2024-02-05 20:10:02,OPMC_LIFT,1212270000.0,230,230,232,4,0,4,50.0,0.8669999999999999,2024-02-05 20:10:09.000,2024-02-05 20:10:09.000,2024-02-05 20:10:09.000,688887350.0,4888509.0,1398979877,-120.0,94
853439,22,2024-02-05 20:50:02,OPMC_LIFT,1212280000.0,227,227,229,4,0,4,49.96,0.8669999999999999,2024-02-05 20:50:12.000,2024-02-05 20:50:12.000,2024-02-05 20:50:12.000,688890899.0,4890112.0,1398991086,-112.0,94
853579,22,2024-02-05 21:20:03,OPMC_LIFT,1212290000.0,228,228,230,4,0,4,50.0,0.8702,2024-02-05 21:20:09.000,2024-02-05 21:20:09.000,2024-02-05 21:20:09.000,688893549.0,4891315.0,1398999473,-111.0,94
853611,22,2024-02-05 21:30:03,OPMC_LIFT,1212290000.0,228,228,230,4,0,4,49.99,0.8675999999999999,2024-02-05 21:30:06.000,2024-02-05 21:30:06.000,2024-02-05 21:30:06.000,688894438.0,4891715.0,1399002283,-107.0,94
853665,22,2024-02-05 21:40:03,OPMC_LIFT,1212290000.0,228,229,231,4,0,4,50.01,0.8684,2024-02-05 21:40:08.000,2024-02-05 21:40:08.000,2024-02-05 21:40:08.000,688895331.0,4892115.0,1399005099,-111.0,94
853713,22,2024-02-05 21:50:03,OPMC_LIFT,1212290000.0,228,229,231,4,0,4,49.96,0.8697999999999999,2024-02-05 21:50:06.000,2024-02-05 21:50:06.000,2024-02-05 21:50:06.000,688896224.0,4892515.0,1399007918,-107.0,94
853771,22,2024-02-05 22:00:03,OPMC_LIFT,1212300000.0,228,228,230,4,0,4,49.97,0.8694,2024-02-05 22:00:14.000,2024-02-05 22:00:14.000,2024-02-05 22:00:14.000,688897117.0,4892918.0,1399010734,-111.0,94
853875,22,2024-02-05 22:20:03,OPMC_LIFT,1212300000.0,229,229,231,4,0,4,49.98,0.8687999999999999,2024-02-05 22:20:12.000,2024-02-05 22:20:12.000,2024-02-05 22:20:12.000,688898909.0,4893718.0,1399016389,-103.0,94
853991,22,2024-02-05 22:40:03,OPMC_LIFT,1212310000.0,229,230,232,4,0,4,50.01,0.8666999999999999,2024-02-05 22:40:09.000,2024-02-05 22:40:09.000,2024-02-05 22:40:09.000,688900714.0,4894522.0,1399022069,-109.0,94
854051,22,2024-02-05 22:50:03,OPMC_LIFT,1212310000.0,229,230,232,4,0,4,49.99,0.8670999999999999,2024-02-05 22:50:11.000,2024-02-05 22:50:11.000,2024-02-05 22:50:11.000,688901622.0,4894922.0,1399024923,-121.0,94
854105,22,2024-02-05 23:00:03,OPMC_LIFT,1212310000.0,230,231,233,4,0,4,50.07,0.8684999999999999,2024-02-05 23:00:05.000,2024-02-05 23:00:05.000,2024-02-05 23:00:05.000,688902534.0,4895325.0,1399027787,-108.0,94
854157,22,2024-02-05 23:10:03,OPMC_LIFT,1212310000.0,230,230,232,4,0,4,50.02,0.8694,2024-02-05 23:10:04.000,2024-02-05 23:10:04.000,2024-02-05 23:10:04.000,688903446.0,4895725.0,1399030648,-100.0,94
854227,22,2024-02-05 23:20:03,OPMC_LIFT,1212310000.0,227,228,230,4,0,4,50.01,0.8668999999999999,2024-02-05 23:20:10.000,2024-02-05 23:20:10.000,2024-02-05 23:20:10.000,688904346.0,4896125.0,1399033480,-113.0,94
854339,22,2024-02-05 23:40:03,OPMC_LIFT,1212320000.0,227,228,230,4,0,4,49.97,0.8680999999999999,2024-02-05 23:40:13.000,2024-02-05 23:40:13.000,2024-02-05 23:40:13.000,688906115.0,4896925.0,1399039073,-101.0,94
854443,22,2024-02-06 00:00:03,OPMC_LIFT,1212320000.0,228,228,230,4,0,4,49.95,0.8658999999999999,2024-02-06 00:00:12.000,2024-02-06 00:00:12.000,2024-02-06 00:00:12.000,688907891.0,4897728.0,1399044689,-115.0,94
854481,22,2024-02-06 00:10:03,OPMC_LIFT,1212330000.0,228,229,230,4,0,4,49.92,0.8655999999999999,2024-02-06 00:10:05.000,2024-02-06 00:10:05.000,2024-02-06 00:10:05.000,688908787.0,4898128.0,1399047512,-111.0,94
854889,22,2024-02-06 01:20:03,OPMC_LIFT,1212340000.0,229,229,231,4,0,4,50.04,0.8684,2024-02-06 01:20:12.000,2024-02-06 01:20:12.000,2024-02-06 01:20:12.000,688915069.0,4900934.0,1399067313,-111.0,94
854929,22,2024-02-06 01:30:03,OPMC_LIFT,1212350000.0,229,229,232,4,0,4,50.05,0.8685999999999999,2024-02-06 01:30:10.000,2024-02-06 01:30:10.000,2024-02-06 01:30:10.000,688915971.0,4901334.0,1399070155,-113.0,94
854981,22,2024-02-06 01:40:03,OPMC_LIFT,1212350000.0,229,229,231,4,0,4,49.94,0.8674999999999999,2024-02-06 01:40:07.000,2024-02-06 01:40:07.000,2024-02-06 01:40:07.000,688916874.0,4901738.0,1399072997,-121.0,94
855109,22,2024-02-06 02:00:03,OPMC_LIFT,1212350000.0,230,230,232,4,0,4,50.07,0.8653,2024-02-06 02:00:10.000,2024-02-06 02:00:10.000,2024-02-06 02:00:10.000,688918682.0,4902538.0,1399078686,-109.0,94
855215,22,2024-02-06 02:20:03,OPMC_LIFT,1212360000.0,230,230,232,4,0,4,50.08,0.8674999999999999,2024-02-06 02:20:08.000,2024-02-06 02:20:08.000,2024-02-06 02:20:08.000,688920496.0,4903341.0,1399084395,-105.0,94
855297,22,2024-02-06 02:37:39,OPMC_LIFT,1212360000.0,230,230,233,4,0,4,50.06,0.8668999999999999,2024-02-06 02:37:42.000,2024-02-06 02:37:42.000,2024-02-06 02:37:42.000,688922099.0,4904048.0,1399089425,-109.0,94
855397,22,2024-02-06 02:50:03,OPMC_LIFT,1212370000.0,230,231,233,4,0,4,50.06,0.8693,2024-02-06 02:50:10.000,2024-02-06 02:50:10.000,2024-02-06 02:50:10.000,688923232.0,4904544.0,1399092987,-114.0,94
855517,22,2024-02-06 03:10:03,OPMC_LIFT,1212370000.0,231,231,233,4,0,4,50.06,0.8657999999999999,2024-02-06 03:10:12.000,2024-02-06 03:10:12.000,2024-02-06 03:10:12.000,688925072.0,4905347.0,1399098744,-113.0,94
855617,22,2024-02-06 03:30:03,OPMC_LIFT,1212380000.0,229,229,231,4,0,4,50.11,0.8674999999999999,2024-02-06 03:30:12.000,2024-02-06 03:30:12.000,2024-02-06 03:30:12.000,688926906.0,4906147.0,1399104501,-101.0,94
855725,22,2024-02-06 03:50:03,OPMC_LIFT,1212380000.0,228,228,231,4,0,4,49.89,0.8664,2024-02-06 03:50:12.000,2024-02-06 03:50:12.000,2024-02-06 03:50:12.000,688928701.0,4906947.0,1399110158,-111.0,94
855793,22,2024-02-06 04:00:03,OPMC_LIFT,1212380000.0,228,229,231,4,0,4,50.03,0.8660999999999999,2024-02-06 04:00:13.000,2024-02-06 04:00:13.000,2024-02-06 04:00:13.000,688929600.0,4907347.0,1399112984,-103.0,94
855849,22,2024-02-06 04:10:03,OPMC_LIFT,1212390000.0,228,228,230,4,0,4,49.93,0.8686999999999999,2024-02-06 04:10:13.000,2024-02-06 04:10:13.000,2024-02-06 04:10:13.000,688930493.0,4907747.0,1399115806,-107.0,94
855951,22,2024-02-06 04:30:03,OPMC_LIFT,1212390000.0,228,228,230,4,0,4,50.06,0.8688999999999999,2024-02-06 04:30:09.000,2024-02-06 04:30:09.000,2024-02-06 04:30:09.000,688932282.0,4908550.0,1399121441,-108.0,94
856175,22,2024-02-06 05:10:03,OPMC_LIFT,1212400000.0,227,227,229,4,0,4,50.02,0.8680999999999999,2024-02-06 05:10:14.000,2024-02-06 05:10:14.000,2024-02-06 05:10:14.000,688935830.0,4910154.0,1399132657,-113.0,94
856229,22,2024-02-06 05:20:03,OPMC_LIFT,1212400000.0,227,227,229,4,0,4,50.06,0.8685999999999999,2024-02-06 05:20:08.000,2024-02-06 05:20:08.000,2024-02-06 05:20:08.000,688936710.0,4910554.0,1399135435,-113.0,94
856297,22,2024-02-06 05:30:03,OPMC_LIFT,1212410000.0,226,226,228,4,0,4,49.92,0.8670999999999999,2024-02-06 05:30:07.000,2024-02-06 05:30:07.000,2024-02-06 05:30:07.000,688937581.0,4910954.0,1399138203,-111.0,94
856415,22,2024-02-06 05:50:03,OPMC_LIFT,1212410000.0,228,228,230,4,0,4,50.06,0.8656999999999999,2024-02-06 05:50:11.000,2024-02-06 05:50:11.000,2024-02-06 05:50:11.000,688939331.0,4911754.0,1399143745,-113.0,94
856465,22,2024-02-06 06:00:03,OPMC_LIFT,1212410000.0,228,228,230,4,0,4,50.1,0.8675999999999999,2024-02-06 06:00:07.000,2024-02-06 06:00:07.000,2024-02-06 06:00:07.000,688940218.0,4912157.0,1399146545,-111.0,94
856537,22,2024-02-06 06:10:03,OPMC_LIFT,1212420000.0,227,228,229,4,0,4,50.04,0.8692,2024-02-06 06:10:14.000,2024-02-06 06:10:14.000,2024-02-06 06:10:14.000,688941101.0,4912557.0,1399149333,-109.0,94
856721,22,2024-02-06 06:40:03,OPMC_LIFT,1212420000.0,226,226,228,4,0,4,50.1,0.8665999999999999,2024-02-06 06:40:08.000,2024-02-06 06:40:08.000,2024-02-06 06:40:08.000,688943715.0,4913757.0,1399157633,-123.0,94
856791,22,2024-02-06 06:50:03,OPMC_LIFT,1212420000.0,226,226,228,4,0,4,50.05,0.8682,2024-02-06 06:50:11.000,2024-02-06 06:50:11.000,2024-02-06 06:50:11.000,688944582.0,4914160.0,1399160385,-109.0,94
856875,22,2024-02-06 07:10:02,OPMC_LIFT,1212430000.0,226,227,228,4,0,4,49.92,0.8679999999999999,2024-02-06 07:10:08.000,2024-02-06 07:10:08.000,2024-02-06 07:10:08.000,688946314.0,4914960.0,1399165889,-108.0,94
856989,22,2024-02-06 07:30:03,OPMC_LIFT,1212430000.0,225,226,228,4,0,4,50.03,0.8679999999999999,2024-02-06 07:30:11.000,2024-02-06 07:30:11.000,2024-02-06 07:30:11.000,688948048.0,4915757.0,1399171393,-111.0,94
857125,22,2024-02-06 08:00:03,OPMC_LIFT,1212440000.0,224,225,226,4,0,4,49.98,0.8683,2024-02-06 08:00:07.000,2024-02-06 08:00:07.000,2024-02-06 08:00:07.000,688950634.0,4916954.0,1399179605,-113.0,94
857211,22,2024-02-06 08:30:03,OPMC_LIFT,1212450000.0,224,225,227,4,0,4,49.99,0.8704,2024-02-06 08:30:13.000,2024-02-06 08:30:13.000,2024-02-06 08:30:13.000,688953226.0,4918150.0,1399187829,-111.0,94
857234,22,2024-02-06 08:40:03,OPMC_LIFT,1212450000.0,226,227,228,4,0,4,50.0,0.8714,2024-02-06 08:40:07.000,2024-02-06 08:40:07.000,2024-02-06 08:40:07.000,688954080.0,4918550.0,1399190549,-113.0,94
857323,22,2024-02-06 09:10:03,OPMC_LIFT,1212470000.0,223,224,226,122,125,131,50.02,0.8143999999999999,2024-02-06 09:10:10.000,2024-02-06 09:10:10.000,2024-02-06 09:10:10.000,688968640.0,4919645.0,1399219297,-113.0,94
857345,22,2024-02-06 09:20:03,OPMC_LIFT,1212720000.0,218,220,221,362,383,384,50.01,0.8740999999999999,2024-02-06 09:20:06.000,2024-02-06 09:20:06.000,2024-02-06 09:20:06.000,689129475.0,4919645.0,1399517774,-111.0,94
857423,22,2024-02-06 09:50:03,OPMC_LIFT,1213760000.0,218,220,222,342,361,363,49.95,0.8707999999999999,2024-02-06 09:50:13.000,2024-02-06 09:50:13.000,2024-02-06 09:50:13.000,689714115.0,4919645.0,1400711397,-120.0,94
857480,22,2024-02-06 10:10:03,OPMC_LIFT,1214440000.0,220,222,224,341,360,362,49.98,0.8670999999999999,2024-02-06 10:10:14.000,2024-02-06 10:10:14.000,2024-02-06 10:10:14.000,690098080.0,4919645.0,1401489573,-111.0,94
857504,22,2024-02-06 10:20:03,OPMC_LIFT,1214780000.0,220,222,223,338,356,359,49.99,0.8677999999999999,2024-02-06 10:20:09.000,2024-02-06 10:20:09.000,2024-02-06 10:20:09.000,690291978.0,4919645.0,1401880673,-113.0,94
857531,22,2024-02-06 10:30:03,OPMC_LIFT,1215120000.0,220,222,224,334,353,355,50.01,0.8672,2024-02-06 10:30:08.000,2024-02-06 10:30:08.000,2024-02-06 10:30:08.000,690485037.0,4919645.0,1402271397,-120.0,94
857543,22,2024-02-06 10:37:43,OPMC_LIFT,1215380000.0,220,222,223,335,355,356,50.0,0.8673,2024-02-06 10:37:51.000,2024-02-06 10:37:51.000,2024-02-06 10:37:51.000,690631747.0,4919645.0,1402566846,-121.0,94
857563,22,2024-02-06 10:40:03,OPMC_LIFT,1215450000.0,220,222,223,336,355,357,50.01,0.8683,2024-02-06 10:40:12.000,2024-02-06 10:40:12.000,2024-02-06 10:40:12.000,690676819.0,4919645.0,1402657845,-112.0,94
857586,22,2024-02-06 10:50:03,OPMC_LIFT,1215790000.0,220,222,223,337,356,357,49.97,0.8674,2024-02-06 10:50:08.000,2024-02-06 10:50:08.000,2024-02-06 10:50:08.000,690869293.0,4919645.0,1403046421,-121.0,94
857675,22,2024-02-06 11:20:03,OPMC_LIFT,1216800000.0,220,222,224,336,355,357,50.01,0.8676999999999999,2024-02-06 11:20:13.000,2024-02-06 11:20:13.000,2024-02-06 11:20:13.000,691446131.0,4919645.0,1404211755,-106.0,94
857747,22,2024-02-06 11:50:03,OPMC_LIFT,1217830000.0,221,223,225,351,372,374,50.02,0.8693,2024-02-06 11:50:07.000,2024-02-06 11:50:07.000,2024-02-06 11:50:07.000,692033850.0,4919645.0,1405397320,-111.0,94
857777,22,2024-02-06 12:00:03,OPMC_LIFT,1218180000.0,223,225,227,343,364,367,50.09,0.8639999999999999,2024-02-06 12:00:12.000,2024-02-06 12:00:12.000,2024-02-06 12:00:12.000,692235702.0,4919645.0,1405802731,-110.0,94
857802,22,2024-02-06 12:10:03,OPMC_LIFT,1218530000.0,224,226,228,333,354,358,49.98,0.8591,2024-02-06 12:10:09.000,2024-02-06 12:10:09.000,2024-02-06 12:10:09.000,692437472.0,4919645.0,1406199758,-103.0,94
857852,22,2024-02-06 12:30:03,OPMC_LIFT,1219180000.0,222,224,225,319,340,342,49.99,0.8597999999999999,2024-02-06 12:30:08.000,2024-02-06 12:30:08.000,2024-02-06 12:30:08.000,692822515.0,4919645.0,1406955835,-113.0,94
857881,22,2024-02-06 12:40:03,OPMC_LIFT,1219490000.0,222,224,226,314,333,337,49.96,0.8567999999999999,2024-02-06 12:40:11.000,2024-02-06 12:40:11.000,2024-02-06 12:40:11.000,693012349.0,4919645.0,1407326795,-121.0,94
857914,22,2024-02-06 12:50:03,OPMC_LIFT,1219820000.0,222,224,225,320,338,341,50.08,0.8593999999999999,2024-02-06 12:50:14.000,2024-02-06 12:50:14.000,2024-02-06 12:50:14.000,693202982.0,4919645.0,1407700325,-109.0,94
858011,22,2024-02-06 13:30:03,OPMC_LIFT,1220910000.0,222,223,225,180,184,188,50.03,0.8709999999999999,2024-02-06 13:30:07.000,2024-02-06 13:30:07.000,2024-02-06 13:30:07.000,693842618.0,4919645.0,1408968625,-111.0,94
858088,22,2024-02-06 14:00:03,OPMC_LIFT,1221460000.0,222,223,225,182,185,191,50.0,0.8720999999999999,2024-02-06 14:00:06.000,2024-02-06 14:00:06.000,2024-02-06 14:00:06.000,694147462.0,4919645.0,1409592792,-107.0,94
858178,22,2024-02-06 14:30:03,OPMC_LIFT,1222010000.0,222,223,225,186,190,195,50.02,0.8736999999999999,2024-02-06 14:30:10.000,2024-02-06 14:30:10.000,2024-02-06 14:30:10.000,694456019.0,4919645.0,1410226405,-113.0,94
858205,22,2024-02-06 14:40:03,OPMC_LIFT,1222190000.0,222,223,225,188,192,197,49.99,0.8739999999999999,2024-02-06 14:40:05.000,2024-02-06 14:40:05.000,2024-02-06 14:40:05.000,694559757.0,4919645.0,1410440184,-111.0,94
858284,22,2024-02-06 15:10:03,OPMC_LIFT,1222760000.0,222,223,225,192,195,200,50.04,0.8753,2024-02-06 15:10:10.000,2024-02-06 15:10:10.000,2024-02-06 15:10:10.000,694874730.0,4919645.0,1411090533,-119.0,94
858305,22,2024-02-06 15:20:03,OPMC_LIFT,1222960000.0,222,223,225,191,196,200,49.99,0.8743,2024-02-06 15:20:06.000,2024-02-06 15:20:06.000,2024-02-06 15:20:06.000,694980835.0,4919645.0,1411310417,-108.0,94
858335,22,2024-02-06 15:30:03,OPMC_LIFT,1223150000.0,222,224,225,191,196,201,50.0,0.8740999999999999,2024-02-06 15:30:09.000,2024-02-06 15:30:09.000,2024-02-06 15:30:09.000,695086720.0,4919645.0,1411529720,-113.0,94
858395,22,2024-02-06 15:50:03,OPMC_LIFT,1223350000.0,226,226,228,3,0,0,50.02,0.0,2024-02-06 15:50:14.000,2024-02-06 15:50:14.000,2024-02-06 15:50:14.000,695197651.0,4919645.0,1411758011,-107.0,94
858420,22,2024-02-06 16:00:03,OPMC_LIFT,1223350000.0,226,227,229,3,0,0,50.02,0.0,2024-02-06 16:00:12.000,2024-02-06 16:00:12.000,2024-02-06 16:00:12.000,695198390.0,4919645.0,1411759160,-123.0,94
858449,22,2024-02-06 16:10:02,OPMC_LIFT,1223350000.0,227,228,230,3,0,0,50.0,0.4733999999999999,2024-02-06 16:10:11.000,2024-02-06 16:10:11.000,2024-02-06 16:10:11.000,695199133.0,4919645.0,1411760315,-101.0,94
858498,22,2024-02-06 16:30:03,OPMC_LIFT,1223350000.0,228,228,230,4,0,4,49.96,0.8704999999999999,2024-02-06 16:30:09.000,2024-02-06 16:30:09.000,2024-02-06 16:30:09.000,695200870.0,4920333.0,1411765473,-106.0,94
858519,22,2024-02-06 16:40:03,OPMC_LIFT,1223360000.0,228,229,230,4,0,4,50.03,0.8696999999999999,2024-02-06 16:40:05.000,2024-02-06 16:40:05.000,2024-02-06 16:40:05.000,695201760.0,4920733.0,1411768289,-121.0,94
858552,22,2024-02-06 16:50:02,OPMC_LIFT,1223360000.0,229,229,231,4,0,4,50.05,0.8682,2024-02-06 16:50:06.000,2024-02-06 16:50:06.000,2024-02-06 16:50:06.000,695202659.0,4921133.0,1411771118,-121.0,94
858638,22,2024-02-06 17:20:03,OPMC_LIFT,1223370000.0,229,230,231,4,0,4,50.06,0.8685999999999999,2024-02-06 17:20:08.000,2024-02-06 17:20:08.000,2024-02-06 17:20:08.000,695205357.0,4922339.0,1411779637,-112.0,94
858666,22,2024-02-06 17:30:03,OPMC_LIFT,1223370000.0,230,230,232,4,0,4,50.07,0.8688999999999999,2024-02-06 17:30:05.000,2024-02-06 17:30:05.000,2024-02-06 17:30:05.000,695206262.0,4922739.0,1411782485,-102.0,94
858717,22,2024-02-06 17:50:03,OPMC_LIFT,1223370000.0,230,231,232,4,0,4,50.02,0.8687999999999999,2024-02-06 17:50:06.000,2024-02-06 17:50:06.000,2024-02-06 17:50:06.000,695208077.0,4923542.0,1411788187,-120.0,94
858749,22,2024-02-06 18:00:03,OPMC_LIFT,1223380000.0,229,229,231,4,0,4,50.04,0.8703,2024-02-06 18:00:08.000,2024-02-06 18:00:08.000,2024-02-06 18:00:08.000,695208979.0,4923942.0,1411791038,-111.0,94
858830,22,2024-02-06 18:30:03,OPMC_LIFT,1223380000.0,229,229,231,4,0,4,50.0,0.8683,2024-02-06 18:30:07.000,2024-02-06 18:30:07.000,2024-02-06 18:30:07.000,695211686.0,4925146.0,1411799563,-120.0,94
858921,22,2024-02-06 19:02:30,OPMC_LIFT,1223390000.0,229,229,231,4,0,4,50.03,0.8687999999999999,2024-02-06 19:02:32.000,2024-02-06 19:02:32.000,2024-02-06 19:02:32.000,695214605.0,4926445.0,1411808750,-121.0,94
858996,22,2024-02-06 19:30:03,OPMC_LIFT,1223400000.0,228,228,230,4,0,4,50.0,0.8699999999999999,2024-02-06 19:30:08.000,2024-02-06 19:30:08.000,2024-02-06 19:30:08.000,695217059.0,4927546.0,1411816501,-108.0,94
859133,22,2024-02-06 20:20:03,OPMC_LIFT,1223410000.0,229,229,231,4,0,4,50.05,0.8665999999999999,2024-02-06 20:20:11.000,2024-02-06 20:20:11.000,2024-02-06 20:20:11.000,695221517.0,4929549.0,1411830581,-121.0,94
859219,22,2024-02-06 20:50:03,OPMC_LIFT,1223420000.0,229,230,231,4,0,4,50.02,0.8674999999999999,2024-02-06 20:50:13.000,2024-02-06 20:50:13.000,2024-02-06 20:50:13.000,695224211.0,4930752.0,1411839077,-120.0,94
859329,22,2024-02-06 21:30:03,OPMC_LIFT,1223430000.0,230,231,233,4,0,4,50.07,0.8654999999999999,2024-02-06 21:30:11.000,2024-02-06 21:30:11.000,2024-02-06 21:30:11.000,695227846.0,4932352.0,1411850501,-111.0,94
859357,22,2024-02-06 21:40:03,OPMC_LIFT,1223430000.0,231,231,233,4,0,4,49.99,0.8682,2024-02-06 21:40:10.000,2024-02-06 21:40:10.000,2024-02-06 21:40:10.000,695228765.0,4932752.0,1411853381,-113.0,94
859470,22,2024-02-06 22:20:03,OPMC_LIFT,1223440000.0,230,230,232,4,0,4,49.96,0.8684,2024-02-06 22:20:07.000,2024-02-06 22:20:07.000,2024-02-06 22:20:07.000,695232435.0,4934355.0,1411864894,-114.0,94
859493,22,2024-02-06 22:30:03,OPMC_LIFT,1223440000.0,230,230,232,4,0,4,49.94,0.8678999999999999,2024-02-06 22:30:05.000,2024-02-06 22:30:05.000,2024-02-06 22:30:05.000,695233350.0,4934755.0,1411867768,-123.0,94
859556,22,2024-02-06 22:50:03,OPMC_LIFT,1223450000.0,230,231,233,4,0,4,49.94,0.8672,2024-02-06 22:50:07.000,2024-02-06 22:50:07.000,2024-02-06 22:50:07.000,695235184.0,4935555.0,1411873512,-111.0,94
859651,22,2024-02-06 23:30:03,OPMC_LIFT,1223460000.0,228,229,231,4,0,4,49.97,0.8678999999999999,2024-02-06 23:30:08.000,2024-02-06 23:30:08.000,2024-02-06 23:30:08.000,695238829.0,4937158.0,1411884968,-115.0,94
859678,22,2024-02-06 23:40:03,OPMC_LIFT,1223460000.0,228,229,231,4,0,4,50.02,0.8669999999999999,2024-02-06 23:40:10.000,2024-02-06 23:40:10.000,2024-02-06 23:40:10.000,695239722.0,4937558.0,1411887793,-104.0,94
859737,22,2024-02-07 00:00:03,OPMC_LIFT,1223470000.0,226,227,229,4,0,4,49.95,0.8684,2024-02-07 00:00:12.000,2024-02-07 00:00:12.000,2024-02-07 00:00:12.000,695241517.0,4938358.0,1411893454,-114.0,94
859780,22,2024-02-07 00:20:03,OPMC_LIFT,1223470000.0,226,227,229,4,0,4,50.03,0.8707999999999999,2024-02-07 00:20:07.000,2024-02-07 00:20:07.000,2024-02-07 00:20:07.000,695243267.0,4939158.0,1411899003,-123.0,94
859797,22,2024-02-07 00:30:03,OPMC_LIFT,1223470000.0,226,227,229,4,0,4,50.06,0.8719999999999999,2024-02-07 00:30:06.000,2024-02-07 00:30:06.000,2024-02-07 00:30:06.000,695244141.0,4939555.0,1411901777,-111.0,94
859896,22,2024-02-07 01:10:03,OPMC_LIFT,1223480000.0,227,228,230,4,0,4,50.05,0.8683,2024-02-07 01:10:20.000,2024-02-07 01:10:20.000,2024-02-07 01:10:20.000,695247658.0,4941152.0,1411912933,-121.0,94
859951,22,2024-02-07 01:30:03,OPMC_LIFT,1223490000.0,227,227,229,4,0,4,50.0,0.8699999999999999,2024-02-07 01:30:10.000,2024-02-07 01:30:10.000,2024-02-07 01:30:10.000,695249421.0,4941952.0,1411918517,-112.0,94
859999,22,2024-02-07 01:50:03,OPMC_LIFT,1223490000.0,227,228,230,4,0,4,50.02,0.8694,2024-02-07 01:50:09.000,2024-02-07 01:50:09.000,2024-02-07 01:50:09.000,695251187.0,4942749.0,1411924110,-111.0,94
860051,22,2024-02-07 02:10:03,OPMC_LIFT,1223500000.0,228,228,230,4,0,4,49.99,0.8684999999999999,2024-02-07 02:10:13.000,2024-02-07 02:10:13.000,2024-02-07 02:10:13.000,695252963.0,4943549.0,1411929729,-115.0,94
860072,22,2024-02-07 02:20:03,OPMC_LIFT,1223500000.0,228,228,230,4,0,4,50.02,0.8694999999999999,2024-02-07 02:20:09.000,2024-02-07 02:20:09.000,2024-02-07 02:20:09.000,695253853.0,4943949.0,1411932545,-123.0,94
860096,22,2024-02-07 02:30:03,OPMC_LIFT,1223500000.0,228,228,230,4,0,4,49.97,0.8674999999999999,2024-02-07 02:30:08.000,2024-02-07 02:30:08.000,2024-02-07 02:30:08.000,695254742.0,4944349.0,1411935361,-111.0,94
860133,22,2024-02-07 02:40:46,OPMC_LIFT,1223500000.0,228,228,230,4,0,4,49.97,0.8676999999999999,2024-02-07 02:40:52.000,2024-02-07 02:40:52.000,2024-02-07 02:40:52.000,695255699.0,4944778.0,1411938382,-111.0,94
860170,22,2024-02-07 03:00:03,OPMC_LIFT,1223510000.0,228,229,231,4,0,4,50.07,0.8690999999999999,2024-02-07 03:00:06.000,2024-02-07 03:00:06.000,2024-02-07 03:00:06.000,695257418.0,4945549.0,1411943816,-109.0,94
860198,22,2024-02-07 03:10:03,OPMC_LIFT,1223510000.0,228,229,231,4,0,4,50.05,0.8694,2024-02-07 03:10:07.000,2024-02-07 03:10:07.000,2024-02-07 03:10:07.000,695258310.0,4945949.0,1411946641,-121.0,94
860227,22,2024-02-07 03:20:03,OPMC_LIFT,1223510000.0,228,229,231,4,0,4,50.01,0.8659999999999999,2024-02-07 03:20:07.000,2024-02-07 03:20:07.000,2024-02-07 03:20:07.000,695259206.0,4946349.0,1411949464,-109.0,94
860275,22,2024-02-07 03:40:03,OPMC_LIFT,1223520000.0,228,229,231,4,0,4,49.99,0.8702,2024-02-07 03:40:08.000,2024-02-07 03:40:08.000,2024-02-07 03:40:08.000,695260992.0,4947149.0,1411955109,-113.0,94
860327,22,2024-02-07 04:00:03,OPMC_LIFT,1223520000.0,228,229,231,4,0,4,50.07,0.8694999999999999,2024-02-07 04:00:09.000,2024-02-07 04:00:09.000,2024-02-07 04:00:09.000,695262781.0,4947946.0,1411960757,-112.0,94
860371,22,2024-02-07 04:20:02,OPMC_LIFT,1223530000.0,228,228,230,4,0,4,50.01,0.8660999999999999,2024-02-07 04:20:04.000,2024-02-07 04:20:04.000,2024-02-07 04:20:04.000,695264563.0,4948749.0,1411966401,-112.0,94
860402,22,2024-02-07 04:30:02,OPMC_LIFT,1223530000.0,228,228,230,4,0,4,50.05,0.8707999999999999,2024-02-07 04:30:07.000,2024-02-07 04:30:07.000,2024-02-07 04:30:07.000,695265453.0,4949149.0,1411969214,-121.0,94
860425,22,2024-02-07 04:40:02,OPMC_LIFT,1223530000.0,228,228,230,4,0,4,50.05,0.8674,2024-02-07 04:40:11.000,2024-02-07 04:40:11.000,2024-02-07 04:40:11.000,695266342.0,4949549.0,1411972027,-109.0,94
860467,22,2024-02-07 05:00:02,OPMC_LIFT,1223540000.0,227,228,229,4,0,4,50.07,0.8675999999999999,2024-02-07 05:00:08.000,2024-02-07 05:00:08.000,2024-02-07 05:00:08.000,695268112.0,4950349.0,1411977627,-111.0,94
860491,22,2024-02-07 05:10:03,OPMC_LIFT,1223540000.0,226,227,229,4,0,4,50.01,0.8684999999999999,2024-02-07 05:10:10.000,2024-02-07 05:10:10.000,2024-02-07 05:10:10.000,695268992.0,4950749.0,1411980417,-121.0,94
860515,22,2024-02-07 05:20:03,OPMC_LIFT,1223540000.0,226,226,228,4,0,4,49.96,0.8686999999999999,2024-02-07 05:20:07.000,2024-02-07 05:20:07.000,2024-02-07 05:20:07.000,695269862.0,4951146.0,1411983185,-111.0,94
860563,22,2024-02-07 05:40:03,OPMC_LIFT,1223550000.0,225,226,228,4,0,4,50.04,0.8699999999999999,2024-02-07 05:40:05.000,2024-02-07 05:40:05.000,2024-02-07 05:40:05.000,695271597.0,4951942.0,1411988699,-121.0,94
860590,22,2024-02-07 05:50:03,OPMC_LIFT,1223550000.0,227,228,230,4,0,4,49.98,0.8659999999999999,2024-02-07 05:50:08.000,2024-02-07 05:50:08.000,2024-02-07 05:50:08.000,695272458.0,4952342.0,1411991445,-103.0,94
860637,22,2024-02-07 06:10:03,OPMC_LIFT,1223560000.0,227,227,229,4,0,4,50.08,0.8678999999999999,2024-02-07 06:10:07.000,2024-02-07 06:10:07.000,2024-02-07 06:10:07.000,695274221.0,4953142.0,1411997035,-111.0,94
860663,22,2024-02-07 06:20:03,OPMC_LIFT,1223560000.0,226,227,229,4,0,4,50.0,0.8702,2024-02-07 06:20:12.000,2024-02-07 06:20:12.000,2024-02-07 06:20:12.000,695275098.0,4953542.0,1411999809,-109.0,94
860685,22,2024-02-07 06:30:03,OPMC_LIFT,1223560000.0,226,226,228,4,0,4,50.08,0.8676999999999999,2024-02-07 06:30:11.000,2024-02-07 06:30:11.000,2024-02-07 06:30:11.000,695275965.0,4953942.0,1412002574,-111.0,94
860778,22,2024-02-07 07:00:03,OPMC_LIFT,1223570000.0,225,225,227,4,0,3,50.02,0.8697999999999999,2024-02-07 07:00:11.000,2024-02-07 07:00:11.000,2024-02-07 07:00:11.000,695278557.0,4955142.0,1412010827,-109.0,94
860804,22,2024-02-07 07:10:03,OPMC_LIFT,1223570000.0,226,226,228,4,0,4,49.96,0.8688999999999999,2024-02-07 07:10:08.000,2024-02-07 07:10:08.000,2024-02-07 07:10:08.000,695279430.0,4955542.0,1412013601,-120.0,94
860862,22,2024-02-07 07:30:03,OPMC_LIFT,1223570000.0,226,227,228,4,0,4,49.99,0.8676999999999999,2024-02-07 07:30:14.000,2024-02-07 07:30:14.000,2024-02-07 07:30:14.000,695281171.0,4956339.0,1412019121,-111.0,94
860885,22,2024-02-07 07:40:03,OPMC_LIFT,1223580000.0,225,226,227,4,0,4,50.04,0.8678999999999999,2024-02-07 07:40:06.000,2024-02-07 07:40:06.000,2024-02-07 07:40:06.000,695282035.0,4956739.0,1412021867,-108.0,94
860908,22,2024-02-07 07:50:03,OPMC_LIFT,1223580000.0,225,226,227,4,0,4,49.97,0.8687999999999999,2024-02-07 07:50:05.000,2024-02-07 07:50:05.000,2024-02-07 07:50:05.000,695282896.0,4957136.0,1412024597,-108.0,94
861020,22,2024-02-07 08:30:03,OPMC_LIFT,1224460000.0,218,220,222,351,373,370,49.95,0.8682,2024-02-07 08:30:12.000,2024-02-07 08:30:12.000,2024-02-07 08:30:12.000,695805549.0,4957558.0,1413048785,-121.0,94
861067,22,2024-02-07 08:50:03,OPMC_LIFT,1224960000.0,222,224,225,196,203,206,50.06,0.8709999999999999,2024-02-07 08:50:06.000,2024-02-07 08:50:06.000,2024-02-07 08:50:06.000,696097216.0,4957558.0,1413631233,-120.0,94
861094,22,2024-02-07 09:00:03,OPMC_LIFT,1225220000.0,220,222,223,305,201,203,49.97,0.8699999999999999,2024-02-07 09:00:09.000,2024-02-07 09:00:09.000,2024-02-07 09:00:09.000,696255430.0,4957558.0,1413938270,-120.0,94
861125,22,2024-02-07 09:10:03,OPMC_LIFT,1225430000.0,220,222,223,289,305,304,50.0,0.8361,2024-02-07 09:10:11.000,2024-02-07 09:10:11.000,2024-02-07 09:10:11.000,696372368.0,4957558.0,1414173003,-120.0,94
861149,22,2024-02-07 09:20:03,OPMC_LIFT,1225690000.0,221,223,224,203,208,212,50.05,0.8739999999999999,2024-02-07 09:20:08.000,2024-02-07 09:20:08.000,2024-02-07 09:20:08.000,696523501.0,4957558.0,1414474481,-112.0,94
861258,22,2024-02-07 10:00:03,OPMC_LIFT,1226720000.0,220,222,223,366,386,384,50.04,0.8698999999999999,2024-02-07 10:00:06.000,2024-02-07 10:00:06.000,2024-02-07 10:00:06.000,697122758.0,4957558.0,1415668651,-108.0,94
861307,22,2024-02-07 10:20:02,OPMC_LIFT,1227210000.0,222,224,225,205,211,213,49.98,0.8733,2024-02-07 10:20:06.000,2024-02-07 10:20:06.000,2024-02-07 10:20:06.000,697408125.0,4957558.0,1416240139,-103.0,94
861337,22,2024-02-07 10:30:02,OPMC_LIFT,1227490000.0,219,222,223,371,392,388,49.99,0.8714,2024-02-07 10:30:07.000,2024-02-07 10:30:07.000,2024-02-07 10:30:07.000,697566144.0,4957558.0,1416554392,-103.0,94
861509,22,2024-02-07 11:30:03,OPMC_LIFT,1229000000.0,221,223,224,318,337,334,50.03,0.8506999999999999,2024-02-07 11:30:10.000,2024-02-07 11:30:10.000,2024-02-07 11:30:10.000,698471542.0,4957558.0,1418317701,-108.0,94
861533,22,2024-02-07 11:40:03,OPMC_LIFT,1229250000.0,223,224,226,205,212,214,49.97,0.8718999999999999,2024-02-07 11:40:07.000,2024-02-07 11:40:07.000,2024-02-07 11:40:07.000,698613482.0,4957558.0,1418606485,-117.0,94
861583,22,2024-02-07 12:00:03,OPMC_LIFT,1229780000.0,225,226,228,206,213,216,50.04,0.8694999999999999,2024-02-07 12:00:09.000,2024-02-07 12:00:09.000,2024-02-07 12:00:09.000,698937389.0,4957558.0,1419232600,-119.0,94
861656,22,2024-02-07 12:30:03,OPMC_LIFT,1230550000.0,222,224,225,375,397,394,49.99,0.8667999999999999,2024-02-07 12:30:08.000,2024-02-07 12:30:08.000,2024-02-07 12:30:08.000,699407206.0,4957558.0,1420130321,-121.0,94
861789,22,2024-02-07 13:20:03,OPMC_LIFT,1231860000.0,221,223,224,324,345,342,49.96,0.8568999999999999,2024-02-07 13:20:10.000,2024-02-07 13:20:10.000,2024-02-07 13:20:10.000,700191030.0,4957558.0,1421666113,-120.0,94
861867,22,2024-02-07 13:50:03,OPMC_LIFT,1232640000.0,220,222,224,325,343,342,49.98,0.853,2024-02-07 13:50:11.000,2024-02-07 13:50:11.000,2024-02-07 13:50:11.000,700654400.0,4957558.0,1422573989,-111.0,94
861896,22,2024-02-07 14:00:03,OPMC_LIFT,1232910000.0,221,223,224,311,329,327,49.97,0.8492,2024-02-07 14:00:11.000,2024-02-07 14:00:11.000,2024-02-07 14:00:11.000,700812986.0,4957558.0,1422886257,-109.0,94
862013,22,2024-02-07 14:40:03,OPMC_LIFT,1233970000.0,222,224,226,202,211,212,49.99,0.8607999999999999,2024-02-07 14:40:10.000,2024-02-07 14:40:10.000,2024-02-07 14:40:10.000,701447005.0,4957558.0,1424122414,-106.0,94
862059,22,2024-02-07 15:00:03,OPMC_LIFT,1234450000.0,223,225,226,212,217,220,50.01,0.8727999999999999,2024-02-07 15:00:09.000,2024-02-07 15:00:09.000,2024-02-07 15:00:09.000,701729984.0,4957558.0,1424679368,-117.0,94
862110,22,2024-02-07 15:20:03,OPMC_LIFT,1234900000.0,221,223,224,327,347,345,49.98,0.8534999999999999,2024-02-07 15:20:11.000,2024-02-07 15:20:11.000,2024-02-07 15:20:11.000,701986611.0,4957558.0,1425196277,-121.0,94
862133,22,2024-02-07 15:30:03,OPMC_LIFT,1235150000.0,222,224,225,305,323,322,50.04,0.845,2024-02-07 15:30:08.000,2024-02-07 15:30:08.000,2024-02-07 15:30:08.000,702139331.0,4957558.0,1425486213,-123.0,94
862190,22,2024-02-07 15:50:03,OPMC_LIFT,1235580000.0,224,226,227,198,205,207,50.05,0.8675999999999999,2024-02-07 15:50:14.000,2024-02-07 15:50:14.000,2024-02-07 15:50:14.000,702413075.0,4957558.0,1426000766,-111.0,94
862214,22,2024-02-07 16:00:03,OPMC_LIFT,1235810000.0,225,227,228,195,204,205,50.07,0.8536999999999999,2024-02-07 16:00:11.000,2024-02-07 16:00:11.000,2024-02-07 16:00:11.000,702558314.0,4957558.0,1426274123,-107.0,94
862334,22,2024-02-07 16:50:03,OPMC_LIFT,1236030000.0,228,229,230,4,0,4,49.97,0.8673,2024-02-07 16:50:11.000,2024-02-07 16:50:11.000,2024-02-07 16:50:11.000,702696006.0,4957744.0,1426532325,-124.0,94
862362,22,2024-02-07 17:00:03,OPMC_LIFT,1236030000.0,230,230,232,4,0,4,50.02,0.8679999999999999,2024-02-07 17:00:08.000,2024-02-07 17:00:08.000,2024-02-07 17:00:08.000,702696906.0,4958147.0,1426535163,-121.0,94
862437,22,2024-02-07 17:30:03,OPMC_LIFT,1236040000.0,229,230,231,4,0,4,50.06,0.8696999999999999,2024-02-07 17:30:07.000,2024-02-07 17:30:07.000,2024-02-07 17:30:07.000,702699590.0,4959350.0,1426543646,-123.0,94
862466,22,2024-02-07 17:40:03,OPMC_LIFT,1236040000.0,229,230,232,4,0,4,50.05,0.8668999999999999,2024-02-07 17:40:09.000,2024-02-07 17:40:09.000,2024-02-07 17:40:09.000,702700493.0,4959750.0,1426546481,-115.0,94
862519,22,2024-02-07 18:00:03,OPMC_LIFT,1236050000.0,229,230,231,4,0,4,50.08,0.8696999999999999,2024-02-07 18:00:11.000,2024-02-07 18:00:11.000,2024-02-07 18:00:11.000,702702307.0,4960554.0,1426552197,-120.0,94
862541,22,2024-02-07 18:10:03,OPMC_LIFT,1236050000.0,229,230,232,4,0,4,50.07,0.8688999999999999,2024-02-07 18:10:10.000,2024-02-07 18:10:10.000,2024-02-07 18:10:10.000,702703206.0,4960954.0,1426555029,-107.0,94
862601,22,2024-02-07 18:39:38,OPMC_LIFT,1236060000.0,229,230,232,4,0,4,50.04,0.8653,2024-02-07 18:39:44.000,2024-02-07 18:39:44.000,2024-02-07 18:39:44.000,702705878.0,4962138.0,1426563441,-121.0,94
862671,22,2024-02-07 19:00:03,OPMC_LIFT,1236060000.0,230,230,232,4,0,4,50.02,0.8688999999999999,2024-02-07 19:00:10.000,2024-02-07 19:00:10.000,2024-02-07 19:00:10.000,702707728.0,4962954.0,1426569256,-109.0,94
862693,22,2024-02-07 19:10:03,OPMC_LIFT,1236070000.0,229,230,231,4,0,4,50.05,0.8695999999999999,2024-02-07 19:10:12.000,2024-02-07 19:10:12.000,2024-02-07 19:10:12.000,702708634.0,4963354.0,1426572104,-124.0,94
862766,22,2024-02-07 19:40:03,OPMC_LIFT,1236070000.0,229,229,231,4,0,4,50.02,0.8674,2024-02-07 19:40:12.000,2024-02-07 19:40:12.000,2024-02-07 19:40:12.000,702711341.0,4964554.0,1426580622,-108.0,94
862793,22,2024-02-07 19:50:03,OPMC_LIFT,1236080000.0,229,229,231,4,0,4,50.01,0.8674999999999999,2024-02-07 19:50:10.000,2024-02-07 19:50:10.000,2024-02-07 19:50:10.000,702712243.0,4964954.0,1426583461,-111.0,94
862816,22,2024-02-07 20:00:03,OPMC_LIFT,1236080000.0,229,229,231,4,0,4,49.99,0.8668999999999999,2024-02-07 20:00:08.000,2024-02-07 20:00:08.000,2024-02-07 20:00:08.000,702713146.0,4965354.0,1426586299,-121.0,94
862908,22,2024-02-07 20:40:03,OPMC_LIFT,1236090000.0,230,230,232,4,0,4,50.0,0.8674,2024-02-07 20:40:03.000,2024-02-07 20:40:03.000,2024-02-07 20:40:03.000,702716768.0,4966957.0,1426597691,-123.0,94
862962,22,2024-02-07 21:00:03,OPMC_LIFT,1236090000.0,230,231,232,4,0,4,50.04,0.8669999999999999,2024-02-07 21:00:11.000,2024-02-07 21:00:11.000,2024-02-07 21:00:11.000,702718589.0,4967760.0,1426603409,-120.0,94
863061,22,2024-02-07 21:40:03,OPMC_LIFT,1236100000.0,228,229,231,4,0,4,50.07,0.8686999999999999,2024-02-07 21:40:13.000,2024-02-07 21:40:13.000,2024-02-07 21:40:13.000,702722240.0,4969366.0,1426614872,-107.0,94
863085,22,2024-02-07 21:50:03,OPMC_LIFT,1236100000.0,228,229,231,4,0,4,50.06,0.8704,2024-02-07 21:50:07.000,2024-02-07 21:50:07.000,2024-02-07 21:50:07.000,702723136.0,4969766.0,1426617697,-123.0,94
863116,22,2024-02-07 22:00:03,OPMC_LIFT,1236110000.0,228,228,230,4,0,4,50.05,0.8674999999999999,2024-02-07 22:00:08.000,2024-02-07 22:00:08.000,2024-02-07 22:00:08.000,702724029.0,4970170.0,1426620517,-121.0,94
863185,22,2024-02-07 22:30:03,OPMC_LIFT,1236110000.0,228,229,231,4,0,4,49.96,0.8675999999999999,2024-02-07 22:30:13.000,2024-02-07 22:30:13.000,2024-02-07 22:30:13.000,702726710.0,4971373.0,1426628974,-123.0,94
863440,22,2024-02-08 00:00:03,OPMC_LIFT,1236140000.0,230,230,233,4,0,4,50.05,0.8654,2024-02-08 00:00:10.000,2024-02-08 00:00:10.000,2024-02-08 00:00:10.000,702734854.0,4974986.0,1426654609,-121.0,94
863497,22,2024-02-08 00:20:03,OPMC_LIFT,1236140000.0,230,231,233,4,0,4,50.04,0.8659999999999999,2024-02-08 00:20:10.000,2024-02-08 00:20:10.000,2024-02-08 00:20:10.000,702736688.0,4975792.0,1426660366,-111.0,94
863524,22,2024-02-08 00:30:03,OPMC_LIFT,1236140000.0,230,231,233,4,0,4,50.04,0.8653,2024-02-08 00:30:12.000,2024-02-08 00:30:12.000,2024-02-08 00:30:12.000,702737606.0,4976192.0,1426663246,-123.0,94
863545,22,2024-02-08 00:40:03,OPMC_LIFT,1236150000.0,231,231,233,4,0,4,50.03,0.8702,2024-02-08 00:40:07.000,2024-02-08 00:40:07.000,2024-02-08 00:40:07.000,702738525.0,4976595.0,1426666126,-108.0,94
863638,22,2024-02-08 01:10:03,OPMC_LIFT,1236150000.0,228,229,231,4,0,4,50.03,0.8676999999999999,2024-02-08 01:10:12.000,2024-02-08 01:10:12.000,2024-02-08 01:10:12.000,702741261.0,4977798.0,1426674718,-119.0,94
863673,22,2024-02-08 01:20:03,OPMC_LIFT,1236160000.0,229,229,231,4,0,4,50.05,0.8649999999999999,2024-02-08 01:20:14.000,2024-02-08 01:20:14.000,2024-02-08 01:20:14.000,702742157.0,4978202.0,1426677550,-121.0,94
863839,22,2024-02-08 02:20:03,OPMC_LIFT,1236170000.0,230,230,232,4,0,4,50.04,0.8675999999999999,2024-02-08 02:20:07.000,2024-02-08 02:20:07.000,2024-02-08 02:20:07.000,702747571.0,4980611.0,1426694606,-109.0,94
863874,22,2024-02-08 02:30:03,OPMC_LIFT,1236170000.0,230,230,232,4,0,4,50.03,0.8683,2024-02-08 02:30:09.000,2024-02-08 02:30:09.000,2024-02-08 02:30:09.000,702748480.0,4981011.0,1426697464,-113.0,94
863913,22,2024-02-08 02:43:58,OPMC_LIFT,1236180000.0,230,230,232,4,0,4,50.0,0.8656999999999999,2024-02-08 02:43:59.000,2024-02-08 02:43:59.000,2024-02-08 02:43:59.000,702749747.0,4981571.0,1426701448,-114.0,94
863989,22,2024-02-08 03:10:03,OPMC_LIFT,1236180000.0,231,231,233,4,0,4,50.05,0.8668999999999999,2024-02-08 03:10:07.000,2024-02-08 03:10:07.000,2024-02-08 03:10:07.000,702752138.0,4982621.0,1426708958,-111.0,94
864101,22,2024-02-08 03:50:03,OPMC_LIFT,1236190000.0,229,229,231,4,0,4,50.07,0.8649999999999999,2024-02-08 03:50:03.000,2024-02-08 03:50:03.000,2024-02-08 03:50:03.000,702755766.0,4984227.0,1426720379,-109.0,94
864204,22,2024-02-08 04:20:03,OPMC_LIFT,1236200000.0,229,229,231,4,0,4,50.05,0.8676999999999999,2024-02-08 04:20:13.000,2024-02-08 04:20:13.000,2024-02-08 04:20:13.000,702758458.0,4985437.0,1426728878,-108.0,94
864235,22,2024-02-08 04:30:02,OPMC_LIFT,1236200000.0,229,229,231,4,0,4,50.05,0.8676999999999999,2024-02-08 04:30:10.000,2024-02-08 04:30:10.000,2024-02-08 04:30:10.000,702759357.0,4985837.0,1426731704,-121.0,94
864260,22,2024-02-08 04:40:03,OPMC_LIFT,1236210000.0,229,229,231,4,0,4,50.06,0.8668999999999999,2024-02-08 04:40:07.000,2024-02-08 04:40:07.000,2024-02-08 04:40:07.000,702760253.0,4986240.0,1426734529,-109.0,94
864320,22,2024-02-08 05:00:03,OPMC_LIFT,1236210000.0,228,229,231,4,0,4,50.06,0.8678999999999999,2024-02-08 05:00:12.000,2024-02-08 05:00:12.000,2024-02-08 05:00:12.000,702762038.0,4987046.0,1426740190,-111.0,94
864344,22,2024-02-08 05:10:03,OPMC_LIFT,1236210000.0,228,229,230,4,0,4,50.04,0.8680999999999999,2024-02-08 05:10:08.000,2024-02-08 05:10:08.000,2024-02-08 05:10:08.000,702762934.0,4987450.0,1426743016,-103.0,94
864403,22,2024-02-08 05:30:03,OPMC_LIFT,1236220000.0,228,228,230,4,0,4,50.09,0.8688999999999999,2024-02-08 05:30:08.000,2024-02-08 05:30:08.000,2024-02-08 05:30:08.000,702764710.0,4988256.0,1426748641,-112.0,94
864439,22,2024-02-08 05:40:03,OPMC_LIFT,1236220000.0,228,228,230,4,0,4,50.06,0.8673,2024-02-08 05:40:11.000,2024-02-08 05:40:11.000,2024-02-08 05:40:11.000,702765600.0,4988656.0,1426751451,-100.0,94
864546,22,2024-02-08 06:20:03,OPMC_LIFT,1236230000.0,228,228,230,4,0,4,50.06,0.8645999999999999,2024-02-08 06:20:06.000,2024-02-08 06:20:06.000,2024-02-08 06:20:06.000,702769165.0,4990269.0,1426762728,-109.0,94
864581,22,2024-02-08 06:30:03,OPMC_LIFT,1236230000.0,228,229,231,4,0,4,50.15,0.8669999999999999,2024-02-08 06:30:11.000,2024-02-08 06:30:11.000,2024-02-08 06:30:11.000,702770054.0,4990675.0,1426765550,-111.0,94
864652,22,2024-02-08 06:50:03,OPMC_LIFT,1236240000.0,226,226,228,4,0,4,50.03,0.8674999999999999,2024-02-08 06:50:11.000,2024-02-08 06:50:11.000,2024-02-08 06:50:11.000,702771821.0,4991482.0,1426771147,-110.0,94
864677,22,2024-02-08 07:00:03,OPMC_LIFT,1236240000.0,227,227,229,4,0,4,49.95,0.8676999999999999,2024-02-08 07:00:07.000,2024-02-08 07:00:07.000,2024-02-08 07:00:07.000,702772688.0,4991882.0,1426773905,-123.0,94
864785,22,2024-02-08 07:40:03,OPMC_LIFT,1236250000.0,225,226,227,4,0,4,49.94,0.8686999999999999,2024-02-08 07:40:10.000,2024-02-08 07:40:10.000,2024-02-08 07:40:10.000,702776166.0,4993488.0,1426784968,-108.0,94
864863,22,2024-02-08 08:10:03,OPMC_LIFT,1236260000.0,226,226,228,4,0,4,50.03,0.8670999999999999,2024-02-08 08:10:09.000,2024-02-08 08:10:09.000,2024-02-08 08:10:09.000,702778771.0,4994694.0,1426793243,-108.0,94
864893,22,2024-02-08 08:20:03,OPMC_LIFT,1236260000.0,228,228,229,4,0,4,49.93,0.8674999999999999,2024-02-08 08:20:07.000,2024-02-08 08:20:07.000,2024-02-08 08:20:07.000,702779645.0,4995094.0,1426796017,-107.0,94
864919,22,2024-02-08 08:30:03,OPMC_LIFT,1236260000.0,227,227,229,4,0,4,49.96,0.8692,2024-02-08 08:30:09.000,2024-02-08 08:30:09.000,2024-02-08 08:30:09.000,702780528.0,4995498.0,1426798811,-108.0,94
864998,22,2024-02-08 09:00:03,OPMC_LIFT,1236270000.0,226,226,228,4,0,4,50.05,0.8656999999999999,2024-02-08 09:00:08.000,2024-02-08 09:00:08.000,2024-02-08 09:00:08.000,702783155.0,4996707.0,1426807153,-106.0,94
865054,22,2024-02-08 09:20:03,OPMC_LIFT,1236270000.0,226,226,228,4,0,4,50.05,0.8690999999999999,2024-02-08 09:20:07.000,2024-02-08 09:20:07.000,2024-02-08 09:20:07.000,702784890.0,4997510.0,1426812667,-102.0,94
865089,22,2024-02-08 09:30:03,OPMC_LIFT,1236280000.0,225,226,227,4,0,4,50.06,0.8683,2024-02-08 09:30:11.000,2024-02-08 09:30:11.000,2024-02-08 09:30:11.000,702785750.0,4997910.0,1426815416,-110.0,94
865112,22,2024-02-08 09:40:03,OPMC_LIFT,1236280000.0,228,228,230,4,0,4,50.04,0.8664,2024-02-08 09:40:08.000,2024-02-08 09:40:08.000,2024-02-08 09:40:08.000,702786621.0,4998314.0,1426818174,-107.0,94
865136,22,2024-02-08 09:50:03,OPMC_LIFT,1236280000.0,227,227,229,4,0,4,49.98,0.8679999999999999,2024-02-08 09:50:07.000,2024-02-08 09:50:07.000,2024-02-08 09:50:07.000,702787501.0,4998717.0,1426820968,-108.0,94
865254,22,2024-02-08 10:37:15,OPMC_LIFT,1236290000.0,226,226,228,4,0,4,49.98,0.8679999999999999,2024-02-08 10:37:21.000,2024-02-08 10:37:21.000,2024-02-08 10:37:21.000,702791622.0,5000611.0,1426834040,-114.0,94
865299,22,2024-02-08 10:50:03,OPMC_LIFT,1236300000.0,226,226,228,4,0,4,50.04,0.8694999999999999,2024-02-08 10:50:08.000,2024-02-08 10:50:08.000,2024-02-08 10:50:08.000,702792733.0,5001126.0,1426837573,-109.0,94
865327,22,2024-02-08 11:00:03,OPMC_LIFT,1236300000.0,226,227,228,4,0,4,50.04,0.8676999999999999,2024-02-08 11:00:07.000,2024-02-08 11:00:07.000,2024-02-08 11:00:07.000,702793597.0,5001526.0,1426840321,-123.0,94
865380,22,2024-02-08 11:20:03,OPMC_LIFT,1236300000.0,226,226,228,4,0,4,49.97,0.8682,2024-02-08 11:20:09.000,2024-02-08 11:20:09.000,2024-02-08 11:20:09.000,702795331.0,5002330.0,1426845835,-107.0,94
865483,22,2024-02-08 12:00:03,OPMC_LIFT,1236310000.0,227,227,229,4,0,4,50.07,0.8677999999999999,2024-02-08 12:00:13.000,2024-02-08 12:00:13.000,2024-02-08 12:00:13.000,702798803.0,5003936.0,1426856875,-106.0,94
865511,22,2024-02-08 12:10:03,OPMC_LIFT,1236310000.0,227,227,229,4,0,4,49.98,0.8667999999999999,2024-02-08 12:10:10.000,2024-02-08 12:10:10.000,2024-02-08 12:10:10.000,702799677.0,5004336.0,1426859649,-121.0,94
865534,22,2024-02-08 12:20:03,OPMC_LIFT,1236320000.0,227,227,229,4,0,4,50.05,0.8650999999999999,2024-02-08 12:20:07.000,2024-02-08 12:20:07.000,2024-02-08 12:20:07.000,702800550.0,5004736.0,1426862421,-121.0,94
865564,22,2024-02-08 12:30:03,OPMC_LIFT,1236320000.0,227,227,229,4,0,4,50.03,0.8667999999999999,2024-02-08 12:30:08.000,2024-02-08 12:30:08.000,2024-02-08 12:30:08.000,702801424.0,5005139.0,1426865198,-114.0,94
865622,22,2024-02-08 12:50:03,OPMC_LIFT,1236320000.0,226,227,228,4,0,4,50.04,0.8674999999999999,2024-02-08 12:50:13.000,2024-02-08 12:50:13.000,2024-02-08 12:50:13.000,702803165.0,5005939.0,1426870731,-120.0,94
865640,22,2024-02-08 13:00:03,OPMC_LIFT,1236330000.0,226,226,228,4,0,4,49.97,0.8679999999999999,2024-02-08 13:00:06.000,2024-02-08 13:00:06.000,2024-02-08 13:00:06.000,702804035.0,5006339.0,1426873496,-108.0,94
865769,22,2024-02-08 13:50:03,OPMC_LIFT,1236340000.0,227,228,229,4,0,4,50.03,0.8682,2024-02-08 13:50:05.000,2024-02-08 13:50:05.000,2024-02-08 13:50:05.000,702808410.0,5008349.0,1426887365,-115.0,94
865797,22,2024-02-08 14:00:03,OPMC_LIFT,1236340000.0,227,228,229,4,0,4,50.02,0.8674999999999999,2024-02-08 14:00:08.000,2024-02-08 14:00:08.000,2024-02-08 14:00:08.000,702809290.0,5008749.0,1426890152,-111.0,94
865829,22,2024-02-08 14:10:03,OPMC_LIFT,1236340000.0,227,228,229,4,0,4,50.04,0.8698999999999999,2024-02-08 14:10:09.000,2024-02-08 14:10:09.000,2024-02-08 14:10:09.000,702810173.0,5009152.0,1426892942,-107.0,94
865851,22,2024-02-08 14:20:03,OPMC_LIFT,1236350000.0,227,227,229,4,0,4,50.05,0.8708999999999999,2024-02-08 14:20:12.000,2024-02-08 14:20:12.000,2024-02-08 14:20:12.000,702811050.0,5009552.0,1426895723,-102.0,94
865906,22,2024-02-08 14:40:03,OPMC_LIFT,1236350000.0,227,228,229,4,0,4,50.0,0.8684999999999999,2024-02-08 14:40:06.000,2024-02-08 14:40:06.000,2024-02-08 14:40:06.000,702812806.0,5010355.0,1426901291,-111.0,94
865943,22,2024-02-08 14:50:03,OPMC_LIFT,1236350000.0,227,228,229,4,0,4,50.04,0.8689999999999999,2024-02-08 14:50:09.000,2024-02-08 14:50:09.000,2024-02-08 14:50:09.000,702813686.0,5010758.0,1426904078,-108.0,94
865974,22,2024-02-08 15:00:03,OPMC_LIFT,1236360000.0,227,228,229,4,0,4,50.03,0.8684999999999999,2024-02-08 15:00:08.000,2024-02-08 15:00:08.000,2024-02-08 15:00:08.000,702814566.0,5011162.0,1426906865,-109.0,94
866031,22,2024-02-08 15:20:03,OPMC_LIFT,1236360000.0,227,228,229,4,0,4,50.04,0.8682,2024-02-08 15:20:10.000,2024-02-08 15:20:10.000,2024-02-08 15:20:10.000,702816333.0,5011965.0,1426912453,-107.0,94
866066,22,2024-02-08 15:30:03,OPMC_LIFT,1236360000.0,228,228,230,4,0,4,50.06,0.8672,2024-02-08 15:30:12.000,2024-02-08 15:30:12.000,2024-02-08 15:30:12.000,702817213.0,5012365.0,1426915246,-121.0,94
866179,22,2024-02-08 16:10:03,OPMC_LIFT,1236370000.0,227,228,229,4,0,4,49.96,0.8672,2024-02-08 16:10:08.000,2024-02-08 16:10:08.000,2024-02-08 16:10:08.000,702820742.0,5013974.0,1426926417,-109.0,94
866271,22,2024-02-08 16:40:03,OPMC_LIFT,1236380000.0,228,228,230,4,0,4,49.95,0.8666999999999999,2024-02-08 16:40:09.000,2024-02-08 16:40:09.000,2024-02-08 16:40:09.000,702823402.0,5015181.0,1426934824,-105.0,94
866301,22,2024-02-08 16:50:03,OPMC_LIFT,1236380000.0,228,229,230,4,0,4,49.94,0.8663,2024-02-08 16:50:13.000,2024-02-08 16:50:13.000,2024-02-08 16:50:13.000,702824291.0,5015584.0,1426937633,-108.0,94
866414,22,2024-02-08 17:30:03,OPMC_LIFT,1236390000.0,229,230,232,4,0,4,50.08,0.8645999999999999,2024-02-08 17:30:10.000,2024-02-08 17:30:10.000,2024-02-08 17:30:10.000,702827875.0,5017200.0,1426948942,-108.0,94
866447,22,2024-02-08 17:40:03,OPMC_LIFT,1236390000.0,229,230,231,4,0,4,50.05,0.8674,2024-02-08 17:40:12.000,2024-02-08 17:40:12.000,2024-02-08 17:40:12.000,702828778.0,5017603.0,1426951787,-112.0,94
866497,22,2024-02-08 18:00:03,OPMC_LIFT,1236400000.0,230,230,232,4,0,4,50.05,0.8674,2024-02-08 18:00:11.000,2024-02-08 18:00:11.000,2024-02-08 18:00:11.000,702830589.0,5018410.0,1426957493,-108.0,94
866526,22,2024-02-08 18:10:03,OPMC_LIFT,1236400000.0,230,231,232,4,0,4,50.06,0.8673,2024-02-08 18:10:12.000,2024-02-08 18:10:12.000,2024-02-08 18:10:12.000,702831504.0,5018813.0,1426960363,-109.0,94
866662,22,2024-02-08 19:00:03,OPMC_LIFT,1236410000.0,230,231,232,4,0,4,50.06,0.8664,2024-02-08 19:00:08.000,2024-02-08 19:00:08.000,2024-02-08 19:00:08.000,702836051.0,5020826.0,1426974657,-121.0,94
866690,22,2024-02-08 19:10:03,OPMC_LIFT,1236420000.0,230,230,232,4,0,4,50.03,0.8669999999999999,2024-02-08 19:10:08.000,2024-02-08 19:10:08.000,2024-02-08 19:10:08.000,702836957.0,5021229.0,1426977512,-115.0,94
866745,22,2024-02-08 19:30:03,OPMC_LIFT,1236420000.0,227,227,229,4,0,4,49.95,0.8670999999999999,2024-02-08 19:30:06.000,2024-02-08 19:30:06.000,2024-02-08 19:30:06.000,702838717.0,5022032.0,1426983086,-108.0,94
866776,22,2024-02-08 19:40:03,OPMC_LIFT,1236420000.0,227,227,229,4,0,4,50.0,0.8684999999999999,2024-02-08 19:40:08.000,2024-02-08 19:40:08.000,2024-02-08 19:40:08.000,702839594.0,5022432.0,1426985867,-120.0,94
866835,22,2024-02-08 20:00:03,OPMC_LIFT,1236430000.0,227,227,229,4,0,4,50.03,0.8692,2024-02-08 20:00:09.000,2024-02-08 20:00:09.000,2024-02-08 20:00:09.000,702841350.0,5023235.0,1426991435,-109.0,94
866878,22,2024-02-08 20:20:02,OPMC_LIFT,1236430000.0,227,228,229,4,0,4,49.94,0.8676999999999999,2024-02-08 20:20:08.000,2024-02-08 20:20:08.000,2024-02-08 20:20:08.000,702843110.0,5024035.0,1426997006,-109.0,94
866903,22,2024-02-08 20:30:02,OPMC_LIFT,1236440000.0,227,228,230,4,0,4,50.02,0.8656999999999999,2024-02-08 20:30:10.000,2024-02-08 20:30:10.000,2024-02-08 20:30:10.000,702843990.0,5024438.0,1426999800,-114.0,94
866935,22,2024-02-08 20:40:02,OPMC_LIFT,1236440000.0,227,228,229,4,0,4,50.0,0.8687999999999999,2024-02-08 20:40:11.000,2024-02-08 20:40:11.000,2024-02-08 20:40:11.000,702844874.0,5024842.0,1427002597,-111.0,94
866956,22,2024-02-08 20:50:02,OPMC_LIFT,1236440000.0,227,228,230,4,0,4,50.07,0.8702,2024-02-08 20:50:07.000,2024-02-08 20:50:07.000,2024-02-08 20:50:07.000,702845757.0,5025242.0,1427005390,-118.0,94
866979,22,2024-02-08 21:00:02,OPMC_LIFT,1236440000.0,227,228,230,4,0,4,50.03,0.8664999999999999,2024-02-08 21:00:07.000,2024-02-08 21:00:07.000,2024-02-08 21:00:07.000,702846637.0,5025645.0,1427008187,-111.0,94
867024,22,2024-02-08 21:20:03,OPMC_LIFT,1236450000.0,228,228,230,4,0,4,50.04,0.8687999999999999,2024-02-08 21:20:04.000,2024-02-08 21:20:04.000,2024-02-08 21:20:04.000,702848410.0,5026448.0,1427013800,-112.0,94
867051,22,2024-02-08 21:30:03,OPMC_LIFT,1236450000.0,228,229,230,4,0,4,50.06,0.8650999999999999,2024-02-08 21:30:06.000,2024-02-08 21:30:06.000,2024-02-08 21:30:06.000,702849299.0,5026851.0,1427016609,-111.0,94
867107,22,2024-02-08 21:50:03,OPMC_LIFT,1236460000.0,228,229,231,4,0,4,50.06,0.8647999999999999,2024-02-08 21:50:06.000,2024-02-08 21:50:06.000,2024-02-08 21:50:06.000,702851078.0,5027654.0,1427022248,-121.0,94
867161,22,2024-02-08 22:10:03,OPMC_LIFT,1236460000.0,229,229,231,4,0,4,50.03,0.8679999999999999,2024-02-08 22:10:08.000,2024-02-08 22:10:08.000,2024-02-08 22:10:08.000,702852867.0,5028461.0,1427027893,-109.0,94
867188,22,2024-02-08 22:20:03,OPMC_LIFT,1236460000.0,229,229,231,4,0,4,50.05,0.8670999999999999,2024-02-08 22:20:07.000,2024-02-08 22:20:07.000,2024-02-08 22:20:07.000,702853763.0,5028864.0,1427030721,-121.0,94
867257,22,2024-02-08 22:40:03,OPMC_LIFT,1236470000.0,230,230,232,4,0,4,50.08,0.8669999999999999,2024-02-08 22:40:10.000,2024-02-08 22:40:10.000,2024-02-08 22:40:10.000,702855565.0,5029670.0,1427036408,-110.0,94
867277,22,2024-02-08 22:50:03,OPMC_LIFT,1236470000.0,230,230,232,4,0,4,50.05,0.8674,2024-02-08 22:50:09.000,2024-02-08 22:50:09.000,2024-02-08 22:50:09.000,702856470.0,5030074.0,1427039265,-121.0,94
867307,22,2024-02-08 23:00:03,OPMC_LIFT,1236470000.0,230,231,233,4,0,4,50.06,0.8670999999999999,2024-02-08 23:00:10.000,2024-02-08 23:00:10.000,2024-02-08 23:00:10.000,702857382.0,5030477.0,1427042133,-121.0,94
867356,22,2024-02-08 23:20:03,OPMC_LIFT,1236480000.0,230,231,232,4,0,4,50.01,0.8647999999999999,2024-02-08 23:20:08.000,2024-02-08 23:20:08.000,2024-02-08 23:20:08.000,702859203.0,5031283.0,1427047867,-112.0,94
867386,22,2024-02-08 23:30:03,OPMC_LIFT,1236480000.0,230,231,232,4,0,4,50.06,0.8655999999999999,2024-02-08 23:30:12.000,2024-02-08 23:30:12.000,2024-02-08 23:30:12.000,702860115.0,5031686.0,1427050734,-109.0,94
867409,22,2024-02-08 23:40:03,OPMC_LIFT,1236480000.0,230,231,233,4,0,4,50.01,0.8708999999999999,2024-02-08 23:40:10.000,2024-02-08 23:40:10.000,2024-02-08 23:40:10.000,702861027.0,5032090.0,1427053608,-124.0,94
867456,22,2024-02-09 00:00:03,OPMC_LIFT,1236490000.0,228,228,230,4,0,4,49.95,0.8673,2024-02-09 00:00:07.000,2024-02-09 00:00:07.000,2024-02-09 00:00:07.000,702862829.0,5032893.0,1427059285,-113.0,94
867481,22,2024-02-09 00:10:03,OPMC_LIFT,1236490000.0,228,228,230,4,0,4,49.97,0.8664999999999999,2024-02-09 00:10:04.000,2024-02-09 00:10:04.000,2024-02-09 00:10:04.000,702863718.0,5033296.0,1427062094,-111.0,94
867535,22,2024-02-09 00:30:03,OPMC_LIFT,1236500000.0,228,228,231,4,0,4,50.07,0.8718999999999999,2024-02-09 00:30:08.000,2024-02-09 00:30:08.000,2024-02-09 00:30:08.000,702865498.0,5034099.0,1427067726,-120.0,94
867588,22,2024-02-09 00:50:03,OPMC_LIFT,1236500000.0,228,228,230,4,0,4,50.05,0.8665999999999999,2024-02-09 00:50:11.000,2024-02-09 00:50:11.000,2024-02-09 00:50:11.000,702867280.0,5034902.0,1427073368,-111.0,94
867605,22,2024-02-09 01:00:03,OPMC_LIFT,1236500000.0,228,229,231,4,0,4,50.06,0.8679999999999999,2024-02-09 01:00:06.000,2024-02-09 01:00:06.000,2024-02-09 01:00:06.000,702868170.0,5035306.0,1427076187,-120.0,94
867680,22,2024-02-09 01:30:03,OPMC_LIFT,1236510000.0,229,229,231,4,0,4,50.06,0.8658999999999999,2024-02-09 01:30:08.000,2024-02-09 01:30:08.000,2024-02-09 01:30:08.000,702870845.0,5036512.0,1427084641,-108.0,94
867777,22,2024-02-09 02:10:03,OPMC_LIFT,1236520000.0,230,230,232,4,0,4,50.07,0.8666999999999999,2024-02-09 02:10:10.000,2024-02-09 02:10:10.000,2024-02-09 02:10:10.000,702874435.0,5038122.0,1427095989,-109.0,94
867799,22,2024-02-09 02:20:03,OPMC_LIFT,1236520000.0,230,230,232,4,0,4,50.03,0.8663,2024-02-09 02:20:07.000,2024-02-09 02:20:07.000,2024-02-09 02:20:07.000,702875341.0,5038525.0,1427098846,-123.0,94
867876,22,2024-02-09 02:50:03,OPMC_LIFT,1236530000.0,230,230,233,4,0,4,50.04,0.8673,2024-02-09 02:50:07.000,2024-02-09 02:50:07.000,2024-02-09 02:50:07.000,702878067.0,5039731.0,1427107422,-123.0,94
867904,22,2024-02-09 03:00:03,OPMC_LIFT,1236530000.0,230,231,233,4,0,4,50.02,0.8674,2024-02-09 03:00:08.000,2024-02-09 03:00:08.000,2024-02-09 03:00:08.000,702878979.0,5040131.0,1427110293,-118.0,94
867984,22,2024-02-09 03:30:03,OPMC_LIFT,1236540000.0,230,231,233,4,0,4,49.99,0.8674999999999999,2024-02-09 03:30:12.000,2024-02-09 03:30:12.000,2024-02-09 03:30:12.000,702881725.0,5041341.0,1427118926,-111.0,94
868054,22,2024-02-09 04:00:03,OPMC_LIFT,1236550000.0,231,231,233,4,0,4,50.01,0.8676999999999999,2024-02-09 04:00:09.000,2024-02-09 04:00:09.000,2024-02-09 04:00:09.000,702884477.0,5042547.0,1427127573,-111.0,94
868078,22,2024-02-09 04:10:03,OPMC_LIFT,1236550000.0,230,231,233,4,0,4,50.04,0.8658999999999999,2024-02-09 04:10:08.000,2024-02-09 04:10:08.000,2024-02-09 04:10:08.000,702885392.0,5042950.0,1427130453,-112.0,94
868104,22,2024-02-09 04:20:03,OPMC_LIFT,1236550000.0,230,231,233,4,0,4,49.97,0.8689999999999999,2024-02-09 04:20:13.000,2024-02-09 04:20:13.000,2024-02-09 04:20:13.000,702886307.0,5043350.0,1427133326,-121.0,94
868149,22,2024-02-09 04:40:03,OPMC_LIFT,1236560000.0,230,231,233,4,0,4,50.06,0.8648999999999999,2024-02-09 04:40:08.000,2024-02-09 04:40:08.000,2024-02-09 04:40:08.000,702888134.0,5044157.0,1427139073,-120.0,94
868175,22,2024-02-09 04:50:03,OPMC_LIFT,1236560000.0,230,230,232,4,0,4,50.05,0.8663,2024-02-09 04:50:05.000,2024-02-09 04:50:05.000,2024-02-09 04:50:05.000,702889046.0,5044560.0,1427141944,-123.0,94
868201,22,2024-02-09 05:00:03,OPMC_LIFT,1236560000.0,230,230,232,4,0,4,50.07,0.8658999999999999,2024-02-09 05:00:06.000,2024-02-09 05:00:06.000,2024-02-09 05:00:06.000,702889955.0,5044963.0,1427144808,-120.0,94
868255,22,2024-02-09 05:20:03,OPMC_LIFT,1236570000.0,230,230,232,4,0,4,50.0,0.8667999999999999,2024-02-09 05:20:11.000,2024-02-09 05:20:11.000,2024-02-09 05:20:11.000,702891773.0,5045770.0,1427150529,-113.0,94
868275,22,2024-02-09 05:30:03,OPMC_LIFT,1236570000.0,230,230,232,4,0,4,49.98,0.8668999999999999,2024-02-09 05:30:06.000,2024-02-09 05:30:06.000,2024-02-09 05:30:06.000,702892682.0,5046170.0,1427153393,-102.0,94
868305,22,2024-02-09 05:40:03,OPMC_LIFT,1236570000.0,230,230,232,4,0,4,49.99,0.8685999999999999,2024-02-09 05:40:10.000,2024-02-09 05:40:10.000,2024-02-09 05:40:10.000,702893587.0,5046573.0,1427156248,-120.0,94
868351,22,2024-02-09 06:00:03,OPMC_LIFT,1236580000.0,229,229,231,4,0,4,49.94,0.8653,2024-02-09 06:00:05.000,2024-02-09 06:00:05.000,2024-02-09 06:00:05.000,702895395.0,5047379.0,1427161950,-109.0,94
868381,22,2024-02-09 06:10:02,OPMC_LIFT,1236580000.0,229,229,231,4,0,4,49.94,0.8664,2024-02-09 06:10:08.000,2024-02-09 06:10:08.000,2024-02-09 06:10:08.000,702896294.0,5047782.0,1427164795,-123.0,94
868404,22,2024-02-09 06:20:02,OPMC_LIFT,1236580000.0,229,229,231,4,0,4,50.01,0.8678999999999999,2024-02-09 06:20:07.000,2024-02-09 06:20:07.000,2024-02-09 06:20:07.000,702897194.0,5048186.0,1427167633,-114.0,94
868470,22,2024-02-09 06:40:02,OPMC_LIFT,1236590000.0,228,229,231,4,0,4,50.07,0.8676999999999999,2024-02-09 06:40:08.000,2024-02-09 06:40:08.000,2024-02-09 06:40:08.000,702898986.0,5048995.0,1427173294,-121.0,94
868523,22,2024-02-09 07:00:02,OPMC_LIFT,1236590000.0,228,228,230,4,0,4,49.96,0.8684999999999999,2024-02-09 07:00:06.000,2024-02-09 07:00:06.000,2024-02-09 07:00:06.000,702900768.0,5049802.0,1427178936,-123.0,94
868579,22,2024-02-09 07:20:03,OPMC_LIFT,1236600000.0,227,227,229,4,0,4,50.03,0.8675999999999999,2024-02-09 07:20:08.000,2024-02-09 07:20:08.000,2024-02-09 07:20:08.000,702902531.0,5050608.0,1427184526,-121.0,94
868637,22,2024-02-09 07:40:03,OPMC_LIFT,1236600000.0,226,227,228,4,0,4,49.97,0.8672,2024-02-09 07:40:07.000,2024-02-09 07:40:07.000,2024-02-09 07:40:07.000,702904269.0,5051414.0,1427190056,-111.0,94
868663,22,2024-02-09 07:50:03,OPMC_LIFT,1236600000.0,226,227,228,4,0,4,49.95,0.8683,2024-02-09 07:50:10.000,2024-02-09 07:50:10.000,2024-02-09 07:50:10.000,702905142.0,5051818.0,1427192827,-119.0,94
868697,22,2024-02-09 08:00:03,OPMC_LIFT,1236610000.0,226,227,228,4,0,4,49.97,0.8675999999999999,2024-02-09 08:00:11.000,2024-02-09 08:00:11.000,2024-02-09 08:00:11.000,702906013.0,5052218.0,1427195598,-121.0,94
868726,22,2024-02-09 08:10:03,OPMC_LIFT,1236610000.0,226,226,228,4,0,4,50.01,0.8694999999999999,2024-02-09 08:10:10.000,2024-02-09 08:10:10.000,2024-02-09 08:10:10.000,702906880.0,5052621.0,1427198350,-121.0,94
868806,22,2024-02-09 08:40:03,OPMC_LIFT,1236620000.0,225,226,227,4,0,4,49.96,0.8688999999999999,2024-02-09 08:40:09.000,2024-02-09 08:40:09.000,2024-02-09 08:40:09.000,702909482.0,5053827.0,1427206625,-113.0,94
868835,22,2024-02-09 08:50:03,OPMC_LIFT,1236620000.0,228,228,230,4,0,4,50.05,0.8680999999999999,2024-02-09 08:50:13.000,2024-02-09 08:50:13.000,2024-02-09 08:50:13.000,702910342.0,5054227.0,1427209368,-120.0,94
868858,22,2024-02-09 09:00:03,OPMC_LIFT,1236620000.0,227,227,229,4,0,4,49.96,0.8646999999999999,2024-02-09 09:00:09.000,2024-02-09 09:00:09.000,2024-02-09 09:00:09.000,702911222.0,5054630.0,1427212165,-121.0,94
868920,22,2024-02-09 09:20:03,OPMC_LIFT,1236630000.0,227,227,229,4,0,4,50.07,0.8705999999999999,2024-02-09 09:20:06.000,2024-02-09 09:20:06.000,2024-02-09 09:20:06.000,702912979.0,5055437.0,1427217729,-110.0,94
869066,22,2024-02-09 10:10:03,OPMC_LIFT,1236640000.0,227,228,229,4,0,4,50.0,0.8656999999999999,2024-02-09 10:10:09.000,2024-02-09 10:10:09.000,2024-02-09 10:10:09.000,702917309.0,5057450.0,1427231502,-111.0,94
869119,22,2024-02-09 10:30:03,OPMC_LIFT,1236640000.0,226,227,228,4,0,4,49.93,0.8641,2024-02-09 10:30:08.000,2024-02-09 10:30:08.000,2024-02-09 10:30:08.000,702919066.0,5058256.0,1427237067,-119.0,94
869158,22,2024-02-09 10:41:02,OPMC_LIFT,1236640000.0,227,228,229,4,0,4,50.01,0.8653,2024-02-09 10:41:05.000,2024-02-09 10:41:05.000,2024-02-09 10:41:05.000,702920032.0,5058698.0,1427240129,-112.0,94
869176,22,2024-02-09 10:50:03,OPMC_LIFT,1236650000.0,228,228,229,4,0,4,49.97,0.8673,2024-02-09 10:50:09.000,2024-02-09 10:50:09.000,2024-02-09 10:50:09.000,702920826.0,5059062.0,1427242641,-121.0,94
869213,22,2024-02-09 11:00:03,OPMC_LIFT,1236650000.0,227,228,229,4,0,4,50.07,0.8663,2024-02-09 11:00:13.000,2024-02-09 11:00:13.000,2024-02-09 11:00:13.000,702921706.0,5059466.0,1427245435,-123.0,94
869265,22,2024-02-09 11:20:03,OPMC_LIFT,1236650000.0,228,228,230,4,0,4,50.02,0.8655999999999999,2024-02-09 11:20:07.000,2024-02-09 11:20:07.000,2024-02-09 11:20:07.000,702923472.0,5060269.0,1427251025,-108.0,94
869290,22,2024-02-09 11:30:03,OPMC_LIFT,1236660000.0,229,229,231,4,0,4,50.05,0.8646999999999999,2024-02-09 11:30:08.000,2024-02-09 11:30:08.000,2024-02-09 11:30:08.000,702924365.0,5060672.0,1427253838,-121.0,94
869403,22,2024-02-09 12:10:03,OPMC_LIFT,1236670000.0,230,230,232,4,0,4,50.03,0.8674,2024-02-09 12:10:14.000,2024-02-09 12:10:14.000,2024-02-09 12:10:14.000,702927987.0,5062285.0,1427265243,-121.0,94
869483,22,2024-02-09 12:40:03,OPMC_LIFT,1236670000.0,228,228,230,4,0,4,50.03,0.8682,2024-02-09 12:40:08.000,2024-02-09 12:40:08.000,2024-02-09 12:40:08.000,702930698.0,5063494.0,1427273777,-121.0,94
869510,22,2024-02-09 12:50:03,OPMC_LIFT,1236680000.0,228,228,230,4,0,4,49.97,0.8677999999999999,2024-02-09 12:50:05.000,2024-02-09 12:50:05.000,2024-02-09 12:50:05.000,702931590.0,5063898.0,1427276584,-123.0,94
869545,22,2024-02-09 13:00:03,OPMC_LIFT,1236680000.0,228,228,230,4,0,4,49.99,0.8664999999999999,2024-02-09 13:00:08.000,2024-02-09 13:00:08.000,2024-02-09 13:00:08.000,702932477.0,5064298.0,1427279390,-120.0,94
869594,22,2024-02-09 13:20:03,OPMC_LIFT,1236680000.0,226,226,228,4,0,4,49.96,0.8659999999999999,2024-02-09 13:20:07.000,2024-02-09 13:20:07.000,2024-02-09 13:20:07.000,702934224.0,5065101.0,1427284929,-112.0,94
869644,22,2024-02-09 13:40:03,OPMC_LIFT,1236690000.0,226,227,228,4,0,4,50.06,0.8676999999999999,2024-02-09 13:40:04.000,2024-02-09 13:40:04.000,2024-02-09 13:40:04.000,702935962.0,5065907.0,1427290453,-114.0,94
869851,22,2024-02-09 14:50:03,OPMC_LIFT,1236710000.0,226,227,228,4,0,4,50.03,0.8688999999999999,2024-02-09 14:50:10.000,2024-02-09 14:50:10.000,2024-02-09 14:50:10.000,702942016.0,5068720.0,1427309710,-121.0,94
869953,22,2024-02-09 15:30:03,OPMC_LIFT,1236710000.0,226,227,228,4,0,4,49.99,0.8680999999999999,2024-02-09 15:30:07.000,2024-02-09 15:30:07.000,2024-02-09 15:30:07.000,702945491.0,5070330.0,1427320753,-109.0,94
869987,22,2024-02-09 15:40:03,OPMC_LIFT,1236720000.0,226,227,228,4,0,4,50.0,0.8693,2024-02-09 15:40:13.000,2024-02-09 15:40:13.000,2024-02-09 15:40:13.000,702946362.0,5070730.0,1427323515,-117.0,94
870039,22,2024-02-09 16:00:03,OPMC_LIFT,1236720000.0,226,227,229,4,0,4,50.01,0.8683,2024-02-09 16:00:11.000,2024-02-09 16:00:11.000,2024-02-09 16:00:11.000,702948106.0,5071533.0,1427329054,-112.0,94
870282,22,2024-02-09 17:30:03,OPMC_LIFT,1236740000.0,229,229,231,4,0,4,50.05,0.8685999999999999,2024-02-09 17:30:09.000,2024-02-09 17:30:09.000,2024-02-09 17:30:09.000,702956070.0,5075165.0,1427354261,-120.0,94
870308,22,2024-02-09 17:40:03,OPMC_LIFT,1236750000.0,229,229,231,4,0,4,50.0,0.8669999999999999,2024-02-09 17:40:10.000,2024-02-09 17:40:10.000,2024-02-09 17:40:10.000,702956963.0,5075568.0,1427357086,-120.0,94
870386,22,2024-02-09 18:10:03,OPMC_LIFT,1236750000.0,229,229,231,4,0,4,49.95,0.8664,2024-02-09 18:10:11.000,2024-02-09 18:10:11.000,2024-02-09 18:10:11.000,702959661.0,5076774.0,1427365595,-119.0,94
871726,22,2024-02-10 02:37:22,OPMC_LIFT,1236880000.0,229,229,231,4,0,4,50.06,0.8696999999999999,2024-02-10 02:37:25.000,2024-02-10 02:37:25.000,2024-02-10 02:37:25.000,703004483.0,5097158.0,1427507643,-111.0,94
871747,22,2024-02-10 02:40:03,OPMC_LIFT,1236880000.0,228,229,231,4,0,4,50.03,0.8684,2024-02-10 02:40:11.000,2024-02-10 02:40:11.000,2024-02-10 02:40:11.000,703004720.0,5097267.0,1427508398,-123.0,94
871827,22,2024-02-10 03:10:03,OPMC_LIFT,1236880000.0,229,229,231,4,0,4,50.02,0.8694,2024-02-10 03:10:06.000,2024-02-10 03:10:06.000,2024-02-10 03:10:06.000,703007411.0,5098480.0,1427516907,-105.0,94
871849,22,2024-02-10 03:20:03,OPMC_LIFT,1236890000.0,229,229,231,4,0,4,50.05,0.8670999999999999,2024-02-10 03:20:05.000,2024-02-10 03:20:05.000,2024-02-10 03:20:05.000,703008307.0,5098883.0,1427519745,-109.0,94
871875,22,2024-02-10 03:30:03,OPMC_LIFT,1236890000.0,229,230,232,4,0,4,50.06,0.8675999999999999,2024-02-10 03:30:10.000,2024-02-10 03:30:10.000,2024-02-10 03:30:10.000,703009206.0,5099286.0,1427522587,-110.0,94
872036,22,2024-02-10 04:30:03,OPMC_LIFT,1236900000.0,229,229,231,4,0,4,49.94,0.8653,2024-02-10 04:30:09.000,2024-02-10 04:30:09.000,2024-02-10 04:30:09.000,703014614.0,5101712.0,1427539669,-111.0,94
872061,22,2024-02-10 04:40:03,OPMC_LIFT,1236910000.0,229,229,231,4,0,4,50.03,0.8644999999999999,2024-02-10 04:40:05.000,2024-02-10 04:40:05.000,2024-02-10 04:40:05.000,703015514.0,5102115.0,1427542513,-112.0,94
872092,22,2024-02-10 04:50:03,OPMC_LIFT,1236910000.0,229,230,232,4,0,4,50.05,0.8664999999999999,2024-02-10 04:50:09.000,2024-02-10 04:50:09.000,2024-02-10 04:50:09.000,703016413.0,5102522.0,1427545358,-109.0,94
872163,22,2024-02-10 05:20:03,OPMC_LIFT,1236920000.0,229,229,231,4,0,4,50.01,0.8659999999999999,2024-02-10 05:20:06.000,2024-02-10 05:20:06.000,2024-02-10 05:20:06.000,703019110.0,5103731.0,1427553880,-113.0,94
872248,22,2024-02-10 05:50:02,OPMC_LIFT,1236920000.0,229,229,231,4,0,4,50.04,0.8667999999999999,2024-02-10 05:50:08.000,2024-02-10 05:50:08.000,2024-02-10 05:50:08.000,703021802.0,5104944.0,1427562389,-107.0,94
872305,22,2024-02-10 06:10:03,OPMC_LIFT,1236930000.0,229,229,231,4,0,4,49.95,0.8649999999999999,2024-02-10 06:10:10.000,2024-02-10 06:10:10.000,2024-02-10 06:10:10.000,703023603.0,5105754.0,1427568075,-113.0,94
872391,22,2024-02-10 06:40:03,OPMC_LIFT,1236940000.0,229,230,231,4,0,4,50.04,0.8677999999999999,2024-02-10 06:40:04.000,2024-02-10 06:40:04.000,2024-02-10 06:40:04.000,703026298.0,5106970.0,1427576597,-111.0,94
872470,22,2024-02-10 07:10:03,OPMC_LIFT,1236940000.0,229,230,232,4,0,4,50.07,0.8694,2024-02-10 07:10:10.000,2024-02-10 07:10:10.000,2024-02-10 07:10:10.000,703028998.0,5108182.0,1427585128,-109.0,94
872522,22,2024-02-10 07:30:03,OPMC_LIFT,1236950000.0,229,229,231,4,0,4,50.06,0.8641,2024-02-10 07:30:12.000,2024-02-10 07:30:12.000,2024-02-10 07:30:12.000,703030797.0,5108992.0,1427590805,-109.0,94
872603,22,2024-02-10 08:00:03,OPMC_LIFT,1236960000.0,228,228,230,4,0,4,50.03,0.8674,2024-02-10 08:00:08.000,2024-02-10 08:00:08.000,2024-02-10 08:00:08.000,703033478.0,5110205.0,1427599285,-113.0,94
872679,22,2024-02-10 08:30:03,OPMC_LIFT,1236960000.0,227,228,230,4,0,4,49.98,0.8673,2024-02-10 08:30:09.000,2024-02-10 08:30:09.000,2024-02-10 08:30:09.000,703036141.0,5111411.0,1427607707,-109.0,94
872734,22,2024-02-10 08:50:02,OPMC_LIFT,1236970000.0,227,227,229,4,0,4,50.03,0.8658999999999999,2024-02-10 08:50:08.000,2024-02-10 08:50:08.000,2024-02-10 08:50:08.000,703037898.0,5112218.0,1427613285,-109.0,94
872795,22,2024-02-10 09:10:03,OPMC_LIFT,1236970000.0,226,227,228,4,0,4,50.04,0.8694,2024-02-10 09:10:14.000,2024-02-10 09:10:14.000,2024-02-10 09:10:14.000,703039648.0,5113024.0,1427618843,-121.0,94
872892,22,2024-02-10 09:50:03,OPMC_LIFT,1236980000.0,225,225,227,4,0,3,50.02,0.8713,2024-02-10 09:50:06.000,2024-02-10 09:50:06.000,2024-02-10 09:50:06.000,703043107.0,5114630.0,1427629848,-113.0,94
872924,22,2024-02-10 10:00:03,OPMC_LIFT,1236990000.0,225,225,227,4,0,4,50.0,0.8654,2024-02-10 10:00:12.000,2024-02-10 10:00:12.000,2024-02-10 10:00:12.000,703043968.0,5115034.0,1427632587,-113.0,94
873000,22,2024-02-10 10:30:03,OPMC_LIFT,1236990000.0,227,228,229,4,0,4,50.06,0.8700999999999999,2024-02-10 10:30:10.000,2024-02-10 10:30:10.000,2024-02-10 10:30:10.000,703046611.0,5116240.0,1427640955,-111.0,94
873033,22,2024-02-10 10:45:20,OPMC_LIFT,1237000000.0,227,227,229,4,0,4,50.05,0.8687999999999999,2024-02-10 10:45:26.000,2024-02-10 10:45:26.000,2024-02-10 10:45:26.000,703047952.0,5116854.0,1427645208,-111.0,94
873079,22,2024-02-10 11:00:03,OPMC_LIFT,1237000000.0,227,227,229,4,0,4,50.06,0.8693,2024-02-10 11:00:10.000,2024-02-10 11:00:10.000,2024-02-10 11:00:10.000,703049242.0,5117446.0,1427649294,-110.0,94
873106,22,2024-02-10 11:10:03,OPMC_LIFT,1237000000.0,227,227,229,4,0,4,50.03,0.8664,2024-02-10 11:10:11.000,2024-02-10 11:10:11.000,2024-02-10 11:10:11.000,703050118.0,5117850.0,1427652075,-117.0,94
873190,22,2024-02-10 11:40:03,OPMC_LIFT,1237010000.0,227,227,229,4,0,4,49.94,0.8673,2024-02-10 11:40:07.000,2024-02-10 11:40:07.000,2024-02-10 11:40:07.000,703052749.0,5119056.0,1427660405,-109.0,94
873220,22,2024-02-10 11:50:03,OPMC_LIFT,1237010000.0,227,227,229,4,0,4,49.99,0.8662,2024-02-10 11:50:09.000,2024-02-10 11:50:09.000,2024-02-10 11:50:09.000,703053629.0,5119456.0,1427663185,-114.0,94
873272,22,2024-02-10 12:10:03,OPMC_LIFT,1237020000.0,227,228,229,4,0,4,50.03,0.8675999999999999,2024-02-10 12:10:13.000,2024-02-10 12:10:13.000,2024-02-10 12:10:13.000,703055392.0,5120262.0,1427668760,-106.0,94
873297,22,2024-02-10 12:20:03,OPMC_LIFT,1237020000.0,227,227,229,4,0,4,50.05,0.8697999999999999,2024-02-10 12:20:09.000,2024-02-10 12:20:09.000,2024-02-10 12:20:09.000,703056272.0,5120662.0,1427671550,-111.0,94
873375,22,2024-02-10 12:50:03,OPMC_LIFT,1237030000.0,227,227,229,4,0,4,49.97,0.8683,2024-02-10 12:50:06.000,2024-02-10 12:50:06.000,2024-02-10 12:50:06.000,703058909.0,5121869.0,1427679893,-113.0,94
873516,22,2024-02-10 13:40:03,OPMC_LIFT,1237040000.0,226,227,229,4,0,4,50.05,0.8684,2024-02-10 13:40:09.000,2024-02-10 13:40:09.000,2024-02-10 13:40:09.000,703063280.0,5123878.0,1427693752,-123.0,94
873574,22,2024-02-10 14:00:02,OPMC_LIFT,1237040000.0,227,227,229,4,0,4,50.05,0.8665999999999999,2024-02-10 14:00:11.000,2024-02-10 14:00:11.000,2024-02-10 14:00:11.000,703065027.0,5124682.0,1427699291,-111.0,94
873718,22,2024-02-10 14:50:03,OPMC_LIFT,1237060000.0,227,228,229,4,0,4,50.05,0.8676999999999999,2024-02-10 14:50:11.000,2024-02-10 14:50:11.000,2024-02-10 14:50:11.000,703069402.0,5126691.0,1427713166,-108.0,94
873740,22,2024-02-10 15:00:03,OPMC_LIFT,1237060000.0,227,228,229,4,0,4,50.05,0.8656999999999999,2024-02-10 15:00:08.000,2024-02-10 15:00:08.000,2024-02-10 15:00:08.000,703070282.0,5127094.0,1427715953,-121.0,94
873841,22,2024-02-10 15:40:03,OPMC_LIFT,1237070000.0,227,228,229,4,0,4,50.04,0.8694999999999999,2024-02-10 15:40:09.000,2024-02-10 15:40:09.000,2024-02-10 15:40:09.000,703073805.0,5128698.0,1427727105,-111.0,94
873864,22,2024-02-10 15:50:03,OPMC_LIFT,1237070000.0,227,228,229,4,0,4,50.05,0.8670999999999999,2024-02-10 15:50:07.000,2024-02-10 15:50:07.000,2024-02-10 15:50:07.000,703074688.0,5129101.0,1427729896,-115.0,94
873890,22,2024-02-10 16:00:03,OPMC_LIFT,1237070000.0,228,228,230,4,0,4,50.04,0.8685999999999999,2024-02-10 16:00:08.000,2024-02-10 16:00:08.000,2024-02-10 16:00:08.000,703075571.0,5129504.0,1427732696,-113.0,94
873918,22,2024-02-10 16:10:03,OPMC_LIFT,1237070000.0,227,228,230,4,0,4,49.97,0.8684999999999999,2024-02-10 16:10:10.000,2024-02-10 16:10:10.000,2024-02-10 16:10:10.000,703076458.0,5129904.0,1427735496,-109.0,94
873945,22,2024-02-10 16:20:03,OPMC_LIFT,1237080000.0,227,228,230,4,0,4,49.96,0.8665999999999999,2024-02-10 16:20:10.000,2024-02-10 16:20:10.000,2024-02-10 16:20:10.000,703077341.0,5130307.0,1427738296,-121.0,94
874021,22,2024-02-10 16:50:03,OPMC_LIFT,1237080000.0,228,228,230,4,0,4,50.02,0.8673,2024-02-10 16:50:09.000,2024-02-10 16:50:09.000,2024-02-10 16:50:09.000,703079994.0,5131514.0,1427746693,-121.0,94
874047,22,2024-02-10 17:00:03,OPMC_LIFT,1237090000.0,228,228,230,4,0,4,50.05,0.8667999999999999,2024-02-10 17:00:06.000,2024-02-10 17:00:06.000,2024-02-10 17:00:06.000,703080880.0,5131917.0,1427749496,-108.0,94
874150,22,2024-02-10 17:40:03,OPMC_LIFT,1237100000.0,227,228,230,4,0,4,49.96,0.8654,2024-02-10 17:40:09.000,2024-02-10 17:40:09.000,2024-02-10 17:40:09.000,703084422.0,5133526.0,1427760699,-121.0,94
874179,22,2024-02-10 17:50:03,OPMC_LIFT,1237100000.0,228,228,230,4,0,4,49.96,0.8674,2024-02-10 17:50:09.000,2024-02-10 17:50:09.000,2024-02-10 17:50:09.000,703085309.0,5133926.0,1427763499,-114.0,94
874201,22,2024-02-10 18:00:03,OPMC_LIFT,1237100000.0,227,228,230,4,0,4,49.97,0.8696999999999999,2024-02-10 18:00:03.000,2024-02-10 18:00:03.000,2024-02-10 18:00:03.000,703086192.0,5134330.0,1427766299,-111.0,94
874235,22,2024-02-10 18:10:03,OPMC_LIFT,1237100000.0,227,228,230,4,0,4,49.98,0.8666999999999999,2024-02-10 18:10:09.000,2024-02-10 18:10:09.000,2024-02-10 18:10:09.000,703087078.0,5134730.0,1427769099,-111.0,94
874257,22,2024-02-10 18:20:03,OPMC_LIFT,1237110000.0,227,228,230,4,0,4,49.99,0.8659999999999999,2024-02-10 18:20:06.000,2024-02-10 18:20:06.000,2024-02-10 18:20:06.000,703087962.0,5135130.0,1427771899,-108.0,94
874317,22,2024-02-10 18:41:40,OPMC_LIFT,1237110000.0,227,227,229,4,0,4,50.0,0.8692,2024-02-10 18:41:45.000,2024-02-10 18:41:45.000,2024-02-10 18:41:45.000,703089869.0,5135997.0,1427777934,-121.0,94
874394,22,2024-02-10 19:10:03,OPMC_LIFT,1237120000.0,228,228,230,4,0,4,50.03,0.8685999999999999,2024-02-10 19:10:10.000,2024-02-10 19:10:10.000,2024-02-10 19:10:10.000,703092374.0,5137139.0,1427785864,-109.0,94
874417,22,2024-02-10 19:20:03,OPMC_LIFT,1237120000.0,227,228,230,4,0,4,49.99,0.8706999999999999,2024-02-10 19:20:06.000,2024-02-10 19:20:06.000,2024-02-10 19:20:06.000,703093258.0,5137539.0,1427788670,-111.0,94
874448,22,2024-02-10 19:30:03,OPMC_LIFT,1237120000.0,227,228,230,4,0,4,50.03,0.8655999999999999,2024-02-10 19:30:11.000,2024-02-10 19:30:11.000,2024-02-10 19:30:11.000,703094141.0,5137942.0,1427791461,-114.0,94
874505,22,2024-02-10 19:50:03,OPMC_LIFT,1237130000.0,228,228,230,4,0,4,50.0,0.8679999999999999,2024-02-10 19:50:10.000,2024-02-10 19:50:10.000,2024-02-10 19:50:10.000,703095907.0,5138746.0,1427797054,-102.0,94
874533,22,2024-02-10 20:00:03,OPMC_LIFT,1237130000.0,228,228,230,4,0,4,50.06,0.8687999999999999,2024-02-10 20:00:12.000,2024-02-10 20:00:12.000,2024-02-10 20:00:12.000,703096794.0,5139146.0,1427799854,-111.0,94
874600,22,2024-02-10 20:30:03,OPMC_LIFT,1237140000.0,228,228,230,4,0,4,50.02,0.8670999999999999,2024-02-10 20:30:07.000,2024-02-10 20:30:07.000,2024-02-10 20:30:07.000,703099456.0,5140352.0,1427808277,-109.0,94
874625,22,2024-02-10 20:40:03,OPMC_LIFT,1237140000.0,228,228,230,4,0,4,49.99,0.8672,2024-02-10 20:40:05.000,2024-02-10 20:40:05.000,2024-02-10 20:40:05.000,703100346.0,5140755.0,1427811089,-108.0,94
874660,22,2024-02-10 20:50:03,OPMC_LIFT,1237140000.0,228,228,230,4,0,4,49.98,0.8669999999999999,2024-02-10 20:50:10.000,2024-02-10 20:50:10.000,2024-02-10 20:50:10.000,703101232.0,5141158.0,1427813902,-118.0,94
874713,22,2024-02-10 21:10:03,OPMC_LIFT,1237150000.0,228,229,231,4,0,4,50.03,0.8689999999999999,2024-02-10 21:10:12.000,2024-02-10 21:10:12.000,2024-02-10 21:10:12.000,703103018.0,5141962.0,1427819537,-109.0,94
874784,22,2024-02-10 21:40:03,OPMC_LIFT,1237150000.0,229,229,231,4,0,4,50.07,0.8650999999999999,2024-02-10 21:40:06.000,2024-02-10 21:40:06.000,2024-02-10 21:40:06.000,703105699.0,5143165.0,1427828011,-109.0,94
874837,22,2024-02-10 22:00:03,OPMC_LIFT,1237160000.0,229,229,231,4,0,4,49.98,0.8665999999999999,2024-02-10 22:00:10.000,2024-02-10 22:00:10.000,2024-02-10 22:00:10.000,703107494.0,5143971.0,1427833675,-107.0,94
874864,22,2024-02-10 22:10:03,OPMC_LIFT,1237160000.0,229,230,232,4,0,4,50.02,0.8676999999999999,2024-02-10 22:10:10.000,2024-02-10 22:10:10.000,2024-02-10 22:10:10.000,703108397.0,5144374.0,1427836520,-109.0,94
874888,22,2024-02-10 22:20:02,OPMC_LIFT,1237160000.0,230,230,232,4,0,4,50.03,0.8688999999999999,2024-02-10 22:20:10.000,2024-02-10 22:20:10.000,2024-02-10 22:20:10.000,703109302.0,5144778.0,1427839374,-110.0,94
874957,22,2024-02-10 22:40:03,OPMC_LIFT,1237170000.0,230,230,233,4,0,4,50.01,0.8665999999999999,2024-02-10 22:40:13.000,2024-02-10 22:40:13.000,2024-02-10 22:40:13.000,703111120.0,5145584.0,1427845096,-121.0,94
875063,22,2024-02-10 23:20:03,OPMC_LIFT,1237180000.0,231,231,233,4,0,4,50.05,0.8664,2024-02-10 23:20:08.000,2024-02-10 23:20:08.000,2024-02-10 23:20:08.000,703114784.0,5147194.0,1427856609,-110.0,94
875114,22,2024-02-10 23:40:03,OPMC_LIFT,1237180000.0,231,231,233,4,0,4,50.02,0.8658999999999999,2024-02-10 23:40:07.000,2024-02-10 23:40:07.000,2024-02-10 23:40:07.000,703116621.0,5148000.0,1427862373,-108.0,94
875148,22,2024-02-10 23:50:03,OPMC_LIFT,1237190000.0,231,231,233,4,0,4,49.96,0.8650999999999999,2024-02-10 23:50:12.000,2024-02-10 23:50:12.000,2024-02-10 23:50:12.000,703117542.0,5148403.0,1427865265,-108.0,94
875167,22,2024-02-11 00:00:03,OPMC_LIFT,1237190000.0,229,229,231,4,0,4,50.03,0.8654999999999999,2024-02-11 00:00:05.000,2024-02-11 00:00:05.000,2024-02-11 00:00:05.000,703118461.0,5148806.0,1427868145,-109.0,94
875248,22,2024-02-11 00:30:03,OPMC_LIFT,1237200000.0,229,229,231,4,0,4,50.01,0.8660999999999999,2024-02-11 00:30:07.000,2024-02-11 00:30:07.000,2024-02-11 00:30:07.000,703121152.0,5150013.0,1427876638,-100.0,94
875283,22,2024-02-11 00:40:03,OPMC_LIFT,1237200000.0,229,229,231,4,0,4,49.99,0.8692,2024-02-11 00:40:09.000,2024-02-11 00:40:09.000,2024-02-11 00:40:09.000,703122048.0,5150413.0,1427879470,-109.0,94
875310,22,2024-02-11 00:50:03,OPMC_LIFT,1237200000.0,229,229,231,4,0,4,50.04,0.8677999999999999,2024-02-11 00:50:08.000,2024-02-11 00:50:08.000,2024-02-11 00:50:08.000,703122947.0,5150816.0,1427882305,-100.0,94
875333,22,2024-02-11 01:00:03,OPMC_LIFT,1237200000.0,229,229,231,4,0,4,50.02,0.8659999999999999,2024-02-11 01:00:05.000,2024-02-11 01:00:05.000,2024-02-11 01:00:05.000,703123843.0,5151219.0,1427885141,-110.0,94
875391,22,2024-02-11 01:20:03,OPMC_LIFT,1237210000.0,229,229,231,4,0,4,49.98,0.8678999999999999,2024-02-11 01:20:07.000,2024-02-11 01:20:07.000,2024-02-11 01:20:07.000,703125645.0,5152022.0,1427890817,-105.0,94
875450,22,2024-02-11 01:40:03,OPMC_LIFT,1237210000.0,229,230,232,4,0,4,50.03,0.8708999999999999,2024-02-11 01:40:05.000,2024-02-11 01:40:05.000,2024-02-11 01:40:05.000,703127446.0,5152829.0,1427896504,-106.0,94
875479,22,2024-02-11 01:50:03,OPMC_LIFT,1237220000.0,229,230,232,4,0,4,49.95,0.8686999999999999,2024-02-11 01:50:08.000,2024-02-11 01:50:08.000,2024-02-11 01:50:08.000,703128352.0,5153232.0,1427899352,-109.0,94
875566,22,2024-02-11 02:20:03,OPMC_LIFT,1237220000.0,230,230,232,4,0,4,49.96,0.8678999999999999,2024-02-11 02:20:08.000,2024-02-11 02:20:08.000,2024-02-11 02:20:08.000,703131066.0,5154438.0,1427907909,-109.0,94
875599,22,2024-02-11 02:30:03,OPMC_LIFT,1237230000.0,230,230,232,4,0,4,50.01,0.8682,2024-02-11 02:30:10.000,2024-02-11 02:30:10.000,2024-02-11 02:30:10.000,703131974.0,5154842.0,1427910766,-111.0,94
875607,22,2024-02-11 02:39:09,OPMC_LIFT,1237230000.0,230,230,232,4,0,4,50.01,0.8674999999999999,2024-02-11 02:39:10.000,2024-02-11 02:39:10.000,2024-02-11 02:39:10.000,703132803.0,5155206.0,1427913368,-123.0,94
875623,22,2024-02-11 02:40:03,OPMC_LIFT,1237230000.0,230,230,232,4,0,4,50.08,0.8688999999999999,2024-02-11 02:40:10.000,2024-02-11 02:40:10.000,2024-02-11 02:40:10.000,703132883.0,5155242.0,1427913627,-117.0,94
875670,22,2024-02-11 03:00:03,OPMC_LIFT,1237230000.0,230,230,232,4,0,4,50.01,0.8664,2024-02-11 03:00:03.000,2024-02-11 03:00:03.000,2024-02-11 03:00:03.000,703134704.0,5156048.0,1427919358,-109.0,94
875707,22,2024-02-11 03:10:03,OPMC_LIFT,1237240000.0,230,231,233,4,0,4,50.05,0.8683,2024-02-11 03:10:09.000,2024-02-11 03:10:09.000,2024-02-11 03:10:09.000,703135619.0,5156454.0,1427922238,-111.0,94
875793,22,2024-02-11 03:40:03,OPMC_LIFT,1237240000.0,230,231,233,4,0,4,50.05,0.8674999999999999,2024-02-11 03:40:07.000,2024-02-11 03:40:07.000,2024-02-11 03:40:07.000,703138365.0,5157664.0,1427930872,-106.0,94
875825,22,2024-02-11 03:50:03,OPMC_LIFT,1237250000.0,231,231,233,4,0,4,50.01,0.8685999999999999,2024-02-11 03:50:11.000,2024-02-11 03:50:11.000,2024-02-11 03:50:11.000,703139283.0,5158067.0,1427933752,-113.0,94
875935,22,2024-02-11 04:30:03,OPMC_LIFT,1237260000.0,231,231,233,4,0,4,50.07,0.8648999999999999,2024-02-11 04:30:11.000,2024-02-11 04:30:11.000,2024-02-11 04:30:11.000,703142950.0,5159677.0,1427945272,-123.0,94
876018,22,2024-02-11 05:00:03,OPMC_LIFT,1237260000.0,230,231,233,4,0,4,50.03,0.8676999999999999,2024-02-11 05:00:06.000,2024-02-11 05:00:06.000,2024-02-11 05:00:06.000,703145699.0,5160886.0,1427953915,-108.0,94
876107,22,2024-02-11 05:30:03,OPMC_LIFT,1237270000.0,230,230,232,4,0,4,49.99,0.8680999999999999,2024-02-11 05:30:08.000,2024-02-11 05:30:08.000,2024-02-11 05:30:08.000,703148438.0,5162096.0,1427962533,-113.0,94
876135,22,2024-02-11 05:40:03,OPMC_LIFT,1237270000.0,230,230,233,4,0,4,49.99,0.8674,2024-02-11 05:40:08.000,2024-02-11 05:40:08.000,2024-02-11 05:40:08.000,703149350.0,5162499.0,1427965403,-111.0,94
876166,22,2024-02-11 05:50:03,OPMC_LIFT,1237280000.0,230,230,232,4,0,4,49.96,0.8663,2024-02-11 05:50:06.000,2024-02-11 05:50:06.000,2024-02-11 05:50:06.000,703150266.0,5162902.0,1427968273,-105.0,94
876192,22,2024-02-11 06:00:03,OPMC_LIFT,1237280000.0,230,230,232,4,0,4,49.95,0.8648999999999999,2024-02-11 06:00:07.000,2024-02-11 06:00:07.000,2024-02-11 06:00:07.000,703151178.0,5163306.0,1427971144,-114.0,94
876223,22,2024-02-11 06:10:03,OPMC_LIFT,1237280000.0,230,230,232,4,0,4,50.0,0.8673,2024-02-11 06:10:05.000,2024-02-11 06:10:05.000,2024-02-11 06:10:05.000,703152090.0,5163709.0,1427974017,-107.0,94
876251,22,2024-02-11 06:20:03,OPMC_LIFT,1237280000.0,230,230,232,4,0,4,50.03,0.8663,2024-02-11 06:20:10.000,2024-02-11 06:20:10.000,2024-02-11 06:20:10.000,703152998.0,5164112.0,1427976878,-108.0,94
876285,22,2024-02-11 06:30:03,OPMC_LIFT,1237290000.0,230,230,232,4,0,4,50.02,0.8667999999999999,2024-02-11 06:30:12.000,2024-02-11 06:30:12.000,2024-02-11 06:30:12.000,703153910.0,5164515.0,1427979742,-111.0,94
876378,22,2024-02-11 07:00:03,OPMC_LIFT,1237290000.0,230,230,232,4,0,4,49.97,0.8674,2024-02-11 07:00:12.000,2024-02-11 07:00:12.000,2024-02-11 07:00:12.000,703156637.0,5165725.0,1427988331,-111.0,94
876478,22,2024-02-11 07:40:03,OPMC_LIFT,1237300000.0,229,229,231,4,0,4,49.97,0.8670999999999999,2024-02-11 07:40:09.000,2024-02-11 07:40:09.000,2024-02-11 07:40:09.000,703160240.0,5167334.0,1427999697,-109.0,94
876671,22,2024-02-11 08:50:03,OPMC_LIFT,1237320000.0,226,227,228,4,0,4,49.96,0.8680999999999999,2024-02-11 08:50:13.000,2024-02-11 08:50:13.000,2024-02-11 08:50:13.000,703166435.0,5170147.0,1428019310,-111.0,94
876702,22,2024-02-11 09:00:03,OPMC_LIFT,1237320000.0,226,227,228,4,0,4,49.96,0.8706999999999999,2024-02-11 09:00:13.000,2024-02-11 09:00:13.000,2024-02-11 09:00:13.000,703167306.0,5170550.0,1428022075,-108.0,94
876753,22,2024-02-11 09:20:03,OPMC_LIFT,1237330000.0,226,226,228,4,0,4,50.02,0.8675999999999999,2024-02-11 09:20:08.000,2024-02-11 09:20:08.000,2024-02-11 09:20:08.000,703169040.0,5171350.0,1428027592,-115.0,94
876808,22,2024-02-11 09:40:03,OPMC_LIFT,1237330000.0,228,228,230,4,0,4,50.01,0.8663,2024-02-11 09:40:08.000,2024-02-11 09:40:08.000,2024-02-11 09:40:08.000,703170774.0,5172154.0,1428033105,-108.0,94
876902,22,2024-02-11 10:20:03,OPMC_LIFT,1237340000.0,227,227,229,4,0,4,49.98,0.8684,2024-02-11 10:20:05.000,2024-02-11 10:20:05.000,2024-02-11 10:20:05.000,703174294.0,5173760.0,1428044257,-109.0,94
876935,22,2024-02-11 10:30:03,OPMC_LIFT,1237340000.0,227,227,229,4,0,4,50.0,0.8682,2024-02-11 10:30:07.000,2024-02-11 10:30:07.000,2024-02-11 10:30:07.000,703175171.0,5174160.0,1428047038,-124.0,94
877950,22,2024-02-12 10:40:03,OPMC_LIFT,1239500000.0,221,223,225,204,208,214,49.98,0.8770999999999999,2024-02-12 10:40:09.000,2024-02-12 10:40:09.000,2024-02-12 10:40:09.000,704291827.0,5228720.0,1430506657,-121.0,94
877978,22,2024-02-12 10:50:03,OPMC_LIFT,1239700000.0,221,223,225,206,211,217,50.01,0.8788999999999999,2024-02-12 10:50:09.000,2024-02-12 10:50:09.000,2024-02-12 10:50:09.000,704403520.0,5228720.0,1430741371,-108.0,94
878007,22,2024-02-12 11:00:03,OPMC_LIFT,1239910000.0,221,223,225,207,211,217,50.03,0.8795,2024-02-12 11:00:09.000,2024-02-12 11:00:09.000,2024-02-12 11:00:09.000,704515072.0,5228720.0,1430975688,-108.0,94
878041,22,2024-02-12 11:10:03,OPMC_LIFT,1240120000.0,221,223,224,209,214,220,50.01,0.8804,2024-02-12 11:10:11.000,2024-02-12 11:10:11.000,2024-02-12 11:10:11.000,704627142.0,5228720.0,1431211723,-120.0,94
878071,22,2024-02-12 11:20:03,OPMC_LIFT,1240330000.0,221,223,224,208,212,218,49.98,0.8803,2024-02-12 11:20:13.000,2024-02-12 11:20:13.000,2024-02-12 11:20:13.000,704739472.0,5228720.0,1431448494,-108.0,94
878093,22,2024-02-12 11:30:03,OPMC_LIFT,1240530000.0,222,224,226,204,209,215,49.98,0.8769999999999999,2024-02-12 11:30:05.000,2024-02-12 11:30:05.000,2024-02-12 11:30:05.000,704852320.0,5228720.0,1431685621,-114.0,94
878115,22,2024-02-12 11:40:03,OPMC_LIFT,1240740000.0,225,226,228,204,209,214,50.05,0.8753,2024-02-12 11:40:06.000,2024-02-12 11:40:06.000,2024-02-12 11:40:06.000,704966304.0,5228720.0,1431922920,-106.0,94
878143,22,2024-02-12 11:50:03,OPMC_LIFT,1240950000.0,225,227,228,207,211,218,50.01,0.8740999999999999,2024-02-12 11:50:06.000,2024-02-12 11:50:06.000,2024-02-12 11:50:06.000,705082176.0,5228720.0,1432162347,-108.0,94
878178,22,2024-02-12 12:00:03,OPMC_LIFT,1241160000.0,226,228,229,204,208,214,50.02,0.8722,2024-02-12 12:00:09.000,2024-02-12 12:00:09.000,2024-02-12 12:00:09.000,705198666.0,5228720.0,1432402302,-100.0,94
878231,22,2024-02-12 12:20:03,OPMC_LIFT,1241580000.0,224,225,227,209,213,219,50.02,0.8770999999999999,2024-02-12 12:20:09.000,2024-02-12 12:20:09.000,2024-02-12 12:20:09.000,705427853.0,5228720.0,1432878616,-109.0,94
878257,22,2024-02-12 12:30:03,OPMC_LIFT,1241790000.0,223,225,227,206,211,217,49.95,0.8765999999999999,2024-02-12 12:30:07.000,2024-02-12 12:30:07.000,2024-02-12 12:30:07.000,705542346.0,5228720.0,1433116581,-121.0,94
878288,22,2024-02-12 12:40:03,OPMC_LIFT,1242000000.0,223,225,226,208,213,219,50.02,0.8778999999999999,2024-02-12 12:40:07.000,2024-02-12 12:40:07.000,2024-02-12 12:40:07.000,705656915.0,5228720.0,1433355630,-120.0,94
878334,22,2024-02-12 13:00:03,OPMC_LIFT,1242420000.0,222,223,225,209,213,219,49.98,0.8788999999999999,2024-02-12 13:00:06.000,2024-02-12 13:00:06.000,2024-02-12 13:00:06.000,705885978.0,5228720.0,1433835675,-108.0,94
878363,22,2024-02-12 13:10:03,OPMC_LIFT,1242630000.0,220,222,223,212,217,222,49.97,0.8817999999999999,2024-02-12 13:10:06.000,2024-02-12 13:10:06.000,2024-02-12 13:10:06.000,705999827.0,5228720.0,1434076225,-108.0,94
878467,22,2024-02-12 13:50:03,OPMC_LIFT,1243480000.0,222,224,226,206,210,215,49.94,0.8778999999999999,2024-02-12 13:50:04.000,2024-02-12 13:50:04.000,2024-02-12 13:50:04.000,706457264.0,5228720.0,1435036763,-109.0,94
878533,22,2024-02-12 14:20:03,OPMC_LIFT,1244100000.0,223,224,226,209,213,219,50.05,0.8786999999999999,2024-02-12 14:20:08.000,2024-02-12 14:20:08.000,2024-02-12 14:20:08.000,706796909.0,5228720.0,1435747400,-120.0,94
878567,22,2024-02-12 14:30:03,OPMC_LIFT,1244310000.0,223,224,226,206,210,215,50.06,0.8778999999999999,2024-02-12 14:30:07.000,2024-02-12 14:30:07.000,2024-02-12 14:30:07.000,706909853.0,5228720.0,1435983774,-107.0,94
878601,22,2024-02-12 14:40:03,OPMC_LIFT,1244510000.0,223,224,226,207,212,217,49.95,0.8779999999999999,2024-02-12 14:40:06.000,2024-02-12 14:40:06.000,2024-02-12 14:40:06.000,707023021.0,5228720.0,1436220353,-108.0,94
878634,22,2024-02-12 14:50:03,OPMC_LIFT,1244720000.0,223,224,226,207,212,217,49.98,0.8777999999999999,2024-02-12 14:50:09.000,2024-02-12 14:50:09.000,2024-02-12 14:50:09.000,707136451.0,5228720.0,1436457557,-108.0,94
878666,22,2024-02-12 15:00:03,OPMC_LIFT,1244930000.0,223,225,227,207,212,217,50.06,0.8771999999999999,2024-02-12 15:00:12.000,2024-02-12 15:00:12.000,2024-02-12 15:00:12.000,707250528.0,5228720.0,1436695819,-107.0,94
878696,22,2024-02-12 15:10:03,OPMC_LIFT,1245140000.0,223,225,226,207,212,218,50.04,0.8776999999999999,2024-02-12 15:10:10.000,2024-02-12 15:10:10.000,2024-02-12 15:10:10.000,707365162.0,5228720.0,1436935400,-123.0,94
878778,22,2024-02-12 15:40:03,OPMC_LIFT,1245770000.0,223,224,226,207,212,218,49.99,0.8776999999999999,2024-02-12 15:40:06.000,2024-02-12 15:40:06.000,2024-02-12 15:40:06.000,707707936.0,5228720.0,1437651720,-119.0,94
878811,22,2024-02-12 15:50:03,OPMC_LIFT,1245980000.0,223,225,226,206,211,216,49.97,0.8775,2024-02-12 15:50:08.000,2024-02-12 15:50:08.000,2024-02-12 15:50:08.000,707821978.0,5228720.0,1437890414,-121.0,94
878837,22,2024-02-12 16:00:03,OPMC_LIFT,1246120000.0,227,227,229,29,27,30,49.97,0.8582,2024-02-12 16:00:06.000,2024-02-12 16:00:06.000,2024-02-12 16:00:06.000,707898176.0,5228720.0,1438047985,-113.0,94
878869,22,2024-02-12 16:10:03,OPMC_LIFT,1246140000.0,228,229,230,3,0,3,50.07,0.4725,2024-02-12 16:10:09.000,2024-02-12 16:10:09.000,2024-02-12 16:10:09.000,707911539.0,5228742.0,1438071512,-115.0,94
878899,22,2024-02-12 16:20:03,OPMC_LIFT,1246140000.0,228,228,230,3,0,0,50.04,0.4709,2024-02-12 16:20:07.000,2024-02-12 16:20:07.000,2024-02-12 16:20:07.000,707912291.0,5228768.0,1438072805,-108.0,94
878932,22,2024-02-12 16:30:03,OPMC_LIFT,1246140000.0,228,229,231,3,0,3,49.95,0.4725,2024-02-12 16:30:13.000,2024-02-12 16:30:13.000,2024-02-12 16:30:13.000,707913046.0,5228826.0,1438074152,-109.0,94
879050,22,2024-02-12 17:10:03,OPMC_LIFT,1246150000.0,229,229,231,4,0,4,50.06,0.8714999999999999,2024-02-12 17:10:11.000,2024-02-12 17:10:11.000,2024-02-12 17:10:11.000,707916570.0,5230272.0,1438084913,-111.0,94
879078,22,2024-02-12 17:20:03,OPMC_LIFT,1246150000.0,229,230,231,4,0,4,50.03,0.8704999999999999,2024-02-12 17:20:08.000,2024-02-12 17:20:08.000,2024-02-12 17:20:08.000,707917469.0,5230672.0,1438087745,-114.0,94
879141,22,2024-02-12 17:40:03,OPMC_LIFT,1246160000.0,230,231,232,4,0,4,50.04,0.8668999999999999,2024-02-12 17:40:12.000,2024-02-12 17:40:12.000,2024-02-12 17:40:12.000,707919270.0,5231475.0,1438093432,-121.0,94
879162,22,2024-02-12 17:50:03,OPMC_LIFT,1246160000.0,230,231,232,4,0,4,50.0,0.8678999999999999,2024-02-12 17:50:08.000,2024-02-12 17:50:08.000,2024-02-12 17:50:08.000,707920179.0,5231875.0,1438096296,-109.0,94
879198,22,2024-02-12 18:00:03,OPMC_LIFT,1246160000.0,228,229,231,4,0,4,50.05,0.8675999999999999,2024-02-12 18:00:12.000,2024-02-12 18:00:12.000,2024-02-12 18:00:12.000,707921078.0,5232275.0,1438099141,-113.0,94
879255,22,2024-02-12 18:20:03,OPMC_LIFT,1246170000.0,229,230,231,4,0,4,50.09,0.8698999999999999,2024-02-12 18:20:12.000,2024-02-12 18:20:12.000,2024-02-12 18:20:12.000,707922874.0,5233078.0,1438104811,-121.0,94
879284,22,2024-02-12 18:30:03,OPMC_LIFT,1246170000.0,228,229,231,4,0,4,49.95,0.8692,2024-02-12 18:30:10.000,2024-02-12 18:30:10.000,2024-02-12 18:30:10.000,707923770.0,5233478.0,1438107643,-109.0,94
879312,22,2024-02-12 18:39:58,OPMC_LIFT,1246170000.0,228,229,231,4,0,4,50.01,0.8693,2024-02-12 18:40:05.000,2024-02-12 18:40:05.000,2024-02-12 18:40:05.000,707924656.0,5233875.0,1438110443,-109.0,94
879463,22,2024-02-12 19:30:03,OPMC_LIFT,1246180000.0,229,229,231,4,0,4,50.04,0.8664999999999999,2024-02-12 19:30:10.000,2024-02-12 19:30:10.000,2024-02-12 19:30:10.000,707929136.0,5235885.0,1438124603,-109.0,94
879528,22,2024-02-12 19:50:03,OPMC_LIFT,1246190000.0,228,229,231,4,0,4,50.06,0.8686999999999999,2024-02-12 19:50:10.000,2024-02-12 19:50:10.000,2024-02-12 19:50:10.000,707930918.0,5236688.0,1438130241,-123.0,94
879559,22,2024-02-12 20:00:03,OPMC_LIFT,1246190000.0,229,229,231,4,0,4,49.99,0.8680999999999999,2024-02-12 20:00:12.000,2024-02-12 20:00:12.000,2024-02-12 20:00:12.000,707931811.0,5237088.0,1438133073,-116.0,94
879588,22,2024-02-12 20:10:03,OPMC_LIFT,1246190000.0,228,229,231,4,0,4,49.97,0.8676999999999999,2024-02-12 20:10:12.000,2024-02-12 20:10:12.000,2024-02-12 20:10:12.000,707932710.0,5237488.0,1438135909,-108.0,94
879764,22,2024-02-12 21:10:03,OPMC_LIFT,1246210000.0,229,230,232,4,0,4,50.01,0.8664,2024-02-12 21:10:09.000,2024-02-12 21:10:09.000,2024-02-12 21:10:09.000,707938112.0,5239901.0,1438152965,-109.0,94
879823,22,2024-02-12 21:30:03,OPMC_LIFT,1246210000.0,230,230,232,4,0,4,50.05,0.8658999999999999,2024-02-12 21:30:08.000,2024-02-12 21:30:08.000,2024-02-12 21:30:08.000,707939920.0,5240704.0,1438158667,-107.0,94
879877,22,2024-02-12 21:50:03,OPMC_LIFT,1246220000.0,230,231,233,4,0,4,50.06,0.8685999999999999,2024-02-12 21:50:08.000,2024-02-12 21:50:08.000,2024-02-12 21:50:08.000,707941741.0,5241514.0,1438164398,-114.0,94
879926,22,2024-02-12 22:10:03,OPMC_LIFT,1246220000.0,231,231,233,4,0,4,50.02,0.8647999999999999,2024-02-12 22:10:08.000,2024-02-12 22:10:08.000,2024-02-12 22:10:08.000,707943571.0,5242317.0,1438170152,-105.0,94
879959,22,2024-02-12 22:20:03,OPMC_LIFT,1246230000.0,231,231,233,4,0,4,50.05,0.8680999999999999,2024-02-12 22:20:09.000,2024-02-12 22:20:09.000,2024-02-12 22:20:09.000,707944490.0,5242720.0,1438173041,-109.0,94
879994,22,2024-02-12 22:30:03,OPMC_LIFT,1246230000.0,229,229,231,4,0,4,50.03,0.8650999999999999,2024-02-12 22:30:08.000,2024-02-12 22:30:08.000,2024-02-12 22:30:08.000,707945382.0,5243123.0,1438175870,-108.0,94
880055,22,2024-02-12 22:50:03,OPMC_LIFT,1246230000.0,229,229,231,4,0,4,49.97,0.8684999999999999,2024-02-12 22:50:06.000,2024-02-12 22:50:06.000,2024-02-12 22:50:06.000,707947181.0,5243926.0,1438181550,-120.0,94
880183,22,2024-02-12 23:30:03,OPMC_LIFT,1246240000.0,229,230,232,4,0,4,50.05,0.8703,2024-02-12 23:30:07.000,2024-02-12 23:30:07.000,2024-02-12 23:30:07.000,707950784.0,5245533.0,1438192926,-108.0,94
880248,22,2024-02-12 23:50:03,OPMC_LIFT,1246250000.0,230,230,232,4,0,4,50.06,0.8674,2024-02-12 23:50:11.000,2024-02-12 23:50:11.000,2024-02-12 23:50:11.000,707952595.0,5246336.0,1438198638,-109.0,94
880296,22,2024-02-13 00:10:03,OPMC_LIFT,1246250000.0,230,231,233,4,0,4,49.94,0.8655999999999999,2024-02-13 00:10:05.000,2024-02-13 00:10:05.000,2024-02-13 00:10:05.000,707954419.0,5247139.0,1438204385,-112.0,94
880335,22,2024-02-13 00:20:03,OPMC_LIFT,1246260000.0,231,231,233,4,0,4,50.05,0.8660999999999999,2024-02-13 00:20:11.000,2024-02-13 00:20:11.000,2024-02-13 00:20:11.000,707955334.0,5247542.0,1438207265,-108.0,94
880358,22,2024-02-13 00:30:03,OPMC_LIFT,1246260000.0,231,231,233,4,0,4,49.98,0.8694999999999999,2024-02-13 00:30:06.000,2024-02-13 00:30:06.000,2024-02-13 00:30:06.000,707956253.0,5247942.0,1438210155,-107.0,94
880451,22,2024-02-13 01:00:03,OPMC_LIFT,1246270000.0,228,229,231,4,0,4,49.95,0.8658999999999999,2024-02-13 01:00:09.000,2024-02-13 01:00:09.000,2024-02-13 01:00:09.000,707958986.0,5249152.0,1438218760,-121.0,94
880569,22,2024-02-13 01:40:03,OPMC_LIFT,1246280000.0,229,230,232,4,0,4,50.04,0.8686999999999999,2024-02-13 01:40:08.000,2024-02-13 01:40:08.000,2024-02-13 01:40:08.000,707962579.0,5250762.0,1438230133,-111.0,94
880600,22,2024-02-13 01:50:03,OPMC_LIFT,1246280000.0,229,230,232,4,0,4,49.98,0.8698999999999999,2024-02-13 01:50:09.000,2024-02-13 01:50:09.000,2024-02-13 01:50:09.000,707963482.0,5251165.0,1438232977,-113.0,94
880630,22,2024-02-13 02:00:03,OPMC_LIFT,1246280000.0,229,230,232,4,0,4,50.01,0.8673,2024-02-13 02:00:08.000,2024-02-13 02:00:08.000,2024-02-13 02:00:08.000,707964387.0,5251568.0,1438235838,-117.0,94
880662,22,2024-02-13 02:10:03,OPMC_LIFT,1246280000.0,230,230,232,4,0,4,50.03,0.8685999999999999,2024-02-13 02:10:12.000,2024-02-13 02:10:12.000,2024-02-13 02:10:12.000,707965290.0,5251968.0,1438238693,-108.0,94
880690,22,2024-02-13 02:20:03,OPMC_LIFT,1246290000.0,230,230,232,4,0,4,50.06,0.8668999999999999,2024-02-13 02:20:10.000,2024-02-13 02:20:10.000,2024-02-13 02:20:10.000,707966195.0,5252371.0,1438241553,-110.0,94
880717,22,2024-02-13 02:30:03,OPMC_LIFT,1246290000.0,230,231,233,4,0,4,50.05,0.8669999999999999,2024-02-13 02:30:06.000,2024-02-13 02:30:06.000,2024-02-13 02:30:06.000,707967107.0,5252778.0,1438244424,-118.0,94
880748,22,2024-02-13 02:40:00,OPMC_LIFT,1246290000.0,230,231,232,4,0,4,49.96,0.8662,2024-02-13 02:40:09.000,2024-02-13 02:40:09.000,2024-02-13 02:40:09.000,707968013.0,5253178.0,1438247285,-103.0,94
880757,22,2024-02-13 02:40:19,OPMC_LIFT,1246290000.0,230,231,233,4,0,4,49.95,0.8685999999999999,2024-02-13 02:40:20.000,2024-02-13 02:40:20.000,2024-02-13 02:40:20.000,707968042.0,5253194.0,1438247374,-109.0,94
880872,22,2024-02-13 03:20:03,OPMC_LIFT,1246300000.0,231,231,233,4,0,4,49.95,0.8682,2024-02-13 03:20:09.000,2024-02-13 03:20:09.000,2024-02-13 03:20:09.000,707971683.0,5254797.0,1438258833,-112.0,94
880992,22,2024-02-13 04:00:03,OPMC_LIFT,1246310000.0,229,229,231,4,0,4,50.05,0.8673,2024-02-13 04:00:11.000,2024-02-13 04:00:11.000,2024-02-13 04:00:11.000,707975312.0,5256410.0,1438270280,-111.0,94
881139,22,2024-02-13 04:50:03,OPMC_LIFT,1246320000.0,228,228,230,4,0,4,49.96,0.8684,2024-02-13 04:50:08.000,2024-02-13 04:50:08.000,2024-02-13 04:50:08.000,707979770.0,5258426.0,1438284401,-113.0,94
881223,22,2024-02-13 05:20:03,OPMC_LIFT,1246330000.0,226,227,229,4,0,4,49.95,0.8664999999999999,2024-02-13 05:20:04.000,2024-02-13 05:20:04.000,2024-02-13 05:20:04.000,707982419.0,5259632.0,1438292808,-111.0,94
881252,22,2024-02-13 05:30:03,OPMC_LIFT,1246330000.0,226,227,228,4,0,4,49.94,0.8683,2024-02-13 05:30:07.000,2024-02-13 05:30:07.000,2024-02-13 05:30:07.000,707983293.0,5260032.0,1438295585,-109.0,94
881286,22,2024-02-13 05:40:03,OPMC_LIFT,1246340000.0,226,226,228,4,0,4,50.03,0.8718999999999999,2024-02-13 05:40:12.000,2024-02-13 05:40:12.000,2024-02-13 05:40:12.000,707984163.0,5260435.0,1438298353,-107.0,94
881338,22,2024-02-13 06:00:03,OPMC_LIFT,1246340000.0,225,226,227,4,0,4,50.01,0.8704999999999999,2024-02-13 06:00:12.000,2024-02-13 06:00:12.000,2024-02-13 06:00:12.000,707985888.0,5261238.0,1438303861,-111.0,94
881423,22,2024-02-13 06:30:03,OPMC_LIFT,1246350000.0,226,227,229,4,0,4,50.04,0.8676999999999999,2024-02-13 06:30:12.000,2024-02-13 06:30:12.000,2024-02-13 06:30:12.000,707988499.0,5262445.0,1438312181,-107.0,94
881466,22,2024-02-13 06:40:03,OPMC_LIFT,1246350000.0,226,227,228,4,0,4,50.1,0.8674,2024-02-13 06:40:12.000,2024-02-13 06:40:12.000,2024-02-13 06:40:12.000,707989370.0,5262848.0,1438314955,-120.0,94
881491,22,2024-02-13 06:50:03,OPMC_LIFT,1246350000.0,227,227,229,4,0,4,50.06,0.8709999999999999,2024-02-13 06:50:12.000,2024-02-13 06:50:12.000,2024-02-13 06:50:12.000,707990237.0,5263251.0,1438317726,-119.0,94
881545,22,2024-02-13 07:10:03,OPMC_LIFT,1246360000.0,224,225,227,4,0,3,49.95,0.8678999999999999,2024-02-13 07:10:06.000,2024-02-13 07:10:06.000,2024-02-13 07:10:06.000,707991968.0,5264054.0,1438323240,-109.0,94
881568,22,2024-02-13 07:20:03,OPMC_LIFT,1246360000.0,226,227,229,4,0,4,50.06,0.8674999999999999,2024-02-13 07:20:03.000,2024-02-13 07:20:03.000,2024-02-13 07:20:03.000,707992829.0,5264454.0,1438325985,-123.0,94
881604,22,2024-02-13 07:30:03,OPMC_LIFT,1246360000.0,225,226,227,4,0,4,50.05,0.8698999999999999,2024-02-13 07:30:11.000,2024-02-13 07:30:11.000,2024-02-13 07:30:11.000,707993696.0,5264854.0,1438328741,-102.0,94
881659,22,2024-02-13 07:50:03,OPMC_LIFT,1246370000.0,225,226,227,4,0,4,50.03,0.8684999999999999,2024-02-13 07:50:09.000,2024-02-13 07:50:09.000,2024-02-13 07:50:09.000,707995408.0,5265654.0,1438334209,-120.0,94
881685,22,2024-02-13 08:00:03,OPMC_LIFT,1246370000.0,225,226,227,4,0,4,50.06,0.8702,2024-02-13 08:00:07.000,2024-02-13 08:00:07.000,2024-02-13 08:00:07.000,707996262.0,5266054.0,1438336942,-109.0,94
881710,22,2024-02-13 08:10:03,OPMC_LIFT,1246370000.0,225,227,228,4,0,4,50.04,0.8704999999999999,2024-02-13 08:10:04.000,2024-02-13 08:10:04.000,2024-02-13 08:10:04.000,707997123.0,5266454.0,1438339688,-119.0,94
881797,22,2024-02-13 08:40:03,OPMC_LIFT,1246480000.0,221,223,224,302,324,325,50.09,0.8441,2024-02-13 08:40:06.000,2024-02-13 08:40:06.000,2024-02-13 08:40:06.000,708082662.0,5267354.0,1438482142,-123.0,94
881817,22,2024-02-13 08:50:03,OPMC_LIFT,1246850000.0,219,222,223,368,391,389,50.08,0.8698999999999999,2024-02-13 08:50:06.000,2024-02-13 08:50:06.000,2024-02-13 08:50:06.000,708291350.0,5267354.0,1438901758,-111.0,94
881853,22,2024-02-13 09:00:03,OPMC_LIFT,1247210000.0,219,222,223,360,383,381,49.96,0.8690999999999999,2024-02-13 09:00:10.000,2024-02-13 09:00:10.000,2024-02-13 09:00:10.000,708497382.0,5267354.0,1439319649,-117.0,94
881883,22,2024-02-13 09:10:03,OPMC_LIFT,1247470000.0,222,223,225,198,205,209,50.05,0.8712,2024-02-13 09:10:07.000,2024-02-13 09:10:07.000,2024-02-13 09:10:07.000,708647478.0,5267354.0,1439624325,-111.0,94
881943,22,2024-02-13 09:30:03,OPMC_LIFT,1247980000.0,221,223,225,193,202,205,50.09,0.8596999999999999,2024-02-13 09:30:07.000,2024-02-13 09:30:07.000,2024-02-13 09:30:07.000,708935056.0,5267354.0,1440202971,-120.0,94
882003,22,2024-02-13 09:50:03,OPMC_LIFT,1248440000.0,219,221,223,243,258,260,50.05,0.8281,2024-02-13 09:50:12.000,2024-02-13 09:50:12.000,2024-02-13 09:50:12.000,709211843.0,5267354.0,1440741704,-107.0,94
882027,22,2024-02-13 10:00:03,OPMC_LIFT,1248670000.0,222,224,225,227,242,244,50.08,0.7898999999999999,2024-02-13 10:00:04.000,2024-02-13 10:00:04.000,2024-02-13 10:00:04.000,709358794.0,5267354.0,1441018827,-111.0,94
882084,22,2024-02-13 10:20:02,OPMC_LIFT,1249160000.0,222,224,225,195,204,207,50.01,0.8593,2024-02-13 10:20:10.000,2024-02-13 10:20:10.000,2024-02-13 10:20:10.000,709659670.0,5267354.0,1441590913,-112.0,94
882113,22,2024-02-13 10:30:02,OPMC_LIFT,1249390000.0,222,224,226,199,206,210,50.07,0.8707999999999999,2024-02-13 10:30:05.000,2024-02-13 10:30:05.000,2024-02-13 10:30:05.000,709806749.0,5267354.0,1441862705,-108.0,94
883456,22,2024-02-13 18:39:21,OPMC_LIFT,1257230000.0,227,228,230,4,0,4,50.0,0.8680999999999999,2024-02-13 18:39:25.000,2024-02-13 18:39:25.000,2024-02-13 18:39:25.000,714650339.0,5272320.0,1451100661,-107.0,94
883501,22,2024-02-13 18:50:03,OPMC_LIFT,1257240000.0,227,228,230,4,0,4,49.99,0.8674,2024-02-13 18:50:10.000,2024-02-13 18:50:10.000,2024-02-13 18:50:10.000,714651283.0,5272746.0,1451103653,-111.0,94
883550,22,2024-02-13 19:10:03,OPMC_LIFT,1257240000.0,227,228,230,4,0,4,50.0,0.8685999999999999,2024-02-13 19:10:05.000,2024-02-13 19:10:05.000,2024-02-13 19:10:05.000,714653050.0,5273542.0,1451109256,-100.0,94
883637,22,2024-02-13 19:40:03,OPMC_LIFT,1257250000.0,228,228,230,4,0,4,50.05,0.8698999999999999,2024-02-13 19:40:07.000,2024-02-13 19:40:07.000,2024-02-13 19:40:07.000,714655702.0,5274739.0,1451117662,-106.0,94
883661,22,2024-02-13 19:50:03,OPMC_LIFT,1257250000.0,228,228,230,4,0,4,50.05,0.8685999999999999,2024-02-13 19:50:07.000,2024-02-13 19:50:07.000,2024-02-13 19:50:07.000,714656589.0,5275139.0,1451120472,-121.0,94
883735,22,2024-02-13 20:20:03,OPMC_LIFT,1257260000.0,227,228,230,4,0,4,50.0,0.8688999999999999,2024-02-13 20:20:11.000,2024-02-13 20:20:11.000,2024-02-13 20:20:11.000,714659242.0,5276333.0,1451128885,-111.0,94
883764,22,2024-02-13 20:30:03,OPMC_LIFT,1257260000.0,228,228,230,4,0,4,50.0,0.8692,2024-02-13 20:30:12.000,2024-02-13 20:30:12.000,2024-02-13 20:30:12.000,714660131.0,5276733.0,1451131694,-111.0,94
883809,22,2024-02-13 20:50:03,OPMC_LIFT,1257270000.0,228,229,230,4,0,4,49.97,0.8658999999999999,2024-02-13 20:50:04.000,2024-02-13 20:50:04.000,2024-02-13 20:50:04.000,714661907.0,5277530.0,1451137320,-109.0,94
883842,22,2024-02-13 21:00:03,OPMC_LIFT,1257270000.0,228,229,231,4,0,4,50.02,0.8674,2024-02-13 21:00:09.000,2024-02-13 21:00:09.000,2024-02-13 21:00:09.000,714662800.0,5277930.0,1451140139,-108.0,94
883866,22,2024-02-13 21:10:03,OPMC_LIFT,1257270000.0,226,227,229,4,0,4,50.01,0.8704,2024-02-13 21:10:05.000,2024-02-13 21:10:05.000,2024-02-13 21:10:05.000,714663686.0,5278330.0,1451142949,-109.0,94
883894,22,2024-02-13 21:20:03,OPMC_LIFT,1257270000.0,226,227,228,4,0,4,49.97,0.8683,2024-02-13 21:20:04.000,2024-02-13 21:20:04.000,2024-02-13 21:20:04.000,714664557.0,5278726.0,1451145713,-115.0,94
883949,22,2024-02-13 21:40:03,OPMC_LIFT,1257280000.0,226,226,228,4,0,4,50.01,0.8670999999999999,2024-02-13 21:40:09.000,2024-02-13 21:40:09.000,2024-02-13 21:40:09.000,714666304.0,5279523.0,1451151265,-111.0,94
883975,22,2024-02-13 21:50:03,OPMC_LIFT,1257280000.0,225,226,228,4,0,4,50.01,0.8690999999999999,2024-02-13 21:50:03.000,2024-02-13 21:50:03.000,2024-02-13 21:50:03.000,714667168.0,5279920.0,1451154021,-123.0,94
883998,22,2024-02-13 22:00:03,OPMC_LIFT,1257280000.0,225,226,227,4,0,4,50.05,0.8706999999999999,2024-02-13 22:00:05.000,2024-02-13 22:00:05.000,2024-02-13 22:00:05.000,714668029.0,5280317.0,1451156769,-114.0,94
884054,22,2024-02-13 22:20:03,OPMC_LIFT,1257290000.0,228,228,230,4,0,4,50.02,0.8699999999999999,2024-02-13 22:20:07.000,2024-02-13 22:20:07.000,2024-02-13 22:20:07.000,714669789.0,5281114.0,1451162357,-109.0,94
884145,22,2024-02-13 22:50:03,OPMC_LIFT,1257290000.0,228,229,230,4,0,4,49.96,0.8668999999999999,2024-02-13 22:50:11.000,2024-02-13 22:50:11.000,2024-02-13 22:50:11.000,714672454.0,5282310.0,1451170801,-109.0,94
884227,22,2024-02-13 23:20:03,OPMC_LIFT,1257300000.0,228,229,231,4,0,4,50.05,0.8650999999999999,2024-02-13 23:20:05.000,2024-02-13 23:20:05.000,2024-02-13 23:20:05.000,714675136.0,5283507.0,1451179278,-114.0,94
884285,22,2024-02-13 23:40:03,OPMC_LIFT,1257310000.0,229,229,231,4,0,4,50.04,0.8664,2024-02-13 23:40:08.000,2024-02-13 23:40:08.000,2024-02-13 23:40:08.000,714676925.0,5284307.0,1451184939,-123.0,94
884337,22,2024-02-14 00:00:03,OPMC_LIFT,1257310000.0,229,230,232,4,0,4,50.04,0.8694,2024-02-14 00:00:06.000,2024-02-14 00:00:06.000,2024-02-14 00:00:06.000,714678730.0,5285107.0,1451190635,-113.0,94
884391,22,2024-02-14 00:20:03,OPMC_LIFT,1257320000.0,230,230,232,4,0,4,50.03,0.8672,2024-02-14 00:20:04.000,2024-02-14 00:20:04.000,2024-02-14 00:20:04.000,714680541.0,5285904.0,1451196353,-102.0,94
884416,22,2024-02-14 00:30:03,OPMC_LIFT,1257320000.0,230,230,232,4,0,4,50.03,0.8662,2024-02-14 00:30:04.000,2024-02-14 00:30:04.000,2024-02-14 00:30:04.000,714681450.0,5286304.0,1451199211,-108.0,94
884444,22,2024-02-14 00:40:03,OPMC_LIFT,1257320000.0,230,230,232,4,0,4,49.99,0.8690999999999999,2024-02-14 00:40:08.000,2024-02-14 00:40:08.000,2024-02-14 00:40:08.000,714682355.0,5286704.0,1451202072,-107.0,94
884566,22,2024-02-14 01:20:03,OPMC_LIFT,1257330000.0,230,231,233,4,0,4,50.03,0.8682,2024-02-14 01:20:11.000,2024-02-14 01:20:11.000,2024-02-14 01:20:11.000,714685997.0,5288304.0,1451213541,-114.0,94
884591,22,2024-02-14 01:30:03,OPMC_LIFT,1257330000.0,230,231,233,4,0,4,50.02,0.8641,2024-02-14 01:30:06.000,2024-02-14 01:30:06.000,2024-02-14 01:30:06.000,714686912.0,5288704.0,1451216417,-111.0,94
884736,22,2024-02-14 02:20:03,OPMC_LIFT,1257350000.0,229,229,231,4,0,4,50.04,0.8692,2024-02-14 02:20:07.000,2024-02-14 02:20:07.000,2024-02-14 02:20:07.000,714691453.0,5290710.0,1451230737,-109.0,94
884764,22,2024-02-14 02:30:03,OPMC_LIFT,1257350000.0,229,229,231,4,0,4,49.97,0.8683,2024-02-14 02:30:09.000,2024-02-14 02:30:09.000,2024-02-14 02:30:09.000,714692352.0,5291110.0,1451233582,-109.0,94
884838,22,2024-02-14 02:51:08,OPMC_LIFT,1257350000.0,230,230,232,4,0,4,50.06,0.8639999999999999,2024-02-14 02:51:09.000,2024-02-14 02:51:09.000,2024-02-14 02:51:09.000,714694256.0,5291958.0,1451239589,-111.0,94
884914,22,2024-02-14 03:20:03,OPMC_LIFT,1257360000.0,230,231,232,4,0,4,50.03,0.8694,2024-02-14 03:20:10.000,2024-02-14 03:20:10.000,2024-02-14 03:20:10.000,714696880.0,5293123.0,1451247883,-121.0,94
884991,22,2024-02-14 03:50:03,OPMC_LIFT,1257370000.0,230,231,233,4,0,4,49.96,0.8686999999999999,2024-02-14 03:50:11.000,2024-02-14 03:50:11.000,2024-02-14 03:50:11.000,714699616.0,5294330.0,1451256507,-109.0,94
885124,22,2024-02-14 04:40:03,OPMC_LIFT,1257380000.0,231,231,233,4,0,4,49.98,0.8676999999999999,2024-02-14 04:40:07.000,2024-02-14 04:40:07.000,2024-02-14 04:40:07.000,714704198.0,5296346.0,1451270933,-121.0,94
885154,22,2024-02-14 04:50:03,OPMC_LIFT,1257380000.0,231,231,233,4,0,4,50.02,0.8662,2024-02-14 04:50:06.000,2024-02-14 04:50:06.000,2024-02-14 04:50:06.000,714705117.0,5296749.0,1451273822,-101.0,94
885215,22,2024-02-14 05:10:03,OPMC_LIFT,1257390000.0,231,231,233,4,0,4,50.03,0.8656999999999999,2024-02-14 05:10:11.000,2024-02-14 05:10:11.000,2024-02-14 05:10:11.000,714706957.0,5297555.0,1451279611,-109.0,94
885266,22,2024-02-14 05:30:03,OPMC_LIFT,1257390000.0,231,231,233,4,0,4,50.05,0.8716999999999999,2024-02-14 05:30:08.000,2024-02-14 05:30:08.000,2024-02-14 05:30:08.000,714708797.0,5298362.0,1451285393,-111.0,94
885293,22,2024-02-14 05:40:03,OPMC_LIFT,1257400000.0,229,229,231,4,0,4,49.96,0.8694999999999999,2024-02-14 05:40:08.000,2024-02-14 05:40:08.000,2024-02-14 05:40:08.000,714709715.0,5298765.0,1451288283,-111.0,94
885321,22,2024-02-14 05:50:03,OPMC_LIFT,1257400000.0,229,230,231,4,0,4,50.04,0.8679999999999999,2024-02-14 05:50:07.000,2024-02-14 05:50:07.000,2024-02-14 05:50:07.000,714710614.0,5299168.0,1451291125,-104.0,94
885385,22,2024-02-14 06:10:03,OPMC_LIFT,1257400000.0,229,230,231,4,0,4,49.97,0.8674,2024-02-14 06:10:11.000,2024-02-14 06:10:11.000,2024-02-14 06:10:11.000,714712416.0,5299974.0,1451296811,-114.0,94
885409,22,2024-02-14 06:20:03,OPMC_LIFT,1257410000.0,230,230,232,4,0,4,50.05,0.8675999999999999,2024-02-14 06:20:07.000,2024-02-14 06:20:07.000,2024-02-14 06:20:07.000,714713318.0,5300378.0,1451299659,-108.0,94
885438,22,2024-02-14 06:30:03,OPMC_LIFT,1257410000.0,230,230,232,4,0,4,49.99,0.8679999999999999,2024-02-14 06:30:06.000,2024-02-14 06:30:06.000,2024-02-14 06:30:06.000,714714224.0,5300781.0,1451302520,-113.0,94
885539,22,2024-02-14 07:00:03,OPMC_LIFT,1257420000.0,229,229,231,4,0,4,50.05,0.8684,2024-02-14 07:00:08.000,2024-02-14 07:00:08.000,2024-02-14 07:00:08.000,714716963.0,5301994.0,1451311147,-113.0,94
885600,22,2024-02-14 07:20:03,OPMC_LIFT,1257420000.0,229,229,231,4,0,4,49.97,0.8687999999999999,2024-02-14 07:20:11.000,2024-02-14 07:20:11.000,2024-02-14 07:20:11.000,714718755.0,5302797.0,1451316824,-109.0,94
885626,22,2024-02-14 07:30:03,OPMC_LIFT,1257420000.0,229,229,231,4,0,4,50.04,0.8687999999999999,2024-02-14 07:30:09.000,2024-02-14 07:30:09.000,2024-02-14 07:30:09.000,714719654.0,5303200.0,1451319662,-108.0,94
885707,22,2024-02-14 08:00:03,OPMC_LIFT,1257430000.0,229,230,231,4,0,4,49.95,0.8693,2024-02-14 08:00:04.000,2024-02-14 08:00:04.000,2024-02-14 08:00:04.000,714722352.0,5304410.0,1451328197,-121.0,94
885736,22,2024-02-14 08:10:02,OPMC_LIFT,1257430000.0,229,230,232,4,0,4,50.04,0.8682,2024-02-14 08:10:08.000,2024-02-14 08:10:08.000,2024-02-14 08:10:08.000,714723251.0,5304813.0,1451331041,-114.0,94
885760,22,2024-02-14 08:20:02,OPMC_LIFT,1257440000.0,230,230,232,4,0,4,50.03,0.8685999999999999,2024-02-14 08:20:03.000,2024-02-14 08:20:03.000,2024-02-14 08:20:03.000,714724157.0,5305213.0,1451333896,-111.0,94
885792,22,2024-02-14 08:30:02,OPMC_LIFT,1257440000.0,227,228,229,4,0,4,50.04,0.8694999999999999,2024-02-14 08:30:06.000,2024-02-14 08:30:06.000,2024-02-14 08:30:06.000,714725059.0,5305616.0,1451336744,-112.0,94
885817,22,2024-02-14 08:40:02,OPMC_LIFT,1257440000.0,227,227,229,4,0,4,50.01,0.8664,2024-02-14 08:40:08.000,2024-02-14 08:40:08.000,2024-02-14 08:40:08.000,714725936.0,5306019.0,1451339541,-111.0,94
885841,22,2024-02-14 08:50:02,OPMC_LIFT,1257440000.0,227,228,229,4,0,4,50.07,0.8695999999999999,2024-02-14 08:50:02.000,2024-02-14 08:50:02.000,2024-02-14 08:50:02.000,714726816.0,5306422.0,1451342331,-115.0,94
885908,22,2024-02-14 09:10:03,OPMC_LIFT,1257450000.0,227,227,229,4,0,4,50.0,0.8687999999999999,2024-02-14 09:10:08.000,2024-02-14 09:10:08.000,2024-02-14 09:10:08.000,714728570.0,5307226.0,1451347905,-108.0,94
885941,22,2024-02-14 09:20:03,OPMC_LIFT,1257450000.0,226,227,229,4,0,4,49.99,0.8673,2024-02-14 09:20:08.000,2024-02-14 09:20:08.000,2024-02-14 09:20:08.000,714729440.0,5307629.0,1451350689,-107.0,94
885970,22,2024-02-14 09:30:03,OPMC_LIFT,1257450000.0,226,227,228,4,0,4,50.03,0.8727999999999999,2024-02-14 09:30:08.000,2024-02-14 09:30:08.000,2024-02-14 09:30:08.000,714730310.0,5308029.0,1451353461,-109.0,94
885999,22,2024-02-14 09:40:03,OPMC_LIFT,1257450000.0,226,227,228,4,0,4,50.05,0.8683,2024-02-14 09:40:05.000,2024-02-14 09:40:05.000,2024-02-14 09:40:05.000,714731181.0,5308432.0,1451356232,-113.0,94
886030,22,2024-02-14 09:50:03,OPMC_LIFT,1257460000.0,226,226,228,4,0,4,49.96,0.8700999999999999,2024-02-14 09:50:04.000,2024-02-14 09:50:04.000,2024-02-14 09:50:04.000,714732048.0,5308832.0,1451358997,-111.0,94
886059,22,2024-02-14 10:00:03,OPMC_LIFT,1257460000.0,226,226,228,4,0,4,50.07,0.8678999999999999,2024-02-14 10:00:06.000,2024-02-14 10:00:06.000,2024-02-14 10:00:06.000,714732915.0,5309232.0,1451361758,-109.0,94
886095,22,2024-02-14 10:10:03,OPMC_LIFT,1257460000.0,226,226,228,4,0,4,50.02,0.8704,2024-02-14 10:10:08.000,2024-02-14 10:10:08.000,2024-02-14 10:10:08.000,714733779.0,5309635.0,1451364513,-115.0,94
886123,22,2024-02-14 10:20:03,OPMC_LIFT,1257460000.0,225,226,227,4,0,4,49.97,0.8716999999999999,2024-02-14 10:20:10.000,2024-02-14 10:20:10.000,2024-02-14 10:20:10.000,714734640.0,5310035.0,1451367262,-113.0,94
886152,22,2024-02-14 10:30:03,OPMC_LIFT,1257470000.0,225,226,228,4,0,4,50.05,0.8704,2024-02-14 10:30:07.000,2024-02-14 10:30:07.000,2024-02-14 10:30:07.000,714735504.0,5310438.0,1451370014,-108.0,94
886189,22,2024-02-14 10:45:35,OPMC_LIFT,1257470000.0,225,226,227,4,0,4,50.05,0.8678999999999999,2024-02-14 10:45:38.000,2024-02-14 10:45:38.000,2024-02-14 10:45:38.000,714736838.0,5311062.0,1451374280,-121.0,94
886260,22,2024-02-14 11:10:03,OPMC_LIFT,1257480000.0,225,226,227,4,0,4,49.94,0.8710999999999999,2024-02-14 11:10:08.000,2024-02-14 11:10:08.000,2024-02-14 11:10:08.000,714738944.0,5312042.0,1451380997,-108.0,94
886294,22,2024-02-14 11:20:03,OPMC_LIFT,1257480000.0,228,228,230,4,0,4,50.06,0.8650999999999999,2024-02-14 11:20:08.000,2024-02-14 11:20:08.000,2024-02-14 11:20:08.000,714739814.0,5312445.0,1451383765,-109.0,94
886322,22,2024-02-14 11:30:03,OPMC_LIFT,1257480000.0,227,228,229,4,0,4,49.96,0.8708999999999999,2024-02-14 11:30:07.000,2024-02-14 11:30:07.000,2024-02-14 11:30:07.000,714740698.0,5312845.0,1451386561,-112.0,94
886400,22,2024-02-14 12:00:03,OPMC_LIFT,1257490000.0,227,228,229,4,0,4,50.05,0.8675999999999999,2024-02-14 12:00:10.000,2024-02-14 12:00:10.000,2024-02-14 12:00:10.000,714743338.0,5314054.0,1451394949,-109.0,94
886491,22,2024-02-14 12:30:03,OPMC_LIFT,1257500000.0,227,227,229,4,0,4,49.94,0.8697999999999999,2024-02-14 12:30:12.000,2024-02-14 12:30:12.000,2024-02-14 12:30:12.000,714745968.0,5315258.0,1451403307,-103.0,94
886516,22,2024-02-14 12:40:03,OPMC_LIFT,1257500000.0,227,227,229,4,0,4,50.01,0.8687999999999999,2024-02-14 12:40:06.000,2024-02-14 12:40:06.000,2024-02-14 12:40:06.000,714746845.0,5315658.0,1451406085,-109.0,94
886539,22,2024-02-14 12:50:03,OPMC_LIFT,1257500000.0,226,227,228,4,0,4,49.94,0.8663,2024-02-14 12:50:05.000,2024-02-14 12:50:05.000,2024-02-14 12:50:05.000,714747718.0,5316058.0,1451408859,-112.0,94
886571,22,2024-02-14 13:00:03,OPMC_LIFT,1257500000.0,226,227,228,4,0,4,50.04,0.8682,2024-02-14 13:00:10.000,2024-02-14 13:00:10.000,2024-02-14 13:00:10.000,714748589.0,5316458.0,1451411630,-112.0,94
886603,22,2024-02-14 13:10:03,OPMC_LIFT,1257510000.0,226,226,228,4,0,4,50.07,0.8673,2024-02-14 13:10:08.000,2024-02-14 13:10:08.000,2024-02-14 13:10:08.000,714749459.0,5316858.0,1451414392,-108.0,94
886628,22,2024-02-14 13:20:03,OPMC_LIFT,1257510000.0,226,226,228,4,0,4,49.94,0.8693,2024-02-14 13:20:05.000,2024-02-14 13:20:05.000,2024-02-14 13:20:05.000,714750326.0,5317258.0,1451417153,-108.0,94
886711,22,2024-02-14 13:50:03,OPMC_LIFT,1257520000.0,225,226,227,4,0,3,50.01,0.8690999999999999,2024-02-14 13:50:09.000,2024-02-14 13:50:09.000,2024-02-14 13:50:09.000,714752925.0,5318458.0,1451425403,-109.0,94
886745,22,2024-02-14 14:00:03,OPMC_LIFT,1257520000.0,225,226,227,4,0,4,49.98,0.8693,2024-02-14 14:00:08.000,2024-02-14 14:00:08.000,2024-02-14 14:00:08.000,714753789.0,5318858.0,1451428155,-107.0,94
886772,22,2024-02-14 14:10:03,OPMC_LIFT,1257520000.0,225,226,227,4,0,4,49.95,0.8696999999999999,2024-02-14 14:10:07.000,2024-02-14 14:10:07.000,2024-02-14 14:10:07.000,714754650.0,5319258.0,1451430901,-114.0,94
886829,22,2024-02-14 14:30:03,OPMC_LIFT,1257520000.0,225,226,227,4,0,4,50.04,0.8689999999999999,2024-02-14 14:30:06.000,2024-02-14 14:30:06.000,2024-02-14 14:30:06.000,714756374.0,5320054.0,1451436379,-106.0,94
886874,22,2024-02-14 14:40:03,OPMC_LIFT,1257530000.0,225,226,227,4,0,4,50.01,0.8709999999999999,2024-02-14 14:40:09.000,2024-02-14 14:40:09.000,2024-02-14 14:40:09.000,714757235.0,5320454.0,1451439118,-106.0,94
886906,22,2024-02-14 14:50:03,OPMC_LIFT,1257530000.0,225,226,227,4,0,4,50.0,0.8675999999999999,2024-02-14 14:50:08.000,2024-02-14 14:50:08.000,2024-02-14 14:50:08.000,714758096.0,5320854.0,1451441857,-108.0,94
886963,22,2024-02-14 15:10:03,OPMC_LIFT,1257530000.0,228,228,230,4,0,4,50.04,0.8686999999999999,2024-02-14 15:10:09.000,2024-02-14 15:10:09.000,2024-02-14 15:10:09.000,714759824.0,5321651.0,1451447349,-109.0,94
887026,22,2024-02-14 15:30:03,OPMC_LIFT,1257540000.0,227,228,229,4,0,4,50.0,0.8669999999999999,2024-02-14 15:30:08.000,2024-02-14 15:30:08.000,2024-02-14 15:30:08.000,714761584.0,5322451.0,1451452933,-113.0,94
887087,22,2024-02-14 15:50:03,OPMC_LIFT,1257540000.0,227,228,229,4,0,4,50.03,0.8688999999999999,2024-02-14 15:50:12.000,2024-02-14 15:50:12.000,2024-02-14 15:50:12.000,714763347.0,5323254.0,1451458510,-109.0,94
887114,22,2024-02-14 16:00:03,OPMC_LIFT,1257550000.0,227,228,229,4,0,4,49.93,0.8690999999999999,2024-02-14 16:00:07.000,2024-02-14 16:00:07.000,2024-02-14 16:00:07.000,714764227.0,5323654.0,1451461297,-101.0,94
887167,22,2024-02-14 16:20:03,OPMC_LIFT,1257550000.0,227,227,229,4,0,4,49.94,0.8696999999999999,2024-02-14 16:20:04.000,2024-02-14 16:20:04.000,2024-02-14 16:20:04.000,714765987.0,5324451.0,1451466869,-111.0,94
887205,22,2024-02-14 16:30:03,OPMC_LIFT,1257550000.0,227,228,229,4,0,4,49.93,0.8664999999999999,2024-02-14 16:30:09.000,2024-02-14 16:30:09.000,2024-02-14 16:30:09.000,714766864.0,5324851.0,1451469649,-123.0,94
887236,22,2024-02-14 16:40:03,OPMC_LIFT,1257560000.0,227,228,229,4,0,4,49.99,0.8668999999999999,2024-02-14 16:40:08.000,2024-02-14 16:40:08.000,2024-02-14 16:40:08.000,714767744.0,5325251.0,1451472437,-121.0,94
887338,22,2024-02-14 17:10:03,OPMC_LIFT,1257560000.0,227,228,229,4,0,4,50.07,0.8676999999999999,2024-02-14 17:10:12.000,2024-02-14 17:10:12.000,2024-02-14 17:10:12.000,714770381.0,5326454.0,1451480792,-107.0,94
887378,22,2024-02-14 17:20:03,OPMC_LIFT,1257570000.0,227,228,229,4,0,4,49.97,0.8664,2024-02-14 17:20:10.000,2024-02-14 17:20:10.000,2024-02-14 17:20:10.000,714771258.0,5326854.0,1451483576,-109.0,94
887406,22,2024-02-14 17:30:03,OPMC_LIFT,1257570000.0,227,227,229,4,0,4,50.02,0.8667999999999999,2024-02-14 17:30:07.000,2024-02-14 17:30:07.000,2024-02-14 17:30:07.000,714772138.0,5327251.0,1451486357,-115.0,94
887443,22,2024-02-14 17:40:03,OPMC_LIFT,1257570000.0,227,227,229,4,0,4,49.95,0.8694999999999999,2024-02-14 17:40:10.000,2024-02-14 17:40:10.000,2024-02-14 17:40:10.000,714773014.0,5327651.0,1451489137,-106.0,94
887471,22,2024-02-14 17:50:03,OPMC_LIFT,1257570000.0,227,228,229,4,0,4,50.05,0.8668999999999999,2024-02-14 17:50:12.000,2024-02-14 17:50:12.000,2024-02-14 17:50:12.000,714773891.0,5328051.0,1451491915,-108.0,94
887498,22,2024-02-14 18:00:03,OPMC_LIFT,1257580000.0,227,228,229,4,0,4,50.07,0.8680999999999999,2024-02-14 18:00:11.000,2024-02-14 18:00:11.000,2024-02-14 18:00:11.000,714774768.0,5328448.0,1451494693,-123.0,94
887587,22,2024-02-14 18:30:03,OPMC_LIFT,1257580000.0,226,227,228,4,0,4,49.95,0.8704999999999999,2024-02-14 18:30:06.000,2024-02-14 18:30:06.000,2024-02-14 18:30:06.000,714777392.0,5329645.0,1451503019,-109.0,94
887630,22,2024-02-14 18:41:24,OPMC_LIFT,1257590000.0,226,227,228,4,0,4,50.01,0.8713,2024-02-14 18:41:25.000,2024-02-14 18:41:25.000,2024-02-14 18:41:25.000,714778378.0,5330096.0,1451506155,-109.0,94
887655,22,2024-02-14 18:50:03,OPMC_LIFT,1257590000.0,226,227,228,4,0,4,50.01,0.8717999999999999,2024-02-14 18:50:09.000,2024-02-14 18:50:09.000,2024-02-14 18:50:09.000,714779130.0,5330442.0,1451508549,-108.0,94
887712,22,2024-02-14 19:10:03,OPMC_LIFT,1257590000.0,226,227,228,4,0,4,49.96,0.8674999999999999,2024-02-14 19:10:07.000,2024-02-14 19:10:07.000,2024-02-14 19:10:07.000,714780874.0,5331235.0,1451514078,-107.0,94
887826,22,2024-02-14 19:50:03,OPMC_LIFT,1257600000.0,226,227,228,4,0,4,49.99,0.8716999999999999,2024-02-14 19:50:05.000,2024-02-14 19:50:05.000,2024-02-14 19:50:05.000,714784355.0,5332832.0,1451525150,-109.0,94
887857,22,2024-02-14 20:00:03,OPMC_LIFT,1257600000.0,226,227,228,4,0,4,49.99,0.8702,2024-02-14 20:00:06.000,2024-02-14 20:00:06.000,2024-02-14 20:00:06.000,714785229.0,5333229.0,1451527918,-108.0,94
887893,22,2024-02-14 20:10:03,OPMC_LIFT,1257610000.0,226,227,228,4,0,4,49.99,0.8707999999999999,2024-02-14 20:10:10.000,2024-02-14 20:10:10.000,2024-02-14 20:10:10.000,714786102.0,5333629.0,1451530693,-101.0,94
887920,22,2024-02-14 20:20:03,OPMC_LIFT,1257610000.0,226,227,229,4,0,4,49.99,0.8697999999999999,2024-02-14 20:20:05.000,2024-02-14 20:20:05.000,2024-02-14 20:20:05.000,714786976.0,5334026.0,1451533464,-108.0,94
887950,22,2024-02-14 20:30:03,OPMC_LIFT,1257610000.0,227,227,229,4,0,4,49.98,0.8684,2024-02-14 20:30:07.000,2024-02-14 20:30:07.000,2024-02-14 20:30:07.000,714787846.0,5334422.0,1451536238,-111.0,94
887982,22,2024-02-14 20:40:03,OPMC_LIFT,1257610000.0,226,227,228,4,0,4,49.97,0.8704,2024-02-14 20:40:07.000,2024-02-14 20:40:07.000,2024-02-14 20:40:07.000,714788720.0,5334822.0,1451539013,-109.0,94
888011,22,2024-02-14 20:50:03,OPMC_LIFT,1257620000.0,227,227,229,4,0,4,49.96,0.8667999999999999,2024-02-14 20:50:07.000,2024-02-14 20:50:07.000,2024-02-14 20:50:07.000,714789590.0,5335219.0,1451541784,-109.0,94
888065,22,2024-02-14 21:10:03,OPMC_LIFT,1257620000.0,227,228,229,4,0,4,50.04,0.8679999999999999,2024-02-14 21:10:07.000,2024-02-14 21:10:07.000,2024-02-14 21:10:07.000,714791344.0,5336019.0,1451547352,-109.0,94
888099,22,2024-02-14 21:20:03,OPMC_LIFT,1257620000.0,227,227,229,4,0,4,49.95,0.8679999999999999,2024-02-14 21:20:10.000,2024-02-14 21:20:10.000,2024-02-14 21:20:10.000,714792224.0,5336416.0,1451550139,-109.0,94
888128,22,2024-02-14 21:30:03,OPMC_LIFT,1257630000.0,227,228,229,4,0,4,50.02,0.8690999999999999,2024-02-14 21:30:11.000,2024-02-14 21:30:11.000,2024-02-14 21:30:11.000,714793104.0,5336816.0,1451552929,-113.0,94
888188,22,2024-02-14 21:50:03,OPMC_LIFT,1257630000.0,228,228,230,4,0,4,50.0,0.8717999999999999,2024-02-14 21:50:07.000,2024-02-14 21:50:07.000,2024-02-14 21:50:07.000,714794870.0,5337613.0,1451558529,-111.0,94
888217,22,2024-02-14 22:00:03,OPMC_LIFT,1257630000.0,228,228,230,4,0,4,49.94,0.8664999999999999,2024-02-14 22:00:09.000,2024-02-14 22:00:09.000,2024-02-14 22:00:09.000,714795754.0,5338013.0,1451561336,-121.0,94
888302,22,2024-02-14 22:30:02,OPMC_LIFT,1257640000.0,228,228,230,4,0,4,50.02,0.8674,2024-02-14 22:30:05.000,2024-02-14 22:30:05.000,2024-02-14 22:30:05.000,714798416.0,5339210.0,1451569768,-120.0,94
888350,22,2024-02-14 22:40:02,OPMC_LIFT,1257640000.0,228,229,230,4,0,4,50.02,0.8703,2024-02-14 22:40:10.000,2024-02-14 22:40:10.000,2024-02-14 22:40:10.000,714799306.0,5339610.0,1451572584,-108.0,94
888428,22,2024-02-14 23:10:03,OPMC_LIFT,1257650000.0,228,229,231,4,0,4,49.95,0.8634,2024-02-14 23:10:04.000,2024-02-14 23:10:04.000,2024-02-14 23:10:04.000,714801987.0,5340810.0,1451581057,-112.0,94
888465,22,2024-02-14 23:20:03,OPMC_LIFT,1257650000.0,229,229,231,4,0,4,50.04,0.8703,2024-02-14 23:20:07.000,2024-02-14 23:20:07.000,2024-02-14 23:20:07.000,714802883.0,5341206.0,1451583889,-121.0,94
888499,22,2024-02-14 23:30:03,OPMC_LIFT,1257660000.0,229,230,231,4,0,4,50.03,0.8674,2024-02-14 23:30:10.000,2024-02-14 23:30:10.000,2024-02-14 23:30:10.000,714803779.0,5341606.0,1451586728,-121.0,94
888617,22,2024-02-15 00:10:03,OPMC_LIFT,1257670000.0,229,230,232,4,0,4,49.98,0.8679999999999999,2024-02-15 00:10:10.000,2024-02-15 00:10:10.000,2024-02-15 00:10:10.000,714807389.0,5343206.0,1451598117,-123.0,94
888711,22,2024-02-15 00:40:03,OPMC_LIFT,1257670000.0,227,228,230,4,0,4,50.05,0.8696999999999999,2024-02-15 00:40:07.000,2024-02-15 00:40:07.000,2024-02-15 00:40:07.000,714810045.0,5344403.0,1451606533,-109.0,94
888743,22,2024-02-15 00:50:03,OPMC_LIFT,1257670000.0,227,228,230,4,0,4,50.03,0.8714999999999999,2024-02-15 00:50:09.000,2024-02-15 00:50:09.000,2024-02-15 00:50:09.000,714810925.0,5344800.0,1451609333,-114.0,94
888805,22,2024-02-15 01:10:03,OPMC_LIFT,1257680000.0,227,228,230,4,0,4,50.02,0.8704,2024-02-15 01:10:08.000,2024-02-15 01:10:08.000,2024-02-15 01:10:08.000,714812691.0,5345600.0,1451614923,-109.0,94
888863,22,2024-02-15 01:30:03,OPMC_LIFT,1257680000.0,227,228,230,4,0,4,50.03,0.8658999999999999,2024-02-15 01:30:04.000,2024-02-15 01:30:04.000,2024-02-15 01:30:04.000,714814458.0,5346397.0,1451620526,-111.0,94
888928,22,2024-02-15 01:50:03,OPMC_LIFT,1257690000.0,227,228,230,4,0,4,49.98,0.8688999999999999,2024-02-15 01:50:10.000,2024-02-15 01:50:10.000,2024-02-15 01:50:10.000,714816224.0,5347194.0,1451626133,-110.0,94
888955,22,2024-02-15 02:00:03,OPMC_LIFT,1257690000.0,227,228,230,4,0,4,49.95,0.8669999999999999,2024-02-15 02:00:05.000,2024-02-15 02:00:05.000,2024-02-15 02:00:05.000,714817107.0,5347590.0,1451628936,-111.0,94
888985,22,2024-02-15 02:10:03,OPMC_LIFT,1257690000.0,228,228,230,4,0,4,50.05,0.8664999999999999,2024-02-15 02:10:07.000,2024-02-15 02:10:07.000,2024-02-15 02:10:07.000,714817994.0,5347990.0,1451631749,-114.0,94
889045,22,2024-02-15 02:30:03,OPMC_LIFT,1257700000.0,228,228,230,4,0,4,50.03,0.8645999999999999,2024-02-15 02:30:07.000,2024-02-15 02:30:07.000,2024-02-15 02:30:07.000,714819770.0,5348787.0,1451637368,-108.0,94
889074,22,2024-02-15 02:40:03,OPMC_LIFT,1257700000.0,228,229,230,4,0,4,50.06,0.8667999999999999,2024-02-15 02:40:04.000,2024-02-15 02:40:04.000,2024-02-15 02:40:04.000,714820656.0,5349187.0,1451640177,-109.0,94
889143,22,2024-02-15 03:00:03,OPMC_LIFT,1257710000.0,228,229,230,4,0,4,50.04,0.8713,2024-02-15 03:00:12.000,2024-02-15 03:00:12.000,2024-02-15 03:00:12.000,714822435.0,5349984.0,1451645816,-112.0,94
889235,22,2024-02-15 03:30:03,OPMC_LIFT,1257710000.0,228,229,230,4,0,4,50.06,0.8689999999999999,2024-02-15 03:30:09.000,2024-02-15 03:30:09.000,2024-02-15 03:30:09.000,714825107.0,5351181.0,1451654277,-109.0,94
889257,22,2024-02-15 03:40:03,OPMC_LIFT,1257720000.0,228,229,230,4,0,4,49.97,0.8685999999999999,2024-02-15 03:40:06.000,2024-02-15 03:40:06.000,2024-02-15 03:40:06.000,714826000.0,5351581.0,1451657102,-105.0,94
889320,22,2024-02-15 04:00:03,OPMC_LIFT,1257720000.0,228,229,231,4,0,4,50.04,0.8665999999999999,2024-02-15 04:00:08.000,2024-02-15 04:00:08.000,2024-02-15 04:00:08.000,714827782.0,5352381.0,1451662747,-111.0,94
889353,22,2024-02-15 04:10:03,OPMC_LIFT,1257720000.0,228,229,230,4,0,4,49.97,0.8679999999999999,2024-02-15 04:10:07.000,2024-02-15 04:10:07.000,2024-02-15 04:10:07.000,714828672.0,5352781.0,1451665566,-121.0,94
889450,22,2024-02-15 04:40:03,OPMC_LIFT,1257730000.0,228,228,230,4,0,4,50.02,0.8667999999999999,2024-02-15 04:40:10.000,2024-02-15 04:40:10.000,2024-02-15 04:40:10.000,714831344.0,5353978.0,1451674021,-110.0,94
889474,22,2024-02-15 04:50:03,OPMC_LIFT,1257730000.0,227,228,230,4,0,4,49.98,0.8694999999999999,2024-02-15 04:50:09.000,2024-02-15 04:50:09.000,2024-02-15 04:50:09.000,714832230.0,5354378.0,1451676830,-108.0,94
889502,22,2024-02-15 05:00:03,OPMC_LIFT,1257740000.0,227,228,229,4,0,4,49.94,0.8664999999999999,2024-02-15 05:00:04.000,2024-02-15 05:00:04.000,2024-02-15 05:00:04.000,714833114.0,5354774.0,1451679627,-120.0,94
889570,22,2024-02-15 05:20:03,OPMC_LIFT,1257740000.0,226,227,229,4,0,4,50.03,0.8684,2024-02-15 05:20:11.000,2024-02-15 05:20:11.000,2024-02-15 05:20:11.000,714834870.0,5355571.0,1451685205,-107.0,94
889594,22,2024-02-15 05:30:03,OPMC_LIFT,1257740000.0,226,227,229,4,0,4,50.06,0.8704,2024-02-15 05:30:06.000,2024-02-15 05:30:06.000,2024-02-15 05:30:06.000,714835741.0,5355971.0,1451687976,-105.0,94
889627,22,2024-02-15 05:40:02,OPMC_LIFT,1257750000.0,226,227,228,4,0,4,50.05,0.8709999999999999,2024-02-15 05:40:10.000,2024-02-15 05:40:10.000,2024-02-15 05:40:10.000,714836611.0,5356368.0,1451690747,-121.0,94
889651,22,2024-02-15 05:50:03,OPMC_LIFT,1257750000.0,225,226,228,4,0,4,49.96,0.8693,2024-02-15 05:50:10.000,2024-02-15 05:50:10.000,2024-02-15 05:50:10.000,714837478.0,5356765.0,1451693505,-117.0,94
889707,22,2024-02-15 06:10:03,OPMC_LIFT,1257750000.0,227,228,229,4,0,4,49.98,0.8683,2024-02-15 06:10:06.000,2024-02-15 06:10:06.000,2024-02-15 06:10:06.000,714839216.0,5357565.0,1451699038,-106.0,94
889745,22,2024-02-15 06:20:03,OPMC_LIFT,1257760000.0,226,227,228,4,0,4,49.94,0.8704999999999999,2024-02-15 06:20:11.000,2024-02-15 06:20:11.000,2024-02-15 06:20:11.000,714840090.0,5357962.0,1451701813,-114.0,94
889826,22,2024-02-15 06:50:03,OPMC_LIFT,1257760000.0,225,226,227,4,0,4,50.02,0.8703,2024-02-15 06:50:03.000,2024-02-15 06:50:03.000,2024-02-15 06:50:03.000,714842675.0,5359158.0,1451710062,-120.0,94
889863,22,2024-02-15 07:00:03,OPMC_LIFT,1257760000.0,225,226,227,4,0,3,50.06,0.8724,2024-02-15 07:00:08.000,2024-02-15 07:00:08.000,2024-02-15 07:00:08.000,714843533.0,5359558.0,1451712801,-109.0,94
890008,22,2024-02-15 08:00:03,OPMC_LIFT,1257780000.0,225,226,227,4,0,4,49.95,0.8702,2024-02-15 08:00:04.000,2024-02-15 08:00:04.000,2024-02-15 08:00:04.000,714848707.0,5361942.0,1451729275,-109.0,94
890036,22,2024-02-15 08:10:03,OPMC_LIFT,1257780000.0,224,225,226,4,0,3,49.99,0.8684,2024-02-15 08:10:08.000,2024-02-15 08:10:08.000,2024-02-15 08:10:08.000,714849562.0,5362339.0,1451731998,-108.0,94
890065,22,2024-02-15 08:20:02,OPMC_LIFT,1257780000.0,226,227,228,4,0,4,49.99,0.8699999999999999,2024-02-15 08:20:12.000,2024-02-15 08:20:12.000,2024-02-15 08:20:12.000,714850426.0,5362736.0,1451734744,-106.0,94
890147,22,2024-02-15 08:50:02,OPMC_LIFT,1258150000.0,219,222,223,368,392,393,49.95,0.8719999999999999,2024-02-15 08:50:08.000,2024-02-15 08:50:08.000,2024-02-15 08:50:08.000,715081155.0,5363334.0,1452174862,-113.0,94
890259,22,2024-02-15 09:30:03,OPMC_LIFT,1259570000.0,221,223,224,344,365,369,49.99,0.8676999999999999,2024-02-15 09:30:07.000,2024-02-15 09:30:07.000,2024-02-15 09:30:07.000,715886461.0,5363334.0,1453806597,-107.0,94
890292,22,2024-02-15 09:40:03,OPMC_LIFT,1259920000.0,221,223,225,340,361,366,50.05,0.8667999999999999,2024-02-15 09:40:10.000,2024-02-15 09:40:10.000,2024-02-15 09:40:10.000,716083677.0,5363334.0,1454205185,-108.0,94
890366,22,2024-02-15 10:10:03,OPMC_LIFT,1260950000.0,220,222,223,341,361,364,50.01,0.8697999999999999,2024-02-15 10:10:06.000,2024-02-15 10:10:06.000,2024-02-15 10:10:06.000,716670461.0,5363334.0,1455393461,-109.0,94
890393,22,2024-02-15 10:20:03,OPMC_LIFT,1261300000.0,219,222,223,349,370,373,50.03,0.8716999999999999,2024-02-15 10:20:05.000,2024-02-15 10:20:05.000,2024-02-15 10:20:05.000,716865277.0,5363334.0,1455788968,-109.0,94
890435,22,2024-02-15 10:39:32,OPMC_LIFT,1261970000.0,219,221,223,340,361,364,49.98,0.8704,2024-02-15 10:39:36.000,2024-02-15 10:39:36.000,2024-02-15 10:39:36.000,717246397.0,5363334.0,1456566325,-111.0,94
890446,22,2024-02-15 10:40:03,OPMC_LIFT,1261990000.0,219,221,223,340,360,364,49.95,0.8698999999999999,2024-02-15 10:40:06.000,2024-02-15 10:40:06.000,2024-02-15 10:40:06.000,717256368.0,5363334.0,1456586593,-109.0,94
890472,22,2024-02-15 10:50:03,OPMC_LIFT,1262340000.0,219,222,223,345,365,369,50.05,0.8715999999999999,2024-02-15 10:50:05.000,2024-02-15 10:50:05.000,2024-02-15 10:50:05.000,717451216.0,5363334.0,1456984254,-108.0,94
890544,22,2024-02-15 11:10:03,OPMC_LIFT,1263020000.0,219,221,223,341,361,364,50.01,0.8703,2024-02-15 11:10:10.000,2024-02-15 11:10:10.000,2024-02-15 11:10:10.000,717838397.0,5363334.0,1457774107,-109.0,94
890570,22,2024-02-15 11:20:03,OPMC_LIFT,1263370000.0,219,221,223,342,362,366,50.02,0.8708999999999999,2024-02-15 11:20:09.000,2024-02-15 11:20:09.000,2024-02-15 11:20:09.000,718031859.0,5363334.0,1458169099,-113.0,94
890590,22,2024-02-15 11:30:03,OPMC_LIFT,1263710000.0,219,221,223,348,368,372,49.96,0.8715999999999999,2024-02-15 11:30:07.000,2024-02-15 11:30:07.000,2024-02-15 11:30:07.000,718225939.0,5363334.0,1458565800,-105.0,94
890646,22,2024-02-15 11:50:03,OPMC_LIFT,1264410000.0,220,222,224,343,364,368,50.05,0.8700999999999999,2024-02-15 11:50:08.000,2024-02-15 11:50:08.000,2024-02-15 11:50:08.000,718614618.0,5363334.0,1459358334,-114.0,94
890735,22,2024-02-15 12:20:03,OPMC_LIFT,1265460000.0,222,224,226,344,364,370,50.01,0.8658999999999999,2024-02-15 12:20:11.000,2024-02-15 12:20:11.000,2024-02-15 12:20:11.000,719215661.0,5363334.0,1460569038,-117.0,94
890762,22,2024-02-15 12:30:03,OPMC_LIFT,1265800000.0,222,224,226,342,363,368,49.94,0.8644999999999999,2024-02-15 12:30:08.000,2024-02-15 12:30:08.000,2024-02-15 12:30:08.000,719416682.0,5363334.0,1460970267,-111.0,94
890788,22,2024-02-15 12:40:03,OPMC_LIFT,1266150000.0,222,224,226,344,364,369,49.99,0.8660999999999999,2024-02-15 12:40:05.000,2024-02-15 12:40:05.000,2024-02-15 12:40:05.000,719617731.0,5363334.0,1461372929,-111.0,94
890816,22,2024-02-15 12:50:03,OPMC_LIFT,1266500000.0,222,224,226,340,360,365,50.01,0.8656999999999999,2024-02-15 12:50:07.000,2024-02-15 12:50:07.000,2024-02-15 12:50:07.000,719818176.0,5363334.0,1461775224,-108.0,94
890934,22,2024-02-15 13:30:03,OPMC_LIFT,1267890000.0,218,220,222,347,366,370,50.04,0.8739999999999999,2024-02-15 13:30:12.000,2024-02-15 13:30:12.000,2024-02-15 13:30:12.000,720600250.0,5363334.0,1463370069,-114.0,94
890981,22,2024-02-15 13:50:03,OPMC_LIFT,1268580000.0,219,221,222,345,365,367,50.08,0.8728999999999999,2024-02-15 13:50:05.000,2024-02-15 13:50:05.000,2024-02-15 13:50:05.000,720985776.0,5363334.0,1464162984,-109.0,94
891013,22,2024-02-15 14:00:03,OPMC_LIFT,1268930000.0,218,220,222,355,374,378,50.04,0.8744,2024-02-15 14:00:13.000,2024-02-15 14:00:13.000,2024-02-15 14:00:13.000,721179216.0,5363334.0,1464560849,-109.0,94
891040,22,2024-02-15 14:10:03,OPMC_LIFT,1269280000.0,218,220,222,351,371,374,50.05,0.8740999999999999,2024-02-15 14:10:06.000,2024-02-15 14:10:06.000,2024-02-15 14:10:06.000,721373526.0,5363334.0,1464961285,-109.0,94
891094,22,2024-02-15 14:30:03,OPMC_LIFT,1269980000.0,218,220,222,352,372,374,50.04,0.8738999999999999,2024-02-15 14:30:09.000,2024-02-15 14:30:09.000,2024-02-15 14:30:09.000,721764349.0,5363334.0,1465768005,-107.0,94
891126,22,2024-02-15 14:40:03,OPMC_LIFT,1270330000.0,219,221,222,349,369,372,50.07,0.8730999999999999,2024-02-15 14:40:05.000,2024-02-15 14:40:05.000,2024-02-15 14:40:05.000,721959210.0,5363334.0,1466169739,-111.0,94
891158,22,2024-02-15 14:50:03,OPMC_LIFT,1270680000.0,219,221,222,341,362,365,49.99,0.8716999999999999,2024-02-15 14:50:09.000,2024-02-15 14:50:09.000,2024-02-15 14:50:09.000,722152506.0,5363334.0,1466565774,-109.0,94
891184,22,2024-02-15 15:00:03,OPMC_LIFT,1271020000.0,219,221,223,339,358,362,50.09,0.8703,2024-02-15 15:00:07.000,2024-02-15 15:00:07.000,2024-02-15 15:00:07.000,722344650.0,5363334.0,1466957285,-114.0,94
891213,22,2024-02-15 15:10:03,OPMC_LIFT,1271360000.0,219,221,223,337,356,360,49.98,0.8695999999999999,2024-02-15 15:10:12.000,2024-02-15 15:10:12.000,2024-02-15 15:10:12.000,722535590.0,5363334.0,1467345137,-107.0,94
891240,22,2024-02-15 15:20:03,OPMC_LIFT,1271700000.0,219,222,223,335,356,358,50.05,0.8686999999999999,2024-02-15 15:20:09.000,2024-02-15 15:20:09.000,2024-02-15 15:20:09.000,722727091.0,5363334.0,1467733589,-111.0,94
891271,22,2024-02-15 15:30:03,OPMC_LIFT,1271860000.0,225,226,228,0,0,0,50.01,1.0,2024-02-15 15:30:09.000,2024-02-15 15:30:09.000,2024-02-15 15:30:09.000,722821978.0,5363334.0,1467924472,-109.0,94
891323,22,2024-02-15 15:50:02,OPMC_LIFT,1271860000.0,225,226,228,0,0,0,49.95,1.0,2024-02-15 15:50:07.000,2024-02-15 15:50:07.000,2024-02-15 15:50:07.000,722821978.0,5363334.0,1467924472,-109.0,94
891385,22,2024-02-15 16:10:03,OPMC_LIFT,1271870000.0,227,228,230,4,0,4,50.05,0.8693,2024-02-15 16:10:07.000,2024-02-15 16:10:07.000,2024-02-15 16:10:07.000,722823443.0,5363830.0,1467928533,-109.0,94
891421,22,2024-02-15 16:20:03,OPMC_LIFT,1271870000.0,227,228,230,4,0,4,50.04,0.8724,2024-02-15 16:20:11.000,2024-02-15 16:20:11.000,2024-02-15 16:20:11.000,722824323.0,5364230.0,1467931323,-115.0,94
891502,22,2024-02-15 16:50:03,OPMC_LIFT,1271880000.0,228,229,231,4,0,4,50.05,0.8677999999999999,2024-02-15 16:50:07.000,2024-02-15 16:50:07.000,2024-02-15 16:50:07.000,722826979.0,5365424.0,1467939729,-109.0,94
891534,22,2024-02-15 17:00:03,OPMC_LIFT,1271880000.0,229,229,231,4,0,4,50.06,0.8684,2024-02-15 17:00:10.000,2024-02-15 17:00:10.000,2024-02-15 17:00:10.000,722827875.0,5365824.0,1467942558,-117.0,94
891560,22,2024-02-15 17:10:03,OPMC_LIFT,1271880000.0,230,230,232,4,0,4,50.06,0.8674,2024-02-15 17:10:06.000,2024-02-15 17:10:06.000,2024-02-15 17:10:06.000,722828778.0,5366224.0,1467945400,-109.0,94
891616,22,2024-02-15 17:30:03,OPMC_LIFT,1271890000.0,228,229,231,4,0,4,50.04,0.8677999999999999,2024-02-15 17:30:05.000,2024-02-15 17:30:05.000,2024-02-15 17:30:05.000,722830582.0,5367021.0,1467951083,-109.0,94
891670,22,2024-02-15 17:50:03,OPMC_LIFT,1271890000.0,229,230,231,4,0,4,50.05,0.8715999999999999,2024-02-15 17:50:09.000,2024-02-15 17:50:09.000,2024-02-15 17:50:09.000,722832371.0,5367818.0,1467956725,-111.0,94
891698,22,2024-02-15 18:00:03,OPMC_LIFT,1271890000.0,230,230,232,4,0,4,50.1,0.8693,2024-02-15 18:00:06.000,2024-02-15 18:00:06.000,2024-02-15 18:00:06.000,722833277.0,5368218.0,1467959573,-111.0,94
891793,22,2024-02-15 18:37:37,OPMC_LIFT,1271900000.0,230,230,232,4,0,4,50.07,0.8662,2024-02-15 18:37:45.000,2024-02-15 18:37:45.000,2024-02-15 18:37:45.000,722836701.0,5369722.0,1467970321,-111.0,94
891842,22,2024-02-15 18:50:03,OPMC_LIFT,1271910000.0,229,230,232,4,0,4,50.03,0.8648999999999999,2024-02-15 18:50:10.000,2024-02-15 18:50:10.000,2024-02-15 18:50:10.000,722837830.0,5370218.0,1467973867,-106.0,94
891896,22,2024-02-15 19:10:03,OPMC_LIFT,1271910000.0,229,230,231,4,0,4,49.98,0.8695999999999999,2024-02-15 19:10:11.000,2024-02-15 19:10:11.000,2024-02-15 19:10:11.000,722839638.0,5371018.0,1467979560,-109.0,94
891953,22,2024-02-15 19:30:03,OPMC_LIFT,1271920000.0,229,230,232,4,0,4,50.07,0.8670999999999999,2024-02-15 19:30:08.000,2024-02-15 19:30:08.000,2024-02-15 19:30:08.000,722841443.0,5371818.0,1467985249,-111.0,94
891982,22,2024-02-15 19:40:03,OPMC_LIFT,1271920000.0,229,230,232,4,0,4,50.05,0.8700999999999999,2024-02-15 19:40:12.000,2024-02-15 19:40:12.000,2024-02-15 19:40:12.000,722842349.0,5372218.0,1467988097,-107.0,94
892004,22,2024-02-15 19:50:03,OPMC_LIFT,1271920000.0,230,230,232,4,0,4,50.08,0.8683,2024-02-15 19:50:09.000,2024-02-15 19:50:09.000,2024-02-15 19:50:09.000,722843254.0,5372618.0,1467990949,-113.0,94
892057,22,2024-02-15 20:10:03,OPMC_LIFT,1271920000.0,230,231,232,4,0,4,50.02,0.8663,2024-02-15 20:10:07.000,2024-02-15 20:10:07.000,2024-02-15 20:10:07.000,722845072.0,5373418.0,1467996667,-108.0,94
892081,22,2024-02-15 20:20:03,OPMC_LIFT,1271930000.0,230,231,232,4,0,4,50.05,0.8676999999999999,2024-02-15 20:20:06.000,2024-02-15 20:20:06.000,2024-02-15 20:20:06.000,722845984.0,5373818.0,1467999534,-121.0,94
892109,22,2024-02-15 20:30:03,OPMC_LIFT,1271930000.0,230,231,232,4,0,4,50.04,0.8668999999999999,2024-02-15 20:30:07.000,2024-02-15 20:30:07.000,2024-02-15 20:30:07.000,722846899.0,5374218.0,1468002405,-113.0,94
892200,22,2024-02-15 21:00:03,OPMC_LIFT,1271940000.0,228,229,231,4,0,4,50.06,0.8704,2024-02-15 21:00:11.000,2024-02-15 21:00:11.000,2024-02-15 21:00:11.000,722849638.0,5375418.0,1468011009,-121.0,94
892225,22,2024-02-15 21:10:03,OPMC_LIFT,1271940000.0,228,229,231,4,0,4,49.94,0.8688999999999999,2024-02-15 21:10:10.000,2024-02-15 21:10:10.000,2024-02-15 21:10:10.000,722850534.0,5375814.0,1468013841,-113.0,94
892274,22,2024-02-15 21:30:02,OPMC_LIFT,1271940000.0,229,230,231,4,0,4,50.06,0.8663,2024-02-15 21:30:04.000,2024-02-15 21:30:04.000,2024-02-15 21:30:04.000,722852336.0,5376611.0,1468019521,-111.0,94
892308,22,2024-02-15 21:40:03,OPMC_LIFT,1271950000.0,229,230,232,4,0,4,49.94,0.8676999999999999,2024-02-15 21:40:07.000,2024-02-15 21:40:07.000,2024-02-15 21:40:07.000,722853242.0,5377011.0,1468022369,-109.0,94
892331,22,2024-02-15 21:50:03,OPMC_LIFT,1271950000.0,230,230,232,4,0,4,50.1,0.8673,2024-02-15 21:50:06.000,2024-02-15 21:50:06.000,2024-02-15 21:50:06.000,722854150.0,5377414.0,1468025227,-123.0,94
892386,22,2024-02-15 22:10:03,OPMC_LIFT,1271950000.0,230,230,232,4,0,4,49.92,0.8692,2024-02-15 22:10:06.000,2024-02-15 22:10:06.000,2024-02-15 22:10:06.000,722855968.0,5378211.0,1468030949,-110.0,94
892415,22,2024-02-15 22:20:03,OPMC_LIFT,1271960000.0,230,231,233,4,0,4,49.98,0.8646999999999999,2024-02-15 22:20:03.000,2024-02-15 22:20:03.000,2024-02-15 22:20:03.000,722856883.0,5378611.0,1468033819,-123.0,94
892509,22,2024-02-15 22:50:03,OPMC_LIFT,1271960000.0,228,229,231,4,0,4,50.11,0.8694999999999999,2024-02-15 22:50:06.000,2024-02-15 22:50:06.000,2024-02-15 22:50:06.000,722859632.0,5379811.0,1468042456,-111.0,94
892621,22,2024-02-15 23:30:03,OPMC_LIFT,1271970000.0,229,229,231,4,0,4,49.99,0.8690999999999999,2024-02-15 23:30:12.000,2024-02-15 23:30:12.000,2024-02-15 23:30:12.000,722863232.0,5381408.0,1468053809,-112.0,94
892647,22,2024-02-15 23:40:03,OPMC_LIFT,1271980000.0,229,229,232,4,0,4,50.0,0.8689999999999999,2024-02-15 23:40:09.000,2024-02-15 23:40:09.000,2024-02-15 23:40:09.000,722864131.0,5381805.0,1468056648,-111.0,94
892730,22,2024-02-16 00:10:03,OPMC_LIFT,1271980000.0,230,230,232,4,0,4,49.93,0.8665999999999999,2024-02-16 00:10:11.000,2024-02-16 00:10:11.000,2024-02-16 00:10:11.000,722866851.0,5383005.0,1468065211,-111.0,94
892750,22,2024-02-16 00:20:03,OPMC_LIFT,1271990000.0,230,230,232,4,0,4,50.06,0.8689999999999999,2024-02-16 00:20:06.000,2024-02-16 00:20:06.000,2024-02-16 00:20:06.000,722867760.0,5383402.0,1468068075,-123.0,94
892782,22,2024-02-16 00:30:03,OPMC_LIFT,1271990000.0,230,230,232,4,0,4,49.97,0.8682,2024-02-16 00:30:08.000,2024-02-16 00:30:08.000,2024-02-16 00:30:08.000,722868672.0,5383802.0,1468070939,-111.0,94
892837,22,2024-02-16 00:50:03,OPMC_LIFT,1271990000.0,230,230,232,4,0,4,50.06,0.8682,2024-02-16 00:50:08.000,2024-02-16 00:50:08.000,2024-02-16 00:50:08.000,722870496.0,5384602.0,1468076670,-109.0,94
892863,22,2024-02-16 01:00:03,OPMC_LIFT,1272000000.0,230,231,233,4,0,4,50.06,0.8647999999999999,2024-02-16 01:00:08.000,2024-02-16 01:00:08.000,2024-02-16 01:00:08.000,722871405.0,5384998.0,1468079537,-109.0,94
892944,22,2024-02-16 01:30:03,OPMC_LIFT,1272000000.0,230,231,233,4,0,4,50.02,0.8670999999999999,2024-02-16 01:30:06.000,2024-02-16 01:30:06.000,2024-02-16 01:30:06.000,722874144.0,5386198.0,1468088145,-112.0,94
892973,22,2024-02-16 01:40:03,OPMC_LIFT,1272010000.0,230,231,233,4,0,4,50.08,0.8644,2024-02-16 01:40:04.000,2024-02-16 01:40:04.000,2024-02-16 01:40:04.000,722875059.0,5386598.0,1468091019,-121.0,94
893053,22,2024-02-16 02:10:03,OPMC_LIFT,1272010000.0,230,231,233,4,0,4,50.04,0.8678999999999999,2024-02-16 02:10:05.000,2024-02-16 02:10:05.000,2024-02-16 02:10:05.000,722877821.0,5387795.0,1468099681,-97.0,94
893111,22,2024-02-16 02:30:03,OPMC_LIFT,1272020000.0,229,229,231,4,0,4,50.04,0.8666999999999999,2024-02-16 02:30:05.000,2024-02-16 02:30:05.000,2024-02-16 02:30:05.000,722879651.0,5388595.0,1468105429,-109.0,94
893123,22,2024-02-16 02:38:55,OPMC_LIFT,1272020000.0,229,229,231,4,0,4,49.98,0.8686999999999999,2024-02-16 02:39:04.000,2024-02-16 02:39:04.000,2024-02-16 02:39:04.000,722880448.0,5388950.0,1468107953,-114.0,94
893142,22,2024-02-16 02:40:03,OPMC_LIFT,1272020000.0,229,229,231,4,0,4,49.95,0.8678999999999999,2024-02-16 02:40:07.000,2024-02-16 02:40:07.000,2024-02-16 02:40:07.000,722880550.0,5388995.0,1468108273,-113.0,94
893178,22,2024-02-16 02:50:03,OPMC_LIFT,1272020000.0,229,230,231,4,0,4,50.02,0.8659999999999999,2024-02-16 02:50:11.000,2024-02-16 02:50:11.000,2024-02-16 02:50:11.000,722881453.0,5389395.0,1468111118,-107.0,94
893201,22,2024-02-16 03:00:03,OPMC_LIFT,1272030000.0,229,230,232,4,0,4,50.07,0.8672,2024-02-16 03:00:09.000,2024-02-16 03:00:09.000,2024-02-16 03:00:09.000,722882358.0,5389795.0,1468113966,-109.0,94
893227,22,2024-02-16 03:10:03,OPMC_LIFT,1272030000.0,229,230,232,4,0,4,50.04,0.8704999999999999,2024-02-16 03:10:09.000,2024-02-16 03:10:09.000,2024-02-16 03:10:09.000,722883264.0,5390192.0,1468116821,-112.0,94
893362,22,2024-02-16 04:00:03,OPMC_LIFT,1272040000.0,230,231,232,4,0,4,50.08,0.8692,2024-02-16 04:00:09.000,2024-02-16 04:00:09.000,2024-02-16 04:00:09.000,722887811.0,5392189.0,1468131121,-113.0,94
893388,22,2024-02-16 04:10:03,OPMC_LIFT,1272040000.0,230,230,232,4,0,4,50.04,0.8659999999999999,2024-02-16 04:10:10.000,2024-02-16 04:10:10.000,2024-02-16 04:10:10.000,722888723.0,5392589.0,1468133985,-109.0,94
893411,22,2024-02-16 04:20:03,OPMC_LIFT,1272050000.0,230,230,232,4,0,4,50.04,0.8643,2024-02-16 04:20:04.000,2024-02-16 04:20:04.000,2024-02-16 04:20:04.000,722889632.0,5392989.0,1468136843,-105.0,94
893442,22,2024-02-16 04:30:03,OPMC_LIFT,1272050000.0,230,230,232,4,0,4,50.03,0.8695999999999999,2024-02-16 04:30:08.000,2024-02-16 04:30:08.000,2024-02-16 04:30:08.000,722890541.0,5393389.0,1468139704,-115.0,94
893489,22,2024-02-16 04:50:03,OPMC_LIFT,1272050000.0,229,230,232,4,0,4,50.06,0.8676999999999999,2024-02-16 04:50:05.000,2024-02-16 04:50:05.000,2024-02-16 04:50:05.000,722892355.0,5394189.0,1468145419,-109.0,94
893522,22,2024-02-16 05:00:03,OPMC_LIFT,1272060000.0,229,230,231,4,0,4,50.0,0.8685999999999999,2024-02-16 05:00:08.000,2024-02-16 05:00:08.000,2024-02-16 05:00:08.000,722893261.0,5394586.0,1468148267,-121.0,94
893551,22,2024-02-16 05:10:03,OPMC_LIFT,1272060000.0,228,229,231,4,0,4,49.97,0.8686999999999999,2024-02-16 05:10:06.000,2024-02-16 05:10:06.000,2024-02-16 05:10:06.000,722894160.0,5394986.0,1468151099,-113.0,94
893607,22,2024-02-16 05:30:03,OPMC_LIFT,1272060000.0,227,228,230,4,0,4,49.95,0.8662,2024-02-16 05:30:11.000,2024-02-16 05:30:11.000,2024-02-16 05:30:11.000,722895942.0,5395782.0,1468156731,-109.0,94
893632,22,2024-02-16 05:40:03,OPMC_LIFT,1272070000.0,227,228,230,4,0,4,49.98,0.8665999999999999,2024-02-16 05:40:08.000,2024-02-16 05:40:08.000,2024-02-16 05:40:08.000,722896826.0,5396179.0,1468159534,-124.0,94
893655,22,2024-02-16 05:50:03,OPMC_LIFT,1272070000.0,227,227,229,4,0,4,49.97,0.8642,2024-02-16 05:50:10.000,2024-02-16 05:50:10.000,2024-02-16 05:50:10.000,722897709.0,5396579.0,1468162328,-115.0,94
893713,22,2024-02-16 06:10:03,OPMC_LIFT,1272070000.0,226,227,228,4,0,4,50.03,0.8693,2024-02-16 06:10:08.000,2024-02-16 06:10:08.000,2024-02-16 06:10:08.000,722899459.0,5397376.0,1468167886,-107.0,94
893741,22,2024-02-16 06:20:03,OPMC_LIFT,1272080000.0,225,226,228,4,0,4,50.04,0.8669999999999999,2024-02-16 06:20:06.000,2024-02-16 06:20:06.000,2024-02-16 06:20:06.000,722900326.0,5397773.0,1468170645,-121.0,94
893831,22,2024-02-16 06:50:03,OPMC_LIFT,1272080000.0,227,228,230,4,0,4,50.06,0.8689999999999999,2024-02-16 06:50:09.000,2024-02-16 06:50:09.000,2024-02-16 06:50:09.000,722902944.0,5398970.0,1468178965,-109.0,94
893858,22,2024-02-16 07:00:03,OPMC_LIFT,1272090000.0,227,228,229,4,0,4,50.07,0.8707999999999999,2024-02-16 07:00:07.000,2024-02-16 07:00:07.000,2024-02-16 07:00:07.000,722903824.0,5399373.0,1468181758,-107.0,94
893933,22,2024-02-16 07:30:03,OPMC_LIFT,1272090000.0,225,226,227,4,0,4,49.99,0.8665999999999999,2024-02-16 07:30:09.000,2024-02-16 07:30:09.000,2024-02-16 07:30:09.000,722906419.0,5400563.0,1468190011,-109.0,94
893955,22,2024-02-16 07:40:03,OPMC_LIFT,1272100000.0,224,225,226,4,0,3,50.02,0.8704,2024-02-16 07:40:04.000,2024-02-16 07:40:04.000,2024-02-16 07:40:04.000,722907274.0,5400960.0,1468192728,-109.0,94
894010,22,2024-02-16 08:00:03,OPMC_LIFT,1272100000.0,226,227,228,4,0,4,50.02,0.8660999999999999,2024-02-16 08:00:08.000,2024-02-16 08:00:08.000,2024-02-16 08:00:08.000,722908989.0,5401754.0,1468198184,-111.0,94
894034,22,2024-02-16 08:10:03,OPMC_LIFT,1272100000.0,225,226,227,4,0,4,49.97,0.8704,2024-02-16 08:10:08.000,2024-02-16 08:10:08.000,2024-02-16 08:10:08.000,722909856.0,5402150.0,1468200933,-109.0,94
894059,22,2024-02-16 08:20:03,OPMC_LIFT,1272100000.0,224,225,226,4,0,4,50.03,0.8687999999999999,2024-02-16 08:20:06.000,2024-02-16 08:20:06.000,2024-02-16 08:20:06.000,722910710.0,5402547.0,1468203653,-121.0,94
894158,22,2024-02-16 09:00:03,OPMC_LIFT,1272830000.0,219,221,223,350,371,374,50.03,0.8716999999999999,2024-02-16 09:00:08.000,2024-02-16 09:00:08.000,2024-02-16 09:00:08.000,723327520.0,5403200.0,1469042053,-110.0,94
894244,22,2024-02-16 09:30:02,OPMC_LIFT,1273860000.0,220,223,224,337,359,361,50.03,0.8665999999999999,2024-02-16 09:30:07.000,2024-02-16 09:30:07.000,2024-02-16 09:30:07.000,723910957.0,5403200.0,1470225656,-109.0,94
894320,22,2024-02-16 10:00:02,OPMC_LIFT,1274870000.0,220,222,224,335,355,358,49.99,0.8678999999999999,2024-02-16 10:00:07.000,2024-02-16 10:00:07.000,2024-02-16 10:00:07.000,724491277.0,5403200.0,1471392513,-111.0,94
894349,22,2024-02-16 10:10:03,OPMC_LIFT,1275210000.0,219,222,223,338,359,361,50.03,0.8692,2024-02-16 10:10:10.000,2024-02-16 10:10:10.000,2024-02-16 10:10:10.000,724685389.0,5403200.0,1471786168,-108.0,94
894377,22,2024-02-16 10:20:03,OPMC_LIFT,1275550000.0,219,222,223,328,348,350,50.0,0.8667999999999999,2024-02-16 10:20:08.000,2024-02-16 10:20:08.000,2024-02-16 10:20:08.000,724876861.0,5403200.0,1472173416,-109.0,94
894528,22,2024-02-16 11:20:03,OPMC_LIFT,1277520000.0,221,223,224,326,345,347,49.99,0.8634999999999999,2024-02-16 11:20:07.000,2024-02-16 11:20:07.000,2024-02-16 11:20:07.000,726012563.0,5403200.0,1474449416,-103.0,94
894680,22,2024-02-16 12:20:03,OPMC_LIFT,1279040000.0,225,226,228,186,190,197,49.97,0.8689999999999999,2024-02-16 12:20:09.000,2024-02-16 12:20:09.000,2024-02-16 12:20:09.000,726902630.0,5403200.0,1476210910,-109.0,94
894762,22,2024-02-16 12:50:03,OPMC_LIFT,1279610000.0,224,226,227,189,194,200,49.97,0.8703,2024-02-16 12:50:10.000,2024-02-16 12:50:10.000,2024-02-16 12:50:10.000,727225088.0,5403200.0,1476863857,-111.0,94
894834,22,2024-02-16 13:20:03,OPMC_LIFT,1280180000.0,222,223,225,194,199,204,50.06,0.8760999999999999,2024-02-16 13:20:10.000,2024-02-16 13:20:10.000,2024-02-16 13:20:10.000,727545014.0,5403200.0,1477523915,-105.0,94
894988,22,2024-02-16 14:20:03,OPMC_LIFT,1281360000.0,221,223,224,198,204,209,50.03,0.8788999999999999,2024-02-16 14:20:09.000,2024-02-16 14:20:09.000,2024-02-16 14:20:09.000,728186474.0,5403200.0,1478862549,-109.0,94
895015,22,2024-02-16 14:30:03,OPMC_LIFT,1281550000.0,221,223,224,193,199,204,50.06,0.8775,2024-02-16 14:30:09.000,2024-02-16 14:30:09.000,2024-02-16 14:30:09.000,728293354.0,5403200.0,1479086302,-114.0,94
895071,22,2024-02-16 14:50:03,OPMC_LIFT,1281940000.0,221,223,224,193,198,203,50.05,0.8770999999999999,2024-02-16 14:50:08.000,2024-02-16 14:50:08.000,2024-02-16 14:50:08.000,728505526.0,5403200.0,1479528712,-108.0,94
895103,22,2024-02-16 15:00:03,OPMC_LIFT,1282140000.0,221,223,224,194,199,204,50.04,0.8767999999999999,2024-02-16 15:00:08.000,2024-02-16 15:00:08.000,2024-02-16 15:00:08.000,728611549.0,5403200.0,1479750065,-114.0,94
895152,22,2024-02-16 15:20:03,OPMC_LIFT,1282530000.0,222,223,224,195,200,205,49.97,0.8759999999999999,2024-02-16 15:20:04.000,2024-02-16 15:20:04.000,2024-02-16 15:20:04.000,728825059.0,5403200.0,1480194587,-109.0,94
895265,22,2024-02-16 16:00:03,OPMC_LIFT,1282820000.0,226,227,228,3,0,0,50.05,0.0,2024-02-16 16:00:03.000,2024-02-16 16:00:03.000,2024-02-16 16:00:03.000,728985466.0,5403200.0,1480527230,-110.0,94
895355,22,2024-02-16 16:30:03,OPMC_LIFT,1282820000.0,227,228,229,4,0,4,50.01,0.8686999999999999,2024-02-16 16:30:05.000,2024-02-16 16:30:05.000,2024-02-16 16:30:05.000,728988000.0,5404112.0,1480534398,-112.0,94
895385,22,2024-02-16 16:40:03,OPMC_LIFT,1282830000.0,228,229,230,4,0,4,50.05,0.8700999999999999,2024-02-16 16:40:07.000,2024-02-16 16:40:07.000,2024-02-16 16:40:07.000,728988890.0,5404509.0,1480537205,-106.0,94
895410,22,2024-02-16 16:50:03,OPMC_LIFT,1282830000.0,229,230,231,4,0,4,50.09,0.8663,2024-02-16 16:50:10.000,2024-02-16 16:50:10.000,2024-02-16 16:50:10.000,728989789.0,5404909.0,1480540030,-108.0,94
