id_id,id_n_id,id_time,id_meter_id,id_stand_energy_kirim,id_v1,id_v2,id_v3,id_i1,id_i2,id_i3,id_frequency,id_power_factor,id_create_date,updated_at,created_at,reactive_energy_import,reactive_energy_export,apparent_energy_import,rssi,lokasi
3113371,37,2025-01-01 00:20:03,WITEL_AHU_L8,31584800.0,229,229,231,0,0,0,49.96,1.0,2025-01-01 00:19:09.000,2025-01-01 00:19:09.000,2025-01-01 00:19:09.000,43315152.0,25627.0,54776845,-117.0,92
3113441,37,2025-01-01 00:30:03,WITEL_AHU_L8,31584800.0,229,229,231,0,0,0,50.04,1.0,2025-01-01 00:29:19.000,2025-01-01 00:29:19.000,2025-01-01 00:29:19.000,43315152.0,25627.0,54776845,-100.0,92
3116064,37,2025-01-01 11:40:03,WITEL_AHU_L8,31584800.0,228,228,230,0,0,0,50.01,1.0,2025-01-01 11:39:17.000,2025-01-01 11:39:17.000,2025-01-01 11:39:17.000,43315152.0,25627.0,54776845,-121.0,92
3116156,37,2025-01-01 11:50:03,WITEL_AHU_L8,31584800.0,228,228,230,0,0,0,50.0,1.0,2025-01-01 11:49:20.000,2025-01-01 11:49:20.000,2025-01-01 11:49:20.000,43315152.0,25627.0,54776845,-107.0,92
3116216,37,2025-01-01 12:00:03,WITEL_AHU_L8,31584800.0,228,228,230,0,0,0,49.94,1.0,2025-01-01 11:59:07.000,2025-01-01 11:59:07.000,2025-01-01 11:59:07.000,43315152.0,25627.0,54776845,-120.0,92
3116328,37,2025-01-01 12:10:03,WITEL_AHU_L8,31584800.0,228,228,230,0,0,0,50.01,1.0,2025-01-01 12:09:11.000,2025-01-01 12:09:11.000,2025-01-01 12:09:11.000,43315152.0,25627.0,54776845,-107.0,92
3116444,37,2025-01-01 12:20:03,WITEL_AHU_L8,31584800.0,228,228,230,0,0,0,50.02,1.0,2025-01-01 12:19:18.000,2025-01-01 12:19:18.000,2025-01-01 12:19:18.000,43315152.0,25627.0,54776845,-119.0,92
3116500,37,2025-01-01 12:30:03,WITEL_AHU_L8,31584800.0,228,228,230,0,0,0,50.02,1.0,2025-01-01 12:29:07.000,2025-01-01 12:29:07.000,2025-01-01 12:29:07.000,43315152.0,25627.0,54776845,-102.0,92
3116724,37,2025-01-01 12:50:03,WITEL_AHU_L8,31584800.0,228,228,230,0,0,0,50.02,1.0,2025-01-01 12:49:22.000,2025-01-01 12:49:22.000,2025-01-01 12:49:22.000,43315152.0,25627.0,54776845,-117.0,92
3116764,37,2025-01-01 13:00:03,WITEL_AHU_L8,31584800.0,228,228,230,0,0,0,50.03,1.0,2025-01-01 12:59:08.000,2025-01-01 12:59:08.000,2025-01-01 12:59:08.000,43315152.0,25627.0,54776845,-121.0,92
3116888,37,2025-01-01 13:10:03,WITEL_AHU_L8,31584800.0,228,228,230,0,0,0,49.95,1.0,2025-01-01 13:09:27.000,2025-01-01 13:09:27.000,2025-01-01 13:09:27.000,43315152.0,25627.0,54776845,-117.0,92
3117032,37,2025-01-01 13:30:03,WITEL_AHU_L8,31584800.0,228,228,230,0,0,0,50.02,1.0,2025-01-01 13:29:16.000,2025-01-01 13:29:16.000,2025-01-01 13:29:16.000,43315152.0,25627.0,54776845,-117.0,92
3117092,37,2025-01-01 13:40:03,WITEL_AHU_L8,31584800.0,228,228,230,0,0,0,50.04,1.0,2025-01-01 13:39:07.000,2025-01-01 13:39:07.000,2025-01-01 13:39:07.000,43315152.0,25627.0,54776845,-101.0,92
3117204,37,2025-01-01 13:50:03,WITEL_AHU_L8,31584800.0,228,228,230,0,0,0,50.05,1.0,2025-01-01 13:49:19.000,2025-01-01 13:49:19.000,2025-01-01 13:49:19.000,43315152.0,25627.0,54776845,-114.0,92
3117392,37,2025-01-01 14:10:03,WITEL_AHU_L8,31584800.0,228,228,230,0,0,0,50.05,1.0,2025-01-01 14:09:23.000,2025-01-01 14:09:23.000,2025-01-01 14:09:23.000,43315152.0,25627.0,54776845,-117.0,92
3117452,37,2025-01-01 14:20:03,WITEL_AHU_L8,31584800.0,228,228,230,0,0,0,49.97,1.0,2025-01-01 14:19:16.000,2025-01-01 14:19:16.000,2025-01-01 14:19:16.000,43315152.0,25627.0,54776845,-117.0,92
3117536,37,2025-01-01 14:30:03,WITEL_AHU_L8,31584800.0,228,228,230,0,0,0,50.0,1.0,2025-01-01 14:29:18.000,2025-01-01 14:29:18.000,2025-01-01 14:29:18.000,43315152.0,25627.0,54776845,-117.0,92
3117644,37,2025-01-01 14:40:02,WITEL_AHU_L8,31584800.0,228,228,230,0,0,0,50.02,1.0,2025-01-01 14:39:18.000,2025-01-01 14:39:18.000,2025-01-01 14:39:18.000,43315152.0,25627.0,54776845,-121.0,92
3117700,37,2025-01-01 14:50:03,WITEL_AHU_L8,31584800.0,228,228,230,0,0,0,49.94,1.0,2025-01-01 14:49:08.000,2025-01-01 14:49:08.000,2025-01-01 14:49:08.000,43315152.0,25627.0,54776845,-115.0,92
3117824,37,2025-01-01 15:00:03,WITEL_AHU_L8,31584800.0,229,228,230,0,0,0,50.05,1.0,2025-01-01 14:59:21.000,2025-01-01 14:59:21.000,2025-01-01 14:59:21.000,43315152.0,25627.0,54776845,-119.0,92
3117872,37,2025-01-01 15:10:03,WITEL_AHU_L8,31584800.0,228,228,230,0,0,0,49.95,1.0,2025-01-01 15:09:08.000,2025-01-01 15:09:08.000,2025-01-01 15:09:08.000,43315152.0,25627.0,54776845,-118.0,92
3118057,37,2025-01-01 15:50:03,WITEL_AHU_L8,31584800.0,228,228,230,0,0,0,50.01,1.0,2025-01-01 15:49:08.000,2025-01-01 15:49:08.000,2025-01-01 15:49:08.000,43315152.0,25627.0,54776845,-119.0,92
3118227,37,2025-01-01 16:00:03,WITEL_AHU_L8,31584800.0,228,228,230,0,0,0,50.02,1.0,2025-01-01 15:59:23.000,2025-01-01 15:59:23.000,2025-01-01 15:59:23.000,43315152.0,25627.0,54776845,-102.0,92
3118292,37,2025-01-01 16:10:03,WITEL_AHU_L8,31584800.0,229,228,230,0,0,0,50.0,1.0,2025-01-01 16:09:12.000,2025-01-01 16:09:12.000,2025-01-01 16:09:12.000,43315152.0,25627.0,54776845,-120.0,92
3118417,37,2025-01-01 16:20:03,WITEL_AHU_L8,31584800.0,228,228,230,0,0,0,50.03,1.0,2025-01-01 16:19:17.000,2025-01-01 16:19:17.000,2025-01-01 16:19:17.000,43315152.0,25627.0,54776845,-101.0,92
3118517,37,2025-01-01 16:30:03,WITEL_AHU_L8,31584800.0,228,228,230,0,0,0,50.05,1.0,2025-01-01 16:29:23.000,2025-01-01 16:29:23.000,2025-01-01 16:29:23.000,43315152.0,25627.0,54776845,-120.0,92
3118612,37,2025-01-01 16:40:03,WITEL_AHU_L8,31584800.0,228,228,230,0,0,0,50.01,1.0,2025-01-01 16:39:12.000,2025-01-01 16:39:12.000,2025-01-01 16:39:12.000,43315152.0,25627.0,54776845,-102.0,92
3118832,37,2025-01-01 16:51:25,WITEL_AHU_L8,31584800.0,228,228,230,0,0,0,50.05,1.0,2025-01-01 16:50:29.000,2025-01-01 16:50:29.000,2025-01-01 16:50:29.000,43315152.0,25627.0,54776845,-102.0,92
3118961,37,2025-01-01 17:30:03,WITEL_AHU_L8,31584800.0,228,228,230,0,0,0,50.06,1.0,2025-01-01 17:29:17.000,2025-01-01 17:29:17.000,2025-01-01 17:29:17.000,43315152.0,25627.0,54776845,-116.0,92
3119281,37,2025-01-01 17:50:03,WITEL_AHU_L8,31584800.0,228,227,229,0,0,0,50.05,1.0,2025-01-01 17:49:10.000,2025-01-01 17:49:10.000,2025-01-01 17:49:10.000,43315152.0,25627.0,54776845,-118.0,92
3119673,37,2025-01-01 18:10:03,WITEL_AHU_L8,31584800.0,227,227,229,0,0,0,49.99,1.0,2025-01-01 18:09:08.000,2025-01-01 18:09:08.000,2025-01-01 18:09:08.000,43315152.0,25627.0,54776845,-102.0,92
3119945,37,2025-01-01 18:20:03,WITEL_AHU_L8,31584800.0,228,227,229,0,0,0,50.03,1.0,2025-01-01 18:19:20.000,2025-01-01 18:19:20.000,2025-01-01 18:19:20.000,43315152.0,25627.0,54776845,-111.0,92
3120415,37,2025-01-01 19:00:03,WITEL_AHU_L8,31584800.0,228,227,229,0,0,0,50.06,1.0,2025-01-01 18:59:21.000,2025-01-01 18:59:21.000,2025-01-01 18:59:21.000,43315152.0,25627.0,54776845,-109.0,92
3120921,37,2025-01-01 19:20:03,WITEL_AHU_L8,31584800.0,228,227,229,0,0,0,50.02,1.0,2025-01-01 19:19:19.000,2025-01-01 19:19:19.000,2025-01-01 19:19:19.000,43315152.0,25627.0,54776845,-119.0,92
3121207,37,2025-01-01 19:30:03,WITEL_AHU_L8,31584800.0,228,228,230,0,0,0,50.05,1.0,2025-01-01 19:29:22.000,2025-01-01 19:29:22.000,2025-01-01 19:29:22.000,43315152.0,25627.0,54776845,-109.0,92
3121482,37,2025-01-01 19:40:03,WITEL_AHU_L8,31584800.0,228,227,230,0,0,0,50.0,1.0,2025-01-01 19:39:21.000,2025-01-01 19:39:21.000,2025-01-01 19:39:21.000,43315152.0,25627.0,54776845,-119.0,92
3121862,37,2025-01-01 22:10:03,WITEL_AHU_L8,31584800.0,231,231,233,0,0,0,50.02,1.0,2025-01-01 22:09:11.000,2025-01-01 22:09:11.000,2025-01-01 22:09:11.000,43315152.0,25627.0,54776845,-99.0,92
3122462,37,2025-01-01 22:30:02,WITEL_AHU_L8,31584800.0,231,231,233,0,0,0,49.96,1.0,2025-01-01 22:29:21.000,2025-01-01 22:29:21.000,2025-01-01 22:29:21.000,43315152.0,25627.0,54776845,-105.0,92
3122762,37,2025-01-01 22:40:02,WITEL_AHU_L8,31584800.0,228,228,230,0,0,0,49.99,1.0,2025-01-01 22:39:24.000,2025-01-01 22:39:24.000,2025-01-01 22:39:24.000,43315152.0,25627.0,54776845,-119.0,92
3123014,37,2025-01-01 22:50:03,WITEL_AHU_L8,31584800.0,228,228,230,0,0,0,50.03,1.0,2025-01-01 22:49:18.000,2025-01-01 22:49:18.000,2025-01-01 22:49:18.000,43315152.0,25627.0,54776845,-119.0,92
3123194,37,2025-01-01 23:00:03,WITEL_AHU_L8,31584800.0,228,228,230,0,0,0,50.0,1.0,2025-01-01 22:59:08.000,2025-01-01 22:59:08.000,2025-01-01 22:59:08.000,43315152.0,25627.0,54776845,-117.0,92
3123506,37,2025-01-01 23:10:03,WITEL_AHU_L8,31584800.0,228,228,230,0,0,0,50.06,1.0,2025-01-01 23:09:20.000,2025-01-01 23:09:20.000,2025-01-01 23:09:20.000,43315152.0,25627.0,54776845,-99.0,92
3123746,37,2025-01-01 23:20:03,WITEL_AHU_L8,31584800.0,228,228,230,0,0,0,49.96,1.0,2025-01-01 23:19:13.000,2025-01-01 23:19:13.000,2025-01-01 23:19:13.000,43315152.0,25627.0,54776845,-120.0,92
3124514,37,2025-01-01 23:50:03,WITEL_AHU_L8,31584800.0,229,229,231,0,0,0,50.06,1.0,2025-01-01 23:49:08.000,2025-01-01 23:49:08.000,2025-01-01 23:49:08.000,43315152.0,25627.0,54776845,-117.0,92
3124910,37,2025-01-02 00:00:03,WITEL_AHU_L8,31584800.0,229,229,231,0,0,0,50.0,1.0,2025-01-01 23:59:21.000,2025-01-01 23:59:21.000,2025-01-01 23:59:21.000,43315152.0,25627.0,54776845,-117.0,92
3125210,37,2025-01-02 00:10:03,WITEL_AHU_L8,31584800.0,229,229,231,0,0,0,49.98,1.0,2025-01-02 00:09:27.000,2025-01-02 00:09:27.000,2025-01-02 00:09:27.000,43315152.0,25627.0,54776845,-117.0,92
3125630,37,2025-01-02 00:30:03,WITEL_AHU_L8,31584800.0,229,229,231,0,0,0,50.04,1.0,2025-01-02 00:29:14.000,2025-01-02 00:29:14.000,2025-01-02 00:29:14.000,43315152.0,25627.0,54776845,-117.0,92
3126230,37,2025-01-02 00:47:42,WITEL_AHU_L8,31584800.0,229,229,231,0,0,0,50.06,1.0,2025-01-02 00:46:50.000,2025-01-02 00:46:50.000,2025-01-02 00:46:50.000,43315152.0,25627.0,54776845,-105.0,92
3126386,37,2025-01-02 00:50:03,WITEL_AHU_L8,31584800.0,229,229,231,0,0,0,50.04,1.0,2025-01-02 00:49:06.000,2025-01-02 00:49:06.000,2025-01-02 00:49:06.000,43315152.0,25627.0,54776845,-101.0,92
3126746,37,2025-01-02 01:00:03,WITEL_AHU_L8,31584800.0,229,229,231,0,0,0,50.02,1.0,2025-01-02 00:59:21.000,2025-01-02 00:59:21.000,2025-01-02 00:59:21.000,43315152.0,25627.0,54776845,-102.0,92
3127610,37,2025-01-02 01:30:03,WITEL_AHU_L8,31584800.0,229,229,231,0,0,0,50.03,1.0,2025-01-02 01:30:13.000,2025-01-02 01:30:13.000,2025-01-02 01:30:13.000,43315152.0,25627.0,54776845,-118.0,92
3127886,37,2025-01-02 01:40:03,WITEL_AHU_L8,31584800.0,229,229,231,0,0,0,50.04,1.0,2025-01-02 01:39:19.000,2025-01-02 01:39:19.000,2025-01-02 01:39:19.000,43315152.0,25627.0,54776845,-109.0,92
3128090,37,2025-01-02 01:50:03,WITEL_AHU_L8,31584800.0,229,229,231,0,0,0,50.02,1.0,2025-01-02 01:49:08.000,2025-01-02 01:49:08.000,2025-01-02 01:49:08.000,43315152.0,25627.0,54776845,-119.0,92
3128378,37,2025-01-02 02:00:03,WITEL_AHU_L8,31584800.0,229,229,232,0,0,0,50.04,1.0,2025-01-02 01:59:07.000,2025-01-02 01:59:07.000,2025-01-02 01:59:07.000,43315152.0,25627.0,54776845,-101.0,92
3128666,37,2025-01-02 02:10:03,WITEL_AHU_L8,31584800.0,229,229,232,0,0,0,50.04,1.0,2025-01-02 02:09:07.000,2025-01-02 02:09:07.000,2025-01-02 02:09:07.000,43315152.0,25627.0,54776845,-99.0,92
3129026,37,2025-01-02 02:20:03,WITEL_AHU_L8,31584800.0,230,229,232,0,0,0,50.01,1.0,2025-01-02 02:19:22.000,2025-01-02 02:19:22.000,2025-01-02 02:19:22.000,43315152.0,25627.0,54776845,-99.0,92
3129410,37,2025-01-02 02:40:03,WITEL_AHU_L8,31584800.0,230,230,232,0,0,0,50.05,1.0,2025-01-02 02:39:07.000,2025-01-02 02:39:07.000,2025-01-02 02:39:07.000,43315152.0,25627.0,54776845,-119.0,92
3129842,37,2025-01-02 02:50:03,WITEL_AHU_L8,31584800.0,230,230,232,0,0,0,50.0,1.0,2025-01-02 02:49:27.000,2025-01-02 02:49:27.000,2025-01-02 02:49:27.000,43315152.0,25627.0,54776845,-121.0,92
3130406,37,2025-01-02 03:10:03,WITEL_AHU_L8,31584800.0,230,230,232,0,0,0,50.06,1.0,2025-01-02 03:09:26.000,2025-01-02 03:09:26.000,2025-01-02 03:09:26.000,43315152.0,25627.0,54776845,-93.0,92
3130646,37,2025-01-02 03:20:03,WITEL_AHU_L8,31584800.0,230,230,232,0,0,0,50.08,1.0,2025-01-02 03:19:16.000,2025-01-02 03:19:16.000,2025-01-02 03:19:16.000,43315152.0,25627.0,54776845,-101.0,92
3130862,37,2025-01-02 03:30:03,WITEL_AHU_L8,31584800.0,230,230,232,0,0,0,50.07,1.0,2025-01-02 03:29:13.000,2025-01-02 03:29:13.000,2025-01-02 03:29:13.000,43315152.0,25627.0,54776845,-119.0,92
3131378,37,2025-01-02 03:50:03,WITEL_AHU_L8,31584800.0,230,230,232,0,0,0,50.04,1.0,2025-01-02 03:49:09.000,2025-01-02 03:49:09.000,2025-01-02 03:49:09.000,43315152.0,25627.0,54776845,-118.0,92
3131714,37,2025-01-02 04:00:03,WITEL_AHU_L8,31584800.0,230,230,232,0,0,0,50.05,1.0,2025-01-02 03:59:10.000,2025-01-02 03:59:10.000,2025-01-02 03:59:10.000,43315152.0,25627.0,54776845,-120.0,92
3132062,37,2025-01-02 04:10:03,WITEL_AHU_L8,31584800.0,230,230,232,0,0,0,50.02,1.0,2025-01-02 04:09:19.000,2025-01-02 04:09:19.000,2025-01-02 04:09:19.000,43315152.0,25627.0,54776845,-121.0,92
3132302,37,2025-01-02 04:20:03,WITEL_AHU_L8,31584800.0,230,230,232,0,0,0,50.06,1.0,2025-01-02 04:19:21.000,2025-01-02 04:19:21.000,2025-01-02 04:19:21.000,43315152.0,25627.0,54776845,-120.0,92
3132578,37,2025-01-02 04:30:03,WITEL_AHU_L8,31584800.0,230,230,232,0,0,0,49.98,1.0,2025-01-02 04:29:18.000,2025-01-02 04:29:18.000,2025-01-02 04:29:18.000,43315152.0,25627.0,54776845,-107.0,92
3132890,37,2025-01-02 04:40:03,WITEL_AHU_L8,31584800.0,230,229,232,0,0,0,50.0,1.0,2025-01-02 04:39:24.000,2025-01-02 04:39:24.000,2025-01-02 04:39:24.000,43315152.0,25627.0,54776845,-116.0,92
3133466,37,2025-01-02 05:00:03,WITEL_AHU_L8,31584800.0,229,229,231,0,0,0,50.03,1.0,2025-01-02 04:59:19.000,2025-01-02 04:59:19.000,2025-01-02 04:59:19.000,43315152.0,25627.0,54776845,-115.0,92
3133766,37,2025-01-02 05:10:03,WITEL_AHU_L8,31584800.0,228,228,230,0,0,0,49.95,1.0,2025-01-02 05:09:25.000,2025-01-02 05:09:25.000,2025-01-02 05:09:25.000,43315152.0,25627.0,54776845,-120.0,92
3133922,37,2025-01-02 05:20:03,WITEL_AHU_L8,31584800.0,228,228,230,0,0,0,50.04,1.0,2025-01-02 05:19:05.000,2025-01-02 05:19:05.000,2025-01-02 05:19:05.000,43315152.0,25627.0,54776845,-99.0,92
3134654,37,2025-01-02 05:40:03,WITEL_AHU_L8,31584800.0,228,228,230,0,0,0,50.02,1.0,2025-01-02 05:39:21.000,2025-01-02 05:39:21.000,2025-01-02 05:39:21.000,43315152.0,25627.0,54776845,-115.0,92
3134966,37,2025-01-02 05:50:03,WITEL_AHU_L8,31584800.0,228,227,229,0,0,0,49.97,1.0,2025-01-02 05:49:26.000,2025-01-02 05:49:26.000,2025-01-02 05:49:26.000,43315152.0,25627.0,54776845,-120.0,92
3135278,37,2025-01-02 06:00:03,WITEL_AHU_L8,31584800.0,227,227,229,0,0,0,49.94,1.0,2025-01-02 05:59:20.000,2025-01-02 05:59:20.000,2025-01-02 05:59:20.000,43315152.0,25627.0,54776845,-109.0,92
3136118,37,2025-01-02 06:30:03,WITEL_AHU_L8,31584800.0,225,224,227,0,0,0,50.06,1.0,2025-01-02 06:29:26.000,2025-01-02 06:29:26.000,2025-01-02 06:29:26.000,43315152.0,25627.0,54776845,-119.0,92
3136622,37,2025-01-02 06:50:03,WITEL_AHU_L8,31584800.0,227,226,229,0,0,0,49.96,1.0,2025-01-02 06:49:16.000,2025-01-02 06:49:16.000,2025-01-02 06:49:16.000,43315152.0,25627.0,54776845,-118.0,92
3136898,37,2025-01-02 07:00:03,WITEL_AHU_L8,31584800.0,226,226,228,0,0,0,49.95,1.0,2025-01-02 06:59:15.000,2025-01-02 06:59:15.000,2025-01-02 06:59:15.000,43315152.0,25627.0,54776845,-119.0,92
3137390,37,2025-01-02 07:20:03,WITEL_AHU_L8,31584800.0,226,225,228,0,0,0,50.05,1.0,2025-01-02 07:19:08.000,2025-01-02 07:19:08.000,2025-01-02 07:19:08.000,43315152.0,25627.0,54776845,-119.0,92
3137750,37,2025-01-02 07:30:03,WITEL_AHU_L8,31584800.0,225,224,227,0,0,0,50.04,1.0,2025-01-02 07:29:15.000,2025-01-02 07:29:15.000,2025-01-02 07:29:15.000,43315152.0,25627.0,54776845,-117.0,92
3138374,37,2025-01-02 07:50:03,WITEL_AHU_L8,31584800.0,227,226,229,0,0,0,50.03,1.0,2025-01-02 07:49:27.000,2025-01-02 07:49:27.000,2025-01-02 07:49:27.000,43315152.0,25627.0,54776845,-121.0,92
3138890,37,2025-01-02 08:10:03,WITEL_AHU_L8,31584800.0,227,226,229,0,0,0,50.1,1.0,2025-01-02 08:09:13.000,2025-01-02 08:09:13.000,2025-01-02 08:09:13.000,43315152.0,25627.0,54776845,-107.0,92
3139130,37,2025-01-02 08:20:03,WITEL_AHU_L8,31584800.0,226,225,228,0,0,0,50.02,1.0,2025-01-02 08:19:05.000,2025-01-02 08:19:05.000,2025-01-02 08:19:05.000,43315152.0,25627.0,54776845,-99.0,92
3139466,37,2025-01-02 08:30:02,WITEL_AHU_L8,31584800.0,226,226,228,0,0,0,50.04,1.0,2025-01-02 08:29:12.000,2025-01-02 08:29:12.000,2025-01-02 08:29:12.000,43315152.0,25627.0,54776845,-119.0,92
3152774,37,2025-01-02 16:50:44,WITEL_AHU_L8,31584800.0,229,229,231,0,0,0,50.01,1.0,2025-01-02 16:50:03.000,2025-01-02 16:50:03.000,2025-01-02 16:50:03.000,43315152.0,25627.0,54776845,-99.0,92
3153086,37,2025-01-02 17:00:03,WITEL_AHU_L8,31584800.0,226,226,228,0,0,0,49.95,1.0,2025-01-02 16:59:14.000,2025-01-02 16:59:14.000,2025-01-02 16:59:14.000,43315152.0,25627.0,54776845,-104.0,92
3153338,37,2025-01-02 17:10:03,WITEL_AHU_L8,31584800.0,227,226,229,0,0,0,50.02,1.0,2025-01-02 17:09:13.000,2025-01-02 17:09:13.000,2025-01-02 17:09:13.000,43315152.0,25627.0,54776845,-97.0,92
3153602,37,2025-01-02 17:20:03,WITEL_AHU_L8,31584800.0,228,227,229,0,0,0,49.96,1.0,2025-01-02 17:19:07.000,2025-01-02 17:19:07.000,2025-01-02 17:19:07.000,43315152.0,25627.0,54776845,-115.0,92
3153926,37,2025-01-02 17:30:03,WITEL_AHU_L8,31584800.0,228,227,230,0,0,0,50.02,1.0,2025-01-02 17:29:16.000,2025-01-02 17:29:16.000,2025-01-02 17:29:16.000,43315152.0,25627.0,54776845,-118.0,92
3154250,37,2025-01-02 17:40:03,WITEL_AHU_L8,31584800.0,229,228,230,0,0,0,50.05,1.0,2025-01-02 17:39:22.000,2025-01-02 17:39:22.000,2025-01-02 17:39:22.000,43315152.0,25627.0,54776845,-118.0,92
3154514,37,2025-01-02 17:50:03,WITEL_AHU_L8,31584800.0,229,228,231,0,0,0,50.02,1.0,2025-01-02 17:49:17.000,2025-01-02 17:49:17.000,2025-01-02 17:49:17.000,43315152.0,25627.0,54776845,-101.0,92
3155186,37,2025-01-02 18:10:03,WITEL_AHU_L8,31584800.0,230,230,232,0,0,0,49.98,1.0,2025-01-02 18:09:25.000,2025-01-02 18:09:25.000,2025-01-02 18:09:25.000,43315152.0,25627.0,54776845,-101.0,92
3155678,37,2025-01-02 18:30:03,WITEL_AHU_L8,31584800.0,230,229,232,0,0,0,50.0,1.0,2025-01-02 18:29:07.000,2025-01-02 18:29:07.000,2025-01-02 18:29:07.000,43315152.0,25627.0,54776845,-100.0,92
3156026,37,2025-01-02 18:40:03,WITEL_AHU_L8,31584800.0,230,229,232,0,0,0,50.03,1.0,2025-01-02 18:39:10.000,2025-01-02 18:39:10.000,2025-01-02 18:39:10.000,43315152.0,25627.0,54776845,-118.0,92
3156278,37,2025-01-02 18:50:03,WITEL_AHU_L8,31584800.0,230,229,232,0,0,0,50.01,1.0,2025-01-02 18:49:07.000,2025-01-02 18:49:07.000,2025-01-02 18:49:07.000,43315152.0,25627.0,54776845,-119.0,92
3156590,37,2025-01-02 19:00:03,WITEL_AHU_L8,31584800.0,227,226,229,0,0,0,49.96,1.0,2025-01-02 18:59:11.000,2025-01-02 18:59:11.000,2025-01-02 18:59:11.000,43315152.0,25627.0,54776845,-119.0,92
3156962,37,2025-01-02 19:10:03,WITEL_AHU_L8,31584800.0,227,226,229,0,0,0,50.0,1.0,2025-01-02 19:09:19.000,2025-01-02 19:09:19.000,2025-01-02 19:09:19.000,43315152.0,25627.0,54776845,-101.0,92
3157166,37,2025-01-02 19:20:03,WITEL_AHU_L8,31584800.0,227,227,229,0,0,0,50.02,1.0,2025-01-02 19:19:10.000,2025-01-02 19:19:10.000,2025-01-02 19:19:10.000,43315152.0,25627.0,54776845,-105.0,92
3157466,37,2025-01-02 19:30:03,WITEL_AHU_L8,31584800.0,227,227,229,0,0,0,50.0,1.0,2025-01-02 19:29:19.000,2025-01-02 19:29:19.000,2025-01-02 19:29:19.000,43315152.0,25627.0,54776845,-101.0,92
3157814,37,2025-01-02 19:40:03,WITEL_AHU_L8,31584800.0,227,226,229,0,0,0,50.03,1.0,2025-01-02 19:39:26.000,2025-01-02 19:39:26.000,2025-01-02 19:39:26.000,43315152.0,25627.0,54776845,-100.0,92
3158522,37,2025-01-02 20:10:03,WITEL_AHU_L8,31584800.0,227,227,229,0,0,0,50.03,1.0,2025-01-02 20:09:06.000,2025-01-02 20:09:06.000,2025-01-02 20:09:06.000,43315152.0,25627.0,54776845,-118.0,92
3158858,37,2025-01-02 20:20:03,WITEL_AHU_L8,31584800.0,228,227,229,0,0,0,50.04,1.0,2025-01-02 20:19:14.000,2025-01-02 20:19:14.000,2025-01-02 20:19:14.000,43315152.0,25627.0,54776845,-103.0,92
3159218,37,2025-01-02 20:30:03,WITEL_AHU_L8,31584800.0,228,227,229,0,0,0,50.02,1.0,2025-01-02 20:29:25.000,2025-01-02 20:29:25.000,2025-01-02 20:29:25.000,43315152.0,25627.0,54776845,-100.0,92
3159722,37,2025-01-02 20:50:03,WITEL_AHU_L8,31584800.0,228,227,230,0,0,0,50.0,1.0,2025-01-02 20:49:04.000,2025-01-02 20:49:04.000,2025-01-02 20:49:04.000,43315152.0,25627.0,54776845,-101.0,92
3160118,37,2025-01-02 21:00:03,WITEL_AHU_L8,31584800.0,228,228,230,0,0,0,50.0,1.0,2025-01-02 20:59:18.000,2025-01-02 20:59:18.000,2025-01-02 20:59:18.000,43315152.0,25627.0,54776845,-102.0,92
3160298,37,2025-01-02 21:10:03,WITEL_AHU_L8,31584800.0,228,228,230,0,0,0,49.96,1.0,2025-01-02 21:09:07.000,2025-01-02 21:09:07.000,2025-01-02 21:09:07.000,43315152.0,25627.0,54776845,-99.0,92
3160694,37,2025-01-02 21:20:03,WITEL_AHU_L8,31584800.0,228,228,230,0,0,0,49.98,1.0,2025-01-02 21:19:18.000,2025-01-02 21:19:18.000,2025-01-02 21:19:18.000,43315152.0,25627.0,54776845,-117.0,92
3160958,37,2025-01-02 21:30:03,WITEL_AHU_L8,31584800.0,229,228,230,0,0,0,50.0,1.0,2025-01-02 21:29:13.000,2025-01-02 21:29:13.000,2025-01-02 21:29:13.000,43315152.0,25627.0,54776845,-119.0,92
3161258,37,2025-01-02 21:40:03,WITEL_AHU_L8,31584800.0,229,229,231,0,0,0,50.0,1.0,2025-01-02 21:39:04.000,2025-01-02 21:39:04.000,2025-01-02 21:39:04.000,43315152.0,25627.0,54776845,-102.0,92
3161846,37,2025-01-02 22:00:03,WITEL_AHU_L8,31584800.0,230,230,232,0,0,0,50.02,1.0,2025-01-02 21:59:04.000,2025-01-02 21:59:04.000,2025-01-02 21:59:04.000,43315152.0,25627.0,54776845,-118.0,92
3162146,37,2025-01-02 22:10:02,WITEL_AHU_L8,31584800.0,230,230,232,0,0,0,50.02,1.0,2025-01-02 22:09:10.000,2025-01-02 22:09:10.000,2025-01-02 22:09:10.000,43315152.0,25627.0,54776845,-101.0,92
3162566,37,2025-01-02 22:20:02,WITEL_AHU_L8,31584800.0,230,230,232,0,0,0,50.04,1.0,2025-01-02 22:19:23.000,2025-01-02 22:19:23.000,2025-01-02 22:19:23.000,43315152.0,25627.0,54776845,-108.0,92
3163034,37,2025-01-02 22:40:02,WITEL_AHU_L8,31584800.0,227,227,229,0,0,0,50.0,1.0,2025-01-02 22:39:07.000,2025-01-02 22:39:07.000,2025-01-02 22:39:07.000,43315152.0,25627.0,54776845,-120.0,92
3163430,37,2025-01-02 22:50:02,WITEL_AHU_L8,31584800.0,227,227,229,0,0,0,50.0,1.0,2025-01-02 22:49:26.000,2025-01-02 22:49:26.000,2025-01-02 22:49:26.000,43315152.0,25627.0,54776845,-100.0,92
3164282,37,2025-01-02 23:20:03,WITEL_AHU_L8,31584800.0,228,228,230,0,0,0,50.04,1.0,2025-01-02 23:19:23.000,2025-01-02 23:19:23.000,2025-01-02 23:19:23.000,43315152.0,25627.0,54776845,-117.0,92
3164510,37,2025-01-02 23:30:03,WITEL_AHU_L8,31584800.0,228,228,230,0,0,0,50.0,1.0,2025-01-02 23:29:12.000,2025-01-02 23:29:12.000,2025-01-02 23:29:12.000,43315152.0,25627.0,54776845,-99.0,92
3164774,37,2025-01-02 23:40:03,WITEL_AHU_L8,31584800.0,228,228,230,0,0,0,49.99,1.0,2025-01-02 23:39:08.000,2025-01-02 23:39:08.000,2025-01-02 23:39:08.000,43315152.0,25627.0,54776845,-105.0,92
3165110,37,2025-01-02 23:50:03,WITEL_AHU_L8,31584800.0,228,228,231,0,0,0,50.02,1.0,2025-01-02 23:49:09.000,2025-01-02 23:49:09.000,2025-01-02 23:49:09.000,43315152.0,25627.0,54776845,-120.0,92
3165770,37,2025-01-03 00:10:03,WITEL_AHU_L8,31584800.0,229,229,231,0,0,0,50.04,1.0,2025-01-03 00:09:20.000,2025-01-03 00:09:20.000,2025-01-03 00:09:20.000,43315152.0,25627.0,54776845,-101.0,92
3165998,37,2025-01-03 00:20:03,WITEL_AHU_L8,31584800.0,229,229,231,0,0,0,50.05,1.0,2025-01-03 00:19:09.000,2025-01-03 00:19:09.000,2025-01-03 00:19:09.000,43315152.0,25627.0,54776845,-119.0,92
3166334,37,2025-01-03 00:30:03,WITEL_AHU_L8,31584800.0,229,229,231,0,0,0,49.96,1.0,2025-01-03 00:29:18.000,2025-01-03 00:29:18.000,2025-01-03 00:29:18.000,43315152.0,25627.0,54776845,-101.0,92
3166550,37,2025-01-03 00:40:03,WITEL_AHU_L8,31584800.0,229,229,231,0,0,0,50.02,1.0,2025-01-03 00:39:06.000,2025-01-03 00:39:06.000,2025-01-03 00:39:06.000,43315152.0,25627.0,54776845,-105.0,92
3166754,37,2025-01-03 00:46:34,WITEL_AHU_L8,31584800.0,229,229,231,0,0,0,49.98,1.0,2025-01-03 00:45:48.000,2025-01-03 00:45:48.000,2025-01-03 00:45:48.000,43315152.0,25627.0,54776845,-119.0,92
3167006,37,2025-01-03 00:50:03,WITEL_AHU_L8,31584800.0,229,229,231,0,0,0,50.01,1.0,2025-01-03 00:49:14.000,2025-01-03 00:49:14.000,2025-01-03 00:49:14.000,43315152.0,25627.0,54776845,-103.0,92
3167822,37,2025-01-03 01:20:03,WITEL_AHU_L8,31584800.0,229,229,231,0,0,0,50.03,1.0,2025-01-03 01:19:23.000,2025-01-03 01:19:23.000,2025-01-03 01:19:23.000,43315152.0,25627.0,54776845,-99.0,92
3168050,37,2025-01-03 01:30:03,WITEL_AHU_L8,31584800.0,229,229,231,0,0,0,49.96,1.0,2025-01-03 01:31:58.000,2025-01-03 01:31:58.000,2025-01-03 01:31:58.000,43315152.0,25627.0,54776845,-103.0,92
3168542,37,2025-01-03 01:50:03,WITEL_AHU_L8,31584800.0,229,229,231,0,0,0,50.01,1.0,2025-01-03 01:49:21.000,2025-01-03 01:49:21.000,2025-01-03 01:49:21.000,43315152.0,25627.0,54776845,-115.0,92
3168698,37,2025-01-03 02:00:03,WITEL_AHU_L8,31584800.0,230,229,232,0,0,0,50.07,1.0,2025-01-03 01:59:12.000,2025-01-03 01:59:12.000,2025-01-03 01:59:12.000,43315152.0,25627.0,54776845,-119.0,92
3169214,37,2025-01-03 02:20:03,WITEL_AHU_L8,31584800.0,230,230,232,0,0,0,50.04,1.0,2025-01-03 02:19:20.000,2025-01-03 02:19:20.000,2025-01-03 02:19:20.000,43315152.0,25627.0,54776845,-99.0,92
3169934,37,2025-01-03 02:50:03,WITEL_AHU_L8,31584800.0,230,230,232,0,0,0,50.07,1.0,2025-01-03 02:49:21.000,2025-01-03 02:49:21.000,2025-01-03 02:49:21.000,43315152.0,25627.0,54776845,-119.0,92
3170414,37,2025-01-03 03:10:03,WITEL_AHU_L8,31584800.0,228,227,230,0,0,0,50.01,1.0,2025-01-03 03:09:20.000,2025-01-03 03:09:20.000,2025-01-03 03:09:20.000,43315152.0,25627.0,54776845,-102.0,92
3170630,37,2025-01-03 03:20:03,WITEL_AHU_L8,31584800.0,228,228,230,0,0,0,49.98,1.0,2025-01-03 03:19:18.000,2025-01-03 03:19:18.000,2025-01-03 03:19:18.000,43315152.0,25627.0,54776845,-97.0,92
3170882,37,2025-01-03 03:30:03,WITEL_AHU_L8,31584800.0,228,227,230,0,0,0,49.99,1.0,2025-01-03 03:29:22.000,2025-01-03 03:29:22.000,2025-01-03 03:29:22.000,43315152.0,25627.0,54776845,-118.0,92
3171446,37,2025-01-03 03:50:03,WITEL_AHU_L8,31584800.0,228,228,230,0,0,0,50.06,1.0,2025-01-03 03:49:23.000,2025-01-03 03:49:23.000,2025-01-03 03:49:23.000,43315152.0,25627.0,54776845,-119.0,92
3171626,37,2025-01-03 04:00:03,WITEL_AHU_L8,31584800.0,228,228,230,0,0,0,50.0,1.0,2025-01-03 03:59:17.000,2025-01-03 03:59:17.000,2025-01-03 03:59:17.000,43315152.0,25627.0,54776845,-116.0,92
3171914,37,2025-01-03 04:10:03,WITEL_AHU_L8,31584800.0,228,228,230,0,0,0,50.0,1.0,2025-01-03 04:09:15.000,2025-01-03 04:09:15.000,2025-01-03 04:09:15.000,43315152.0,25627.0,54776845,-101.0,92
3172382,37,2025-01-03 04:30:03,WITEL_AHU_L8,31584800.0,228,227,230,0,0,0,50.0,1.0,2025-01-03 04:29:07.000,2025-01-03 04:29:07.000,2025-01-03 04:29:07.000,43315152.0,25627.0,54776845,-118.0,92
3172742,37,2025-01-03 04:40:03,WITEL_AHU_L8,31584800.0,228,227,230,0,0,0,50.05,1.0,2025-01-03 04:39:25.000,2025-01-03 04:39:25.000,2025-01-03 04:39:25.000,43315152.0,25627.0,54776845,-119.0,92
3172982,37,2025-01-03 04:50:03,WITEL_AHU_L8,31584800.0,228,227,229,0,0,0,50.05,1.0,2025-01-03 04:49:26.000,2025-01-03 04:49:26.000,2025-01-03 04:49:26.000,43315152.0,25627.0,54776845,-102.0,92
3173366,37,2025-01-03 05:10:03,WITEL_AHU_L8,31584800.0,227,227,229,0,0,0,50.08,1.0,2025-01-03 05:09:05.000,2025-01-03 05:09:05.000,2025-01-03 05:09:05.000,43315152.0,25627.0,54776845,-119.0,92
3173750,37,2025-01-03 05:20:03,WITEL_AHU_L8,31584800.0,226,226,228,0,0,0,49.97,1.0,2025-01-03 05:19:23.000,2025-01-03 05:19:23.000,2025-01-03 05:19:23.000,43315152.0,25627.0,54776845,-97.0,92
3173990,37,2025-01-03 05:30:03,WITEL_AHU_L8,31584800.0,226,226,228,0,0,0,50.03,1.0,2025-01-03 05:29:22.000,2025-01-03 05:29:22.000,2025-01-03 05:29:22.000,43315152.0,25627.0,54776845,-100.0,92
3174434,37,2025-01-03 05:50:03,WITEL_AHU_L8,31584800.0,226,226,228,0,0,0,49.99,1.0,2025-01-03 05:49:15.000,2025-01-03 05:49:15.000,2025-01-03 05:49:15.000,43315152.0,25627.0,54776845,-115.0,92
3175082,37,2025-01-03 06:20:03,WITEL_AHU_L8,31584800.0,228,228,230,0,0,0,50.04,1.0,2025-01-03 06:19:11.000,2025-01-03 06:19:11.000,2025-01-03 06:19:11.000,43315152.0,25627.0,54776845,-121.0,92
3175838,37,2025-01-03 06:50:03,WITEL_AHU_L8,31584800.0,226,226,228,0,0,0,50.03,1.0,2025-01-03 06:49:19.000,2025-01-03 06:49:19.000,2025-01-03 06:49:19.000,43315152.0,25627.0,54776845,-119.0,92
3176474,37,2025-01-03 07:20:03,WITEL_AHU_L8,31584800.0,227,226,228,0,0,0,50.0,1.0,2025-01-03 07:19:07.000,2025-01-03 07:19:07.000,2025-01-03 07:19:07.000,43315152.0,25627.0,54776845,-99.0,92
3177278,37,2025-01-03 07:50:03,WITEL_AHU_L8,31584800.0,226,225,227,0,0,0,50.01,1.0,2025-01-03 07:49:11.000,2025-01-03 07:49:11.000,2025-01-03 07:49:11.000,43315152.0,25627.0,54776845,-116.0,92
3177578,37,2025-01-03 08:00:03,WITEL_AHU_L8,31584800.0,225,224,227,0,0,0,49.98,1.0,2025-01-03 07:59:24.000,2025-01-03 07:59:24.000,2025-01-03 07:59:24.000,43315152.0,25627.0,54776845,-116.0,92
3177794,37,2025-01-03 08:10:03,WITEL_AHU_L8,31584800.0,226,225,228,0,0,0,49.96,1.0,2025-01-03 08:09:16.000,2025-01-03 08:09:16.000,2025-01-03 08:09:16.000,43315152.0,25627.0,54776845,-101.0,92
3178082,37,2025-01-03 08:20:03,WITEL_AHU_L8,31584800.0,224,222,225,0,0,0,50.0,1.0,2025-01-03 08:19:17.000,2025-01-03 08:19:17.000,2025-01-03 08:19:17.000,43315152.0,25627.0,54776845,-98.0,92
3178262,37,2025-01-03 08:30:03,WITEL_AHU_L8,31584800.0,223,222,225,0,0,0,49.97,1.0,2025-01-03 08:29:05.000,2025-01-03 08:29:05.000,2025-01-03 08:29:05.000,43315152.0,25627.0,54776845,-115.0,92
3178526,37,2025-01-03 08:40:03,WITEL_AHU_L8,31584800.0,223,222,224,0,0,0,49.96,1.0,2025-01-03 08:39:16.000,2025-01-03 08:39:16.000,2025-01-03 08:39:16.000,43315152.0,25627.0,54776845,-99.0,92
3178634,37,2025-01-03 08:46:27,WITEL_AHU_L8,31584800.0,222,221,224,0,0,0,49.98,1.0,2025-01-03 08:45:37.000,2025-01-03 08:45:37.000,2025-01-03 08:45:37.000,43315152.0,25627.0,54776845,-118.0,92
3178922,37,2025-01-03 08:50:03,WITEL_AHU_L8,31584800.0,222,221,224,0,0,0,50.01,1.0,2025-01-03 08:49:11.000,2025-01-03 08:49:11.000,2025-01-03 08:49:11.000,43315152.0,25627.0,54776845,-99.0,92
3179150,37,2025-01-03 09:00:03,WITEL_AHU_L8,31584800.0,222,220,223,0,0,0,50.01,1.0,2025-01-03 08:59:06.000,2025-01-03 08:59:06.000,2025-01-03 08:59:06.000,43315152.0,25627.0,54776845,-108.0,92
3179570,37,2025-01-03 09:10:03,WITEL_AHU_L8,31584800.0,225,223,226,0,0,0,50.03,1.0,2025-01-03 09:09:19.000,2025-01-03 09:09:19.000,2025-01-03 09:09:19.000,43315152.0,25627.0,54776845,-99.0,92
3180086,37,2025-01-03 09:30:03,WITEL_AHU_L8,31584800.0,225,224,227,0,0,0,50.09,1.0,2025-01-03 09:29:24.000,2025-01-03 09:29:24.000,2025-01-03 09:29:24.000,43315152.0,25627.0,54776845,-100.0,92
3180242,37,2025-01-03 09:40:03,WITEL_AHU_L8,31584800.0,226,225,228,0,0,0,50.08,1.0,2025-01-03 09:39:09.000,2025-01-03 09:39:09.000,2025-01-03 09:39:09.000,43315152.0,25627.0,54776845,-117.0,92
3180866,37,2025-01-03 10:00:03,WITEL_AHU_L8,31592200.0,224,223,226,11,10,11,50.06,0.5606,2025-01-03 09:59:20.000,2025-01-03 09:59:20.000,2025-01-03 09:59:20.000,43325863.0,25627.0,54789906,-109.0,92
3181046,37,2025-01-03 10:10:03,WITEL_AHU_L8,31599000.0,224,223,226,11,10,12,50.05,0.5678,2025-01-03 10:09:13.000,2025-01-03 10:09:13.000,2025-01-03 10:09:13.000,43335956.0,25627.0,54802148,-119.0,92
3181802,37,2025-01-03 10:40:03,WITEL_AHU_L8,31619600.0,223,222,225,11,10,11,50.02,0.577,2025-01-03 10:39:13.000,2025-01-03 10:39:13.000,2025-01-03 10:39:13.000,43365868.0,25627.0,54838542,-109.0,92
3182066,37,2025-01-03 10:50:03,WITEL_AHU_L8,31626500.0,223,222,225,11,10,11,49.99,0.5670999999999999,2025-01-03 10:49:09.000,2025-01-03 10:49:09.000,2025-01-03 10:49:09.000,43375777.0,25627.0,54850657,-117.0,92
3182294,37,2025-01-03 11:00:03,WITEL_AHU_L8,31633400.0,224,222,225,11,10,11,49.98,0.5738,2025-01-03 10:59:08.000,2025-01-03 10:59:08.000,2025-01-03 10:59:08.000,43385699.0,25627.0,54862794,-112.0,92
3182570,37,2025-01-03 11:10:03,WITEL_AHU_L8,31640300.0,223,222,225,11,10,11,49.97,0.5605,2025-01-03 11:09:09.000,2025-01-03 11:09:09.000,2025-01-03 11:09:09.000,43395621.0,25627.0,54874933,-95.0,92
3182798,37,2025-01-03 11:20:03,WITEL_AHU_L8,31647300.0,224,222,225,11,10,12,50.0,0.5687,2025-01-03 11:19:04.000,2025-01-03 11:19:04.000,2025-01-03 11:19:04.000,43405540.0,25627.0,54887077,-115.0,92
3183158,37,2025-01-03 11:30:03,WITEL_AHU_L8,31654300.0,225,224,227,11,10,12,50.07,0.5672999999999999,2025-01-03 11:29:13.000,2025-01-03 11:29:13.000,2025-01-03 11:29:13.000,43415564.0,25627.0,54899313,-99.0,92
3183374,37,2025-01-03 11:40:04,WITEL_AHU_L8,31661200.0,226,225,228,11,10,12,50.02,0.5565,2025-01-03 11:39:11.000,2025-01-03 11:39:11.000,2025-01-03 11:39:11.000,43425888.0,25627.0,54911798,-101.0,92
3183734,37,2025-01-03 11:50:03,WITEL_AHU_L8,31668200.0,223,222,225,11,10,12,50.0,0.5748,2025-01-03 11:49:15.000,2025-01-03 11:49:15.000,2025-01-03 11:49:15.000,43435942.0,25627.0,54924081,-101.0,92
3183962,37,2025-01-03 12:00:03,WITEL_AHU_L8,31675200.0,224,222,226,11,10,12,49.99,0.5764999999999999,2025-01-03 11:59:10.000,2025-01-03 11:59:10.000,2025-01-03 11:59:10.000,43445838.0,25627.0,54936205,-107.0,92
3184310,37,2025-01-03 12:10:03,WITEL_AHU_L8,31682100.0,224,222,226,11,10,11,49.97,0.5710999999999999,2025-01-03 12:09:24.000,2025-01-03 12:09:24.000,2025-01-03 12:09:24.000,43455771.0,25627.0,54948357,-100.0,92
3184598,37,2025-01-03 12:20:03,WITEL_AHU_L8,31689000.0,224,223,226,11,10,12,50.01,0.5680999999999999,2025-01-03 12:19:27.000,2025-01-03 12:19:27.000,2025-01-03 12:19:27.000,43465742.0,25627.0,54960545,-119.0,92
3185330,37,2025-01-03 12:50:03,WITEL_AHU_L8,31709900.0,223,222,225,11,10,11,50.0,0.5777,2025-01-03 12:49:25.000,2025-01-03 12:49:25.000,2025-01-03 12:49:25.000,43495501.0,25627.0,54996962,-97.0,92
3185510,37,2025-01-03 13:00:03,WITEL_AHU_L8,31716800.0,222,220,223,11,10,11,49.95,0.5908,2025-01-03 12:59:10.000,2025-01-03 12:59:10.000,2025-01-03 12:59:10.000,43505215.0,25627.0,55008936,-111.0,92
3186074,37,2025-01-03 13:20:03,WITEL_AHU_L8,31730600.0,223,221,224,11,10,11,49.99,0.5788,2025-01-03 13:19:20.000,2025-01-03 13:19:20.000,2025-01-03 13:19:20.000,43524620.0,25627.0,55032801,-115.0,92
3186338,37,2025-01-03 13:30:03,WITEL_AHU_L8,31737600.0,223,222,225,11,10,11,50.08,0.5744999999999999,2025-01-03 13:29:19.000,2025-01-03 13:29:19.000,2025-01-03 13:29:19.000,43534392.0,25627.0,55044840,-115.0,92
3186590,37,2025-01-03 13:40:03,WITEL_AHU_L8,31744500.0,222,220,223,11,10,11,50.04,0.5875999999999999,2025-01-03 13:39:16.000,2025-01-03 13:39:16.000,2025-01-03 13:39:16.000,43544032.0,25627.0,55056729,-114.0,92
3186854,37,2025-01-03 13:50:03,WITEL_AHU_L8,31751400.0,222,221,224,11,10,11,50.07,0.5897,2025-01-03 13:49:12.000,2025-01-03 13:49:12.000,2025-01-03 13:49:12.000,43553588.0,25627.0,55068563,-101.0,92
3187082,37,2025-01-03 14:00:03,WITEL_AHU_L8,31758400.0,222,220,223,11,10,11,50.07,0.5814999999999999,2025-01-03 13:59:05.000,2025-01-03 13:59:05.000,2025-01-03 13:59:05.000,43563129.0,25627.0,55080399,-106.0,92
3187394,37,2025-01-03 14:10:03,WITEL_AHU_L8,31765300.0,221,220,223,11,10,11,50.0,0.585,2025-01-03 14:09:13.000,2025-01-03 14:09:13.000,2025-01-03 14:09:13.000,43572687.0,25627.0,55092236,-97.0,92
3187742,37,2025-01-03 14:20:03,WITEL_AHU_L8,31772200.0,222,220,223,11,10,11,50.04,0.5756,2025-01-03 14:19:19.000,2025-01-03 14:19:19.000,2025-01-03 14:19:19.000,43582233.0,25627.0,55104053,-100.0,92
3188006,37,2025-01-03 14:30:03,WITEL_AHU_L8,31779100.0,222,220,223,11,10,11,49.97,0.5761999999999999,2025-01-03 14:29:16.000,2025-01-03 14:29:16.000,2025-01-03 14:29:16.000,43591814.0,25627.0,55115897,-101.0,92
3188186,37,2025-01-03 14:40:03,WITEL_AHU_L8,31786000.0,222,221,224,11,10,11,50.0,0.566,2025-01-03 14:39:11.000,2025-01-03 14:39:11.000,2025-01-03 14:39:11.000,43601432.0,25627.0,55127767,-114.0,92
3188498,37,2025-01-03 14:50:03,WITEL_AHU_L8,31792900.0,222,221,224,11,10,11,50.01,0.5764999999999999,2025-01-03 14:49:13.000,2025-01-03 14:49:13.000,2025-01-03 14:49:13.000,43611064.0,25627.0,55139657,-119.0,92
3188786,37,2025-01-03 15:00:03,WITEL_AHU_L8,31799900.0,223,221,224,11,10,11,50.05,0.5861,2025-01-03 14:59:19.000,2025-01-03 14:59:19.000,2025-01-03 14:59:19.000,43620749.0,25627.0,55151592,-107.0,92
3189290,37,2025-01-03 15:20:03,WITEL_AHU_L8,31807600.0,222,221,224,0,0,0,50.03,1.0,2025-01-03 15:19:10.000,2025-01-03 15:19:10.000,2025-01-03 15:19:10.000,43631586.0,25627.0,55164933,-117.0,92
3189542,37,2025-01-03 15:30:03,WITEL_AHU_L8,31807600.0,223,221,224,0,0,0,49.99,1.0,2025-01-03 15:29:12.000,2025-01-03 15:29:12.000,2025-01-03 15:29:12.000,43631586.0,25627.0,55164933,-98.0,92
3189866,37,2025-01-03 15:40:03,WITEL_AHU_L8,31807600.0,223,221,224,0,0,0,50.02,1.0,2025-01-03 15:39:22.000,2025-01-03 15:39:22.000,2025-01-03 15:39:22.000,43631586.0,25627.0,55164933,-119.0,92
3190322,37,2025-01-03 16:00:03,WITEL_AHU_L8,31807600.0,223,222,225,0,0,0,50.0,1.0,2025-01-03 15:59:19.000,2025-01-03 15:59:19.000,2025-01-03 15:59:19.000,43631586.0,25627.0,55164933,-115.0,92
3190526,37,2025-01-03 16:10:03,WITEL_AHU_L8,31807600.0,223,222,225,0,0,0,49.97,1.0,2025-01-03 16:09:05.000,2025-01-03 16:09:05.000,2025-01-03 16:09:05.000,43631586.0,25627.0,55164933,-100.0,92
3229622,37,2025-01-04 16:48:28,WITEL_AHU_L8,31807600.0,229,229,231,0,0,0,49.99,1.0,2025-01-04 16:47:47.000,2025-01-04 16:47:47.000,2025-01-04 16:47:47.000,43631586.0,25627.0,55164933,-101.0,92
3229754,37,2025-01-04 16:50:02,WITEL_AHU_L8,31807600.0,230,229,232,0,0,0,50.03,1.0,2025-01-04 16:49:20.000,2025-01-04 16:49:20.000,2025-01-04 16:49:20.000,43631586.0,25627.0,55164933,-108.0,92
3230066,37,2025-01-04 17:00:02,WITEL_AHU_L8,31807600.0,230,229,232,0,0,0,50.03,1.0,2025-01-04 16:59:18.000,2025-01-04 16:59:18.000,2025-01-04 16:59:18.000,43631586.0,25627.0,55164933,-117.0,92
3230642,37,2025-01-04 17:20:03,WITEL_AHU_L8,31807600.0,230,229,232,0,0,0,49.97,1.0,2025-01-04 17:19:23.000,2025-01-04 17:19:23.000,2025-01-04 17:19:23.000,43631586.0,25627.0,55164933,-101.0,92
3231074,37,2025-01-04 17:40:03,WITEL_AHU_L8,31807600.0,231,230,232,0,0,0,50.0,1.0,2025-01-04 17:39:07.000,2025-01-04 17:39:07.000,2025-01-04 17:39:07.000,43631586.0,25627.0,55164933,-101.0,92
3231602,37,2025-01-04 18:00:03,WITEL_AHU_L8,31807600.0,228,227,230,0,0,0,50.01,1.0,2025-01-04 17:59:04.000,2025-01-04 17:59:04.000,2025-01-04 17:59:04.000,43631586.0,25627.0,55164933,-121.0,92
3231962,37,2025-01-04 18:10:03,WITEL_AHU_L8,31807600.0,228,227,229,0,0,0,50.01,1.0,2025-01-04 18:09:20.000,2025-01-04 18:09:20.000,2025-01-04 18:09:20.000,43631586.0,25627.0,55164933,-103.0,92
3232226,37,2025-01-04 18:20:03,WITEL_AHU_L8,31807600.0,228,227,229,0,0,0,49.98,1.0,2025-01-04 18:19:22.000,2025-01-04 18:19:22.000,2025-01-04 18:19:22.000,43631586.0,25627.0,55164933,-102.0,92
3232538,37,2025-01-04 18:30:03,WITEL_AHU_L8,31807600.0,227,227,229,0,0,0,49.96,1.0,2025-01-04 18:29:22.000,2025-01-04 18:29:22.000,2025-01-04 18:29:22.000,43631586.0,25627.0,55164933,-107.0,92
3232826,37,2025-01-04 18:40:03,WITEL_AHU_L8,31807600.0,228,227,229,0,0,0,50.02,1.0,2025-01-04 18:39:21.000,2025-01-04 18:39:21.000,2025-01-04 18:39:21.000,43631586.0,25627.0,55164933,-101.0,92
3233102,37,2025-01-04 18:50:03,WITEL_AHU_L8,31807600.0,228,227,229,0,0,0,50.06,1.0,2025-01-04 18:49:18.000,2025-01-04 18:49:18.000,2025-01-04 18:49:18.000,43631586.0,25627.0,55164933,-118.0,92
3233618,37,2025-01-04 19:10:02,WITEL_AHU_L8,31807600.0,228,227,229,0,0,0,50.02,1.0,2025-01-04 19:09:22.000,2025-01-04 19:09:22.000,2025-01-04 19:09:22.000,43631586.0,25627.0,55164933,-118.0,92
3233846,37,2025-01-04 19:20:02,WITEL_AHU_L8,31807600.0,228,227,229,0,0,0,50.02,1.0,2025-01-04 19:19:16.000,2025-01-04 19:19:16.000,2025-01-04 19:19:16.000,43631586.0,25627.0,55164933,-120.0,92
3234038,37,2025-01-04 19:30:02,WITEL_AHU_L8,31807600.0,228,227,229,0,0,0,50.04,1.0,2025-01-04 19:29:06.000,2025-01-04 19:29:06.000,2025-01-04 19:29:06.000,43631586.0,25627.0,55164933,-101.0,92
3234302,37,2025-01-04 19:40:02,WITEL_AHU_L8,31807600.0,228,227,229,0,0,0,50.05,1.0,2025-01-04 19:39:07.000,2025-01-04 19:39:07.000,2025-01-04 19:39:07.000,43631586.0,25627.0,55164933,-120.0,92
3234650,37,2025-01-04 19:50:02,WITEL_AHU_L8,31807600.0,228,228,230,0,0,0,50.0,1.0,2025-01-04 19:49:15.000,2025-01-04 19:49:15.000,2025-01-04 19:49:15.000,43631586.0,25627.0,55164933,-114.0,92
3234986,37,2025-01-04 20:00:02,WITEL_AHU_L8,31807600.0,228,228,230,0,0,0,50.0,1.0,2025-01-04 19:59:25.000,2025-01-04 19:59:25.000,2025-01-04 19:59:25.000,43631586.0,25627.0,55164933,-97.0,92
3235190,37,2025-01-04 20:10:03,WITEL_AHU_L8,31807600.0,228,228,230,0,0,0,50.04,1.0,2025-01-04 20:09:14.000,2025-01-04 20:09:14.000,2025-01-04 20:09:14.000,43631586.0,25627.0,55164933,-120.0,92
3235970,37,2025-01-04 20:40:03,WITEL_AHU_L8,31807600.0,229,228,230,0,0,0,50.05,1.0,2025-01-04 20:39:06.000,2025-01-04 20:39:06.000,2025-01-04 20:39:06.000,43631586.0,25627.0,55164933,-100.0,92
3236342,37,2025-01-04 20:50:03,WITEL_AHU_L8,31807600.0,228,228,230,0,0,0,50.02,1.0,2025-01-04 20:49:23.000,2025-01-04 20:49:23.000,2025-01-04 20:49:23.000,43631586.0,25627.0,55164933,-102.0,92
3236930,37,2025-01-04 21:10:03,WITEL_AHU_L8,31807600.0,229,229,231,0,0,0,49.98,1.0,2025-01-04 21:09:18.000,2025-01-04 21:09:18.000,2025-01-04 21:09:18.000,43631586.0,25627.0,55164933,-120.0,92
3237230,37,2025-01-04 21:20:03,WITEL_AHU_L8,31807600.0,229,229,231,0,0,0,50.0,1.0,2025-01-04 21:19:21.000,2025-01-04 21:19:21.000,2025-01-04 21:19:21.000,43631586.0,25627.0,55164933,-118.0,92
3237434,37,2025-01-04 21:30:03,WITEL_AHU_L8,31807600.0,229,229,231,0,0,0,50.0,1.0,2025-01-04 21:29:19.000,2025-01-04 21:29:19.000,2025-01-04 21:29:19.000,43631586.0,25627.0,55164933,-113.0,92
3237758,37,2025-01-04 21:40:03,WITEL_AHU_L8,31807600.0,230,230,232,0,0,0,50.0,1.0,2025-01-04 21:39:23.000,2025-01-04 21:39:23.000,2025-01-04 21:39:23.000,43631586.0,25627.0,55164933,-100.0,92
3238118,37,2025-01-04 21:50:03,WITEL_AHU_L8,31807600.0,228,227,230,0,0,0,50.04,1.0,2025-01-04 21:49:23.000,2025-01-04 21:49:23.000,2025-01-04 21:49:23.000,43631586.0,25627.0,55164933,-117.0,92
3238394,37,2025-01-04 22:00:03,WITEL_AHU_L8,31807600.0,228,228,230,0,0,0,50.05,1.0,2025-01-04 21:59:22.000,2025-01-04 21:59:22.000,2025-01-04 21:59:22.000,43631586.0,25627.0,55164933,-120.0,92
3238598,37,2025-01-04 22:10:03,WITEL_AHU_L8,31807600.0,228,228,230,0,0,0,50.01,1.0,2025-01-04 22:09:11.000,2025-01-04 22:09:11.000,2025-01-04 22:09:11.000,43631586.0,25627.0,55164933,-105.0,92
3238922,37,2025-01-04 22:20:03,WITEL_AHU_L8,31807600.0,228,228,230,0,0,0,50.09,1.0,2025-01-04 22:19:25.000,2025-01-04 22:19:25.000,2025-01-04 22:19:25.000,43631586.0,25627.0,55164933,-120.0,92
3239510,37,2025-01-04 22:40:03,WITEL_AHU_L8,31807600.0,228,228,230,0,0,0,50.07,1.0,2025-01-04 22:39:21.000,2025-01-04 22:39:21.000,2025-01-04 22:39:21.000,43631586.0,25627.0,55164933,-119.0,92
3240434,37,2025-01-04 23:20:03,WITEL_AHU_L8,31807600.0,228,228,230,0,0,0,49.99,1.0,2025-01-04 23:19:15.000,2025-01-04 23:19:15.000,2025-01-04 23:19:15.000,43631586.0,25627.0,55164933,-119.0,92
3240710,37,2025-01-04 23:30:03,WITEL_AHU_L8,31807600.0,228,228,230,0,0,0,49.99,1.0,2025-01-04 23:29:18.000,2025-01-04 23:29:18.000,2025-01-04 23:29:18.000,43631586.0,25627.0,55164933,-113.0,92
3241514,37,2025-01-05 00:00:03,WITEL_AHU_L8,31807600.0,228,228,230,0,0,0,49.98,1.0,2025-01-04 23:59:13.000,2025-01-04 23:59:13.000,2025-01-04 23:59:13.000,43631586.0,25627.0,55164933,-101.0,92
3242258,37,2025-01-05 00:30:03,WITEL_AHU_L8,31807600.0,229,229,231,0,0,0,50.07,1.0,2025-01-05 00:29:02.000,2025-01-05 00:29:02.000,2025-01-05 00:29:02.000,43631586.0,25627.0,55164933,-115.0,92
3242510,37,2025-01-05 00:40:03,WITEL_AHU_L8,31807600.0,229,229,231,0,0,0,50.06,1.0,2025-01-05 00:39:05.000,2025-01-05 00:39:05.000,2025-01-05 00:39:05.000,43631586.0,25627.0,55164933,-101.0,92
3242822,37,2025-01-05 00:47:18,WITEL_AHU_L8,31807600.0,229,229,231,0,0,0,50.04,1.0,2025-01-05 00:46:35.000,2025-01-05 00:46:35.000,2025-01-05 00:46:35.000,43631586.0,25627.0,55164933,-118.0,92
3243026,37,2025-01-05 00:50:03,WITEL_AHU_L8,31807600.0,229,229,231,0,0,0,50.04,1.0,2025-01-05 00:49:18.000,2025-01-05 00:49:18.000,2025-01-05 00:49:18.000,43631586.0,25627.0,55164933,-111.0,92
3243338,37,2025-01-05 01:00:03,WITEL_AHU_L8,31807600.0,229,229,231,0,0,0,50.02,1.0,2025-01-05 00:59:22.000,2025-01-05 00:59:22.000,2025-01-05 00:59:22.000,43631586.0,25627.0,55164933,-121.0,92
3243530,37,2025-01-05 01:10:03,WITEL_AHU_L8,31807600.0,229,229,231,0,0,0,49.99,1.0,2025-01-05 01:09:16.000,2025-01-05 01:09:16.000,2025-01-05 01:09:16.000,43631586.0,25627.0,55164933,-120.0,92
3243734,37,2025-01-05 01:20:03,WITEL_AHU_L8,31807600.0,229,229,231,0,0,0,50.05,1.0,2025-01-05 01:19:05.000,2025-01-05 01:19:05.000,2025-01-05 01:19:05.000,43631586.0,25627.0,55164933,-120.0,92
3244622,37,2025-01-05 01:50:03,WITEL_AHU_L8,31807600.0,230,229,232,0,0,0,50.05,1.0,2025-01-05 01:49:22.000,2025-01-05 01:49:22.000,2025-01-05 01:49:22.000,43631586.0,25627.0,55164933,-107.0,92
3244874,37,2025-01-05 02:00:03,WITEL_AHU_L8,31807600.0,230,229,232,0,0,0,50.03,1.0,2025-01-05 01:59:15.000,2025-01-05 01:59:15.000,2025-01-05 01:59:15.000,43631586.0,25627.0,55164933,-121.0,92
3245318,37,2025-01-05 02:20:03,WITEL_AHU_L8,31807600.0,230,229,232,0,0,0,49.99,1.0,2025-01-05 02:19:13.000,2025-01-05 02:19:13.000,2025-01-05 02:19:13.000,43631586.0,25627.0,55164933,-101.0,92
3245582,37,2025-01-05 02:30:03,WITEL_AHU_L8,31807600.0,230,230,232,0,0,0,50.0,1.0,2025-01-05 02:29:16.000,2025-01-05 02:29:16.000,2025-01-05 02:29:16.000,43631586.0,25627.0,55164933,-120.0,92
3245822,37,2025-01-05 02:40:03,WITEL_AHU_L8,31807600.0,230,230,232,0,0,0,50.06,1.0,2025-01-05 02:39:16.000,2025-01-05 02:39:16.000,2025-01-05 02:39:16.000,43631586.0,25627.0,55164933,-117.0,92
3246074,37,2025-01-05 02:50:03,WITEL_AHU_L8,31807600.0,230,230,232,0,0,0,50.03,1.0,2025-01-05 02:49:12.000,2025-01-05 02:49:12.000,2025-01-05 02:49:12.000,43631586.0,25627.0,55164933,-111.0,92
3246314,37,2025-01-05 03:00:03,WITEL_AHU_L8,31807600.0,230,230,232,0,0,0,50.01,1.0,2025-01-05 02:59:11.000,2025-01-05 02:59:11.000,2025-01-05 02:59:11.000,43631586.0,25627.0,55164933,-102.0,92
3246530,37,2025-01-05 03:10:03,WITEL_AHU_L8,31807600.0,231,230,232,0,0,0,49.98,1.0,2025-01-05 03:09:06.000,2025-01-05 03:09:06.000,2025-01-05 03:09:06.000,43631586.0,25627.0,55164933,-118.0,92
3246866,37,2025-01-05 03:20:03,WITEL_AHU_L8,31807600.0,230,230,232,0,0,0,49.94,1.0,2025-01-05 03:19:23.000,2025-01-05 03:19:23.000,2025-01-05 03:19:23.000,43631586.0,25627.0,55164933,-101.0,92
3247562,37,2025-01-05 03:50:03,WITEL_AHU_L8,31807600.0,230,230,232,0,0,0,49.96,1.0,2025-01-05 03:49:04.000,2025-01-05 03:49:04.000,2025-01-05 03:49:04.000,43631586.0,25627.0,55164933,-115.0,92
3247790,37,2025-01-05 04:00:03,WITEL_AHU_L8,31807600.0,231,230,233,0,0,0,50.01,1.0,2025-01-05 03:59:12.000,2025-01-05 03:59:12.000,2025-01-05 03:59:12.000,43631586.0,25627.0,55164933,-99.0,92
3248066,37,2025-01-05 04:10:03,WITEL_AHU_L8,31807600.0,230,230,233,0,0,0,50.02,1.0,2025-01-05 04:09:11.000,2025-01-05 04:09:11.000,2025-01-05 04:09:11.000,43631586.0,25627.0,55164933,-102.0,92
3248354,37,2025-01-05 04:20:03,WITEL_AHU_L8,31807600.0,230,230,232,0,0,0,50.07,1.0,2025-01-05 04:19:14.000,2025-01-05 04:19:14.000,2025-01-05 04:19:14.000,43631586.0,25627.0,55164933,-119.0,92
3248546,37,2025-01-05 04:30:03,WITEL_AHU_L8,31807600.0,231,230,232,0,0,0,50.06,1.0,2025-01-05 04:29:07.000,2025-01-05 04:29:07.000,2025-01-05 04:29:07.000,43631586.0,25627.0,55164933,-117.0,92
3249194,37,2025-01-05 04:50:03,WITEL_AHU_L8,31807600.0,230,230,232,0,0,0,50.04,1.0,2025-01-05 04:49:23.000,2025-01-05 04:49:23.000,2025-01-05 04:49:23.000,43631586.0,25627.0,55164933,-111.0,92
3249566,37,2025-01-05 05:10:03,WITEL_AHU_L8,31807600.0,230,230,232,0,0,0,50.04,1.0,2025-01-05 05:09:10.000,2025-01-05 05:09:10.000,2025-01-05 05:09:10.000,43631586.0,25627.0,55164933,-120.0,92
3249830,37,2025-01-05 05:20:03,WITEL_AHU_L8,31807600.0,230,230,232,0,0,0,50.05,1.0,2025-01-05 05:19:13.000,2025-01-05 05:19:13.000,2025-01-05 05:19:13.000,43631586.0,25627.0,55164933,-101.0,92
3250106,37,2025-01-05 05:30:03,WITEL_AHU_L8,31807600.0,230,230,232,0,0,0,50.03,1.0,2025-01-05 05:29:11.000,2025-01-05 05:29:11.000,2025-01-05 05:29:11.000,43631586.0,25627.0,55164933,-119.0,92
3251642,37,2025-01-05 06:30:03,WITEL_AHU_L8,31807600.0,230,230,232,0,0,0,49.96,1.0,2025-01-05 06:29:23.000,2025-01-05 06:29:23.000,2025-01-05 06:29:23.000,43631586.0,25627.0,55164933,-117.0,92
3251810,37,2025-01-05 06:40:03,WITEL_AHU_L8,31807600.0,231,230,232,0,0,0,50.03,1.0,2025-01-05 06:39:08.000,2025-01-05 06:39:08.000,2025-01-05 06:39:08.000,43631586.0,25627.0,55164933,-99.0,92
3252194,37,2025-01-05 06:50:03,WITEL_AHU_L8,31807600.0,230,230,232,0,0,0,49.97,1.0,2025-01-05 06:49:24.000,2025-01-05 06:49:24.000,2025-01-05 06:49:24.000,43631586.0,25627.0,55164933,-101.0,92
3252434,37,2025-01-05 07:00:03,WITEL_AHU_L8,31807600.0,231,230,233,0,0,0,50.0,1.0,2025-01-05 06:59:21.000,2025-01-05 06:59:21.000,2025-01-05 06:59:21.000,43631586.0,25627.0,55164933,-120.0,92
3252686,37,2025-01-05 07:10:03,WITEL_AHU_L8,31807600.0,230,230,232,0,0,0,50.05,1.0,2025-01-05 07:09:16.000,2025-01-05 07:09:16.000,2025-01-05 07:09:16.000,43631586.0,25627.0,55164933,-117.0,92
3252974,37,2025-01-05 07:20:03,WITEL_AHU_L8,31807600.0,230,230,232,0,0,0,50.07,1.0,2025-01-05 07:19:27.000,2025-01-05 07:19:27.000,2025-01-05 07:19:27.000,43631586.0,25627.0,55164933,-101.0,92
3253154,37,2025-01-05 07:30:03,WITEL_AHU_L8,31807600.0,230,229,231,0,0,0,50.04,1.0,2025-01-05 07:29:10.000,2025-01-05 07:29:10.000,2025-01-05 07:29:10.000,43631586.0,25627.0,55164933,-119.0,92
3253514,37,2025-01-05 07:40:03,WITEL_AHU_L8,31807600.0,230,229,231,0,0,0,50.04,1.0,2025-01-05 07:39:18.000,2025-01-05 07:39:18.000,2025-01-05 07:39:18.000,43631586.0,25627.0,55164933,-121.0,92
3253694,37,2025-01-05 07:50:03,WITEL_AHU_L8,31807600.0,229,229,231,0,0,0,49.96,1.0,2025-01-05 07:49:08.000,2025-01-05 07:49:08.000,2025-01-05 07:49:08.000,43631586.0,25627.0,55164933,-113.0,92
3253946,37,2025-01-05 08:00:03,WITEL_AHU_L8,31807600.0,229,229,231,0,0,0,50.04,1.0,2025-01-05 07:59:08.000,2025-01-05 07:59:08.000,2025-01-05 07:59:08.000,43631586.0,25627.0,55164933,-101.0,92
3254210,37,2025-01-05 08:10:03,WITEL_AHU_L8,31807600.0,229,228,230,0,0,0,50.02,1.0,2025-01-05 08:09:17.000,2025-01-05 08:09:17.000,2025-01-05 08:09:17.000,43631586.0,25627.0,55164933,-120.0,92
3254450,37,2025-01-05 08:20:03,WITEL_AHU_L8,31807600.0,228,228,230,0,0,0,50.01,1.0,2025-01-05 08:19:19.000,2025-01-05 08:19:19.000,2025-01-05 08:19:19.000,43631586.0,25627.0,55164933,-100.0,92
3254678,37,2025-01-05 08:30:03,WITEL_AHU_L8,31807600.0,228,227,229,0,0,0,49.95,1.0,2025-01-05 08:29:13.000,2025-01-05 08:29:13.000,2025-01-05 08:29:13.000,43631586.0,25627.0,55164933,-115.0,92
3254942,37,2025-01-05 08:40:03,WITEL_AHU_L8,31807600.0,227,227,229,0,0,0,50.0,1.0,2025-01-05 08:39:19.000,2025-01-05 08:39:19.000,2025-01-05 08:39:19.000,43631586.0,25627.0,55164933,-101.0,92
3255158,37,2025-01-05 08:47:13,WITEL_AHU_L8,31807600.0,227,227,229,0,0,0,49.99,1.0,2025-01-05 08:46:27.000,2025-01-05 08:46:27.000,2025-01-05 08:46:27.000,43631586.0,25627.0,55164933,-119.0,92
3255578,37,2025-01-05 09:00:03,WITEL_AHU_L8,31807600.0,227,226,228,0,0,0,50.0,1.0,2025-01-05 08:59:07.000,2025-01-05 08:59:07.000,2025-01-05 08:59:07.000,43631586.0,25627.0,55164933,-114.0,92
3255926,37,2025-01-05 09:10:03,WITEL_AHU_L8,31807600.0,226,226,228,0,0,0,49.93,1.0,2025-01-05 09:09:11.000,2025-01-05 09:09:11.000,2025-01-05 09:09:11.000,43631586.0,25627.0,55164933,-117.0,92
3256202,37,2025-01-05 09:20:03,WITEL_AHU_L8,31807600.0,226,226,228,0,0,0,50.02,1.0,2025-01-05 09:19:14.000,2025-01-05 09:19:14.000,2025-01-05 09:19:14.000,43631586.0,25627.0,55164933,-103.0,92
3256418,37,2025-01-05 09:30:03,WITEL_AHU_L8,31807600.0,226,225,227,0,0,0,50.04,1.0,2025-01-05 09:29:08.000,2025-01-05 09:29:08.000,2025-01-05 09:29:08.000,43631586.0,25627.0,55164933,-102.0,92
3256778,37,2025-01-05 09:40:03,WITEL_AHU_L8,31807600.0,225,225,227,0,0,0,50.01,1.0,2025-01-05 09:39:14.000,2025-01-05 09:39:14.000,2025-01-05 09:39:14.000,43631586.0,25627.0,55164933,-105.0,92
3257054,37,2025-01-05 09:50:03,WITEL_AHU_L8,31807600.0,228,228,230,0,0,0,49.99,1.0,2025-01-05 09:49:18.000,2025-01-05 09:49:18.000,2025-01-05 09:49:18.000,43631586.0,25627.0,55164933,-118.0,92
3257402,37,2025-01-05 10:10:03,WITEL_AHU_L8,31807600.0,227,226,228,0,0,0,49.98,1.0,2025-01-05 10:09:16.000,2025-01-05 10:09:16.000,2025-01-05 10:09:16.000,43631586.0,25627.0,55164933,-121.0,92
3257678,37,2025-01-05 10:20:03,WITEL_AHU_L8,31807600.0,227,226,229,0,0,0,50.05,1.0,2025-01-05 10:19:15.000,2025-01-05 10:19:15.000,2025-01-05 10:19:15.000,43631586.0,25627.0,55164933,-117.0,92
3257966,37,2025-01-05 10:30:02,WITEL_AHU_L8,31807600.0,226,226,228,0,0,0,50.0,1.0,2025-01-05 10:29:20.000,2025-01-05 10:29:20.000,2025-01-05 10:29:20.000,43631586.0,25627.0,55164933,-100.0,92
3258218,37,2025-01-05 10:40:03,WITEL_AHU_L8,31807600.0,226,226,228,0,0,0,49.97,1.0,2025-01-05 10:39:26.000,2025-01-05 10:39:26.000,2025-01-05 10:39:26.000,43631586.0,25627.0,55164933,-119.0,92
3258602,37,2025-01-05 11:00:03,WITEL_AHU_L8,31807600.0,226,226,228,0,0,0,50.02,1.0,2025-01-05 10:59:09.000,2025-01-05 10:59:09.000,2025-01-05 10:59:09.000,43631586.0,25627.0,55164933,-117.0,92
3258950,37,2025-01-05 11:10:02,WITEL_AHU_L8,31807600.0,226,226,228,0,0,0,49.99,1.0,2025-01-05 11:09:19.000,2025-01-05 11:09:19.000,2025-01-05 11:09:19.000,43631586.0,25627.0,55164933,-101.0,92
3259094,37,2025-01-05 11:20:02,WITEL_AHU_L8,31807600.0,226,226,228,0,0,0,50.07,1.0,2025-01-05 11:19:03.000,2025-01-05 11:19:03.000,2025-01-05 11:19:03.000,43631586.0,25627.0,55164933,-118.0,92
3259406,37,2025-01-05 11:30:02,WITEL_AHU_L8,31807600.0,227,226,228,0,0,0,50.04,1.0,2025-01-05 11:29:25.000,2025-01-05 11:29:25.000,2025-01-05 11:29:25.000,43631586.0,25627.0,55164933,-97.0,92
3259682,37,2025-01-05 11:40:02,WITEL_AHU_L8,31807600.0,227,226,228,0,0,0,50.04,1.0,2025-01-05 11:39:19.000,2025-01-05 11:39:19.000,2025-01-05 11:39:19.000,43631586.0,25627.0,55164933,-116.0,92
3259982,37,2025-01-05 11:50:02,WITEL_AHU_L8,31807600.0,227,226,228,0,0,0,50.05,1.0,2025-01-05 11:49:25.000,2025-01-05 11:49:25.000,2025-01-05 11:49:25.000,43631586.0,25627.0,55164933,-119.0,92
3260198,37,2025-01-05 12:00:02,WITEL_AHU_L8,31807600.0,227,227,229,0,0,0,50.04,1.0,2025-01-05 11:59:19.000,2025-01-05 11:59:19.000,2025-01-05 11:59:19.000,43631586.0,25627.0,55164933,-109.0,92
3260582,37,2025-01-05 12:20:03,WITEL_AHU_L8,31807600.0,227,226,228,0,0,0,50.06,1.0,2025-01-05 12:19:06.000,2025-01-05 12:19:06.000,2025-01-05 12:19:06.000,43631586.0,25627.0,55164933,-117.0,92
3260978,37,2025-01-05 12:30:03,WITEL_AHU_L8,31807600.0,227,226,228,0,0,0,50.01,1.0,2025-01-05 12:29:19.000,2025-01-05 12:29:19.000,2025-01-05 12:29:19.000,43631586.0,25627.0,55164933,-100.0,92
3261134,37,2025-01-05 12:40:03,WITEL_AHU_L8,31807600.0,226,226,228,0,0,0,50.03,1.0,2025-01-05 12:39:10.000,2025-01-05 12:39:10.000,2025-01-05 12:39:10.000,43631586.0,25627.0,55164933,-118.0,92
3261326,37,2025-01-05 12:50:03,WITEL_AHU_L8,31807600.0,227,226,228,0,0,0,50.05,1.0,2025-01-05 12:49:06.000,2025-01-05 12:49:06.000,2025-01-05 12:49:06.000,43631586.0,25627.0,55164933,-98.0,92
3261638,37,2025-01-05 13:00:03,WITEL_AHU_L8,31807600.0,226,226,228,0,0,0,50.05,1.0,2025-01-05 12:59:11.000,2025-01-05 12:59:11.000,2025-01-05 12:59:11.000,43631586.0,25627.0,55164933,-119.0,92
3261878,37,2025-01-05 13:10:03,WITEL_AHU_L8,31807600.0,226,225,227,0,0,0,49.96,1.0,2025-01-05 13:09:08.000,2025-01-05 13:09:08.000,2025-01-05 13:09:08.000,43631586.0,25627.0,55164933,-99.0,92
3262130,37,2025-01-05 13:20:03,WITEL_AHU_L8,31807600.0,226,225,228,0,0,0,50.08,1.0,2025-01-05 13:19:11.000,2025-01-05 13:19:11.000,2025-01-05 13:19:11.000,43631586.0,25627.0,55164933,-120.0,92
3262382,37,2025-01-05 13:30:02,WITEL_AHU_L8,31807600.0,226,225,227,0,0,0,50.01,1.0,2025-01-05 13:29:17.000,2025-01-05 13:29:17.000,2025-01-05 13:29:17.000,43631586.0,25627.0,55164933,-119.0,92
3262694,37,2025-01-05 13:40:02,WITEL_AHU_L8,31807600.0,226,225,227,0,0,0,50.01,1.0,2025-01-05 13:39:23.000,2025-01-05 13:39:23.000,2025-01-05 13:39:23.000,43631586.0,25627.0,55164933,-118.0,92
3263162,37,2025-01-05 14:00:03,WITEL_AHU_L8,31807600.0,226,225,227,0,0,0,50.01,1.0,2025-01-05 13:59:14.000,2025-01-05 13:59:14.000,2025-01-05 13:59:14.000,43631586.0,25627.0,55164933,-101.0,92
3263990,37,2025-01-05 14:30:03,WITEL_AHU_L8,31807600.0,226,226,228,0,0,0,50.05,1.0,2025-01-05 14:29:20.000,2025-01-05 14:29:20.000,2025-01-05 14:29:20.000,43631586.0,25627.0,55164933,-100.0,92
3264266,37,2025-01-05 14:40:03,WITEL_AHU_L8,31807600.0,226,226,228,0,0,0,49.96,1.0,2025-01-05 14:39:21.000,2025-01-05 14:39:21.000,2025-01-05 14:39:21.000,43631586.0,25627.0,55164933,-105.0,92
3264458,37,2025-01-05 14:50:03,WITEL_AHU_L8,31807600.0,226,226,228,0,0,0,50.0,1.0,2025-01-05 14:49:16.000,2025-01-05 14:49:16.000,2025-01-05 14:49:16.000,43631586.0,25627.0,55164933,-101.0,92
3264614,37,2025-01-05 15:00:03,WITEL_AHU_L8,31807600.0,227,226,228,0,0,0,50.01,1.0,2025-01-05 14:59:07.000,2025-01-05 14:59:07.000,2025-01-05 14:59:07.000,43631586.0,25627.0,55164933,-118.0,92
3264890,37,2025-01-05 15:10:03,WITEL_AHU_L8,31807600.0,227,226,228,0,0,0,49.98,1.0,2025-01-05 15:09:04.000,2025-01-05 15:09:04.000,2025-01-05 15:09:04.000,43631586.0,25627.0,55164933,-98.0,92
3265178,37,2025-01-05 15:20:03,WITEL_AHU_L8,31807600.0,227,226,228,0,0,0,50.06,1.0,2025-01-05 15:19:13.000,2025-01-05 15:19:13.000,2025-01-05 15:19:13.000,43631586.0,25627.0,55164933,-109.0,92
3265730,37,2025-01-05 15:40:03,WITEL_AHU_L8,31807600.0,227,227,229,0,0,0,50.04,1.0,2025-01-05 15:39:26.000,2025-01-05 15:39:26.000,2025-01-05 15:39:26.000,43631586.0,25627.0,55164933,-114.0,92
3265862,37,2025-01-05 15:50:03,WITEL_AHU_L8,31807600.0,227,226,228,0,0,0,49.94,1.0,2025-01-05 15:49:06.000,2025-01-05 15:49:06.000,2025-01-05 15:49:06.000,43631586.0,25627.0,55164933,-100.0,92
3266258,37,2025-01-05 16:00:03,WITEL_AHU_L8,31807600.0,227,227,229,0,0,0,50.06,1.0,2025-01-05 15:59:23.000,2025-01-05 15:59:23.000,2025-01-05 15:59:23.000,43631586.0,25627.0,55164933,-119.0,92
3267074,37,2025-01-05 16:30:02,WITEL_AHU_L8,31807600.0,227,227,229,0,0,0,50.01,1.0,2025-01-05 16:29:26.000,2025-01-05 16:29:26.000,2025-01-05 16:29:26.000,43631586.0,25627.0,55164933,-99.0,92
3267266,37,2025-01-05 16:40:02,WITEL_AHU_L8,31807600.0,227,227,229,0,0,0,50.05,1.0,2025-01-05 16:39:15.000,2025-01-05 16:39:15.000,2025-01-05 16:39:15.000,43631586.0,25627.0,55164933,-119.0,92
3267410,37,2025-01-05 16:46:44,WITEL_AHU_L8,31807600.0,227,227,229,0,0,0,49.98,1.0,2025-01-05 16:46:01.000,2025-01-05 16:46:01.000,2025-01-05 16:46:01.000,43631586.0,25627.0,55164933,-105.0,92
3267662,37,2025-01-05 16:50:03,WITEL_AHU_L8,31807600.0,228,227,229,0,0,0,50.04,1.0,2025-01-05 16:49:13.000,2025-01-05 16:49:13.000,2025-01-05 16:49:13.000,43631586.0,25627.0,55164933,-101.0,92
3268106,37,2025-01-05 17:00:03,WITEL_AHU_L8,31807600.0,228,227,229,0,0,0,50.0,1.0,2025-01-05 16:59:21.000,2025-01-05 16:59:21.000,2025-01-05 16:59:21.000,43631586.0,25627.0,55164933,-99.0,92
3268634,37,2025-01-05 17:20:03,WITEL_AHU_L8,31807600.0,228,227,229,0,0,0,49.97,1.0,2025-01-05 17:19:14.000,2025-01-05 17:19:14.000,2025-01-05 17:19:14.000,43631586.0,25627.0,55164933,-107.0,92
3268886,37,2025-01-05 17:30:03,WITEL_AHU_L8,31807600.0,228,228,230,0,0,0,50.04,1.0,2025-01-05 17:29:08.000,2025-01-05 17:29:08.000,2025-01-05 17:29:08.000,43631586.0,25627.0,55164933,-97.0,92
3269486,37,2025-01-05 17:50:03,WITEL_AHU_L8,31807600.0,228,228,230,0,0,0,49.96,1.0,2025-01-05 17:49:08.000,2025-01-05 17:49:08.000,2025-01-05 17:49:08.000,43631586.0,25627.0,55164933,-117.0,92
3269810,37,2025-01-05 18:00:03,WITEL_AHU_L8,31807600.0,228,228,230,0,0,0,49.98,1.0,2025-01-05 17:59:22.000,2025-01-05 17:59:22.000,2025-01-05 17:59:22.000,43631586.0,25627.0,55164933,-117.0,92
3270158,37,2025-01-05 18:10:03,WITEL_AHU_L8,31807600.0,228,228,230,0,0,0,50.02,1.0,2025-01-05 18:09:25.000,2025-01-05 18:09:25.000,2025-01-05 18:09:25.000,43631586.0,25627.0,55164933,-121.0,92
3270386,37,2025-01-05 18:20:03,WITEL_AHU_L8,31807600.0,229,228,230,0,0,0,50.04,1.0,2025-01-05 18:19:17.000,2025-01-05 18:19:17.000,2025-01-05 18:19:17.000,43631586.0,25627.0,55164933,-101.0,92
3270638,37,2025-01-05 18:30:03,WITEL_AHU_L8,31807600.0,228,228,230,0,0,0,50.02,1.0,2025-01-05 18:29:13.000,2025-01-05 18:29:13.000,2025-01-05 18:29:13.000,43631586.0,25627.0,55164933,-119.0,92
3270902,37,2025-01-05 18:40:03,WITEL_AHU_L8,31807600.0,228,228,230,0,0,0,49.96,1.0,2025-01-05 18:39:09.000,2025-01-05 18:39:09.000,2025-01-05 18:39:09.000,43631586.0,25627.0,55164933,-100.0,92
3271274,37,2025-01-05 18:50:03,WITEL_AHU_L8,31807600.0,229,228,230,0,0,0,50.03,1.0,2025-01-05 18:49:13.000,2025-01-05 18:49:13.000,2025-01-05 18:49:13.000,43631586.0,25627.0,55164933,-99.0,92
3271538,37,2025-01-05 19:00:03,WITEL_AHU_L8,31807600.0,229,228,230,0,0,0,50.01,1.0,2025-01-05 18:59:07.000,2025-01-05 18:59:07.000,2025-01-05 18:59:07.000,43631586.0,25627.0,55164933,-101.0,92
3272366,37,2025-01-05 19:30:03,WITEL_AHU_L8,31807600.0,229,228,230,0,0,0,49.97,1.0,2025-01-05 19:29:07.000,2025-01-05 19:29:07.000,2025-01-05 19:29:07.000,43631586.0,25627.0,55164933,-119.0,92
3273014,37,2025-01-05 19:50:03,WITEL_AHU_L8,31807600.0,229,228,231,0,0,0,49.99,1.0,2025-01-05 19:49:22.000,2025-01-05 19:49:22.000,2025-01-05 19:49:22.000,43631586.0,25627.0,55164933,-119.0,92
3273302,37,2025-01-05 20:00:03,WITEL_AHU_L8,31807600.0,229,229,231,0,0,0,50.02,1.0,2025-01-05 19:59:20.000,2025-01-05 19:59:20.000,2025-01-05 19:59:20.000,43631586.0,25627.0,55164933,-116.0,92
3273542,37,2025-01-05 20:10:03,WITEL_AHU_L8,31807600.0,229,229,231,0,0,0,50.01,1.0,2025-01-05 20:09:21.000,2025-01-05 20:09:21.000,2025-01-05 20:09:21.000,43631586.0,25627.0,55164933,-103.0,92
3273722,37,2025-01-05 20:20:03,WITEL_AHU_L8,31807600.0,229,229,231,0,0,0,50.02,1.0,2025-01-05 20:19:07.000,2025-01-05 20:19:07.000,2025-01-05 20:19:07.000,43631586.0,25627.0,55164933,-120.0,92
3274334,37,2025-01-05 20:40:03,WITEL_AHU_L8,31807600.0,229,229,231,0,0,0,50.02,1.0,2025-01-05 20:39:17.000,2025-01-05 20:39:17.000,2025-01-05 20:39:17.000,43631586.0,25627.0,55164933,-100.0,92
3274562,37,2025-01-05 20:50:03,WITEL_AHU_L8,31807600.0,229,229,231,0,0,0,50.03,1.0,2025-01-05 20:49:06.000,2025-01-05 20:49:06.000,2025-01-05 20:49:06.000,43631586.0,25627.0,55164933,-120.0,92
3274886,37,2025-01-05 21:00:03,WITEL_AHU_L8,31807600.0,229,229,231,0,0,0,50.02,1.0,2025-01-05 20:59:08.000,2025-01-05 20:59:08.000,2025-01-05 20:59:08.000,43631586.0,25627.0,55164933,-119.0,92
3275570,37,2025-01-05 21:20:03,WITEL_AHU_L8,31807600.0,230,230,232,0,0,0,50.05,1.0,2025-01-05 21:19:22.000,2025-01-05 21:19:22.000,2025-01-05 21:19:22.000,43631586.0,25627.0,55164933,-108.0,92
3275810,37,2025-01-05 21:30:03,WITEL_AHU_L8,31807600.0,230,230,232,0,0,0,50.05,1.0,2025-01-05 21:29:16.000,2025-01-05 21:29:16.000,2025-01-05 21:29:16.000,43631586.0,25627.0,55164933,-101.0,92
3276038,37,2025-01-05 21:40:03,WITEL_AHU_L8,31807600.0,231,230,232,0,0,0,50.05,1.0,2025-01-05 21:39:11.000,2025-01-05 21:39:11.000,2025-01-05 21:39:11.000,43631586.0,25627.0,55164933,-102.0,92
3276458,37,2025-01-05 21:50:03,WITEL_AHU_L8,31807600.0,228,227,230,0,0,0,50.0,1.0,2025-01-05 21:49:24.000,2025-01-05 21:49:24.000,2025-01-05 21:49:24.000,43631586.0,25627.0,55164933,-117.0,92
3276602,37,2025-01-05 22:00:03,WITEL_AHU_L8,31807600.0,228,227,229,0,0,0,50.0,1.0,2025-01-05 21:59:08.000,2025-01-05 21:59:08.000,2025-01-05 21:59:08.000,43631586.0,25627.0,55164933,-117.0,92
3277226,37,2025-01-05 22:20:03,WITEL_AHU_L8,31807600.0,228,227,230,0,0,0,50.0,1.0,2025-01-05 22:19:16.000,2025-01-05 22:19:16.000,2025-01-05 22:19:16.000,43631586.0,25627.0,55164933,-121.0,92
3277682,37,2025-01-05 22:40:03,WITEL_AHU_L8,31807600.0,228,228,230,0,0,0,49.99,1.0,2025-01-05 22:39:07.000,2025-01-05 22:39:07.000,2025-01-05 22:39:07.000,43631586.0,25627.0,55164933,-116.0,92
3278066,37,2025-01-05 22:50:03,WITEL_AHU_L8,31807600.0,228,228,230,0,0,0,50.06,1.0,2025-01-05 22:49:17.000,2025-01-05 22:49:17.000,2025-01-05 22:49:17.000,43631586.0,25627.0,55164933,-120.0,92
3278618,37,2025-01-05 23:10:02,WITEL_AHU_L8,31807600.0,228,228,230,0,0,0,49.98,1.0,2025-01-05 23:09:07.000,2025-01-05 23:09:07.000,2025-01-05 23:09:07.000,43631586.0,25627.0,55164933,-111.0,92
3278918,37,2025-01-05 23:20:02,WITEL_AHU_L8,31807600.0,228,228,230,0,0,0,49.97,1.0,2025-01-05 23:19:24.000,2025-01-05 23:19:24.000,2025-01-05 23:19:24.000,43631586.0,25627.0,55164933,-118.0,92
3279230,37,2025-01-05 23:30:02,WITEL_AHU_L8,31807600.0,228,228,230,0,0,0,49.97,1.0,2025-01-05 23:29:21.000,2025-01-05 23:29:21.000,2025-01-05 23:29:21.000,43631586.0,25627.0,55164933,-101.0,92
3279422,37,2025-01-05 23:40:02,WITEL_AHU_L8,31807600.0,228,228,230,0,0,0,49.97,1.0,2025-01-05 23:39:16.000,2025-01-05 23:39:16.000,2025-01-05 23:39:16.000,43631586.0,25627.0,55164933,-119.0,92
3280262,37,2025-01-06 00:10:03,WITEL_AHU_L8,31807600.0,229,229,231,0,0,0,50.0,1.0,2025-01-06 00:09:10.000,2025-01-06 00:09:10.000,2025-01-06 00:09:10.000,43631586.0,25627.0,55164933,-102.0,92
3280574,37,2025-01-06 00:20:03,WITEL_AHU_L8,31807600.0,229,228,231,0,0,0,49.96,1.0,2025-01-06 00:19:16.000,2025-01-06 00:19:16.000,2025-01-06 00:19:16.000,43631586.0,25627.0,55164933,-115.0,92
3281066,37,2025-01-06 00:40:03,WITEL_AHU_L8,31807600.0,229,229,231,0,0,0,50.03,1.0,2025-01-06 00:39:09.000,2025-01-06 00:39:09.000,2025-01-06 00:39:09.000,43631586.0,25627.0,55164933,-117.0,92
3317798,37,2025-01-07 00:46:44,WITEL_AHU_L8,32163600.0,228,228,230,0,0,0,50.02,1.0,2025-01-07 00:45:53.000,2025-01-07 00:45:53.000,2025-01-07 00:45:53.000,44137708.0,25627.0,55785661,-117.0,92
3318350,37,2025-01-07 01:00:03,WITEL_AHU_L8,32163600.0,228,228,230,0,0,0,49.99,1.0,2025-01-07 00:59:22.000,2025-01-07 00:59:22.000,2025-01-07 00:59:22.000,44137708.0,25627.0,55785661,-117.0,92
3318590,37,2025-01-07 01:10:03,WITEL_AHU_L8,32163600.0,228,228,230,0,0,0,50.02,1.0,2025-01-07 01:09:21.000,2025-01-07 01:09:21.000,2025-01-07 01:09:21.000,44137708.0,25627.0,55785661,-98.0,92
3318758,37,2025-01-07 01:20:03,WITEL_AHU_L8,32163600.0,228,228,230,0,0,0,50.0,1.0,2025-01-07 01:19:15.000,2025-01-07 01:19:15.000,2025-01-07 01:19:15.000,44137708.0,25627.0,55785661,-117.0,92
3319214,37,2025-01-07 01:40:03,WITEL_AHU_L8,32163600.0,228,228,230,0,0,0,49.96,1.0,2025-01-07 01:39:06.000,2025-01-07 01:39:06.000,2025-01-07 01:39:06.000,44137708.0,25627.0,55785661,-117.0,92
3319850,37,2025-01-07 02:00:03,WITEL_AHU_L8,32163600.0,228,228,230,0,0,0,49.97,1.0,2025-01-07 01:59:17.000,2025-01-07 01:59:17.000,2025-01-07 01:59:17.000,44137708.0,25627.0,55785661,-100.0,92
3320114,37,2025-01-07 02:10:03,WITEL_AHU_L8,32163600.0,229,229,231,0,0,0,50.02,1.0,2025-01-07 02:09:19.000,2025-01-07 02:09:19.000,2025-01-07 02:09:19.000,44137708.0,25627.0,55785661,-102.0,92
3320534,37,2025-01-07 02:30:03,WITEL_AHU_L8,32163600.0,229,229,231,0,0,0,49.97,1.0,2025-01-07 02:29:05.000,2025-01-07 02:29:05.000,2025-01-07 02:29:05.000,44137708.0,25627.0,55785661,-97.0,92
3321458,37,2025-01-07 03:00:03,WITEL_AHU_L8,32163600.0,230,229,232,0,0,0,50.01,1.0,2025-01-07 02:59:15.000,2025-01-07 02:59:15.000,2025-01-07 02:59:15.000,44137708.0,25627.0,55785661,-115.0,92
3321722,37,2025-01-07 03:10:03,WITEL_AHU_L8,32163600.0,230,230,232,0,0,0,49.98,1.0,2025-01-07 03:09:18.000,2025-01-07 03:09:18.000,2025-01-07 03:09:18.000,44137708.0,25627.0,55785661,-116.0,92
3321890,37,2025-01-07 03:20:03,WITEL_AHU_L8,32163600.0,230,230,232,0,0,0,49.98,1.0,2025-01-07 03:19:08.000,2025-01-07 03:19:08.000,2025-01-07 03:19:08.000,44137708.0,25627.0,55785661,-119.0,92
3322226,37,2025-01-07 03:30:03,WITEL_AHU_L8,32163600.0,230,230,232,0,0,0,50.03,1.0,2025-01-07 03:29:16.000,2025-01-07 03:29:16.000,2025-01-07 03:29:16.000,44137708.0,25627.0,55785661,-118.0,92
3322694,37,2025-01-07 03:50:03,WITEL_AHU_L8,32163600.0,230,230,232,0,0,0,49.96,1.0,2025-01-07 03:49:09.000,2025-01-07 03:49:09.000,2025-01-07 03:49:09.000,44137708.0,25627.0,55785661,-119.0,92
3323474,37,2025-01-07 04:20:03,WITEL_AHU_L8,32163600.0,230,229,231,0,0,0,49.99,1.0,2025-01-07 04:19:14.000,2025-01-07 04:19:14.000,2025-01-07 04:19:14.000,44137708.0,25627.0,55785661,-119.0,92
3323702,37,2025-01-07 04:30:03,WITEL_AHU_L8,32163600.0,230,229,231,0,0,0,50.03,1.0,2025-01-07 04:29:07.000,2025-01-07 04:29:07.000,2025-01-07 04:29:07.000,44137708.0,25627.0,55785661,-118.0,92
3323978,37,2025-01-07 04:40:03,WITEL_AHU_L8,32163600.0,229,229,231,0,0,0,49.99,1.0,2025-01-07 04:39:09.000,2025-01-07 04:39:09.000,2025-01-07 04:39:09.000,44137708.0,25627.0,55785661,-119.0,92
3324638,37,2025-01-07 05:00:03,WITEL_AHU_L8,32163600.0,229,229,231,0,0,0,50.0,1.0,2025-01-07 04:59:20.000,2025-01-07 04:59:20.000,2025-01-07 04:59:20.000,44137708.0,25627.0,55785661,-105.0,92
3324830,37,2025-01-07 05:10:02,WITEL_AHU_L8,32163600.0,229,229,231,0,0,0,49.99,1.0,2025-01-07 05:09:12.000,2025-01-07 05:09:12.000,2025-01-07 05:09:12.000,44137708.0,25627.0,55785661,-119.0,92
3325550,37,2025-01-07 05:40:02,WITEL_AHU_L8,32163600.0,228,227,229,0,0,0,50.0,1.0,2025-01-07 05:39:10.000,2025-01-07 05:39:10.000,2025-01-07 05:39:10.000,44137708.0,25627.0,55785661,-106.0,92
3325886,37,2025-01-07 05:50:02,WITEL_AHU_L8,32163600.0,228,227,229,0,0,0,50.0,1.0,2025-01-07 05:49:11.000,2025-01-07 05:49:11.000,2025-01-07 05:49:11.000,44137708.0,25627.0,55785661,-117.0,92
3326114,37,2025-01-07 06:00:02,WITEL_AHU_L8,32163600.0,227,227,229,0,0,0,49.97,1.0,2025-01-07 05:59:12.000,2025-01-07 05:59:12.000,2025-01-07 05:59:12.000,44137708.0,25627.0,55785661,-103.0,92
3326642,37,2025-01-07 06:20:03,WITEL_AHU_L8,32163600.0,227,226,229,0,0,0,50.03,1.0,2025-01-07 06:19:13.000,2025-01-07 06:19:13.000,2025-01-07 06:19:13.000,44137708.0,25627.0,55785661,-114.0,92
3326906,37,2025-01-07 06:30:03,WITEL_AHU_L8,32163600.0,227,226,229,0,0,0,50.01,1.0,2025-01-07 06:29:13.000,2025-01-07 06:29:13.000,2025-01-07 06:29:13.000,44137708.0,25627.0,55785661,-100.0,92
3327170,37,2025-01-07 06:40:03,WITEL_AHU_L8,32163600.0,226,226,228,0,0,0,50.02,1.0,2025-01-07 06:39:11.000,2025-01-07 06:39:11.000,2025-01-07 06:39:11.000,44137708.0,25627.0,55785661,-116.0,92
3327554,37,2025-01-07 06:50:03,WITEL_AHU_L8,32163600.0,226,225,228,0,0,0,50.01,1.0,2025-01-07 06:49:24.000,2025-01-07 06:49:24.000,2025-01-07 06:49:24.000,44137708.0,25627.0,55785661,-120.0,92
3328022,37,2025-01-07 07:10:03,WITEL_AHU_L8,32163600.0,224,224,226,0,0,0,50.03,1.0,2025-01-07 07:09:16.000,2025-01-07 07:09:16.000,2025-01-07 07:09:16.000,44137708.0,25627.0,55785661,-115.0,92
3328310,37,2025-01-07 07:20:03,WITEL_AHU_L8,32163600.0,227,226,228,0,0,0,50.0,1.0,2025-01-07 07:19:16.000,2025-01-07 07:19:16.000,2025-01-07 07:19:16.000,44137708.0,25627.0,55785661,-117.0,92
3328622,37,2025-01-07 07:30:03,WITEL_AHU_L8,32163600.0,226,225,228,0,0,0,50.01,1.0,2025-01-07 07:29:24.000,2025-01-07 07:29:24.000,2025-01-07 07:29:24.000,44137708.0,25627.0,55785661,-101.0,92
3329042,37,2025-01-07 07:50:03,WITEL_AHU_L8,32163600.0,226,225,227,0,0,0,50.01,1.0,2025-01-07 07:49:06.000,2025-01-07 07:49:06.000,2025-01-07 07:49:06.000,44137708.0,25627.0,55785661,-99.0,92
3329354,37,2025-01-07 08:00:03,WITEL_AHU_L8,32163600.0,225,224,226,0,0,0,49.99,1.0,2025-01-07 07:59:10.000,2025-01-07 07:59:10.000,2025-01-07 07:59:10.000,44137708.0,25627.0,55785661,-102.0,92
3329654,37,2025-01-07 08:10:03,WITEL_AHU_L8,32163600.0,227,226,229,0,0,0,49.99,1.0,2025-01-07 08:09:18.000,2025-01-07 08:09:18.000,2025-01-07 08:09:18.000,44137708.0,25627.0,55785661,-101.0,92
3329822,37,2025-01-07 08:20:03,WITEL_AHU_L8,32163600.0,226,225,227,0,0,0,49.99,1.0,2025-01-07 08:19:05.000,2025-01-07 08:19:05.000,2025-01-07 08:19:05.000,44137708.0,25627.0,55785661,-118.0,92
3330374,37,2025-01-07 08:40:03,WITEL_AHU_L8,32163600.0,222,221,224,0,0,0,50.0,1.0,2025-01-07 08:39:23.000,2025-01-07 08:39:23.000,2025-01-07 08:39:23.000,44137708.0,25627.0,55785661,-117.0,92
3330578,37,2025-01-07 08:48:00,WITEL_AHU_L8,32163600.0,222,221,223,0,0,0,49.99,1.0,2025-01-07 08:47:11.000,2025-01-07 08:47:11.000,2025-01-07 08:47:11.000,44137708.0,25627.0,55785661,-101.0,92
3331022,37,2025-01-07 09:00:03,WITEL_AHU_L8,32163600.0,223,222,224,0,0,0,49.98,1.0,2025-01-07 08:59:11.000,2025-01-07 08:59:11.000,2025-01-07 08:59:11.000,44137708.0,25627.0,55785661,-115.0,92
3331238,37,2025-01-07 09:10:03,WITEL_AHU_L8,32163600.0,225,224,227,0,0,0,49.99,1.0,2025-01-07 09:09:10.000,2025-01-07 09:09:10.000,2025-01-07 09:09:10.000,44137708.0,25627.0,55785661,-99.0,92
3331562,37,2025-01-07 09:20:03,WITEL_AHU_L8,32163600.0,225,224,227,0,0,0,49.99,1.0,2025-01-07 09:19:15.000,2025-01-07 09:19:15.000,2025-01-07 09:19:15.000,44137708.0,25627.0,55785661,-118.0,92
3332114,37,2025-01-07 09:40:03,WITEL_AHU_L8,32163600.0,225,224,227,0,0,0,50.02,1.0,2025-01-07 09:39:25.000,2025-01-07 09:39:25.000,2025-01-07 09:39:25.000,44137708.0,25627.0,55785661,-111.0,92
3332318,37,2025-01-07 09:50:03,WITEL_AHU_L8,32163600.0,224,222,225,0,0,0,49.95,1.0,2025-01-07 09:49:13.000,2025-01-07 09:49:13.000,2025-01-07 09:49:13.000,44137708.0,25627.0,55785661,-120.0,92
3332534,37,2025-01-07 10:00:03,WITEL_AHU_L8,32163600.0,222,221,224,0,0,0,49.97,1.0,2025-01-07 09:59:09.000,2025-01-07 09:59:09.000,2025-01-07 09:59:09.000,44137708.0,25627.0,55785661,-117.0,92
3332918,37,2025-01-07 10:10:03,WITEL_AHU_L8,32163600.0,223,222,225,0,0,0,50.0,1.0,2025-01-07 10:09:15.000,2025-01-07 10:09:15.000,2025-01-07 10:09:15.000,44137708.0,25627.0,55785661,-119.0,92
3333182,37,2025-01-07 10:20:03,WITEL_AHU_L8,32163600.0,223,222,224,0,0,0,49.99,1.0,2025-01-07 10:19:19.000,2025-01-07 10:19:19.000,2025-01-07 10:19:19.000,44137708.0,25627.0,55785661,-102.0,92
3333470,37,2025-01-07 10:30:03,WITEL_AHU_L8,32163600.0,223,222,224,0,0,0,49.98,1.0,2025-01-07 10:29:18.000,2025-01-07 10:29:18.000,2025-01-07 10:29:18.000,44137708.0,25627.0,55785661,-102.0,92
3333950,37,2025-01-07 10:50:03,WITEL_AHU_L8,32163600.0,222,221,224,0,0,0,50.01,1.0,2025-01-07 10:49:15.000,2025-01-07 10:49:15.000,2025-01-07 10:49:15.000,44137708.0,25627.0,55785661,-120.0,92
3334202,37,2025-01-07 11:00:03,WITEL_AHU_L8,32163600.0,224,222,225,0,0,0,49.98,1.0,2025-01-07 10:59:11.000,2025-01-07 10:59:11.000,2025-01-07 10:59:11.000,44137708.0,25627.0,55785661,-101.0,92
3334538,37,2025-01-07 11:10:03,WITEL_AHU_L8,32163600.0,224,222,225,0,0,0,50.04,1.0,2025-01-07 11:09:22.000,2025-01-07 11:09:22.000,2025-01-07 11:09:22.000,44137708.0,25627.0,55785661,-99.0,92
3334718,37,2025-01-07 11:20:03,WITEL_AHU_L8,32163600.0,224,222,225,0,0,0,50.02,1.0,2025-01-07 11:19:13.000,2025-01-07 11:19:13.000,2025-01-07 11:19:13.000,44137708.0,25627.0,55785661,-115.0,92
3335246,37,2025-01-07 11:40:03,WITEL_AHU_L8,32163600.0,225,223,226,0,0,0,50.01,1.0,2025-01-07 11:39:23.000,2025-01-07 11:39:23.000,2025-01-07 11:39:23.000,44137708.0,25627.0,55785661,-113.0,92
3335426,37,2025-01-07 11:50:03,WITEL_AHU_L8,32163600.0,224,223,226,0,0,0,49.99,1.0,2025-01-07 11:49:11.000,2025-01-07 11:49:11.000,2025-01-07 11:49:11.000,44137708.0,25627.0,55785661,-118.0,92
3335678,37,2025-01-07 12:00:03,WITEL_AHU_L8,32163600.0,227,225,228,0,0,0,50.06,1.0,2025-01-07 11:59:10.000,2025-01-07 11:59:10.000,2025-01-07 11:59:10.000,44137708.0,25627.0,55785661,-114.0,92
3335906,37,2025-01-07 12:10:03,WITEL_AHU_L8,32163600.0,227,226,229,0,0,0,50.01,1.0,2025-01-07 12:09:06.000,2025-01-07 12:09:06.000,2025-01-07 12:09:06.000,44137708.0,25627.0,55785661,-117.0,92
3336230,37,2025-01-07 12:20:03,WITEL_AHU_L8,32163600.0,227,226,229,0,0,0,50.0,1.0,2025-01-07 12:19:11.000,2025-01-07 12:19:11.000,2025-01-07 12:19:11.000,44137708.0,25627.0,55785661,-115.0,92
3336482,37,2025-01-07 12:30:03,WITEL_AHU_L8,32163600.0,227,226,229,0,0,0,50.01,1.0,2025-01-07 12:29:13.000,2025-01-07 12:29:13.000,2025-01-07 12:29:13.000,44137708.0,25627.0,55785661,-99.0,92
3336746,37,2025-01-07 12:40:03,WITEL_AHU_L8,32163600.0,227,226,228,0,0,0,50.01,1.0,2025-01-07 12:39:14.000,2025-01-07 12:39:14.000,2025-01-07 12:39:14.000,44137708.0,25627.0,55785661,-118.0,92
3337262,37,2025-01-07 13:00:03,WITEL_AHU_L8,32163600.0,226,224,227,0,0,0,50.03,1.0,2025-01-07 12:59:12.000,2025-01-07 12:59:12.000,2025-01-07 12:59:12.000,44137708.0,25627.0,55785661,-116.0,92
3337598,37,2025-01-07 13:10:03,WITEL_AHU_L8,32163600.0,224,222,225,0,0,0,49.98,1.0,2025-01-07 13:09:19.000,2025-01-07 13:09:19.000,2025-01-07 13:09:19.000,44137708.0,25627.0,55785661,-102.0,92
3337862,37,2025-01-07 13:20:03,WITEL_AHU_L8,32163600.0,223,222,225,0,0,0,50.0,1.0,2025-01-07 13:19:17.000,2025-01-07 13:19:17.000,2025-01-07 13:19:17.000,44137708.0,25627.0,55785661,-119.0,92
3338342,37,2025-01-07 13:40:03,WITEL_AHU_L8,32163600.0,223,221,224,0,0,0,49.98,1.0,2025-01-07 13:39:16.000,2025-01-07 13:39:16.000,2025-01-07 13:39:16.000,44137708.0,25627.0,55785661,-116.0,92
3338570,37,2025-01-07 13:50:03,WITEL_AHU_L8,32163600.0,226,225,228,0,0,0,50.02,1.0,2025-01-07 13:49:06.000,2025-01-07 13:49:06.000,2025-01-07 13:49:06.000,44137708.0,25627.0,55785661,-103.0,92
3338918,37,2025-01-07 14:00:03,WITEL_AHU_L8,32163600.0,226,225,227,0,0,0,50.02,1.0,2025-01-07 13:59:23.000,2025-01-07 13:59:23.000,2025-01-07 13:59:23.000,44137708.0,25627.0,55785661,-120.0,92
3339206,37,2025-01-07 14:10:03,WITEL_AHU_L8,32163600.0,226,225,228,0,0,0,50.02,1.0,2025-01-07 14:09:21.000,2025-01-07 14:09:21.000,2025-01-07 14:09:21.000,44137708.0,25627.0,55785661,-117.0,92
3339434,37,2025-01-07 14:20:03,WITEL_AHU_L8,32163600.0,226,225,227,0,0,0,49.97,1.0,2025-01-07 14:19:18.000,2025-01-07 14:19:18.000,2025-01-07 14:19:18.000,44137708.0,25627.0,55785661,-117.0,92
3339758,37,2025-01-07 14:30:03,WITEL_AHU_L8,32168500.0,225,223,226,11,10,12,49.98,0.5451999999999999,2025-01-07 14:29:18.000,2025-01-07 14:29:18.000,2025-01-07 14:29:18.000,44144741.0,25627.0,55794274,-100.0,92
3340478,37,2025-01-07 15:00:03,WITEL_AHU_L8,32189200.0,227,226,228,11,11,12,50.05,0.5539,2025-01-07 14:59:07.000,2025-01-07 14:59:07.000,2025-01-07 14:59:07.000,44175758.0,25627.0,55831708,-118.0,92
3340886,37,2025-01-07 15:10:03,WITEL_AHU_L8,32196100.0,225,224,227,11,10,12,50.01,0.5591999999999999,2025-01-07 15:09:23.000,2025-01-07 15:09:23.000,2025-01-07 15:09:23.000,44186191.0,25627.0,55844286,-98.0,92
3341138,37,2025-01-07 15:20:03,WITEL_AHU_L8,32203100.0,226,225,227,11,10,12,50.02,0.5600999999999999,2025-01-07 15:19:17.000,2025-01-07 15:19:17.000,2025-01-07 15:19:17.000,44196473.0,25627.0,55856733,-100.0,92
3341582,37,2025-01-07 15:40:03,WITEL_AHU_L8,32216900.0,226,225,228,11,10,12,49.98,0.5629,2025-01-07 15:39:15.000,2025-01-07 15:39:15.000,2025-01-07 15:39:15.000,44217046.0,25627.0,55881635,-99.0,92
3342098,37,2025-01-07 16:00:03,WITEL_AHU_L8,32230800.0,227,225,228,11,11,12,50.02,0.5569999999999999,2025-01-07 15:59:18.000,2025-01-07 15:59:18.000,2025-01-07 15:59:18.000,44237747.0,25627.0,55906651,-118.0,92
3342338,37,2025-01-07 16:10:03,WITEL_AHU_L8,32237800.0,227,226,229,11,11,12,49.98,0.5394,2025-01-07 16:09:19.000,2025-01-07 16:09:19.000,2025-01-07 16:09:19.000,44248198.0,25627.0,55919252,-118.0,92
3342518,37,2025-01-07 16:20:03,WITEL_AHU_L8,32244700.0,223,222,225,11,10,11,50.01,0.5618,2025-01-07 16:19:06.000,2025-01-07 16:19:06.000,2025-01-07 16:19:06.000,44258597.0,25627.0,55931801,-98.0,92
3342902,37,2025-01-07 16:30:03,WITEL_AHU_L8,32251600.0,226,224,227,11,10,12,50.01,0.5697,2025-01-07 16:29:21.000,2025-01-07 16:29:21.000,2025-01-07 16:29:21.000,44268577.0,25627.0,55943983,-118.0,92
3343166,37,2025-01-07 16:40:03,WITEL_AHU_L8,32257700.0,226,225,228,0,0,0,49.96,1.0,2025-01-07 16:39:17.000,2025-01-07 16:39:17.000,2025-01-07 16:39:17.000,44277514.0,25627.0,55954795,-99.0,92
3343550,37,2025-01-07 16:51:04,WITEL_AHU_L8,32257700.0,227,226,228,0,0,0,50.0,1.0,2025-01-07 16:50:21.000,2025-01-07 16:50:21.000,2025-01-07 16:50:21.000,44277514.0,25627.0,55954795,-99.0,92
3343850,37,2025-01-07 17:00:03,WITEL_AHU_L8,32257700.0,228,227,230,0,0,0,50.01,1.0,2025-01-07 16:59:23.000,2025-01-07 16:59:23.000,2025-01-07 16:59:23.000,44277514.0,25627.0,55954795,-114.0,92
3344342,37,2025-01-07 17:20:03,WITEL_AHU_L8,32257700.0,230,228,231,0,0,0,49.98,1.0,2025-01-07 17:19:11.000,2025-01-07 17:19:11.000,2025-01-07 17:19:11.000,44277514.0,25627.0,55954795,-114.0,92
3344642,37,2025-01-07 17:30:03,WITEL_AHU_L8,32257700.0,231,229,232,0,0,0,50.04,1.0,2025-01-07 17:29:10.000,2025-01-07 17:29:10.000,2025-01-07 17:29:10.000,44277514.0,25627.0,55954795,-99.0,92
3344906,37,2025-01-07 17:40:03,WITEL_AHU_L8,32257700.0,227,226,228,0,0,0,49.98,1.0,2025-01-07 17:39:15.000,2025-01-07 17:39:15.000,2025-01-07 17:39:15.000,44277514.0,25627.0,55954795,-107.0,92
3345218,37,2025-01-07 17:50:03,WITEL_AHU_L8,32257700.0,228,227,229,0,0,0,50.0,1.0,2025-01-07 17:49:19.000,2025-01-07 17:49:19.000,2025-01-07 17:49:19.000,44277514.0,25627.0,55954795,-114.0,92
3345362,37,2025-01-07 18:00:03,WITEL_AHU_L8,32257700.0,229,228,230,0,0,0,50.04,1.0,2025-01-07 17:59:05.000,2025-01-07 17:59:05.000,2025-01-07 17:59:05.000,44277514.0,25627.0,55954795,-101.0,92
3345794,37,2025-01-07 18:10:03,WITEL_AHU_L8,32257700.0,230,229,231,0,0,0,49.98,1.0,2025-01-07 18:09:21.000,2025-01-07 18:09:21.000,2025-01-07 18:09:21.000,44277514.0,25627.0,55954795,-98.0,92
3346334,37,2025-01-07 18:30:03,WITEL_AHU_L8,32257700.0,229,229,231,0,0,0,50.0,1.0,2025-01-07 18:29:26.000,2025-01-07 18:29:26.000,2025-01-07 18:29:26.000,44277514.0,25627.0,55954795,-99.0,92
3346514,37,2025-01-07 18:40:03,WITEL_AHU_L8,32257700.0,230,229,231,0,0,0,50.05,1.0,2025-01-07 18:39:09.000,2025-01-07 18:39:09.000,2025-01-07 18:39:09.000,44277514.0,25627.0,55954795,-100.0,92
3346778,37,2025-01-07 18:50:03,WITEL_AHU_L8,32257700.0,230,229,231,0,0,0,50.01,1.0,2025-01-07 18:49:04.000,2025-01-07 18:49:04.000,2025-01-07 18:49:04.000,44277514.0,25627.0,55954795,-100.0,92
3347150,37,2025-01-07 19:00:03,WITEL_AHU_L8,32257700.0,229,229,231,0,0,0,49.99,1.0,2025-01-07 18:59:19.000,2025-01-07 18:59:19.000,2025-01-07 18:59:19.000,44277514.0,25627.0,55954795,-107.0,92
3347702,37,2025-01-07 19:20:03,WITEL_AHU_L8,32257700.0,229,228,231,0,0,0,49.96,1.0,2025-01-07 19:19:20.000,2025-01-07 19:19:20.000,2025-01-07 19:19:20.000,44277514.0,25627.0,55954795,-103.0,92
3347918,37,2025-01-07 19:30:03,WITEL_AHU_L8,32257700.0,229,229,231,0,0,0,50.01,1.0,2025-01-07 19:29:12.000,2025-01-07 19:29:12.000,2025-01-07 19:29:12.000,44277514.0,25627.0,55954795,-118.0,92
3348230,37,2025-01-07 19:40:03,WITEL_AHU_L8,32257700.0,229,228,230,0,0,0,50.0,1.0,2025-01-07 19:39:17.000,2025-01-07 19:39:17.000,2025-01-07 19:39:17.000,44277514.0,25627.0,55954795,-106.0,92
3348794,37,2025-01-07 20:00:03,WITEL_AHU_L8,32257700.0,229,229,231,0,0,0,50.0,1.0,2025-01-07 19:59:23.000,2025-01-07 19:59:23.000,2025-01-07 19:59:23.000,44277514.0,25627.0,55954795,-109.0,92
3348974,37,2025-01-07 20:10:03,WITEL_AHU_L8,32257700.0,230,229,231,0,0,0,49.99,1.0,2025-01-07 20:09:09.000,2025-01-07 20:09:09.000,2025-01-07 20:09:09.000,44277514.0,25627.0,55954795,-100.0,92
3349370,37,2025-01-07 20:20:03,WITEL_AHU_L8,32257700.0,229,229,231,0,0,0,50.0,1.0,2025-01-07 20:19:26.000,2025-01-07 20:19:26.000,2025-01-07 20:19:26.000,44277514.0,25627.0,55954795,-117.0,92
3349850,37,2025-01-07 20:40:03,WITEL_AHU_L8,32257700.0,230,229,231,0,0,0,49.97,1.0,2025-01-07 20:39:09.000,2025-01-07 20:39:09.000,2025-01-07 20:39:09.000,44277514.0,25627.0,55954795,-115.0,92
3350150,37,2025-01-07 20:50:03,WITEL_AHU_L8,32257700.0,230,229,231,0,0,0,49.97,1.0,2025-01-07 20:49:14.000,2025-01-07 20:49:14.000,2025-01-07 20:49:14.000,44277514.0,25627.0,55954795,-100.0,92
3350450,37,2025-01-07 21:00:03,WITEL_AHU_L8,32257700.0,230,230,232,0,0,0,50.01,1.0,2025-01-07 20:59:15.000,2025-01-07 20:59:15.000,2025-01-07 20:59:15.000,44277514.0,25627.0,55954795,-118.0,92
3350630,37,2025-01-07 21:10:03,WITEL_AHU_L8,32257700.0,231,230,232,0,0,0,50.03,1.0,2025-01-07 21:09:06.000,2025-01-07 21:09:06.000,2025-01-07 21:09:06.000,44277514.0,25627.0,55954795,-100.0,92
3350966,37,2025-01-07 21:20:03,WITEL_AHU_L8,32257700.0,227,227,229,0,0,0,49.98,1.0,2025-01-07 21:19:14.000,2025-01-07 21:19:14.000,2025-01-07 21:19:14.000,44277514.0,25627.0,55954795,-117.0,92
3351146,37,2025-01-07 21:30:03,WITEL_AHU_L8,32257700.0,227,227,229,0,0,0,50.0,1.0,2025-01-07 21:29:05.000,2025-01-07 21:29:05.000,2025-01-07 21:29:05.000,44277514.0,25627.0,55954795,-100.0,92
3351494,37,2025-01-07 21:40:03,WITEL_AHU_L8,32257700.0,228,227,229,0,0,0,49.98,1.0,2025-01-07 21:39:14.000,2025-01-07 21:39:14.000,2025-01-07 21:39:14.000,44277514.0,25627.0,55954795,-112.0,92
3351722,37,2025-01-07 21:50:03,WITEL_AHU_L8,32257700.0,229,229,231,0,0,0,50.01,1.0,2025-01-07 21:49:08.000,2025-01-07 21:49:08.000,2025-01-07 21:49:08.000,44277514.0,25627.0,55954795,-118.0,92
3352118,37,2025-01-07 22:00:03,WITEL_AHU_L8,32257700.0,229,229,231,0,0,0,50.01,1.0,2025-01-07 21:59:20.000,2025-01-07 21:59:20.000,2025-01-07 21:59:20.000,44277514.0,25627.0,55954795,-118.0,92
3352298,37,2025-01-07 22:10:03,WITEL_AHU_L8,32257700.0,229,229,231,0,0,0,50.03,1.0,2025-01-07 22:09:06.000,2025-01-07 22:09:06.000,2025-01-07 22:09:06.000,44277514.0,25627.0,55954795,-99.0,92
3352550,37,2025-01-07 22:20:03,WITEL_AHU_L8,32257700.0,229,229,231,0,0,0,49.97,1.0,2025-01-07 22:19:11.000,2025-01-07 22:19:11.000,2025-01-07 22:19:11.000,44277514.0,25627.0,55954795,-117.0,92
3353174,37,2025-01-07 22:40:03,WITEL_AHU_L8,32257700.0,230,229,232,0,0,0,50.03,1.0,2025-01-07 22:39:18.000,2025-01-07 22:39:18.000,2025-01-07 22:39:18.000,44277514.0,25627.0,55954795,-105.0,92
3353378,37,2025-01-07 22:50:03,WITEL_AHU_L8,32257700.0,230,230,232,0,0,0,49.97,1.0,2025-01-07 22:49:11.000,2025-01-07 22:49:11.000,2025-01-07 22:49:11.000,44277514.0,25627.0,55954795,-119.0,92
3353762,37,2025-01-07 23:00:03,WITEL_AHU_L8,32257700.0,231,230,232,0,0,0,50.03,1.0,2025-01-07 22:59:23.000,2025-01-07 22:59:23.000,2025-01-07 22:59:23.000,44277514.0,25627.0,55954795,-101.0,92
3354302,37,2025-01-07 23:20:03,WITEL_AHU_L8,32257700.0,230,230,232,0,0,0,50.01,1.0,2025-01-07 23:19:18.000,2025-01-07 23:19:18.000,2025-01-07 23:19:18.000,44277514.0,25627.0,55954795,-105.0,92
3354578,37,2025-01-07 23:30:03,WITEL_AHU_L8,32257700.0,230,230,232,0,0,0,49.98,1.0,2025-01-07 23:29:18.000,2025-01-07 23:29:18.000,2025-01-07 23:29:18.000,44277514.0,25627.0,55954795,-99.0,92
3354878,37,2025-01-07 23:40:03,WITEL_AHU_L8,32257700.0,227,227,229,0,0,0,50.0,1.0,2025-01-07 23:39:21.000,2025-01-07 23:39:21.000,2025-01-07 23:39:21.000,44277514.0,25627.0,55954795,-115.0,92
3355118,37,2025-01-07 23:50:03,WITEL_AHU_L8,32257700.0,227,227,229,0,0,0,49.99,1.0,2025-01-07 23:49:15.000,2025-01-07 23:49:15.000,2025-01-07 23:49:15.000,44277514.0,25627.0,55954795,-102.0,92
3355370,37,2025-01-08 00:00:03,WITEL_AHU_L8,32257700.0,228,228,230,0,0,0,49.99,1.0,2025-01-07 23:59:09.000,2025-01-07 23:59:09.000,2025-01-07 23:59:09.000,44277514.0,25627.0,55954795,-113.0,92
3355742,37,2025-01-08 00:10:03,WITEL_AHU_L8,32257700.0,228,228,230,0,0,0,49.99,1.0,2025-01-08 00:09:16.000,2025-01-08 00:09:16.000,2025-01-08 00:09:16.000,44277514.0,25627.0,55954795,-117.0,92
3356078,37,2025-01-08 00:20:03,WITEL_AHU_L8,32257700.0,228,228,230,0,0,0,50.01,1.0,2025-01-08 00:19:21.000,2025-01-08 00:19:21.000,2025-01-08 00:19:21.000,44277514.0,25627.0,55954795,-117.0,92
3356726,37,2025-01-08 00:47:23,WITEL_AHU_L8,32257700.0,229,228,230,0,0,0,50.0,1.0,2025-01-08 00:46:26.000,2025-01-08 00:46:26.000,2025-01-08 00:46:26.000,44277514.0,25627.0,55954795,-111.0,92
3356978,37,2025-01-08 00:50:03,WITEL_AHU_L8,32257700.0,229,228,231,0,0,0,50.01,1.0,2025-01-08 00:49:14.000,2025-01-08 00:49:14.000,2025-01-08 00:49:14.000,44277514.0,25627.0,55954795,-97.0,92
3357266,37,2025-01-08 01:00:03,WITEL_AHU_L8,32257700.0,229,228,231,0,0,0,50.01,1.0,2025-01-08 00:59:08.000,2025-01-08 00:59:08.000,2025-01-08 00:59:08.000,44277514.0,25627.0,55954795,-113.0,92
3357602,37,2025-01-08 01:10:03,WITEL_AHU_L8,32257700.0,229,228,230,0,0,0,49.99,1.0,2025-01-08 01:09:11.000,2025-01-08 01:09:11.000,2025-01-08 01:09:11.000,44277514.0,25627.0,55954795,-120.0,92
3357878,37,2025-01-08 01:20:03,WITEL_AHU_L8,32257700.0,229,228,230,0,0,0,50.0,1.0,2025-01-08 01:19:16.000,2025-01-08 01:19:16.000,2025-01-08 01:19:16.000,44277514.0,25627.0,55954795,-117.0,92
3358262,37,2025-01-08 01:30:03,WITEL_AHU_L8,32257700.0,229,228,230,0,0,0,50.02,1.0,2025-01-08 01:31:30.000,2025-01-08 01:31:30.000,2025-01-08 01:31:30.000,44277514.0,25627.0,55954795,-99.0,92
3358574,37,2025-01-08 01:40:03,WITEL_AHU_L8,32257700.0,229,228,230,0,0,0,49.95,1.0,2025-01-08 01:39:23.000,2025-01-08 01:39:23.000,2025-01-08 01:39:23.000,44277514.0,25627.0,55954795,-119.0,92
3358898,37,2025-01-08 01:50:03,WITEL_AHU_L8,32257700.0,229,228,230,0,0,0,49.97,1.0,2025-01-08 01:49:24.000,2025-01-08 01:49:24.000,2025-01-08 01:49:24.000,44277514.0,25627.0,55954795,-112.0,92
3359174,37,2025-01-08 02:00:03,WITEL_AHU_L8,32257700.0,229,228,231,0,0,0,50.0,1.0,2025-01-08 01:59:17.000,2025-01-08 01:59:17.000,2025-01-08 01:59:17.000,44277514.0,25627.0,55954795,-101.0,92
3359786,37,2025-01-08 02:20:03,WITEL_AHU_L8,32257700.0,229,229,231,0,0,0,50.05,1.0,2025-01-08 02:19:21.000,2025-01-08 02:19:21.000,2025-01-08 02:19:21.000,44277514.0,25627.0,55954795,-115.0,92
3359966,37,2025-01-08 02:30:03,WITEL_AHU_L8,32257700.0,229,229,231,0,0,0,49.97,1.0,2025-01-08 02:29:02.000,2025-01-08 02:29:02.000,2025-01-08 02:29:02.000,44277514.0,25627.0,55954795,-99.0,92
3360242,37,2025-01-08 02:40:03,WITEL_AHU_L8,32257700.0,229,229,231,0,0,0,50.01,1.0,2025-01-08 02:39:05.000,2025-01-08 02:39:05.000,2025-01-08 02:39:05.000,44277514.0,25627.0,55954795,-119.0,92
3360638,37,2025-01-08 02:50:03,WITEL_AHU_L8,32257700.0,230,229,231,0,0,0,50.03,1.0,2025-01-08 02:49:13.000,2025-01-08 02:49:13.000,2025-01-08 02:49:13.000,44277514.0,25627.0,55954795,-98.0,92
3360962,37,2025-01-08 03:00:03,WITEL_AHU_L8,32257700.0,230,229,231,0,0,0,50.01,1.0,2025-01-08 02:59:13.000,2025-01-08 02:59:13.000,2025-01-08 02:59:13.000,44277514.0,25627.0,55954795,-114.0,92
3361226,37,2025-01-08 03:10:03,WITEL_AHU_L8,32257700.0,230,230,232,0,0,0,50.01,1.0,2025-01-08 03:09:05.000,2025-01-08 03:09:05.000,2025-01-08 03:09:05.000,44277514.0,25627.0,55954795,-118.0,92
3361646,37,2025-01-08 03:20:03,WITEL_AHU_L8,32257700.0,230,230,232,0,0,0,49.94,1.0,2025-01-08 03:19:20.000,2025-01-08 03:19:20.000,2025-01-08 03:19:20.000,44277514.0,25627.0,55954795,-118.0,92
3361898,37,2025-01-08 03:30:03,WITEL_AHU_L8,32257700.0,230,230,232,0,0,0,50.03,1.0,2025-01-08 03:29:13.000,2025-01-08 03:29:13.000,2025-01-08 03:29:13.000,44277514.0,25627.0,55954795,-103.0,92
3362150,37,2025-01-08 03:40:03,WITEL_AHU_L8,32257700.0,230,230,232,0,0,0,50.01,1.0,2025-01-08 03:39:10.000,2025-01-08 03:39:10.000,2025-01-08 03:39:10.000,44277514.0,25627.0,55954795,-119.0,92
3362546,37,2025-01-08 03:50:03,WITEL_AHU_L8,32257700.0,230,230,232,0,0,0,50.0,1.0,2025-01-08 03:49:22.000,2025-01-08 03:49:22.000,2025-01-08 03:49:22.000,44277514.0,25627.0,55954795,-114.0,92
3362726,37,2025-01-08 04:00:03,WITEL_AHU_L8,32257700.0,230,230,232,0,0,0,49.96,1.0,2025-01-08 03:59:14.000,2025-01-08 03:59:14.000,2025-01-08 03:59:14.000,44277514.0,25627.0,55954795,-101.0,92
3363338,37,2025-01-08 04:20:03,WITEL_AHU_L8,32257700.0,230,229,231,0,0,0,50.0,1.0,2025-01-08 04:19:20.000,2025-01-08 04:19:20.000,2025-01-08 04:19:20.000,44277514.0,25627.0,55954795,-120.0,92
3363554,37,2025-01-08 04:30:03,WITEL_AHU_L8,32257700.0,230,229,231,0,0,0,49.96,1.0,2025-01-08 04:29:10.000,2025-01-08 04:29:10.000,2025-01-08 04:29:10.000,44277514.0,25627.0,55954795,-105.0,92
3363890,37,2025-01-08 04:40:03,WITEL_AHU_L8,32257700.0,230,229,231,0,0,0,50.03,1.0,2025-01-08 04:39:13.000,2025-01-08 04:39:13.000,2025-01-08 04:39:13.000,44277514.0,25627.0,55954795,-119.0,92
3364250,37,2025-01-08 04:50:03,WITEL_AHU_L8,32257700.0,230,229,231,0,0,0,49.98,1.0,2025-01-08 04:49:19.000,2025-01-08 04:49:19.000,2025-01-08 04:49:19.000,44277514.0,25627.0,55954795,-120.0,92
3364562,37,2025-01-08 05:00:03,WITEL_AHU_L8,32257700.0,229,229,231,0,0,0,50.07,1.0,2025-01-08 04:59:21.000,2025-01-08 04:59:21.000,2025-01-08 04:59:21.000,44277514.0,25627.0,55954795,-119.0,92
3364790,37,2025-01-08 05:10:03,WITEL_AHU_L8,32257700.0,229,229,231,0,0,0,49.99,1.0,2025-01-08 05:09:08.000,2025-01-08 05:09:08.000,2025-01-08 05:09:08.000,44277514.0,25627.0,55954795,-103.0,92
3365198,37,2025-01-08 05:20:03,WITEL_AHU_L8,32257700.0,229,228,230,0,0,0,49.97,1.0,2025-01-08 05:19:25.000,2025-01-08 05:19:25.000,2025-01-08 05:19:25.000,44277514.0,25627.0,55954795,-94.0,92
3365390,37,2025-01-08 05:30:03,WITEL_AHU_L8,32257700.0,229,228,230,0,0,0,50.03,1.0,2025-01-08 05:29:09.000,2025-01-08 05:29:09.000,2025-01-08 05:29:09.000,44277514.0,25627.0,55954795,-120.0,92
3366038,37,2025-01-08 05:50:03,WITEL_AHU_L8,32257700.0,228,228,230,0,0,0,50.01,1.0,2025-01-08 05:49:14.000,2025-01-08 05:49:14.000,2025-01-08 05:49:14.000,44277514.0,25627.0,55954795,-103.0,92
3366362,37,2025-01-08 06:00:03,WITEL_AHU_L8,32257700.0,228,227,229,0,0,0,50.05,1.0,2025-01-08 05:59:15.000,2025-01-08 05:59:15.000,2025-01-08 05:59:15.000,44277514.0,25627.0,55954795,-118.0,92
3366950,37,2025-01-08 06:20:03,WITEL_AHU_L8,32257700.0,227,226,228,0,0,0,50.0,1.0,2025-01-08 06:19:21.000,2025-01-08 06:19:21.000,2025-01-08 06:19:21.000,44277514.0,25627.0,55954795,-118.0,92
3367238,37,2025-01-08 06:30:03,WITEL_AHU_L8,32257700.0,226,226,228,0,0,0,50.06,1.0,2025-01-08 06:29:16.000,2025-01-08 06:29:16.000,2025-01-08 06:29:16.000,44277514.0,25627.0,55954795,-102.0,92
3367598,37,2025-01-08 06:40:03,WITEL_AHU_L8,32257700.0,226,225,227,0,0,0,50.05,1.0,2025-01-08 06:39:20.000,2025-01-08 06:39:20.000,2025-01-08 06:39:20.000,44277514.0,25627.0,55954795,-119.0,92
3367802,37,2025-01-08 06:50:03,WITEL_AHU_L8,32264400.0,222,222,225,11,10,11,50.07,0.5709,2025-01-08 06:49:09.000,2025-01-08 06:49:09.000,2025-01-08 06:49:09.000,44287336.0,25627.0,55966807,-99.0,92
3368138,37,2025-01-08 07:00:03,WITEL_AHU_L8,32271400.0,222,221,224,11,10,11,50.05,0.5766,2025-01-08 06:59:09.000,2025-01-08 06:59:09.000,2025-01-08 06:59:09.000,44297136.0,25627.0,55978840,-107.0,92
3368810,37,2025-01-08 07:20:03,WITEL_AHU_L8,32285200.0,224,223,226,11,10,12,49.99,0.5666,2025-01-08 07:19:23.000,2025-01-08 07:19:23.000,2025-01-08 07:19:23.000,44317064.0,25627.0,56003180,-116.0,92
3369110,37,2025-01-08 07:30:03,WITEL_AHU_L8,32292100.0,224,223,226,11,10,12,50.0,0.5727,2025-01-08 07:29:23.000,2025-01-08 07:29:23.000,2025-01-08 07:29:23.000,44327245.0,25627.0,56015542,-99.0,92
3369410,37,2025-01-08 07:40:03,WITEL_AHU_L8,32299000.0,224,223,225,11,10,12,49.93,0.5707,2025-01-08 07:39:21.000,2025-01-08 07:39:21.000,2025-01-08 07:39:21.000,44337218.0,25627.0,56027733,-120.0,92
3369638,37,2025-01-08 07:50:02,WITEL_AHU_L8,32306000.0,222,221,224,11,10,11,50.0,0.5852999999999999,2025-01-08 07:49:13.000,2025-01-08 07:49:13.000,2025-01-08 07:49:13.000,44347136.0,25627.0,56039874,-103.0,92
3369974,37,2025-01-08 08:00:02,WITEL_AHU_L8,32312900.0,223,222,225,11,10,11,50.04,0.5651999999999999,2025-01-08 07:59:11.000,2025-01-08 07:59:11.000,2025-01-08 07:59:11.000,44357056.0,25627.0,56052014,-115.0,92
3370334,37,2025-01-08 08:10:03,WITEL_AHU_L8,32319800.0,223,222,224,11,10,11,50.06,0.5781,2025-01-08 08:09:12.000,2025-01-08 08:09:12.000,2025-01-08 08:09:12.000,44366826.0,25627.0,56064034,-101.0,92
3370622,37,2025-01-08 08:20:03,WITEL_AHU_L8,32326800.0,224,223,226,11,10,11,50.03,0.5630999999999999,2025-01-08 08:19:08.000,2025-01-08 08:19:08.000,2025-01-08 08:19:08.000,44376884.0,25627.0,56076298,-118.0,92
3371186,37,2025-01-08 08:40:03,WITEL_AHU_L8,32340700.0,224,223,225,11,10,11,50.02,0.5756,2025-01-08 08:39:12.000,2025-01-08 08:39:12.000,2025-01-08 08:39:12.000,44397104.0,25627.0,56100925,-118.0,92
3385904,37,2025-01-08 17:00:03,WITEL_AHU_L8,32687100.0,228,227,229,11,11,12,50.02,0.5409999999999999,2025-01-08 16:59:06.000,2025-01-08 16:59:06.000,2025-01-08 16:59:06.000,44898628.0,25627.0,56712376,-118.0,92
3386567,37,2025-01-08 17:20:03,WITEL_AHU_L8,32697200.0,230,229,231,0,0,0,49.98,1.0,2025-01-08 17:19:18.000,2025-01-08 17:19:18.000,2025-01-08 17:19:18.000,44914485.0,25627.0,56731228,-118.0,92
3387152,37,2025-01-08 17:40:03,WITEL_AHU_L8,32697200.0,227,226,228,0,0,0,50.05,1.0,2025-01-08 17:39:12.000,2025-01-08 17:39:12.000,2025-01-08 17:39:12.000,44914485.0,25627.0,56731228,-114.0,92
3387477,37,2025-01-08 17:50:03,WITEL_AHU_L8,32697200.0,228,227,229,0,0,0,50.05,1.0,2025-01-08 17:49:15.000,2025-01-08 17:49:15.000,2025-01-08 17:49:15.000,44914485.0,25627.0,56731228,-119.0,92
3387711,37,2025-01-08 18:00:03,WITEL_AHU_L8,32697200.0,229,228,230,0,0,0,50.06,1.0,2025-01-08 17:59:04.000,2025-01-08 17:59:04.000,2025-01-08 17:59:04.000,44914485.0,25627.0,56731228,-118.0,92
3388283,37,2025-01-08 18:20:03,WITEL_AHU_L8,32697200.0,230,229,231,0,0,0,50.02,1.0,2025-01-08 18:19:07.000,2025-01-08 18:19:07.000,2025-01-08 18:19:07.000,44914485.0,25627.0,56731228,-119.0,92
3388621,37,2025-01-08 18:30:03,WITEL_AHU_L8,32697200.0,230,229,231,0,0,0,50.0,1.0,2025-01-08 18:29:10.000,2025-01-08 18:29:10.000,2025-01-08 18:29:10.000,44914485.0,25627.0,56731228,-120.0,92
3388868,37,2025-01-08 18:40:03,WITEL_AHU_L8,32697200.0,230,229,231,0,0,0,50.0,1.0,2025-01-08 18:39:07.000,2025-01-08 18:39:07.000,2025-01-08 18:39:07.000,44914485.0,25627.0,56731228,-118.0,92
3389492,37,2025-01-08 19:00:03,WITEL_AHU_L8,32697200.0,230,229,231,0,0,0,49.99,1.0,2025-01-08 18:59:18.000,2025-01-08 18:59:18.000,2025-01-08 18:59:18.000,44914485.0,25627.0,56731228,-115.0,92
3389778,37,2025-01-08 19:10:03,WITEL_AHU_L8,32697200.0,230,229,231,0,0,0,49.99,1.0,2025-01-08 19:09:17.000,2025-01-08 19:09:17.000,2025-01-08 19:09:17.000,44914485.0,25627.0,56731228,-99.0,92
3390090,37,2025-01-08 19:20:03,WITEL_AHU_L8,32697200.0,229,229,230,0,0,0,49.99,1.0,2025-01-08 19:19:16.000,2025-01-08 19:19:16.000,2025-01-08 19:19:16.000,44914485.0,25627.0,56731228,-111.0,92
3390337,37,2025-01-08 19:30:03,WITEL_AHU_L8,32697200.0,229,229,231,0,0,0,49.99,1.0,2025-01-08 19:29:15.000,2025-01-08 19:29:15.000,2025-01-08 19:29:15.000,44914485.0,25627.0,56731228,-115.0,92
3390597,37,2025-01-08 19:40:03,WITEL_AHU_L8,32697200.0,229,229,230,0,0,0,50.01,1.0,2025-01-08 19:39:08.000,2025-01-08 19:39:08.000,2025-01-08 19:39:08.000,44914485.0,25627.0,56731228,-119.0,92
3391078,37,2025-01-08 19:50:03,WITEL_AHU_L8,32697200.0,229,229,230,0,0,0,50.01,1.0,2025-01-08 19:49:24.000,2025-01-08 19:49:24.000,2025-01-08 19:49:24.000,44914485.0,25627.0,56731228,-119.0,92
3391364,37,2025-01-08 20:00:03,WITEL_AHU_L8,32697200.0,229,229,230,0,0,0,49.99,1.0,2025-01-08 19:59:22.000,2025-01-08 19:59:22.000,2025-01-08 19:59:22.000,44914485.0,25627.0,56731228,-118.0,92
3391962,37,2025-01-08 20:20:03,WITEL_AHU_L8,32697200.0,229,228,230,0,0,0,49.99,1.0,2025-01-08 20:19:20.000,2025-01-08 20:19:20.000,2025-01-08 20:19:20.000,44914485.0,25627.0,56731228,-115.0,92
3392196,37,2025-01-08 20:30:03,WITEL_AHU_L8,32697200.0,230,229,231,0,0,0,50.02,1.0,2025-01-08 20:29:09.000,2025-01-08 20:29:09.000,2025-01-08 20:29:09.000,44914485.0,25627.0,56731228,-116.0,92
3393028,37,2025-01-08 21:00:03,WITEL_AHU_L8,32697200.0,230,230,231,0,0,0,50.0,1.0,2025-01-08 20:59:06.000,2025-01-08 20:59:06.000,2025-01-08 20:59:06.000,44914485.0,25627.0,56731228,-119.0,92
3393470,37,2025-01-08 21:10:03,WITEL_AHU_L8,32697200.0,231,230,232,0,0,0,49.99,1.0,2025-01-08 21:09:24.000,2025-01-08 21:09:24.000,2025-01-08 21:09:24.000,44914485.0,25627.0,56731228,-97.0,92
3393678,37,2025-01-08 21:20:03,WITEL_AHU_L8,32697200.0,231,230,232,0,0,0,50.01,1.0,2025-01-08 21:19:08.000,2025-01-08 21:19:08.000,2025-01-08 21:19:08.000,44914485.0,25627.0,56731228,-118.0,92
3394003,37,2025-01-08 21:30:03,WITEL_AHU_L8,32697200.0,227,227,229,0,0,0,50.02,1.0,2025-01-08 21:29:15.000,2025-01-08 21:29:15.000,2025-01-08 21:29:15.000,44914485.0,25627.0,56731228,-116.0,92
3394302,37,2025-01-08 21:40:03,WITEL_AHU_L8,32697200.0,228,228,229,0,0,0,49.98,1.0,2025-01-08 21:39:17.000,2025-01-08 21:39:17.000,2025-01-08 21:39:17.000,44914485.0,25627.0,56731228,-118.0,92
3394562,37,2025-01-08 21:50:03,WITEL_AHU_L8,32697200.0,229,228,230,0,0,0,50.02,1.0,2025-01-08 21:49:10.000,2025-01-08 21:49:10.000,2025-01-08 21:49:10.000,44914485.0,25627.0,56731228,-114.0,92
3394861,37,2025-01-08 22:00:03,WITEL_AHU_L8,32697200.0,229,229,230,0,0,0,50.02,1.0,2025-01-08 21:59:12.000,2025-01-08 21:59:12.000,2025-01-08 21:59:12.000,44914485.0,25627.0,56731228,-107.0,92
3395108,37,2025-01-08 22:10:03,WITEL_AHU_L8,32697200.0,230,230,231,0,0,0,49.98,1.0,2025-01-08 22:09:11.000,2025-01-08 22:09:11.000,2025-01-08 22:09:11.000,44914485.0,25627.0,56731228,-101.0,92
3395537,37,2025-01-08 22:20:03,WITEL_AHU_L8,32697200.0,230,229,231,0,0,0,50.02,1.0,2025-01-08 22:19:25.000,2025-01-08 22:19:25.000,2025-01-08 22:19:25.000,44914485.0,25627.0,56731228,-105.0,92
3395706,37,2025-01-08 22:30:03,WITEL_AHU_L8,32697200.0,230,230,232,0,0,0,50.0,1.0,2025-01-08 22:29:07.000,2025-01-08 22:29:07.000,2025-01-08 22:29:07.000,44914485.0,25627.0,56731228,-119.0,92
3396707,37,2025-01-08 23:00:03,WITEL_AHU_L8,32697200.0,228,228,229,0,0,0,50.08,1.0,2025-01-08 22:59:21.000,2025-01-08 22:59:21.000,2025-01-08 22:59:21.000,44914485.0,25627.0,56731228,-119.0,92
3396980,37,2025-01-08 23:10:03,WITEL_AHU_L8,32697200.0,228,228,229,0,0,0,50.02,1.0,2025-01-08 23:09:17.000,2025-01-08 23:09:17.000,2025-01-08 23:09:17.000,44914485.0,25627.0,56731228,-118.0,92
3397188,37,2025-01-08 23:20:03,WITEL_AHU_L8,32697200.0,228,228,230,0,0,0,50.06,1.0,2025-01-08 23:19:06.000,2025-01-08 23:19:06.000,2025-01-08 23:19:06.000,44914485.0,25627.0,56731228,-118.0,92
3397591,37,2025-01-08 23:30:03,WITEL_AHU_L8,32697200.0,228,228,230,0,0,0,50.06,1.0,2025-01-08 23:29:21.000,2025-01-08 23:29:21.000,2025-01-08 23:29:21.000,44914485.0,25627.0,56731228,-101.0,92
3397760,37,2025-01-08 23:40:03,WITEL_AHU_L8,32697200.0,228,228,230,0,0,0,50.08,1.0,2025-01-08 23:39:04.000,2025-01-08 23:39:04.000,2025-01-08 23:39:04.000,44914485.0,25627.0,56731228,-114.0,92
3398202,37,2025-01-08 23:50:03,WITEL_AHU_L8,32697200.0,229,228,230,0,0,0,50.01,1.0,2025-01-08 23:49:22.000,2025-01-08 23:49:22.000,2025-01-08 23:49:22.000,44914485.0,25627.0,56731228,-115.0,92
3398358,37,2025-01-09 00:00:03,WITEL_AHU_L8,32697200.0,229,229,231,0,0,0,50.04,1.0,2025-01-08 23:59:04.000,2025-01-08 23:59:04.000,2025-01-08 23:59:04.000,44914485.0,25627.0,56731228,-103.0,92
3398774,37,2025-01-09 00:10:02,WITEL_AHU_L8,32697200.0,229,229,231,0,0,0,50.03,1.0,2025-01-09 00:09:16.000,2025-01-09 00:09:16.000,2025-01-09 00:09:16.000,44914485.0,25627.0,56731228,-101.0,92
3398995,37,2025-01-09 00:20:02,WITEL_AHU_L8,32697200.0,229,229,230,0,0,0,50.01,1.0,2025-01-09 00:19:03.000,2025-01-09 00:19:03.000,2025-01-09 00:19:03.000,44914485.0,25627.0,56731228,-107.0,92
3399450,37,2025-01-09 00:30:02,WITEL_AHU_L8,32697200.0,229,229,231,0,0,0,50.04,1.0,2025-01-09 00:29:16.000,2025-01-09 00:29:16.000,2025-01-09 00:29:16.000,44914485.0,25627.0,56731228,-119.0,92
3399684,37,2025-01-09 00:40:02,WITEL_AHU_L8,32697200.0,229,229,231,0,0,0,49.94,1.0,2025-01-09 00:39:05.000,2025-01-09 00:39:05.000,2025-01-09 00:39:05.000,44914485.0,25627.0,56731228,-118.0,92
3399905,37,2025-01-09 00:46:51,WITEL_AHU_L8,32697200.0,229,229,231,0,0,0,50.01,1.0,2025-01-09 00:46:01.000,2025-01-09 00:46:01.000,2025-01-09 00:46:01.000,44914485.0,25627.0,56731228,-99.0,92
3400581,37,2025-01-09 01:00:03,WITEL_AHU_L8,32697200.0,229,229,231,0,0,0,49.99,1.0,2025-01-09 00:59:17.000,2025-01-09 00:59:17.000,2025-01-09 00:59:17.000,44914485.0,25627.0,56731228,-107.0,92
3400854,37,2025-01-09 01:10:03,WITEL_AHU_L8,32697200.0,229,229,231,0,0,0,50.02,1.0,2025-01-09 01:09:12.000,2025-01-09 01:09:12.000,2025-01-09 01:09:12.000,44914485.0,25627.0,56731228,-119.0,92
3401257,37,2025-01-09 01:20:03,WITEL_AHU_L8,32697200.0,229,229,231,0,0,0,49.97,1.0,2025-01-09 01:19:24.000,2025-01-09 01:19:24.000,2025-01-09 01:19:24.000,44914485.0,25627.0,56731228,-120.0,92
3401556,37,2025-01-09 01:30:03,WITEL_AHU_L8,32697200.0,230,229,231,0,0,0,50.04,1.0,2025-01-09 01:32:34.000,2025-01-09 01:32:34.000,2025-01-09 01:32:34.000,44914485.0,25627.0,56731228,-119.0,92
3401751,37,2025-01-09 01:40:03,WITEL_AHU_L8,32697200.0,229,229,231,0,0,0,49.99,1.0,2025-01-09 01:39:12.000,2025-01-09 01:39:12.000,2025-01-09 01:39:12.000,44914485.0,25627.0,56731228,-116.0,92
3402102,37,2025-01-09 01:50:03,WITEL_AHU_L8,32697200.0,229,229,231,0,0,0,49.99,1.0,2025-01-09 01:49:15.000,2025-01-09 01:49:15.000,2025-01-09 01:49:15.000,44914485.0,25627.0,56731228,-101.0,92
3402986,37,2025-01-09 02:20:03,WITEL_AHU_L8,32697200.0,230,229,232,0,0,0,50.04,1.0,2025-01-09 02:19:17.000,2025-01-09 02:19:17.000,2025-01-09 02:19:17.000,44914485.0,25627.0,56731228,-100.0,92
3403259,37,2025-01-09 02:30:03,WITEL_AHU_L8,32697200.0,230,230,232,0,0,0,50.0,1.0,2025-01-09 02:29:08.000,2025-01-09 02:29:08.000,2025-01-09 02:29:08.000,44914485.0,25627.0,56731228,-118.0,92
3404182,37,2025-01-09 03:00:03,WITEL_AHU_L8,32697200.0,230,230,232,0,0,0,50.07,1.0,2025-01-09 02:59:15.000,2025-01-09 02:59:15.000,2025-01-09 02:59:15.000,44914485.0,25627.0,56731228,-116.0,92
3404455,37,2025-01-09 03:10:03,WITEL_AHU_L8,32697200.0,231,231,232,0,0,0,49.98,1.0,2025-01-09 03:09:10.000,2025-01-09 03:09:10.000,2025-01-09 03:09:10.000,44914485.0,25627.0,56731228,-119.0,92
3404741,37,2025-01-09 03:20:03,WITEL_AHU_L8,32697200.0,228,227,229,0,0,0,50.05,1.0,2025-01-09 03:19:04.000,2025-01-09 03:19:04.000,2025-01-09 03:19:04.000,44914485.0,25627.0,56731228,-118.0,92
3405105,37,2025-01-09 03:30:03,WITEL_AHU_L8,32697200.0,228,227,229,0,0,0,49.98,1.0,2025-01-09 03:29:15.000,2025-01-09 03:29:15.000,2025-01-09 03:29:15.000,44914485.0,25627.0,56731228,-119.0,92
3405456,37,2025-01-09 03:40:03,WITEL_AHU_L8,32697200.0,227,227,229,0,0,0,49.99,1.0,2025-01-09 03:39:21.000,2025-01-09 03:39:21.000,2025-01-09 03:39:21.000,44914485.0,25627.0,56731228,-118.0,92
3405703,37,2025-01-09 03:50:03,WITEL_AHU_L8,32697200.0,228,227,229,0,0,0,49.99,1.0,2025-01-09 03:49:12.000,2025-01-09 03:49:12.000,2025-01-09 03:49:12.000,44914485.0,25627.0,56731228,-120.0,92
3406054,37,2025-01-09 04:00:03,WITEL_AHU_L8,32697200.0,227,227,229,0,0,0,49.96,1.0,2025-01-09 03:59:18.000,2025-01-09 03:59:18.000,2025-01-09 03:59:18.000,44914485.0,25627.0,56731228,-111.0,92
3406743,37,2025-01-09 04:20:03,WITEL_AHU_L8,32697200.0,226,225,227,0,0,0,50.0,1.0,2025-01-09 04:19:24.000,2025-01-09 04:19:24.000,2025-01-09 04:19:24.000,44914485.0,25627.0,56731228,-101.0,92
3406964,37,2025-01-09 04:30:03,WITEL_AHU_L8,32697200.0,226,226,228,0,0,0,50.01,1.0,2025-01-09 04:29:09.000,2025-01-09 04:29:09.000,2025-01-09 04:29:09.000,44914485.0,25627.0,56731228,-118.0,92
3407250,37,2025-01-09 04:40:03,WITEL_AHU_L8,32697200.0,226,226,227,0,0,0,49.96,1.0,2025-01-09 04:39:05.000,2025-01-09 04:39:05.000,2025-01-09 04:39:05.000,44914485.0,25627.0,56731228,-118.0,92
3407874,37,2025-01-09 05:00:03,WITEL_AHU_L8,32697200.0,226,225,227,0,0,0,49.99,1.0,2025-01-09 04:59:05.000,2025-01-09 04:59:05.000,2025-01-09 04:59:05.000,44914485.0,25627.0,56731228,-116.0,92
3408199,37,2025-01-09 05:10:03,WITEL_AHU_L8,32697200.0,226,225,227,0,0,0,49.97,1.0,2025-01-09 05:09:07.000,2025-01-09 05:09:07.000,2025-01-09 05:09:07.000,44914485.0,25627.0,56731228,-101.0,92
3408524,37,2025-01-09 05:20:03,WITEL_AHU_L8,32697200.0,225,225,227,0,0,0,49.98,1.0,2025-01-09 05:19:11.000,2025-01-09 05:19:11.000,2025-01-09 05:19:11.000,44914485.0,25627.0,56731228,-118.0,92
3409252,37,2025-01-09 05:40:03,WITEL_AHU_L8,32697200.0,228,228,230,0,0,0,50.08,1.0,2025-01-09 05:39:19.000,2025-01-09 05:39:19.000,2025-01-09 05:39:19.000,44914485.0,25627.0,56731228,-118.0,92
3409551,37,2025-01-09 05:50:03,WITEL_AHU_L8,32697200.0,228,227,229,0,0,0,50.0,1.0,2025-01-09 05:49:20.000,2025-01-09 05:49:20.000,2025-01-09 05:49:20.000,44914485.0,25627.0,56731228,-118.0,92
3409811,37,2025-01-09 06:00:03,WITEL_AHU_L8,32697200.0,227,227,229,0,0,0,50.02,1.0,2025-01-09 05:59:20.000,2025-01-09 05:59:20.000,2025-01-09 05:59:20.000,44914485.0,25627.0,56731228,-119.0,92
3410162,37,2025-01-09 06:10:03,WITEL_AHU_L8,32697200.0,227,226,228,0,0,0,50.0,1.0,2025-01-09 06:09:16.000,2025-01-09 06:09:16.000,2025-01-09 06:09:16.000,44914485.0,25627.0,56731228,-113.0,92
3410396,37,2025-01-09 06:20:03,WITEL_AHU_L8,32697200.0,227,226,228,0,0,0,50.06,1.0,2025-01-09 06:19:09.000,2025-01-09 06:19:09.000,2025-01-09 06:19:09.000,44914485.0,25627.0,56731228,-108.0,92
3410799,37,2025-01-09 06:30:03,WITEL_AHU_L8,32697200.0,226,226,228,0,0,0,50.03,1.0,2025-01-09 06:29:17.000,2025-01-09 06:29:17.000,2025-01-09 06:29:17.000,44914485.0,25627.0,56731228,-118.0,92
3410981,37,2025-01-09 06:40:03,WITEL_AHU_L8,32697200.0,226,225,227,0,0,0,50.06,1.0,2025-01-09 06:39:05.000,2025-01-09 06:39:05.000,2025-01-09 06:39:05.000,44914485.0,25627.0,56731228,-120.0,92
3411462,37,2025-01-09 06:50:03,WITEL_AHU_L8,32697200.0,225,225,227,0,0,0,50.05,1.0,2025-01-09 06:49:22.000,2025-01-09 06:49:22.000,2025-01-09 06:49:22.000,44914485.0,25627.0,56731228,-119.0,92
3411657,37,2025-01-09 07:00:03,WITEL_AHU_L8,32697200.0,225,224,226,0,0,0,50.0,1.0,2025-01-09 06:59:10.000,2025-01-09 06:59:10.000,2025-01-09 06:59:10.000,44914485.0,25627.0,56731228,-101.0,92
3411969,37,2025-01-09 07:10:03,WITEL_AHU_L8,32697200.0,227,227,229,0,0,0,50.04,1.0,2025-01-09 07:09:08.000,2025-01-09 07:09:08.000,2025-01-09 07:09:08.000,44914485.0,25627.0,56731228,-101.0,92
3412281,37,2025-01-09 07:20:03,WITEL_AHU_L8,32697200.0,227,226,228,0,0,0,49.96,1.0,2025-01-09 07:19:18.000,2025-01-09 07:19:18.000,2025-01-09 07:19:18.000,44914485.0,25627.0,56731228,-100.0,92
3412723,37,2025-01-09 07:40:03,WITEL_AHU_L8,32697200.0,225,224,226,0,0,0,50.03,1.0,2025-01-09 07:39:10.000,2025-01-09 07:39:10.000,2025-01-09 07:39:10.000,44914485.0,25627.0,56731228,-117.0,92
3413152,37,2025-01-09 07:50:03,WITEL_AHU_L8,32697200.0,222,221,224,0,0,0,49.98,1.0,2025-01-09 07:49:16.000,2025-01-09 07:49:16.000,2025-01-09 07:49:16.000,44914485.0,25627.0,56731228,-117.0,92
3413438,37,2025-01-09 08:00:03,WITEL_AHU_L8,32697200.0,222,221,224,0,0,0,50.0,1.0,2025-01-09 07:59:19.000,2025-01-09 07:59:19.000,2025-01-09 07:59:19.000,44914485.0,25627.0,56731228,-118.0,92
3413685,37,2025-01-09 08:10:03,WITEL_AHU_L8,32697200.0,222,221,223,0,0,0,49.98,1.0,2025-01-09 08:09:05.000,2025-01-09 08:09:05.000,2025-01-09 08:09:05.000,44914485.0,25627.0,56731228,-120.0,92
3413997,37,2025-01-09 08:20:03,WITEL_AHU_L8,32697200.0,225,224,226,0,0,0,50.02,1.0,2025-01-09 08:19:13.000,2025-01-09 08:19:13.000,2025-01-09 08:19:13.000,44914485.0,25627.0,56731228,-101.0,92
3414192,37,2025-01-09 08:30:03,WITEL_AHU_L8,32697200.0,226,225,228,0,0,0,49.97,1.0,2025-01-09 08:29:08.000,2025-01-09 08:29:08.000,2025-01-09 08:29:08.000,44914485.0,25627.0,56731228,-103.0,92
3414517,37,2025-01-09 08:40:03,WITEL_AHU_L8,32697200.0,226,225,227,0,0,0,50.0,1.0,2025-01-09 08:39:09.000,2025-01-09 08:39:09.000,2025-01-09 08:39:09.000,44914485.0,25627.0,56731228,-102.0,92
3414790,37,2025-01-09 08:48:46,WITEL_AHU_L8,32697200.0,225,224,227,0,0,0,49.99,1.0,2025-01-09 08:47:52.000,2025-01-09 08:47:52.000,2025-01-09 08:47:52.000,44914485.0,25627.0,56731228,-102.0,92
3415271,37,2025-01-09 09:00:03,WITEL_AHU_L8,32697200.0,224,223,225,0,0,0,49.86,1.0,2025-01-09 08:59:08.000,2025-01-09 08:59:08.000,2025-01-09 08:59:08.000,44914485.0,25627.0,56731228,-115.0,92
3415713,37,2025-01-09 09:10:03,WITEL_AHU_L8,32697200.0,224,223,225,0,0,0,50.07,1.0,2025-01-09 09:09:21.000,2025-01-09 09:09:21.000,2025-01-09 09:09:21.000,44914485.0,25627.0,56731228,-100.0,92
3416129,37,2025-01-09 09:20:03,WITEL_AHU_L8,32697200.0,224,222,225,0,0,0,49.93,1.0,2025-01-09 09:19:23.000,2025-01-09 09:19:23.000,2025-01-09 09:19:23.000,44914485.0,25627.0,56731228,-102.0,92
3416961,37,2025-01-09 09:50:03,WITEL_AHU_L8,32697200.0,223,222,224,0,0,0,50.0,1.0,2025-01-09 09:49:11.000,2025-01-09 09:49:11.000,2025-01-09 09:49:11.000,44914485.0,25627.0,56731228,-118.0,92
3417299,37,2025-01-09 10:00:03,WITEL_AHU_L8,32697200.0,222,221,224,0,0,0,49.99,1.0,2025-01-09 09:59:08.000,2025-01-09 09:59:08.000,2025-01-09 09:59:08.000,44914485.0,25627.0,56731228,-117.0,92
3417923,37,2025-01-09 10:20:03,WITEL_AHU_L8,32697200.0,225,224,226,0,0,0,50.0,1.0,2025-01-09 10:19:08.000,2025-01-09 10:19:08.000,2025-01-09 10:19:08.000,44914485.0,25627.0,56731228,-109.0,92
3418274,37,2025-01-09 10:30:03,WITEL_AHU_L8,32697200.0,225,224,226,0,0,0,49.98,1.0,2025-01-09 10:29:13.000,2025-01-09 10:29:13.000,2025-01-09 10:29:13.000,44914485.0,25627.0,56731228,-101.0,92
3418625,37,2025-01-09 10:40:03,WITEL_AHU_L8,32697200.0,225,223,226,0,0,0,49.98,1.0,2025-01-09 10:39:15.000,2025-01-09 10:39:15.000,2025-01-09 10:39:15.000,44914485.0,25627.0,56731228,-103.0,92
3419288,37,2025-01-09 11:00:03,WITEL_AHU_L8,32697200.0,225,223,226,0,0,0,49.98,1.0,2025-01-09 10:59:12.000,2025-01-09 10:59:12.000,2025-01-09 10:59:12.000,44914485.0,25627.0,56731228,-114.0,92
3419613,37,2025-01-09 11:10:03,WITEL_AHU_L8,32697200.0,225,224,226,0,0,0,50.0,1.0,2025-01-09 11:09:14.000,2025-01-09 11:09:14.000,2025-01-09 11:09:14.000,44914485.0,25627.0,56731228,-115.0,92
3420224,37,2025-01-09 11:30:03,WITEL_AHU_L8,32697200.0,225,224,227,0,0,0,49.99,1.0,2025-01-09 11:29:07.000,2025-01-09 11:29:07.000,2025-01-09 11:29:07.000,44914485.0,25627.0,56731228,-118.0,92
3420744,37,2025-01-09 11:40:03,WITEL_AHU_L8,32697200.0,226,225,227,0,0,0,50.03,1.0,2025-01-09 11:39:21.000,2025-01-09 11:39:21.000,2025-01-09 11:39:21.000,44914485.0,25627.0,56731228,-115.0,92
3420913,37,2025-01-09 11:50:03,WITEL_AHU_L8,32697200.0,229,228,230,0,0,0,49.93,1.0,2025-01-09 11:49:07.000,2025-01-09 11:49:07.000,2025-01-09 11:49:07.000,44914485.0,25627.0,56731228,-118.0,92
3421238,37,2025-01-09 12:00:03,WITEL_AHU_L8,32697200.0,227,226,228,0,0,0,50.04,1.0,2025-01-09 11:59:05.000,2025-01-09 11:59:05.000,2025-01-09 11:59:05.000,44914485.0,25627.0,56731228,-103.0,92
3422057,37,2025-01-09 12:20:03,WITEL_AHU_L8,32697200.0,228,227,229,0,0,0,49.96,1.0,2025-01-09 12:19:19.000,2025-01-09 12:19:19.000,2025-01-09 12:19:19.000,44914485.0,25627.0,56731228,-107.0,92
3422317,37,2025-01-09 12:30:03,WITEL_AHU_L8,32697200.0,228,227,229,0,0,0,49.96,1.0,2025-01-09 12:29:08.000,2025-01-09 12:29:08.000,2025-01-09 12:29:08.000,44914485.0,25627.0,56731228,-100.0,92
3422759,37,2025-01-09 12:40:03,WITEL_AHU_L8,32697200.0,228,227,229,0,0,0,50.02,1.0,2025-01-09 12:39:17.000,2025-01-09 12:39:17.000,2025-01-09 12:39:17.000,44914485.0,25627.0,56731228,-117.0,92
3423110,37,2025-01-09 12:50:03,WITEL_AHU_L8,32697200.0,227,226,228,0,0,0,49.97,1.0,2025-01-09 12:49:20.000,2025-01-09 12:49:20.000,2025-01-09 12:49:20.000,44914485.0,25627.0,56731228,-94.0,92
3423409,37,2025-01-09 13:00:02,WITEL_AHU_L8,32697200.0,226,225,227,0,0,0,50.01,1.0,2025-01-09 12:59:14.000,2025-01-09 12:59:14.000,2025-01-09 12:59:14.000,44914485.0,25627.0,56731228,-115.0,92
3423656,37,2025-01-09 13:10:03,WITEL_AHU_L8,32697200.0,224,223,225,0,0,0,49.99,1.0,2025-01-09 13:09:03.000,2025-01-09 13:09:03.000,2025-01-09 13:09:03.000,44914485.0,25627.0,56731228,-98.0,92
3424735,37,2025-01-09 13:40:03,WITEL_AHU_L8,32697200.0,227,226,228,0,0,0,49.99,1.0,2025-01-09 13:39:13.000,2025-01-09 13:39:13.000,2025-01-09 13:39:13.000,44914485.0,25627.0,56731228,-117.0,92
3424956,37,2025-01-09 13:50:03,WITEL_AHU_L8,32697200.0,227,226,228,0,0,0,50.01,1.0,2025-01-09 13:49:10.000,2025-01-09 13:49:10.000,2025-01-09 13:49:10.000,44914485.0,25627.0,56731228,-121.0,92
3425307,37,2025-01-09 14:00:03,WITEL_AHU_L8,32697200.0,227,226,228,0,0,0,49.99,1.0,2025-01-09 13:59:08.000,2025-01-09 13:59:08.000,2025-01-09 13:59:08.000,44914485.0,25627.0,56731228,-102.0,92
3426061,37,2025-01-09 14:20:03,WITEL_AHU_L8,32697200.0,227,226,228,0,0,0,50.01,1.0,2025-01-09 14:19:14.000,2025-01-09 14:19:14.000,2025-01-09 14:19:14.000,44914485.0,25627.0,56731228,-118.0,92
3426269,37,2025-01-09 14:30:03,WITEL_AHU_L8,32697200.0,227,226,228,0,0,0,50.0,1.0,2025-01-09 14:29:04.000,2025-01-09 14:29:04.000,2025-01-09 14:29:04.000,44914485.0,25627.0,56731228,-101.0,92
3427478,37,2025-01-09 15:00:03,WITEL_AHU_L8,32697200.0,228,227,228,0,0,0,49.98,1.0,2025-01-09 14:59:20.000,2025-01-09 14:59:20.000,2025-01-09 14:59:20.000,44914485.0,25627.0,56731228,-114.0,92
3427673,37,2025-01-09 15:10:03,WITEL_AHU_L8,32697200.0,228,227,228,0,0,0,49.97,1.0,2025-01-09 15:09:11.000,2025-01-09 15:09:11.000,2025-01-09 15:09:11.000,44914485.0,25627.0,56731228,-99.0,92
3427959,37,2025-01-09 15:20:02,WITEL_AHU_L8,32697200.0,228,226,228,0,0,0,49.98,1.0,2025-01-09 15:19:05.000,2025-01-09 15:19:05.000,2025-01-09 15:19:05.000,44914485.0,25627.0,56731228,-117.0,92
3428492,37,2025-01-09 15:30:03,WITEL_AHU_L8,32697200.0,228,227,229,0,0,0,50.01,1.0,2025-01-09 15:29:20.000,2025-01-09 15:29:20.000,2025-01-09 15:29:20.000,44914485.0,25627.0,56731228,-96.0,92
3428752,37,2025-01-09 15:40:03,WITEL_AHU_L8,32697200.0,228,227,229,0,0,0,50.02,1.0,2025-01-09 15:39:06.000,2025-01-09 15:39:06.000,2025-01-09 15:39:06.000,44914485.0,25627.0,56731228,-105.0,92
3429181,37,2025-01-09 15:50:02,WITEL_AHU_L8,32697200.0,227,226,228,0,0,0,49.97,1.0,2025-01-09 15:49:15.000,2025-01-09 15:49:15.000,2025-01-09 15:49:15.000,44914485.0,25627.0,56731228,-101.0,92
3429818,37,2025-01-09 16:10:03,WITEL_AHU_L8,32697200.0,229,227,229,0,0,0,50.01,1.0,2025-01-09 16:09:10.000,2025-01-09 16:09:10.000,2025-01-09 16:09:10.000,44914485.0,25627.0,56731228,-120.0,92
3430312,37,2025-01-09 16:20:03,WITEL_AHU_L8,32697200.0,229,227,229,0,0,0,49.98,1.0,2025-01-09 16:19:20.000,2025-01-09 16:19:20.000,2025-01-09 16:19:20.000,44914485.0,25627.0,56731228,-103.0,92
3431001,37,2025-01-09 16:40:03,WITEL_AHU_L8,32697200.0,230,228,230,0,0,0,50.04,1.0,2025-01-09 16:39:20.000,2025-01-09 16:39:20.000,2025-01-09 16:39:20.000,44914485.0,25627.0,56731228,-117.0,92
3446991,37,2025-01-10 00:47:03,WITEL_AHU_L8,32697200.0,228,228,230,0,0,0,50.05,1.0,2025-01-10 00:46:13.000,2025-01-10 00:46:13.000,2025-01-10 00:46:13.000,44914485.0,25627.0,56731228,-108.0,92
3447485,37,2025-01-10 01:00:03,WITEL_AHU_L8,32697200.0,228,228,230,0,0,0,50.03,1.0,2025-01-10 00:59:09.000,2025-01-10 00:59:09.000,2025-01-10 00:59:09.000,44914485.0,25627.0,56731228,-115.0,92
3447862,37,2025-01-10 01:10:03,WITEL_AHU_L8,32697200.0,228,228,230,0,0,0,49.96,1.0,2025-01-10 01:09:18.000,2025-01-10 01:09:18.000,2025-01-10 01:09:18.000,44914485.0,25627.0,56731228,-101.0,92
3448161,37,2025-01-10 01:20:03,WITEL_AHU_L8,32697200.0,228,228,230,0,0,0,49.96,1.0,2025-01-10 01:19:16.000,2025-01-10 01:19:16.000,2025-01-10 01:19:16.000,44914485.0,25627.0,56731228,-107.0,92
3448746,37,2025-01-10 01:40:03,WITEL_AHU_L8,32697200.0,228,228,230,0,0,0,49.97,1.0,2025-01-10 01:39:24.000,2025-01-10 01:39:24.000,2025-01-10 01:39:24.000,44914485.0,25627.0,56731228,-108.0,92
3448993,37,2025-01-10 01:50:03,WITEL_AHU_L8,32697200.0,228,228,230,0,0,0,49.99,1.0,2025-01-10 01:49:15.000,2025-01-10 01:49:15.000,2025-01-10 01:49:15.000,44914485.0,25627.0,56731228,-117.0,92
3449292,37,2025-01-10 02:00:03,WITEL_AHU_L8,32697200.0,229,229,231,0,0,0,50.03,1.0,2025-01-10 01:59:13.000,2025-01-10 01:59:13.000,2025-01-10 01:59:13.000,44914485.0,25627.0,56731228,-117.0,92
3450124,37,2025-01-10 02:30:03,WITEL_AHU_L8,32697200.0,229,229,231,0,0,0,50.1,1.0,2025-01-10 02:29:09.000,2025-01-10 02:29:09.000,2025-01-10 02:29:09.000,44914485.0,25627.0,56731228,-117.0,92
3450475,37,2025-01-10 02:40:03,WITEL_AHU_L8,32697200.0,229,229,231,0,0,0,50.02,1.0,2025-01-10 02:39:18.000,2025-01-10 02:39:18.000,2025-01-10 02:39:18.000,44914485.0,25627.0,56731228,-101.0,92
3450839,37,2025-01-10 02:50:03,WITEL_AHU_L8,32697200.0,230,229,231,0,0,0,50.03,1.0,2025-01-10 02:49:19.000,2025-01-10 02:49:19.000,2025-01-10 02:49:19.000,44914485.0,25627.0,56731228,-98.0,92
3451008,37,2025-01-10 03:00:03,WITEL_AHU_L8,32697200.0,230,229,231,0,0,0,50.01,1.0,2025-01-10 02:59:12.000,2025-01-10 02:59:12.000,2025-01-10 02:59:12.000,44914485.0,25627.0,56731228,-108.0,92
3451385,37,2025-01-10 03:10:02,WITEL_AHU_L8,32697200.0,230,230,232,0,0,0,50.03,1.0,2025-01-10 03:09:18.000,2025-01-10 03:09:18.000,2025-01-10 03:09:18.000,44914485.0,25627.0,56731228,-117.0,92
3451606,37,2025-01-10 03:20:02,WITEL_AHU_L8,32697200.0,230,230,232,0,0,0,50.03,1.0,2025-01-10 03:19:04.000,2025-01-10 03:19:04.000,2025-01-10 03:19:04.000,44914485.0,25627.0,56731228,-118.0,92
3451996,37,2025-01-10 03:30:02,WITEL_AHU_L8,32697200.0,230,230,232,0,0,0,49.99,1.0,2025-01-10 03:29:20.000,2025-01-10 03:29:20.000,2025-01-10 03:29:20.000,44914485.0,25627.0,56731228,-118.0,92
3452191,37,2025-01-10 03:40:02,WITEL_AHU_L8,32697200.0,230,230,232,0,0,0,50.02,1.0,2025-01-10 03:39:07.000,2025-01-10 03:39:07.000,2025-01-10 03:39:07.000,44914485.0,25627.0,56731228,-119.0,92
3452464,37,2025-01-10 03:50:02,WITEL_AHU_L8,32697200.0,230,230,232,0,0,0,50.04,1.0,2025-01-10 03:49:01.000,2025-01-10 03:49:01.000,2025-01-10 03:49:01.000,44914485.0,25627.0,56731228,-100.0,92
3452906,37,2025-01-10 04:00:02,WITEL_AHU_L8,32697200.0,230,229,232,0,0,0,49.99,1.0,2025-01-10 03:59:16.000,2025-01-10 03:59:16.000,2025-01-10 03:59:16.000,44914485.0,25627.0,56731228,-100.0,92
3453244,37,2025-01-10 04:10:03,WITEL_AHU_L8,32697200.0,230,230,232,0,0,0,50.04,1.0,2025-01-10 04:09:17.000,2025-01-10 04:09:17.000,2025-01-10 04:09:17.000,44914485.0,25627.0,56731228,-99.0,92
3453452,37,2025-01-10 04:20:03,WITEL_AHU_L8,32697200.0,230,230,232,0,0,0,50.0,1.0,2025-01-10 04:19:10.000,2025-01-10 04:19:10.000,2025-01-10 04:19:10.000,44914485.0,25627.0,56731228,-105.0,92
3453842,37,2025-01-10 04:30:03,WITEL_AHU_L8,32697200.0,230,230,232,0,0,0,49.99,1.0,2025-01-10 04:29:12.000,2025-01-10 04:29:12.000,2025-01-10 04:29:12.000,44914485.0,25627.0,56731228,-100.0,92
3454102,37,2025-01-10 04:40:03,WITEL_AHU_L8,32697200.0,230,229,231,0,0,0,49.96,1.0,2025-01-10 04:39:03.000,2025-01-10 04:39:03.000,2025-01-10 04:39:03.000,44914485.0,25627.0,56731228,-115.0,92
3454505,37,2025-01-10 04:50:03,WITEL_AHU_L8,32697200.0,230,229,231,0,0,0,50.0,1.0,2025-01-10 04:49:19.000,2025-01-10 04:49:19.000,2025-01-10 04:49:19.000,44914485.0,25627.0,56731228,-94.0,92
3454817,37,2025-01-10 05:00:03,WITEL_AHU_L8,32697200.0,229,229,231,0,0,0,49.95,1.0,2025-01-10 04:59:21.000,2025-01-10 04:59:21.000,2025-01-10 04:59:21.000,44914485.0,25627.0,56731228,-111.0,92
3455090,37,2025-01-10 05:10:03,WITEL_AHU_L8,32697200.0,229,229,231,0,0,0,50.0,1.0,2025-01-10 05:09:14.000,2025-01-10 05:09:14.000,2025-01-10 05:09:14.000,44914485.0,25627.0,56731228,-100.0,92
3455428,37,2025-01-10 05:20:03,WITEL_AHU_L8,32697200.0,229,229,231,0,0,0,50.01,1.0,2025-01-10 05:19:18.000,2025-01-10 05:19:18.000,2025-01-10 05:19:18.000,44914485.0,25627.0,56731228,-102.0,92
3456000,37,2025-01-10 05:40:03,WITEL_AHU_L8,32697200.0,228,228,230,0,0,0,50.01,1.0,2025-01-10 05:39:19.000,2025-01-10 05:39:19.000,2025-01-10 05:39:19.000,44914485.0,25627.0,56731228,-107.0,92
3456338,37,2025-01-10 05:50:03,WITEL_AHU_L8,32697200.0,228,228,230,0,0,0,50.04,1.0,2025-01-10 05:49:18.000,2025-01-10 05:49:18.000,2025-01-10 05:49:18.000,44914485.0,25627.0,56731228,-100.0,92
3456676,37,2025-01-10 06:00:03,WITEL_AHU_L8,32697200.0,228,227,229,0,0,0,50.06,1.0,2025-01-10 05:59:24.000,2025-01-10 05:59:24.000,2025-01-10 05:59:24.000,44914485.0,25627.0,56731228,-117.0,92
3456910,37,2025-01-10 06:10:03,WITEL_AHU_L8,32700900.0,226,226,228,11,11,12,50.05,0.5345,2025-01-10 06:09:17.000,2025-01-10 06:09:17.000,2025-01-10 06:09:17.000,44920077.0,25627.0,56738025,-99.0,92
3457430,37,2025-01-10 06:30:03,WITEL_AHU_L8,32714600.0,223,223,226,11,10,12,50.07,0.5661999999999999,2025-01-10 06:29:09.000,2025-01-10 06:29:09.000,2025-01-10 06:29:09.000,44940880.0,25627.0,56763035,-99.0,92
3457716,37,2025-01-10 06:40:03,WITEL_AHU_L8,32721500.0,222,222,224,11,10,11,50.08,0.5689,2025-01-10 06:39:12.000,2025-01-10 06:39:12.000,2025-01-10 06:39:12.000,44950690.0,25627.0,56775038,-118.0,92
3458028,37,2025-01-10 06:50:03,WITEL_AHU_L8,32728300.0,222,221,224,11,10,11,50.09,0.5751,2025-01-10 06:49:21.000,2025-01-10 06:49:21.000,2025-01-10 06:49:21.000,44960421.0,25627.0,56786977,-119.0,92
3458301,37,2025-01-10 07:00:03,WITEL_AHU_L8,32735100.0,222,222,224,11,10,11,50.09,0.5586,2025-01-10 06:59:17.000,2025-01-10 06:59:17.000,2025-01-10 06:59:17.000,44970149.0,25627.0,56798857,-120.0,92
3458665,37,2025-01-10 07:10:03,WITEL_AHU_L8,32741800.0,221,220,223,11,10,11,49.97,0.588,2025-01-10 07:09:21.000,2025-01-10 07:09:21.000,2025-01-10 07:09:21.000,44979851.0,25627.0,56810715,-100.0,92
3458938,37,2025-01-10 07:20:03,WITEL_AHU_L8,32748600.0,224,223,226,11,10,11,49.98,0.5474,2025-01-10 07:19:22.000,2025-01-10 07:19:22.000,2025-01-10 07:19:22.000,44989715.0,25627.0,56822752,-116.0,92
3459432,37,2025-01-10 07:40:03,WITEL_AHU_L8,32762300.0,222,221,224,11,10,11,49.95,0.5686,2025-01-10 07:39:09.000,2025-01-10 07:39:09.000,2025-01-10 07:39:09.000,45009476.0,25627.0,56846840,-120.0,92
3459835,37,2025-01-10 07:50:03,WITEL_AHU_L8,32769100.0,222,221,223,11,10,11,49.98,0.5781,2025-01-10 07:49:21.000,2025-01-10 07:49:21.000,2025-01-10 07:49:21.000,45019132.0,25627.0,56858703,-117.0,92
3460030,37,2025-01-10 08:00:03,WITEL_AHU_L8,32776000.0,224,223,226,11,10,12,50.03,0.5729,2025-01-10 07:59:07.000,2025-01-10 07:59:07.000,2025-01-10 07:59:07.000,45028827.0,25627.0,56870626,-118.0,92
3460628,37,2025-01-10 08:20:03,WITEL_AHU_L8,32789800.0,223,222,225,11,10,11,50.02,0.5817,2025-01-10 08:19:13.000,2025-01-10 08:19:13.000,2025-01-10 08:19:13.000,45048678.0,25627.0,56894894,-115.0,92
3460992,37,2025-01-10 08:30:03,WITEL_AHU_L8,32796700.0,223,222,225,11,10,11,49.96,0.5662999999999999,2025-01-10 08:29:19.000,2025-01-10 08:29:19.000,2025-01-10 08:29:19.000,45058576.0,25627.0,56907016,-100.0,92
3461213,37,2025-01-10 08:40:03,WITEL_AHU_L8,32803700.0,223,222,224,11,10,11,49.99,0.572,2025-01-10 08:39:13.000,2025-01-10 08:39:13.000,2025-01-10 08:39:13.000,45068423.0,25627.0,56919108,-118.0,92
3461395,37,2025-01-10 08:47:02,WITEL_AHU_L8,32808500.0,223,221,224,11,10,11,50.02,0.5782999999999999,2025-01-10 08:46:11.000,2025-01-10 08:46:11.000,2025-01-10 08:46:11.000,45075220.0,25627.0,56927490,-103.0,92
3461720,37,2025-01-10 08:50:03,WITEL_AHU_L8,32810600.0,223,221,224,11,10,11,50.07,0.5714999999999999,2025-01-10 08:49:26.000,2025-01-10 08:49:26.000,2025-01-10 08:49:26.000,45078152.0,25627.0,56931110,-121.0,92
3462006,37,2025-01-10 09:00:03,WITEL_AHU_L8,32817600.0,222,221,223,11,10,11,49.99,0.5771,2025-01-10 08:59:15.000,2025-01-10 08:59:15.000,2025-01-10 08:59:15.000,45087840.0,25627.0,56943069,-108.0,92
3462331,37,2025-01-10 09:10:03,WITEL_AHU_L8,32824500.0,221,220,223,11,10,11,49.99,0.5905999999999999,2025-01-10 09:09:15.000,2025-01-10 09:09:15.000,2025-01-10 09:09:15.000,45097415.0,25627.0,56954930,-101.0,92
3462578,37,2025-01-10 09:20:03,WITEL_AHU_L8,32831400.0,225,223,226,11,10,12,50.02,0.5819,2025-01-10 09:19:16.000,2025-01-10 09:19:16.000,2025-01-10 09:19:16.000,45106963.0,25627.0,56966770,-118.0,92
3462890,37,2025-01-10 09:30:03,WITEL_AHU_L8,32838400.0,224,223,226,11,10,12,49.99,0.5716,2025-01-10 09:29:17.000,2025-01-10 09:29:17.000,2025-01-10 09:29:17.000,45117033.0,25627.0,56979065,-98.0,92
3463241,37,2025-01-10 09:40:03,WITEL_AHU_L8,32845400.0,224,223,226,11,10,12,50.01,0.5718,2025-01-10 09:39:18.000,2025-01-10 09:39:18.000,2025-01-10 09:39:18.000,45127053.0,25627.0,56991312,-118.0,92
3463475,37,2025-01-10 09:50:03,WITEL_AHU_L8,32852300.0,224,222,225,11,10,11,50.0,0.5797,2025-01-10 09:49:09.000,2025-01-10 09:49:09.000,2025-01-10 09:49:09.000,45136996.0,25627.0,57003480,-108.0,92
3463787,37,2025-01-10 10:00:03,WITEL_AHU_L8,32859200.0,223,221,224,11,10,11,49.97,0.5741999999999999,2025-01-10 09:59:10.000,2025-01-10 09:59:10.000,2025-01-10 09:59:10.000,45146841.0,25627.0,57015560,-118.0,92
3464099,37,2025-01-10 10:10:03,WITEL_AHU_L8,32866200.0,222,221,224,11,10,11,50.0,0.5821,2025-01-10 10:09:21.000,2025-01-10 10:09:21.000,2025-01-10 10:09:21.000,45156523.0,25627.0,57027498,-102.0,92
3464398,37,2025-01-10 10:20:03,WITEL_AHU_L8,32873000.0,222,220,223,11,10,11,49.99,0.5873999999999999,2025-01-10 10:19:21.000,2025-01-10 10:19:21.000,2025-01-10 10:19:21.000,45166108.0,25627.0,57039340,-118.0,92
3464593,37,2025-01-10 10:30:03,WITEL_AHU_L8,32879900.0,222,220,223,11,10,11,50.01,0.5813999999999999,2025-01-10 10:29:09.000,2025-01-10 10:29:09.000,2025-01-10 10:29:09.000,45175675.0,25627.0,57051173,-117.0,92
3464996,37,2025-01-10 10:40:03,WITEL_AHU_L8,32886900.0,222,221,223,11,10,11,50.0,0.5801999999999999,2025-01-10 10:39:19.000,2025-01-10 10:39:19.000,2025-01-10 10:39:19.000,45185283.0,25627.0,57063050,-117.0,92
3465191,37,2025-01-10 10:50:03,WITEL_AHU_L8,32893800.0,222,221,223,11,10,11,50.01,0.5825999999999999,2025-01-10 10:49:09.000,2025-01-10 10:49:09.000,2025-01-10 10:49:09.000,45194894.0,25627.0,57074930,-119.0,92
3465750,37,2025-01-10 11:10:03,WITEL_AHU_L8,32907600.0,222,221,224,11,10,11,50.0,0.5867,2025-01-10 11:09:10.000,2025-01-10 11:09:10.000,2025-01-10 11:09:10.000,45214194.0,25627.0,57098752,-117.0,92
3466361,37,2025-01-10 11:30:03,WITEL_AHU_L8,32921500.0,225,223,226,11,10,12,50.09,0.5702999999999999,2025-01-10 11:29:04.000,2025-01-10 11:29:04.000,2025-01-10 11:29:04.000,45233758.0,25627.0,57122818,-120.0,92
3467232,37,2025-01-10 12:00:03,WITEL_AHU_L8,32942500.0,226,225,228,11,11,12,50.0,0.5577,2025-01-10 11:59:07.000,2025-01-10 11:59:07.000,2025-01-10 11:59:07.000,45264598.0,25627.0,57160233,-101.0,92
3467596,37,2025-01-10 12:10:03,WITEL_AHU_L8,32949500.0,224,222,225,11,10,12,50.06,0.579,2025-01-10 12:09:15.000,2025-01-10 12:09:15.000,2025-01-10 12:09:15.000,45274821.0,25627.0,57172664,-121.0,92
3467817,37,2025-01-10 12:20:03,WITEL_AHU_L8,32956500.0,224,222,225,11,10,12,50.01,0.5769,2025-01-10 12:19:07.000,2025-01-10 12:19:07.000,2025-01-10 12:19:07.000,45284679.0,25627.0,57184768,-118.0,92
3468207,37,2025-01-10 12:30:03,WITEL_AHU_L8,32963500.0,224,222,225,11,10,12,50.04,0.5758,2025-01-10 12:29:19.000,2025-01-10 12:29:19.000,2025-01-10 12:29:19.000,45294560.0,25627.0,57196902,-106.0,92
3468402,37,2025-01-10 12:40:03,WITEL_AHU_L8,32970400.0,223,222,225,11,10,11,49.99,0.5748,2025-01-10 12:39:05.000,2025-01-10 12:39:05.000,2025-01-10 12:39:05.000,45304458.0,25627.0,57209042,-99.0,92
3469572,37,2025-01-10 13:20:03,WITEL_AHU_L8,32998300.0,222,221,224,11,10,11,50.01,0.5845999999999999,2025-01-10 13:19:06.000,2025-01-10 13:19:06.000,2025-01-10 13:19:06.000,45343579.0,25627.0,57257196,-118.0,92
3470755,37,2025-01-10 14:00:03,WITEL_AHU_L8,33026100.0,221,220,223,11,10,11,50.0,0.5938,2025-01-10 13:59:12.000,2025-01-10 13:59:12.000,2025-01-10 13:59:12.000,45382034.0,25627.0,57304779,-93.0,92
3471067,37,2025-01-10 14:10:03,WITEL_AHU_L8,33033000.0,222,221,223,11,10,11,49.98,0.5859,2025-01-10 14:09:12.000,2025-01-10 14:09:12.000,2025-01-10 14:09:12.000,45391609.0,25627.0,57316646,-113.0,92
3471639,37,2025-01-10 14:30:03,WITEL_AHU_L8,33046900.0,222,221,223,11,10,11,49.99,0.5751999999999999,2025-01-10 14:29:09.000,2025-01-10 14:29:09.000,2025-01-10 14:29:09.000,45410899.0,25627.0,57340489,-107.0,92
3472211,37,2025-01-10 14:50:03,WITEL_AHU_L8,33060800.0,222,221,224,11,10,11,49.98,0.5835999999999999,2025-01-10 14:49:16.000,2025-01-10 14:49:16.000,2025-01-10 14:49:16.000,45430230.0,25627.0,57364355,-111.0,92
3472692,37,2025-01-10 15:10:03,WITEL_AHU_L8,33074600.0,222,221,224,11,10,11,49.99,0.5782999999999999,2025-01-10 15:09:04.000,2025-01-10 15:09:04.000,2025-01-10 15:09:04.000,45449626.0,25627.0,57388256,-100.0,92
3473069,37,2025-01-10 15:20:02,WITEL_AHU_L8,33081600.0,223,221,224,11,10,11,49.99,0.5803999999999999,2025-01-10 15:19:18.000,2025-01-10 15:19:18.000,2025-01-10 15:19:18.000,45459336.0,25627.0,57400225,-101.0,92
3473277,37,2025-01-10 15:30:02,WITEL_AHU_L8,33088500.0,222,221,224,11,10,11,49.97,0.5849,2025-01-10 15:29:06.000,2025-01-10 15:29:06.000,2025-01-10 15:29:06.000,45469046.0,25627.0,57412197,-111.0,92
3473745,37,2025-01-10 15:40:03,WITEL_AHU_L8,33095400.0,223,222,224,11,10,11,50.01,0.5859,2025-01-10 15:39:19.000,2025-01-10 15:39:19.000,2025-01-10 15:39:19.000,45478758.0,25627.0,57424168,-109.0,92
3473888,37,2025-01-10 15:50:02,WITEL_AHU_L8,33102400.0,222,221,224,11,10,11,50.02,0.5759,2025-01-10 15:49:05.000,2025-01-10 15:49:05.000,2025-01-10 15:49:05.000,45488492.0,25627.0,57436165,-115.0,92
3474239,37,2025-01-10 16:00:03,WITEL_AHU_L8,33109300.0,223,222,225,11,10,11,50.04,0.5730999999999999,2025-01-10 15:59:11.000,2025-01-10 15:59:11.000,2025-01-10 15:59:11.000,45498212.0,25627.0,57448146,-120.0,92
3475175,37,2025-01-10 16:30:03,WITEL_AHU_L8,33118500.0,227,226,229,0,0,0,50.0,1.0,2025-01-10 16:29:21.000,2025-01-10 16:29:21.000,2025-01-10 16:29:21.000,45511529.0,25627.0,57464360,-115.0,92
3475474,37,2025-01-10 16:40:03,WITEL_AHU_L8,33118500.0,228,227,229,0,0,0,49.98,1.0,2025-01-10 16:39:18.000,2025-01-10 16:39:18.000,2025-01-10 16:39:18.000,45511529.0,25627.0,57464360,-119.0,92
3476020,37,2025-01-10 16:55:01,WITEL_AHU_L8,33118500.0,228,227,229,0,0,0,49.97,1.0,2025-01-10 16:54:19.000,2025-01-10 16:54:19.000,2025-01-10 16:54:19.000,45511529.0,25627.0,57464360,-109.0,92
3476163,37,2025-01-10 17:00:03,WITEL_AHU_L8,33118500.0,228,228,230,0,0,0,50.01,1.0,2025-01-10 16:59:10.000,2025-01-10 16:59:10.000,2025-01-10 16:59:10.000,45511529.0,25627.0,57464360,-97.0,92
3476618,37,2025-01-10 17:10:03,WITEL_AHU_L8,33118500.0,229,229,231,0,0,0,49.96,1.0,2025-01-10 17:09:25.000,2025-01-10 17:09:25.000,2025-01-10 17:09:25.000,45511529.0,25627.0,57464360,-118.0,92
3476917,37,2025-01-10 17:20:03,WITEL_AHU_L8,33118500.0,230,229,231,0,0,0,50.04,1.0,2025-01-10 17:19:19.000,2025-01-10 17:19:19.000,2025-01-10 17:19:19.000,45511529.0,25627.0,57464360,-101.0,92
3477112,37,2025-01-10 17:30:03,WITEL_AHU_L8,33118500.0,230,229,231,0,0,0,49.97,1.0,2025-01-10 17:29:06.000,2025-01-10 17:29:06.000,2025-01-10 17:29:06.000,45511529.0,25627.0,57464360,-116.0,92
3477463,37,2025-01-10 17:40:03,WITEL_AHU_L8,33118500.0,227,227,229,0,0,0,50.05,1.0,2025-01-10 17:39:14.000,2025-01-10 17:39:14.000,2025-01-10 17:39:14.000,45511529.0,25627.0,57464360,-120.0,92
3477671,37,2025-01-10 17:50:03,WITEL_AHU_L8,33118500.0,228,227,229,0,0,0,49.96,1.0,2025-01-10 17:49:05.000,2025-01-10 17:49:05.000,2025-01-10 17:49:05.000,45511529.0,25627.0,57464360,-114.0,92
3477957,37,2025-01-10 18:00:03,WITEL_AHU_L8,33118500.0,229,228,230,0,0,0,49.97,1.0,2025-01-10 17:59:03.000,2025-01-10 17:59:03.000,2025-01-10 17:59:03.000,45511529.0,25627.0,57464360,-119.0,92
3478971,37,2025-01-10 18:30:03,WITEL_AHU_L8,33118500.0,230,229,231,0,0,0,50.0,1.0,2025-01-10 18:29:07.000,2025-01-10 18:29:07.000,2025-01-10 18:29:07.000,45511529.0,25627.0,57464360,-116.0,92
3479413,37,2025-01-10 18:40:03,WITEL_AHU_L8,33118500.0,230,229,231,0,0,0,49.99,1.0,2025-01-10 18:39:17.000,2025-01-10 18:39:17.000,2025-01-10 18:39:17.000,45511529.0,25627.0,57464360,-119.0,92
3479777,37,2025-01-10 18:50:03,WITEL_AHU_L8,33118500.0,230,230,232,0,0,0,50.05,1.0,2025-01-10 18:49:20.000,2025-01-10 18:49:20.000,2025-01-10 18:49:20.000,45511529.0,25627.0,57464360,-113.0,92
3479933,37,2025-01-10 19:00:03,WITEL_AHU_L8,33118500.0,230,230,232,0,0,0,50.06,1.0,2025-01-10 18:59:07.000,2025-01-10 18:59:07.000,2025-01-10 18:59:07.000,45511529.0,25627.0,57464360,-100.0,92
3480414,37,2025-01-10 19:10:03,WITEL_AHU_L8,33118500.0,230,229,232,0,0,0,50.0,1.0,2025-01-10 19:09:18.000,2025-01-10 19:09:18.000,2025-01-10 19:09:18.000,45511529.0,25627.0,57464360,-118.0,92
3480739,37,2025-01-10 19:20:02,WITEL_AHU_L8,33118500.0,230,230,232,0,0,0,50.01,1.0,2025-01-10 19:19:21.000,2025-01-10 19:19:21.000,2025-01-10 19:19:21.000,45511529.0,25627.0,57464360,-117.0,92
3480999,37,2025-01-10 19:30:03,WITEL_AHU_L8,33118500.0,230,230,232,0,0,0,50.02,1.0,2025-01-10 19:29:12.000,2025-01-10 19:29:12.000,2025-01-10 19:29:12.000,45511529.0,25627.0,57464360,-118.0,92
3481662,37,2025-01-10 19:50:02,WITEL_AHU_L8,33118500.0,230,230,232,0,0,0,49.97,1.0,2025-01-10 19:49:18.000,2025-01-10 19:49:18.000,2025-01-10 19:49:18.000,45511529.0,25627.0,57464360,-114.0,92
3482143,37,2025-01-10 20:10:04,WITEL_AHU_L8,33118500.0,231,230,232,0,0,0,50.06,1.0,2025-01-10 20:09:04.000,2025-01-10 20:09:04.000,2025-01-10 20:09:04.000,45511529.0,25627.0,57464360,-118.0,92
3482598,37,2025-01-10 20:20:03,WITEL_AHU_L8,33118500.0,231,230,232,0,0,0,50.02,1.0,2025-01-10 20:19:23.000,2025-01-10 20:19:23.000,2025-01-10 20:19:23.000,45511529.0,25627.0,57464360,-120.0,92
3482936,37,2025-01-10 20:30:03,WITEL_AHU_L8,33118500.0,227,227,229,0,0,0,50.03,1.0,2025-01-10 20:29:20.000,2025-01-10 20:29:20.000,2025-01-10 20:29:20.000,45511529.0,25627.0,57464360,-118.0,92
3483222,37,2025-01-10 20:40:03,WITEL_AHU_L8,33118500.0,227,227,229,0,0,0,50.01,1.0,2025-01-10 20:39:14.000,2025-01-10 20:39:14.000,2025-01-10 20:39:14.000,45511529.0,25627.0,57464360,-100.0,92
3483586,37,2025-01-10 20:50:03,WITEL_AHU_L8,33118500.0,228,227,229,0,0,0,50.03,1.0,2025-01-10 20:49:19.000,2025-01-10 20:49:19.000,2025-01-10 20:49:19.000,45511529.0,25627.0,57464360,-108.0,92
3483950,37,2025-01-10 21:00:03,WITEL_AHU_L8,33118500.0,228,228,230,0,0,0,50.03,1.0,2025-01-10 20:59:23.000,2025-01-10 20:59:23.000,2025-01-10 20:59:23.000,45511529.0,25627.0,57464360,-121.0,92
3484080,37,2025-01-10 21:10:03,WITEL_AHU_L8,33118500.0,228,227,229,0,0,0,49.97,1.0,2025-01-10 21:09:05.000,2025-01-10 21:09:05.000,2025-01-10 21:09:05.000,45511529.0,25627.0,57464360,-119.0,92
3484470,37,2025-01-10 21:20:03,WITEL_AHU_L8,33118500.0,227,226,228,0,0,0,50.03,1.0,2025-01-10 21:19:15.000,2025-01-10 21:19:15.000,2025-01-10 21:19:15.000,45511529.0,25627.0,57464360,-103.0,92
3484704,37,2025-01-10 21:30:03,WITEL_AHU_L8,33118500.0,227,227,229,0,0,0,49.95,1.0,2025-01-10 21:29:02.000,2025-01-10 21:29:02.000,2025-01-10 21:29:02.000,45511529.0,25627.0,57464360,-117.0,92
3485055,37,2025-01-10 21:40:03,WITEL_AHU_L8,33118500.0,228,228,230,0,0,0,49.99,1.0,2025-01-10 21:39:07.000,2025-01-10 21:39:07.000,2025-01-10 21:39:07.000,45511529.0,25627.0,57464360,-100.0,92
3485354,37,2025-01-10 21:50:03,WITEL_AHU_L8,33118500.0,229,228,230,0,0,0,50.02,1.0,2025-01-10 21:49:09.000,2025-01-10 21:49:09.000,2025-01-10 21:49:09.000,45511529.0,25627.0,57464360,-114.0,92
3485679,37,2025-01-10 22:00:03,WITEL_AHU_L8,33118500.0,229,228,230,0,0,0,50.02,1.0,2025-01-10 21:59:10.000,2025-01-10 21:59:10.000,2025-01-10 21:59:10.000,45511529.0,25627.0,57464360,-119.0,92
3485991,37,2025-01-10 22:10:03,WITEL_AHU_L8,33118500.0,230,229,231,0,0,0,49.98,1.0,2025-01-10 22:09:08.000,2025-01-10 22:09:08.000,2025-01-10 22:09:08.000,45511529.0,25627.0,57464360,-118.0,92
3486381,37,2025-01-10 22:20:03,WITEL_AHU_L8,33118500.0,229,229,231,0,0,0,50.01,1.0,2025-01-10 22:19:17.000,2025-01-10 22:19:17.000,2025-01-10 22:19:17.000,45511529.0,25627.0,57464360,-101.0,92
3486602,37,2025-01-10 22:30:03,WITEL_AHU_L8,33118500.0,229,229,231,0,0,0,49.98,1.0,2025-01-10 22:29:04.000,2025-01-10 22:29:04.000,2025-01-10 22:29:04.000,45511529.0,25627.0,57464360,-114.0,92
3487252,37,2025-01-10 22:50:03,WITEL_AHU_L8,33118500.0,230,229,231,0,0,0,50.01,1.0,2025-01-10 22:49:09.000,2025-01-10 22:49:09.000,2025-01-10 22:49:09.000,45511529.0,25627.0,57464360,-106.0,92
3487902,37,2025-01-10 23:10:03,WITEL_AHU_L8,33118500.0,229,228,230,0,0,0,50.01,1.0,2025-01-10 23:09:11.000,2025-01-10 23:09:11.000,2025-01-10 23:09:11.000,45511529.0,25627.0,57464360,-114.0,92
3488292,37,2025-01-10 23:20:03,WITEL_AHU_L8,33118500.0,229,229,231,0,0,0,50.01,1.0,2025-01-10 23:19:12.000,2025-01-10 23:19:12.000,2025-01-10 23:19:12.000,45511529.0,25627.0,57464360,-117.0,92
3488695,37,2025-01-10 23:30:03,WITEL_AHU_L8,33118500.0,229,229,231,0,0,0,50.01,1.0,2025-01-10 23:29:23.000,2025-01-10 23:29:23.000,2025-01-10 23:29:23.000,45511529.0,25627.0,57464360,-107.0,92
3488877,37,2025-01-10 23:40:03,WITEL_AHU_L8,33118500.0,229,229,231,0,0,0,49.96,1.0,2025-01-10 23:39:10.000,2025-01-10 23:39:10.000,2025-01-10 23:39:10.000,45511529.0,25627.0,57464360,-101.0,92
3489111,37,2025-01-10 23:50:03,WITEL_AHU_L8,33118500.0,229,229,231,0,0,0,49.99,1.0,2025-01-10 23:49:04.000,2025-01-10 23:49:04.000,2025-01-10 23:49:04.000,45511529.0,25627.0,57464360,-120.0,92
3489566,37,2025-01-11 00:00:03,WITEL_AHU_L8,33118500.0,229,229,231,0,0,0,50.05,1.0,2025-01-10 23:59:18.000,2025-01-10 23:59:18.000,2025-01-10 23:59:18.000,45511529.0,25627.0,57464360,-103.0,92
3489761,37,2025-01-11 00:10:03,WITEL_AHU_L8,33118500.0,230,229,231,0,0,0,49.99,1.0,2025-01-11 00:09:05.000,2025-01-11 00:09:05.000,2025-01-11 00:09:05.000,45511529.0,25627.0,57464360,-106.0,92
3490437,37,2025-01-11 00:30:03,WITEL_AHU_L8,33118500.0,230,230,232,0,0,0,49.97,1.0,2025-01-11 00:29:18.000,2025-01-11 00:29:18.000,2025-01-11 00:29:18.000,45511529.0,25627.0,57464360,-114.0,92
3490736,37,2025-01-11 00:40:03,WITEL_AHU_L8,33118500.0,230,230,232,0,0,0,50.03,1.0,2025-01-11 00:39:22.000,2025-01-11 00:39:22.000,2025-01-11 00:39:22.000,45511529.0,25627.0,57464360,-118.0,92
3491126,37,2025-01-11 00:50:03,WITEL_AHU_L8,33118500.0,230,229,231,0,0,0,49.99,1.0,2025-01-11 00:49:19.000,2025-01-11 00:49:19.000,2025-01-11 00:49:19.000,45511529.0,25627.0,57464360,-120.0,92
3491165,37,2025-01-11 00:50:31,WITEL_AHU_L8,33118500.0,230,230,232,0,0,0,49.98,1.0,2025-01-11 00:49:34.000,2025-01-11 00:49:34.000,2025-01-11 00:49:34.000,45511529.0,25627.0,57464360,-112.0,92
3491620,37,2025-01-11 01:10:03,WITEL_AHU_L8,33118500.0,230,230,232,0,0,0,50.01,1.0,2025-01-11 01:09:06.000,2025-01-11 01:09:06.000,2025-01-11 01:09:06.000,45511529.0,25627.0,57464360,-119.0,92
3491945,37,2025-01-11 01:20:03,WITEL_AHU_L8,33118500.0,230,229,232,0,0,0,50.01,1.0,2025-01-11 01:19:06.000,2025-01-11 01:19:06.000,2025-01-11 01:19:06.000,45511529.0,25627.0,57464360,-101.0,92
3492348,37,2025-01-11 01:30:03,WITEL_AHU_L8,33118500.0,230,229,232,0,0,0,49.99,1.0,2025-01-11 01:30:50.000,2025-01-11 01:30:50.000,2025-01-11 01:30:50.000,45511529.0,25627.0,57464360,-114.0,92
3492673,37,2025-01-11 01:40:03,WITEL_AHU_L8,33118500.0,230,229,231,0,0,0,49.98,1.0,2025-01-11 01:39:22.000,2025-01-11 01:39:22.000,2025-01-11 01:39:22.000,45511529.0,25627.0,57464360,-105.0,92
3492829,37,2025-01-11 01:50:03,WITEL_AHU_L8,33118500.0,230,230,232,0,0,0,50.02,1.0,2025-01-11 01:49:07.000,2025-01-11 01:49:07.000,2025-01-11 01:49:07.000,45511529.0,25627.0,57464360,-102.0,92
3493180,37,2025-01-11 02:00:03,WITEL_AHU_L8,33118500.0,230,230,232,0,0,0,50.07,1.0,2025-01-11 01:59:08.000,2025-01-11 01:59:08.000,2025-01-11 01:59:08.000,45511529.0,25627.0,57464360,-100.0,92
3493531,37,2025-01-11 02:10:03,WITEL_AHU_L8,33118500.0,230,230,232,0,0,0,49.99,1.0,2025-01-11 02:09:20.000,2025-01-11 02:09:20.000,2025-01-11 02:09:20.000,45511529.0,25627.0,57464360,-113.0,92
3493700,37,2025-01-11 02:20:03,WITEL_AHU_L8,33118500.0,230,230,232,0,0,0,50.03,1.0,2025-01-11 02:19:05.000,2025-01-11 02:19:05.000,2025-01-11 02:19:05.000,45511529.0,25627.0,57464360,-117.0,92
3494103,37,2025-01-11 02:30:03,WITEL_AHU_L8,33118500.0,231,230,232,0,0,0,50.04,1.0,2025-01-11 02:29:17.000,2025-01-11 02:29:17.000,2025-01-11 02:29:17.000,45511529.0,25627.0,57464360,-108.0,92
3494727,37,2025-01-11 02:50:03,WITEL_AHU_L8,33118500.0,231,230,233,0,0,0,50.05,1.0,2025-01-11 02:49:19.000,2025-01-11 02:49:19.000,2025-01-11 02:49:19.000,45511529.0,25627.0,57464360,-115.0,92
3495377,37,2025-01-11 03:10:03,WITEL_AHU_L8,33118500.0,228,228,230,0,0,0,50.07,1.0,2025-01-11 03:09:20.000,2025-01-11 03:09:20.000,2025-01-11 03:09:20.000,45511529.0,25627.0,57464360,-117.0,92
3495962,37,2025-01-11 03:30:03,WITEL_AHU_L8,33118500.0,228,228,230,0,0,0,50.06,1.0,2025-01-11 03:29:19.000,2025-01-11 03:29:19.000,2025-01-11 03:29:19.000,45511529.0,25627.0,57464360,-119.0,92
3496261,37,2025-01-11 03:40:03,WITEL_AHU_L8,33118500.0,228,228,230,0,0,0,50.11,1.0,2025-01-11 03:39:16.000,2025-01-11 03:39:16.000,2025-01-11 03:39:16.000,45511529.0,25627.0,57464360,-102.0,92
3496573,37,2025-01-11 03:50:03,WITEL_AHU_L8,33118500.0,228,227,230,0,0,0,49.96,1.0,2025-01-11 03:49:17.000,2025-01-11 03:49:17.000,2025-01-11 03:49:17.000,45511529.0,25627.0,57464360,-119.0,92
3497236,37,2025-01-11 04:10:03,WITEL_AHU_L8,33118500.0,229,228,230,0,0,0,50.04,1.0,2025-01-11 04:09:24.000,2025-01-11 04:09:24.000,2025-01-11 04:09:24.000,45511529.0,25627.0,57464360,-120.0,92
3497782,37,2025-01-11 04:30:03,WITEL_AHU_L8,33118500.0,228,228,230,0,0,0,50.03,1.0,2025-01-11 04:29:16.000,2025-01-11 04:29:16.000,2025-01-11 04:29:16.000,45511529.0,25627.0,57464360,-103.0,92
3498120,37,2025-01-11 04:40:03,WITEL_AHU_L8,33118500.0,228,228,230,0,0,0,50.01,1.0,2025-01-11 04:39:23.000,2025-01-11 04:39:23.000,2025-01-11 04:39:23.000,45511529.0,25627.0,57464360,-119.0,92
3498471,37,2025-01-11 04:50:03,WITEL_AHU_L8,33118500.0,228,227,230,0,0,0,50.0,1.0,2025-01-11 04:49:19.000,2025-01-11 04:49:19.000,2025-01-11 04:49:19.000,45511529.0,25627.0,57464360,-117.0,92
3498770,37,2025-01-11 05:00:03,WITEL_AHU_L8,33118500.0,228,227,230,0,0,0,50.06,1.0,2025-01-11 04:59:19.000,2025-01-11 04:59:19.000,2025-01-11 04:59:19.000,45511529.0,25627.0,57464360,-102.0,92
3499108,37,2025-01-11 05:10:03,WITEL_AHU_L8,33118500.0,228,228,230,0,0,0,49.95,1.0,2025-01-11 05:09:26.000,2025-01-11 05:09:26.000,2025-01-11 05:09:26.000,45511529.0,25627.0,57464360,-118.0,92
3499641,37,2025-01-11 05:30:03,WITEL_AHU_L8,33118500.0,228,228,230,0,0,0,50.05,1.0,2025-01-11 05:29:14.000,2025-01-11 05:29:14.000,2025-01-11 05:29:14.000,45511529.0,25627.0,57464360,-119.0,92
3499927,37,2025-01-11 05:40:03,WITEL_AHU_L8,33118500.0,228,227,229,0,0,0,50.0,1.0,2025-01-11 05:39:13.000,2025-01-11 05:39:13.000,2025-01-11 05:39:13.000,45511529.0,25627.0,57464360,-118.0,92
3500226,37,2025-01-11 05:50:03,WITEL_AHU_L8,33118500.0,227,227,229,0,0,0,49.96,1.0,2025-01-11 05:49:07.000,2025-01-11 05:49:07.000,2025-01-11 05:49:07.000,45511529.0,25627.0,57464360,-119.0,92
3500694,37,2025-01-11 06:00:03,WITEL_AHU_L8,33118500.0,227,227,229,0,0,0,50.06,1.0,2025-01-11 05:59:20.000,2025-01-11 05:59:20.000,2025-01-11 05:59:20.000,45511529.0,25627.0,57464360,-101.0,92
3500954,37,2025-01-11 06:10:02,WITEL_AHU_L8,33118500.0,227,226,228,0,0,0,50.01,1.0,2025-01-11 06:09:19.000,2025-01-11 06:09:19.000,2025-01-11 06:09:19.000,45511529.0,25627.0,57464360,-119.0,92
3501110,37,2025-01-11 06:20:02,WITEL_AHU_L8,33118500.0,227,227,229,0,0,0,50.03,1.0,2025-01-11 06:19:06.000,2025-01-11 06:19:06.000,2025-01-11 06:19:06.000,45511529.0,25627.0,57464360,-117.0,92
3501513,37,2025-01-11 06:30:02,WITEL_AHU_L8,33118500.0,227,227,229,0,0,0,50.03,1.0,2025-01-11 06:29:13.000,2025-01-11 06:29:13.000,2025-01-11 06:29:13.000,45511529.0,25627.0,57464360,-119.0,92
3501799,37,2025-01-11 06:40:02,WITEL_AHU_L8,33118500.0,227,227,229,0,0,0,50.06,1.0,2025-01-11 06:39:13.000,2025-01-11 06:39:13.000,2025-01-11 06:39:13.000,45511529.0,25627.0,57464360,-100.0,92
3502111,37,2025-01-11 06:50:02,WITEL_AHU_L8,33118500.0,227,227,229,0,0,0,50.06,1.0,2025-01-11 06:49:16.000,2025-01-11 06:49:16.000,2025-01-11 06:49:16.000,45511529.0,25627.0,57464360,-108.0,92
3502358,37,2025-01-11 07:00:02,WITEL_AHU_L8,33118500.0,227,227,229,0,0,0,50.07,1.0,2025-01-11 06:59:09.000,2025-01-11 06:59:09.000,2025-01-11 06:59:09.000,45511529.0,25627.0,57464360,-120.0,92
3502813,37,2025-01-11 07:10:03,WITEL_AHU_L8,33118500.0,227,226,228,0,0,0,50.0,1.0,2025-01-11 07:09:17.000,2025-01-11 07:09:17.000,2025-01-11 07:09:17.000,45511529.0,25627.0,57464360,-117.0,92
3503424,37,2025-01-11 07:30:03,WITEL_AHU_L8,33118500.0,229,228,230,0,0,0,50.05,1.0,2025-01-11 07:29:19.000,2025-01-11 07:29:19.000,2025-01-11 07:29:19.000,45511529.0,25627.0,57464360,-120.0,92
3503645,37,2025-01-11 07:40:03,WITEL_AHU_L8,33118500.0,228,227,229,0,0,0,50.01,1.0,2025-01-11 07:39:18.000,2025-01-11 07:39:18.000,2025-01-11 07:39:18.000,45511529.0,25627.0,57464360,-101.0,92
3503996,37,2025-01-11 07:50:03,WITEL_AHU_L8,33118500.0,227,227,229,0,0,0,49.99,1.0,2025-01-11 07:49:16.000,2025-01-11 07:49:16.000,2025-01-11 07:49:16.000,45511529.0,25627.0,57464360,-117.0,92
3504412,37,2025-01-11 08:00:03,WITEL_AHU_L8,33118500.0,227,226,228,0,0,0,49.94,1.0,2025-01-11 07:59:19.000,2025-01-11 07:59:19.000,2025-01-11 07:59:19.000,45511529.0,25627.0,57464360,-102.0,92
3504633,37,2025-01-11 08:10:03,WITEL_AHU_L8,33118500.0,226,226,228,0,0,0,49.94,1.0,2025-01-11 08:09:21.000,2025-01-11 08:09:21.000,2025-01-11 08:09:21.000,45511529.0,25627.0,57464360,-102.0,92
3505023,37,2025-01-11 08:20:03,WITEL_AHU_L8,33118500.0,225,225,227,0,0,0,49.96,1.0,2025-01-11 08:19:20.000,2025-01-11 08:19:20.000,2025-01-11 08:19:20.000,45511529.0,25627.0,57464360,-102.0,92
3505192,37,2025-01-11 08:30:03,WITEL_AHU_L8,33118500.0,229,228,230,0,0,0,50.03,1.0,2025-01-11 08:29:05.000,2025-01-11 08:29:05.000,2025-01-11 08:29:05.000,45511529.0,25627.0,57464360,-108.0,92
3505530,37,2025-01-11 08:40:03,WITEL_AHU_L8,33118500.0,228,228,230,0,0,0,50.02,1.0,2025-01-11 08:39:12.000,2025-01-11 08:39:12.000,2025-01-11 08:39:12.000,45511529.0,25627.0,57464360,-121.0,92
3519687,37,2025-01-11 16:50:03,WITEL_AHU_L8,33118500.0,228,227,229,0,0,0,50.0,1.0,2025-01-11 16:49:19.000,2025-01-11 16:49:19.000,2025-01-11 16:49:19.000,45511529.0,25627.0,57464360,-120.0,92
3519752,37,2025-01-11 16:50:31,WITEL_AHU_L8,33118500.0,228,227,229,0,0,0,50.0,1.0,2025-01-11 16:49:48.000,2025-01-11 16:49:48.000,2025-01-11 16:49:48.000,45511529.0,25627.0,57464360,-117.0,92
3520025,37,2025-01-11 17:00:03,WITEL_AHU_L8,33118500.0,228,228,230,0,0,0,50.03,1.0,2025-01-11 16:59:17.000,2025-01-11 16:59:17.000,2025-01-11 16:59:17.000,45511529.0,25627.0,57464360,-117.0,92
3520324,37,2025-01-11 17:10:03,WITEL_AHU_L8,33118500.0,229,228,230,0,0,0,50.03,1.0,2025-01-11 17:09:05.000,2025-01-11 17:09:05.000,2025-01-11 17:09:05.000,45511529.0,25627.0,57464360,-119.0,92
3520623,37,2025-01-11 17:20:03,WITEL_AHU_L8,33118500.0,229,228,230,0,0,0,50.05,1.0,2025-01-11 17:19:09.000,2025-01-11 17:19:09.000,2025-01-11 17:19:09.000,45511529.0,25627.0,57464360,-119.0,92
3520974,37,2025-01-11 17:30:03,WITEL_AHU_L8,33118500.0,229,228,230,0,0,0,50.04,1.0,2025-01-11 17:29:11.000,2025-01-11 17:29:11.000,2025-01-11 17:29:11.000,45511529.0,25627.0,57464360,-114.0,92
3521364,37,2025-01-11 17:40:03,WITEL_AHU_L8,33118500.0,229,228,230,0,0,0,50.05,1.0,2025-01-11 17:39:18.000,2025-01-11 17:39:18.000,2025-01-11 17:39:18.000,45511529.0,25627.0,57464360,-102.0,92
3521624,37,2025-01-11 17:50:03,WITEL_AHU_L8,33118500.0,229,228,230,0,0,0,49.99,1.0,2025-01-11 17:49:11.000,2025-01-11 17:49:11.000,2025-01-11 17:49:11.000,45511529.0,25627.0,57464360,-118.0,92
3522183,37,2025-01-11 18:10:03,WITEL_AHU_L8,33118500.0,229,229,231,0,0,0,49.97,1.0,2025-01-11 18:09:17.000,2025-01-11 18:09:17.000,2025-01-11 18:09:17.000,45511529.0,25627.0,57464360,-107.0,92
3522430,37,2025-01-11 18:20:03,WITEL_AHU_L8,33118500.0,230,229,231,0,0,0,49.98,1.0,2025-01-11 18:19:03.000,2025-01-11 18:19:03.000,2025-01-11 18:19:03.000,45511529.0,25627.0,57464360,-102.0,92
3522859,37,2025-01-11 18:30:03,WITEL_AHU_L8,33118500.0,230,229,231,0,0,0,49.95,1.0,2025-01-11 18:29:19.000,2025-01-11 18:29:19.000,2025-01-11 18:29:19.000,45511529.0,25627.0,57464360,-109.0,92
3523522,37,2025-01-11 18:50:03,WITEL_AHU_L8,33118500.0,230,229,231,0,0,0,50.01,1.0,2025-01-11 18:49:20.000,2025-01-11 18:49:20.000,2025-01-11 18:49:20.000,45511529.0,25627.0,57464360,-100.0,92
3523860,37,2025-01-11 19:00:03,WITEL_AHU_L8,33118500.0,230,230,232,0,0,0,50.03,1.0,2025-01-11 18:59:23.000,2025-01-11 18:59:23.000,2025-01-11 18:59:23.000,45511529.0,25627.0,57464360,-99.0,92
3524588,37,2025-01-11 19:30:03,WITEL_AHU_L8,33118500.0,230,230,232,0,0,0,50.0,1.0,2025-01-11 19:29:03.000,2025-01-11 19:29:03.000,2025-01-11 19:29:03.000,45511529.0,25627.0,57464360,-117.0,92
3525004,37,2025-01-11 19:40:03,WITEL_AHU_L8,33118500.0,231,230,232,0,0,0,50.04,1.0,2025-01-11 19:39:12.000,2025-01-11 19:39:12.000,2025-01-11 19:39:12.000,45511529.0,25627.0,57464360,-101.0,92
3525251,37,2025-01-11 19:50:03,WITEL_AHU_L8,33118500.0,231,230,232,0,0,0,50.05,1.0,2025-01-11 19:49:10.000,2025-01-11 19:49:10.000,2025-01-11 19:49:10.000,45511529.0,25627.0,57464360,-121.0,92
3525654,37,2025-01-11 20:00:03,WITEL_AHU_L8,33118500.0,231,230,232,0,0,0,50.01,1.0,2025-01-11 19:59:20.000,2025-01-11 19:59:20.000,2025-01-11 19:59:20.000,45511529.0,25627.0,57464360,-112.0,92
3525914,37,2025-01-11 20:10:03,WITEL_AHU_L8,33118500.0,231,230,232,0,0,0,50.01,1.0,2025-01-11 20:09:12.000,2025-01-11 20:09:12.000,2025-01-11 20:09:12.000,45511529.0,25627.0,57464360,-115.0,92
3526226,37,2025-01-11 20:20:03,WITEL_AHU_L8,33118500.0,231,230,232,0,0,0,49.96,1.0,2025-01-11 20:19:13.000,2025-01-11 20:19:13.000,2025-01-11 20:19:13.000,45511529.0,25627.0,57464360,-101.0,92
3526564,37,2025-01-11 20:30:03,WITEL_AHU_L8,33118500.0,231,230,232,0,0,0,49.98,1.0,2025-01-11 20:29:20.000,2025-01-11 20:29:20.000,2025-01-11 20:29:20.000,45511529.0,25627.0,57464360,-102.0,92
3527357,37,2025-01-11 21:00:03,WITEL_AHU_L8,33118500.0,228,227,229,0,0,0,50.06,1.0,2025-01-11 20:59:04.000,2025-01-11 20:59:04.000,2025-01-11 20:59:04.000,45511529.0,25627.0,57464360,-119.0,92
3528007,37,2025-01-11 21:20:03,WITEL_AHU_L8,33118500.0,228,228,230,0,0,0,50.0,1.0,2025-01-11 21:19:14.000,2025-01-11 21:19:14.000,2025-01-11 21:19:14.000,45511529.0,25627.0,57464360,-118.0,92
3528319,37,2025-01-11 21:30:03,WITEL_AHU_L8,33118500.0,229,228,230,0,0,0,50.02,1.0,2025-01-11 21:29:13.000,2025-01-11 21:29:13.000,2025-01-11 21:29:13.000,45511529.0,25627.0,57464360,-117.0,92
3528683,37,2025-01-11 21:40:03,WITEL_AHU_L8,33118500.0,229,229,231,0,0,0,50.01,1.0,2025-01-11 21:39:19.000,2025-01-11 21:39:19.000,2025-01-11 21:39:19.000,45511529.0,25627.0,57464360,-102.0,92
3529047,37,2025-01-11 21:50:03,WITEL_AHU_L8,33118500.0,230,230,232,0,0,0,50.01,1.0,2025-01-11 21:49:19.000,2025-01-11 21:49:19.000,2025-01-11 21:49:19.000,45511529.0,25627.0,57464360,-111.0,92
3529619,37,2025-01-11 22:10:03,WITEL_AHU_L8,33118500.0,230,230,232,0,0,0,50.0,1.0,2025-01-11 22:09:16.000,2025-01-11 22:09:16.000,2025-01-11 22:09:16.000,45511529.0,25627.0,57464360,-108.0,92
3529918,37,2025-01-11 22:20:03,WITEL_AHU_L8,33118500.0,230,230,232,0,0,0,50.02,1.0,2025-01-11 22:19:16.000,2025-01-11 22:19:16.000,2025-01-11 22:19:16.000,45511529.0,25627.0,57464360,-118.0,92
3530165,37,2025-01-11 22:30:03,WITEL_AHU_L8,33118500.0,231,230,232,0,0,0,50.0,1.0,2025-01-11 22:29:07.000,2025-01-11 22:29:07.000,2025-01-11 22:29:07.000,45511529.0,25627.0,57464360,-99.0,92
3530867,37,2025-01-11 22:50:03,WITEL_AHU_L8,33118500.0,228,227,229,0,0,0,50.04,1.0,2025-01-11 22:49:22.000,2025-01-11 22:49:22.000,2025-01-11 22:49:22.000,45511529.0,25627.0,57464360,-101.0,92
3531075,37,2025-01-11 23:00:03,WITEL_AHU_L8,33118500.0,228,228,230,0,0,0,50.03,1.0,2025-01-11 22:59:04.000,2025-01-11 22:59:04.000,2025-01-11 22:59:04.000,45511529.0,25627.0,57464360,-119.0,92
3531517,37,2025-01-11 23:10:03,WITEL_AHU_L8,33118500.0,228,228,230,0,0,0,50.05,1.0,2025-01-11 23:09:21.000,2025-01-11 23:09:21.000,2025-01-11 23:09:21.000,45511529.0,25627.0,57464360,-119.0,92
3532063,37,2025-01-11 23:30:02,WITEL_AHU_L8,33118500.0,228,228,230,0,0,0,49.97,1.0,2025-01-11 23:29:18.000,2025-01-11 23:29:18.000,2025-01-11 23:29:18.000,45511529.0,25627.0,57464360,-117.0,92
3532284,37,2025-01-11 23:40:02,WITEL_AHU_L8,33118500.0,228,228,230,0,0,0,49.98,1.0,2025-01-11 23:39:07.000,2025-01-11 23:39:07.000,2025-01-11 23:39:07.000,45511529.0,25627.0,57464360,-87.0,92
3532609,37,2025-01-11 23:50:02,WITEL_AHU_L8,33118500.0,228,228,230,0,0,0,50.02,1.0,2025-01-11 23:49:18.000,2025-01-11 23:49:18.000,2025-01-11 23:49:18.000,45511529.0,25627.0,57464360,-105.0,92
3533207,37,2025-01-12 00:10:03,WITEL_AHU_L8,33118500.0,227,227,228,0,0,0,49.97,1.0,2025-01-12 00:09:22.000,2025-01-12 00:09:22.000,2025-01-12 00:09:22.000,45511529.0,25627.0,57464360,-118.0,92
3533441,37,2025-01-12 00:20:03,WITEL_AHU_L8,33118500.0,227,227,228,0,0,0,50.02,1.0,2025-01-12 00:19:09.000,2025-01-12 00:19:09.000,2025-01-12 00:19:09.000,45511529.0,25627.0,57464360,-100.0,92
3533740,37,2025-01-12 00:30:03,WITEL_AHU_L8,33118500.0,226,226,228,0,0,0,50.05,1.0,2025-01-12 00:29:08.000,2025-01-12 00:29:08.000,2025-01-12 00:29:08.000,45511529.0,25627.0,57464360,-121.0,92
3534078,37,2025-01-12 00:40:03,WITEL_AHU_L8,33118500.0,226,226,228,0,0,0,50.04,1.0,2025-01-12 00:39:12.000,2025-01-12 00:39:12.000,2025-01-12 00:39:12.000,45511529.0,25627.0,57464360,-119.0,92
3534338,37,2025-01-12 00:48:23,WITEL_AHU_L8,33118500.0,226,226,228,0,0,0,49.95,1.0,2025-01-12 00:47:25.000,2025-01-12 00:47:25.000,2025-01-12 00:47:25.000,45511529.0,25627.0,57464360,-100.0,92
3534494,37,2025-01-12 00:50:03,WITEL_AHU_L8,33118500.0,227,227,228,0,0,0,50.05,1.0,2025-01-12 00:49:10.000,2025-01-12 00:49:10.000,2025-01-12 00:49:10.000,45511529.0,25627.0,57464360,-101.0,92
3535053,37,2025-01-12 01:10:03,WITEL_AHU_L8,33118500.0,227,227,229,0,0,0,50.03,1.0,2025-01-12 01:09:10.000,2025-01-12 01:09:10.000,2025-01-12 01:09:10.000,45511529.0,25627.0,57464360,-116.0,92
3535365,37,2025-01-12 01:20:03,WITEL_AHU_L8,33118500.0,227,227,229,0,0,0,49.99,1.0,2025-01-12 01:19:12.000,2025-01-12 01:19:12.000,2025-01-12 01:19:12.000,45511529.0,25627.0,57464360,-100.0,92
3535976,37,2025-01-12 01:40:03,WITEL_AHU_L8,33118500.0,227,227,229,0,0,0,49.95,1.0,2025-01-12 01:39:16.000,2025-01-12 01:39:16.000,2025-01-12 01:39:16.000,45511529.0,25627.0,57464360,-117.0,92
3536236,37,2025-01-12 01:50:03,WITEL_AHU_L8,33118500.0,227,227,229,0,0,0,49.98,1.0,2025-01-12 01:49:10.000,2025-01-12 01:49:10.000,2025-01-12 01:49:10.000,45511529.0,25627.0,57464360,-100.0,92
3536470,37,2025-01-12 02:00:03,WITEL_AHU_L8,33118500.0,227,227,229,0,0,0,49.96,1.0,2025-01-12 01:59:07.000,2025-01-12 01:59:07.000,2025-01-12 01:59:07.000,45511529.0,25627.0,57464360,-119.0,92
3536834,37,2025-01-12 02:10:03,WITEL_AHU_L8,33118500.0,228,228,229,0,0,0,50.07,1.0,2025-01-12 02:09:19.000,2025-01-12 02:09:19.000,2025-01-12 02:09:19.000,45511529.0,25627.0,57464360,-102.0,92
3537120,37,2025-01-12 02:20:02,WITEL_AHU_L8,33118500.0,227,227,229,0,0,0,49.97,1.0,2025-01-12 02:19:15.000,2025-01-12 02:19:15.000,2025-01-12 02:19:15.000,45511529.0,25627.0,57464360,-108.0,92
3537354,37,2025-01-12 02:30:02,WITEL_AHU_L8,33118500.0,228,227,229,0,0,0,50.0,1.0,2025-01-12 02:29:04.000,2025-01-12 02:29:04.000,2025-01-12 02:29:04.000,45511529.0,25627.0,57464360,-117.0,92
3537744,37,2025-01-12 02:40:02,WITEL_AHU_L8,33118500.0,228,228,230,0,0,0,50.05,1.0,2025-01-12 02:39:21.000,2025-01-12 02:39:21.000,2025-01-12 02:39:21.000,45511529.0,25627.0,57464360,-102.0,92
3537991,37,2025-01-12 02:50:02,WITEL_AHU_L8,33118500.0,228,228,230,0,0,0,50.03,1.0,2025-01-12 02:49:14.000,2025-01-12 02:49:14.000,2025-01-12 02:49:14.000,45511529.0,25627.0,57464360,-101.0,92
3538303,37,2025-01-12 03:00:02,WITEL_AHU_L8,33118500.0,228,228,230,0,0,0,50.05,1.0,2025-01-12 02:59:20.000,2025-01-12 02:59:20.000,2025-01-12 02:59:20.000,45511529.0,25627.0,57464360,-118.0,92
3538498,37,2025-01-12 03:10:03,WITEL_AHU_L8,33118500.0,228,228,230,0,0,0,49.99,1.0,2025-01-12 03:09:06.000,2025-01-12 03:09:06.000,2025-01-12 03:09:06.000,45511529.0,25627.0,57464360,-117.0,92
3538745,37,2025-01-12 03:20:03,WITEL_AHU_L8,33118500.0,228,228,230,0,0,0,50.06,1.0,2025-01-12 03:19:03.000,2025-01-12 03:19:03.000,2025-01-12 03:19:03.000,45511529.0,25627.0,57464360,-117.0,92
3539070,37,2025-01-12 03:30:03,WITEL_AHU_L8,33118500.0,228,228,230,0,0,0,50.05,1.0,2025-01-12 03:29:10.000,2025-01-12 03:29:10.000,2025-01-12 03:29:10.000,45511529.0,25627.0,57464360,-119.0,92
3539720,37,2025-01-12 03:50:03,WITEL_AHU_L8,33118500.0,229,229,230,0,0,0,50.0,1.0,2025-01-12 03:49:22.000,2025-01-12 03:49:22.000,2025-01-12 03:49:22.000,45511529.0,25627.0,57464360,-117.0,92
3539954,37,2025-01-12 04:00:03,WITEL_AHU_L8,33118500.0,229,229,230,0,0,0,50.04,1.0,2025-01-12 03:59:19.000,2025-01-12 03:59:19.000,2025-01-12 03:59:19.000,45511529.0,25627.0,57464360,-100.0,92
3540136,37,2025-01-12 04:10:03,WITEL_AHU_L8,33118500.0,228,228,230,0,0,0,49.97,1.0,2025-01-12 04:09:15.000,2025-01-12 04:09:15.000,2025-01-12 04:09:15.000,45511529.0,25627.0,57464360,-108.0,92
3540461,37,2025-01-12 04:20:03,WITEL_AHU_L8,33118500.0,228,228,230,0,0,0,49.96,1.0,2025-01-12 04:19:12.000,2025-01-12 04:19:12.000,2025-01-12 04:19:12.000,45511529.0,25627.0,57464360,-119.0,92
3540825,37,2025-01-12 04:30:03,WITEL_AHU_L8,33118500.0,228,228,230,0,0,0,49.98,1.0,2025-01-12 04:29:18.000,2025-01-12 04:29:18.000,2025-01-12 04:29:18.000,45511529.0,25627.0,57464360,-117.0,92
3541163,37,2025-01-12 04:40:03,WITEL_AHU_L8,33118500.0,228,228,230,0,0,0,49.97,1.0,2025-01-12 04:39:21.000,2025-01-12 04:39:21.000,2025-01-12 04:39:21.000,45511529.0,25627.0,57464360,-117.0,92
3541384,37,2025-01-12 04:50:03,WITEL_AHU_L8,33118500.0,228,228,230,0,0,0,50.07,1.0,2025-01-12 04:49:15.000,2025-01-12 04:49:15.000,2025-01-12 04:49:15.000,45511529.0,25627.0,57464360,-118.0,92
3541644,37,2025-01-12 05:00:03,WITEL_AHU_L8,33118500.0,228,228,230,0,0,0,50.05,1.0,2025-01-12 04:59:05.000,2025-01-12 04:59:05.000,2025-01-12 04:59:05.000,45511529.0,25627.0,57464360,-117.0,92
3542073,37,2025-01-12 05:10:03,WITEL_AHU_L8,33118500.0,228,228,230,0,0,0,50.03,1.0,2025-01-12 05:09:24.000,2025-01-12 05:09:24.000,2025-01-12 05:09:24.000,45511529.0,25627.0,57464360,-117.0,92
3542242,37,2025-01-12 05:20:03,WITEL_AHU_L8,33118500.0,228,228,230,0,0,0,50.04,1.0,2025-01-12 05:19:14.000,2025-01-12 05:19:14.000,2025-01-12 05:19:14.000,45511529.0,25627.0,57464360,-102.0,92
3542606,37,2025-01-12 05:30:03,WITEL_AHU_L8,33118500.0,228,228,230,0,0,0,50.01,1.0,2025-01-12 05:29:17.000,2025-01-12 05:29:17.000,2025-01-12 05:29:17.000,45511529.0,25627.0,57464360,-121.0,92
3543269,37,2025-01-12 05:50:03,WITEL_AHU_L8,33118500.0,228,228,229,0,0,0,50.03,1.0,2025-01-12 05:49:23.000,2025-01-12 05:49:23.000,2025-01-12 05:49:23.000,45511529.0,25627.0,57464360,-117.0,92
3543425,37,2025-01-12 06:00:03,WITEL_AHU_L8,33118500.0,228,228,230,0,0,0,50.06,1.0,2025-01-12 05:59:05.000,2025-01-12 05:59:05.000,2025-01-12 05:59:05.000,45511529.0,25627.0,57464360,-120.0,92
3543815,37,2025-01-12 06:10:03,WITEL_AHU_L8,33118500.0,228,228,229,0,0,0,49.95,1.0,2025-01-12 06:09:14.000,2025-01-12 06:09:14.000,2025-01-12 06:09:14.000,45511529.0,25627.0,57464360,-108.0,92
3544270,37,2025-01-12 06:30:03,WITEL_AHU_L8,33118500.0,228,228,229,0,0,0,50.07,1.0,2025-01-12 06:29:04.000,2025-01-12 06:29:04.000,2025-01-12 06:29:04.000,45511529.0,25627.0,57464360,-117.0,92
3544582,37,2025-01-12 06:40:03,WITEL_AHU_L8,33118500.0,228,228,230,0,0,0,50.07,1.0,2025-01-12 06:39:16.000,2025-01-12 06:39:16.000,2025-01-12 06:39:16.000,45511529.0,25627.0,57464360,-101.0,92
3544894,37,2025-01-12 06:50:03,WITEL_AHU_L8,33118500.0,228,227,229,0,0,0,50.0,1.0,2025-01-12 06:49:18.000,2025-01-12 06:49:18.000,2025-01-12 06:49:18.000,45511529.0,25627.0,57464360,-99.0,92
3545180,37,2025-01-12 07:00:03,WITEL_AHU_L8,33118500.0,227,227,229,0,0,0,49.98,1.0,2025-01-12 06:59:14.000,2025-01-12 06:59:14.000,2025-01-12 06:59:14.000,45511529.0,25627.0,57464360,-120.0,92
3545505,37,2025-01-12 07:10:02,WITEL_AHU_L8,33118500.0,227,227,229,0,0,0,50.06,1.0,2025-01-12 07:09:20.000,2025-01-12 07:09:20.000,2025-01-12 07:09:20.000,45511529.0,25627.0,57464360,-95.0,92
3545752,37,2025-01-12 07:20:02,WITEL_AHU_L8,33118500.0,227,227,229,0,0,0,50.05,1.0,2025-01-12 07:19:14.000,2025-01-12 07:19:14.000,2025-01-12 07:19:14.000,45511529.0,25627.0,57464360,-100.0,92
3546064,37,2025-01-12 07:30:02,WITEL_AHU_L8,33118500.0,227,227,229,0,0,0,50.06,1.0,2025-01-12 07:29:21.000,2025-01-12 07:29:21.000,2025-01-12 07:29:21.000,45511529.0,25627.0,57464360,-121.0,92
3546545,37,2025-01-12 07:50:02,WITEL_AHU_L8,33118500.0,227,226,228,0,0,0,50.06,1.0,2025-01-12 07:49:06.000,2025-01-12 07:49:06.000,2025-01-12 07:49:06.000,45511529.0,25627.0,57464360,-119.0,92
3546831,37,2025-01-12 08:00:02,WITEL_AHU_L8,33118500.0,226,226,228,0,0,0,50.0,1.0,2025-01-12 07:59:03.000,2025-01-12 07:59:03.000,2025-01-12 07:59:03.000,45511529.0,25627.0,57464360,-115.0,92
3547221,37,2025-01-12 08:10:03,WITEL_AHU_L8,33118500.0,226,226,228,0,0,0,49.98,1.0,2025-01-12 08:09:15.000,2025-01-12 08:09:15.000,2025-01-12 08:09:15.000,45511529.0,25627.0,57464360,-119.0,92
3547780,37,2025-01-12 08:30:03,WITEL_AHU_L8,33118500.0,226,225,227,0,0,0,49.97,1.0,2025-01-12 08:29:14.000,2025-01-12 08:29:14.000,2025-01-12 08:29:14.000,45511529.0,25627.0,57464360,-117.0,92
3548066,37,2025-01-12 08:40:03,WITEL_AHU_L8,33118500.0,225,225,227,0,0,0,50.01,1.0,2025-01-12 08:39:10.000,2025-01-12 08:39:10.000,2025-01-12 08:39:10.000,45511529.0,25627.0,57464360,-119.0,92
3548404,37,2025-01-12 08:48:59,WITEL_AHU_L8,33118500.0,225,225,227,0,0,0,50.02,1.0,2025-01-12 08:48:05.000,2025-01-12 08:48:05.000,2025-01-12 08:48:05.000,45511529.0,25627.0,57464360,-103.0,92
3548911,37,2025-01-12 09:00:03,WITEL_AHU_L8,33118500.0,225,225,227,0,0,0,49.98,1.0,2025-01-12 08:59:22.000,2025-01-12 08:59:22.000,2025-01-12 08:59:22.000,45511529.0,25627.0,57464360,-99.0,92
3549171,37,2025-01-12 09:10:03,WITEL_AHU_L8,33118500.0,225,225,226,0,0,0,49.97,1.0,2025-01-12 09:09:17.000,2025-01-12 09:09:17.000,2025-01-12 09:09:17.000,45511529.0,25627.0,57464360,-119.0,92
3549496,37,2025-01-12 09:20:03,WITEL_AHU_L8,33118500.0,224,224,226,0,0,0,49.99,1.0,2025-01-12 09:19:20.000,2025-01-12 09:19:20.000,2025-01-12 09:19:20.000,45511529.0,25627.0,57464360,-121.0,92
3549704,37,2025-01-12 09:30:03,WITEL_AHU_L8,33118500.0,224,224,226,0,0,0,50.02,1.0,2025-01-12 09:29:09.000,2025-01-12 09:29:09.000,2025-01-12 09:29:09.000,45511529.0,25627.0,57464360,-111.0,92
3549938,37,2025-01-12 09:40:03,WITEL_AHU_L8,33118500.0,224,224,226,0,0,0,49.98,1.0,2025-01-12 09:39:04.000,2025-01-12 09:39:04.000,2025-01-12 09:39:04.000,45511529.0,25627.0,57464360,-100.0,92
3550367,37,2025-01-12 09:50:03,WITEL_AHU_L8,33118500.0,224,224,225,0,0,0,49.97,1.0,2025-01-12 09:49:19.000,2025-01-12 09:49:19.000,2025-01-12 09:49:19.000,45511529.0,25627.0,57464360,-100.0,92
3550666,37,2025-01-12 10:00:03,WITEL_AHU_L8,33118500.0,224,223,225,0,0,0,50.0,1.0,2025-01-12 09:59:16.000,2025-01-12 09:59:16.000,2025-01-12 09:59:16.000,45511529.0,25627.0,57464360,-109.0,92
3551446,37,2025-01-12 10:30:02,WITEL_AHU_L8,33118500.0,223,223,225,0,0,0,49.97,1.0,2025-01-12 10:29:15.000,2025-01-12 10:29:15.000,2025-01-12 10:29:15.000,45511529.0,25627.0,57464360,-100.0,92
3551641,37,2025-01-12 10:40:02,WITEL_AHU_L8,33118500.0,223,223,224,0,0,0,49.99,1.0,2025-01-12 10:39:04.000,2025-01-12 10:39:04.000,2025-01-12 10:39:04.000,45511529.0,25627.0,57464360,-117.0,92
3551966,37,2025-01-12 10:50:03,WITEL_AHU_L8,33118500.0,223,223,225,0,0,0,50.04,1.0,2025-01-12 10:49:08.000,2025-01-12 10:49:08.000,2025-01-12 10:49:08.000,45511529.0,25627.0,57464360,-106.0,92
3552265,37,2025-01-12 11:00:03,WITEL_AHU_L8,33118500.0,223,223,224,0,0,0,49.96,1.0,2025-01-12 10:59:11.000,2025-01-12 10:59:11.000,2025-01-12 10:59:11.000,45511529.0,25627.0,57464360,-100.0,92
3552512,37,2025-01-12 11:10:03,WITEL_AHU_L8,33118500.0,223,222,224,0,0,0,49.92,1.0,2025-01-12 11:09:10.000,2025-01-12 11:09:10.000,2025-01-12 11:09:10.000,45511529.0,25627.0,57464360,-102.0,92
3552785,37,2025-01-12 11:20:03,WITEL_AHU_L8,33118500.0,223,223,224,0,0,0,49.95,1.0,2025-01-12 11:19:13.000,2025-01-12 11:19:13.000,2025-01-12 11:19:13.000,45511529.0,25627.0,57464360,-113.0,92
3553032,37,2025-01-12 11:30:03,WITEL_AHU_L8,33118500.0,223,222,224,0,0,0,49.96,1.0,2025-01-12 11:29:08.000,2025-01-12 11:29:08.000,2025-01-12 11:29:08.000,45511529.0,25627.0,57464360,-120.0,92
3553279,37,2025-01-12 11:40:03,WITEL_AHU_L8,33118500.0,222,222,224,0,0,0,50.0,1.0,2025-01-12 11:39:10.000,2025-01-12 11:39:10.000,2025-01-12 11:39:10.000,45511529.0,25627.0,57464360,-117.0,92
3553552,37,2025-01-12 11:50:03,WITEL_AHU_L8,33118500.0,222,222,224,0,0,0,50.03,1.0,2025-01-12 11:49:04.000,2025-01-12 11:49:04.000,2025-01-12 11:49:04.000,45511529.0,25627.0,57464360,-120.0,92
3554059,37,2025-01-12 12:10:03,WITEL_AHU_L8,33118500.0,223,222,224,0,0,0,50.04,1.0,2025-01-12 12:09:06.000,2025-01-12 12:09:06.000,2025-01-12 12:09:06.000,45511529.0,25627.0,57464360,-117.0,92
3554462,37,2025-01-12 12:20:03,WITEL_AHU_L8,33118500.0,223,222,224,0,0,0,49.98,1.0,2025-01-12 12:19:19.000,2025-01-12 12:19:19.000,2025-01-12 12:19:19.000,45511529.0,25627.0,57464360,-115.0,92
3554670,37,2025-01-12 12:30:03,WITEL_AHU_L8,33118500.0,222,222,224,0,0,0,50.01,1.0,2025-01-12 12:29:06.000,2025-01-12 12:29:06.000,2025-01-12 12:29:06.000,45511529.0,25627.0,57464360,-100.0,92
3554995,37,2025-01-12 12:40:03,WITEL_AHU_L8,33118500.0,222,222,224,0,0,0,49.97,1.0,2025-01-12 12:39:11.000,2025-01-12 12:39:11.000,2025-01-12 12:39:11.000,45511529.0,25627.0,57464360,-101.0,92
3555944,37,2025-01-12 13:10:02,WITEL_AHU_L8,33118500.0,222,222,224,0,0,0,49.95,1.0,2025-01-12 13:09:16.000,2025-01-12 13:09:16.000,2025-01-12 13:09:16.000,45511529.0,25627.0,57464360,-103.0,92
3556113,37,2025-01-12 13:20:02,WITEL_AHU_L8,33118500.0,222,222,224,0,0,0,49.95,1.0,2025-01-12 13:19:06.000,2025-01-12 13:19:06.000,2025-01-12 13:19:06.000,45511529.0,25627.0,57464360,-108.0,92
3556789,37,2025-01-12 13:40:02,WITEL_AHU_L8,33118500.0,222,222,223,0,0,0,49.97,1.0,2025-01-12 13:39:19.000,2025-01-12 13:39:19.000,2025-01-12 13:39:19.000,45511529.0,25627.0,57464360,-117.0,92
3557023,37,2025-01-12 13:50:02,WITEL_AHU_L8,33118500.0,222,221,223,0,0,0,49.98,1.0,2025-01-12 13:49:12.000,2025-01-12 13:49:12.000,2025-01-12 13:49:12.000,45511529.0,25627.0,57464360,-118.0,92
3557907,37,2025-01-12 14:20:03,WITEL_AHU_L8,33118500.0,222,222,223,0,0,0,49.99,1.0,2025-01-12 14:19:19.000,2025-01-12 14:19:19.000,2025-01-12 14:19:19.000,45511529.0,25627.0,57464360,-116.0,92
3558206,37,2025-01-12 14:30:03,WITEL_AHU_L8,33118500.0,222,222,223,0,0,0,49.98,1.0,2025-01-12 14:29:17.000,2025-01-12 14:29:17.000,2025-01-12 14:29:17.000,45511529.0,25627.0,57464360,-107.0,92
3558518,37,2025-01-12 14:40:03,WITEL_AHU_L8,33118500.0,222,222,223,0,0,0,49.99,1.0,2025-01-12 14:39:20.000,2025-01-12 14:39:20.000,2025-01-12 14:39:20.000,45511529.0,25627.0,57464360,-121.0,92
3558804,37,2025-01-12 14:50:03,WITEL_AHU_L8,33118500.0,222,222,223,0,0,0,49.96,1.0,2025-01-12 14:49:20.000,2025-01-12 14:49:20.000,2025-01-12 14:49:20.000,45511529.0,25627.0,57464360,-119.0,92
3558986,37,2025-01-12 15:00:03,WITEL_AHU_L8,33118500.0,222,222,223,0,0,0,49.98,1.0,2025-01-12 14:59:12.000,2025-01-12 14:59:12.000,2025-01-12 14:59:12.000,45511529.0,25627.0,57464360,-118.0,92
3559727,37,2025-01-12 15:30:03,WITEL_AHU_L8,33118500.0,222,222,224,0,0,0,49.99,1.0,2025-01-12 15:29:02.000,2025-01-12 15:29:02.000,2025-01-12 15:29:02.000,45511529.0,25627.0,57464360,-120.0,92
3560026,37,2025-01-12 15:40:03,WITEL_AHU_L8,33118500.0,222,222,223,0,0,0,49.99,1.0,2025-01-12 15:39:07.000,2025-01-12 15:39:07.000,2025-01-12 15:39:07.000,45511529.0,25627.0,57464360,-112.0,92
3560299,37,2025-01-12 15:50:03,WITEL_AHU_L8,33118500.0,222,222,224,0,0,0,49.99,1.0,2025-01-12 15:49:06.000,2025-01-12 15:49:06.000,2025-01-12 15:49:06.000,45511529.0,25627.0,57464360,-120.0,92
3560650,37,2025-01-12 16:00:03,WITEL_AHU_L8,33118500.0,222,222,224,0,0,0,49.98,1.0,2025-01-12 15:59:15.000,2025-01-12 15:59:15.000,2025-01-12 15:59:15.000,45511529.0,25627.0,57464360,-109.0,92
3561118,37,2025-01-12 16:20:03,WITEL_AHU_L8,33118500.0,222,222,224,0,0,0,50.03,1.0,2025-01-12 16:19:05.000,2025-01-12 16:19:05.000,2025-01-12 16:19:05.000,45511529.0,25627.0,57464360,-101.0,92
3561612,37,2025-01-12 16:40:02,WITEL_AHU_L8,33118500.0,222,222,224,0,0,0,50.0,1.0,2025-01-12 16:39:02.000,2025-01-12 16:39:02.000,2025-01-12 16:39:02.000,45511529.0,25627.0,57464360,-102.0,92
3562262,37,2025-01-12 17:00:03,WITEL_AHU_L8,33118500.0,223,223,225,0,0,0,50.06,1.0,2025-01-12 16:59:06.000,2025-01-12 16:59:06.000,2025-01-12 16:59:06.000,45511529.0,25627.0,57464360,-101.0,92
3562587,37,2025-01-12 17:10:03,WITEL_AHU_L8,33118500.0,223,223,224,0,0,0,50.03,1.0,2025-01-12 17:09:13.000,2025-01-12 17:09:13.000,2025-01-12 17:09:13.000,45511529.0,25627.0,57464360,-117.0,92
3563120,37,2025-01-12 17:30:03,WITEL_AHU_L8,33118500.0,223,223,224,0,0,0,50.06,1.0,2025-01-12 17:29:07.000,2025-01-12 17:29:07.000,2025-01-12 17:29:07.000,45511529.0,25627.0,57464360,-118.0,92
3563523,37,2025-01-12 17:40:03,WITEL_AHU_L8,33118500.0,223,222,224,0,0,0,50.03,1.0,2025-01-12 17:39:18.000,2025-01-12 17:39:18.000,2025-01-12 17:39:18.000,45511529.0,25627.0,57464360,-99.0,92
3563666,37,2025-01-12 17:50:03,WITEL_AHU_L8,33118500.0,223,223,224,0,0,0,50.05,1.0,2025-01-12 17:49:06.000,2025-01-12 17:49:06.000,2025-01-12 17:49:06.000,45511529.0,25627.0,57464360,-101.0,92
3564121,37,2025-01-12 18:00:03,WITEL_AHU_L8,33118500.0,222,222,224,0,0,0,50.03,1.0,2025-01-12 17:59:18.000,2025-01-12 17:59:18.000,2025-01-12 17:59:18.000,45511529.0,25627.0,57464360,-100.0,92
3564407,37,2025-01-12 18:10:02,WITEL_AHU_L8,33118500.0,222,222,224,0,0,0,50.03,1.0,2025-01-12 18:09:23.000,2025-01-12 18:09:23.000,2025-01-12 18:09:23.000,45511529.0,25627.0,57464360,-119.0,92
3564654,37,2025-01-12 18:20:02,WITEL_AHU_L8,33118500.0,222,222,224,0,0,0,49.95,1.0,2025-01-12 18:19:13.000,2025-01-12 18:19:13.000,2025-01-12 18:19:13.000,45511529.0,25627.0,57464360,-118.0,92
3564979,37,2025-01-12 18:30:03,WITEL_AHU_L8,33118500.0,222,222,224,0,0,0,50.02,1.0,2025-01-12 18:29:18.000,2025-01-12 18:29:18.000,2025-01-12 18:29:18.000,45511529.0,25627.0,57464360,-118.0,92
3565291,37,2025-01-12 18:40:02,WITEL_AHU_L8,33118500.0,222,222,224,0,0,0,49.96,1.0,2025-01-12 18:39:19.000,2025-01-12 18:39:19.000,2025-01-12 18:39:19.000,45511529.0,25627.0,57464360,-101.0,92
3565577,37,2025-01-12 18:50:02,WITEL_AHU_L8,33118500.0,222,222,224,0,0,0,50.01,1.0,2025-01-12 18:49:18.000,2025-01-12 18:49:18.000,2025-01-12 18:49:18.000,45511529.0,25627.0,57464360,-113.0,92
3566058,37,2025-01-12 19:10:03,WITEL_AHU_L8,33118500.0,222,222,224,0,0,0,49.99,1.0,2025-01-12 19:09:04.000,2025-01-12 19:09:04.000,2025-01-12 19:09:04.000,45511529.0,25627.0,57464360,-119.0,92
3566812,37,2025-01-12 19:30:03,WITEL_AHU_L8,33118500.0,222,222,224,0,0,0,49.97,1.0,2025-01-12 19:29:20.000,2025-01-12 19:29:20.000,2025-01-12 19:29:20.000,45511529.0,25627.0,57464360,-114.0,92
3567137,37,2025-01-12 19:40:03,WITEL_AHU_L8,33118500.0,223,223,224,0,0,0,50.05,1.0,2025-01-12 19:39:15.000,2025-01-12 19:39:15.000,2025-01-12 19:39:15.000,45511529.0,25627.0,57464360,-116.0,92
3568255,37,2025-01-12 20:20:03,WITEL_AHU_L8,33118500.0,223,223,224,0,0,0,50.04,1.0,2025-01-12 20:19:05.000,2025-01-12 20:19:05.000,2025-01-12 20:19:05.000,45511529.0,25627.0,57464360,-120.0,92
3568580,37,2025-01-12 20:30:03,WITEL_AHU_L8,33118500.0,223,223,224,0,0,0,50.01,1.0,2025-01-12 20:29:08.000,2025-01-12 20:29:08.000,2025-01-12 20:29:08.000,45511529.0,25627.0,57464360,-109.0,92
3569282,37,2025-01-12 20:50:03,WITEL_AHU_L8,33118500.0,223,223,225,0,0,0,50.07,1.0,2025-01-12 20:49:14.000,2025-01-12 20:49:14.000,2025-01-12 20:49:14.000,45511529.0,25627.0,57464360,-105.0,92
3569958,37,2025-01-12 21:10:03,WITEL_AHU_L8,33118500.0,223,223,225,0,0,0,50.04,1.0,2025-01-12 21:09:18.000,2025-01-12 21:09:18.000,2025-01-12 21:09:18.000,45511529.0,25627.0,57464360,-105.0,92
3570491,37,2025-01-12 21:30:03,WITEL_AHU_L8,33118500.0,224,224,225,0,0,0,50.01,1.0,2025-01-12 21:29:04.000,2025-01-12 21:29:04.000,2025-01-12 21:29:04.000,45511529.0,25627.0,57464360,-119.0,92
3570920,37,2025-01-12 21:40:03,WITEL_AHU_L8,33118500.0,224,224,225,0,0,0,50.0,1.0,2025-01-12 21:39:23.000,2025-01-12 21:39:23.000,2025-01-12 21:39:23.000,45511529.0,25627.0,57464360,-118.0,92
3571050,37,2025-01-12 21:50:03,WITEL_AHU_L8,33118500.0,224,224,225,0,0,0,49.99,1.0,2025-01-12 21:49:08.000,2025-01-12 21:49:08.000,2025-01-12 21:49:08.000,45511529.0,25627.0,57464360,-117.0,92
3571492,37,2025-01-12 22:00:03,WITEL_AHU_L8,33118500.0,224,224,226,0,0,0,50.09,1.0,2025-01-12 21:59:21.000,2025-01-12 21:59:21.000,2025-01-12 21:59:21.000,45511529.0,25627.0,57464360,-98.0,92
3571687,37,2025-01-12 22:10:02,WITEL_AHU_L8,33118500.0,224,224,226,0,0,0,50.03,1.0,2025-01-12 22:09:06.000,2025-01-12 22:09:06.000,2025-01-12 22:09:06.000,45511529.0,25627.0,57464360,-115.0,92
3572337,37,2025-01-12 22:30:03,WITEL_AHU_L8,33118500.0,225,225,227,0,0,0,49.99,1.0,2025-01-12 22:29:15.000,2025-01-12 22:29:15.000,2025-01-12 22:29:15.000,45511529.0,25627.0,57464360,-116.0,92
3572623,37,2025-01-12 22:40:03,WITEL_AHU_L8,33118500.0,225,225,227,0,0,0,50.05,1.0,2025-01-12 22:39:07.000,2025-01-12 22:39:07.000,2025-01-12 22:39:07.000,45511529.0,25627.0,57464360,-97.0,92
3573026,37,2025-01-12 22:50:03,WITEL_AHU_L8,33118500.0,225,225,227,0,0,0,49.95,1.0,2025-01-12 22:49:16.000,2025-01-12 22:49:16.000,2025-01-12 22:49:16.000,45511529.0,25627.0,57464360,-99.0,92
3573403,37,2025-01-12 23:00:03,WITEL_AHU_L8,33118500.0,225,225,227,0,0,0,50.02,1.0,2025-01-12 22:59:23.000,2025-01-12 22:59:23.000,2025-01-12 22:59:23.000,45511529.0,25627.0,57464360,-119.0,92
3574261,37,2025-01-12 23:30:03,WITEL_AHU_L8,33118500.0,228,227,230,0,0,0,49.97,1.0,2025-01-12 23:29:16.000,2025-01-12 23:29:16.000,2025-01-12 23:29:16.000,45511529.0,25627.0,57464360,-114.0,92
3574547,37,2025-01-12 23:40:03,WITEL_AHU_L8,33118500.0,228,227,230,0,0,0,50.04,1.0,2025-01-12 23:39:16.000,2025-01-12 23:39:16.000,2025-01-12 23:39:16.000,45511529.0,25627.0,57464360,-99.0,92
3574755,37,2025-01-12 23:50:03,WITEL_AHU_L8,33118500.0,228,228,230,0,0,0,50.06,1.0,2025-01-12 23:49:09.000,2025-01-12 23:49:09.000,2025-01-12 23:49:09.000,45511529.0,25627.0,57464360,-112.0,92
3575067,37,2025-01-13 00:00:03,WITEL_AHU_L8,33118500.0,228,227,230,0,0,0,49.99,1.0,2025-01-12 23:59:08.000,2025-01-12 23:59:08.000,2025-01-12 23:59:08.000,45511529.0,25627.0,57464360,-100.0,92
3575795,37,2025-01-13 00:20:03,WITEL_AHU_L8,33118500.0,228,228,230,0,0,0,49.98,1.0,2025-01-13 00:19:19.000,2025-01-13 00:19:19.000,2025-01-13 00:19:19.000,45511529.0,25627.0,57464360,-100.0,92
3576029,37,2025-01-13 00:30:03,WITEL_AHU_L8,33118500.0,229,229,231,0,0,0,49.96,1.0,2025-01-13 00:29:19.000,2025-01-13 00:29:19.000,2025-01-13 00:29:19.000,45511529.0,25627.0,57464360,-107.0,92
3576575,37,2025-01-13 00:47:16,WITEL_AHU_L8,33118500.0,228,228,230,0,0,0,50.05,1.0,2025-01-13 00:46:35.000,2025-01-13 00:46:35.000,2025-01-13 00:46:35.000,45511529.0,25627.0,57464360,-119.0,92
3576835,37,2025-01-13 00:50:03,WITEL_AHU_L8,33118500.0,228,227,230,0,0,0,49.93,1.0,2025-01-13 00:49:19.000,2025-01-13 00:49:19.000,2025-01-13 00:49:19.000,45511529.0,25627.0,57464360,-102.0,92
3577212,37,2025-01-13 01:00:03,WITEL_AHU_L8,33118500.0,228,228,230,0,0,0,49.96,1.0,2025-01-13 00:59:17.000,2025-01-13 00:59:17.000,2025-01-13 00:59:17.000,45511529.0,25627.0,57464360,-119.0,92
3577849,37,2025-01-13 01:20:03,WITEL_AHU_L8,33118500.0,228,228,230,0,0,0,50.02,1.0,2025-01-13 01:19:10.000,2025-01-13 01:19:10.000,2025-01-13 01:19:10.000,45511529.0,25627.0,57464360,-119.0,92
3578213,37,2025-01-13 01:30:03,WITEL_AHU_L8,33118500.0,228,228,230,0,0,0,49.99,1.0,2025-01-13 01:30:47.000,2025-01-13 01:30:47.000,2025-01-13 01:30:47.000,45511529.0,25627.0,57464360,-117.0,92
3578564,37,2025-01-13 01:40:03,WITEL_AHU_L8,33118500.0,228,228,230,0,0,0,49.96,1.0,2025-01-13 01:39:23.000,2025-01-13 01:39:23.000,2025-01-13 01:39:23.000,45511529.0,25627.0,57464360,-102.0,92
3579110,37,2025-01-13 02:00:03,WITEL_AHU_L8,33118500.0,229,228,230,0,0,0,50.04,1.0,2025-01-13 01:59:09.000,2025-01-13 01:59:09.000,2025-01-13 01:59:09.000,45511529.0,25627.0,57464360,-112.0,92
3579435,37,2025-01-13 02:10:02,WITEL_AHU_L8,33118500.0,229,228,231,0,0,0,50.05,1.0,2025-01-13 02:09:05.000,2025-01-13 02:09:05.000,2025-01-13 02:09:05.000,45511529.0,25627.0,57464360,-102.0,92
3579812,37,2025-01-13 02:20:02,WITEL_AHU_L8,33118500.0,229,228,231,0,0,0,50.04,1.0,2025-01-13 02:19:14.000,2025-01-13 02:19:14.000,2025-01-13 02:19:14.000,45511529.0,25627.0,57464360,-101.0,92
3580436,37,2025-01-13 02:40:02,WITEL_AHU_L8,33118500.0,229,229,231,0,0,0,49.96,1.0,2025-01-13 02:39:11.000,2025-01-13 02:39:11.000,2025-01-13 02:39:11.000,45511529.0,25627.0,57464360,-108.0,92
3580722,37,2025-01-13 02:50:02,WITEL_AHU_L8,33118500.0,229,229,231,0,0,0,50.01,1.0,2025-01-13 02:49:13.000,2025-01-13 02:49:13.000,2025-01-13 02:49:13.000,45511529.0,25627.0,57464360,-100.0,92
3581112,37,2025-01-13 03:00:02,WITEL_AHU_L8,33118500.0,229,229,231,0,0,0,50.01,1.0,2025-01-13 02:59:10.000,2025-01-13 02:59:10.000,2025-01-13 02:59:10.000,45511529.0,25627.0,57464360,-119.0,92
3581463,37,2025-01-13 03:10:03,WITEL_AHU_L8,33118500.0,229,229,231,0,0,0,50.06,1.0,2025-01-13 03:09:16.000,2025-01-13 03:09:16.000,2025-01-13 03:09:16.000,45511529.0,25627.0,57464360,-101.0,92
3581697,37,2025-01-13 03:20:03,WITEL_AHU_L8,33118500.0,229,229,232,0,0,0,50.05,1.0,2025-01-13 03:19:04.000,2025-01-13 03:19:04.000,2025-01-13 03:19:04.000,45511529.0,25627.0,57464360,-109.0,92
3582074,37,2025-01-13 03:30:03,WITEL_AHU_L8,33118500.0,230,229,231,0,0,0,50.03,1.0,2025-01-13 03:29:11.000,2025-01-13 03:29:11.000,2025-01-13 03:29:11.000,45511529.0,25627.0,57464360,-119.0,92
3582451,37,2025-01-13 03:40:03,WITEL_AHU_L8,33118500.0,230,229,231,0,0,0,50.02,1.0,2025-01-13 03:39:15.000,2025-01-13 03:39:15.000,2025-01-13 03:39:15.000,45511529.0,25627.0,57464360,-94.0,92
3582685,37,2025-01-13 03:50:03,WITEL_AHU_L8,33118500.0,230,229,232,0,0,0,50.05,1.0,2025-01-13 03:49:09.000,2025-01-13 03:49:09.000,2025-01-13 03:49:09.000,45511529.0,25627.0,57464360,-99.0,92
3583166,37,2025-01-13 04:00:03,WITEL_AHU_L8,33118500.0,230,229,232,0,0,0,50.03,1.0,2025-01-13 03:59:18.000,2025-01-13 03:59:18.000,2025-01-13 03:59:18.000,45511529.0,25627.0,57464360,-107.0,92
3583439,37,2025-01-13 04:10:03,WITEL_AHU_L8,33118500.0,230,229,231,0,0,0,49.95,1.0,2025-01-13 04:09:14.000,2025-01-13 04:09:14.000,2025-01-13 04:09:14.000,45511529.0,25627.0,57464360,-119.0,92
3583777,37,2025-01-13 04:20:03,WITEL_AHU_L8,33118500.0,229,229,231,0,0,0,50.03,1.0,2025-01-13 04:19:15.000,2025-01-13 04:19:15.000,2025-01-13 04:19:15.000,45511529.0,25627.0,57464360,-118.0,92
3583998,37,2025-01-13 04:30:03,WITEL_AHU_L8,33118500.0,229,229,231,0,0,0,50.06,1.0,2025-01-13 04:29:04.000,2025-01-13 04:29:04.000,2025-01-13 04:29:04.000,45511529.0,25627.0,57464360,-120.0,92
3584362,37,2025-01-13 04:40:03,WITEL_AHU_L8,33118500.0,229,229,231,0,0,0,50.06,1.0,2025-01-13 04:39:05.000,2025-01-13 04:39:05.000,2025-01-13 04:39:05.000,45511529.0,25627.0,57464360,-115.0,92
3584674,37,2025-01-13 04:50:03,WITEL_AHU_L8,33118500.0,229,228,231,0,0,0,49.98,1.0,2025-01-13 04:49:07.000,2025-01-13 04:49:07.000,2025-01-13 04:49:07.000,45511529.0,25627.0,57464360,-119.0,92
3584947,37,2025-01-13 05:00:03,WITEL_AHU_L8,33118500.0,229,228,230,0,0,0,50.0,1.0,2025-01-13 04:59:03.000,2025-01-13 04:59:03.000,2025-01-13 04:59:03.000,45511529.0,25627.0,57464360,-120.0,92
3585649,37,2025-01-13 05:20:03,WITEL_AHU_L8,33118500.0,228,227,230,0,0,0,49.98,1.0,2025-01-13 05:19:05.000,2025-01-13 05:19:05.000,2025-01-13 05:19:05.000,45511529.0,25627.0,57464360,-115.0,92
3586039,37,2025-01-13 05:30:03,WITEL_AHU_L8,33118500.0,227,227,229,0,0,0,49.98,1.0,2025-01-13 05:29:11.000,2025-01-13 05:29:11.000,2025-01-13 05:29:11.000,45511529.0,25627.0,57464360,-100.0,92
3586429,37,2025-01-13 05:40:03,WITEL_AHU_L8,33118500.0,227,227,229,0,0,0,50.08,1.0,2025-01-13 05:39:23.000,2025-01-13 05:39:23.000,2025-01-13 05:39:23.000,45511529.0,25627.0,57464360,-102.0,92
3587079,37,2025-01-13 06:00:03,WITEL_AHU_L8,33118500.0,226,225,228,0,0,0,50.04,1.0,2025-01-13 05:59:18.000,2025-01-13 05:59:18.000,2025-01-13 05:59:18.000,45511529.0,25627.0,57464360,-111.0,92
3587287,37,2025-01-13 06:10:03,WITEL_AHU_L8,33118500.0,226,225,227,0,0,0,50.05,1.0,2025-01-13 06:09:08.000,2025-01-13 06:09:08.000,2025-01-13 06:09:08.000,45511529.0,25627.0,57464360,-120.0,92
3587651,37,2025-01-13 06:20:03,WITEL_AHU_L8,33118500.0,225,224,227,0,0,0,49.98,1.0,2025-01-13 06:19:16.000,2025-01-13 06:19:16.000,2025-01-13 06:19:16.000,45511529.0,25627.0,57464360,-100.0,92
3588392,37,2025-01-13 06:40:03,WITEL_AHU_L8,33118500.0,227,226,229,0,0,0,50.05,1.0,2025-01-13 06:39:21.000,2025-01-13 06:39:21.000,2025-01-13 06:39:21.000,45511529.0,25627.0,57464360,-113.0,92
3588769,37,2025-01-13 06:50:03,WITEL_AHU_L8,33118500.0,227,226,229,0,0,0,50.07,1.0,2025-01-13 06:49:22.000,2025-01-13 06:49:22.000,2025-01-13 06:49:22.000,45511529.0,25627.0,57464360,-100.0,92
3588990,37,2025-01-13 07:00:03,WITEL_AHU_L8,33118500.0,227,226,229,0,0,0,50.03,1.0,2025-01-13 06:59:10.000,2025-01-13 06:59:10.000,2025-01-13 06:59:10.000,45511529.0,25627.0,57464360,-118.0,92
3589289,37,2025-01-13 07:10:03,WITEL_AHU_L8,33118500.0,225,224,227,0,0,0,50.02,1.0,2025-01-13 07:09:04.000,2025-01-13 07:09:04.000,2025-01-13 07:09:04.000,45511529.0,25627.0,57464360,-121.0,92
3590030,37,2025-01-13 07:30:03,WITEL_AHU_L8,33118500.0,228,227,229,0,0,0,50.0,1.0,2025-01-13 07:29:08.000,2025-01-13 07:29:08.000,2025-01-13 07:29:08.000,45511529.0,25627.0,57464360,-121.0,92
3590368,37,2025-01-13 07:40:03,WITEL_AHU_L8,33118500.0,227,226,228,0,0,0,49.96,1.0,2025-01-13 07:39:09.000,2025-01-13 07:39:09.000,2025-01-13 07:39:09.000,45511529.0,25627.0,57464360,-118.0,92
3590706,37,2025-01-13 07:50:03,WITEL_AHU_L8,33118500.0,226,225,228,0,0,0,50.04,1.0,2025-01-13 07:49:08.000,2025-01-13 07:49:08.000,2025-01-13 07:49:08.000,45511529.0,25627.0,57464360,-101.0,92
3591148,37,2025-01-13 08:00:03,WITEL_AHU_L8,33118500.0,225,224,227,0,0,0,50.05,1.0,2025-01-13 07:59:25.000,2025-01-13 07:59:25.000,2025-01-13 07:59:25.000,45511529.0,25627.0,57464360,-117.0,92
3591369,37,2025-01-13 08:10:03,WITEL_AHU_L8,33118500.0,226,224,227,0,0,0,50.05,1.0,2025-01-13 08:09:08.000,2025-01-13 08:09:08.000,2025-01-13 08:09:08.000,45511529.0,25627.0,57464360,-101.0,92
3592201,37,2025-01-13 08:30:02,WITEL_AHU_L8,33118500.0,226,224,227,0,0,0,50.02,1.0,2025-01-13 08:29:22.000,2025-01-13 08:29:22.000,2025-01-13 08:29:22.000,45511529.0,25627.0,57464360,-101.0,92
3592448,37,2025-01-13 08:40:03,WITEL_AHU_L8,33118500.0,227,226,229,0,0,0,49.98,1.0,2025-01-13 08:39:09.000,2025-01-13 08:39:09.000,2025-01-13 08:39:09.000,45511529.0,25627.0,57464360,-117.0,92
3601760,37,2025-01-16 09:10:03,WITEL_AHU_L8,34433900.0,223,222,224,0,0,0,50.06,1.0,2025-01-16 09:09:26.000,2025-01-16 09:09:26.000,2025-01-16 09:09:26.000,47497583.0,25627.0,59856315,-106.0,92
3601804,37,2025-01-16 09:30:03,WITEL_AHU_L8,34433900.0,223,223,225,0,0,0,50.07,1.0,2025-01-16 09:29:07.000,2025-01-16 09:29:07.000,2025-01-16 09:29:07.000,47497583.0,25627.0,59856315,-114.0,92
3601821,37,2025-01-16 09:40:03,WITEL_AHU_L8,34433900.0,224,223,226,0,0,0,49.99,1.0,2025-01-16 09:39:04.000,2025-01-16 09:39:04.000,2025-01-16 09:39:04.000,47497583.0,25627.0,59856315,-119.0,92
3601844,37,2025-01-16 09:50:03,WITEL_AHU_L8,34433900.0,224,223,225,0,0,0,49.97,1.0,2025-01-16 09:49:06.000,2025-01-16 09:49:06.000,2025-01-16 09:49:06.000,47497583.0,25627.0,59856315,-114.0,92
3601870,37,2025-01-16 10:00:03,WITEL_AHU_L8,34439200.0,222,221,223,11,10,11,49.97,0.5552999999999999,2025-01-16 09:59:11.000,2025-01-16 09:59:11.000,2025-01-16 09:59:11.000,47505668.0,25627.0,59866053,-96.0,92
3601896,37,2025-01-16 10:10:03,WITEL_AHU_L8,34445500.0,222,220,223,10,10,11,50.0,0.5468999999999999,2025-01-16 10:09:16.000,2025-01-16 10:09:16.000,2025-01-16 10:09:16.000,47515520.0,25627.0,59877803,-99.0,92
3601917,37,2025-01-16 10:20:03,WITEL_AHU_L8,34451700.0,223,222,224,10,10,11,49.98,0.5209999999999999,2025-01-16 10:19:15.000,2025-01-16 10:19:15.000,2025-01-16 10:19:15.000,47525331.0,25627.0,59889508,-116.0,92
3601974,37,2025-01-16 10:50:03,WITEL_AHU_L8,34470600.0,221,220,223,10,10,11,50.02,0.5436,2025-01-16 10:49:11.000,2025-01-16 10:49:11.000,2025-01-16 10:49:11.000,47554395.0,25627.0,59924303,-97.0,92
3602015,37,2025-01-16 11:10:03,WITEL_AHU_L8,34483200.0,223,222,224,10,10,11,49.95,0.5323,2025-01-16 11:09:06.000,2025-01-16 11:09:06.000,2025-01-16 11:09:06.000,47573826.0,25627.0,59947558,-117.0,92
3602062,37,2025-01-16 11:30:03,WITEL_AHU_L8,34495800.0,223,222,224,10,10,11,50.0,0.5516,2025-01-16 11:29:14.000,2025-01-16 11:29:14.000,2025-01-16 11:29:14.000,47593181.0,25627.0,59970749,-115.0,92
3602082,37,2025-01-16 11:40:03,WITEL_AHU_L8,34502100.0,222,221,224,10,10,11,49.96,0.5310999999999999,2025-01-16 11:39:14.000,2025-01-16 11:39:14.000,2025-01-16 11:39:14.000,47602951.0,25627.0,59982424,-97.0,92
3602105,37,2025-01-16 11:50:03,WITEL_AHU_L8,34508400.0,223,222,225,10,10,11,50.02,0.5417,2025-01-16 11:49:11.000,2025-01-16 11:49:11.000,2025-01-16 11:49:11.000,47612826.0,25627.0,59994173,-118.0,92
3602168,37,2025-01-16 12:20:03,WITEL_AHU_L8,34527400.0,226,225,228,11,10,11,49.98,0.5166999999999999,2025-01-16 12:19:19.000,2025-01-16 12:19:19.000,2025-01-16 12:19:19.000,47643275.0,25627.0,60030238,-119.0,92
3602228,37,2025-01-16 12:50:03,WITEL_AHU_L8,34546300.0,221,220,223,10,10,11,50.03,0.5454,2025-01-16 12:49:20.000,2025-01-16 12:49:20.000,2025-01-16 12:49:20.000,47672813.0,25627.0,60065448,-99.0,92
3602243,37,2025-01-16 13:00:03,WITEL_AHU_L8,34552600.0,222,221,224,10,10,11,49.98,0.5380999999999999,2025-01-16 12:59:13.000,2025-01-16 12:59:13.000,2025-01-16 12:59:13.000,47682444.0,25627.0,60077002,-99.0,92
3602260,37,2025-01-16 13:10:03,WITEL_AHU_L8,34558900.0,223,222,224,10,10,11,50.0,0.5495,2025-01-16 13:09:07.000,2025-01-16 13:09:07.000,2025-01-16 13:09:07.000,47692131.0,25627.0,60088596,-108.0,92
3602303,37,2025-01-16 13:30:03,WITEL_AHU_L8,34571500.0,221,220,222,10,10,11,50.03,0.5567,2025-01-16 13:29:05.000,2025-01-16 13:29:05.000,2025-01-16 13:29:05.000,47711313.0,25627.0,60111612,-119.0,92
3602344,37,2025-01-16 13:50:03,WITEL_AHU_L8,34584100.0,222,221,223,10,10,11,50.05,0.5471999999999999,2025-01-16 13:49:07.000,2025-01-16 13:49:07.000,2025-01-16 13:49:07.000,47730367.0,25627.0,60134527,-100.0,92
3602408,37,2025-01-16 14:20:03,WITEL_AHU_L8,34602800.0,221,220,222,10,10,11,50.04,0.5437,2025-01-16 14:19:11.000,2025-01-16 14:19:11.000,2025-01-16 14:19:11.000,47759082.0,25627.0,60168978,-120.0,92
3602474,37,2025-01-16 14:50:03,WITEL_AHU_L8,34621700.0,223,222,224,10,10,11,50.0,0.5306,2025-01-16 14:49:19.000,2025-01-16 14:49:19.000,2025-01-16 14:49:19.000,47788029.0,25627.0,60203618,-100.0,92
3602488,37,2025-01-16 15:00:03,WITEL_AHU_L8,34628000.0,223,222,224,10,10,11,50.04,0.5346,2025-01-16 14:59:08.000,2025-01-16 14:59:08.000,2025-01-16 14:59:08.000,47797709.0,25627.0,60215223,-119.0,92
3602504,37,2025-01-16 15:10:03,WITEL_AHU_L8,34634300.0,223,222,224,10,10,11,50.06,0.5434,2025-01-16 15:09:05.000,2025-01-16 15:09:05.000,2025-01-16 15:09:05.000,47807434.0,25627.0,60226857,-108.0,92
3602533,37,2025-01-16 15:20:03,WITEL_AHU_L8,34640600.0,222,221,223,10,10,11,50.01,0.5416,2025-01-16 15:19:11.000,2025-01-16 15:19:11.000,2025-01-16 15:19:11.000,47817158.0,25627.0,60238483,-101.0,92
3602547,37,2025-01-17 09:20:03,WITEL_AHU_L8,34704100.0,222,222,224,0,0,0,50.06,1.0,2025-01-17 09:19:11.000,2025-01-17 09:19:11.000,2025-01-17 09:19:11.000,47919686.0,25627.0,60359613,-120.0,92
3602575,37,2025-01-17 09:40:03,WITEL_AHU_L8,34704100.0,221,221,223,0,0,0,49.97,1.0,2025-01-17 09:39:03.000,2025-01-17 09:39:03.000,2025-01-17 09:39:03.000,47919686.0,25627.0,60359613,-99.0,92
3602601,37,2025-01-17 09:50:03,WITEL_AHU_L8,34704100.0,221,220,223,0,0,0,50.02,1.0,2025-01-17 09:49:16.000,2025-01-17 09:49:16.000,2025-01-17 09:49:16.000,47919686.0,25627.0,60359613,-105.0,92
3602620,37,2025-01-17 10:00:03,WITEL_AHU_L8,34704100.0,223,222,225,0,0,0,50.03,1.0,2025-01-17 09:59:19.000,2025-01-17 09:59:19.000,2025-01-17 09:59:19.000,47919686.0,25627.0,60359613,-118.0,92
3602637,37,2025-01-17 10:10:03,WITEL_AHU_L8,34704100.0,223,222,225,0,0,0,50.02,1.0,2025-01-17 10:09:23.000,2025-01-17 10:09:23.000,2025-01-17 10:09:23.000,47919686.0,25627.0,60359613,-102.0,92
3602648,37,2025-01-17 10:20:03,WITEL_AHU_L8,34704100.0,223,222,224,0,0,0,50.01,1.0,2025-01-17 10:19:11.000,2025-01-17 10:19:11.000,2025-01-17 10:19:11.000,47919686.0,25627.0,60359613,-101.0,92
3602661,37,2025-01-17 10:30:03,WITEL_AHU_L8,34704100.0,223,222,225,0,0,0,49.98,1.0,2025-01-17 10:29:04.000,2025-01-17 10:29:04.000,2025-01-17 10:29:04.000,47919686.0,25627.0,60359613,-106.0,92
3602682,37,2025-01-17 10:40:03,WITEL_AHU_L8,34704100.0,223,222,225,0,0,0,50.04,1.0,2025-01-17 10:39:16.000,2025-01-17 10:39:16.000,2025-01-17 10:39:16.000,47919686.0,25627.0,60359613,-101.0,92
3602694,37,2025-01-17 10:50:03,WITEL_AHU_L8,34704100.0,223,222,225,0,0,0,50.03,1.0,2025-01-17 10:49:09.000,2025-01-17 10:49:09.000,2025-01-17 10:49:09.000,47919686.0,25627.0,60359613,-118.0,92
3602726,37,2025-01-17 11:10:03,WITEL_AHU_L8,34704100.0,223,222,225,0,0,0,50.0,1.0,2025-01-17 11:09:08.000,2025-01-17 11:09:08.000,2025-01-17 11:09:08.000,47919686.0,25627.0,60359613,-102.0,92
3602742,37,2025-01-17 11:20:03,WITEL_AHU_L8,34704100.0,224,223,226,0,0,0,50.02,1.0,2025-01-17 11:19:11.000,2025-01-17 11:19:11.000,2025-01-17 11:19:11.000,47919686.0,25627.0,60359613,-120.0,92
3602755,37,2025-01-17 11:30:03,WITEL_AHU_L8,34704100.0,226,225,228,0,0,0,50.05,1.0,2025-01-17 11:29:03.000,2025-01-17 11:29:03.000,2025-01-17 11:29:03.000,47919686.0,25627.0,60359613,-102.0,92
3602779,37,2025-01-17 11:40:03,WITEL_AHU_L8,34704100.0,224,223,226,0,0,0,49.99,1.0,2025-01-17 11:39:17.000,2025-01-17 11:39:17.000,2025-01-17 11:39:17.000,47919686.0,25627.0,60359613,-119.0,92
3602795,37,2025-01-17 11:50:03,WITEL_AHU_L8,34704100.0,225,224,227,0,0,0,49.99,1.0,2025-01-17 11:49:17.000,2025-01-17 11:49:17.000,2025-01-17 11:49:17.000,47919686.0,25627.0,60359613,-107.0,92
3602849,37,2025-01-17 12:20:03,WITEL_AHU_L8,34704100.0,226,225,228,0,0,0,50.05,1.0,2025-01-17 12:19:19.000,2025-01-17 12:19:19.000,2025-01-17 12:19:19.000,47919686.0,25627.0,60359613,-99.0,92
3602862,37,2025-01-17 12:30:03,WITEL_AHU_L8,34704100.0,226,225,228,0,0,0,49.99,1.0,2025-01-17 12:29:09.000,2025-01-17 12:29:09.000,2025-01-17 12:29:09.000,47919686.0,25627.0,60359613,-107.0,92
3602881,37,2025-01-17 12:40:03,WITEL_AHU_L8,34704100.0,226,225,228,0,0,0,50.0,1.0,2025-01-17 12:39:15.000,2025-01-17 12:39:15.000,2025-01-17 12:39:15.000,47919686.0,25627.0,60359613,-102.0,92
3602894,37,2025-01-17 12:50:03,WITEL_AHU_L8,34704100.0,225,224,227,0,0,0,50.05,1.0,2025-01-17 12:49:03.000,2025-01-17 12:49:03.000,2025-01-17 12:49:03.000,47919686.0,25627.0,60359613,-102.0,92
3602910,37,2025-01-17 13:00:03,WITEL_AHU_L8,34704100.0,224,223,226,0,0,0,50.03,1.0,2025-01-17 12:59:03.000,2025-01-17 12:59:03.000,2025-01-17 12:59:03.000,47919686.0,25627.0,60359613,-96.0,92
3602950,37,2025-01-17 13:20:03,WITEL_AHU_L8,34704100.0,223,222,225,0,0,0,50.06,1.0,2025-01-17 13:19:11.000,2025-01-17 13:19:11.000,2025-01-17 13:19:11.000,47919686.0,25627.0,60359613,-117.0,92
3602965,37,2025-01-17 13:30:03,WITEL_AHU_L8,34704100.0,222,221,224,0,0,0,50.02,1.0,2025-01-17 13:29:06.000,2025-01-17 13:29:06.000,2025-01-17 13:29:06.000,47919686.0,25627.0,60359613,-117.0,92
3603000,37,2025-01-17 13:50:03,WITEL_AHU_L8,34704100.0,222,222,224,0,0,0,50.05,1.0,2025-01-17 13:49:14.000,2025-01-17 13:49:14.000,2025-01-17 13:49:14.000,47919686.0,25627.0,60359613,-120.0,92
3603011,37,2025-01-17 14:00:03,WITEL_AHU_L8,34704100.0,222,221,224,0,0,0,50.05,1.0,2025-01-17 13:59:04.000,2025-01-17 13:59:04.000,2025-01-17 13:59:04.000,47919686.0,25627.0,60359613,-117.0,92
3603032,37,2025-01-17 14:10:03,WITEL_AHU_L8,34704100.0,222,221,224,0,0,0,50.04,1.0,2025-01-17 14:09:09.000,2025-01-17 14:09:09.000,2025-01-17 14:09:09.000,47919686.0,25627.0,60359613,-115.0,92
3603045,37,2025-01-17 14:20:03,WITEL_AHU_L8,34704100.0,222,221,224,0,0,0,50.05,1.0,2025-01-17 14:19:11.000,2025-01-17 14:19:11.000,2025-01-17 14:19:11.000,47919686.0,25627.0,60359613,-96.0,92
3603090,37,2025-01-17 14:50:03,WITEL_AHU_L8,34719500.0,222,222,224,10,10,11,50.07,0.5284,2025-01-17 14:49:16.000,2025-01-17 14:49:16.000,2025-01-17 14:49:16.000,47943312.0,25627.0,60387967,-118.0,92
3603108,37,2025-01-17 15:00:03,WITEL_AHU_L8,34725800.0,222,221,224,10,10,11,50.02,0.5309999999999999,2025-01-17 14:59:21.000,2025-01-17 14:59:21.000,2025-01-17 14:59:21.000,47953075.0,25627.0,60399612,-101.0,92
3603121,37,2025-01-17 15:10:03,WITEL_AHU_L8,34732100.0,222,222,224,10,10,11,49.98,0.5339999999999999,2025-01-17 15:09:07.000,2025-01-17 15:09:07.000,2025-01-17 15:09:07.000,47962837.0,25627.0,60411254,-120.0,92
3603139,37,2025-01-17 15:20:03,WITEL_AHU_L8,34738300.0,222,221,224,10,10,11,50.0,0.5542999999999999,2025-01-17 15:19:10.000,2025-01-17 15:19:10.000,2025-01-17 15:19:10.000,47972623.0,25627.0,60422934,-99.0,92
3603187,37,2025-01-17 15:40:03,WITEL_AHU_L8,34750900.0,223,222,224,10,10,11,50.03,0.5486,2025-01-17 15:39:14.000,2025-01-17 15:39:14.000,2025-01-17 15:39:14.000,47992179.0,25627.0,60446279,-120.0,92
3603215,37,2025-01-17 15:50:03,WITEL_AHU_L8,34757200.0,223,222,225,10,10,11,50.05,0.5224,2025-01-17 15:49:18.000,2025-01-17 15:49:18.000,2025-01-17 15:49:18.000,48001966.0,25627.0,60457958,-107.0,92
3603235,37,2025-01-17 16:00:03,WITEL_AHU_L8,34763500.0,223,222,225,10,10,11,50.03,0.5500999999999999,2025-01-17 15:59:18.000,2025-01-17 15:59:18.000,2025-01-17 15:59:18.000,48011754.0,25627.0,60469643,-116.0,92
3603300,37,2025-01-17 16:30:03,WITEL_AHU_L8,34782500.0,225,224,226,11,10,11,50.0,0.5314,2025-01-17 16:29:21.000,2025-01-17 16:29:21.000,2025-01-17 16:29:21.000,48041462.0,25627.0,60505018,-103.0,92
3603317,37,2025-01-17 16:40:03,WITEL_AHU_L8,34788800.0,225,224,227,11,10,11,50.05,0.5428,2025-01-17 16:39:13.000,2025-01-17 16:39:13.000,2025-01-17 16:39:13.000,48051596.0,25627.0,60517000,-119.0,92
3603354,37,2025-01-17 17:00:03,WITEL_AHU_L8,34801500.0,230,229,231,11,11,12,50.05,0.51,2025-01-17 16:59:09.000,2025-01-17 16:59:09.000,2025-01-17 16:59:09.000,48072159.0,25627.0,60541312,-105.0,92
3603416,37,2025-01-17 17:30:03,WITEL_AHU_L8,34820500.0,229,228,230,11,11,12,50.04,0.4964999999999999,2025-01-17 17:29:11.000,2025-01-17 17:29:11.000,2025-01-17 17:29:11.000,48104200.0,25627.0,60578695,-119.0,92
3603440,37,2025-01-17 17:40:03,WITEL_AHU_L8,34823900.0,230,229,231,0,0,0,50.04,1.0,2025-01-17 17:39:19.000,2025-01-17 17:39:19.000,2025-01-17 17:39:19.000,48110054.0,25627.0,60585476,-103.0,92
3603453,37,2025-01-17 17:50:03,WITEL_AHU_L8,34823900.0,230,229,232,0,0,0,50.06,1.0,2025-01-17 17:49:05.000,2025-01-17 17:49:05.000,2025-01-17 17:49:05.000,48110054.0,25627.0,60585476,-102.0,92
3603479,37,2025-01-17 18:00:03,WITEL_AHU_L8,34823900.0,228,228,230,0,0,0,50.06,1.0,2025-01-17 17:59:17.000,2025-01-17 17:59:17.000,2025-01-17 17:59:17.000,48110054.0,25627.0,60585476,-115.0,92
3603507,37,2025-01-17 18:10:03,WITEL_AHU_L8,34823900.0,229,228,231,0,0,0,50.03,1.0,2025-01-17 18:09:17.000,2025-01-17 18:09:17.000,2025-01-17 18:09:17.000,48110054.0,25627.0,60585476,-98.0,92
3603527,37,2025-01-17 18:20:03,WITEL_AHU_L8,34823900.0,229,229,231,0,0,0,49.98,1.0,2025-01-17 18:19:13.000,2025-01-17 18:19:13.000,2025-01-17 18:19:13.000,48110054.0,25627.0,60585476,-119.0,92
3603547,37,2025-01-17 18:30:03,WITEL_AHU_L8,34823900.0,230,229,231,0,0,0,49.97,1.0,2025-01-17 18:29:06.000,2025-01-17 18:29:06.000,2025-01-17 18:29:06.000,48110054.0,25627.0,60585476,-100.0,92
3603571,37,2025-01-17 18:40:03,WITEL_AHU_L8,34823900.0,230,229,232,0,0,0,49.99,1.0,2025-01-17 18:39:07.000,2025-01-17 18:39:07.000,2025-01-17 18:39:07.000,48110054.0,25627.0,60585476,-118.0,92
3603594,37,2025-01-17 18:50:03,WITEL_AHU_L8,34823900.0,230,230,232,0,0,0,49.99,1.0,2025-01-17 18:49:04.000,2025-01-17 18:49:04.000,2025-01-17 18:49:04.000,48110054.0,25627.0,60585476,-119.0,92
3603620,37,2025-01-17 19:00:03,WITEL_AHU_L8,34823900.0,230,230,232,0,0,0,50.02,1.0,2025-01-17 18:59:19.000,2025-01-17 18:59:19.000,2025-01-17 18:59:19.000,48110054.0,25627.0,60585476,-97.0,92
3603646,37,2025-01-17 19:10:03,WITEL_AHU_L8,34823900.0,230,229,232,0,0,0,49.99,1.0,2025-01-17 19:09:24.000,2025-01-17 19:09:24.000,2025-01-17 19:09:24.000,48110054.0,25627.0,60585476,-120.0,92
3603664,37,2025-01-17 19:20:03,WITEL_AHU_L8,34823900.0,228,227,229,0,0,0,50.01,1.0,2025-01-17 19:19:14.000,2025-01-17 19:19:14.000,2025-01-17 19:19:14.000,48110054.0,25627.0,60585476,-118.0,92
3603707,37,2025-01-17 19:40:03,WITEL_AHU_L8,34823900.0,227,227,229,0,0,0,49.99,1.0,2025-01-17 19:39:13.000,2025-01-17 19:39:13.000,2025-01-17 19:39:13.000,48110054.0,25627.0,60585476,-120.0,92
3603757,37,2025-01-17 20:00:03,WITEL_AHU_L8,34823900.0,228,227,230,0,0,0,50.04,1.0,2025-01-17 19:59:21.000,2025-01-17 19:59:21.000,2025-01-17 19:59:21.000,48110054.0,25627.0,60585476,-118.0,92
3603773,37,2025-01-17 20:10:03,WITEL_AHU_L8,34823900.0,228,227,230,0,0,0,50.04,1.0,2025-01-17 20:09:10.000,2025-01-17 20:09:10.000,2025-01-17 20:09:10.000,48110054.0,25627.0,60585476,-120.0,92
3603800,37,2025-01-17 20:20:03,WITEL_AHU_L8,34823900.0,228,227,229,0,0,0,50.02,1.0,2025-01-17 20:19:21.000,2025-01-17 20:19:21.000,2025-01-17 20:19:21.000,48110054.0,25627.0,60585476,-110.0,92
3603819,37,2025-01-17 20:30:03,WITEL_AHU_L8,34823900.0,228,227,229,0,0,0,50.02,1.0,2025-01-17 20:29:09.000,2025-01-17 20:29:09.000,2025-01-17 20:29:09.000,48110054.0,25627.0,60585476,-100.0,92
3603844,37,2025-01-17 20:40:03,WITEL_AHU_L8,34823900.0,228,228,230,0,0,0,50.02,1.0,2025-01-17 20:39:21.000,2025-01-17 20:39:21.000,2025-01-17 20:39:21.000,48110054.0,25627.0,60585476,-101.0,92
3603881,37,2025-01-17 21:00:03,WITEL_AHU_L8,34823900.0,228,228,230,0,0,0,49.98,1.0,2025-01-17 20:59:03.000,2025-01-17 20:59:03.000,2025-01-17 20:59:03.000,48110054.0,25627.0,60585476,-120.0,92
3603901,37,2025-01-17 21:10:03,WITEL_AHU_L8,34823900.0,229,228,230,0,0,0,50.05,1.0,2025-01-17 21:09:06.000,2025-01-17 21:09:06.000,2025-01-17 21:09:06.000,48110054.0,25627.0,60585476,-99.0,92
3603925,37,2025-01-17 21:20:03,WITEL_AHU_L8,34823900.0,228,228,230,0,0,0,49.99,1.0,2025-01-17 21:19:10.000,2025-01-17 21:19:10.000,2025-01-17 21:19:10.000,48110054.0,25627.0,60585476,-119.0,92
3603954,37,2025-01-17 21:30:03,WITEL_AHU_L8,34823900.0,229,228,230,0,0,0,50.01,1.0,2025-01-17 21:29:20.000,2025-01-17 21:29:20.000,2025-01-17 21:29:20.000,48110054.0,25627.0,60585476,-97.0,92
3603973,37,2025-01-17 21:40:03,WITEL_AHU_L8,34823900.0,229,229,231,0,0,0,50.02,1.0,2025-01-17 21:39:12.000,2025-01-17 21:39:12.000,2025-01-17 21:39:12.000,48110054.0,25627.0,60585476,-102.0,92
3603993,37,2025-01-17 21:50:03,WITEL_AHU_L8,34823900.0,229,229,231,0,0,0,49.95,1.0,2025-01-17 21:49:15.000,2025-01-17 21:49:15.000,2025-01-17 21:49:15.000,48110054.0,25627.0,60585476,-99.0,92
3604021,37,2025-01-17 22:00:03,WITEL_AHU_L8,34823900.0,230,229,231,0,0,0,49.98,1.0,2025-01-17 21:59:23.000,2025-01-17 21:59:23.000,2025-01-17 21:59:23.000,48110054.0,25627.0,60585476,-117.0,92
3604056,37,2025-01-17 22:20:02,WITEL_AHU_L8,34823900.0,230,229,232,0,0,0,49.99,1.0,2025-01-17 22:19:04.000,2025-01-17 22:19:04.000,2025-01-17 22:19:04.000,48110054.0,25627.0,60585476,-111.0,92
3604085,37,2025-01-17 22:30:02,WITEL_AHU_L8,34823900.0,230,230,232,0,0,0,50.0,1.0,2025-01-17 22:29:20.000,2025-01-17 22:29:20.000,2025-01-17 22:29:20.000,48110054.0,25627.0,60585476,-100.0,92
3604103,37,2025-01-17 22:40:03,WITEL_AHU_L8,34823900.0,230,229,232,0,0,0,50.02,1.0,2025-01-17 22:39:14.000,2025-01-17 22:39:14.000,2025-01-17 22:39:14.000,48110054.0,25627.0,60585476,-103.0,92
3604149,37,2025-01-17 23:00:02,WITEL_AHU_L8,34823900.0,230,229,232,0,0,0,49.96,1.0,2025-01-17 22:59:22.000,2025-01-17 22:59:22.000,2025-01-17 22:59:22.000,48110054.0,25627.0,60585476,-119.0,92
3604162,37,2025-01-17 23:10:03,WITEL_AHU_L8,34823900.0,230,229,232,0,0,0,50.01,1.0,2025-01-17 23:09:08.000,2025-01-17 23:09:08.000,2025-01-17 23:09:08.000,48110054.0,25627.0,60585476,-120.0,92
3604194,37,2025-01-17 23:20:03,WITEL_AHU_L8,34823900.0,230,229,232,0,0,0,49.96,1.0,2025-01-17 23:19:18.000,2025-01-17 23:19:18.000,2025-01-17 23:19:18.000,48110054.0,25627.0,60585476,-118.0,92
3604212,37,2025-01-17 23:30:03,WITEL_AHU_L8,34823900.0,230,230,232,0,0,0,50.0,1.0,2025-01-17 23:29:07.000,2025-01-17 23:29:07.000,2025-01-17 23:29:07.000,48110054.0,25627.0,60585476,-119.0,92
3604233,37,2025-01-17 23:35:16,WITEL_AHU_L8,34823900.0,230,230,232,0,0,0,50.02,1.0,2025-01-17 23:34:26.000,2025-01-17 23:34:26.000,2025-01-17 23:34:26.000,48110054.0,25627.0,60585476,-105.0,92
3604261,37,2025-01-17 23:40:03,WITEL_AHU_L8,34823900.0,230,230,232,0,0,0,50.05,1.0,2025-01-17 23:39:10.000,2025-01-17 23:39:10.000,2025-01-17 23:39:10.000,48110054.0,25627.0,60585476,-121.0,92
3604284,37,2025-01-17 23:50:03,WITEL_AHU_L8,34823900.0,231,230,233,0,0,0,50.04,1.0,2025-01-17 23:49:04.000,2025-01-17 23:49:04.000,2025-01-17 23:49:04.000,48110054.0,25627.0,60585476,-105.0,92
3604337,37,2025-01-18 00:10:03,WITEL_AHU_L8,34823900.0,229,228,231,0,0,0,50.04,1.0,2025-01-18 00:09:08.000,2025-01-18 00:09:08.000,2025-01-18 00:09:08.000,48110054.0,25627.0,60585476,-117.0,92
3604383,37,2025-01-18 00:30:03,WITEL_AHU_L8,34823900.0,229,229,231,0,0,0,50.07,1.0,2025-01-18 00:29:08.000,2025-01-18 00:29:08.000,2025-01-18 00:29:08.000,48110054.0,25627.0,60585476,-121.0,92
3604402,37,2025-01-18 00:40:03,WITEL_AHU_L8,34823900.0,229,229,232,0,0,0,50.04,1.0,2025-01-18 00:39:01.000,2025-01-18 00:39:01.000,2025-01-18 00:39:01.000,48110054.0,25627.0,60585476,-118.0,92
3604439,37,2025-01-18 00:50:03,WITEL_AHU_L8,34823900.0,229,229,232,0,0,0,50.05,1.0,2025-01-18 00:49:20.000,2025-01-18 00:49:20.000,2025-01-18 00:49:20.000,48110054.0,25627.0,60585476,-108.0,92
3604452,37,2025-01-18 01:00:03,WITEL_AHU_L8,34823900.0,229,229,232,0,0,0,50.05,1.0,2025-01-18 00:59:04.000,2025-01-18 00:59:04.000,2025-01-18 00:59:04.000,48110054.0,25627.0,60585476,-100.0,92
3604475,37,2025-01-18 01:10:03,WITEL_AHU_L8,34823900.0,229,229,231,0,0,0,50.0,1.0,2025-01-18 01:09:08.000,2025-01-18 01:09:08.000,2025-01-18 01:09:08.000,48110054.0,25627.0,60585476,-120.0,92
3604500,37,2025-01-18 01:20:03,WITEL_AHU_L8,34823900.0,229,229,231,0,0,0,50.06,1.0,2025-01-18 01:19:08.000,2025-01-18 01:19:08.000,2025-01-18 01:19:08.000,48110054.0,25627.0,60585476,-117.0,92
3604532,37,2025-01-18 01:30:03,WITEL_AHU_L8,34823900.0,230,229,232,0,0,0,50.06,1.0,2025-01-18 01:32:05.000,2025-01-18 01:32:05.000,2025-01-18 01:32:05.000,48110054.0,25627.0,60585476,-102.0,92
3604592,37,2025-01-18 02:00:03,WITEL_AHU_L8,34823900.0,230,230,232,0,0,0,50.09,1.0,2025-01-18 01:59:05.000,2025-01-18 01:59:05.000,2025-01-18 01:59:05.000,48110054.0,25627.0,60585476,-121.0,92
3604626,37,2025-01-18 02:10:03,WITEL_AHU_L8,34823900.0,230,230,232,0,0,0,50.07,1.0,2025-01-18 02:09:22.000,2025-01-18 02:09:22.000,2025-01-18 02:09:22.000,48110054.0,25627.0,60585476,-109.0,92
3604647,37,2025-01-18 02:20:03,WITEL_AHU_L8,34823900.0,230,230,232,0,0,0,49.99,1.0,2025-01-18 02:19:17.000,2025-01-18 02:19:17.000,2025-01-18 02:19:17.000,48110054.0,25627.0,60585476,-100.0,92
3604663,37,2025-01-18 02:30:03,WITEL_AHU_L8,34823900.0,231,230,233,0,0,0,50.07,1.0,2025-01-18 02:29:05.000,2025-01-18 02:29:05.000,2025-01-18 02:29:05.000,48110054.0,25627.0,60585476,-118.0,92
3604684,37,2025-01-18 02:40:03,WITEL_AHU_L8,34823900.0,231,230,233,0,0,0,50.06,1.0,2025-01-18 02:39:03.000,2025-01-18 02:39:03.000,2025-01-18 02:39:03.000,48110054.0,25627.0,60585476,-100.0,92
3604745,37,2025-01-18 03:00:03,WITEL_AHU_L8,34823900.0,228,228,230,0,0,0,50.05,1.0,2025-01-18 02:59:23.000,2025-01-18 02:59:23.000,2025-01-18 02:59:23.000,48110054.0,25627.0,60585476,-119.0,92
3604762,37,2025-01-18 03:10:03,WITEL_AHU_L8,34823900.0,228,228,230,0,0,0,50.08,1.0,2025-01-18 03:09:05.000,2025-01-18 03:09:05.000,2025-01-18 03:09:05.000,48110054.0,25627.0,60585476,-111.0,92
3604787,37,2025-01-18 03:20:03,WITEL_AHU_L8,34823900.0,228,228,230,0,0,0,49.99,1.0,2025-01-18 03:19:08.000,2025-01-18 03:19:08.000,2025-01-18 03:19:08.000,48110054.0,25627.0,60585476,-117.0,92
3604810,37,2025-01-18 03:30:03,WITEL_AHU_L8,34823900.0,228,228,230,0,0,0,49.97,1.0,2025-01-18 03:29:04.000,2025-01-18 03:29:04.000,2025-01-18 03:29:04.000,48110054.0,25627.0,60585476,-108.0,92
3604865,37,2025-01-18 03:50:03,WITEL_AHU_L8,34823900.0,229,229,231,0,0,0,50.06,1.0,2025-01-18 03:49:10.000,2025-01-18 03:49:10.000,2025-01-18 03:49:10.000,48110054.0,25627.0,60585476,-121.0,92
3604890,37,2025-01-18 04:00:03,WITEL_AHU_L8,34823900.0,229,228,231,0,0,0,50.03,1.0,2025-01-18 03:59:10.000,2025-01-18 03:59:10.000,2025-01-18 03:59:10.000,48110054.0,25627.0,60585476,-120.0,92
3604922,37,2025-01-18 04:10:03,WITEL_AHU_L8,34823900.0,229,228,230,0,0,0,50.06,1.0,2025-01-18 04:09:18.000,2025-01-18 04:09:18.000,2025-01-18 04:09:18.000,48110054.0,25627.0,60585476,-108.0,92
3604936,37,2025-01-18 04:20:03,WITEL_AHU_L8,34823900.0,229,228,231,0,0,0,50.08,1.0,2025-01-18 04:19:02.000,2025-01-18 04:19:02.000,2025-01-18 04:19:02.000,48110054.0,25627.0,60585476,-102.0,92
3604965,37,2025-01-18 04:30:03,WITEL_AHU_L8,34823900.0,229,228,231,0,0,0,50.06,1.0,2025-01-18 04:29:22.000,2025-01-18 04:29:22.000,2025-01-18 04:29:22.000,48110054.0,25627.0,60585476,-117.0,92
3604981,37,2025-01-18 04:40:03,WITEL_AHU_L8,34823900.0,229,228,230,0,0,0,50.08,1.0,2025-01-18 04:39:05.000,2025-01-18 04:39:05.000,2025-01-18 04:39:05.000,48110054.0,25627.0,60585476,-121.0,92
3605010,37,2025-01-18 04:50:03,WITEL_AHU_L8,34823900.0,229,228,231,0,0,0,50.08,1.0,2025-01-18 04:49:21.000,2025-01-18 04:49:21.000,2025-01-18 04:49:21.000,48110054.0,25627.0,60585476,-119.0,92
3605049,37,2025-01-18 05:10:03,WITEL_AHU_L8,34823900.0,228,228,230,0,0,0,50.04,1.0,2025-01-18 05:09:06.000,2025-01-18 05:09:06.000,2025-01-18 05:09:06.000,48110054.0,25627.0,60585476,-105.0,92
3605084,37,2025-01-18 05:20:03,WITEL_AHU_L8,34823900.0,228,228,230,0,0,0,50.07,1.0,2025-01-18 05:19:21.000,2025-01-18 05:19:21.000,2025-01-18 05:19:21.000,48110054.0,25627.0,60585476,-120.0,92
3605108,37,2025-01-18 05:30:03,WITEL_AHU_L8,34823900.0,228,228,230,0,0,0,50.06,1.0,2025-01-18 05:29:21.000,2025-01-18 05:29:21.000,2025-01-18 05:29:21.000,48110054.0,25627.0,60585476,-117.0,92
3605149,37,2025-01-18 05:50:03,WITEL_AHU_L8,34823900.0,228,228,230,0,0,0,50.06,1.0,2025-01-18 05:49:10.000,2025-01-18 05:49:10.000,2025-01-18 05:49:10.000,48110054.0,25627.0,60585476,-117.0,92
3605183,37,2025-01-18 06:00:03,WITEL_AHU_L8,34823900.0,228,228,230,0,0,0,50.09,1.0,2025-01-18 05:59:22.000,2025-01-18 05:59:22.000,2025-01-18 05:59:22.000,48110054.0,25627.0,60585476,-119.0,92
3605205,37,2025-01-18 06:10:03,WITEL_AHU_L8,34823900.0,228,228,230,0,0,0,50.06,1.0,2025-01-18 06:09:21.000,2025-01-18 06:09:21.000,2025-01-18 06:09:21.000,48110054.0,25627.0,60585476,-119.0,92
3605272,37,2025-01-18 06:40:03,WITEL_AHU_L8,34823900.0,227,226,229,0,0,0,50.1,1.0,2025-01-18 06:39:11.000,2025-01-18 06:39:11.000,2025-01-18 06:39:11.000,48110054.0,25627.0,60585476,-121.0,92
3605297,37,2025-01-18 06:50:03,WITEL_AHU_L8,34823900.0,226,226,228,0,0,0,50.0,1.0,2025-01-18 06:49:16.000,2025-01-18 06:49:16.000,2025-01-18 06:49:16.000,48110054.0,25627.0,60585476,-119.0,92
3605316,37,2025-01-18 07:00:03,WITEL_AHU_L8,34823900.0,227,226,229,0,0,0,50.01,1.0,2025-01-18 06:59:05.000,2025-01-18 06:59:05.000,2025-01-18 06:59:05.000,48110054.0,25627.0,60585476,-116.0,92
3605349,37,2025-01-18 07:10:03,WITEL_AHU_L8,34824100.0,225,225,227,10,10,12,49.97,0.5115999999999999,2025-01-18 07:09:22.000,2025-01-18 07:09:22.000,2025-01-18 07:09:22.000,48110275.0,25627.0,60585822,-118.0,92
3605373,37,2025-01-18 07:20:03,WITEL_AHU_L8,34830400.0,225,225,227,11,10,11,49.99,0.5283,2025-01-18 07:19:13.000,2025-01-18 07:19:13.000,2025-01-18 07:19:13.000,48120618.0,25627.0,60597970,-101.0,92
3605394,37,2025-01-18 07:30:03,WITEL_AHU_L8,34836600.0,224,224,226,10,10,11,50.03,0.5104,2025-01-18 07:29:15.000,2025-01-18 07:29:15.000,2025-01-18 07:29:15.000,48130969.0,25627.0,60610146,-118.0,92
3608247,37,2025-01-19 07:50:03,WITEL_AHU_L8,35246300.0,228,227,229,0,0,0,50.04,1.0,2025-01-19 07:49:03.000,2025-01-19 07:49:03.000,2025-01-19 07:49:03.000,48798963.0,25627.0,61397485,-121.0,92
3608269,37,2025-01-19 08:00:03,WITEL_AHU_L8,35246300.0,227,227,229,0,0,0,50.06,1.0,2025-01-19 07:59:02.000,2025-01-19 07:59:02.000,2025-01-19 07:59:02.000,48798963.0,25627.0,61397485,-102.0,92
3608304,37,2025-01-19 08:20:03,WITEL_AHU_L8,35246300.0,226,226,228,0,0,0,49.99,1.0,2025-01-19 08:19:05.000,2025-01-19 08:19:05.000,2025-01-19 08:19:05.000,48798963.0,25627.0,61397485,-117.0,92
3608327,37,2025-01-19 08:30:03,WITEL_AHU_L8,35246300.0,226,225,228,0,0,0,50.01,1.0,2025-01-19 08:29:04.000,2025-01-19 08:29:04.000,2025-01-19 08:29:04.000,48798963.0,25627.0,61397485,-97.0,92
3608348,37,2025-01-19 08:40:03,WITEL_AHU_L8,35246300.0,225,225,227,0,0,0,49.94,1.0,2025-01-19 08:39:04.000,2025-01-19 08:39:04.000,2025-01-19 08:39:04.000,48798963.0,25627.0,61397485,-113.0,92
3608390,37,2025-01-19 09:00:03,WITEL_AHU_L8,35246300.0,228,227,229,0,0,0,50.04,1.0,2025-01-19 08:59:12.000,2025-01-19 08:59:12.000,2025-01-19 08:59:12.000,48798963.0,25627.0,61397485,-101.0,92
3608410,37,2025-01-19 09:10:03,WITEL_AHU_L8,35246300.0,227,227,229,0,0,0,49.95,1.0,2025-01-19 09:09:13.000,2025-01-19 09:09:13.000,2025-01-19 09:09:13.000,48798963.0,25627.0,61397485,-118.0,92
3608490,37,2025-01-19 09:50:03,WITEL_AHU_L8,35246300.0,227,227,229,0,0,0,49.97,1.0,2025-01-19 09:49:12.000,2025-01-19 09:49:12.000,2025-01-19 09:49:12.000,48798963.0,25627.0,61397485,-119.0,92
3608513,37,2025-01-19 10:00:03,WITEL_AHU_L8,35246300.0,227,226,229,0,0,0,50.04,1.0,2025-01-19 09:59:09.000,2025-01-19 09:59:09.000,2025-01-19 09:59:09.000,48798963.0,25627.0,61397485,-118.0,92
3608537,37,2025-01-19 10:10:03,WITEL_AHU_L8,35246300.0,226,226,228,0,0,0,50.0,1.0,2025-01-19 10:09:17.000,2025-01-19 10:09:17.000,2025-01-19 10:09:17.000,48798963.0,25627.0,61397485,-120.0,92
3608561,37,2025-01-19 10:20:03,WITEL_AHU_L8,35246300.0,226,225,227,0,0,0,50.01,1.0,2025-01-19 10:19:20.000,2025-01-19 10:19:20.000,2025-01-19 10:19:20.000,48798963.0,25627.0,61397485,-114.0,92
3608577,37,2025-01-19 10:30:03,WITEL_AHU_L8,35246300.0,226,225,227,0,0,0,50.04,1.0,2025-01-19 10:29:07.000,2025-01-19 10:29:07.000,2025-01-19 10:29:07.000,48798963.0,25627.0,61397485,-120.0,92
3608601,37,2025-01-19 10:40:03,WITEL_AHU_L8,35246300.0,226,225,227,0,0,0,50.04,1.0,2025-01-19 10:39:11.000,2025-01-19 10:39:11.000,2025-01-19 10:39:11.000,48798963.0,25627.0,61397485,-120.0,92
3608626,37,2025-01-19 10:50:03,WITEL_AHU_L8,35246300.0,226,225,227,0,0,0,50.01,1.0,2025-01-19 10:49:11.000,2025-01-19 10:49:11.000,2025-01-19 10:49:11.000,48798963.0,25627.0,61397485,-118.0,92
3608644,37,2025-01-19 11:00:03,WITEL_AHU_L8,35246300.0,225,225,227,0,0,0,50.08,1.0,2025-01-19 10:59:06.000,2025-01-19 10:59:06.000,2025-01-19 10:59:06.000,48798963.0,25627.0,61397485,-117.0,92
3608697,37,2025-01-19 11:20:03,WITEL_AHU_L8,35246300.0,225,225,227,0,0,0,49.99,1.0,2025-01-19 11:19:21.000,2025-01-19 11:19:21.000,2025-01-19 11:19:21.000,48798963.0,25627.0,61397485,-107.0,92
3608730,37,2025-01-19 11:40:03,WITEL_AHU_L8,35246300.0,225,225,227,0,0,0,50.0,1.0,2025-01-19 11:39:10.000,2025-01-19 11:39:10.000,2025-01-19 11:39:10.000,48798963.0,25627.0,61397485,-107.0,92
3608756,37,2025-01-19 11:50:03,WITEL_AHU_L8,35246300.0,225,225,227,0,0,0,50.01,1.0,2025-01-19 11:49:20.000,2025-01-19 11:49:20.000,2025-01-19 11:49:20.000,48798963.0,25627.0,61397485,-105.0,92
3608768,37,2025-01-19 12:00:03,WITEL_AHU_L8,35246300.0,226,225,227,0,0,0,50.05,1.0,2025-01-19 11:59:12.000,2025-01-19 11:59:12.000,2025-01-19 11:59:12.000,48798963.0,25627.0,61397485,-102.0,92
3608815,37,2025-01-19 12:20:03,WITEL_AHU_L8,35246300.0,226,225,227,0,0,0,49.99,1.0,2025-01-19 12:19:20.000,2025-01-19 12:19:20.000,2025-01-19 12:19:20.000,48798963.0,25627.0,61397485,-101.0,92
3608831,37,2025-01-19 12:30:03,WITEL_AHU_L8,35246300.0,226,225,227,0,0,0,50.07,1.0,2025-01-19 12:29:10.000,2025-01-19 12:29:10.000,2025-01-19 12:29:10.000,48798963.0,25627.0,61397485,-101.0,92
3608858,37,2025-01-19 12:40:03,WITEL_AHU_L8,35246300.0,226,226,228,0,0,0,50.06,1.0,2025-01-19 12:39:18.000,2025-01-19 12:39:18.000,2025-01-19 12:39:18.000,48798963.0,25627.0,61397485,-115.0,92
3608901,37,2025-01-19 13:00:03,WITEL_AHU_L8,35246300.0,226,225,227,0,0,0,49.99,1.0,2025-01-19 12:59:18.000,2025-01-19 12:59:18.000,2025-01-19 12:59:18.000,48798963.0,25627.0,61397485,-119.0,92
3608918,37,2025-01-19 13:10:03,WITEL_AHU_L8,35246300.0,225,225,227,0,0,0,50.0,1.0,2025-01-19 13:09:12.000,2025-01-19 13:09:12.000,2025-01-19 13:09:12.000,48798963.0,25627.0,61397485,-121.0,92
3608939,37,2025-01-19 13:20:03,WITEL_AHU_L8,35246300.0,228,227,229,0,0,0,49.98,1.0,2025-01-19 13:19:01.000,2025-01-19 13:19:01.000,2025-01-19 13:19:01.000,48798963.0,25627.0,61397485,-118.0,92
3608988,37,2025-01-19 13:40:03,WITEL_AHU_L8,35246300.0,228,227,229,0,0,0,50.04,1.0,2025-01-19 13:39:21.000,2025-01-19 13:39:21.000,2025-01-19 13:39:21.000,48798963.0,25627.0,61397485,-117.0,92
3609008,37,2025-01-19 13:50:03,WITEL_AHU_L8,35246300.0,228,227,229,0,0,0,50.08,1.0,2025-01-19 13:49:06.000,2025-01-19 13:49:06.000,2025-01-19 13:49:06.000,48798963.0,25627.0,61397485,-119.0,92
3609053,37,2025-01-19 14:10:03,WITEL_AHU_L8,35246300.0,227,227,229,0,0,0,49.98,1.0,2025-01-19 14:09:06.000,2025-01-19 14:09:06.000,2025-01-19 14:09:06.000,48798963.0,25627.0,61397485,-119.0,92
3609070,37,2025-01-19 14:20:03,WITEL_AHU_L8,35246300.0,227,227,229,0,0,0,50.03,1.0,2025-01-19 14:19:07.000,2025-01-19 14:19:07.000,2025-01-19 14:19:07.000,48798963.0,25627.0,61397485,-115.0,92
3609094,37,2025-01-19 14:30:03,WITEL_AHU_L8,35246300.0,228,227,229,0,0,0,50.04,1.0,2025-01-19 14:29:10.000,2025-01-19 14:29:10.000,2025-01-19 14:29:10.000,48798963.0,25627.0,61397485,-102.0,92
3609115,37,2025-01-19 14:40:03,WITEL_AHU_L8,35246300.0,227,227,229,0,0,0,50.05,1.0,2025-01-19 14:39:11.000,2025-01-19 14:39:11.000,2025-01-19 14:39:11.000,48798963.0,25627.0,61397485,-107.0,92
3609137,37,2025-01-19 14:50:03,WITEL_AHU_L8,35246300.0,227,227,229,0,0,0,50.03,1.0,2025-01-19 14:49:09.000,2025-01-19 14:49:09.000,2025-01-19 14:49:09.000,48798963.0,25627.0,61397485,-118.0,92
3609158,37,2025-01-19 15:00:03,WITEL_AHU_L8,35246300.0,228,227,229,0,0,0,50.05,1.0,2025-01-19 14:59:18.000,2025-01-19 14:59:18.000,2025-01-19 14:59:18.000,48798963.0,25627.0,61397485,-103.0,92
3609173,37,2025-01-19 15:10:03,WITEL_AHU_L8,35246300.0,228,227,229,0,0,0,50.04,1.0,2025-01-19 15:09:02.000,2025-01-19 15:09:02.000,2025-01-19 15:09:02.000,48798963.0,25627.0,61397485,-119.0,92
3609195,37,2025-01-19 15:20:03,WITEL_AHU_L8,35246300.0,228,227,229,0,0,0,50.03,1.0,2025-01-19 15:19:14.000,2025-01-19 15:19:14.000,2025-01-19 15:19:14.000,48798963.0,25627.0,61397485,-119.0,92
3610180,37,2025-01-19 23:42:46,WITEL_AHU_L8,35246300.0,228,227,230,0,0,0,50.05,1.0,2025-01-19 23:41:59.000,2025-01-19 23:41:59.000,2025-01-19 23:41:59.000,48798963.0,25627.0,61397485,-115.0,92
3610198,37,2025-01-19 23:50:03,WITEL_AHU_L8,35246300.0,228,228,230,0,0,0,50.02,1.0,2025-01-19 23:49:16.000,2025-01-19 23:49:16.000,2025-01-19 23:49:16.000,48798963.0,25627.0,61397485,-120.0,92
3610222,37,2025-01-20 00:00:03,WITEL_AHU_L8,35246300.0,228,228,230,0,0,0,50.08,1.0,2025-01-19 23:59:21.000,2025-01-19 23:59:21.000,2025-01-19 23:59:21.000,48798963.0,25627.0,61397485,-106.0,92
3610265,37,2025-01-20 00:20:03,WITEL_AHU_L8,35246300.0,228,228,230,0,0,0,50.02,1.0,2025-01-20 00:19:20.000,2025-01-20 00:19:20.000,2025-01-20 00:19:20.000,48798963.0,25627.0,61397485,-120.0,92
3610306,37,2025-01-20 00:40:03,WITEL_AHU_L8,35246300.0,228,228,230,0,0,0,49.98,1.0,2025-01-20 00:39:11.000,2025-01-20 00:39:11.000,2025-01-20 00:39:11.000,48798963.0,25627.0,61397485,-103.0,92
3610330,37,2025-01-20 00:50:03,WITEL_AHU_L8,35246300.0,229,228,231,0,0,0,49.99,1.0,2025-01-20 00:49:11.000,2025-01-20 00:49:11.000,2025-01-20 00:49:11.000,48798963.0,25627.0,61397485,-118.0,92
3610351,37,2025-01-20 01:00:03,WITEL_AHU_L8,35246300.0,229,228,231,0,0,0,50.01,1.0,2025-01-20 00:59:10.000,2025-01-20 00:59:10.000,2025-01-20 00:59:10.000,48798963.0,25627.0,61397485,-121.0,92
3610378,37,2025-01-20 01:10:03,WITEL_AHU_L8,35246300.0,229,229,231,0,0,0,50.02,1.0,2025-01-20 01:09:19.000,2025-01-20 01:09:19.000,2025-01-20 01:09:19.000,48798963.0,25627.0,61397485,-120.0,92
3610388,37,2025-01-20 01:20:03,WITEL_AHU_L8,35246300.0,229,228,231,0,0,0,49.99,1.0,2025-01-20 01:19:05.000,2025-01-20 01:19:05.000,2025-01-20 01:19:05.000,48798963.0,25627.0,61397485,-117.0,92
3610412,37,2025-01-20 01:30:03,WITEL_AHU_L8,35246300.0,229,229,231,0,0,0,50.07,1.0,2025-01-20 01:31:29.000,2025-01-20 01:31:29.000,2025-01-20 01:31:29.000,48798963.0,25627.0,61397485,-125.0,92
3610436,37,2025-01-20 01:40:03,WITEL_AHU_L8,35246300.0,229,229,231,0,0,0,50.05,1.0,2025-01-20 01:39:10.000,2025-01-20 01:39:10.000,2025-01-20 01:39:10.000,48798963.0,25627.0,61397485,-101.0,92
3610459,37,2025-01-20 01:50:03,WITEL_AHU_L8,35246300.0,229,229,232,0,0,0,50.07,1.0,2025-01-20 01:49:08.000,2025-01-20 01:49:08.000,2025-01-20 01:49:08.000,48798963.0,25627.0,61397485,-118.0,92
3610479,37,2025-01-20 02:00:03,WITEL_AHU_L8,35246300.0,230,229,232,0,0,0,50.04,1.0,2025-01-20 01:59:16.000,2025-01-20 01:59:16.000,2025-01-20 01:59:16.000,48798963.0,25627.0,61397485,-119.0,92
3610497,37,2025-01-20 02:10:03,WITEL_AHU_L8,35246300.0,230,229,232,0,0,0,49.95,1.0,2025-01-20 02:09:11.000,2025-01-20 02:09:11.000,2025-01-20 02:09:11.000,48798963.0,25627.0,61397485,-120.0,92
3610519,37,2025-01-20 02:20:03,WITEL_AHU_L8,35246300.0,230,230,232,0,0,0,50.07,1.0,2025-01-20 02:19:16.000,2025-01-20 02:19:16.000,2025-01-20 02:19:16.000,48798963.0,25627.0,61397485,-109.0,92
3610581,37,2025-01-20 02:50:03,WITEL_AHU_L8,35246300.0,230,230,232,0,0,0,50.06,1.0,2025-01-20 02:49:11.000,2025-01-20 02:49:11.000,2025-01-20 02:49:11.000,48798963.0,25627.0,61397485,-118.0,92
3610600,37,2025-01-20 03:00:03,WITEL_AHU_L8,35246300.0,230,230,232,0,0,0,50.07,1.0,2025-01-20 02:59:04.000,2025-01-20 02:59:04.000,2025-01-20 02:59:04.000,48798963.0,25627.0,61397485,-117.0,92
3610643,37,2025-01-20 03:20:03,WITEL_AHU_L8,35246300.0,230,230,232,0,0,0,50.08,1.0,2025-01-20 03:19:02.000,2025-01-20 03:19:02.000,2025-01-20 03:19:02.000,48798963.0,25627.0,61397485,-118.0,92
3610666,37,2025-01-20 03:30:03,WITEL_AHU_L8,35246300.0,231,230,233,0,0,0,50.05,1.0,2025-01-20 03:29:09.000,2025-01-20 03:29:09.000,2025-01-20 03:29:09.000,48798963.0,25627.0,61397485,-119.0,92
3610684,37,2025-01-20 03:40:03,WITEL_AHU_L8,35246300.0,231,230,233,0,0,0,50.0,1.0,2025-01-20 03:39:08.000,2025-01-20 03:39:08.000,2025-01-20 03:39:08.000,48798963.0,25627.0,61397485,-120.0,92
3610757,37,2025-01-20 04:10:03,WITEL_AHU_L8,35246300.0,230,230,232,0,0,0,49.99,1.0,2025-01-20 04:09:24.000,2025-01-20 04:09:24.000,2025-01-20 04:09:24.000,48798963.0,25627.0,61397485,-118.0,92
3610779,37,2025-01-20 04:20:03,WITEL_AHU_L8,35246300.0,230,230,232,0,0,0,50.06,1.0,2025-01-20 04:19:19.000,2025-01-20 04:19:19.000,2025-01-20 04:19:19.000,48798963.0,25627.0,61397485,-121.0,92
3610812,37,2025-01-20 04:40:03,WITEL_AHU_L8,35246300.0,230,229,232,0,0,0,50.0,1.0,2025-01-20 04:39:07.000,2025-01-20 04:39:07.000,2025-01-20 04:39:07.000,48798963.0,25627.0,61397485,-100.0,92
3610834,37,2025-01-20 04:50:03,WITEL_AHU_L8,35246300.0,229,229,232,0,0,0,50.06,1.0,2025-01-20 04:49:14.000,2025-01-20 04:49:14.000,2025-01-20 04:49:14.000,48798963.0,25627.0,61397485,-119.0,92
3610856,37,2025-01-20 05:00:03,WITEL_AHU_L8,35246300.0,230,229,232,0,0,0,50.06,1.0,2025-01-20 04:59:20.000,2025-01-20 04:59:20.000,2025-01-20 04:59:20.000,48798963.0,25627.0,61397485,-117.0,92
3610894,37,2025-01-20 05:20:03,WITEL_AHU_L8,35246300.0,228,228,230,0,0,0,50.01,1.0,2025-01-20 05:19:10.000,2025-01-20 05:19:10.000,2025-01-20 05:19:10.000,48798963.0,25627.0,61397485,-101.0,92
3610920,37,2025-01-20 05:30:03,WITEL_AHU_L8,35246300.0,228,227,230,0,0,0,50.08,1.0,2025-01-20 05:29:13.000,2025-01-20 05:29:13.000,2025-01-20 05:29:13.000,48798963.0,25627.0,61397485,-101.0,92
3610946,37,2025-01-20 05:40:03,WITEL_AHU_L8,35246300.0,227,227,229,0,0,0,50.08,1.0,2025-01-20 05:39:19.000,2025-01-20 05:39:19.000,2025-01-20 05:39:19.000,48798963.0,25627.0,61397485,-112.0,92
3610961,37,2025-01-20 05:50:03,WITEL_AHU_L8,35246300.0,227,227,229,0,0,0,50.09,1.0,2025-01-20 05:49:05.000,2025-01-20 05:49:05.000,2025-01-20 05:49:05.000,48798963.0,25627.0,61397485,-119.0,92
3610994,37,2025-01-20 06:00:03,WITEL_AHU_L8,35246300.0,227,226,228,0,0,0,50.06,1.0,2025-01-20 05:59:22.000,2025-01-20 05:59:22.000,2025-01-20 05:59:22.000,48798963.0,25627.0,61397485,-101.0,92
3611007,37,2025-01-20 06:10:03,WITEL_AHU_L8,35246300.0,226,226,228,0,0,0,50.05,1.0,2025-01-20 06:09:09.000,2025-01-20 06:09:09.000,2025-01-20 06:09:09.000,48798963.0,25627.0,61397485,-120.0,92
3611030,37,2025-01-20 06:20:03,WITEL_AHU_L8,35246300.0,226,225,227,0,0,0,50.07,1.0,2025-01-20 06:19:13.000,2025-01-20 06:19:13.000,2025-01-20 06:19:13.000,48798963.0,25627.0,61397485,-121.0,92
3611053,37,2025-01-20 06:30:03,WITEL_AHU_L8,35246300.0,225,224,226,0,0,0,50.05,1.0,2025-01-20 06:29:08.000,2025-01-20 06:29:08.000,2025-01-20 06:29:08.000,48798963.0,25627.0,61397485,-119.0,92
3611077,37,2025-01-20 06:40:03,WITEL_AHU_L8,35246300.0,226,226,228,0,0,0,50.05,1.0,2025-01-20 06:39:14.000,2025-01-20 06:39:14.000,2025-01-20 06:39:14.000,48798963.0,25627.0,61397485,-119.0,92
3611091,37,2025-01-20 06:50:03,WITEL_AHU_L8,35246300.0,226,225,227,0,0,0,49.95,1.0,2025-01-20 06:49:07.000,2025-01-20 06:49:07.000,2025-01-20 06:49:07.000,48798963.0,25627.0,61397485,-118.0,92
3611121,37,2025-01-20 07:00:03,WITEL_AHU_L8,35246300.0,226,225,228,0,0,0,50.09,1.0,2025-01-20 06:59:18.000,2025-01-20 06:59:18.000,2025-01-20 06:59:18.000,48798963.0,25627.0,61397485,-109.0,92
3611135,37,2025-01-20 07:10:03,WITEL_AHU_L8,35246300.0,227,226,228,0,0,0,50.02,1.0,2025-01-20 07:09:12.000,2025-01-20 07:09:12.000,2025-01-20 07:09:12.000,48798963.0,25627.0,61397485,-120.0,92
3611153,37,2025-01-20 07:20:03,WITEL_AHU_L8,35246300.0,226,225,228,0,0,0,50.06,1.0,2025-01-20 07:19:04.000,2025-01-20 07:19:04.000,2025-01-20 07:19:04.000,48798963.0,25627.0,61397485,-102.0,92
3611179,37,2025-01-20 07:30:03,WITEL_AHU_L8,35246300.0,226,225,227,0,0,0,50.03,1.0,2025-01-20 07:29:13.000,2025-01-20 07:29:13.000,2025-01-20 07:29:13.000,48798963.0,25627.0,61397485,-118.0,92
3611190,37,2025-01-20 07:35:20,WITEL_AHU_L8,35246300.0,225,224,227,0,0,0,49.97,1.0,2025-01-20 07:34:23.000,2025-01-20 07:34:23.000,2025-01-20 07:34:23.000,48798963.0,25627.0,61397485,-105.0,92
3611216,37,2025-01-20 07:40:03,WITEL_AHU_L8,35246300.0,226,225,227,0,0,0,50.01,1.0,2025-01-20 07:39:16.000,2025-01-20 07:39:16.000,2025-01-20 07:39:16.000,48798963.0,25627.0,61397485,-120.0,92
3611233,37,2025-01-20 07:50:03,WITEL_AHU_L8,35246300.0,226,225,228,0,0,0,49.95,1.0,2025-01-20 07:49:08.000,2025-01-20 07:49:08.000,2025-01-20 07:49:08.000,48798963.0,25627.0,61397485,-120.0,92
3611253,37,2025-01-20 08:00:03,WITEL_AHU_L8,35246300.0,226,225,227,0,0,0,50.04,1.0,2025-01-20 07:59:03.000,2025-01-20 07:59:03.000,2025-01-20 07:59:03.000,48798963.0,25627.0,61397485,-100.0,92
3611276,37,2025-01-20 08:10:03,WITEL_AHU_L8,35246300.0,225,224,227,0,0,0,50.0,1.0,2025-01-20 08:09:06.000,2025-01-20 08:09:06.000,2025-01-20 08:09:06.000,48798963.0,25627.0,61397485,-112.0,92
3611330,37,2025-01-20 08:30:03,WITEL_AHU_L8,35246300.0,222,221,224,0,0,0,50.06,1.0,2025-01-20 08:29:21.000,2025-01-20 08:29:21.000,2025-01-20 08:29:21.000,48798963.0,25627.0,61397485,-105.0,92
3611349,37,2025-01-20 08:40:03,WITEL_AHU_L8,35246300.0,223,222,225,0,0,0,50.06,1.0,2025-01-20 08:39:16.000,2025-01-20 08:39:16.000,2025-01-20 08:39:16.000,48798963.0,25627.0,61397485,-101.0,92
3611378,37,2025-01-20 08:50:03,WITEL_AHU_L8,35246300.0,224,223,226,0,0,0,50.02,1.0,2025-01-20 08:49:21.000,2025-01-20 08:49:21.000,2025-01-20 08:49:21.000,48798963.0,25627.0,61397485,-117.0,92
3611414,37,2025-01-20 09:10:03,WITEL_AHU_L8,35246300.0,224,223,226,0,0,0,50.02,1.0,2025-01-20 09:09:16.000,2025-01-20 09:09:16.000,2025-01-20 09:09:16.000,48798963.0,25627.0,61397485,-113.0,92
3611434,37,2025-01-20 09:20:03,WITEL_AHU_L8,35246300.0,222,222,224,0,0,0,50.03,1.0,2025-01-20 09:19:09.000,2025-01-20 09:19:09.000,2025-01-20 09:19:09.000,48798963.0,25627.0,61397485,-118.0,92
3611464,37,2025-01-20 09:30:03,WITEL_AHU_L8,35246300.0,223,222,225,0,0,0,50.02,1.0,2025-01-20 09:29:16.000,2025-01-20 09:29:16.000,2025-01-20 09:29:16.000,48798963.0,25627.0,61397485,-117.0,92
3611531,37,2025-01-20 10:00:03,WITEL_AHU_L8,35246300.0,225,224,227,0,0,0,50.05,1.0,2025-01-20 09:59:23.000,2025-01-20 09:59:23.000,2025-01-20 09:59:23.000,48798963.0,25627.0,61397485,-97.0,92
3611540,37,2025-01-20 10:10:03,WITEL_AHU_L8,35246300.0,224,223,226,0,0,0,50.03,1.0,2025-01-20 10:09:00.000,2025-01-20 10:09:00.000,2025-01-20 10:09:00.000,48798963.0,25627.0,61397485,-109.0,92
3611617,37,2025-01-20 10:40:03,WITEL_AHU_L8,35246300.0,223,222,225,0,0,0,49.95,1.0,2025-01-20 10:39:19.000,2025-01-20 10:39:19.000,2025-01-20 10:39:19.000,48798963.0,25627.0,61397485,-97.0,92
3611641,37,2025-01-20 10:50:03,WITEL_AHU_L8,35246300.0,224,223,225,0,0,0,50.06,1.0,2025-01-20 10:49:20.000,2025-01-20 10:49:20.000,2025-01-20 10:49:20.000,48798963.0,25627.0,61397485,-108.0,92
3611650,37,2025-01-20 11:00:03,WITEL_AHU_L8,35246300.0,224,223,226,0,0,0,49.97,1.0,2025-01-20 10:59:00.000,2025-01-20 10:59:00.000,2025-01-20 10:59:00.000,48798963.0,25627.0,61397485,-97.0,92
3611675,37,2025-01-20 11:10:03,WITEL_AHU_L8,35246300.0,223,222,225,0,0,0,50.04,1.0,2025-01-20 11:09:09.000,2025-01-20 11:09:09.000,2025-01-20 11:09:09.000,48798963.0,25627.0,61397485,-118.0,92
3611697,37,2025-01-20 11:20:03,WITEL_AHU_L8,35246300.0,224,223,226,0,0,0,49.99,1.0,2025-01-20 11:19:05.000,2025-01-20 11:19:05.000,2025-01-20 11:19:05.000,48798963.0,25627.0,61397485,-119.0,92
3611714,37,2025-01-20 11:30:03,WITEL_AHU_L8,35246300.0,225,224,226,0,0,0,50.07,1.0,2025-01-20 11:29:06.000,2025-01-20 11:29:06.000,2025-01-20 11:29:06.000,48798963.0,25627.0,61397485,-117.0,92
3611742,37,2025-01-20 11:40:03,WITEL_AHU_L8,35246300.0,224,223,226,0,0,0,49.99,1.0,2025-01-20 11:39:12.000,2025-01-20 11:39:12.000,2025-01-20 11:39:12.000,48798963.0,25627.0,61397485,-120.0,92
3611768,37,2025-01-20 11:50:03,WITEL_AHU_L8,35246300.0,226,225,227,0,0,0,49.96,1.0,2025-01-20 11:49:18.000,2025-01-20 11:49:18.000,2025-01-20 11:49:18.000,48798963.0,25627.0,61397485,-117.0,92
3611782,37,2025-01-20 12:00:03,WITEL_AHU_L8,35246300.0,228,227,229,0,0,0,50.11,1.0,2025-01-20 11:59:02.000,2025-01-20 11:59:02.000,2025-01-20 11:59:02.000,48798963.0,25627.0,61397485,-116.0,92
3611815,37,2025-01-20 12:10:03,WITEL_AHU_L8,35246300.0,225,224,226,0,0,0,50.02,1.0,2025-01-20 12:09:20.000,2025-01-20 12:09:20.000,2025-01-20 12:09:20.000,48798963.0,25627.0,61397485,-103.0,92
3611829,37,2025-01-20 12:20:03,WITEL_AHU_L8,35246300.0,226,225,228,0,0,0,49.99,1.0,2025-01-20 12:19:13.000,2025-01-20 12:19:13.000,2025-01-20 12:19:13.000,48798963.0,25627.0,61397485,-99.0,92
3611846,37,2025-01-20 12:30:03,WITEL_AHU_L8,35246300.0,226,225,228,0,0,0,49.97,1.0,2025-01-20 12:29:04.000,2025-01-20 12:29:04.000,2025-01-20 12:29:04.000,48798963.0,25627.0,61397485,-102.0,92
3611864,37,2025-01-20 12:40:03,WITEL_AHU_L8,35246300.0,226,225,228,0,0,0,49.96,1.0,2025-01-20 12:39:01.000,2025-01-20 12:39:01.000,2025-01-20 12:39:01.000,48798963.0,25627.0,61397485,-99.0,92
3611889,37,2025-01-20 12:50:03,WITEL_AHU_L8,35246300.0,226,225,228,0,0,0,50.06,1.0,2025-01-20 12:49:09.000,2025-01-20 12:49:09.000,2025-01-20 12:49:09.000,48798963.0,25627.0,61397485,-115.0,92
3611915,37,2025-01-20 13:00:03,WITEL_AHU_L8,35246300.0,225,224,227,0,0,0,50.02,1.0,2025-01-20 12:59:14.000,2025-01-20 12:59:14.000,2025-01-20 12:59:14.000,48798963.0,25627.0,61397485,-100.0,92
3611931,37,2025-01-20 13:10:03,WITEL_AHU_L8,35246300.0,224,223,225,0,0,0,50.05,1.0,2025-01-20 13:09:04.000,2025-01-20 13:09:04.000,2025-01-20 13:09:04.000,48798963.0,25627.0,61397485,-103.0,92
3611959,37,2025-01-20 13:20:03,WITEL_AHU_L8,35246300.0,225,224,226,0,0,0,49.95,1.0,2025-01-20 13:19:17.000,2025-01-20 13:19:17.000,2025-01-20 13:19:17.000,48798963.0,25627.0,61397485,-99.0,92
3611979,37,2025-01-20 13:30:03,WITEL_AHU_L8,35246300.0,225,224,226,0,0,0,50.04,1.0,2025-01-20 13:29:18.000,2025-01-20 13:29:18.000,2025-01-20 13:29:18.000,48798963.0,25627.0,61397485,-112.0,92
3611992,37,2025-01-20 13:40:03,WITEL_AHU_L8,35246300.0,225,224,226,0,0,0,49.98,1.0,2025-01-20 13:39:05.000,2025-01-20 13:39:05.000,2025-01-20 13:39:05.000,48798963.0,25627.0,61397485,-100.0,92
3612015,37,2025-01-20 13:50:03,WITEL_AHU_L8,35246300.0,225,224,226,0,0,0,50.03,1.0,2025-01-20 13:49:11.000,2025-01-20 13:49:11.000,2025-01-20 13:49:11.000,48798963.0,25627.0,61397485,-120.0,92
3612045,37,2025-01-20 14:00:03,WITEL_AHU_L8,35246300.0,225,224,226,0,0,0,50.01,1.0,2025-01-20 13:59:23.000,2025-01-20 13:59:23.000,2025-01-20 13:59:23.000,48798963.0,25627.0,61397485,-98.0,92
3612061,37,2025-01-20 14:10:03,WITEL_AHU_L8,35246300.0,225,224,226,0,0,0,50.03,1.0,2025-01-20 14:09:13.000,2025-01-20 14:09:13.000,2025-01-20 14:09:13.000,48798963.0,25627.0,61397485,-102.0,92
3612103,37,2025-01-20 14:30:03,WITEL_AHU_L8,35246300.0,225,224,226,0,0,0,50.01,1.0,2025-01-20 14:29:07.000,2025-01-20 14:29:07.000,2025-01-20 14:29:07.000,48798963.0,25627.0,61397485,-115.0,92
3612127,37,2025-01-20 14:40:03,WITEL_AHU_L8,35246300.0,225,225,227,0,0,0,50.06,1.0,2025-01-20 14:39:14.000,2025-01-20 14:39:14.000,2025-01-20 14:39:14.000,48798963.0,25627.0,61397485,-100.0,92
3612147,37,2025-01-20 14:50:03,WITEL_AHU_L8,35246300.0,225,224,227,0,0,0,50.06,1.0,2025-01-20 14:49:10.000,2025-01-20 14:49:10.000,2025-01-20 14:49:10.000,48798963.0,25627.0,61397485,-117.0,92
3612199,37,2025-01-20 15:10:03,WITEL_AHU_L8,35246300.0,226,225,227,0,0,0,49.95,1.0,2025-01-20 15:09:19.000,2025-01-20 15:09:19.000,2025-01-20 15:09:19.000,48798963.0,25627.0,61397485,-105.0,92
3612217,37,2025-01-20 15:20:03,WITEL_AHU_L8,35246300.0,225,225,227,0,0,0,50.05,1.0,2025-01-20 15:19:10.000,2025-01-20 15:19:10.000,2025-01-20 15:19:10.000,48798963.0,25627.0,61397485,-118.0,92
3612237,37,2025-01-20 15:30:03,WITEL_AHU_L8,35246300.0,225,225,227,0,0,0,49.97,1.0,2025-01-20 15:29:04.000,2025-01-20 15:29:04.000,2025-01-20 15:29:04.000,48798963.0,25627.0,61397485,-109.0,92
3612295,37,2025-01-20 15:50:03,WITEL_AHU_L8,35246300.0,226,225,228,0,0,0,49.98,1.0,2025-01-20 15:49:10.000,2025-01-20 15:49:10.000,2025-01-20 15:49:10.000,48798963.0,25627.0,61397485,-115.0,92
3612315,37,2025-01-20 16:00:03,WITEL_AHU_L8,35246300.0,226,226,228,0,0,0,50.01,1.0,2025-01-20 15:59:18.000,2025-01-20 15:59:18.000,2025-01-20 15:59:18.000,48798963.0,25627.0,61397485,-119.0,92
3612341,37,2025-01-20 16:10:03,WITEL_AHU_L8,35246300.0,227,226,228,0,0,0,50.0,1.0,2025-01-20 16:09:22.000,2025-01-20 16:09:22.000,2025-01-20 16:09:22.000,48798963.0,25627.0,61397485,-119.0,92
3612383,37,2025-01-20 16:30:03,WITEL_AHU_L8,35246300.0,228,227,229,0,0,0,50.01,1.0,2025-01-20 16:29:18.000,2025-01-20 16:29:18.000,2025-01-20 16:29:18.000,48798963.0,25627.0,61397485,-102.0,92
3612422,37,2025-01-20 16:50:03,WITEL_AHU_L8,35246300.0,226,225,228,0,0,0,49.99,1.0,2025-01-20 16:49:22.000,2025-01-20 16:49:22.000,2025-01-20 16:49:22.000,48798963.0,25627.0,61397485,-107.0,92
3612444,37,2025-01-20 17:00:03,WITEL_AHU_L8,35246300.0,228,228,230,0,0,0,50.05,1.0,2025-01-20 16:59:17.000,2025-01-20 16:59:17.000,2025-01-20 16:59:17.000,48798963.0,25627.0,61397485,-114.0,92
3612480,37,2025-01-20 17:20:03,WITEL_AHU_L8,35246300.0,228,227,229,0,0,0,50.04,1.0,2025-01-20 17:19:12.000,2025-01-20 17:19:12.000,2025-01-20 17:19:12.000,48798963.0,25627.0,61397485,-103.0,92
3612507,37,2025-01-20 17:30:03,WITEL_AHU_L8,35246300.0,228,227,229,0,0,0,50.06,1.0,2025-01-20 17:29:23.000,2025-01-20 17:29:23.000,2025-01-20 17:29:23.000,48798963.0,25627.0,61397485,-105.0,92
3612550,37,2025-01-20 17:50:03,WITEL_AHU_L8,35246300.0,228,228,230,0,0,0,50.04,1.0,2025-01-20 17:49:23.000,2025-01-20 17:49:23.000,2025-01-20 17:49:23.000,48798963.0,25627.0,61397485,-115.0,92
3612582,37,2025-01-20 18:10:03,WITEL_AHU_L8,35246300.0,229,229,231,0,0,0,50.04,1.0,2025-01-20 18:09:05.000,2025-01-20 18:09:05.000,2025-01-20 18:09:05.000,48798963.0,25627.0,61397485,-107.0,92
3612605,37,2025-01-20 18:20:03,WITEL_AHU_L8,35246300.0,230,229,231,0,0,0,50.0,1.0,2025-01-20 18:19:15.000,2025-01-20 18:19:15.000,2025-01-20 18:19:15.000,48798963.0,25627.0,61397485,-114.0,92
3612623,37,2025-01-20 18:30:03,WITEL_AHU_L8,35246300.0,230,229,232,0,0,0,50.05,1.0,2025-01-20 18:29:06.000,2025-01-20 18:29:06.000,2025-01-20 18:29:06.000,48798963.0,25627.0,61397485,-117.0,92
3612652,37,2025-01-20 18:40:03,WITEL_AHU_L8,35246300.0,230,229,231,0,0,0,50.02,1.0,2025-01-20 18:39:22.000,2025-01-20 18:39:22.000,2025-01-20 18:39:22.000,48798963.0,25627.0,61397485,-102.0,92
3612670,37,2025-01-20 18:50:03,WITEL_AHU_L8,35246300.0,229,229,231,0,0,0,50.02,1.0,2025-01-20 18:49:15.000,2025-01-20 18:49:15.000,2025-01-20 18:49:15.000,48798963.0,25627.0,61397485,-115.0,92
3612688,37,2025-01-20 19:00:03,WITEL_AHU_L8,35246300.0,230,229,231,0,0,0,50.0,1.0,2025-01-20 18:59:11.000,2025-01-20 18:59:11.000,2025-01-20 18:59:11.000,48798963.0,25627.0,61397485,-119.0,92
3612714,37,2025-01-20 19:10:03,WITEL_AHU_L8,35246300.0,229,229,231,0,0,0,50.01,1.0,2025-01-20 19:09:16.000,2025-01-20 19:09:16.000,2025-01-20 19:09:16.000,48798963.0,25627.0,61397485,-101.0,92
3612731,37,2025-01-20 19:20:03,WITEL_AHU_L8,35246300.0,229,229,231,0,0,0,49.97,1.0,2025-01-20 19:19:11.000,2025-01-20 19:19:11.000,2025-01-20 19:19:11.000,48798963.0,25627.0,61397485,-103.0,92
3612756,37,2025-01-20 19:30:03,WITEL_AHU_L8,35246300.0,227,226,228,0,0,0,49.98,1.0,2025-01-20 19:29:10.000,2025-01-20 19:29:10.000,2025-01-20 19:29:10.000,48798963.0,25627.0,61397485,-98.0,92
3612777,37,2025-01-20 19:40:03,WITEL_AHU_L8,35246300.0,226,226,228,0,0,0,49.99,1.0,2025-01-20 19:39:06.000,2025-01-20 19:39:06.000,2025-01-20 19:39:06.000,48798963.0,25627.0,61397485,-112.0,92
3612798,37,2025-01-20 19:50:03,WITEL_AHU_L8,35246300.0,227,226,229,0,0,0,50.05,1.0,2025-01-20 19:49:07.000,2025-01-20 19:49:07.000,2025-01-20 19:49:07.000,48798963.0,25627.0,61397485,-100.0,92
3612826,37,2025-01-20 20:00:03,WITEL_AHU_L8,35246300.0,227,227,229,0,0,0,50.05,1.0,2025-01-20 19:59:24.000,2025-01-20 19:59:24.000,2025-01-20 19:59:24.000,48798963.0,25627.0,61397485,-116.0,92
3612851,37,2025-01-20 20:10:03,WITEL_AHU_L8,35246300.0,227,227,229,0,0,0,50.02,1.0,2025-01-20 20:09:19.000,2025-01-20 20:09:19.000,2025-01-20 20:09:19.000,48798963.0,25627.0,61397485,-98.0,92
3612872,37,2025-01-20 20:20:03,WITEL_AHU_L8,35246300.0,227,227,229,0,0,0,49.99,1.0,2025-01-20 20:19:18.000,2025-01-20 20:19:18.000,2025-01-20 20:19:18.000,48798963.0,25627.0,61397485,-121.0,92
3612891,37,2025-01-20 20:30:03,WITEL_AHU_L8,35246300.0,227,227,229,0,0,0,49.98,1.0,2025-01-20 20:29:14.000,2025-01-20 20:29:14.000,2025-01-20 20:29:14.000,48798963.0,25627.0,61397485,-103.0,92
3612913,37,2025-01-20 20:40:03,WITEL_AHU_L8,35246300.0,227,227,229,0,0,0,50.04,1.0,2025-01-20 20:39:17.000,2025-01-20 20:39:17.000,2025-01-20 20:39:17.000,48798963.0,25627.0,61397485,-117.0,92
3612930,37,2025-01-20 20:50:03,WITEL_AHU_L8,35246300.0,228,227,229,0,0,0,50.01,1.0,2025-01-20 20:49:09.000,2025-01-20 20:49:09.000,2025-01-20 20:49:09.000,48798963.0,25627.0,61397485,-100.0,92
3612959,37,2025-01-20 21:00:03,WITEL_AHU_L8,35246300.0,228,227,230,0,0,0,50.04,1.0,2025-01-20 20:59:20.000,2025-01-20 20:59:20.000,2025-01-20 20:59:20.000,48798963.0,25627.0,61397485,-121.0,92
3613010,37,2025-01-20 21:30:03,WITEL_AHU_L8,35246300.0,228,228,230,0,0,0,50.05,1.0,2025-01-20 21:29:02.000,2025-01-20 21:29:02.000,2025-01-20 21:29:02.000,48798963.0,25627.0,61397485,-107.0,92
3613049,37,2025-01-20 21:50:03,WITEL_AHU_L8,35246300.0,227,227,229,0,0,0,49.99,1.0,2025-01-20 21:49:07.000,2025-01-20 21:49:07.000,2025-01-20 21:49:07.000,48798963.0,25627.0,61397485,-101.0,92
3613075,37,2025-01-20 22:00:03,WITEL_AHU_L8,35246300.0,227,227,229,0,0,0,50.06,1.0,2025-01-20 21:59:18.000,2025-01-20 21:59:18.000,2025-01-20 21:59:18.000,48798963.0,25627.0,61397485,-102.0,92
3613097,37,2025-01-20 22:10:03,WITEL_AHU_L8,35246300.0,227,227,229,0,0,0,49.97,1.0,2025-01-20 22:09:11.000,2025-01-20 22:09:11.000,2025-01-20 22:09:11.000,48798963.0,25627.0,61397485,-118.0,92
3613158,37,2025-01-20 22:40:02,WITEL_AHU_L8,35246300.0,226,225,228,0,0,0,50.04,1.0,2025-01-20 22:39:00.000,2025-01-20 22:39:00.000,2025-01-20 22:39:00.000,48798963.0,25627.0,61397485,-109.0,92
3613190,37,2025-01-20 22:50:02,WITEL_AHU_L8,35246300.0,226,225,228,0,0,0,49.96,1.0,2025-01-20 22:49:20.000,2025-01-20 22:49:20.000,2025-01-20 22:49:20.000,48798963.0,25627.0,61397485,-99.0,92
3613213,37,2025-01-20 23:00:03,WITEL_AHU_L8,35246300.0,226,226,228,0,0,0,49.99,1.0,2025-01-20 22:59:18.000,2025-01-20 22:59:18.000,2025-01-20 22:59:18.000,48798963.0,25627.0,61397485,-120.0,92
3613230,37,2025-01-20 23:10:03,WITEL_AHU_L8,35246300.0,226,226,228,0,0,0,50.02,1.0,2025-01-20 23:09:19.000,2025-01-20 23:09:19.000,2025-01-20 23:09:19.000,48798963.0,25627.0,61397485,-119.0,92
3613250,37,2025-01-20 23:20:03,WITEL_AHU_L8,35246300.0,226,226,228,0,0,0,49.96,1.0,2025-01-20 23:19:15.000,2025-01-20 23:19:15.000,2025-01-20 23:19:15.000,48798963.0,25627.0,61397485,-108.0,92
3614482,37,2025-01-21 07:35:32,WITEL_AHU_L8,35246300.0,225,225,227,0,0,0,50.04,1.0,2025-01-21 07:34:40.000,2025-01-21 07:34:40.000,2025-01-21 07:34:40.000,48798963.0,25627.0,61397485,-115.0,92
3614500,37,2025-01-21 07:40:03,WITEL_AHU_L8,35246300.0,225,224,227,0,0,0,50.03,1.0,2025-01-21 07:39:02.000,2025-01-21 07:39:02.000,2025-01-21 07:39:02.000,48798963.0,25627.0,61397485,-117.0,92
3614533,37,2025-01-21 07:50:03,WITEL_AHU_L8,35246300.0,226,225,227,0,0,0,50.09,1.0,2025-01-21 07:49:19.000,2025-01-21 07:49:19.000,2025-01-21 07:49:19.000,48798963.0,25627.0,61397485,-101.0,92
3614590,37,2025-01-21 08:20:03,WITEL_AHU_L8,35246300.0,226,225,228,0,0,0,49.97,1.0,2025-01-21 08:19:06.000,2025-01-21 08:19:06.000,2025-01-21 08:19:06.000,48798963.0,25627.0,61397485,-119.0,92
3614672,37,2025-01-21 08:50:03,WITEL_AHU_L8,35246300.0,223,222,224,0,0,0,49.99,1.0,2025-01-21 08:49:24.000,2025-01-21 08:49:24.000,2025-01-21 08:49:24.000,48798963.0,25627.0,61397485,-118.0,92
3614688,37,2025-01-21 09:00:03,WITEL_AHU_L8,35246300.0,225,224,227,0,0,0,50.05,1.0,2025-01-21 08:59:01.000,2025-01-21 08:59:01.000,2025-01-21 08:59:01.000,48798963.0,25627.0,61397485,-99.0,92
3614712,37,2025-01-21 09:10:03,WITEL_AHU_L8,35246300.0,224,223,226,0,0,0,50.05,1.0,2025-01-21 09:09:07.000,2025-01-21 09:09:07.000,2025-01-21 09:09:07.000,48798963.0,25627.0,61397485,-92.0,92
3614767,37,2025-01-21 09:30:03,WITEL_AHU_L8,35246300.0,224,223,226,0,0,0,50.01,1.0,2025-01-21 09:29:14.000,2025-01-21 09:29:14.000,2025-01-21 09:29:14.000,48798963.0,25627.0,61397485,-103.0,92
3614788,37,2025-01-21 09:40:03,WITEL_AHU_L8,35246300.0,225,224,226,0,0,0,50.07,1.0,2025-01-21 09:39:00.000,2025-01-21 09:39:00.000,2025-01-21 09:39:00.000,48798963.0,25627.0,61397485,-118.0,92
3614819,37,2025-01-21 09:50:03,WITEL_AHU_L8,35246300.0,225,224,227,0,0,0,50.02,1.0,2025-01-21 09:49:10.000,2025-01-21 09:49:10.000,2025-01-21 09:49:10.000,48798963.0,25627.0,61397485,-107.0,92
3614840,37,2025-01-21 10:00:03,WITEL_AHU_L8,35246300.0,225,223,226,0,0,0,50.04,1.0,2025-01-21 09:59:02.000,2025-01-21 09:59:02.000,2025-01-21 09:59:02.000,48798963.0,25627.0,61397485,-108.0,92
3614892,37,2025-01-21 10:20:03,WITEL_AHU_L8,35246300.0,223,222,225,0,0,0,50.03,1.0,2025-01-21 10:19:12.000,2025-01-21 10:19:12.000,2025-01-21 10:19:12.000,48798963.0,25627.0,61397485,-114.0,92
3614918,37,2025-01-21 10:30:03,WITEL_AHU_L8,35246300.0,224,222,225,0,0,0,49.97,1.0,2025-01-21 10:29:11.000,2025-01-21 10:29:11.000,2025-01-21 10:29:11.000,48798963.0,25627.0,61397485,-91.0,92
3614956,37,2025-01-21 10:50:03,WITEL_AHU_L8,35246300.0,224,223,226,0,0,0,50.04,1.0,2025-01-21 10:49:04.000,2025-01-21 10:49:04.000,2025-01-21 10:49:04.000,48798963.0,25627.0,61397485,-101.0,92
3614993,37,2025-01-21 11:00:03,WITEL_AHU_L8,35246300.0,224,223,225,0,0,0,49.99,1.0,2025-01-21 10:59:22.000,2025-01-21 10:59:22.000,2025-01-21 10:59:22.000,48798963.0,25627.0,61397485,-101.0,92
3615047,37,2025-01-21 11:30:03,WITEL_AHU_L8,35246300.0,224,222,225,0,0,0,49.99,1.0,2025-01-21 11:29:06.000,2025-01-21 11:29:06.000,2025-01-21 11:29:06.000,48798963.0,25627.0,61397485,-114.0,92
3615078,37,2025-01-21 11:40:03,WITEL_AHU_L8,35246300.0,225,223,226,0,0,0,50.03,1.0,2025-01-21 11:39:11.000,2025-01-21 11:39:11.000,2025-01-21 11:39:11.000,48798963.0,25627.0,61397485,-91.0,92
3615173,37,2025-01-21 12:20:03,WITEL_AHU_L8,35246300.0,227,226,229,0,0,0,50.02,1.0,2025-01-21 12:19:14.000,2025-01-21 12:19:14.000,2025-01-21 12:19:14.000,48798963.0,25627.0,61397485,-119.0,92
3615190,37,2025-01-21 12:30:03,WITEL_AHU_L8,35246300.0,227,226,229,0,0,0,49.99,1.0,2025-01-21 12:29:09.000,2025-01-21 12:29:09.000,2025-01-21 12:29:09.000,48798963.0,25627.0,61397485,-120.0,92
3615232,37,2025-01-21 12:50:02,WITEL_AHU_L8,35246300.0,226,225,228,0,0,0,50.0,1.0,2025-01-21 12:49:07.000,2025-01-21 12:49:07.000,2025-01-21 12:49:07.000,48798963.0,25627.0,61397485,-98.0,92
3615261,37,2025-01-21 13:00:02,WITEL_AHU_L8,35246300.0,226,225,227,0,0,0,50.04,1.0,2025-01-21 12:59:14.000,2025-01-21 12:59:14.000,2025-01-21 12:59:14.000,48798963.0,25627.0,61397485,-117.0,92
3615279,37,2025-01-21 13:10:03,WITEL_AHU_L8,35246300.0,224,223,225,0,0,0,49.95,1.0,2025-01-21 13:09:06.000,2025-01-21 13:09:06.000,2025-01-21 13:09:06.000,48798963.0,25627.0,61397485,-120.0,92
3615300,37,2025-01-21 13:20:03,WITEL_AHU_L8,35246300.0,223,222,225,0,0,0,50.03,1.0,2025-01-21 13:19:06.000,2025-01-21 13:19:06.000,2025-01-21 13:19:06.000,48798963.0,25627.0,61397485,-114.0,92
3615319,37,2025-01-21 13:30:03,WITEL_AHU_L8,35246300.0,223,222,224,0,0,0,49.96,1.0,2025-01-21 13:29:14.000,2025-01-21 13:29:14.000,2025-01-21 13:29:14.000,48798963.0,25627.0,61397485,-115.0,92
3615348,37,2025-01-21 13:40:03,WITEL_AHU_L8,35246300.0,223,222,225,0,0,0,50.02,1.0,2025-01-21 13:39:22.000,2025-01-21 13:39:22.000,2025-01-21 13:39:22.000,48798963.0,25627.0,61397485,-102.0,92
3615398,37,2025-01-21 14:10:03,WITEL_AHU_L8,35246300.0,222,221,224,0,0,0,50.01,1.0,2025-01-21 14:09:02.000,2025-01-21 14:09:02.000,2025-01-21 14:09:02.000,48798963.0,25627.0,61397485,-103.0,92
3615453,37,2025-01-21 14:30:03,WITEL_AHU_L8,35246300.0,225,224,226,0,0,0,50.06,1.0,2025-01-21 14:29:20.000,2025-01-21 14:29:20.000,2025-01-21 14:29:20.000,48798963.0,25627.0,61397485,-107.0,92
3615473,37,2025-01-21 14:40:03,WITEL_AHU_L8,35246300.0,225,224,227,0,0,0,50.01,1.0,2025-01-21 14:39:18.000,2025-01-21 14:39:18.000,2025-01-21 14:39:18.000,48798963.0,25627.0,61397485,-106.0,92
3615488,37,2025-01-21 14:50:03,WITEL_AHU_L8,35246300.0,226,225,227,0,0,0,50.01,1.0,2025-01-21 14:49:05.000,2025-01-21 14:49:05.000,2025-01-21 14:49:05.000,48798963.0,25627.0,61397485,-102.0,92
3615525,37,2025-01-21 15:00:03,WITEL_AHU_L8,35246300.0,226,225,228,0,0,0,49.98,1.0,2025-01-21 14:59:20.000,2025-01-21 14:59:20.000,2025-01-21 14:59:20.000,48798963.0,25627.0,61397485,-119.0,92
3615542,37,2025-01-21 15:10:03,WITEL_AHU_L8,35246300.0,226,225,228,0,0,0,50.01,1.0,2025-01-21 15:09:16.000,2025-01-21 15:09:16.000,2025-01-21 15:09:16.000,48798963.0,25627.0,61397485,-99.0,92
3615561,37,2025-01-21 15:20:03,WITEL_AHU_L8,35246300.0,226,225,227,0,0,0,50.03,1.0,2025-01-21 15:19:03.000,2025-01-21 15:19:03.000,2025-01-21 15:19:03.000,48798963.0,25627.0,61397485,-108.0,92
3615585,37,2025-01-21 15:30:03,WITEL_AHU_L8,35246300.0,226,225,227,0,0,0,50.03,1.0,2025-01-21 15:29:17.000,2025-01-21 15:29:17.000,2025-01-21 15:29:17.000,48798963.0,25627.0,61397485,-115.0,92
3617634,37,2025-01-22 07:35:35,WITEL_AHU_L8,35246300.0,226,225,228,0,0,0,50.08,1.0,2025-01-22 07:34:53.000,2025-01-22 07:34:53.000,2025-01-22 07:34:53.000,48798963.0,25627.0,61397485,-102.0,92
3617661,37,2025-01-22 07:40:03,WITEL_AHU_L8,35246300.0,226,225,227,0,0,0,50.04,1.0,2025-01-22 07:39:21.000,2025-01-22 07:39:21.000,2025-01-22 07:39:21.000,48798963.0,25627.0,61397485,-99.0,92
3617680,37,2025-01-22 07:50:03,WITEL_AHU_L8,35246300.0,226,225,227,0,0,0,50.05,1.0,2025-01-22 07:49:05.000,2025-01-22 07:49:05.000,2025-01-22 07:49:05.000,48798963.0,25627.0,61397485,-100.0,92
3617703,37,2025-01-22 08:00:03,WITEL_AHU_L8,35246300.0,225,224,227,0,0,0,49.97,1.0,2025-01-22 07:59:03.000,2025-01-22 07:59:03.000,2025-01-22 07:59:03.000,48798963.0,25627.0,61397485,-120.0,92
3617727,37,2025-01-22 08:10:03,WITEL_AHU_L8,35246300.0,224,223,226,0,0,0,50.04,1.0,2025-01-22 08:09:04.000,2025-01-22 08:09:04.000,2025-01-22 08:09:04.000,48798963.0,25627.0,61397485,-115.0,92
3617754,37,2025-01-22 08:20:03,WITEL_AHU_L8,35246300.0,226,225,228,0,0,0,50.0,1.0,2025-01-22 08:19:14.000,2025-01-22 08:19:14.000,2025-01-22 08:19:14.000,48798963.0,25627.0,61397485,-100.0,92
3617780,37,2025-01-22 08:30:03,WITEL_AHU_L8,35246300.0,223,222,225,0,0,0,49.98,1.0,2025-01-22 08:29:15.000,2025-01-22 08:29:15.000,2025-01-22 08:29:15.000,48798963.0,25627.0,61397485,-100.0,92
3617817,37,2025-01-22 08:50:03,WITEL_AHU_L8,35246300.0,223,222,224,0,0,0,50.0,1.0,2025-01-22 08:49:01.000,2025-01-22 08:49:01.000,2025-01-22 08:49:01.000,48798963.0,25627.0,61397485,-119.0,92
3617850,37,2025-01-22 09:00:03,WITEL_AHU_L8,35246300.0,223,222,224,0,0,0,50.03,1.0,2025-01-22 08:59:08.000,2025-01-22 08:59:08.000,2025-01-22 08:59:08.000,48798963.0,25627.0,61397485,-118.0,92
3617871,37,2025-01-22 09:10:03,WITEL_AHU_L8,35246300.0,224,224,226,0,0,0,50.0,1.0,2025-01-22 09:09:09.000,2025-01-22 09:09:09.000,2025-01-22 09:09:09.000,48798963.0,25627.0,61397485,-118.0,92
3617910,37,2025-01-22 09:30:02,WITEL_AHU_L8,35246300.0,224,223,226,0,0,0,50.01,1.0,2025-01-22 09:29:00.000,2025-01-22 09:29:00.000,2025-01-22 09:29:00.000,48798963.0,25627.0,61397485,-115.0,92
3617944,37,2025-01-22 09:40:03,WITEL_AHU_L8,35246300.0,225,224,226,0,0,0,49.97,1.0,2025-01-22 09:39:13.000,2025-01-22 09:39:13.000,2025-01-22 09:39:13.000,48798963.0,25627.0,61397485,-115.0,92
3618015,37,2025-01-22 10:10:03,WITEL_AHU_L8,35246300.0,224,223,225,0,0,0,50.03,1.0,2025-01-22 10:09:16.000,2025-01-22 10:09:16.000,2025-01-22 10:09:16.000,48798963.0,25627.0,61397485,-115.0,92
3618032,37,2025-01-22 10:20:03,WITEL_AHU_L8,35246300.0,223,222,224,0,0,0,49.98,1.0,2025-01-22 10:19:05.000,2025-01-22 10:19:05.000,2025-01-22 10:19:05.000,48798963.0,25627.0,61397485,-117.0,92
3618067,37,2025-01-22 10:30:03,WITEL_AHU_L8,35246300.0,223,222,224,0,0,0,49.99,1.0,2025-01-22 10:29:17.000,2025-01-22 10:29:17.000,2025-01-22 10:29:17.000,48798963.0,25627.0,61397485,-98.0,92
3618105,37,2025-01-22 10:50:03,WITEL_AHU_L8,35246300.0,222,222,224,0,0,0,49.99,1.0,2025-01-22 10:49:12.000,2025-01-22 10:49:12.000,2025-01-22 10:49:12.000,48798963.0,25627.0,61397485,-115.0,92
3618132,37,2025-01-22 11:00:03,WITEL_AHU_L8,35246300.0,223,222,224,0,0,0,50.01,1.0,2025-01-22 10:59:16.000,2025-01-22 10:59:16.000,2025-01-22 10:59:16.000,48798963.0,25627.0,61397485,-117.0,92
3618154,37,2025-01-22 11:10:03,WITEL_AHU_L8,35246300.0,224,223,226,0,0,0,49.96,1.0,2025-01-22 11:09:11.000,2025-01-22 11:09:11.000,2025-01-22 11:09:11.000,48798963.0,25627.0,61397485,-117.0,92
3618196,37,2025-01-22 11:30:03,WITEL_AHU_L8,35246300.0,224,224,226,0,0,0,50.01,1.0,2025-01-22 11:29:13.000,2025-01-22 11:29:13.000,2025-01-22 11:29:13.000,48798963.0,25627.0,61397485,-99.0,92
3618215,37,2025-01-22 11:40:03,WITEL_AHU_L8,35246300.0,225,224,227,0,0,0,50.0,1.0,2025-01-22 11:39:16.000,2025-01-22 11:39:16.000,2025-01-22 11:39:16.000,48798963.0,25627.0,61397485,-115.0,92
3618232,37,2025-01-22 11:50:03,WITEL_AHU_L8,35246300.0,225,224,227,0,0,0,50.02,1.0,2025-01-22 11:49:03.000,2025-01-22 11:49:03.000,2025-01-22 11:49:03.000,48798963.0,25627.0,61397485,-100.0,92
3618259,37,2025-01-22 12:00:03,WITEL_AHU_L8,35246300.0,227,226,229,0,0,0,50.05,1.0,2025-01-22 11:59:16.000,2025-01-22 11:59:16.000,2025-01-22 11:59:16.000,48798963.0,25627.0,61397485,-108.0,92
3618288,37,2025-01-22 12:10:03,WITEL_AHU_L8,35246300.0,227,226,228,0,0,0,49.98,1.0,2025-01-22 12:09:19.000,2025-01-22 12:09:19.000,2025-01-22 12:09:19.000,48798963.0,25627.0,61397485,-114.0,92
3618301,37,2025-01-22 12:20:03,WITEL_AHU_L8,35246300.0,227,226,229,0,0,0,50.03,1.0,2025-01-22 12:19:06.000,2025-01-22 12:19:06.000,2025-01-22 12:19:06.000,48798963.0,25627.0,61397485,-99.0,92
3618377,37,2025-01-22 12:50:03,WITEL_AHU_L8,35246300.0,227,226,228,0,0,0,49.99,1.0,2025-01-22 12:49:10.000,2025-01-22 12:49:10.000,2025-01-22 12:49:10.000,48798963.0,25627.0,61397485,-100.0,92
3618396,37,2025-01-22 13:00:03,WITEL_AHU_L8,35246300.0,226,225,227,0,0,0,49.99,1.0,2025-01-22 12:59:05.000,2025-01-22 12:59:05.000,2025-01-22 12:59:05.000,48798963.0,25627.0,61397485,-101.0,92
3618434,37,2025-01-22 13:10:03,WITEL_AHU_L8,35246300.0,224,223,225,0,0,0,49.98,1.0,2025-01-22 13:09:23.000,2025-01-22 13:09:23.000,2025-01-22 13:09:23.000,48798963.0,25627.0,61397485,-116.0,92
3618460,37,2025-01-22 13:30:03,WITEL_AHU_L8,35246300.0,223,222,224,0,0,0,49.98,1.0,2025-01-22 13:29:04.000,2025-01-22 13:29:04.000,2025-01-22 13:29:04.000,48798963.0,25627.0,61397485,-117.0,92
3618483,37,2025-01-22 13:40:03,WITEL_AHU_L8,35246300.0,223,222,225,0,0,0,50.04,1.0,2025-01-22 13:39:12.000,2025-01-22 13:39:12.000,2025-01-22 13:39:12.000,48798963.0,25627.0,61397485,-119.0,92
3618504,37,2025-01-22 13:50:03,WITEL_AHU_L8,35246300.0,223,222,225,0,0,0,50.04,1.0,2025-01-22 13:49:08.000,2025-01-22 13:49:08.000,2025-01-22 13:49:08.000,48798963.0,25627.0,61397485,-119.0,92
3618534,37,2025-01-22 14:00:03,WITEL_AHU_L8,35246300.0,223,222,224,0,0,0,50.0,1.0,2025-01-22 13:59:19.000,2025-01-22 13:59:19.000,2025-01-22 13:59:19.000,48798963.0,25627.0,61397485,-109.0,92
3618553,37,2025-01-22 14:10:03,WITEL_AHU_L8,35246300.0,223,222,225,0,0,0,50.04,1.0,2025-01-22 14:09:14.000,2025-01-22 14:09:14.000,2025-01-22 14:09:14.000,48798963.0,25627.0,61397485,-114.0,92
3618572,37,2025-01-22 14:20:02,WITEL_AHU_L8,35246300.0,223,222,225,0,0,0,50.01,1.0,2025-01-22 14:19:00.000,2025-01-22 14:19:00.000,2025-01-22 14:19:00.000,48798963.0,25627.0,61397485,-119.0,92
3618600,37,2025-01-22 14:30:03,WITEL_AHU_L8,35250900.0,223,222,225,11,10,11,50.03,0.5427,2025-01-22 14:29:03.000,2025-01-22 14:29:03.000,2025-01-22 14:29:03.000,48806002.0,25627.0,61405965,-99.0,92
3618628,37,2025-01-22 14:40:03,WITEL_AHU_L8,35257300.0,224,223,225,10,10,11,50.0,0.5303,2025-01-22 14:39:06.000,2025-01-22 14:39:06.000,2025-01-22 14:39:06.000,48815900.0,25627.0,61417772,-107.0,92
3618660,37,2025-01-22 14:50:03,WITEL_AHU_L8,35263600.0,223,222,224,10,10,11,50.05,0.5385,2025-01-22 14:49:19.000,2025-01-22 14:49:19.000,2025-01-22 14:49:19.000,48825798.0,25627.0,61429558,-101.0,92
3618702,37,2025-01-22 15:10:03,WITEL_AHU_L8,35276200.0,224,223,225,10,10,11,49.96,0.5143,2025-01-22 15:09:09.000,2025-01-22 15:09:09.000,2025-01-22 15:09:09.000,48845545.0,25627.0,61453097,-106.0,92
3618729,37,2025-01-22 15:20:03,WITEL_AHU_L8,35282500.0,223,222,225,10,10,11,49.98,0.5298999999999999,2025-01-22 15:19:13.000,2025-01-22 15:19:13.000,2025-01-22 15:19:13.000,48855452.0,25627.0,61464893,-109.0,92
3618743,37,2025-01-22 15:30:03,WITEL_AHU_L8,35288900.0,224,223,225,10,10,11,50.01,0.5434,2025-01-22 15:29:02.000,2025-01-22 15:29:02.000,2025-01-22 15:29:02.000,48865420.0,25627.0,61476749,-99.0,92
3618794,37,2025-01-22 15:41:10,WITEL_AHU_L8,35295900.0,224,223,225,10,10,11,50.02,0.5315,2025-01-22 15:40:06.000,2025-01-22 15:40:06.000,2025-01-22 15:40:06.000,48876446.0,25627.0,61489870,-100.0,92
3618805,37,2025-01-22 15:50:03,WITEL_AHU_L8,35301500.0,223,222,224,10,10,11,50.04,0.5451999999999999,2025-01-22 15:49:08.000,2025-01-22 15:49:08.000,2025-01-22 15:49:08.000,48885239.0,25627.0,61500343,-117.0,92
3618829,37,2025-01-22 16:00:03,WITEL_AHU_L8,35307800.0,225,224,226,10,10,11,50.06,0.5243,2025-01-22 15:59:06.000,2025-01-22 15:59:06.000,2025-01-22 15:59:06.000,48895239.0,25627.0,61512216,-101.0,92
3618860,37,2025-01-22 16:10:03,WITEL_AHU_L8,35314200.0,227,226,228,11,10,11,49.97,0.5204,2025-01-22 16:09:24.000,2025-01-22 16:09:24.000,2025-01-22 16:09:24.000,48905312.0,25627.0,61524192,-117.0,92
3618905,37,2025-01-22 16:30:03,WITEL_AHU_L8,35326900.0,226,225,227,11,10,11,49.96,0.5267999999999999,2025-01-22 16:29:23.000,2025-01-22 16:29:23.000,2025-01-22 16:29:23.000,48925823.0,25627.0,61548430,-105.0,92
3618923,37,2025-01-22 16:40:03,WITEL_AHU_L8,35333300.0,226,225,227,11,10,11,49.98,0.5184,2025-01-22 16:39:19.000,2025-01-22 16:39:19.000,2025-01-22 16:39:19.000,48936207.0,25627.0,61560667,-101.0,92
3618961,37,2025-01-22 17:00:03,WITEL_AHU_L8,35346000.0,227,226,228,11,10,12,50.01,0.5312,2025-01-22 16:59:16.000,2025-01-22 16:59:16.000,2025-01-22 16:59:16.000,48956873.0,25627.0,61585056,-120.0,92
3619003,37,2025-01-22 17:20:03,WITEL_AHU_L8,35358800.0,227,227,228,11,10,12,50.05,0.5104,2025-01-22 17:19:18.000,2025-01-22 17:19:18.000,2025-01-22 17:19:18.000,48978038.0,25627.0,61609898,-99.0,92
3619025,37,2025-01-22 17:30:03,WITEL_AHU_L8,35365200.0,226,225,227,11,10,11,50.06,0.5310999999999999,2025-01-22 17:29:15.000,2025-01-22 17:29:15.000,2025-01-22 17:29:15.000,48988477.0,25627.0,61622194,-102.0,92
3619046,37,2025-01-22 17:40:03,WITEL_AHU_L8,35371600.0,227,226,228,11,10,11,50.08,0.5206999999999999,2025-01-22 17:39:06.000,2025-01-22 17:39:06.000,2025-01-22 17:39:06.000,48998974.0,25627.0,61634543,-121.0,92
3619075,37,2025-01-22 17:50:03,WITEL_AHU_L8,35378000.0,227,227,229,11,10,12,49.97,0.5184,2025-01-22 17:49:16.000,2025-01-22 17:49:16.000,2025-01-22 17:49:16.000,49009566.0,25627.0,61646980,-120.0,92
3619091,37,2025-01-22 18:00:03,WITEL_AHU_L8,35384400.0,229,228,230,11,11,12,50.04,0.5041,2025-01-22 17:59:02.000,2025-01-22 17:59:02.000,2025-01-22 17:59:02.000,49020258.0,25627.0,61659498,-101.0,92
3619113,37,2025-01-22 18:10:03,WITEL_AHU_L8,35390900.0,230,229,231,11,11,12,50.01,0.4927999999999999,2025-01-22 18:09:04.000,2025-01-22 18:09:04.000,2025-01-22 18:09:04.000,49031116.0,25627.0,61672176,-118.0,92
3619156,37,2025-01-22 18:30:03,WITEL_AHU_L8,35403600.0,226,226,228,11,10,12,49.96,0.5255,2025-01-22 18:29:13.000,2025-01-22 18:29:13.000,2025-01-22 18:29:13.000,49052175.0,25627.0,61696914,-108.0,92
3619180,37,2025-01-22 18:40:03,WITEL_AHU_L8,35410000.0,226,226,227,11,10,11,49.97,0.5218999999999999,2025-01-22 18:39:18.000,2025-01-22 18:39:18.000,2025-01-22 18:39:18.000,49062669.0,25627.0,61709257,-102.0,92
3619201,37,2025-01-22 18:50:03,WITEL_AHU_L8,35416400.0,226,226,227,11,10,11,50.01,0.5178999999999999,2025-01-22 18:49:15.000,2025-01-22 18:49:15.000,2025-01-22 18:49:15.000,49073153.0,25627.0,61721589,-119.0,92
3619218,37,2025-01-22 19:00:03,WITEL_AHU_L8,35422800.0,227,227,228,11,11,12,50.0,0.5136999999999999,2025-01-22 18:59:08.000,2025-01-22 18:59:08.000,2025-01-22 18:59:08.000,49083591.0,25627.0,61733880,-100.0,92
3619242,37,2025-01-22 19:10:03,WITEL_AHU_L8,35429100.0,227,226,228,11,10,12,50.01,0.5234,2025-01-22 19:09:17.000,2025-01-22 19:09:17.000,2025-01-22 19:09:17.000,49093989.0,25627.0,61746131,-120.0,92
3619265,37,2025-01-22 19:20:03,WITEL_AHU_L8,35435500.0,227,226,228,11,10,12,50.04,0.5149999999999999,2025-01-22 19:19:16.000,2025-01-22 19:19:16.000,2025-01-22 19:19:16.000,49104375.0,25627.0,61758376,-101.0,92
3619278,37,2025-01-22 19:30:03,WITEL_AHU_L8,35441900.0,227,227,229,11,10,12,50.04,0.5176,2025-01-22 19:29:03.000,2025-01-22 19:29:03.000,2025-01-22 19:29:03.000,49114794.0,25627.0,61770656,-119.0,92
3619336,37,2025-01-22 19:50:03,WITEL_AHU_L8,35454700.0,226,225,227,11,10,11,49.97,0.5339999999999999,2025-01-22 19:49:20.000,2025-01-22 19:49:20.000,2025-01-22 19:49:20.000,49135719.0,25627.0,61795294,-118.0,92
3619369,37,2025-01-22 20:10:03,WITEL_AHU_L8,35467500.0,228,227,229,11,10,12,50.01,0.5043,2025-01-22 20:09:08.000,2025-01-22 20:09:08.000,2025-01-22 20:09:08.000,49156717.0,25627.0,61820011,-109.0,92
3619398,37,2025-01-22 20:20:03,WITEL_AHU_L8,35473900.0,227,227,229,11,11,12,50.04,0.5107999999999999,2025-01-22 20:19:18.000,2025-01-22 20:19:18.000,2025-01-22 20:19:18.000,49167256.0,25627.0,61832400,-101.0,92
3619425,37,2025-01-22 20:30:03,WITEL_AHU_L8,35480300.0,227,227,229,11,11,12,50.0,0.5111,2025-01-22 20:29:23.000,2025-01-22 20:29:23.000,2025-01-22 20:29:23.000,49177779.0,25627.0,61844781,-108.0,92
3619445,37,2025-01-22 20:40:03,WITEL_AHU_L8,35486700.0,228,228,229,11,11,12,50.01,0.5068999999999999,2025-01-22 20:39:18.000,2025-01-22 20:39:18.000,2025-01-22 20:39:18.000,49188333.0,25627.0,61857188,-101.0,92
3619504,37,2025-01-22 21:10:03,WITEL_AHU_L8,35505900.0,228,227,229,11,10,12,50.03,0.5116999999999999,2025-01-22 21:09:10.000,2025-01-22 21:09:10.000,2025-01-22 21:09:10.000,49220355.0,25627.0,61894745,-105.0,92
3619528,37,2025-01-22 21:20:03,WITEL_AHU_L8,35511700.0,228,228,230,0,0,0,50.0,1.0,2025-01-22 21:19:11.000,2025-01-22 21:19:11.000,2025-01-22 21:19:11.000,49229994.0,25627.0,61906030,-96.0,92
3619553,37,2025-01-22 21:30:03,WITEL_AHU_L8,35511700.0,228,227,229,0,0,0,49.98,1.0,2025-01-22 21:29:21.000,2025-01-22 21:29:21.000,2025-01-22 21:29:21.000,49229994.0,25627.0,61906030,-119.0,92
3619593,37,2025-01-22 21:50:03,WITEL_AHU_L8,35511700.0,229,229,231,0,0,0,50.02,1.0,2025-01-22 21:49:16.000,2025-01-22 21:49:16.000,2025-01-22 21:49:16.000,49229994.0,25627.0,61906030,-114.0,92
3619617,37,2025-01-22 22:00:03,WITEL_AHU_L8,35511700.0,229,229,231,0,0,0,50.03,1.0,2025-01-22 21:59:16.000,2025-01-22 21:59:16.000,2025-01-22 21:59:16.000,49229994.0,25627.0,61906030,-119.0,92
3619632,37,2025-01-22 22:10:03,WITEL_AHU_L8,35511700.0,230,230,231,0,0,0,49.98,1.0,2025-01-22 22:09:01.000,2025-01-22 22:09:01.000,2025-01-22 22:09:01.000,49229994.0,25627.0,61906030,-118.0,92
3619655,37,2025-01-22 22:20:03,WITEL_AHU_L8,35511700.0,229,229,231,0,0,0,49.99,1.0,2025-01-22 22:19:00.000,2025-01-22 22:19:00.000,2025-01-22 22:19:00.000,49229994.0,25627.0,61906030,-118.0,92
3619677,37,2025-01-22 22:30:03,WITEL_AHU_L8,35511700.0,230,230,232,0,0,0,50.03,1.0,2025-01-22 22:29:09.000,2025-01-22 22:29:09.000,2025-01-22 22:29:09.000,49229994.0,25627.0,61906030,-117.0,92
3619704,37,2025-01-22 22:40:03,WITEL_AHU_L8,35511700.0,226,225,227,0,0,0,50.05,1.0,2025-01-22 22:39:21.000,2025-01-22 22:39:21.000,2025-01-22 22:39:21.000,49229994.0,25627.0,61906030,-119.0,92
3619723,37,2025-01-22 22:50:03,WITEL_AHU_L8,35511700.0,226,225,227,0,0,0,50.01,1.0,2025-01-22 22:49:12.000,2025-01-22 22:49:12.000,2025-01-22 22:49:12.000,49229994.0,25627.0,61906030,-118.0,92
3619748,37,2025-01-22 23:00:03,WITEL_AHU_L8,35511700.0,226,226,228,0,0,0,50.01,1.0,2025-01-22 22:59:10.000,2025-01-22 22:59:10.000,2025-01-22 22:59:10.000,49229994.0,25627.0,61906030,-102.0,92
3619770,37,2025-01-22 23:10:03,WITEL_AHU_L8,35511700.0,225,225,227,0,0,0,49.97,1.0,2025-01-22 23:09:08.000,2025-01-22 23:09:08.000,2025-01-22 23:09:08.000,49229994.0,25627.0,61906030,-120.0,92
3619793,37,2025-01-22 23:20:03,WITEL_AHU_L8,35511700.0,226,226,228,0,0,0,50.06,1.0,2025-01-22 23:19:07.000,2025-01-22 23:19:07.000,2025-01-22 23:19:07.000,49229994.0,25627.0,61906030,-100.0,92
3619821,37,2025-01-22 23:30:03,WITEL_AHU_L8,35511700.0,225,225,227,0,0,0,49.99,1.0,2025-01-22 23:29:20.000,2025-01-22 23:29:20.000,2025-01-22 23:29:20.000,49229994.0,25627.0,61906030,-101.0,92
3619876,37,2025-01-22 23:50:03,WITEL_AHU_L8,35511700.0,226,226,228,0,0,0,49.99,1.0,2025-01-22 23:49:15.000,2025-01-22 23:49:15.000,2025-01-22 23:49:15.000,49229994.0,25627.0,61906030,-100.0,92
3619890,37,2025-01-23 00:00:03,WITEL_AHU_L8,35511700.0,227,227,229,0,0,0,49.98,1.0,2025-01-22 23:59:04.000,2025-01-22 23:59:04.000,2025-01-22 23:59:04.000,49229994.0,25627.0,61906030,-112.0,92
3619934,37,2025-01-23 00:20:03,WITEL_AHU_L8,35511700.0,226,226,228,0,0,0,50.02,1.0,2025-01-23 00:19:07.000,2025-01-23 00:19:07.000,2025-01-23 00:19:07.000,49229994.0,25627.0,61906030,-117.0,92
3619956,37,2025-01-23 00:30:03,WITEL_AHU_L8,35511700.0,227,227,229,0,0,0,50.03,1.0,2025-01-23 00:29:03.000,2025-01-23 00:29:03.000,2025-01-23 00:29:03.000,49229994.0,25627.0,61906030,-99.0,92
3619976,37,2025-01-23 00:40:03,WITEL_AHU_L8,35511700.0,228,227,229,0,0,0,50.0,1.0,2025-01-23 00:39:04.000,2025-01-23 00:39:04.000,2025-01-23 00:39:04.000,49229994.0,25627.0,61906030,-116.0,92
3620004,37,2025-01-23 00:50:03,WITEL_AHU_L8,35511700.0,228,228,230,0,0,0,50.05,1.0,2025-01-23 00:49:13.000,2025-01-23 00:49:13.000,2025-01-23 00:49:13.000,49229994.0,25627.0,61906030,-111.0,92
3620021,37,2025-01-23 01:00:03,WITEL_AHU_L8,35511700.0,228,228,230,0,0,0,50.06,1.0,2025-01-23 00:59:13.000,2025-01-23 00:59:13.000,2025-01-23 00:59:13.000,49229994.0,25627.0,61906030,-116.0,92
3620058,37,2025-01-23 01:20:03,WITEL_AHU_L8,35511700.0,228,228,230,0,0,0,50.05,1.0,2025-01-23 01:19:06.000,2025-01-23 01:19:06.000,2025-01-23 01:19:06.000,49229994.0,25627.0,61906030,-102.0,92
3620116,37,2025-01-23 01:50:03,WITEL_AHU_L8,35511700.0,228,228,230,0,0,0,50.04,1.0,2025-01-23 01:49:17.000,2025-01-23 01:49:17.000,2025-01-23 01:49:17.000,49229994.0,25627.0,61906030,-98.0,92
3620137,37,2025-01-23 02:00:03,WITEL_AHU_L8,35511700.0,228,228,230,0,0,0,50.06,1.0,2025-01-23 01:59:17.000,2025-01-23 01:59:17.000,2025-01-23 01:59:17.000,49229994.0,25627.0,61906030,-100.0,92
3620171,37,2025-01-23 02:20:02,WITEL_AHU_L8,35511700.0,228,227,230,0,0,0,49.95,1.0,2025-01-23 02:19:01.000,2025-01-23 02:19:01.000,2025-01-23 02:19:01.000,49229994.0,25627.0,61906030,-99.0,92
3620202,37,2025-01-23 02:30:02,WITEL_AHU_L8,35511700.0,228,228,230,0,0,0,49.99,1.0,2025-01-23 02:29:18.000,2025-01-23 02:29:18.000,2025-01-23 02:29:18.000,49229994.0,25627.0,61906030,-119.0,92
3620216,37,2025-01-23 02:40:02,WITEL_AHU_L8,35511700.0,229,228,230,0,0,0,49.97,1.0,2025-01-23 02:39:09.000,2025-01-23 02:39:09.000,2025-01-23 02:39:09.000,49229994.0,25627.0,61906030,-102.0,92
3620231,37,2025-01-23 02:50:02,WITEL_AHU_L8,35511700.0,229,229,231,0,0,0,50.03,1.0,2025-01-23 02:49:02.000,2025-01-23 02:49:02.000,2025-01-23 02:49:02.000,49229994.0,25627.0,61906030,-111.0,92
3620255,37,2025-01-23 03:00:02,WITEL_AHU_L8,35511700.0,229,229,231,0,0,0,50.05,1.0,2025-01-23 02:59:04.000,2025-01-23 02:59:04.000,2025-01-23 02:59:04.000,49229994.0,25627.0,61906030,-117.0,92
3620284,37,2025-01-23 03:10:03,WITEL_AHU_L8,35511700.0,229,229,231,0,0,0,50.04,1.0,2025-01-23 03:09:13.000,2025-01-23 03:09:13.000,2025-01-23 03:09:13.000,49229994.0,25627.0,61906030,-101.0,92
3620306,37,2025-01-23 03:20:03,WITEL_AHU_L8,35511700.0,229,229,231,0,0,0,50.05,1.0,2025-01-23 03:19:18.000,2025-01-23 03:19:18.000,2025-01-23 03:19:18.000,49229994.0,25627.0,61906030,-116.0,92
3620346,37,2025-01-23 03:40:03,WITEL_AHU_L8,35511700.0,230,229,231,0,0,0,50.0,1.0,2025-01-23 03:39:14.000,2025-01-23 03:39:14.000,2025-01-23 03:39:14.000,49229994.0,25627.0,61906030,-97.0,92
3620367,37,2025-01-23 03:50:03,WITEL_AHU_L8,35511700.0,229,229,231,0,0,0,49.93,1.0,2025-01-23 03:49:11.000,2025-01-23 03:49:11.000,2025-01-23 03:49:11.000,49229994.0,25627.0,61906030,-101.0,92
3620395,37,2025-01-23 04:00:03,WITEL_AHU_L8,35511700.0,229,230,232,0,0,0,50.06,1.0,2025-01-23 03:59:19.000,2025-01-23 03:59:19.000,2025-01-23 03:59:19.000,49229994.0,25627.0,61906030,-101.0,92
3620435,37,2025-01-23 04:20:03,WITEL_AHU_L8,35511700.0,228,228,231,0,0,0,50.06,1.0,2025-01-23 04:19:19.000,2025-01-23 04:19:19.000,2025-01-23 04:19:19.000,49229994.0,25627.0,61906030,-115.0,92
3620454,37,2025-01-23 04:30:03,WITEL_AHU_L8,35511700.0,229,229,231,0,0,0,49.99,1.0,2025-01-23 04:29:12.000,2025-01-23 04:29:12.000,2025-01-23 04:29:12.000,49229994.0,25627.0,61906030,-105.0,92
3620478,37,2025-01-23 04:40:03,WITEL_AHU_L8,35511700.0,229,229,231,0,0,0,50.06,1.0,2025-01-23 04:39:12.000,2025-01-23 04:39:12.000,2025-01-23 04:39:12.000,49229994.0,25627.0,61906030,-119.0,92
3620500,37,2025-01-23 04:50:03,WITEL_AHU_L8,35511700.0,229,229,231,0,0,0,49.96,1.0,2025-01-23 04:49:14.000,2025-01-23 04:49:14.000,2025-01-23 04:49:14.000,49229994.0,25627.0,61906030,-111.0,92
3620516,37,2025-01-23 05:00:03,WITEL_AHU_L8,35511700.0,229,229,230,0,0,0,50.0,1.0,2025-01-23 04:59:09.000,2025-01-23 04:59:09.000,2025-01-23 04:59:09.000,49229994.0,25627.0,61906030,-99.0,92
3620540,37,2025-01-23 05:10:03,WITEL_AHU_L8,35511700.0,228,228,230,0,0,0,50.01,1.0,2025-01-23 05:09:11.000,2025-01-23 05:09:11.000,2025-01-23 05:09:11.000,49229994.0,25627.0,61906030,-103.0,92
3620566,37,2025-01-23 05:20:03,WITEL_AHU_L8,35511700.0,227,227,229,0,0,0,49.94,1.0,2025-01-23 05:19:19.000,2025-01-23 05:19:19.000,2025-01-23 05:19:19.000,49229994.0,25627.0,61906030,-118.0,92
3620593,37,2025-01-23 05:40:03,WITEL_AHU_L8,35511700.0,227,227,229,0,0,0,50.01,1.0,2025-01-23 05:39:01.000,2025-01-23 05:39:01.000,2025-01-23 05:39:01.000,49229994.0,25627.0,61906030,-115.0,92
3620618,37,2025-01-23 05:50:03,WITEL_AHU_L8,35511700.0,227,226,228,0,0,0,49.96,1.0,2025-01-23 05:49:03.000,2025-01-23 05:49:03.000,2025-01-23 05:49:03.000,49229994.0,25627.0,61906030,-118.0,92
3620654,37,2025-01-23 06:00:03,WITEL_AHU_L8,35511700.0,226,226,228,0,0,0,50.02,1.0,2025-01-23 05:59:20.000,2025-01-23 05:59:20.000,2025-01-23 05:59:20.000,49229994.0,25627.0,61906030,-120.0,92
3620700,37,2025-01-23 06:20:03,WITEL_AHU_L8,35511700.0,225,224,226,0,0,0,50.05,1.0,2025-01-23 06:19:22.000,2025-01-23 06:19:22.000,2025-01-23 06:19:22.000,49229994.0,25627.0,61906030,-117.0,92
3620720,37,2025-01-23 06:30:03,WITEL_AHU_L8,35513400.0,222,222,224,10,10,11,50.05,0.5567,2025-01-23 06:29:16.000,2025-01-23 06:29:16.000,2025-01-23 06:29:16.000,49232434.0,25627.0,61909040,-101.0,92
3620739,37,2025-01-23 06:40:03,WITEL_AHU_L8,35519700.0,225,224,226,10,10,11,50.05,0.5257,2025-01-23 06:39:16.000,2025-01-23 06:39:16.000,2025-01-23 06:39:16.000,49242449.0,25627.0,61920952,-120.0,92
3620752,37,2025-01-23 06:50:03,WITEL_AHU_L8,35526100.0,224,224,226,11,10,11,50.02,0.5148999999999999,2025-01-23 06:49:03.000,2025-01-23 06:49:03.000,2025-01-23 06:49:03.000,49252542.0,25627.0,61932938,-106.0,92
3620773,37,2025-01-23 07:00:03,WITEL_AHU_L8,35532400.0,223,222,225,10,10,11,50.05,0.5420999999999999,2025-01-23 06:59:03.000,2025-01-23 06:59:03.000,2025-01-23 06:59:03.000,49262581.0,25627.0,61944867,-99.0,92
3620806,37,2025-01-23 07:10:03,WITEL_AHU_L8,35538800.0,222,221,223,10,10,11,50.07,0.5441999999999999,2025-01-23 07:09:17.000,2025-01-23 07:09:17.000,2025-01-23 07:09:17.000,49272480.0,25627.0,61956662,-101.0,92
3620825,37,2025-01-23 07:20:03,WITEL_AHU_L8,35545100.0,222,221,224,10,10,11,50.02,0.5441999999999999,2025-01-23 07:19:13.000,2025-01-23 07:19:13.000,2025-01-23 07:19:13.000,49282269.0,25627.0,61968369,-119.0,92
3620841,37,2025-01-23 07:30:03,WITEL_AHU_L8,35551400.0,221,220,222,10,10,11,49.98,0.5418,2025-01-23 07:29:07.000,2025-01-23 07:29:07.000,2025-01-23 07:29:07.000,49291998.0,25627.0,61980038,-119.0,92
3620858,37,2025-01-23 07:36:13,WITEL_AHU_L8,35555400.0,224,224,226,11,10,11,50.01,0.5388,2025-01-23 07:35:23.000,2025-01-23 07:35:23.000,2025-01-23 07:35:23.000,49298132.0,25627.0,61987350,-117.0,92
3620876,37,2025-01-23 07:40:03,WITEL_AHU_L8,35557800.0,224,223,225,10,10,11,50.08,0.5499999999999999,2025-01-23 07:39:14.000,2025-01-23 07:39:14.000,2025-01-23 07:39:14.000,49301965.0,25627.0,61991924,-120.0,92
3620915,37,2025-01-23 08:00:03,WITEL_AHU_L8,35570600.0,223,223,225,10,10,11,50.0,0.5308999999999999,2025-01-23 07:59:18.000,2025-01-23 07:59:18.000,2025-01-23 07:59:18.000,49321847.0,25627.0,62015643,-98.0,92
3620931,37,2025-01-23 08:10:03,WITEL_AHU_L8,35576900.0,222,221,223,10,10,11,49.97,0.5438999999999999,2025-01-23 08:09:07.000,2025-01-23 08:09:07.000,2025-01-23 08:09:07.000,49331653.0,25627.0,62027382,-102.0,92
3620957,37,2025-01-23 08:20:03,WITEL_AHU_L8,35583300.0,224,223,225,10,10,11,50.04,0.5306,2025-01-23 08:19:21.000,2025-01-23 08:19:21.000,2025-01-23 08:19:21.000,49341486.0,25627.0,62039144,-106.0,92
3620995,37,2025-01-23 08:40:03,WITEL_AHU_L8,35596100.0,223,222,224,10,10,11,50.02,0.5354,2025-01-23 08:39:19.000,2025-01-23 08:39:19.000,2025-01-23 08:39:19.000,49361095.0,25627.0,62062637,-101.0,92
3621005,37,2025-01-23 08:50:03,WITEL_AHU_L8,35602400.0,222,222,224,10,10,11,50.05,0.5498999999999999,2025-01-23 08:49:01.000,2025-01-23 08:49:01.000,2025-01-23 08:49:01.000,49370759.0,25627.0,62074258,-103.0,92
3621042,37,2025-01-23 09:10:03,WITEL_AHU_L8,35615200.0,224,224,226,11,10,11,50.06,0.5398,2025-01-23 09:09:09.000,2025-01-23 09:09:09.000,2025-01-23 09:09:09.000,49390616.0,25627.0,62097984,-105.0,92
3621068,37,2025-01-23 09:20:03,WITEL_AHU_L8,35621600.0,224,223,225,10,10,11,49.99,0.5223,2025-01-23 09:19:18.000,2025-01-23 09:19:18.000,2025-01-23 09:19:18.000,49400471.0,25627.0,62109773,-117.0,92
3621081,37,2025-01-23 09:30:03,WITEL_AHU_L8,35627900.0,222,221,224,10,10,11,50.0,0.5337999999999999,2025-01-23 09:29:05.000,2025-01-23 09:29:05.000,2025-01-23 09:29:05.000,49410271.0,25627.0,62121508,-109.0,92
3621109,37,2025-01-23 09:40:03,WITEL_AHU_L8,35634300.0,222,221,223,10,10,11,50.05,0.5554,2025-01-23 09:39:18.000,2025-01-23 09:39:18.000,2025-01-23 09:39:18.000,49420049.0,25627.0,62133231,-118.0,92
3621124,37,2025-01-23 09:50:03,WITEL_AHU_L8,35640700.0,221,220,223,10,10,11,49.98,0.5295,2025-01-23 09:49:04.000,2025-01-23 09:49:04.000,2025-01-23 09:49:04.000,49429772.0,25627.0,62144901,-120.0,92
3621147,37,2025-01-23 10:00:03,WITEL_AHU_L8,35647000.0,223,222,225,10,10,11,49.96,0.5508,2025-01-23 09:59:08.000,2025-01-23 09:59:08.000,2025-01-23 09:59:08.000,49439456.0,25627.0,62156527,-115.0,92
3621172,37,2025-01-23 10:10:03,WITEL_AHU_L8,35653400.0,223,222,225,10,10,11,49.98,0.5258999999999999,2025-01-23 10:09:15.000,2025-01-23 10:09:15.000,2025-01-23 10:09:15.000,49449454.0,25627.0,62168432,-106.0,92
3621197,37,2025-01-23 10:20:03,WITEL_AHU_L8,35659700.0,223,222,224,10,10,11,50.01,0.5458999999999999,2025-01-23 10:19:15.000,2025-01-23 10:19:15.000,2025-01-23 10:19:15.000,49459419.0,25627.0,62180307,-103.0,92
3621216,37,2025-01-23 10:30:03,WITEL_AHU_L8,35666100.0,224,223,225,11,10,11,50.01,0.5409999999999999,2025-01-23 10:29:15.000,2025-01-23 10:29:15.000,2025-01-23 10:29:15.000,49469377.0,25627.0,62192171,-103.0,92
3621226,37,2025-01-23 10:40:03,WITEL_AHU_L8,35672400.0,224,223,225,11,10,11,49.98,0.5304,2025-01-23 10:38:59.000,2025-01-23 10:38:59.000,2025-01-23 10:38:59.000,49479347.0,25627.0,62204053,-118.0,92
3621258,37,2025-01-23 10:50:03,WITEL_AHU_L8,35678800.0,224,223,225,10,10,11,50.03,0.5286,2025-01-23 10:49:20.000,2025-01-23 10:49:20.000,2025-01-23 10:49:20.000,49489265.0,25627.0,62215886,-107.0,92
3621271,37,2025-01-23 11:00:03,WITEL_AHU_L8,35685200.0,224,223,225,10,10,11,49.95,0.5421999999999999,2025-01-23 10:59:05.000,2025-01-23 10:59:05.000,2025-01-23 10:59:05.000,49499207.0,25627.0,62227742,-105.0,92
3621315,37,2025-01-23 11:20:03,WITEL_AHU_L8,35697900.0,225,224,226,10,10,11,50.03,0.5262,2025-01-23 11:19:09.000,2025-01-23 11:19:09.000,2025-01-23 11:19:09.000,49519091.0,25627.0,62251454,-102.0,92
3621341,37,2025-01-23 11:30:03,WITEL_AHU_L8,35704300.0,225,224,226,10,10,11,50.05,0.5268999999999999,2025-01-23 11:29:19.000,2025-01-23 11:29:19.000,2025-01-23 11:29:19.000,49529091.0,25627.0,62263355,-117.0,92
3621361,37,2025-01-23 11:40:03,WITEL_AHU_L8,35710700.0,225,224,227,11,10,11,49.96,0.5357999999999999,2025-01-23 11:39:14.000,2025-01-23 11:39:14.000,2025-01-23 11:39:14.000,49539138.0,25627.0,62275325,-118.0,92
3621382,37,2025-01-23 11:50:03,WITEL_AHU_L8,35717000.0,226,225,227,11,10,11,50.02,0.5421999999999999,2025-01-23 11:49:16.000,2025-01-23 11:49:16.000,2025-01-23 11:49:16.000,49549288.0,25627.0,62287368,-119.0,92
3621407,37,2025-01-23 12:00:03,WITEL_AHU_L8,35723400.0,229,228,230,11,11,12,50.06,0.5162,2025-01-23 11:59:22.000,2025-01-23 11:59:22.000,2025-01-23 11:59:22.000,49559603.0,25627.0,62299555,-101.0,92
3621426,37,2025-01-23 12:10:03,WITEL_AHU_L8,35729900.0,226,225,228,11,10,12,50.02,0.5151,2025-01-23 12:09:15.000,2025-01-23 12:09:15.000,2025-01-23 12:09:15.000,49569876.0,25627.0,62311715,-100.0,92
3621447,37,2025-01-23 12:20:03,WITEL_AHU_L8,35736200.0,225,224,226,11,10,11,49.94,0.5319999999999999,2025-01-23 12:19:17.000,2025-01-23 12:19:17.000,2025-01-23 12:19:17.000,49580101.0,25627.0,62323818,-117.0,92
3621488,37,2025-01-23 12:40:03,WITEL_AHU_L8,35749000.0,225,224,226,10,10,11,50.06,0.5332,2025-01-23 12:39:14.000,2025-01-23 12:39:14.000,2025-01-23 12:39:14.000,49600470.0,25627.0,62347948,-100.0,92
3621505,37,2025-01-23 12:50:03,WITEL_AHU_L8,35755400.0,225,224,227,10,10,11,50.06,0.5215,2025-01-23 12:49:12.000,2025-01-23 12:49:12.000,2025-01-23 12:49:12.000,49610547.0,25627.0,62359922,-105.0,92
3621521,37,2025-01-23 13:00:03,WITEL_AHU_L8,35761800.0,224,223,225,10,10,11,49.98,0.5272,2025-01-23 12:59:04.000,2025-01-23 12:59:04.000,2025-01-23 12:59:04.000,49620603.0,25627.0,62371879,-117.0,92
3621568,37,2025-01-23 13:20:03,WITEL_AHU_L8,35774400.0,224,223,225,11,10,11,49.97,0.5332,2025-01-23 13:19:11.000,2025-01-23 13:19:11.000,2025-01-23 13:19:11.000,49640142.0,25627.0,62395265,-103.0,92
3621607,37,2025-01-23 13:40:03,WITEL_AHU_L8,35787100.0,224,223,225,10,10,11,50.04,0.5277,2025-01-23 13:39:10.000,2025-01-23 13:39:10.000,2025-01-23 13:39:10.000,49659984.0,25627.0,62418927,-102.0,92
3621626,37,2025-01-23 13:50:03,WITEL_AHU_L8,35793500.0,224,223,225,10,10,11,49.97,0.5508,2025-01-23 13:49:09.000,2025-01-23 13:49:09.000,2025-01-23 13:49:09.000,49669863.0,25627.0,62430726,-99.0,92
3621648,37,2025-01-23 14:00:03,WITEL_AHU_L8,35799900.0,223,222,224,10,10,11,50.03,0.5324,2025-01-23 13:59:19.000,2025-01-23 13:59:19.000,2025-01-23 13:59:19.000,49679752.0,25627.0,62442533,-102.0,92
3621669,37,2025-01-23 14:10:03,WITEL_AHU_L8,35806200.0,223,222,224,10,10,11,50.06,0.5325,2025-01-23 14:09:17.000,2025-01-23 14:09:17.000,2025-01-23 14:09:17.000,49689654.0,25627.0,62454352,-106.0,92
3621692,37,2025-01-23 14:20:03,WITEL_AHU_L8,35812600.0,224,223,225,10,10,11,50.06,0.5329999999999999,2025-01-23 14:19:22.000,2025-01-23 14:19:22.000,2025-01-23 14:19:22.000,49699535.0,25627.0,62466163,-120.0,92
3621723,37,2025-01-23 14:40:03,WITEL_AHU_L8,35825300.0,223,222,224,10,10,11,50.02,0.5337,2025-01-23 14:39:03.000,2025-01-23 14:39:03.000,2025-01-23 14:39:03.000,49719342.0,25627.0,62489801,-100.0,92
3621737,37,2025-01-23 14:50:03,WITEL_AHU_L8,35831700.0,224,223,225,11,10,11,50.03,0.5266,2025-01-23 14:49:01.000,2025-01-23 14:49:01.000,2025-01-23 14:49:01.000,49729310.0,25627.0,62501652,-105.0,92
3621802,37,2025-01-23 15:20:03,WITEL_AHU_L8,35850800.0,224,223,225,10,10,11,49.96,0.5366,2025-01-23 15:19:08.000,2025-01-23 15:19:08.000,2025-01-23 15:19:08.000,49759191.0,25627.0,62537261,-117.0,92
3621827,37,2025-01-23 15:30:03,WITEL_AHU_L8,35857100.0,225,224,226,10,10,11,50.03,0.5390999999999999,2025-01-23 15:29:19.000,2025-01-23 15:29:19.000,2025-01-23 15:29:19.000,49769174.0,25627.0,62549145,-116.0,92
3621849,37,2025-01-23 15:40:03,WITEL_AHU_L8,35863500.0,225,224,226,11,10,11,50.0,0.5297,2025-01-23 15:39:05.000,2025-01-23 15:39:05.000,2025-01-23 15:39:05.000,49779192.0,25627.0,62561066,-103.0,92
3621880,37,2025-01-23 15:50:03,WITEL_AHU_L8,35869800.0,224,223,225,11,10,11,50.0,0.5342,2025-01-23 15:49:19.000,2025-01-23 15:49:19.000,2025-01-23 15:49:19.000,49789186.0,25627.0,62572965,-100.0,92
3621917,37,2025-01-23 16:10:03,WITEL_AHU_L8,35882600.0,225,225,227,11,10,11,49.99,0.5216,2025-01-23 16:09:17.000,2025-01-23 16:09:17.000,2025-01-23 16:09:17.000,49809599.0,25627.0,62597148,-105.0,92
3621934,37,2025-01-23 16:20:03,WITEL_AHU_L8,35889000.0,227,226,228,11,10,11,49.99,0.5223,2025-01-23 16:19:09.000,2025-01-23 16:19:09.000,2025-01-23 16:19:09.000,49819928.0,25627.0,62609352,-105.0,92
3621962,37,2025-01-23 16:30:03,WITEL_AHU_L8,35895400.0,228,227,229,11,10,12,50.02,0.5215,2025-01-23 16:29:16.000,2025-01-23 16:29:16.000,2025-01-23 16:29:16.000,49830377.0,25627.0,62621666,-120.0,92
3621976,37,2025-01-23 16:40:03,WITEL_AHU_L8,35901800.0,227,226,228,11,10,12,50.01,0.5149999999999999,2025-01-23 16:39:04.000,2025-01-23 16:39:04.000,2025-01-23 16:39:04.000,49840977.0,25627.0,62634115,-105.0,92
3622001,37,2025-01-23 16:50:03,WITEL_AHU_L8,35908200.0,225,224,226,11,10,11,49.99,0.5307999999999999,2025-01-23 16:49:10.000,2025-01-23 16:49:10.000,2025-01-23 16:49:10.000,49851302.0,25627.0,62646311,-102.0,92
3622029,37,2025-01-23 17:00:03,WITEL_AHU_L8,35914600.0,228,227,229,11,10,12,50.0,0.5062,2025-01-23 16:59:22.000,2025-01-23 16:59:22.000,2025-01-23 16:59:22.000,49861672.0,25627.0,62658547,-103.0,92
3622045,37,2025-01-23 17:10:03,WITEL_AHU_L8,35920900.0,228,228,230,11,11,12,50.0,0.5133,2025-01-23 17:09:12.000,2025-01-23 17:09:12.000,2025-01-23 17:09:12.000,49872489.0,25627.0,62671121,-119.0,92
3622070,37,2025-01-23 17:20:03,WITEL_AHU_L8,35927300.0,227,226,228,11,10,12,50.01,0.5172,2025-01-23 17:19:20.000,2025-01-23 17:19:20.000,2025-01-23 17:19:20.000,49883083.0,25627.0,62683558,-103.0,92
3622104,37,2025-01-23 17:40:03,WITEL_AHU_L8,35940100.0,225,224,227,11,10,11,49.96,0.5368999999999999,2025-01-23 17:39:06.000,2025-01-23 17:39:06.000,2025-01-23 17:39:06.000,49903703.0,25627.0,62707933,-102.0,92
3622130,37,2025-01-23 17:50:03,WITEL_AHU_L8,35944500.0,226,225,228,0,0,0,50.02,1.0,2025-01-23 17:49:18.000,2025-01-23 17:49:18.000,2025-01-23 17:49:18.000,49910611.0,25627.0,62716132,-102.0,92
3622139,37,2025-01-23 18:00:03,WITEL_AHU_L8,35944500.0,227,226,229,0,0,0,50.04,1.0,2025-01-23 17:59:08.000,2025-01-23 17:59:08.000,2025-01-23 17:59:08.000,49910611.0,25627.0,62716132,-105.0,92
3622158,37,2025-01-23 18:10:03,WITEL_AHU_L8,35944500.0,226,225,227,0,0,0,50.03,1.0,2025-01-23 18:09:12.000,2025-01-23 18:09:12.000,2025-01-23 18:09:12.000,49910611.0,25627.0,62716132,-119.0,92
3622183,37,2025-01-23 18:20:03,WITEL_AHU_L8,35944500.0,226,225,227,0,0,0,49.98,1.0,2025-01-23 18:19:07.000,2025-01-23 18:19:07.000,2025-01-23 18:19:07.000,49910611.0,25627.0,62716132,-121.0,92
3622205,37,2025-01-23 18:30:03,WITEL_AHU_L8,35944500.0,228,228,230,0,0,0,50.01,1.0,2025-01-23 18:29:13.000,2025-01-23 18:29:13.000,2025-01-23 18:29:13.000,49910611.0,25627.0,62716132,-117.0,92
3622241,37,2025-01-23 18:50:03,WITEL_AHU_L8,35944500.0,228,228,230,0,0,0,50.04,1.0,2025-01-23 18:49:05.000,2025-01-23 18:49:05.000,2025-01-23 18:49:05.000,49910611.0,25627.0,62716132,-123.0,92
3622261,37,2025-01-23 19:00:03,WITEL_AHU_L8,35944500.0,228,227,230,0,0,0,49.95,1.0,2025-01-23 18:59:08.000,2025-01-23 18:59:08.000,2025-01-23 18:59:08.000,49910611.0,25627.0,62716132,-120.0,92
3622277,37,2025-01-23 19:10:03,WITEL_AHU_L8,35944500.0,228,227,229,0,0,0,50.01,1.0,2025-01-23 19:09:04.000,2025-01-23 19:09:04.000,2025-01-23 19:09:04.000,49910611.0,25627.0,62716132,-118.0,92
3622318,37,2025-01-23 19:30:03,WITEL_AHU_L8,35944500.0,228,227,229,0,0,0,49.95,1.0,2025-01-23 19:29:07.000,2025-01-23 19:29:07.000,2025-01-23 19:29:07.000,49910611.0,25627.0,62716132,-119.0,92
3622342,37,2025-01-23 19:40:03,WITEL_AHU_L8,35944500.0,228,228,230,0,0,0,50.05,1.0,2025-01-23 19:39:12.000,2025-01-23 19:39:12.000,2025-01-23 19:39:12.000,49910611.0,25627.0,62716132,-100.0,92
3622367,37,2025-01-23 19:50:03,WITEL_AHU_L8,35944500.0,227,226,228,0,0,0,50.02,1.0,2025-01-23 19:49:20.000,2025-01-23 19:49:20.000,2025-01-23 19:49:20.000,49910611.0,25627.0,62716132,-100.0,92
3622399,37,2025-01-23 20:10:03,WITEL_AHU_L8,35944500.0,227,227,229,0,0,0,49.98,1.0,2025-01-23 20:09:01.000,2025-01-23 20:09:01.000,2025-01-23 20:09:01.000,49910611.0,25627.0,62716132,-105.0,92
3622426,37,2025-01-23 20:20:03,WITEL_AHU_L8,35944500.0,227,226,229,0,0,0,50.02,1.0,2025-01-23 20:19:12.000,2025-01-23 20:19:12.000,2025-01-23 20:19:12.000,49910611.0,25627.0,62716132,-119.0,92
3622449,37,2025-01-23 20:30:03,WITEL_AHU_L8,35944500.0,227,226,229,0,0,0,50.0,1.0,2025-01-23 20:29:15.000,2025-01-23 20:29:15.000,2025-01-23 20:29:15.000,49910611.0,25627.0,62716132,-118.0,92
3622486,37,2025-01-23 20:50:03,WITEL_AHU_L8,35944500.0,227,227,229,0,0,0,49.96,1.0,2025-01-23 20:49:07.000,2025-01-23 20:49:07.000,2025-01-23 20:49:07.000,49910611.0,25627.0,62716132,-123.0,92
3622508,37,2025-01-23 21:00:03,WITEL_AHU_L8,35944500.0,228,227,229,0,0,0,50.05,1.0,2025-01-23 20:59:12.000,2025-01-23 20:59:12.000,2025-01-23 20:59:12.000,49910611.0,25627.0,62716132,-100.0,92
3622569,37,2025-01-23 21:30:03,WITEL_AHU_L8,35944500.0,229,229,231,0,0,0,50.02,1.0,2025-01-23 21:29:12.000,2025-01-23 21:29:12.000,2025-01-23 21:29:12.000,49910611.0,25627.0,62716132,-113.0,92
3622597,37,2025-01-23 21:40:03,WITEL_AHU_L8,35944500.0,229,229,231,0,0,0,50.03,1.0,2025-01-23 21:39:20.000,2025-01-23 21:39:20.000,2025-01-23 21:39:20.000,49910611.0,25627.0,62716132,-119.0,92
3622615,37,2025-01-23 21:50:03,WITEL_AHU_L8,35944500.0,229,229,231,0,0,0,50.03,1.0,2025-01-23 21:49:18.000,2025-01-23 21:49:18.000,2025-01-23 21:49:18.000,49910611.0,25627.0,62716132,-117.0,92
3622654,37,2025-01-23 22:10:03,WITEL_AHU_L8,35944500.0,230,230,232,0,0,0,50.02,1.0,2025-01-23 22:09:17.000,2025-01-23 22:09:17.000,2025-01-23 22:09:17.000,49910611.0,25627.0,62716132,-113.0,92
3622668,37,2025-01-23 22:20:03,WITEL_AHU_L8,35944500.0,230,229,232,0,0,0,49.95,1.0,2025-01-23 22:19:04.000,2025-01-23 22:19:04.000,2025-01-23 22:19:04.000,49910611.0,25627.0,62716132,-119.0,92
3622691,37,2025-01-23 22:30:03,WITEL_AHU_L8,35944500.0,230,229,231,0,0,0,49.97,1.0,2025-01-23 22:29:05.000,2025-01-23 22:29:05.000,2025-01-23 22:29:05.000,49910611.0,25627.0,62716132,-118.0,92
3622724,37,2025-01-23 22:50:03,WITEL_AHU_L8,35944500.0,227,227,229,0,0,0,49.99,1.0,2025-01-23 22:49:02.000,2025-01-23 22:49:02.000,2025-01-23 22:49:02.000,49910611.0,25627.0,62716132,-121.0,92
3622747,37,2025-01-23 23:00:03,WITEL_AHU_L8,35944500.0,228,228,230,0,0,0,50.02,1.0,2025-01-23 22:59:08.000,2025-01-23 22:59:08.000,2025-01-23 22:59:08.000,49910611.0,25627.0,62716132,-101.0,92
3622829,37,2025-01-23 23:36:15,WITEL_AHU_L8,35944500.0,228,228,229,0,0,0,50.01,1.0,2025-01-23 23:35:30.000,2025-01-23 23:35:30.000,2025-01-23 23:35:30.000,49910611.0,25627.0,62716132,-118.0,92
3622877,37,2025-01-23 23:50:03,WITEL_AHU_L8,35944500.0,229,228,230,0,0,0,50.06,1.0,2025-01-23 23:49:17.000,2025-01-23 23:49:17.000,2025-01-23 23:49:17.000,49910611.0,25627.0,62716132,-101.0,92
3622893,37,2025-01-24 00:00:03,WITEL_AHU_L8,35944500.0,229,229,231,0,0,0,50.08,1.0,2025-01-23 23:59:10.000,2025-01-23 23:59:10.000,2025-01-23 23:59:10.000,49910611.0,25627.0,62716132,-118.0,92
3622916,37,2025-01-24 00:10:03,WITEL_AHU_L8,35944500.0,229,229,231,0,0,0,49.99,1.0,2025-01-24 00:09:08.000,2025-01-24 00:09:08.000,2025-01-24 00:09:08.000,49910611.0,25627.0,62716132,-102.0,92
3622961,37,2025-01-24 00:30:03,WITEL_AHU_L8,35944500.0,229,229,231,0,0,0,50.02,1.0,2025-01-24 00:29:05.000,2025-01-24 00:29:05.000,2025-01-24 00:29:05.000,49910611.0,25627.0,62716132,-119.0,92
3622992,37,2025-01-24 00:40:03,WITEL_AHU_L8,35944500.0,230,229,232,0,0,0,49.98,1.0,2025-01-24 00:39:21.000,2025-01-24 00:39:21.000,2025-01-24 00:39:21.000,49910611.0,25627.0,62716132,-102.0,92
3623005,37,2025-01-24 00:50:03,WITEL_AHU_L8,35944500.0,230,230,232,0,0,0,49.98,1.0,2025-01-24 00:49:02.000,2025-01-24 00:49:02.000,2025-01-24 00:49:02.000,49910611.0,25627.0,62716132,-119.0,92
3623056,37,2025-01-24 01:10:03,WITEL_AHU_L8,35944500.0,230,229,232,0,0,0,49.99,1.0,2025-01-24 01:09:08.000,2025-01-24 01:09:08.000,2025-01-24 01:09:08.000,49910611.0,25627.0,62716132,-119.0,92
3623088,37,2025-01-24 01:20:03,WITEL_AHU_L8,35944500.0,230,229,232,0,0,0,49.99,1.0,2025-01-24 01:19:18.000,2025-01-24 01:19:18.000,2025-01-24 01:19:18.000,49910611.0,25627.0,62716132,-100.0,92
3623106,37,2025-01-24 01:30:03,WITEL_AHU_L8,35944500.0,230,230,232,0,0,0,49.99,1.0,2025-01-24 01:32:23.000,2025-01-24 01:32:23.000,2025-01-24 01:32:23.000,49910611.0,25627.0,62716132,-120.0,92
3623130,37,2025-01-24 01:40:03,WITEL_AHU_L8,35944500.0,230,230,232,0,0,0,50.02,1.0,2025-01-24 01:39:09.000,2025-01-24 01:39:09.000,2025-01-24 01:39:09.000,49910611.0,25627.0,62716132,-109.0,92
3623149,37,2025-01-24 01:50:03,WITEL_AHU_L8,35944500.0,230,230,232,0,0,0,49.98,1.0,2025-01-24 01:49:04.000,2025-01-24 01:49:04.000,2025-01-24 01:49:04.000,49910611.0,25627.0,62716132,-116.0,92
3623178,37,2025-01-24 02:00:03,WITEL_AHU_L8,35944500.0,230,230,232,0,0,0,50.0,1.0,2025-01-24 01:59:13.000,2025-01-24 01:59:13.000,2025-01-24 01:59:13.000,49910611.0,25627.0,62716132,-102.0,92
3623201,37,2025-01-24 02:10:03,WITEL_AHU_L8,35944500.0,230,230,232,0,0,0,49.97,1.0,2025-01-24 02:09:15.000,2025-01-24 02:09:15.000,2025-01-24 02:09:15.000,49910611.0,25627.0,62716132,-118.0,92
3623218,37,2025-01-24 02:20:03,WITEL_AHU_L8,35944500.0,231,231,233,0,0,0,49.99,1.0,2025-01-24 02:19:07.000,2025-01-24 02:19:07.000,2025-01-24 02:19:07.000,49910611.0,25627.0,62716132,-121.0,92
3623239,37,2025-01-24 02:30:03,WITEL_AHU_L8,35944500.0,228,228,230,0,0,0,49.99,1.0,2025-01-24 02:29:01.000,2025-01-24 02:29:01.000,2025-01-24 02:29:01.000,49910611.0,25627.0,62716132,-101.0,92
3623265,37,2025-01-24 02:40:03,WITEL_AHU_L8,35944500.0,229,228,230,0,0,0,50.02,1.0,2025-01-24 02:39:10.000,2025-01-24 02:39:10.000,2025-01-24 02:39:10.000,49910611.0,25627.0,62716132,-105.0,92
3623283,37,2025-01-24 02:50:03,WITEL_AHU_L8,35944500.0,229,228,231,0,0,0,50.0,1.0,2025-01-24 02:49:06.000,2025-01-24 02:49:06.000,2025-01-24 02:49:06.000,49910611.0,25627.0,62716132,-119.0,92
3623359,37,2025-01-24 03:20:03,WITEL_AHU_L8,35944500.0,229,229,231,0,0,0,49.97,1.0,2025-01-24 03:19:13.000,2025-01-24 03:19:13.000,2025-01-24 03:19:13.000,49910611.0,25627.0,62716132,-101.0,92
3623383,37,2025-01-24 03:30:03,WITEL_AHU_L8,35944500.0,229,229,231,0,0,0,49.97,1.0,2025-01-24 03:29:14.000,2025-01-24 03:29:14.000,2025-01-24 03:29:14.000,49910611.0,25627.0,62716132,-119.0,92
3623429,37,2025-01-24 03:50:03,WITEL_AHU_L8,35944500.0,229,229,231,0,0,0,50.0,1.0,2025-01-24 03:49:21.000,2025-01-24 03:49:21.000,2025-01-24 03:49:21.000,49910611.0,25627.0,62716132,-102.0,92
3623439,37,2025-01-24 04:00:03,WITEL_AHU_L8,35944500.0,229,229,231,0,0,0,49.99,1.0,2025-01-24 03:59:02.000,2025-01-24 03:59:02.000,2025-01-24 03:59:02.000,49910611.0,25627.0,62716132,-118.0,92
3623473,37,2025-01-24 04:10:03,WITEL_AHU_L8,35944500.0,229,229,231,0,0,0,49.99,1.0,2025-01-24 04:09:15.000,2025-01-24 04:09:15.000,2025-01-24 04:09:15.000,49910611.0,25627.0,62716132,-103.0,92
3623511,37,2025-01-24 04:30:03,WITEL_AHU_L8,35944500.0,229,229,231,0,0,0,50.0,1.0,2025-01-24 04:29:08.000,2025-01-24 04:29:08.000,2025-01-24 04:29:08.000,49910611.0,25627.0,62716132,-101.0,92
3623538,37,2025-01-24 04:40:03,WITEL_AHU_L8,35944500.0,229,228,231,0,0,0,50.0,1.0,2025-01-24 04:39:12.000,2025-01-24 04:39:12.000,2025-01-24 04:39:12.000,49910611.0,25627.0,62716132,-119.0,92
3623564,37,2025-01-24 04:50:03,WITEL_AHU_L8,35944500.0,228,228,230,0,0,0,49.96,1.0,2025-01-24 04:49:13.000,2025-01-24 04:49:13.000,2025-01-24 04:49:13.000,49910611.0,25627.0,62716132,-113.0,92
3623630,37,2025-01-24 05:20:03,WITEL_AHU_L8,35944500.0,227,227,229,0,0,0,50.01,1.0,2025-01-24 05:19:11.000,2025-01-24 05:19:11.000,2025-01-24 05:19:11.000,49910611.0,25627.0,62716132,-99.0,92
3623654,37,2025-01-24 05:30:03,WITEL_AHU_L8,35944500.0,227,227,228,0,0,0,50.01,1.0,2025-01-24 05:29:15.000,2025-01-24 05:29:15.000,2025-01-24 05:29:15.000,49910611.0,25627.0,62716132,-102.0,92
3623677,37,2025-01-24 05:40:03,WITEL_AHU_L8,35944500.0,227,226,228,0,0,0,49.97,1.0,2025-01-24 05:39:17.000,2025-01-24 05:39:17.000,2025-01-24 05:39:17.000,49910611.0,25627.0,62716132,-119.0,92
3623695,37,2025-01-24 05:50:03,WITEL_AHU_L8,35944500.0,226,226,228,0,0,0,50.0,1.0,2025-01-24 05:49:10.000,2025-01-24 05:49:10.000,2025-01-24 05:49:10.000,49910611.0,25627.0,62716132,-116.0,92
3623725,37,2025-01-24 06:00:03,WITEL_AHU_L8,35944500.0,226,226,227,0,0,0,50.02,1.0,2025-01-24 05:59:21.000,2025-01-24 05:59:21.000,2025-01-24 05:59:21.000,49910611.0,25627.0,62716132,-102.0,92
3623746,37,2025-01-24 06:10:03,WITEL_AHU_L8,35944500.0,225,225,227,0,0,0,49.98,1.0,2025-01-24 06:09:17.000,2025-01-24 06:09:17.000,2025-01-24 06:09:17.000,49910611.0,25627.0,62716132,-111.0,92
3623759,37,2025-01-24 06:20:03,WITEL_AHU_L8,35944500.0,227,226,228,0,0,0,50.0,1.0,2025-01-24 06:19:03.000,2025-01-24 06:19:03.000,2025-01-24 06:19:03.000,49910611.0,25627.0,62716132,-118.0,92
3623783,37,2025-01-24 06:30:03,WITEL_AHU_L8,35944500.0,227,226,228,0,0,0,50.02,1.0,2025-01-24 06:29:01.000,2025-01-24 06:29:01.000,2025-01-24 06:29:01.000,49910611.0,25627.0,62716132,-119.0,92
3623816,37,2025-01-24 06:40:03,WITEL_AHU_L8,35944500.0,226,226,228,0,0,0,50.04,1.0,2025-01-24 06:39:16.000,2025-01-24 06:39:16.000,2025-01-24 06:39:16.000,49910611.0,25627.0,62716132,-107.0,92
3623830,37,2025-01-24 06:50:03,WITEL_AHU_L8,35944500.0,226,225,227,0,0,0,50.01,1.0,2025-01-24 06:49:04.000,2025-01-24 06:49:04.000,2025-01-24 06:49:04.000,49910611.0,25627.0,62716132,-113.0,92
3623889,37,2025-01-24 07:10:03,WITEL_AHU_L8,35944500.0,225,224,226,0,0,0,50.03,1.0,2025-01-24 07:09:15.000,2025-01-24 07:09:15.000,2025-01-24 07:09:15.000,49910611.0,25627.0,62716132,-117.0,92
3623913,37,2025-01-24 07:20:03,WITEL_AHU_L8,35944500.0,227,226,228,0,0,0,50.04,1.0,2025-01-24 07:19:19.000,2025-01-24 07:19:19.000,2025-01-24 07:19:19.000,49910611.0,25627.0,62716132,-102.0,92
3623938,37,2025-01-24 07:30:03,WITEL_AHU_L8,35944500.0,226,225,227,0,0,0,50.02,1.0,2025-01-24 07:29:18.000,2025-01-24 07:29:18.000,2025-01-24 07:29:18.000,49910611.0,25627.0,62716132,-101.0,92
3623980,37,2025-01-24 07:43:47,WITEL_AHU_L8,35944500.0,222,221,224,0,0,0,50.05,1.0,2025-01-24 07:42:53.000,2025-01-24 07:42:53.000,2025-01-24 07:42:53.000,49910611.0,25627.0,62716132,-101.0,92
3623999,37,2025-01-24 07:50:03,WITEL_AHU_L8,35944500.0,223,223,225,0,0,0,49.99,1.0,2025-01-24 07:49:21.000,2025-01-24 07:49:21.000,2025-01-24 07:49:21.000,49910611.0,25627.0,62716132,-117.0,92
3624046,37,2025-01-24 08:20:03,WITEL_AHU_L8,35944500.0,224,223,225,0,0,0,50.05,1.0,2025-01-24 08:19:14.000,2025-01-24 08:19:14.000,2025-01-24 08:19:14.000,49910611.0,25627.0,62716132,-115.0,92
3624070,37,2025-01-24 08:30:03,WITEL_AHU_L8,35944500.0,224,223,225,0,0,0,50.04,1.0,2025-01-24 08:29:16.000,2025-01-24 08:29:16.000,2025-01-24 08:29:16.000,49910611.0,25627.0,62716132,-115.0,92
3624091,37,2025-01-24 08:40:03,WITEL_AHU_L8,35944500.0,223,222,224,0,0,0,49.99,1.0,2025-01-24 08:39:20.000,2025-01-24 08:39:20.000,2025-01-24 08:39:20.000,49910611.0,25627.0,62716132,-115.0,92
3624104,37,2025-01-24 08:50:03,WITEL_AHU_L8,35944500.0,223,222,224,0,0,0,50.04,1.0,2025-01-24 08:49:04.000,2025-01-24 08:49:04.000,2025-01-24 08:49:04.000,49910611.0,25627.0,62716132,-109.0,92
3624132,37,2025-01-24 09:00:03,WITEL_AHU_L8,35944500.0,224,223,226,0,0,0,50.04,1.0,2025-01-24 08:59:14.000,2025-01-24 08:59:14.000,2025-01-24 08:59:14.000,49910611.0,25627.0,62716132,-115.0,92
3624148,37,2025-01-24 09:10:03,WITEL_AHU_L8,35944500.0,224,223,226,0,0,0,50.03,1.0,2025-01-24 09:09:04.000,2025-01-24 09:09:04.000,2025-01-24 09:09:04.000,49910611.0,25627.0,62716132,-102.0,92
3624169,37,2025-01-24 09:20:03,WITEL_AHU_L8,35944500.0,224,223,225,0,0,0,49.99,1.0,2025-01-24 09:19:09.000,2025-01-24 09:19:09.000,2025-01-24 09:19:09.000,49910611.0,25627.0,62716132,-115.0,92
3624193,37,2025-01-24 09:30:03,WITEL_AHU_L8,35944500.0,223,222,224,0,0,0,50.04,1.0,2025-01-24 09:29:13.000,2025-01-24 09:29:13.000,2025-01-24 09:29:13.000,49910611.0,25627.0,62716132,-105.0,92
3624230,37,2025-01-24 09:50:03,WITEL_AHU_L8,35944500.0,223,222,224,0,0,0,49.99,1.0,2025-01-24 09:48:59.000,2025-01-24 09:48:59.000,2025-01-24 09:48:59.000,49910611.0,25627.0,62716132,-117.0,92
3624253,37,2025-01-24 10:00:03,WITEL_AHU_L8,35944500.0,222,222,224,0,0,0,50.0,1.0,2025-01-24 09:59:04.000,2025-01-24 09:59:04.000,2025-01-24 09:59:04.000,49910611.0,25627.0,62716132,-121.0,92
3624303,37,2025-01-24 10:20:03,WITEL_AHU_L8,35944500.0,224,223,226,0,0,0,49.97,1.0,2025-01-24 10:19:18.000,2025-01-24 10:19:18.000,2025-01-24 10:19:18.000,49910611.0,25627.0,62716132,-103.0,92
3624324,37,2025-01-24 10:30:03,WITEL_AHU_L8,35944500.0,224,223,225,0,0,0,49.97,1.0,2025-01-24 10:29:13.000,2025-01-24 10:29:13.000,2025-01-24 10:29:13.000,49910611.0,25627.0,62716132,-107.0,92
3624340,37,2025-01-24 10:40:03,WITEL_AHU_L8,35944500.0,224,224,226,0,0,0,49.98,1.0,2025-01-24 10:39:02.000,2025-01-24 10:39:02.000,2025-01-24 10:39:02.000,49910611.0,25627.0,62716132,-117.0,92
3624365,37,2025-01-24 10:50:03,WITEL_AHU_L8,35944500.0,223,222,224,0,0,0,50.01,1.0,2025-01-24 10:49:02.000,2025-01-24 10:49:02.000,2025-01-24 10:49:02.000,49910611.0,25627.0,62716132,-106.0,92
3624395,37,2025-01-24 11:00:03,WITEL_AHU_L8,35944500.0,225,224,226,0,0,0,49.99,1.0,2025-01-24 10:59:17.000,2025-01-24 10:59:17.000,2025-01-24 10:59:17.000,49910611.0,25627.0,62716132,-117.0,92
3624432,37,2025-01-24 11:20:03,WITEL_AHU_L8,35944500.0,224,223,226,0,0,0,50.01,1.0,2025-01-24 11:19:11.000,2025-01-24 11:19:11.000,2025-01-24 11:19:11.000,49910611.0,25627.0,62716132,-101.0,92
3624456,37,2025-01-24 11:30:03,WITEL_AHU_L8,35944500.0,228,227,229,0,0,0,50.04,1.0,2025-01-24 11:29:12.000,2025-01-24 11:29:12.000,2025-01-24 11:29:12.000,49910611.0,25627.0,62716132,-120.0,92
3624479,37,2025-01-24 11:40:03,WITEL_AHU_L8,35944500.0,226,225,227,0,0,0,50.03,1.0,2025-01-24 11:39:12.000,2025-01-24 11:39:12.000,2025-01-24 11:39:12.000,49910611.0,25627.0,62716132,-117.0,92
3624494,37,2025-01-24 11:50:03,WITEL_AHU_L8,35944500.0,227,226,228,0,0,0,49.97,1.0,2025-01-24 11:49:04.000,2025-01-24 11:49:04.000,2025-01-24 11:49:04.000,49910611.0,25627.0,62716132,-103.0,92
3624516,37,2025-01-24 12:00:03,WITEL_AHU_L8,35944500.0,227,226,229,0,0,0,49.96,1.0,2025-01-24 11:59:13.000,2025-01-24 11:59:13.000,2025-01-24 11:59:13.000,49910611.0,25627.0,62716132,-101.0,92
3624548,37,2025-01-24 12:20:03,WITEL_AHU_L8,35944500.0,228,227,229,0,0,0,49.98,1.0,2025-01-24 12:19:01.000,2025-01-24 12:19:01.000,2025-01-24 12:19:01.000,49910611.0,25627.0,62716132,-117.0,92
3624577,37,2025-01-24 12:30:03,WITEL_AHU_L8,35944500.0,228,227,229,0,0,0,49.99,1.0,2025-01-24 12:29:13.000,2025-01-24 12:29:13.000,2025-01-24 12:29:13.000,49910611.0,25627.0,62716132,-101.0,92
3624596,37,2025-01-24 12:40:03,WITEL_AHU_L8,35944500.0,228,227,229,0,0,0,49.99,1.0,2025-01-24 12:39:03.000,2025-01-24 12:39:03.000,2025-01-24 12:39:03.000,49910611.0,25627.0,62716132,-120.0,92
3624629,37,2025-01-24 12:50:03,WITEL_AHU_L8,35944500.0,228,227,229,0,0,0,50.07,1.0,2025-01-24 12:49:21.000,2025-01-24 12:49:21.000,2025-01-24 12:49:21.000,49910611.0,25627.0,62716132,-120.0,92
3624638,37,2025-01-24 13:00:03,WITEL_AHU_L8,35944500.0,226,225,228,0,0,0,49.98,1.0,2025-01-24 12:59:01.000,2025-01-24 12:59:01.000,2025-01-24 12:59:01.000,49910611.0,25627.0,62716132,-118.0,92
3624659,37,2025-01-24 13:10:03,WITEL_AHU_L8,35944500.0,223,222,225,0,0,0,50.05,1.0,2025-01-24 13:09:00.000,2025-01-24 13:09:00.000,2025-01-24 13:09:00.000,49910611.0,25627.0,62716132,-117.0,92
3624705,37,2025-01-24 13:30:03,WITEL_AHU_L8,35944500.0,225,224,226,0,0,0,50.07,1.0,2025-01-24 13:29:03.000,2025-01-24 13:29:03.000,2025-01-24 13:29:03.000,49910611.0,25627.0,62716132,-120.0,92
3624726,37,2025-01-24 13:40:03,WITEL_AHU_L8,35944500.0,224,223,225,0,0,0,50.0,1.0,2025-01-24 13:39:09.000,2025-01-24 13:39:09.000,2025-01-24 13:39:09.000,49910611.0,25627.0,62716132,-117.0,92
3624753,37,2025-01-24 13:50:03,WITEL_AHU_L8,35944500.0,224,223,225,0,0,0,50.01,1.0,2025-01-24 13:49:20.000,2025-01-24 13:49:20.000,2025-01-24 13:49:20.000,49910611.0,25627.0,62716132,-101.0,92
3624768,37,2025-01-24 14:00:03,WITEL_AHU_L8,35944500.0,224,223,226,0,0,0,50.05,1.0,2025-01-24 13:59:08.000,2025-01-24 13:59:08.000,2025-01-24 13:59:08.000,49910611.0,25627.0,62716132,-106.0,92
3624796,37,2025-01-24 14:10:03,WITEL_AHU_L8,35944500.0,224,223,225,0,0,0,49.99,1.0,2025-01-24 14:09:17.000,2025-01-24 14:09:17.000,2025-01-24 14:09:17.000,49910611.0,25627.0,62716132,-120.0,92
3624843,37,2025-01-24 14:30:03,WITEL_AHU_L8,35944500.0,223,223,225,0,0,0,50.03,1.0,2025-01-24 14:29:21.000,2025-01-24 14:29:21.000,2025-01-24 14:29:21.000,49910611.0,25627.0,62716132,-103.0,92
3624857,37,2025-01-24 14:40:03,WITEL_AHU_L8,35944500.0,224,223,226,0,0,0,50.04,1.0,2025-01-24 14:39:12.000,2025-01-24 14:39:12.000,2025-01-24 14:39:12.000,49910611.0,25627.0,62716132,-115.0,92
3624945,37,2025-01-24 15:20:03,WITEL_AHU_L8,35944500.0,225,224,226,0,0,0,49.97,1.0,2025-01-24 15:19:17.000,2025-01-24 15:19:17.000,2025-01-24 15:19:17.000,49910611.0,25627.0,62716132,-101.0,92
3624999,37,2025-01-24 15:43:41,WITEL_AHU_L8,35944500.0,225,224,227,0,0,0,50.01,1.0,2025-01-24 15:42:47.000,2025-01-24 15:42:47.000,2025-01-24 15:42:47.000,49910611.0,25627.0,62716132,-121.0,92
3625019,37,2025-01-24 15:50:03,WITEL_AHU_L8,35944500.0,225,224,226,0,0,0,49.97,1.0,2025-01-24 15:49:15.000,2025-01-24 15:49:15.000,2025-01-24 15:49:15.000,49910611.0,25627.0,62716132,-118.0,92
3625039,37,2025-01-24 16:00:03,WITEL_AHU_L8,35944500.0,226,225,228,0,0,0,50.03,1.0,2025-01-24 15:59:08.000,2025-01-24 15:59:08.000,2025-01-24 15:59:08.000,49910611.0,25627.0,62716132,-100.0,92
3625068,37,2025-01-24 16:10:03,WITEL_AHU_L8,35944500.0,227,226,228,0,0,0,50.02,1.0,2025-01-24 16:09:18.000,2025-01-24 16:09:18.000,2025-01-24 16:09:18.000,49910611.0,25627.0,62716132,-115.0,92
3625092,37,2025-01-24 16:20:03,WITEL_AHU_L8,35944500.0,227,226,229,0,0,0,50.03,1.0,2025-01-24 16:19:03.000,2025-01-24 16:19:03.000,2025-01-24 16:19:03.000,49910611.0,25627.0,62716132,-101.0,92
3625152,37,2025-01-24 16:30:03,WITEL_AHU_L8,35944500.0,228,227,229,0,0,0,50.01,1.0,2025-01-24 16:29:12.000,2025-01-24 16:29:12.000,2025-01-24 16:29:12.000,49910611.0,25627.0,62716132,-103.0,92
3625204,37,2025-01-24 16:40:03,WITEL_AHU_L8,35944500.0,230,229,231,0,0,0,49.97,1.0,2025-01-24 16:39:22.000,2025-01-24 16:39:22.000,2025-01-24 16:39:22.000,49910611.0,25627.0,62716132,-119.0,92
3625256,37,2025-01-24 16:50:03,WITEL_AHU_L8,35944500.0,228,227,229,0,0,0,49.98,1.0,2025-01-24 16:49:23.000,2025-01-24 16:49:23.000,2025-01-24 16:49:23.000,49910611.0,25627.0,62716132,-120.0,92
3625338,37,2025-01-24 17:10:03,WITEL_AHU_L8,35944500.0,230,229,231,0,0,0,50.01,1.0,2025-01-24 17:09:16.000,2025-01-24 17:09:16.000,2025-01-24 17:09:16.000,49910611.0,25627.0,62716132,-115.0,92
3625400,37,2025-01-24 17:20:03,WITEL_AHU_L8,35944500.0,230,229,231,0,0,0,49.96,1.0,2025-01-24 17:19:14.000,2025-01-24 17:19:14.000,2025-01-24 17:19:14.000,49910611.0,25627.0,62716132,-105.0,92
3625438,37,2025-01-24 17:30:03,WITEL_AHU_L8,35944500.0,228,227,229,0,0,0,49.96,1.0,2025-01-24 17:29:11.000,2025-01-24 17:29:11.000,2025-01-24 17:29:11.000,49910611.0,25627.0,62716132,-103.0,92
3625546,37,2025-01-24 17:50:03,WITEL_AHU_L8,35944500.0,229,228,230,0,0,0,50.0,1.0,2025-01-24 17:49:16.000,2025-01-24 17:49:16.000,2025-01-24 17:49:16.000,49910611.0,25627.0,62716132,-117.0,92
3625592,37,2025-01-24 18:00:03,WITEL_AHU_L8,35944500.0,230,229,231,0,0,0,50.03,1.0,2025-01-24 17:59:11.000,2025-01-24 17:59:11.000,2025-01-24 17:59:11.000,49910611.0,25627.0,62716132,-101.0,92
3625626,37,2025-01-24 18:10:03,WITEL_AHU_L8,35944500.0,229,228,230,0,0,0,50.05,1.0,2025-01-24 18:09:05.000,2025-01-24 18:09:05.000,2025-01-24 18:09:05.000,49910611.0,25627.0,62716132,-114.0,92
3625732,37,2025-01-24 18:30:03,WITEL_AHU_L8,35944500.0,229,228,230,0,0,0,50.03,1.0,2025-01-24 18:29:11.000,2025-01-24 18:29:11.000,2025-01-24 18:29:11.000,49910611.0,25627.0,62716132,-116.0,92
3625786,37,2025-01-24 18:40:03,WITEL_AHU_L8,35944500.0,229,229,231,0,0,0,50.03,1.0,2025-01-24 18:39:18.000,2025-01-24 18:39:18.000,2025-01-24 18:39:18.000,49910611.0,25627.0,62716132,-101.0,92
3625812,37,2025-01-24 18:50:03,WITEL_AHU_L8,35944500.0,229,229,231,0,0,0,50.01,1.0,2025-01-24 18:49:05.000,2025-01-24 18:49:05.000,2025-01-24 18:49:05.000,49910611.0,25627.0,62716132,-117.0,92
3626000,37,2025-01-24 19:30:03,WITEL_AHU_L8,35944500.0,228,228,230,0,0,0,49.99,1.0,2025-01-24 19:29:06.000,2025-01-24 19:29:06.000,2025-01-24 19:29:06.000,49910611.0,25627.0,62716132,-117.0,92
3626052,37,2025-01-24 19:40:03,WITEL_AHU_L8,35944500.0,228,228,230,0,0,0,50.04,1.0,2025-01-24 19:39:09.000,2025-01-24 19:39:09.000,2025-01-24 19:39:09.000,49910611.0,25627.0,62716132,-119.0,92
3626104,37,2025-01-24 19:50:03,WITEL_AHU_L8,35944500.0,228,228,230,0,0,0,49.99,1.0,2025-01-24 19:49:10.000,2025-01-24 19:49:10.000,2025-01-24 19:49:10.000,49910611.0,25627.0,62716132,-118.0,92
3626154,37,2025-01-24 20:00:03,WITEL_AHU_L8,35944500.0,228,228,230,0,0,0,50.01,1.0,2025-01-24 19:59:14.000,2025-01-24 19:59:14.000,2025-01-24 19:59:14.000,49910611.0,25627.0,62716132,-118.0,92
3626294,37,2025-01-24 20:30:03,WITEL_AHU_L8,35944500.0,227,226,228,0,0,0,50.04,1.0,2025-01-24 20:29:14.000,2025-01-24 20:29:14.000,2025-01-24 20:29:14.000,49910611.0,25627.0,62716132,-118.0,92
3626378,37,2025-01-24 20:50:03,WITEL_AHU_L8,35944500.0,226,225,227,0,0,0,50.03,1.0,2025-01-24 20:49:09.000,2025-01-24 20:49:09.000,2025-01-24 20:49:09.000,49910611.0,25627.0,62716132,-119.0,92
3626434,37,2025-01-24 21:00:03,WITEL_AHU_L8,35944500.0,226,225,227,0,0,0,50.02,1.0,2025-01-24 20:59:09.000,2025-01-24 20:59:09.000,2025-01-24 20:59:09.000,49910611.0,25627.0,62716132,-112.0,92
3626484,37,2025-01-24 21:10:03,WITEL_AHU_L8,35944500.0,226,226,228,0,0,0,50.03,1.0,2025-01-24 21:09:14.000,2025-01-24 21:09:14.000,2025-01-24 21:09:14.000,49910611.0,25627.0,62716132,-115.0,92
3626536,37,2025-01-24 21:20:03,WITEL_AHU_L8,35944500.0,226,226,228,0,0,0,49.99,1.0,2025-01-24 21:19:09.000,2025-01-24 21:19:09.000,2025-01-24 21:19:09.000,49910611.0,25627.0,62716132,-117.0,92
3626590,37,2025-01-24 21:30:03,WITEL_AHU_L8,35944500.0,226,226,228,0,0,0,50.03,1.0,2025-01-24 21:29:15.000,2025-01-24 21:29:15.000,2025-01-24 21:29:15.000,49910611.0,25627.0,62716132,-119.0,92
3626614,37,2025-01-24 21:40:03,WITEL_AHU_L8,35944500.0,227,226,228,0,0,0,50.03,1.0,2025-01-24 21:39:04.000,2025-01-24 21:39:04.000,2025-01-24 21:39:04.000,49910611.0,25627.0,62716132,-112.0,92
3626684,37,2025-01-24 21:50:03,WITEL_AHU_L8,35944500.0,226,226,228,0,0,0,50.06,1.0,2025-01-24 21:49:15.000,2025-01-24 21:49:15.000,2025-01-24 21:49:15.000,49910611.0,25627.0,62716132,-101.0,92
3626730,37,2025-01-24 22:00:03,WITEL_AHU_L8,35944500.0,227,226,228,0,0,0,50.06,1.0,2025-01-24 21:59:11.000,2025-01-24 21:59:11.000,2025-01-24 21:59:11.000,49910611.0,25627.0,62716132,-101.0,92
3626776,37,2025-01-24 22:10:03,WITEL_AHU_L8,35944500.0,227,226,229,0,0,0,50.01,1.0,2025-01-24 22:09:20.000,2025-01-24 22:09:20.000,2025-01-24 22:09:20.000,49910611.0,25627.0,62716132,-116.0,92
3626816,37,2025-01-24 22:20:02,WITEL_AHU_L8,35944500.0,227,227,229,0,0,0,50.05,1.0,2025-01-24 22:19:12.000,2025-01-24 22:19:12.000,2025-01-24 22:19:12.000,49910611.0,25627.0,62716132,-121.0,92
3626854,37,2025-01-24 22:30:02,WITEL_AHU_L8,35944500.0,228,227,229,0,0,0,50.05,1.0,2025-01-24 22:29:04.000,2025-01-24 22:29:04.000,2025-01-24 22:29:04.000,49910611.0,25627.0,62716132,-115.0,92
3626918,37,2025-01-24 22:40:02,WITEL_AHU_L8,35944500.0,228,227,229,0,0,0,50.03,1.0,2025-01-24 22:39:06.000,2025-01-24 22:39:06.000,2025-01-24 22:39:06.000,49910611.0,25627.0,62716132,-119.0,92
3626972,37,2025-01-24 22:50:02,WITEL_AHU_L8,35944500.0,228,228,230,0,0,0,50.08,1.0,2025-01-24 22:49:18.000,2025-01-24 22:49:18.000,2025-01-24 22:49:18.000,49910611.0,25627.0,62716132,-119.0,92
3627010,37,2025-01-24 23:00:02,WITEL_AHU_L8,35944500.0,229,228,230,0,0,0,50.05,1.0,2025-01-24 22:59:04.000,2025-01-24 22:59:04.000,2025-01-24 22:59:04.000,49910611.0,25627.0,62716132,-113.0,92
3627076,37,2025-01-24 23:10:03,WITEL_AHU_L8,35944500.0,228,228,230,0,0,0,50.03,1.0,2025-01-24 23:09:10.000,2025-01-24 23:09:10.000,2025-01-24 23:09:10.000,49910611.0,25627.0,62716132,-117.0,92
3627136,37,2025-01-24 23:20:03,WITEL_AHU_L8,35944500.0,228,228,230,0,0,0,50.0,1.0,2025-01-24 23:19:13.000,2025-01-24 23:19:13.000,2025-01-24 23:19:13.000,49910611.0,25627.0,62716132,-102.0,92
3627228,37,2025-01-24 23:39:30,WITEL_AHU_L8,35944500.0,229,228,230,0,0,0,50.05,1.0,2025-01-24 23:38:37.000,2025-01-24 23:38:37.000,2025-01-24 23:38:37.000,49910611.0,25627.0,62716132,-105.0,92
3627242,37,2025-01-24 23:40:03,WITEL_AHU_L8,35944500.0,229,228,230,0,0,0,50.05,1.0,2025-01-24 23:39:05.000,2025-01-24 23:39:05.000,2025-01-24 23:39:05.000,49910611.0,25627.0,62716132,-119.0,92
3627298,37,2025-01-24 23:50:03,WITEL_AHU_L8,35944500.0,229,228,230,0,0,0,50.06,1.0,2025-01-24 23:49:07.000,2025-01-24 23:49:07.000,2025-01-24 23:49:07.000,49910611.0,25627.0,62716132,-116.0,92
3627360,37,2025-01-25 00:00:03,WITEL_AHU_L8,35944500.0,229,229,231,0,0,0,50.05,1.0,2025-01-24 23:59:22.000,2025-01-24 23:59:22.000,2025-01-24 23:59:22.000,49910611.0,25627.0,62716132,-100.0,92
3627406,37,2025-01-25 00:10:03,WITEL_AHU_L8,35944500.0,229,229,231,0,0,0,49.98,1.0,2025-01-25 00:09:21.000,2025-01-25 00:09:21.000,2025-01-25 00:09:21.000,49910611.0,25627.0,62716132,-120.0,92
3627448,37,2025-01-25 00:20:03,WITEL_AHU_L8,35944500.0,229,229,231,0,0,0,50.01,1.0,2025-01-25 00:19:17.000,2025-01-25 00:19:17.000,2025-01-25 00:19:17.000,49910611.0,25627.0,62716132,-98.0,92
3627506,37,2025-01-25 00:30:03,WITEL_AHU_L8,35944500.0,229,229,231,0,0,0,50.03,1.0,2025-01-25 00:29:20.000,2025-01-25 00:29:20.000,2025-01-25 00:29:20.000,49910611.0,25627.0,62716132,-118.0,92
3627590,37,2025-01-25 00:50:03,WITEL_AHU_L8,35944500.0,230,230,232,0,0,0,50.0,1.0,2025-01-25 00:49:18.000,2025-01-25 00:49:18.000,2025-01-25 00:49:18.000,49910611.0,25627.0,62716132,-109.0,92
3627648,37,2025-01-25 01:00:03,WITEL_AHU_L8,35944500.0,230,230,232,0,0,0,50.06,1.0,2025-01-25 00:59:19.000,2025-01-25 00:59:19.000,2025-01-25 00:59:19.000,49910611.0,25627.0,62716132,-100.0,92
3627684,37,2025-01-25 01:10:03,WITEL_AHU_L8,35944500.0,230,229,232,0,0,0,50.02,1.0,2025-01-25 01:09:12.000,2025-01-25 01:09:12.000,2025-01-25 01:09:12.000,49910611.0,25627.0,62716132,-105.0,92
3627784,37,2025-01-25 01:30:03,WITEL_AHU_L8,35944500.0,230,230,232,0,0,0,50.01,1.0,2025-01-25 01:32:31.000,2025-01-25 01:32:31.000,2025-01-25 01:32:31.000,49910611.0,25627.0,62716132,-113.0,92
3627848,37,2025-01-25 01:40:02,WITEL_AHU_L8,35944500.0,230,230,232,0,0,0,50.01,1.0,2025-01-25 01:39:22.000,2025-01-25 01:39:22.000,2025-01-25 01:39:22.000,49910611.0,25627.0,62716132,-101.0,92
3627896,37,2025-01-25 01:50:02,WITEL_AHU_L8,35944500.0,230,230,232,0,0,0,50.08,1.0,2025-01-25 01:49:20.000,2025-01-25 01:49:20.000,2025-01-25 01:49:20.000,49910611.0,25627.0,62716132,-118.0,92
3627940,37,2025-01-25 02:00:03,WITEL_AHU_L8,35944500.0,231,230,232,0,0,0,50.05,1.0,2025-01-25 01:59:13.000,2025-01-25 01:59:13.000,2025-01-25 01:59:13.000,49910611.0,25627.0,62716132,-97.0,92
3627980,37,2025-01-25 02:10:03,WITEL_AHU_L8,35944500.0,231,231,233,0,0,0,50.05,1.0,2025-01-25 02:09:09.000,2025-01-25 02:09:09.000,2025-01-25 02:09:09.000,49910611.0,25627.0,62716132,-119.0,92
3628026,37,2025-01-25 02:20:03,WITEL_AHU_L8,35944500.0,231,230,233,0,0,0,50.04,1.0,2025-01-25 02:19:08.000,2025-01-25 02:19:08.000,2025-01-25 02:19:08.000,49910611.0,25627.0,62716132,-97.0,92
3628074,37,2025-01-25 02:30:03,WITEL_AHU_L8,35944500.0,229,228,230,0,0,0,50.03,1.0,2025-01-25 02:29:07.000,2025-01-25 02:29:07.000,2025-01-25 02:29:07.000,49910611.0,25627.0,62716132,-113.0,92
3628172,37,2025-01-25 02:50:03,WITEL_AHU_L8,35944500.0,229,228,230,0,0,0,50.01,1.0,2025-01-25 02:49:05.000,2025-01-25 02:49:05.000,2025-01-25 02:49:05.000,49910611.0,25627.0,62716132,-105.0,92
3628208,37,2025-01-25 03:00:03,WITEL_AHU_L8,35944500.0,229,228,230,0,0,0,49.99,1.0,2025-01-25 02:59:01.000,2025-01-25 02:59:01.000,2025-01-25 02:59:01.000,49910611.0,25627.0,62716132,-100.0,92
3628274,37,2025-01-25 03:10:03,WITEL_AHU_L8,35944500.0,229,228,231,0,0,0,50.0,1.0,2025-01-25 03:09:14.000,2025-01-25 03:09:14.000,2025-01-25 03:09:14.000,49910611.0,25627.0,62716132,-103.0,92
3628368,37,2025-01-25 03:30:03,WITEL_AHU_L8,35944500.0,229,229,231,0,0,0,50.04,1.0,2025-01-25 03:29:15.000,2025-01-25 03:29:15.000,2025-01-25 03:29:15.000,49910611.0,25627.0,62716132,-114.0,92
3628454,37,2025-01-25 03:50:03,WITEL_AHU_L8,35944500.0,229,229,231,0,0,0,49.98,1.0,2025-01-25 03:49:04.000,2025-01-25 03:49:04.000,2025-01-25 03:49:04.000,49910611.0,25627.0,62716132,-118.0,92
3628558,37,2025-01-25 04:10:03,WITEL_AHU_L8,35944500.0,229,229,231,0,0,0,49.97,1.0,2025-01-25 04:09:11.000,2025-01-25 04:09:11.000,2025-01-25 04:09:11.000,49910611.0,25627.0,62716132,-102.0,92
3628600,37,2025-01-25 04:20:03,WITEL_AHU_L8,35944500.0,229,229,231,0,0,0,50.04,1.0,2025-01-25 04:19:06.000,2025-01-25 04:19:06.000,2025-01-25 04:19:06.000,49910611.0,25627.0,62716132,-98.0,92
3628650,37,2025-01-25 04:30:03,WITEL_AHU_L8,35944500.0,229,229,231,0,0,0,50.01,1.0,2025-01-25 04:29:10.000,2025-01-25 04:29:10.000,2025-01-25 04:29:10.000,49910611.0,25627.0,62716132,-105.0,92
3628692,37,2025-01-25 04:40:03,WITEL_AHU_L8,35944500.0,229,229,231,0,0,0,50.03,1.0,2025-01-25 04:39:03.000,2025-01-25 04:39:03.000,2025-01-25 04:39:03.000,49910611.0,25627.0,62716132,-113.0,92
3628762,37,2025-01-25 04:50:03,WITEL_AHU_L8,35944500.0,229,228,231,0,0,0,50.03,1.0,2025-01-25 04:49:20.000,2025-01-25 04:49:20.000,2025-01-25 04:49:20.000,49910611.0,25627.0,62716132,-115.0,92
3628798,37,2025-01-25 05:00:03,WITEL_AHU_L8,35944500.0,229,229,231,0,0,0,50.04,1.0,2025-01-25 04:59:18.000,2025-01-25 04:59:18.000,2025-01-25 04:59:18.000,49910611.0,25627.0,62716132,-101.0,92
3628832,37,2025-01-25 05:10:03,WITEL_AHU_L8,35944500.0,228,228,230,0,0,0,49.99,1.0,2025-01-25 05:09:16.000,2025-01-25 05:09:16.000,2025-01-25 05:09:16.000,49910611.0,25627.0,62716132,-109.0,92
3628882,37,2025-01-25 05:20:03,WITEL_AHU_L8,35944500.0,228,228,230,0,0,0,50.01,1.0,2025-01-25 05:19:12.000,2025-01-25 05:19:12.000,2025-01-25 05:19:12.000,49910611.0,25627.0,62716132,-101.0,92
3628934,37,2025-01-25 05:30:03,WITEL_AHU_L8,35944500.0,228,228,230,0,0,0,50.02,1.0,2025-01-25 05:29:21.000,2025-01-25 05:29:21.000,2025-01-25 05:29:21.000,49910611.0,25627.0,62716132,-107.0,92
3628962,37,2025-01-25 05:40:03,WITEL_AHU_L8,35944500.0,228,228,230,0,0,0,50.02,1.0,2025-01-25 05:39:00.000,2025-01-25 05:39:00.000,2025-01-25 05:39:00.000,49910611.0,25627.0,62716132,-118.0,92
3629012,37,2025-01-25 05:50:03,WITEL_AHU_L8,35944500.0,228,228,230,0,0,0,50.03,1.0,2025-01-25 05:49:04.000,2025-01-25 05:49:04.000,2025-01-25 05:49:04.000,49910611.0,25627.0,62716132,-102.0,92
3629146,37,2025-01-25 06:20:03,WITEL_AHU_L8,35944500.0,228,228,230,0,0,0,50.06,1.0,2025-01-25 06:19:03.000,2025-01-25 06:19:03.000,2025-01-25 06:19:03.000,49910611.0,25627.0,62716132,-118.0,92
3629204,37,2025-01-25 06:30:03,WITEL_AHU_L8,35944500.0,228,227,229,0,0,0,50.06,1.0,2025-01-25 06:29:11.000,2025-01-25 06:29:11.000,2025-01-25 06:29:11.000,49910611.0,25627.0,62716132,-116.0,92
3629318,37,2025-01-25 06:50:03,WITEL_AHU_L8,35944500.0,227,227,229,0,0,0,49.97,1.0,2025-01-25 06:49:18.000,2025-01-25 06:49:18.000,2025-01-25 06:49:18.000,49910611.0,25627.0,62716132,-103.0,92
3629368,37,2025-01-25 07:00:03,WITEL_AHU_L8,35944500.0,227,227,229,0,0,0,50.0,1.0,2025-01-25 06:59:16.000,2025-01-25 06:59:16.000,2025-01-25 06:59:16.000,49910611.0,25627.0,62716132,-100.0,92
3629396,37,2025-01-25 07:10:03,WITEL_AHU_L8,35944500.0,226,226,228,0,0,0,49.97,1.0,2025-01-25 07:09:03.000,2025-01-25 07:09:03.000,2025-01-25 07:09:03.000,49910611.0,25627.0,62716132,-116.0,92
3629510,37,2025-01-25 07:30:03,WITEL_AHU_L8,35944500.0,226,225,227,0,0,0,50.07,1.0,2025-01-25 07:29:15.000,2025-01-25 07:29:15.000,2025-01-25 07:29:15.000,49910611.0,25627.0,62716132,-120.0,92
3629544,37,2025-01-25 07:36:25,WITEL_AHU_L8,35944500.0,225,225,227,0,0,0,50.0,1.0,2025-01-25 07:35:28.000,2025-01-25 07:35:28.000,2025-01-25 07:35:28.000,49910611.0,25627.0,62716132,-115.0,92
3629722,37,2025-01-25 08:10:03,WITEL_AHU_L8,35944500.0,226,225,227,0,0,0,49.97,1.0,2025-01-25 08:09:01.000,2025-01-25 08:09:01.000,2025-01-25 08:09:01.000,49910611.0,25627.0,62716132,-98.0,92
3629776,37,2025-01-25 08:20:03,WITEL_AHU_L8,35944500.0,227,227,229,0,0,0,49.96,1.0,2025-01-25 08:19:05.000,2025-01-25 08:19:05.000,2025-01-25 08:19:05.000,49910611.0,25627.0,62716132,-119.0,92
3629830,37,2025-01-25 08:30:03,WITEL_AHU_L8,35944500.0,226,226,228,0,0,0,49.97,1.0,2025-01-25 08:29:09.000,2025-01-25 08:29:09.000,2025-01-25 08:29:09.000,49910611.0,25627.0,62716132,-119.0,92
3629928,37,2025-01-25 08:50:03,WITEL_AHU_L8,35944500.0,226,225,227,0,0,0,50.04,1.0,2025-01-25 08:49:08.000,2025-01-25 08:49:08.000,2025-01-25 08:49:08.000,49910611.0,25627.0,62716132,-117.0,92
3629968,37,2025-01-25 09:00:03,WITEL_AHU_L8,35944500.0,225,225,227,0,0,0,50.07,1.0,2025-01-25 08:59:02.000,2025-01-25 08:59:02.000,2025-01-25 08:59:02.000,49910611.0,25627.0,62716132,-100.0,92
3630066,37,2025-01-25 09:20:03,WITEL_AHU_L8,35944500.0,227,227,228,0,0,0,49.98,1.0,2025-01-25 09:19:08.000,2025-01-25 09:19:08.000,2025-01-25 09:19:08.000,49910611.0,25627.0,62716132,-119.0,92
3630112,37,2025-01-25 09:30:03,WITEL_AHU_L8,35944500.0,227,226,228,0,0,0,50.06,1.0,2025-01-25 09:29:05.000,2025-01-25 09:29:05.000,2025-01-25 09:29:05.000,49910611.0,25627.0,62716132,-99.0,92
3630186,37,2025-01-25 09:40:03,WITEL_AHU_L8,35944500.0,227,226,228,0,0,0,50.05,1.0,2025-01-25 09:39:17.000,2025-01-25 09:39:17.000,2025-01-25 09:39:17.000,49910611.0,25627.0,62716132,-115.0,92
3630210,37,2025-01-25 09:50:03,WITEL_AHU_L8,35944500.0,227,226,228,0,0,0,50.05,1.0,2025-01-25 09:49:06.000,2025-01-25 09:49:06.000,2025-01-25 09:49:06.000,49910611.0,25627.0,62716132,-115.0,92
3630276,37,2025-01-25 10:00:03,WITEL_AHU_L8,35944500.0,226,225,227,0,0,0,49.96,1.0,2025-01-25 09:59:08.000,2025-01-25 09:59:08.000,2025-01-25 09:59:08.000,49910611.0,25627.0,62716132,-109.0,92
3630344,37,2025-01-25 10:10:03,WITEL_AHU_L8,35944500.0,226,226,228,0,0,0,50.05,1.0,2025-01-25 10:09:19.000,2025-01-25 10:09:19.000,2025-01-25 10:09:19.000,49910611.0,25627.0,62716132,-117.0,92
3630382,37,2025-01-25 10:20:03,WITEL_AHU_L8,35944500.0,226,226,227,0,0,0,50.01,1.0,2025-01-25 10:19:08.000,2025-01-25 10:19:08.000,2025-01-25 10:19:08.000,49910611.0,25627.0,62716132,-118.0,92
3630520,37,2025-01-25 10:50:03,WITEL_AHU_L8,35944500.0,226,225,227,0,0,0,49.96,1.0,2025-01-25 10:49:02.000,2025-01-25 10:49:02.000,2025-01-25 10:49:02.000,49910611.0,25627.0,62716132,-99.0,92
3630594,37,2025-01-25 11:00:03,WITEL_AHU_L8,35944500.0,226,226,227,0,0,0,50.02,1.0,2025-01-25 10:59:18.000,2025-01-25 10:59:18.000,2025-01-25 10:59:18.000,49910611.0,25627.0,62716132,-100.0,92
3630624,37,2025-01-25 11:10:02,WITEL_AHU_L8,35944500.0,226,225,227,0,0,0,50.0,1.0,2025-01-25 11:09:04.000,2025-01-25 11:09:04.000,2025-01-25 11:09:04.000,49910611.0,25627.0,62716132,-100.0,92
3630666,37,2025-01-25 11:20:03,WITEL_AHU_L8,35944500.0,226,226,227,0,0,0,50.05,1.0,2025-01-25 11:19:00.000,2025-01-25 11:19:00.000,2025-01-25 11:19:00.000,49910611.0,25627.0,62716132,-120.0,92
3630740,37,2025-01-25 11:30:03,WITEL_AHU_L8,35944500.0,226,226,227,0,0,0,50.06,1.0,2025-01-25 11:29:14.000,2025-01-25 11:29:14.000,2025-01-25 11:29:14.000,49910611.0,25627.0,62716132,-102.0,92
3630812,37,2025-01-25 11:40:03,WITEL_AHU_L8,35944500.0,227,226,228,0,0,0,50.03,1.0,2025-01-25 11:39:21.000,2025-01-25 11:39:21.000,2025-01-25 11:39:21.000,49910611.0,25627.0,62716132,-100.0,92
3630832,37,2025-01-25 11:50:03,WITEL_AHU_L8,35944500.0,227,227,228,0,0,0,50.03,1.0,2025-01-25 11:49:02.000,2025-01-25 11:49:02.000,2025-01-25 11:49:02.000,49910611.0,25627.0,62716132,-99.0,92
3630946,37,2025-01-25 12:10:03,WITEL_AHU_L8,35944500.0,229,228,230,0,0,0,50.04,1.0,2025-01-25 12:09:18.000,2025-01-25 12:09:18.000,2025-01-25 12:09:18.000,49910611.0,25627.0,62716132,-102.0,92
3631022,37,2025-01-25 12:30:03,WITEL_AHU_L8,35944500.0,229,228,230,0,0,0,49.99,1.0,2025-01-25 12:29:08.000,2025-01-25 12:29:08.000,2025-01-25 12:29:08.000,49910611.0,25627.0,62716132,-119.0,92
3631138,37,2025-01-25 12:50:03,WITEL_AHU_L8,35944500.0,229,228,230,0,0,0,50.01,1.0,2025-01-25 12:49:17.000,2025-01-25 12:49:17.000,2025-01-25 12:49:17.000,49910611.0,25627.0,62716132,-117.0,92
3631184,37,2025-01-25 13:00:03,WITEL_AHU_L8,35944500.0,228,228,230,0,0,0,49.99,1.0,2025-01-25 12:59:10.000,2025-01-25 12:59:10.000,2025-01-25 12:59:10.000,49910611.0,25627.0,62716132,-120.0,92
3631242,37,2025-01-25 13:10:03,WITEL_AHU_L8,35944500.0,228,228,229,0,0,0,49.99,1.0,2025-01-25 13:09:20.000,2025-01-25 13:09:20.000,2025-01-25 13:09:20.000,49910611.0,25627.0,62716132,-120.0,92
3631270,37,2025-01-25 13:20:03,WITEL_AHU_L8,35944500.0,228,227,229,0,0,0,50.0,1.0,2025-01-25 13:19:01.000,2025-01-25 13:19:01.000,2025-01-25 13:19:01.000,49910611.0,25627.0,62716132,-120.0,92
3631340,37,2025-01-25 13:30:03,WITEL_AHU_L8,35944500.0,227,227,229,0,0,0,50.01,1.0,2025-01-25 13:29:10.000,2025-01-25 13:29:10.000,2025-01-25 13:29:10.000,49910611.0,25627.0,62716132,-117.0,92
3631442,37,2025-01-25 13:50:03,WITEL_AHU_L8,35944500.0,228,228,229,0,0,0,50.0,1.0,2025-01-25 13:49:16.000,2025-01-25 13:49:16.000,2025-01-25 13:49:16.000,49910611.0,25627.0,62716132,-117.0,92
3631528,37,2025-01-25 14:10:03,WITEL_AHU_L8,35944500.0,228,228,230,0,0,0,50.04,1.0,2025-01-25 14:09:03.000,2025-01-25 14:09:03.000,2025-01-25 14:09:03.000,49910611.0,25627.0,62716132,-119.0,92
3631590,37,2025-01-25 14:20:03,WITEL_AHU_L8,35944500.0,229,228,230,0,0,0,50.05,1.0,2025-01-25 14:19:10.000,2025-01-25 14:19:10.000,2025-01-25 14:19:10.000,49910611.0,25627.0,62716132,-118.0,92
3631636,37,2025-01-25 14:30:03,WITEL_AHU_L8,35944500.0,229,228,230,0,0,0,50.05,1.0,2025-01-25 14:29:15.000,2025-01-25 14:29:15.000,2025-01-25 14:29:15.000,49910611.0,25627.0,62716132,-117.0,92
3631688,37,2025-01-25 14:40:03,WITEL_AHU_L8,35944500.0,229,228,230,0,0,0,50.01,1.0,2025-01-25 14:39:18.000,2025-01-25 14:39:18.000,2025-01-25 14:39:18.000,49910611.0,25627.0,62716132,-111.0,92
3631780,37,2025-01-25 15:00:03,WITEL_AHU_L8,35944500.0,230,229,231,0,0,0,50.03,1.0,2025-01-25 14:59:06.000,2025-01-25 14:59:06.000,2025-01-25 14:59:06.000,49910611.0,25627.0,62716132,-100.0,92
3631834,37,2025-01-25 15:10:03,WITEL_AHU_L8,35944500.0,229,229,231,0,0,0,50.0,1.0,2025-01-25 15:09:15.000,2025-01-25 15:09:15.000,2025-01-25 15:09:15.000,49910611.0,25627.0,62716132,-118.0,92
3631928,37,2025-01-25 15:30:03,WITEL_AHU_L8,35944500.0,230,229,231,0,0,0,50.0,1.0,2025-01-25 15:29:09.000,2025-01-25 15:29:09.000,2025-01-25 15:29:09.000,49910611.0,25627.0,62716132,-97.0,92
3634404,37,2025-01-25 23:43:08,WITEL_AHU_L8,35944500.0,228,227,229,0,0,0,49.99,1.0,2025-01-25 23:42:24.000,2025-01-25 23:42:24.000,2025-01-25 23:42:24.000,49910611.0,25627.0,62716132,-116.0,92
3634420,37,2025-01-25 23:50:03,WITEL_AHU_L8,35944500.0,228,228,230,0,0,0,49.98,1.0,2025-01-25 23:49:04.000,2025-01-25 23:49:04.000,2025-01-25 23:49:04.000,49910611.0,25627.0,62716132,-100.0,92
3634464,37,2025-01-26 00:00:03,WITEL_AHU_L8,35944500.0,228,228,230,0,0,0,50.03,1.0,2025-01-25 23:59:06.000,2025-01-25 23:59:06.000,2025-01-25 23:59:06.000,49910611.0,25627.0,62716132,-108.0,92
3634510,37,2025-01-26 00:10:03,WITEL_AHU_L8,35944500.0,228,228,230,0,0,0,50.04,1.0,2025-01-26 00:09:02.000,2025-01-26 00:09:02.000,2025-01-26 00:09:02.000,49910611.0,25627.0,62716132,-101.0,92
3634578,37,2025-01-26 00:20:03,WITEL_AHU_L8,35944500.0,230,230,232,0,0,0,50.0,1.0,2025-01-26 00:19:20.000,2025-01-26 00:19:20.000,2025-01-26 00:19:20.000,49910611.0,25627.0,62716132,-108.0,92
3634646,37,2025-01-26 00:40:03,WITEL_AHU_L8,35944500.0,229,229,231,0,0,0,50.01,1.0,2025-01-26 00:39:04.000,2025-01-26 00:39:04.000,2025-01-26 00:39:04.000,49910611.0,25627.0,62716132,-119.0,92
3634696,37,2025-01-26 00:50:03,WITEL_AHU_L8,35944500.0,228,228,231,0,0,0,50.04,1.0,2025-01-26 00:49:12.000,2025-01-26 00:49:12.000,2025-01-26 00:49:12.000,49910611.0,25627.0,62716132,-118.0,92
3634740,37,2025-01-26 01:00:03,WITEL_AHU_L8,35944500.0,228,228,230,0,0,0,49.99,1.0,2025-01-26 00:59:08.000,2025-01-26 00:59:08.000,2025-01-26 00:59:08.000,49910611.0,25627.0,62716132,-109.0,92
3634830,37,2025-01-26 01:20:03,WITEL_AHU_L8,35944500.0,228,228,230,0,0,0,49.99,1.0,2025-01-26 01:19:08.000,2025-01-26 01:19:08.000,2025-01-26 01:19:08.000,49910611.0,25627.0,62716132,-119.0,92
3634870,37,2025-01-26 01:30:03,WITEL_AHU_L8,35944500.0,228,228,230,0,0,0,50.02,1.0,2025-01-26 01:32:01.000,2025-01-26 01:32:01.000,2025-01-26 01:32:01.000,49910611.0,25627.0,62716132,-99.0,92
3634906,37,2025-01-26 01:40:03,WITEL_AHU_L8,35944500.0,229,229,231,0,0,0,50.06,1.0,2025-01-26 01:39:06.000,2025-01-26 01:39:06.000,2025-01-26 01:39:06.000,49910611.0,25627.0,62716132,-102.0,92
3634944,37,2025-01-26 01:50:03,WITEL_AHU_L8,35944500.0,229,229,231,0,0,0,50.01,1.0,2025-01-26 01:49:02.000,2025-01-26 01:49:02.000,2025-01-26 01:49:02.000,49910611.0,25627.0,62716132,-120.0,92
3635000,37,2025-01-26 02:00:03,WITEL_AHU_L8,35944500.0,229,229,231,0,0,0,50.02,1.0,2025-01-26 01:59:12.000,2025-01-26 01:59:12.000,2025-01-26 01:59:12.000,49910611.0,25627.0,62716132,-101.0,92
3635024,37,2025-01-26 02:10:03,WITEL_AHU_L8,35944500.0,229,229,231,0,0,0,50.05,1.0,2025-01-26 02:09:01.000,2025-01-26 02:09:01.000,2025-01-26 02:09:01.000,49910611.0,25627.0,62716132,-117.0,92
3635080,37,2025-01-26 02:20:03,WITEL_AHU_L8,35944500.0,229,229,231,0,0,0,50.04,1.0,2025-01-26 02:19:12.000,2025-01-26 02:19:12.000,2025-01-26 02:19:12.000,49910611.0,25627.0,62716132,-115.0,92
3635126,37,2025-01-26 02:30:03,WITEL_AHU_L8,35944500.0,230,229,232,0,0,0,50.05,1.0,2025-01-26 02:29:13.000,2025-01-26 02:29:13.000,2025-01-26 02:29:13.000,49910611.0,25627.0,62716132,-101.0,92
3635164,37,2025-01-26 02:40:03,WITEL_AHU_L8,35944500.0,230,229,232,0,0,0,50.06,1.0,2025-01-26 02:39:10.000,2025-01-26 02:39:10.000,2025-01-26 02:39:10.000,49910611.0,25627.0,62716132,-102.0,92
3635202,37,2025-01-26 02:50:03,WITEL_AHU_L8,35944500.0,230,230,232,0,0,0,50.05,1.0,2025-01-26 02:49:11.000,2025-01-26 02:49:11.000,2025-01-26 02:49:11.000,49910611.0,25627.0,62716132,-119.0,92
3635242,37,2025-01-26 03:00:03,WITEL_AHU_L8,35944500.0,230,230,232,0,0,0,50.04,1.0,2025-01-26 02:59:11.000,2025-01-26 02:59:11.000,2025-01-26 02:59:11.000,49910611.0,25627.0,62716132,-117.0,92
3635320,37,2025-01-26 03:20:03,WITEL_AHU_L8,35944500.0,230,230,232,0,0,0,49.98,1.0,2025-01-26 03:19:07.000,2025-01-26 03:19:07.000,2025-01-26 03:19:07.000,49910611.0,25627.0,62716132,-120.0,92
3635358,37,2025-01-26 03:30:03,WITEL_AHU_L8,35944500.0,230,230,232,0,0,0,49.98,1.0,2025-01-26 03:29:02.000,2025-01-26 03:29:02.000,2025-01-26 03:29:02.000,49910611.0,25627.0,62716132,-101.0,92
3635400,37,2025-01-26 03:40:03,WITEL_AHU_L8,35944500.0,231,230,232,0,0,0,50.01,1.0,2025-01-26 03:39:05.000,2025-01-26 03:39:05.000,2025-01-26 03:39:05.000,49910611.0,25627.0,62716132,-118.0,92
3635490,37,2025-01-26 04:00:03,WITEL_AHU_L8,35944500.0,231,230,233,0,0,0,49.97,1.0,2025-01-26 03:59:15.000,2025-01-26 03:59:15.000,2025-01-26 03:59:15.000,49910611.0,25627.0,62716132,-120.0,92
3635574,37,2025-01-26 04:20:03,WITEL_AHU_L8,35944500.0,228,228,230,0,0,0,50.03,1.0,2025-01-26 04:19:14.000,2025-01-26 04:19:14.000,2025-01-26 04:19:14.000,49910611.0,25627.0,62716132,-119.0,92
3635662,37,2025-01-26 04:40:03,WITEL_AHU_L8,35944500.0,228,228,230,0,0,0,49.98,1.0,2025-01-26 04:39:15.000,2025-01-26 04:39:15.000,2025-01-26 04:39:15.000,49910611.0,25627.0,62716132,-115.0,92
3635730,37,2025-01-26 05:00:03,WITEL_AHU_L8,35944500.0,228,228,230,0,0,0,50.0,1.0,2025-01-26 04:59:02.000,2025-01-26 04:59:02.000,2025-01-26 04:59:02.000,49910611.0,25627.0,62716132,-107.0,92
3635822,37,2025-01-26 05:20:03,WITEL_AHU_L8,35944500.0,228,227,230,0,0,0,50.01,1.0,2025-01-26 05:19:07.000,2025-01-26 05:19:07.000,2025-01-26 05:19:07.000,49910611.0,25627.0,62716132,-117.0,92
3635864,37,2025-01-26 05:30:03,WITEL_AHU_L8,35944500.0,227,227,229,0,0,0,49.98,1.0,2025-01-26 05:29:07.000,2025-01-26 05:29:07.000,2025-01-26 05:29:07.000,49910611.0,25627.0,62716132,-119.0,92
3636000,37,2025-01-26 06:00:03,WITEL_AHU_L8,35944500.0,227,227,229,0,0,0,50.03,1.0,2025-01-26 05:59:14.000,2025-01-26 05:59:14.000,2025-01-26 05:59:14.000,49910611.0,25627.0,62716132,-117.0,92
3636052,37,2025-01-26 06:10:03,WITEL_AHU_L8,35944500.0,227,227,229,0,0,0,50.05,1.0,2025-01-26 06:09:15.000,2025-01-26 06:09:15.000,2025-01-26 06:09:15.000,49910611.0,25627.0,62716132,-117.0,92
3636142,37,2025-01-26 06:30:03,WITEL_AHU_L8,35944500.0,227,227,229,0,0,0,49.94,1.0,2025-01-26 06:29:10.000,2025-01-26 06:29:10.000,2025-01-26 06:29:10.000,49910611.0,25627.0,62716132,-120.0,92
3636176,37,2025-01-26 06:40:03,WITEL_AHU_L8,35944500.0,227,227,229,0,0,0,49.94,1.0,2025-01-26 06:39:02.000,2025-01-26 06:39:02.000,2025-01-26 06:39:02.000,49910611.0,25627.0,62716132,-102.0,92
3636234,37,2025-01-26 06:50:03,WITEL_AHU_L8,35944500.0,228,227,229,0,0,0,50.05,1.0,2025-01-26 06:49:15.000,2025-01-26 06:49:15.000,2025-01-26 06:49:15.000,49910611.0,25627.0,62716132,-101.0,92
3636268,37,2025-01-26 07:00:03,WITEL_AHU_L8,35944500.0,227,227,229,0,0,0,49.98,1.0,2025-01-26 06:59:09.000,2025-01-26 06:59:09.000,2025-01-26 06:59:09.000,49910611.0,25627.0,62716132,-119.0,92
3636352,37,2025-01-26 07:20:03,WITEL_AHU_L8,35944500.0,226,226,228,0,0,0,49.96,1.0,2025-01-26 07:18:59.000,2025-01-26 07:18:59.000,2025-01-26 07:18:59.000,49910611.0,25627.0,62716132,-93.0,92
3636398,37,2025-01-26 07:30:03,WITEL_AHU_L8,35944500.0,226,226,228,0,0,0,50.04,1.0,2025-01-26 07:29:05.000,2025-01-26 07:29:05.000,2025-01-26 07:29:05.000,49910611.0,25627.0,62716132,-99.0,92
3636450,37,2025-01-26 07:37:36,WITEL_AHU_L8,35944500.0,226,226,228,0,0,0,50.01,1.0,2025-01-26 07:36:47.000,2025-01-26 07:36:47.000,2025-01-26 07:36:47.000,49910611.0,25627.0,62716132,-102.0,92
3636484,37,2025-01-26 07:40:03,WITEL_AHU_L8,35944500.0,226,226,228,0,0,0,50.01,1.0,2025-01-26 07:39:18.000,2025-01-26 07:39:18.000,2025-01-26 07:39:18.000,49910611.0,25627.0,62716132,-98.0,92
3636620,37,2025-01-26 08:10:03,WITEL_AHU_L8,35944500.0,225,225,227,0,0,0,49.97,1.0,2025-01-26 08:09:12.000,2025-01-26 08:09:12.000,2025-01-26 08:09:12.000,49910611.0,25627.0,62716132,-101.0,92
3636660,37,2025-01-26 08:20:03,WITEL_AHU_L8,35944500.0,227,227,229,0,0,0,50.02,1.0,2025-01-26 08:19:05.000,2025-01-26 08:19:05.000,2025-01-26 08:19:05.000,49910611.0,25627.0,62716132,-117.0,92
3636712,37,2025-01-26 08:30:03,WITEL_AHU_L8,35944500.0,227,226,228,0,0,0,50.0,1.0,2025-01-26 08:29:06.000,2025-01-26 08:29:06.000,2025-01-26 08:29:06.000,49910611.0,25627.0,62716132,-101.0,92
3636756,37,2025-01-26 08:40:03,WITEL_AHU_L8,35944500.0,226,226,228,0,0,0,49.99,1.0,2025-01-26 08:39:11.000,2025-01-26 08:39:11.000,2025-01-26 08:39:11.000,49910611.0,25627.0,62716132,-99.0,92
3636806,37,2025-01-26 08:50:03,WITEL_AHU_L8,35944500.0,226,226,228,0,0,0,50.03,1.0,2025-01-26 08:49:12.000,2025-01-26 08:49:12.000,2025-01-26 08:49:12.000,49910611.0,25627.0,62716132,-109.0,92
3636904,37,2025-01-26 09:10:02,WITEL_AHU_L8,35944500.0,225,225,227,0,0,0,50.05,1.0,2025-01-26 09:09:14.000,2025-01-26 09:09:14.000,2025-01-26 09:09:14.000,49910611.0,25627.0,62716132,-102.0,92
3637040,37,2025-01-26 09:40:02,WITEL_AHU_L8,35944500.0,227,227,229,0,0,0,49.98,1.0,2025-01-26 09:39:15.000,2025-01-26 09:39:15.000,2025-01-26 09:39:15.000,49910611.0,25627.0,62716132,-117.0,92
3637068,37,2025-01-26 09:50:02,WITEL_AHU_L8,35944500.0,227,226,228,0,0,0,49.98,1.0,2025-01-26 09:49:02.000,2025-01-26 09:49:02.000,2025-01-26 09:49:02.000,49910611.0,25627.0,62716132,-119.0,92
3637150,37,2025-01-26 10:10:03,WITEL_AHU_L8,35944500.0,226,225,227,0,0,0,49.99,1.0,2025-01-26 10:09:02.000,2025-01-26 10:09:02.000,2025-01-26 10:09:02.000,49910611.0,25627.0,62716132,-120.0,92
3637206,37,2025-01-26 10:20:03,WITEL_AHU_L8,35944500.0,225,225,227,0,0,0,50.02,1.0,2025-01-26 10:19:08.000,2025-01-26 10:19:08.000,2025-01-26 10:19:08.000,49910611.0,25627.0,62716132,-97.0,92
3637248,37,2025-01-26 10:30:03,WITEL_AHU_L8,35944500.0,225,225,227,0,0,0,50.04,1.0,2025-01-26 10:29:05.000,2025-01-26 10:29:05.000,2025-01-26 10:29:05.000,49910611.0,25627.0,62716132,-118.0,92
3637290,37,2025-01-26 10:40:03,WITEL_AHU_L8,35944500.0,225,225,227,0,0,0,50.03,1.0,2025-01-26 10:39:03.000,2025-01-26 10:39:03.000,2025-01-26 10:39:03.000,49910611.0,25627.0,62716132,-119.0,92
3637362,37,2025-01-26 10:50:03,WITEL_AHU_L8,35944500.0,225,225,227,0,0,0,50.05,1.0,2025-01-26 10:49:15.000,2025-01-26 10:49:15.000,2025-01-26 10:49:15.000,49910611.0,25627.0,62716132,-119.0,92
3637398,37,2025-01-26 11:00:03,WITEL_AHU_L8,35944500.0,226,225,227,0,0,0,49.98,1.0,2025-01-26 10:59:06.000,2025-01-26 10:59:06.000,2025-01-26 10:59:06.000,49910611.0,25627.0,62716132,-117.0,92
3637550,37,2025-01-26 11:30:03,WITEL_AHU_L8,35944500.0,225,225,227,0,0,0,50.01,1.0,2025-01-26 11:29:17.000,2025-01-26 11:29:17.000,2025-01-26 11:29:17.000,49910611.0,25627.0,62716132,-120.0,92
3637616,37,2025-01-26 11:50:03,WITEL_AHU_L8,35944500.0,226,225,227,0,0,0,50.0,1.0,2025-01-26 11:49:06.000,2025-01-26 11:49:06.000,2025-01-26 11:49:06.000,49910611.0,25627.0,62716132,-108.0,92
3637716,37,2025-01-26 12:10:03,WITEL_AHU_L8,35944500.0,226,226,228,0,0,0,50.06,1.0,2025-01-26 12:09:08.000,2025-01-26 12:09:08.000,2025-01-26 12:09:08.000,49910611.0,25627.0,62716132,-117.0,92
3637778,37,2025-01-26 12:20:03,WITEL_AHU_L8,35944500.0,226,226,228,0,0,0,49.98,1.0,2025-01-26 12:19:14.000,2025-01-26 12:19:14.000,2025-01-26 12:19:14.000,49910611.0,25627.0,62716132,-118.0,92
3637822,37,2025-01-26 12:30:03,WITEL_AHU_L8,35944500.0,226,226,228,0,0,0,50.01,1.0,2025-01-26 12:29:12.000,2025-01-26 12:29:12.000,2025-01-26 12:29:12.000,49910611.0,25627.0,62716132,-107.0,92
3637910,37,2025-01-26 12:50:03,WITEL_AHU_L8,35944500.0,226,226,228,0,0,0,50.02,1.0,2025-01-26 12:49:09.000,2025-01-26 12:49:09.000,2025-01-26 12:49:09.000,49910611.0,25627.0,62716132,-118.0,92
3637970,37,2025-01-26 13:00:03,WITEL_AHU_L8,35944500.0,226,225,227,0,0,0,49.96,1.0,2025-01-26 12:59:15.000,2025-01-26 12:59:15.000,2025-01-26 12:59:15.000,49910611.0,25627.0,62716132,-98.0,92
3638000,37,2025-01-26 13:10:03,WITEL_AHU_L8,35944500.0,225,225,227,0,0,0,49.95,1.0,2025-01-26 13:09:03.000,2025-01-26 13:09:03.000,2025-01-26 13:09:03.000,49910611.0,25627.0,62716132,-105.0,92
3638148,37,2025-01-26 13:40:03,WITEL_AHU_L8,35944500.0,225,225,227,0,0,0,49.97,1.0,2025-01-26 13:39:10.000,2025-01-26 13:39:10.000,2025-01-26 13:39:10.000,49910611.0,25627.0,62716132,-94.0,92
3638202,37,2025-01-26 13:50:03,WITEL_AHU_L8,35944500.0,225,225,227,0,0,0,50.0,1.0,2025-01-26 13:49:18.000,2025-01-26 13:49:18.000,2025-01-26 13:49:18.000,49910611.0,25627.0,62716132,-105.0,92
3638298,37,2025-01-26 14:10:03,WITEL_AHU_L8,35944500.0,225,225,227,0,0,0,50.01,1.0,2025-01-26 14:09:17.000,2025-01-26 14:09:17.000,2025-01-26 14:09:17.000,49910611.0,25627.0,62716132,-99.0,92
3638336,37,2025-01-26 14:20:03,WITEL_AHU_L8,35944500.0,225,225,227,0,0,0,50.01,1.0,2025-01-26 14:19:12.000,2025-01-26 14:19:12.000,2025-01-26 14:19:12.000,49910611.0,25627.0,62716132,-97.0,92
3638384,37,2025-01-26 14:30:03,WITEL_AHU_L8,35944500.0,225,225,227,0,0,0,50.02,1.0,2025-01-26 14:29:16.000,2025-01-26 14:29:16.000,2025-01-26 14:29:16.000,49910611.0,25627.0,62716132,-119.0,92
3638454,37,2025-01-26 14:50:03,WITEL_AHU_L8,35944500.0,225,225,227,0,0,0,50.01,1.0,2025-01-26 14:49:06.000,2025-01-26 14:49:06.000,2025-01-26 14:49:06.000,49910611.0,25627.0,62716132,-115.0,92
3638510,37,2025-01-26 15:00:03,WITEL_AHU_L8,35944500.0,225,225,227,0,0,0,50.05,1.0,2025-01-26 14:59:10.000,2025-01-26 14:59:10.000,2025-01-26 14:59:10.000,49910611.0,25627.0,62716132,-98.0,92
3638642,37,2025-01-26 15:30:03,WITEL_AHU_L8,35944500.0,226,225,227,0,0,0,49.95,1.0,2025-01-26 15:29:02.000,2025-01-26 15:29:02.000,2025-01-26 15:29:02.000,49910611.0,25627.0,62716132,-117.0,92
3638760,37,2025-01-26 15:40:51,WITEL_AHU_L8,35944500.0,225,225,227,0,0,0,50.02,1.0,2025-01-26 15:40:08.000,2025-01-26 15:40:08.000,2025-01-26 15:40:08.000,49910611.0,25627.0,62716132,-97.0,92
3638784,37,2025-01-26 15:50:03,WITEL_AHU_L8,35944500.0,226,225,227,0,0,0,50.0,1.0,2025-01-26 15:49:03.000,2025-01-26 15:49:03.000,2025-01-26 15:49:03.000,49910611.0,25627.0,62716132,-118.0,92
3638848,37,2025-01-26 16:00:03,WITEL_AHU_L8,35944500.0,226,225,227,0,0,0,50.06,1.0,2025-01-26 15:59:18.000,2025-01-26 15:59:18.000,2025-01-26 15:59:18.000,49910611.0,25627.0,62716132,-108.0,92
3638930,37,2025-01-26 16:20:03,WITEL_AHU_L8,35944500.0,226,226,228,0,0,0,50.05,1.0,2025-01-26 16:19:07.000,2025-01-26 16:19:07.000,2025-01-26 16:19:07.000,49910611.0,25627.0,62716132,-98.0,92
3638966,37,2025-01-26 16:30:03,WITEL_AHU_L8,35944500.0,226,226,227,0,0,0,50.06,1.0,2025-01-26 16:29:04.000,2025-01-26 16:29:04.000,2025-01-26 16:29:04.000,49910611.0,25627.0,62716132,-119.0,92
3639014,37,2025-01-26 16:40:03,WITEL_AHU_L8,35944500.0,226,226,227,0,0,0,50.05,1.0,2025-01-26 16:39:01.000,2025-01-26 16:39:01.000,2025-01-26 16:39:01.000,49910611.0,25627.0,62716132,-120.0,92
3639174,37,2025-01-26 17:10:03,WITEL_AHU_L8,35944500.0,226,226,228,0,0,0,50.01,1.0,2025-01-26 17:09:20.000,2025-01-26 17:09:20.000,2025-01-26 17:09:20.000,49910611.0,25627.0,62716132,-117.0,92
3639196,37,2025-01-26 17:20:03,WITEL_AHU_L8,35944500.0,227,226,228,0,0,0,50.05,1.0,2025-01-26 17:19:00.000,2025-01-26 17:19:00.000,2025-01-26 17:19:00.000,49910611.0,25627.0,62716132,-118.0,92
3639256,37,2025-01-26 17:30:03,WITEL_AHU_L8,35944500.0,227,226,228,0,0,0,50.06,1.0,2025-01-26 17:29:07.000,2025-01-26 17:29:07.000,2025-01-26 17:29:07.000,49910611.0,25627.0,62716132,-106.0,92
3639298,37,2025-01-26 17:40:03,WITEL_AHU_L8,35944500.0,227,226,228,0,0,0,49.94,1.0,2025-01-26 17:38:59.000,2025-01-26 17:38:59.000,2025-01-26 17:38:59.000,49910611.0,25627.0,62716132,-118.0,92
3639360,37,2025-01-26 17:50:03,WITEL_AHU_L8,35944500.0,227,226,228,0,0,0,50.0,1.0,2025-01-26 17:49:19.000,2025-01-26 17:49:19.000,2025-01-26 17:49:19.000,49910611.0,25627.0,62716132,-103.0,92
3639484,37,2025-01-26 18:20:03,WITEL_AHU_L8,35944500.0,227,226,228,0,0,0,49.95,1.0,2025-01-26 18:19:08.000,2025-01-26 18:19:08.000,2025-01-26 18:19:08.000,49910611.0,25627.0,62716132,-101.0,92
3639522,37,2025-01-26 18:30:03,WITEL_AHU_L8,35944500.0,227,226,228,0,0,0,49.99,1.0,2025-01-26 18:29:02.000,2025-01-26 18:29:02.000,2025-01-26 18:29:02.000,49910611.0,25627.0,62716132,-107.0,92
3639580,37,2025-01-26 18:40:03,WITEL_AHU_L8,35944500.0,227,226,228,0,0,0,50.02,1.0,2025-01-26 18:39:06.000,2025-01-26 18:39:06.000,2025-01-26 18:39:06.000,49910611.0,25627.0,62716132,-100.0,92
3639636,37,2025-01-26 18:50:03,WITEL_AHU_L8,35944500.0,227,227,229,0,0,0,50.07,1.0,2025-01-26 18:49:20.000,2025-01-26 18:49:20.000,2025-01-26 18:49:20.000,49910611.0,25627.0,62716132,-101.0,92
3639662,37,2025-01-26 19:00:03,WITEL_AHU_L8,35944500.0,227,227,229,0,0,0,50.05,1.0,2025-01-26 18:59:00.000,2025-01-26 18:59:00.000,2025-01-26 18:59:00.000,49910611.0,25627.0,62716132,-102.0,92
3639750,37,2025-01-26 19:20:03,WITEL_AHU_L8,35944500.0,227,227,229,0,0,0,50.05,1.0,2025-01-26 19:18:59.000,2025-01-26 19:18:59.000,2025-01-26 19:18:59.000,49910611.0,25627.0,62716132,-108.0,92
3639864,37,2025-01-26 19:40:03,WITEL_AHU_L8,35944500.0,227,227,229,0,0,0,50.0,1.0,2025-01-26 19:39:12.000,2025-01-26 19:39:12.000,2025-01-26 19:39:12.000,49910611.0,25627.0,62716132,-101.0,92
3639898,37,2025-01-26 19:50:03,WITEL_AHU_L8,35944500.0,227,227,229,0,0,0,50.04,1.0,2025-01-26 19:49:05.000,2025-01-26 19:49:05.000,2025-01-26 19:49:05.000,49910611.0,25627.0,62716132,-101.0,92
3639958,37,2025-01-26 20:00:03,WITEL_AHU_L8,35944500.0,227,227,229,0,0,0,49.99,1.0,2025-01-26 19:59:12.000,2025-01-26 19:59:12.000,2025-01-26 19:59:12.000,49910611.0,25627.0,62716132,-119.0,92
3640042,37,2025-01-26 20:20:03,WITEL_AHU_L8,35944500.0,228,227,229,0,0,0,50.05,1.0,2025-01-26 20:19:01.000,2025-01-26 20:19:01.000,2025-01-26 20:19:01.000,49910611.0,25627.0,62716132,-101.0,92
3640134,37,2025-01-26 20:40:03,WITEL_AHU_L8,35944500.0,228,227,230,0,0,0,50.05,1.0,2025-01-26 20:39:15.000,2025-01-26 20:39:15.000,2025-01-26 20:39:15.000,49910611.0,25627.0,62716132,-120.0,92
3640294,37,2025-01-26 21:10:03,WITEL_AHU_L8,35944500.0,228,228,230,0,0,0,50.06,1.0,2025-01-26 21:09:18.000,2025-01-26 21:09:18.000,2025-01-26 21:09:18.000,49910611.0,25627.0,62716132,-121.0,92
3640330,37,2025-01-26 21:20:03,WITEL_AHU_L8,35944500.0,228,228,230,0,0,0,50.01,1.0,2025-01-26 21:19:06.000,2025-01-26 21:19:06.000,2025-01-26 21:19:06.000,49910611.0,25627.0,62716132,-119.0,92
3640416,37,2025-01-26 21:40:03,WITEL_AHU_L8,35944500.0,229,229,231,0,0,0,50.03,1.0,2025-01-26 21:39:03.000,2025-01-26 21:39:03.000,2025-01-26 21:39:03.000,49910611.0,25627.0,62716132,-102.0,92
3640460,37,2025-01-26 21:50:03,WITEL_AHU_L8,35944500.0,229,229,231,0,0,0,50.04,1.0,2025-01-26 21:49:00.000,2025-01-26 21:49:00.000,2025-01-26 21:49:00.000,49910611.0,25627.0,62716132,-105.0,92
3640528,37,2025-01-26 22:00:03,WITEL_AHU_L8,35944500.0,229,229,231,0,0,0,50.02,1.0,2025-01-26 21:59:17.000,2025-01-26 21:59:17.000,2025-01-26 21:59:17.000,49910611.0,25627.0,62716132,-121.0,92
3640612,37,2025-01-26 22:20:03,WITEL_AHU_L8,35944500.0,230,229,232,0,0,0,49.98,1.0,2025-01-26 22:19:08.000,2025-01-26 22:19:08.000,2025-01-26 22:19:08.000,49910611.0,25627.0,62716132,-118.0,92
3640662,37,2025-01-26 22:30:03,WITEL_AHU_L8,35944500.0,230,230,232,0,0,0,50.04,1.0,2025-01-26 22:29:07.000,2025-01-26 22:29:07.000,2025-01-26 22:29:07.000,49910611.0,25627.0,62716132,-100.0,92
3640724,37,2025-01-26 22:40:03,WITEL_AHU_L8,35944500.0,230,230,232,0,0,0,49.98,1.0,2025-01-26 22:39:15.000,2025-01-26 22:39:15.000,2025-01-26 22:39:15.000,49910611.0,25627.0,62716132,-105.0,92
3640810,37,2025-01-26 23:00:03,WITEL_AHU_L8,35944500.0,228,228,230,0,0,0,49.99,1.0,2025-01-26 22:59:08.000,2025-01-26 22:59:08.000,2025-01-26 22:59:08.000,49910611.0,25627.0,62716132,-115.0,92
3640862,37,2025-01-26 23:10:03,WITEL_AHU_L8,35944500.0,228,228,230,0,0,0,50.0,1.0,2025-01-26 23:09:15.000,2025-01-26 23:09:15.000,2025-01-26 23:09:15.000,49910611.0,25627.0,62716132,-120.0,92
3640914,37,2025-01-26 23:20:03,WITEL_AHU_L8,35944500.0,228,228,230,0,0,0,49.99,1.0,2025-01-26 23:19:14.000,2025-01-26 23:19:14.000,2025-01-26 23:19:14.000,49910611.0,25627.0,62716132,-119.0,92
3640984,37,2025-01-26 23:35:48,WITEL_AHU_L8,35944500.0,228,228,230,0,0,0,50.04,1.0,2025-01-26 23:34:51.000,2025-01-26 23:34:51.000,2025-01-26 23:34:51.000,49910611.0,25627.0,62716132,-113.0,92
3641016,37,2025-01-26 23:40:03,WITEL_AHU_L8,35944500.0,228,228,230,0,0,0,50.02,1.0,2025-01-26 23:39:03.000,2025-01-26 23:39:03.000,2025-01-26 23:39:03.000,49910611.0,25627.0,62716132,-120.0,92
3641060,37,2025-01-26 23:50:03,WITEL_AHU_L8,35944500.0,229,228,231,0,0,0,50.04,1.0,2025-01-26 23:49:00.000,2025-01-26 23:49:00.000,2025-01-26 23:49:00.000,49910611.0,25627.0,62716132,-118.0,92
3641214,37,2025-01-27 00:20:03,WITEL_AHU_L8,35944500.0,227,227,229,0,0,0,50.04,1.0,2025-01-27 00:19:02.000,2025-01-27 00:19:02.000,2025-01-27 00:19:02.000,49910611.0,25627.0,62716132,-119.0,92
3641340,37,2025-01-27 00:40:02,WITEL_AHU_L8,35944500.0,227,227,229,0,0,0,50.04,1.0,2025-01-27 00:39:21.000,2025-01-27 00:39:21.000,2025-01-27 00:39:21.000,49910611.0,25627.0,62716132,-119.0,92
3641412,37,2025-01-27 01:00:03,WITEL_AHU_L8,35944500.0,227,227,229,0,0,0,49.98,1.0,2025-01-27 00:59:01.000,2025-01-27 00:59:01.000,2025-01-27 00:59:01.000,49910611.0,25627.0,62716132,-120.0,92
3641478,37,2025-01-27 01:10:03,WITEL_AHU_L8,35944500.0,227,227,229,0,0,0,50.0,1.0,2025-01-27 01:09:18.000,2025-01-27 01:09:18.000,2025-01-27 01:09:18.000,49910611.0,25627.0,62716132,-100.0,92
3641510,37,2025-01-27 01:20:03,WITEL_AHU_L8,35944500.0,228,227,230,0,0,0,50.04,1.0,2025-01-27 01:19:01.000,2025-01-27 01:19:01.000,2025-01-27 01:19:01.000,49910611.0,25627.0,62716132,-118.0,92
3641574,37,2025-01-27 01:30:03,WITEL_AHU_L8,35944500.0,228,227,229,0,0,0,50.03,1.0,2025-01-27 01:32:09.000,2025-01-27 01:32:09.000,2025-01-27 01:32:09.000,49910611.0,25627.0,62716132,-99.0,92
3641618,37,2025-01-27 01:40:03,WITEL_AHU_L8,35944500.0,228,228,230,0,0,0,50.05,1.0,2025-01-27 01:39:11.000,2025-01-27 01:39:11.000,2025-01-27 01:39:11.000,49910611.0,25627.0,62716132,-120.0,92
3641660,37,2025-01-27 01:50:03,WITEL_AHU_L8,35944500.0,228,228,230,0,0,0,50.04,1.0,2025-01-27 01:49:05.000,2025-01-27 01:49:05.000,2025-01-27 01:49:05.000,49910611.0,25627.0,62716132,-100.0,92
3641716,37,2025-01-27 02:00:03,WITEL_AHU_L8,35944500.0,228,228,230,0,0,0,50.0,1.0,2025-01-27 01:59:09.000,2025-01-27 01:59:09.000,2025-01-27 01:59:09.000,49910611.0,25627.0,62716132,-118.0,92
3641754,37,2025-01-27 02:10:03,WITEL_AHU_L8,35944500.0,228,228,230,0,0,0,50.03,1.0,2025-01-27 02:09:10.000,2025-01-27 02:09:10.000,2025-01-27 02:09:10.000,49910611.0,25627.0,62716132,-119.0,92
3641800,37,2025-01-27 02:20:03,WITEL_AHU_L8,35944500.0,228,228,230,0,0,0,50.05,1.0,2025-01-27 02:19:02.000,2025-01-27 02:19:02.000,2025-01-27 02:19:02.000,49910611.0,25627.0,62716132,-99.0,92
3641848,37,2025-01-27 02:30:03,WITEL_AHU_L8,35944500.0,228,228,230,0,0,0,50.05,1.0,2025-01-27 02:29:03.000,2025-01-27 02:29:03.000,2025-01-27 02:29:03.000,49910611.0,25627.0,62716132,-118.0,92
3641908,37,2025-01-27 02:40:03,WITEL_AHU_L8,35944500.0,228,228,230,0,0,0,49.97,1.0,2025-01-27 02:39:17.000,2025-01-27 02:39:17.000,2025-01-27 02:39:17.000,49910611.0,25627.0,62716132,-118.0,92
3641940,37,2025-01-27 02:50:03,WITEL_AHU_L8,35944500.0,228,228,230,0,0,0,49.99,1.0,2025-01-27 02:49:01.000,2025-01-27 02:49:01.000,2025-01-27 02:49:01.000,49910611.0,25627.0,62716132,-113.0,92
3642016,37,2025-01-27 03:00:03,WITEL_AHU_L8,35944500.0,228,228,230,0,0,0,50.02,1.0,2025-01-27 02:59:16.000,2025-01-27 02:59:16.000,2025-01-27 02:59:16.000,49910611.0,25627.0,62716132,-119.0,92
3642056,37,2025-01-27 03:10:03,WITEL_AHU_L8,35944500.0,228,228,230,0,0,0,49.96,1.0,2025-01-27 03:09:12.000,2025-01-27 03:09:12.000,2025-01-27 03:09:12.000,49910611.0,25627.0,62716132,-99.0,92
3642090,37,2025-01-27 03:20:03,WITEL_AHU_L8,35944500.0,228,228,230,0,0,0,50.03,1.0,2025-01-27 03:18:59.000,2025-01-27 03:18:59.000,2025-01-27 03:18:59.000,49910611.0,25627.0,62716132,-116.0,92
3642208,37,2025-01-27 03:40:03,WITEL_AHU_L8,35944500.0,228,228,230,0,0,0,49.95,1.0,2025-01-27 03:39:12.000,2025-01-27 03:39:12.000,2025-01-27 03:39:12.000,49910611.0,25627.0,62716132,-105.0,92
3642244,37,2025-01-27 03:50:03,WITEL_AHU_L8,35944500.0,229,228,231,0,0,0,50.04,1.0,2025-01-27 03:49:02.000,2025-01-27 03:49:02.000,2025-01-27 03:49:02.000,49910611.0,25627.0,62716132,-116.0,92
3642286,37,2025-01-27 04:00:03,WITEL_AHU_L8,35944500.0,229,229,231,0,0,0,49.99,1.0,2025-01-27 03:59:00.000,2025-01-27 03:59:00.000,2025-01-27 03:59:00.000,49910611.0,25627.0,62716132,-106.0,92
3642384,37,2025-01-27 04:20:02,WITEL_AHU_L8,35944500.0,229,229,231,0,0,0,49.98,1.0,2025-01-27 04:19:02.000,2025-01-27 04:19:02.000,2025-01-27 04:19:02.000,49910611.0,25627.0,62716132,-115.0,92
3642446,37,2025-01-27 04:30:02,WITEL_AHU_L8,35944500.0,229,229,231,0,0,0,50.01,1.0,2025-01-27 04:29:10.000,2025-01-27 04:29:10.000,2025-01-27 04:29:10.000,49910611.0,25627.0,62716132,-99.0,92
3642504,37,2025-01-27 04:40:02,WITEL_AHU_L8,35944500.0,229,229,231,0,0,0,50.02,1.0,2025-01-27 04:39:21.000,2025-01-27 04:39:21.000,2025-01-27 04:39:21.000,49910611.0,25627.0,62716132,-114.0,92
3642648,37,2025-01-27 05:10:03,WITEL_AHU_L8,35944500.0,228,228,230,0,0,0,50.01,1.0,2025-01-27 05:09:16.000,2025-01-27 05:09:16.000,2025-01-27 05:09:16.000,49910611.0,25627.0,62716132,-118.0,92
3642690,37,2025-01-27 05:20:03,WITEL_AHU_L8,35944500.0,228,228,230,0,0,0,49.96,1.0,2025-01-27 05:19:10.000,2025-01-27 05:19:10.000,2025-01-27 05:19:10.000,49910611.0,25627.0,62716132,-114.0,92
3642726,37,2025-01-27 05:30:03,WITEL_AHU_L8,35944500.0,228,228,230,0,0,0,50.02,1.0,2025-01-27 05:29:00.000,2025-01-27 05:29:00.000,2025-01-27 05:29:00.000,49910611.0,25627.0,62716132,-120.0,92
3642790,37,2025-01-27 05:40:03,WITEL_AHU_L8,35944500.0,229,228,230,0,0,0,50.04,1.0,2025-01-27 05:39:10.000,2025-01-27 05:39:10.000,2025-01-27 05:39:10.000,49910611.0,25627.0,62716132,-108.0,92
3642828,37,2025-01-27 05:50:03,WITEL_AHU_L8,35944500.0,228,228,230,0,0,0,50.04,1.0,2025-01-27 05:49:01.000,2025-01-27 05:49:01.000,2025-01-27 05:49:01.000,49910611.0,25627.0,62716132,-118.0,92
3642896,37,2025-01-27 06:00:03,WITEL_AHU_L8,35944500.0,229,228,231,0,0,0,50.06,1.0,2025-01-27 05:59:16.000,2025-01-27 05:59:16.000,2025-01-27 05:59:16.000,49910611.0,25627.0,62716132,-108.0,92
3642940,37,2025-01-27 06:10:03,WITEL_AHU_L8,35944500.0,228,228,230,0,0,0,50.01,1.0,2025-01-27 06:09:11.000,2025-01-27 06:09:11.000,2025-01-27 06:09:11.000,49910611.0,25627.0,62716132,-99.0,92
3642990,37,2025-01-27 06:20:03,WITEL_AHU_L8,35944500.0,228,228,230,0,0,0,49.99,1.0,2025-01-27 06:19:16.000,2025-01-27 06:19:16.000,2025-01-27 06:19:16.000,49910611.0,25627.0,62716132,-118.0,92
3643042,37,2025-01-27 06:30:03,WITEL_AHU_L8,35944500.0,229,228,230,0,0,0,49.96,1.0,2025-01-27 06:29:14.000,2025-01-27 06:29:14.000,2025-01-27 06:29:14.000,49910611.0,25627.0,62716132,-99.0,92
3643078,37,2025-01-27 06:40:03,WITEL_AHU_L8,35944500.0,229,228,230,0,0,0,50.01,1.0,2025-01-27 06:39:02.000,2025-01-27 06:39:02.000,2025-01-27 06:39:02.000,49910611.0,25627.0,62716132,-118.0,92
3643192,37,2025-01-27 07:00:03,WITEL_AHU_L8,35944500.0,229,228,230,0,0,0,49.99,1.0,2025-01-27 06:59:15.000,2025-01-27 06:59:15.000,2025-01-27 06:59:15.000,49910611.0,25627.0,62716132,-120.0,92
3643230,37,2025-01-27 07:10:02,WITEL_AHU_L8,35944500.0,228,228,230,0,0,0,49.95,1.0,2025-01-27 07:09:03.000,2025-01-27 07:09:03.000,2025-01-27 07:09:03.000,49910611.0,25627.0,62716132,-117.0,92
3643278,37,2025-01-27 07:20:03,WITEL_AHU_L8,35944500.0,228,228,230,0,0,0,50.03,1.0,2025-01-27 07:19:07.000,2025-01-27 07:19:07.000,2025-01-27 07:19:07.000,49910611.0,25627.0,62716132,-104.0,92
3643318,37,2025-01-27 07:30:03,WITEL_AHU_L8,35944500.0,228,228,230,0,0,0,50.04,1.0,2025-01-27 07:28:59.000,2025-01-27 07:28:59.000,2025-01-27 07:28:59.000,49910611.0,25627.0,62716132,-99.0,92
3643424,37,2025-01-27 07:41:25,WITEL_AHU_L8,35944500.0,228,228,230,0,0,0,50.03,1.0,2025-01-27 07:40:26.000,2025-01-27 07:40:26.000,2025-01-27 07:40:26.000,49910611.0,25627.0,62716132,-120.0,92
3643448,37,2025-01-27 07:50:03,WITEL_AHU_L8,35944500.0,228,227,229,0,0,0,49.94,1.0,2025-01-27 07:49:02.000,2025-01-27 07:49:02.000,2025-01-27 07:49:02.000,49910611.0,25627.0,62716132,-109.0,92
3643502,37,2025-01-27 08:00:02,WITEL_AHU_L8,35944500.0,228,227,229,0,0,0,49.99,1.0,2025-01-27 07:59:00.000,2025-01-27 07:59:00.000,2025-01-27 07:59:00.000,49910611.0,25627.0,62716132,-119.0,92
3643554,37,2025-01-27 08:10:03,WITEL_AHU_L8,35944500.0,227,227,229,0,0,0,49.99,1.0,2025-01-27 08:09:07.000,2025-01-27 08:09:07.000,2025-01-27 08:09:07.000,49910611.0,25627.0,62716132,-119.0,92
3643616,37,2025-01-27 08:20:03,WITEL_AHU_L8,35944500.0,227,227,229,0,0,0,50.02,1.0,2025-01-27 08:19:19.000,2025-01-27 08:19:19.000,2025-01-27 08:19:19.000,49910611.0,25627.0,62716132,-121.0,92
3643662,37,2025-01-27 08:30:03,WITEL_AHU_L8,35944500.0,226,226,228,0,0,0,49.97,1.0,2025-01-27 08:29:10.000,2025-01-27 08:29:10.000,2025-01-27 08:29:10.000,49910611.0,25627.0,62716132,-101.0,92
3643696,37,2025-01-27 08:40:03,WITEL_AHU_L8,35944500.0,227,226,228,0,0,0,50.04,1.0,2025-01-27 08:39:01.000,2025-01-27 08:39:01.000,2025-01-27 08:39:01.000,49910611.0,25627.0,62716132,-119.0,92
3643748,37,2025-01-27 08:50:03,WITEL_AHU_L8,35944500.0,226,226,228,0,0,0,49.99,1.0,2025-01-27 08:49:06.000,2025-01-27 08:49:06.000,2025-01-27 08:49:06.000,49910611.0,25627.0,62716132,-109.0,92
3643788,37,2025-01-27 09:00:03,WITEL_AHU_L8,35944500.0,226,225,227,0,0,0,49.99,1.0,2025-01-27 08:59:04.000,2025-01-27 08:59:04.000,2025-01-27 08:59:04.000,49910611.0,25627.0,62716132,-99.0,92
3643862,37,2025-01-27 09:10:03,WITEL_AHU_L8,35944500.0,225,225,227,0,0,0,49.97,1.0,2025-01-27 09:09:19.000,2025-01-27 09:09:19.000,2025-01-27 09:09:19.000,49910611.0,25627.0,62716132,-100.0,92
3643892,37,2025-01-27 09:20:03,WITEL_AHU_L8,35944500.0,226,225,227,0,0,0,50.04,1.0,2025-01-27 09:19:01.000,2025-01-27 09:19:01.000,2025-01-27 09:19:01.000,49910611.0,25627.0,62716132,-102.0,92
3643956,37,2025-01-27 09:30:03,WITEL_AHU_L8,35944500.0,225,225,227,0,0,0,50.0,1.0,2025-01-27 09:29:08.000,2025-01-27 09:29:08.000,2025-01-27 09:29:08.000,49910611.0,25627.0,62716132,-109.0,92
3644062,37,2025-01-27 09:50:03,WITEL_AHU_L8,35944500.0,228,227,229,0,0,0,49.98,1.0,2025-01-27 09:49:13.000,2025-01-27 09:49:13.000,2025-01-27 09:49:13.000,49910611.0,25627.0,62716132,-120.0,92
3644098,37,2025-01-27 10:00:03,WITEL_AHU_L8,35944500.0,227,227,229,0,0,0,50.05,1.0,2025-01-27 09:59:00.000,2025-01-27 09:59:00.000,2025-01-27 09:59:00.000,49910611.0,25627.0,62716132,-118.0,92
3644158,37,2025-01-27 10:10:03,WITEL_AHU_L8,35944500.0,227,226,228,0,0,0,50.01,1.0,2025-01-27 10:09:06.000,2025-01-27 10:09:06.000,2025-01-27 10:09:06.000,49910611.0,25627.0,62716132,-107.0,92
3644228,37,2025-01-27 10:20:03,WITEL_AHU_L8,35944500.0,226,226,228,0,0,0,49.99,1.0,2025-01-27 10:19:18.000,2025-01-27 10:19:18.000,2025-01-27 10:19:18.000,49910611.0,25627.0,62716132,-121.0,92
3644274,37,2025-01-27 10:30:03,WITEL_AHU_L8,35944500.0,227,226,228,0,0,0,50.02,1.0,2025-01-27 10:29:16.000,2025-01-27 10:29:16.000,2025-01-27 10:29:16.000,49910611.0,25627.0,62716132,-105.0,92
3644324,37,2025-01-27 10:40:03,WITEL_AHU_L8,35944500.0,226,226,228,0,0,0,50.03,1.0,2025-01-27 10:39:15.000,2025-01-27 10:39:15.000,2025-01-27 10:39:15.000,49910611.0,25627.0,62716132,-100.0,92
3644358,37,2025-01-27 10:50:03,WITEL_AHU_L8,35944500.0,226,226,228,0,0,0,50.08,1.0,2025-01-27 10:49:00.000,2025-01-27 10:49:00.000,2025-01-27 10:49:00.000,49910611.0,25627.0,62716132,-119.0,92
3644408,37,2025-01-27 11:00:03,WITEL_AHU_L8,35944500.0,226,226,228,0,0,0,50.03,1.0,2025-01-27 10:59:04.000,2025-01-27 10:59:04.000,2025-01-27 10:59:04.000,49910611.0,25627.0,62716132,-95.0,92
3644454,37,2025-01-27 11:10:03,WITEL_AHU_L8,35944500.0,226,226,228,0,0,0,49.96,1.0,2025-01-27 11:09:05.000,2025-01-27 11:09:05.000,2025-01-27 11:09:05.000,49910611.0,25627.0,62716132,-100.0,92
3644506,37,2025-01-27 11:20:03,WITEL_AHU_L8,35944500.0,226,226,228,0,0,0,50.01,1.0,2025-01-27 11:19:01.000,2025-01-27 11:19:01.000,2025-01-27 11:19:01.000,49910611.0,25627.0,62716132,-101.0,92
3644562,37,2025-01-27 11:30:03,WITEL_AHU_L8,35944500.0,226,226,228,0,0,0,50.04,1.0,2025-01-27 11:29:01.000,2025-01-27 11:29:01.000,2025-01-27 11:29:01.000,49910611.0,25627.0,62716132,-107.0,92
3644668,37,2025-01-27 11:50:03,WITEL_AHU_L8,35944500.0,226,226,228,0,0,0,50.05,1.0,2025-01-27 11:49:11.000,2025-01-27 11:49:11.000,2025-01-27 11:49:11.000,49910611.0,25627.0,62716132,-121.0,92
3644720,37,2025-01-27 12:00:03,WITEL_AHU_L8,35944500.0,227,226,228,0,0,0,50.06,1.0,2025-01-27 11:59:18.000,2025-01-27 11:59:18.000,2025-01-27 11:59:18.000,49910611.0,25627.0,62716132,-103.0,92
3644758,37,2025-01-27 12:10:03,WITEL_AHU_L8,35944500.0,227,226,228,0,0,0,50.02,1.0,2025-01-27 12:09:12.000,2025-01-27 12:09:12.000,2025-01-27 12:09:12.000,49910611.0,25627.0,62716132,-109.0,92
3644834,37,2025-01-27 12:30:03,WITEL_AHU_L8,35944500.0,227,226,228,0,0,0,50.04,1.0,2025-01-27 12:28:58.000,2025-01-27 12:28:58.000,2025-01-27 12:28:58.000,49910611.0,25627.0,62716132,-117.0,92
3644908,37,2025-01-27 12:40:03,WITEL_AHU_L8,35944500.0,226,226,228,0,0,0,50.04,1.0,2025-01-27 12:39:14.000,2025-01-27 12:39:14.000,2025-01-27 12:39:14.000,49910611.0,25627.0,62716132,-120.0,92
3644942,37,2025-01-27 12:50:03,WITEL_AHU_L8,35944500.0,227,226,228,0,0,0,50.03,1.0,2025-01-27 12:49:08.000,2025-01-27 12:49:08.000,2025-01-27 12:49:08.000,49910611.0,25627.0,62716132,-107.0,92
3644996,37,2025-01-27 13:00:03,WITEL_AHU_L8,35944500.0,226,226,228,0,0,0,50.03,1.0,2025-01-27 12:59:17.000,2025-01-27 12:59:17.000,2025-01-27 12:59:17.000,49910611.0,25627.0,62716132,-121.0,92
3645092,37,2025-01-27 13:20:03,WITEL_AHU_L8,35944500.0,226,225,227,0,0,0,50.03,1.0,2025-01-27 13:19:10.000,2025-01-27 13:19:10.000,2025-01-27 13:19:10.000,49910611.0,25627.0,62716132,-102.0,92
3645130,37,2025-01-27 13:30:03,WITEL_AHU_L8,35944500.0,226,225,227,0,0,0,50.05,1.0,2025-01-27 13:28:58.000,2025-01-27 13:28:58.000,2025-01-27 13:28:58.000,49910611.0,25627.0,62716132,-117.0,92
3645252,37,2025-01-27 13:50:03,WITEL_AHU_L8,35944500.0,226,225,227,0,0,0,50.06,1.0,2025-01-27 13:49:08.000,2025-01-27 13:49:08.000,2025-01-27 13:49:08.000,49910611.0,25627.0,62716132,-120.0,92
3645304,37,2025-01-27 14:00:03,WITEL_AHU_L8,35944500.0,226,225,227,0,0,0,50.03,1.0,2025-01-27 13:59:09.000,2025-01-27 13:59:09.000,2025-01-27 13:59:09.000,49910611.0,25627.0,62716132,-119.0,92
3645358,37,2025-01-27 14:10:03,WITEL_AHU_L8,35944500.0,226,225,227,0,0,0,49.98,1.0,2025-01-27 14:09:13.000,2025-01-27 14:09:13.000,2025-01-27 14:09:13.000,49910611.0,25627.0,62716132,-118.0,92
3645440,37,2025-01-27 14:30:03,WITEL_AHU_L8,35944500.0,225,225,227,0,0,0,49.99,1.0,2025-01-27 14:29:08.000,2025-01-27 14:29:08.000,2025-01-27 14:29:08.000,49910611.0,25627.0,62716132,-101.0,92
3645506,37,2025-01-27 14:40:03,WITEL_AHU_L8,35944500.0,225,225,227,0,0,0,50.01,1.0,2025-01-27 14:39:19.000,2025-01-27 14:39:19.000,2025-01-27 14:39:19.000,49910611.0,25627.0,62716132,-120.0,92
3645570,37,2025-01-27 15:00:03,WITEL_AHU_L8,35944500.0,226,225,227,0,0,0,50.0,1.0,2025-01-27 14:59:04.000,2025-01-27 14:59:04.000,2025-01-27 14:59:04.000,49910611.0,25627.0,62716132,-100.0,92
3645642,37,2025-01-27 15:10:03,WITEL_AHU_L8,35944500.0,226,226,228,0,0,0,50.03,1.0,2025-01-27 15:09:17.000,2025-01-27 15:09:17.000,2025-01-27 15:09:17.000,49910611.0,25627.0,62716132,-102.0,92
3645680,37,2025-01-27 15:20:03,WITEL_AHU_L8,35944500.0,226,225,227,0,0,0,49.95,1.0,2025-01-27 15:19:07.000,2025-01-27 15:19:07.000,2025-01-27 15:19:07.000,49910611.0,25627.0,62716132,-119.0,92
3645736,37,2025-01-27 15:30:03,WITEL_AHU_L8,35944500.0,226,225,228,0,0,0,50.03,1.0,2025-01-27 15:29:09.000,2025-01-27 15:29:09.000,2025-01-27 15:29:09.000,49910611.0,25627.0,62716132,-119.0,92
3648433,37,2025-01-27 23:37:11,WITEL_AHU_L8,35944500.0,230,229,232,0,0,0,50.05,1.0,2025-01-27 23:36:27.000,2025-01-27 23:36:27.000,2025-01-27 23:36:27.000,49910611.0,25627.0,62716132,-115.0,92
3648466,37,2025-01-27 23:40:03,WITEL_AHU_L8,35944500.0,229,229,231,0,0,0,50.04,1.0,2025-01-27 23:39:09.000,2025-01-27 23:39:09.000,2025-01-27 23:39:09.000,49910611.0,25627.0,62716132,-119.0,92
3648532,37,2025-01-27 23:50:03,WITEL_AHU_L8,35944500.0,230,230,232,0,0,0,50.05,1.0,2025-01-27 23:49:07.000,2025-01-27 23:49:07.000,2025-01-27 23:49:07.000,49910611.0,25627.0,62716132,-118.0,92
3648592,37,2025-01-28 00:00:03,WITEL_AHU_L8,35944500.0,230,230,232,0,0,0,50.06,1.0,2025-01-27 23:59:08.000,2025-01-27 23:59:08.000,2025-01-27 23:59:08.000,49910611.0,25627.0,62716132,-119.0,92
3648688,37,2025-01-28 00:10:03,WITEL_AHU_L8,35944500.0,230,230,232,0,0,0,50.04,1.0,2025-01-28 00:09:19.000,2025-01-28 00:09:19.000,2025-01-28 00:09:19.000,49910611.0,25627.0,62716132,-115.0,92
3648739,37,2025-01-28 00:20:03,WITEL_AHU_L8,35944500.0,231,230,233,0,0,0,50.02,1.0,2025-01-28 00:19:10.000,2025-01-28 00:19:10.000,2025-01-28 00:19:10.000,49910611.0,25627.0,62716132,-121.0,92
3648949,37,2025-01-28 00:50:03,WITEL_AHU_L8,35944500.0,231,231,233,0,0,0,50.02,1.0,2025-01-28 00:49:14.000,2025-01-28 00:49:14.000,2025-01-28 00:49:14.000,49910611.0,25627.0,62716132,-120.0,92
3649027,37,2025-01-28 01:00:03,WITEL_AHU_L8,35944500.0,228,228,231,0,0,0,50.03,1.0,2025-01-28 00:59:21.000,2025-01-28 00:59:21.000,2025-01-28 00:59:21.000,49910611.0,25627.0,62716132,-99.0,92
3649081,37,2025-01-28 01:10:03,WITEL_AHU_L8,35944500.0,229,229,231,0,0,0,50.03,1.0,2025-01-28 01:09:19.000,2025-01-28 01:09:19.000,2025-01-28 01:09:19.000,49910611.0,25627.0,62716132,-109.0,92
3649225,37,2025-01-28 01:30:03,WITEL_AHU_L8,35944500.0,229,229,231,0,0,0,50.03,1.0,2025-01-28 01:31:53.000,2025-01-28 01:31:53.000,2025-01-28 01:31:53.000,49910611.0,25627.0,62716132,-119.0,92
3649276,37,2025-01-28 01:40:03,WITEL_AHU_L8,35944500.0,229,229,231,0,0,0,50.03,1.0,2025-01-28 01:39:07.000,2025-01-28 01:39:07.000,2025-01-28 01:39:07.000,49910611.0,25627.0,62716132,-100.0,92
3649357,37,2025-01-28 01:50:03,WITEL_AHU_L8,35944500.0,229,229,231,0,0,0,50.02,1.0,2025-01-28 01:49:07.000,2025-01-28 01:49:07.000,2025-01-28 01:49:07.000,49910611.0,25627.0,62716132,-113.0,92
3649441,37,2025-01-28 02:00:03,WITEL_AHU_L8,35944500.0,229,229,231,0,0,0,50.01,1.0,2025-01-28 01:59:15.000,2025-01-28 01:59:15.000,2025-01-28 01:59:15.000,49910611.0,25627.0,62716132,-120.0,92
3649483,37,2025-01-28 02:10:03,WITEL_AHU_L8,35944500.0,229,229,231,0,0,0,50.04,1.0,2025-01-28 02:09:03.000,2025-01-28 02:09:03.000,2025-01-28 02:09:03.000,49910611.0,25627.0,62716132,-115.0,92
3649549,37,2025-01-28 02:20:03,WITEL_AHU_L8,35944500.0,229,229,231,0,0,0,50.03,1.0,2025-01-28 02:19:02.000,2025-01-28 02:19:02.000,2025-01-28 02:19:02.000,49910611.0,25627.0,62716132,-118.0,92
3649651,37,2025-01-28 02:30:03,WITEL_AHU_L8,35944500.0,229,229,231,0,0,0,50.03,1.0,2025-01-28 02:29:19.000,2025-01-28 02:29:19.000,2025-01-28 02:29:19.000,49910611.0,25627.0,62716132,-118.0,92
3649747,37,2025-01-28 02:50:03,WITEL_AHU_L8,35944500.0,230,229,231,0,0,0,50.01,1.0,2025-01-28 02:49:02.000,2025-01-28 02:49:02.000,2025-01-28 02:49:02.000,49910611.0,25627.0,62716132,-120.0,92
3649840,37,2025-01-28 03:00:03,WITEL_AHU_L8,35944500.0,230,229,232,0,0,0,50.06,1.0,2025-01-28 02:59:17.000,2025-01-28 02:59:17.000,2025-01-28 02:59:17.000,49910611.0,25627.0,62716132,-98.0,92
3650014,37,2025-01-28 03:30:03,WITEL_AHU_L8,35944500.0,230,230,232,0,0,0,50.05,1.0,2025-01-28 03:29:06.000,2025-01-28 03:29:06.000,2025-01-28 03:29:06.000,49910611.0,25627.0,62716132,-119.0,92
3650080,37,2025-01-28 03:40:03,WITEL_AHU_L8,35944500.0,230,229,232,0,0,0,49.95,1.0,2025-01-28 03:39:05.000,2025-01-28 03:39:05.000,2025-01-28 03:39:05.000,49910611.0,25627.0,62716132,-100.0,92
3650158,37,2025-01-28 03:50:03,WITEL_AHU_L8,35944500.0,230,230,232,0,0,0,50.03,1.0,2025-01-28 03:49:18.000,2025-01-28 03:49:18.000,2025-01-28 03:49:18.000,49910611.0,25627.0,62716132,-117.0,92
3650251,37,2025-01-28 04:10:03,WITEL_AHU_L8,35944500.0,230,230,232,0,0,0,50.07,1.0,2025-01-28 04:09:06.000,2025-01-28 04:09:06.000,2025-01-28 04:09:06.000,49910611.0,25627.0,62716132,-102.0,92
3650395,37,2025-01-28 04:30:03,WITEL_AHU_L8,35944500.0,230,230,232,0,0,0,50.01,1.0,2025-01-28 04:29:18.000,2025-01-28 04:29:18.000,2025-01-28 04:29:18.000,49910611.0,25627.0,62716132,-118.0,92
3650533,37,2025-01-28 04:50:03,WITEL_AHU_L8,35944500.0,230,230,232,0,0,0,50.05,1.0,2025-01-28 04:49:17.000,2025-01-28 04:49:17.000,2025-01-28 04:49:17.000,49910611.0,25627.0,62716132,-118.0,92
3650635,37,2025-01-28 05:10:03,WITEL_AHU_L8,35944500.0,229,229,232,0,0,0,50.05,1.0,2025-01-28 05:09:04.000,2025-01-28 05:09:04.000,2025-01-28 05:09:04.000,49910611.0,25627.0,62716132,-118.0,92
3650782,37,2025-01-28 05:30:03,WITEL_AHU_L8,35944500.0,229,229,231,0,0,0,50.01,1.0,2025-01-28 05:29:09.000,2025-01-28 05:29:09.000,2025-01-28 05:29:09.000,49910611.0,25627.0,62716132,-119.0,92
3650857,37,2025-01-28 05:40:03,WITEL_AHU_L8,35944500.0,229,229,231,0,0,0,50.0,1.0,2025-01-28 05:39:12.000,2025-01-28 05:39:12.000,2025-01-28 05:39:12.000,49910611.0,25627.0,62716132,-100.0,92
3650905,37,2025-01-28 05:50:03,WITEL_AHU_L8,35944500.0,229,229,231,0,0,0,50.05,1.0,2025-01-28 05:49:03.000,2025-01-28 05:49:03.000,2025-01-28 05:49:03.000,49910611.0,25627.0,62716132,-117.0,92
3650983,37,2025-01-28 06:00:03,WITEL_AHU_L8,35944500.0,229,229,231,0,0,0,50.07,1.0,2025-01-28 05:59:03.000,2025-01-28 05:59:03.000,2025-01-28 05:59:03.000,49910611.0,25627.0,62716132,-120.0,92
3651208,37,2025-01-28 06:30:03,WITEL_AHU_L8,35944500.0,228,227,229,0,0,0,50.04,1.0,2025-01-28 06:29:19.000,2025-01-28 06:29:19.000,2025-01-28 06:29:19.000,49910611.0,25627.0,62716132,-107.0,92
3651352,37,2025-01-28 06:50:03,WITEL_AHU_L8,35944500.0,227,226,229,0,0,0,50.06,1.0,2025-01-28 06:49:22.000,2025-01-28 06:49:22.000,2025-01-28 06:49:22.000,49910611.0,25627.0,62716132,-120.0,92
3651418,37,2025-01-28 07:00:03,WITEL_AHU_L8,35944500.0,226,226,228,0,0,0,50.06,1.0,2025-01-28 06:59:21.000,2025-01-28 06:59:21.000,2025-01-28 06:59:21.000,49910611.0,25627.0,62716132,-118.0,92
3651493,37,2025-01-28 07:10:03,WITEL_AHU_L8,35944500.0,225,225,227,0,0,0,50.01,1.0,2025-01-28 07:09:21.000,2025-01-28 07:09:21.000,2025-01-28 07:09:21.000,49910611.0,25627.0,62716132,-118.0,92
3651535,37,2025-01-28 07:20:03,WITEL_AHU_L8,35944500.0,227,227,229,0,0,0,50.04,1.0,2025-01-28 07:19:08.000,2025-01-28 07:19:08.000,2025-01-28 07:19:08.000,49910611.0,25627.0,62716132,-99.0,92
3651616,37,2025-01-28 07:30:03,WITEL_AHU_L8,35944500.0,227,226,228,0,0,0,50.0,1.0,2025-01-28 07:29:14.000,2025-01-28 07:29:14.000,2025-01-28 07:29:14.000,49910611.0,25627.0,62716132,-114.0,92
3651715,37,2025-01-28 07:40:03,WITEL_AHU_L8,35944500.0,226,226,228,0,0,0,50.01,1.0,2025-01-28 07:39:17.000,2025-01-28 07:39:17.000,2025-01-28 07:39:17.000,49910611.0,25627.0,62716132,-119.0,92
3651781,37,2025-01-28 07:50:03,WITEL_AHU_L8,35944500.0,225,225,227,0,0,0,49.97,1.0,2025-01-28 07:49:14.000,2025-01-28 07:49:14.000,2025-01-28 07:49:14.000,49910611.0,25627.0,62716132,-119.0,92
3651829,37,2025-01-28 08:00:03,WITEL_AHU_L8,35944500.0,225,225,227,0,0,0,50.03,1.0,2025-01-28 07:59:09.000,2025-01-28 07:59:09.000,2025-01-28 07:59:09.000,49910611.0,25627.0,62716132,-105.0,92
3651979,37,2025-01-28 08:20:03,WITEL_AHU_L8,35944500.0,228,227,229,0,0,0,50.04,1.0,2025-01-28 08:19:07.000,2025-01-28 08:19:07.000,2025-01-28 08:19:07.000,49910611.0,25627.0,62716132,-105.0,92
3652039,37,2025-01-28 08:30:03,WITEL_AHU_L8,35944500.0,227,227,229,0,0,0,50.01,1.0,2025-01-28 08:29:04.000,2025-01-28 08:29:04.000,2025-01-28 08:29:04.000,49910611.0,25627.0,62716132,-119.0,92
3652123,37,2025-01-28 08:40:03,WITEL_AHU_L8,35944500.0,227,227,229,0,0,0,49.99,1.0,2025-01-28 08:39:09.000,2025-01-28 08:39:09.000,2025-01-28 08:39:09.000,49910611.0,25627.0,62716132,-103.0,92
3652258,37,2025-01-28 09:00:03,WITEL_AHU_L8,35944500.0,226,226,228,0,0,0,49.99,1.0,2025-01-28 08:59:07.000,2025-01-28 08:59:07.000,2025-01-28 08:59:07.000,49910611.0,25627.0,62716132,-119.0,92
3652327,37,2025-01-28 09:10:03,WITEL_AHU_L8,35944500.0,226,226,228,0,0,0,50.02,1.0,2025-01-28 09:09:10.000,2025-01-28 09:09:10.000,2025-01-28 09:09:10.000,49910611.0,25627.0,62716132,-100.0,92
3652372,37,2025-01-28 09:20:03,WITEL_AHU_L8,35944500.0,225,225,227,0,0,0,49.96,1.0,2025-01-28 09:19:01.000,2025-01-28 09:19:01.000,2025-01-28 09:19:01.000,49910611.0,25627.0,62716132,-119.0,92
3652597,37,2025-01-28 09:50:03,WITEL_AHU_L8,35944500.0,227,227,229,0,0,0,50.04,1.0,2025-01-28 09:49:03.000,2025-01-28 09:49:03.000,2025-01-28 09:49:03.000,49910611.0,25627.0,62716132,-119.0,92
3652657,37,2025-01-28 10:00:03,WITEL_AHU_L8,35944500.0,227,226,228,0,0,0,50.01,1.0,2025-01-28 09:59:00.000,2025-01-28 09:59:00.000,2025-01-28 09:59:00.000,49910611.0,25627.0,62716132,-119.0,92
3652828,37,2025-01-28 10:20:03,WITEL_AHU_L8,35944500.0,227,227,228,0,0,0,50.03,1.0,2025-01-28 10:19:08.000,2025-01-28 10:19:08.000,2025-01-28 10:19:08.000,49910611.0,25627.0,62716132,-105.0,92
3652888,37,2025-01-28 10:30:03,WITEL_AHU_L8,35944500.0,227,226,228,0,0,0,50.01,1.0,2025-01-28 10:29:04.000,2025-01-28 10:29:04.000,2025-01-28 10:29:04.000,49910611.0,25627.0,62716132,-119.0,92
3652975,37,2025-01-28 10:40:03,WITEL_AHU_L8,35944500.0,227,226,228,0,0,0,50.06,1.0,2025-01-28 10:39:15.000,2025-01-28 10:39:15.000,2025-01-28 10:39:15.000,49910611.0,25627.0,62716132,-119.0,92
3653017,37,2025-01-28 10:50:03,WITEL_AHU_L8,35944500.0,227,226,228,0,0,0,50.06,1.0,2025-01-28 10:49:02.000,2025-01-28 10:49:02.000,2025-01-28 10:49:02.000,49910611.0,25627.0,62716132,-120.0,92
3653113,37,2025-01-28 11:00:03,WITEL_AHU_L8,35944500.0,227,226,228,0,0,0,50.05,1.0,2025-01-28 10:59:10.000,2025-01-28 10:59:10.000,2025-01-28 10:59:10.000,49910611.0,25627.0,62716132,-118.0,92
3653251,37,2025-01-28 11:20:03,WITEL_AHU_L8,35944500.0,227,226,228,0,0,0,50.03,1.0,2025-01-28 11:19:13.000,2025-01-28 11:19:13.000,2025-01-28 11:19:13.000,49910611.0,25627.0,62716132,-113.0,92
3653320,37,2025-01-28 11:30:03,WITEL_AHU_L8,35944500.0,227,227,228,0,0,0,50.06,1.0,2025-01-28 11:29:09.000,2025-01-28 11:29:09.000,2025-01-28 11:29:09.000,49910611.0,25627.0,62716132,-101.0,92
3653389,37,2025-01-28 11:40:03,WITEL_AHU_L8,35944500.0,227,227,229,0,0,0,50.05,1.0,2025-01-28 11:39:04.000,2025-01-28 11:39:04.000,2025-01-28 11:39:04.000,49910611.0,25627.0,62716132,-118.0,92
3653542,37,2025-01-28 12:00:03,WITEL_AHU_L8,35944500.0,228,228,230,0,0,0,50.1,1.0,2025-01-28 11:59:11.000,2025-01-28 11:59:11.000,2025-01-28 11:59:11.000,49910611.0,25627.0,62716132,-117.0,92
3653602,37,2025-01-28 12:10:04,WITEL_AHU_L8,35944500.0,229,228,230,0,0,0,50.02,1.0,2025-01-28 12:09:10.000,2025-01-28 12:09:10.000,2025-01-28 12:09:10.000,49910611.0,25627.0,62716132,-102.0,92
3653671,37,2025-01-28 12:20:03,WITEL_AHU_L8,35944500.0,228,228,230,0,0,0,49.98,1.0,2025-01-28 12:19:04.000,2025-01-28 12:19:04.000,2025-01-28 12:19:04.000,49910611.0,25627.0,62716132,-111.0,92
3653731,37,2025-01-28 12:30:03,WITEL_AHU_L8,35944500.0,228,228,230,0,0,0,49.95,1.0,2025-01-28 12:29:07.000,2025-01-28 12:29:07.000,2025-01-28 12:29:07.000,49910611.0,25627.0,62716132,-120.0,92
3653863,37,2025-01-28 12:50:03,WITEL_AHU_L8,35944500.0,228,228,230,0,0,0,50.04,1.0,2025-01-28 12:49:13.000,2025-01-28 12:49:13.000,2025-01-28 12:49:13.000,49910611.0,25627.0,62716132,-119.0,92
3653920,37,2025-01-28 13:00:03,WITEL_AHU_L8,35944500.0,228,228,230,0,0,0,49.97,1.0,2025-01-28 12:59:05.000,2025-01-28 12:59:05.000,2025-01-28 12:59:05.000,49910611.0,25627.0,62716132,-117.0,92
3653995,37,2025-01-28 13:10:03,WITEL_AHU_L8,35944500.0,227,227,229,0,0,0,49.95,1.0,2025-01-28 13:09:16.000,2025-01-28 13:09:16.000,2025-01-28 13:09:16.000,49910611.0,25627.0,62716132,-119.0,92
3654064,37,2025-01-28 13:20:03,WITEL_AHU_L8,35944500.0,227,226,228,0,0,0,49.96,1.0,2025-01-28 13:19:12.000,2025-01-28 13:19:12.000,2025-01-28 13:19:12.000,49910611.0,25627.0,62716132,-114.0,92
3654178,37,2025-01-28 13:40:03,WITEL_AHU_L8,35944500.0,227,227,229,0,0,0,50.05,1.0,2025-01-28 13:39:05.000,2025-01-28 13:39:05.000,2025-01-28 13:39:05.000,49910611.0,25627.0,62716132,-121.0,92
3654268,37,2025-01-28 13:50:03,WITEL_AHU_L8,35944500.0,227,226,228,0,0,0,50.04,1.0,2025-01-28 13:49:15.000,2025-01-28 13:49:15.000,2025-01-28 13:49:15.000,49910611.0,25627.0,62716132,-118.0,92
3654331,37,2025-01-28 14:00:03,WITEL_AHU_L8,35944500.0,227,227,229,0,0,0,50.04,1.0,2025-01-28 13:59:15.000,2025-01-28 13:59:15.000,2025-01-28 13:59:15.000,49910611.0,25627.0,62716132,-120.0,92
3654478,37,2025-01-28 14:20:03,WITEL_AHU_L8,35944500.0,227,227,229,0,0,0,49.96,1.0,2025-01-28 14:19:19.000,2025-01-28 14:19:19.000,2025-01-28 14:19:19.000,49910611.0,25627.0,62716132,-101.0,92
3654577,37,2025-01-28 14:40:03,WITEL_AHU_L8,35944500.0,228,227,229,0,0,0,50.04,1.0,2025-01-28 14:39:00.000,2025-01-28 14:39:00.000,2025-01-28 14:39:00.000,49910611.0,25627.0,62716132,-119.0,92
3654685,37,2025-01-28 14:50:03,WITEL_AHU_L8,35944500.0,228,227,229,0,0,0,50.02,1.0,2025-01-28 14:49:16.000,2025-01-28 14:49:16.000,2025-01-28 14:49:16.000,49910611.0,25627.0,62716132,-119.0,92
3654748,37,2025-01-28 15:00:03,WITEL_AHU_L8,35944500.0,228,228,230,0,0,0,50.02,1.0,2025-01-28 14:59:14.000,2025-01-28 14:59:14.000,2025-01-28 14:59:14.000,49910611.0,25627.0,62716132,-111.0,92
3654817,37,2025-01-28 15:10:03,WITEL_AHU_L8,35944500.0,228,227,230,0,0,0,49.99,1.0,2025-01-28 15:09:16.000,2025-01-28 15:09:16.000,2025-01-28 15:09:16.000,49910611.0,25627.0,62716132,-119.0,92
3654892,37,2025-01-28 15:20:03,WITEL_AHU_L8,35944500.0,228,227,229,0,0,0,49.98,1.0,2025-01-28 15:19:15.000,2025-01-28 15:19:15.000,2025-01-28 15:19:15.000,49910611.0,25627.0,62716132,-102.0,92
3654940,37,2025-01-28 15:30:03,WITEL_AHU_L8,35944500.0,228,228,230,0,0,0,49.99,1.0,2025-01-28 15:29:02.000,2025-01-28 15:29:02.000,2025-01-28 15:29:02.000,49910611.0,25627.0,62716132,-120.0,92
3655147,37,2025-01-28 15:50:03,WITEL_AHU_L8,35944500.0,228,228,230,0,0,0,49.99,1.0,2025-01-28 15:49:11.000,2025-01-28 15:49:11.000,2025-01-28 15:49:11.000,49910611.0,25627.0,62716132,-101.0,92
3655246,37,2025-01-28 16:00:03,WITEL_AHU_L8,35944500.0,228,228,230,0,0,0,49.99,1.0,2025-01-28 15:59:23.000,2025-01-28 15:59:23.000,2025-01-28 15:59:23.000,49910611.0,25627.0,62716132,-97.0,92
3655366,37,2025-01-28 16:20:03,WITEL_AHU_L8,35944500.0,229,228,230,0,0,0,50.02,1.0,2025-01-28 16:19:10.000,2025-01-28 16:19:10.000,2025-01-28 16:19:10.000,49910611.0,25627.0,62716132,-121.0,92
3655429,37,2025-01-28 16:30:03,WITEL_AHU_L8,35944500.0,228,228,230,0,0,0,50.0,1.0,2025-01-28 16:29:09.000,2025-01-28 16:29:09.000,2025-01-28 16:29:09.000,49910611.0,25627.0,62716132,-111.0,92
3655540,37,2025-01-28 16:40:03,WITEL_AHU_L8,35944500.0,229,228,230,0,0,0,50.04,1.0,2025-01-28 16:39:20.000,2025-01-28 16:39:20.000,2025-01-28 16:39:20.000,49910611.0,25627.0,62716132,-99.0,92
3655738,37,2025-01-28 17:10:03,WITEL_AHU_L8,35944500.0,230,230,232,0,0,0,50.04,1.0,2025-01-28 17:09:15.000,2025-01-28 17:09:15.000,2025-01-28 17:09:15.000,49910611.0,25627.0,62716132,-120.0,92
3655819,37,2025-01-28 17:20:03,WITEL_AHU_L8,35944500.0,230,230,232,0,0,0,50.02,1.0,2025-01-28 17:19:15.000,2025-01-28 17:19:15.000,2025-01-28 17:19:15.000,49910611.0,25627.0,62716132,-120.0,92
3655867,37,2025-01-28 17:30:03,WITEL_AHU_L8,35944500.0,230,230,232,0,0,0,50.0,1.0,2025-01-28 17:29:06.000,2025-01-28 17:29:06.000,2025-01-28 17:29:06.000,49910611.0,25627.0,62716132,-103.0,92
3656104,37,2025-01-28 18:00:03,WITEL_AHU_L8,35944500.0,231,230,232,0,0,0,50.05,1.0,2025-01-28 17:59:15.000,2025-01-28 17:59:15.000,2025-01-28 17:59:15.000,49910611.0,25627.0,62716132,-113.0,92
3656167,37,2025-01-28 18:10:03,WITEL_AHU_L8,35944500.0,231,230,232,0,0,0,50.03,1.0,2025-01-28 18:09:14.000,2025-01-28 18:09:14.000,2025-01-28 18:09:14.000,49910611.0,25627.0,62716132,-117.0,92
3656302,37,2025-01-28 18:30:03,WITEL_AHU_L8,35944500.0,228,228,230,0,0,0,49.98,1.0,2025-01-28 18:29:09.000,2025-01-28 18:29:09.000,2025-01-28 18:29:09.000,49910611.0,25627.0,62716132,-120.0,92
3656452,37,2025-01-28 18:50:03,WITEL_AHU_L8,35944500.0,228,228,230,0,0,0,50.04,1.0,2025-01-28 18:49:13.000,2025-01-28 18:49:13.000,2025-01-28 18:49:13.000,49910611.0,25627.0,62716132,-119.0,92
3656659,37,2025-01-28 19:20:03,WITEL_AHU_L8,35944500.0,228,228,230,0,0,0,50.0,1.0,2025-01-28 19:19:07.000,2025-01-28 19:19:07.000,2025-01-28 19:19:07.000,49910611.0,25627.0,62716132,-120.0,92
3656869,37,2025-01-28 19:50:03,WITEL_AHU_L8,35944500.0,229,229,231,0,0,0,49.99,1.0,2025-01-28 19:49:04.000,2025-01-28 19:49:04.000,2025-01-28 19:49:04.000,49910611.0,25627.0,62716132,-112.0,92
3656974,37,2025-01-28 20:00:03,WITEL_AHU_L8,35944500.0,229,228,230,0,0,0,50.06,1.0,2025-01-28 19:59:20.000,2025-01-28 19:59:20.000,2025-01-28 19:59:20.000,49910611.0,25627.0,62716132,-118.0,92
3657241,37,2025-01-28 20:40:03,WITEL_AHU_L8,35944500.0,229,229,231,0,0,0,49.99,1.0,2025-01-28 20:39:08.000,2025-01-28 20:39:08.000,2025-01-28 20:39:08.000,49910611.0,25627.0,62716132,-100.0,92
3657304,37,2025-01-28 20:50:03,WITEL_AHU_L8,35944500.0,229,229,231,0,0,0,50.03,1.0,2025-01-28 20:49:05.000,2025-01-28 20:49:05.000,2025-01-28 20:49:05.000,49910611.0,25627.0,62716132,-117.0,92
3657397,37,2025-01-28 21:00:03,WITEL_AHU_L8,35944500.0,229,229,231,0,0,0,49.98,1.0,2025-01-28 20:59:10.000,2025-01-28 20:59:10.000,2025-01-28 20:59:10.000,49910611.0,25627.0,62716132,-121.0,92
3657448,37,2025-01-28 21:10:03,WITEL_AHU_L8,35944500.0,230,230,232,0,0,0,50.0,1.0,2025-01-28 21:09:05.000,2025-01-28 21:09:05.000,2025-01-28 21:09:05.000,49910611.0,25627.0,62716132,-110.0,92
3657511,37,2025-01-28 21:20:03,WITEL_AHU_L8,35944500.0,230,230,232,0,0,0,50.0,1.0,2025-01-28 21:19:00.000,2025-01-28 21:19:00.000,2025-01-28 21:19:00.000,49910611.0,25627.0,62716132,-120.0,92
3657595,37,2025-01-28 21:30:03,WITEL_AHU_L8,35944500.0,231,230,233,0,0,0,50.05,1.0,2025-01-28 21:29:11.000,2025-01-28 21:29:11.000,2025-01-28 21:29:11.000,49910611.0,25627.0,62716132,-117.0,92
3657670,37,2025-01-28 21:40:03,WITEL_AHU_L8,35944500.0,228,228,230,0,0,0,50.07,1.0,2025-01-28 21:39:09.000,2025-01-28 21:39:09.000,2025-01-28 21:39:09.000,49910611.0,25627.0,62716132,-101.0,92
3657733,37,2025-01-28 21:50:03,WITEL_AHU_L8,35944500.0,229,228,231,0,0,0,50.08,1.0,2025-01-28 21:49:08.000,2025-01-28 21:49:08.000,2025-01-28 21:49:08.000,49910611.0,25627.0,62716132,-115.0,92
3657820,37,2025-01-28 22:00:03,WITEL_AHU_L8,35944500.0,229,229,231,0,0,0,50.120000000000005,1.0,2025-01-28 21:59:18.000,2025-01-28 21:59:18.000,2025-01-28 21:59:18.000,49910611.0,25627.0,62716132,-101.0,92
3657973,37,2025-01-28 22:20:03,WITEL_AHU_L8,35944500.0,230,230,232,0,0,0,50.07,1.0,2025-01-28 22:19:12.000,2025-01-28 22:19:12.000,2025-01-28 22:19:12.000,49910611.0,25627.0,62716132,-119.0,92
3658045,37,2025-01-28 22:30:03,WITEL_AHU_L8,35944500.0,230,230,232,0,0,0,50.01,1.0,2025-01-28 22:29:10.000,2025-01-28 22:29:10.000,2025-01-28 22:29:10.000,49910611.0,25627.0,62716132,-103.0,92
3658144,37,2025-01-28 22:40:03,WITEL_AHU_L8,35944500.0,230,230,232,0,0,0,50.0,1.0,2025-01-28 22:39:21.000,2025-01-28 22:39:21.000,2025-01-28 22:39:21.000,49910611.0,25627.0,62716132,-118.0,92
3658195,37,2025-01-28 22:50:03,WITEL_AHU_L8,35944500.0,230,230,232,0,0,0,49.97,1.0,2025-01-28 22:49:03.000,2025-01-28 22:49:03.000,2025-01-28 22:49:03.000,49910611.0,25627.0,62716132,-105.0,92
3658417,37,2025-01-28 23:20:03,WITEL_AHU_L8,35944500.0,229,228,230,0,0,0,50.02,1.0,2025-01-28 23:19:09.000,2025-01-28 23:19:09.000,2025-01-28 23:19:09.000,49910611.0,25627.0,62716132,-119.0,92
3658501,37,2025-01-28 23:30:03,WITEL_AHU_L8,35944500.0,229,228,230,0,0,0,50.01,1.0,2025-01-28 23:29:15.000,2025-01-28 23:29:15.000,2025-01-28 23:29:15.000,49910611.0,25627.0,62716132,-117.0,92
3658558,37,2025-01-28 23:37:17,WITEL_AHU_L8,35944500.0,227,227,229,0,0,0,50.04,1.0,2025-01-28 23:36:22.000,2025-01-28 23:36:22.000,2025-01-28 23:36:22.000,49910611.0,25627.0,62716132,-105.0,92
3658597,37,2025-01-28 23:40:02,WITEL_AHU_L8,35944500.0,228,227,229,0,0,0,50.05,1.0,2025-01-28 23:39:02.000,2025-01-28 23:39:02.000,2025-01-28 23:39:02.000,49910611.0,25627.0,62716132,-119.0,92
3658666,37,2025-01-28 23:50:02,WITEL_AHU_L8,35944500.0,227,227,229,0,0,0,50.07,1.0,2025-01-28 23:49:10.000,2025-01-28 23:49:10.000,2025-01-28 23:49:10.000,49910611.0,25627.0,62716132,-119.0,92
3658816,37,2025-01-29 00:10:03,WITEL_AHU_L8,35944500.0,228,227,230,0,0,0,50.07,1.0,2025-01-29 00:09:11.000,2025-01-29 00:09:11.000,2025-01-29 00:09:11.000,49910611.0,25627.0,62716132,-102.0,92
3658879,37,2025-01-29 00:20:03,WITEL_AHU_L8,35944500.0,228,228,230,0,0,0,50.05,1.0,2025-01-29 00:19:09.000,2025-01-29 00:19:09.000,2025-01-29 00:19:09.000,49910611.0,25627.0,62716132,-115.0,92
3658945,37,2025-01-29 00:30:03,WITEL_AHU_L8,35944500.0,228,228,230,0,0,0,50.06,1.0,2025-01-29 00:29:05.000,2025-01-29 00:29:05.000,2025-01-29 00:29:05.000,49910611.0,25627.0,62716132,-120.0,92
3659083,37,2025-01-29 00:50:03,WITEL_AHU_L8,35944500.0,228,228,230,0,0,0,50.09,1.0,2025-01-29 00:49:06.000,2025-01-29 00:49:06.000,2025-01-29 00:49:06.000,49910611.0,25627.0,62716132,-117.0,92
3659167,37,2025-01-29 01:00:03,WITEL_AHU_L8,35944500.0,228,228,230,0,0,0,50.06,1.0,2025-01-29 00:59:15.000,2025-01-29 00:59:15.000,2025-01-29 00:59:15.000,49910611.0,25627.0,62716132,-119.0,92
3659368,37,2025-01-29 01:30:03,WITEL_AHU_L8,35944500.0,228,228,230,0,0,0,50.03,1.0,2025-01-29 01:32:42.000,2025-01-29 01:32:42.000,2025-01-29 01:32:42.000,49910611.0,25627.0,62716132,-117.0,92
3659422,37,2025-01-29 01:40:03,WITEL_AHU_L8,35944500.0,228,228,230,0,0,0,50.02,1.0,2025-01-29 01:39:09.000,2025-01-29 01:39:09.000,2025-01-29 01:39:09.000,49910611.0,25627.0,62716132,-118.0,92
3659485,37,2025-01-29 01:50:03,WITEL_AHU_L8,35944500.0,228,228,230,0,0,0,50.07,1.0,2025-01-29 01:49:06.000,2025-01-29 01:49:06.000,2025-01-29 01:49:06.000,49910611.0,25627.0,62716132,-118.0,92
3659707,37,2025-01-29 02:20:03,WITEL_AHU_L8,35944500.0,229,228,231,0,0,0,50.1,1.0,2025-01-29 02:19:13.000,2025-01-29 02:19:13.000,2025-01-29 02:19:13.000,49910611.0,25627.0,62716132,-119.0,92
3659806,37,2025-01-29 02:30:03,WITEL_AHU_L8,35944500.0,228,228,230,0,0,0,50.01,1.0,2025-01-29 02:29:20.000,2025-01-29 02:29:20.000,2025-01-29 02:29:20.000,49910611.0,25627.0,62716132,-101.0,92
3659917,37,2025-01-29 02:50:03,WITEL_AHU_L8,35944500.0,229,228,231,0,0,0,50.04,1.0,2025-01-29 02:49:00.000,2025-01-29 02:49:00.000,2025-01-29 02:49:00.000,49910611.0,25627.0,62716132,-99.0,92
3660088,37,2025-01-29 03:10:03,WITEL_AHU_L8,35944500.0,229,229,231,0,0,0,50.02,1.0,2025-01-29 03:09:19.000,2025-01-29 03:09:19.000,2025-01-29 03:09:19.000,49910611.0,25627.0,62716132,-117.0,92
3660148,37,2025-01-29 03:20:03,WITEL_AHU_L8,35944500.0,229,229,231,0,0,0,50.02,1.0,2025-01-29 03:19:14.000,2025-01-29 03:19:14.000,2025-01-29 03:19:14.000,49910611.0,25627.0,62716132,-119.0,92
3660289,37,2025-01-29 03:40:03,WITEL_AHU_L8,35944500.0,229,229,231,0,0,0,50.01,1.0,2025-01-29 03:39:19.000,2025-01-29 03:39:19.000,2025-01-29 03:39:19.000,49910611.0,25627.0,62716132,-107.0,92
3660340,37,2025-01-29 03:50:03,WITEL_AHU_L8,35944500.0,229,229,231,0,0,0,49.97,1.0,2025-01-29 03:49:03.000,2025-01-29 03:49:03.000,2025-01-29 03:49:03.000,49910611.0,25627.0,62716132,-109.0,92
3660496,37,2025-01-29 04:10:03,WITEL_AHU_L8,35944500.0,229,229,231,0,0,0,50.01,1.0,2025-01-29 04:09:20.000,2025-01-29 04:09:20.000,2025-01-29 04:09:20.000,49910611.0,25627.0,62716132,-105.0,92
3660556,37,2025-01-29 04:20:03,WITEL_AHU_L8,35944500.0,229,229,231,0,0,0,49.97,1.0,2025-01-29 04:19:07.000,2025-01-29 04:19:07.000,2025-01-29 04:19:07.000,49910611.0,25627.0,62716132,-105.0,92
3660712,37,2025-01-29 04:40:03,WITEL_AHU_L8,35944500.0,229,229,231,0,0,0,50.03,1.0,2025-01-29 04:39:14.000,2025-01-29 04:39:14.000,2025-01-29 04:39:14.000,49910611.0,25627.0,62716132,-120.0,92
3660760,37,2025-01-29 04:50:03,WITEL_AHU_L8,35944500.0,229,229,231,0,0,0,50.06,1.0,2025-01-29 04:49:01.000,2025-01-29 04:49:01.000,2025-01-29 04:49:01.000,49910611.0,25627.0,62716132,-99.0,92
3660838,37,2025-01-29 05:00:03,WITEL_AHU_L8,35944500.0,229,229,231,0,0,0,49.94,1.0,2025-01-29 04:59:02.000,2025-01-29 04:59:02.000,2025-01-29 04:59:02.000,49910611.0,25627.0,62716132,-116.0,92
3660928,37,2025-01-29 05:10:03,WITEL_AHU_L8,35944500.0,229,228,231,0,0,0,49.96,1.0,2025-01-29 05:09:16.000,2025-01-29 05:09:16.000,2025-01-29 05:09:16.000,49910611.0,25627.0,62716132,-102.0,92
3661138,37,2025-01-29 05:40:03,WITEL_AHU_L8,35944500.0,229,228,231,0,0,0,50.03,1.0,2025-01-29 05:39:18.000,2025-01-29 05:39:18.000,2025-01-29 05:39:18.000,49910611.0,25627.0,62716132,-120.0,92
3661213,37,2025-01-29 05:50:03,WITEL_AHU_L8,35944500.0,229,228,230,0,0,0,50.02,1.0,2025-01-29 05:49:20.000,2025-01-29 05:49:20.000,2025-01-29 05:49:20.000,49910611.0,25627.0,62716132,-110.0,92
3661288,37,2025-01-29 06:00:03,WITEL_AHU_L8,35944500.0,229,228,231,0,0,0,50.07,1.0,2025-01-29 05:59:16.000,2025-01-29 05:59:16.000,2025-01-29 05:59:16.000,49910611.0,25627.0,62716132,-120.0,92
3661396,37,2025-01-29 06:20:03,WITEL_AHU_L8,35944500.0,228,228,230,0,0,0,50.06,1.0,2025-01-29 06:18:59.000,2025-01-29 06:18:59.000,2025-01-29 06:18:59.000,49910611.0,25627.0,62716132,-117.0,92
3661462,37,2025-01-29 06:30:03,WITEL_AHU_L8,35944500.0,228,228,230,0,0,0,50.05,1.0,2025-01-29 06:29:00.000,2025-01-29 06:29:00.000,2025-01-29 06:29:00.000,49910611.0,25627.0,62716132,-118.0,92
3661531,37,2025-01-29 06:40:03,WITEL_AHU_L8,35944500.0,228,228,230,0,0,0,50.06,1.0,2025-01-29 06:39:08.000,2025-01-29 06:39:08.000,2025-01-29 06:39:08.000,49910611.0,25627.0,62716132,-120.0,92
3661654,37,2025-01-29 07:00:03,WITEL_AHU_L8,35944500.0,228,228,230,0,0,0,50.03,1.0,2025-01-29 06:59:07.000,2025-01-29 06:59:07.000,2025-01-29 06:59:07.000,49910611.0,25627.0,62716132,-102.0,92
3661723,37,2025-01-29 07:10:03,WITEL_AHU_L8,35944500.0,228,227,230,0,0,0,50.0,1.0,2025-01-29 07:09:04.000,2025-01-29 07:09:04.000,2025-01-29 07:09:04.000,49910611.0,25627.0,62716132,-116.0,92
3661873,37,2025-01-29 07:30:03,WITEL_AHU_L8,35944500.0,227,227,229,0,0,0,49.96,1.0,2025-01-29 07:29:16.000,2025-01-29 07:29:16.000,2025-01-29 07:29:16.000,49910611.0,25627.0,62716132,-102.0,92
3661972,37,2025-01-29 07:40:58,WITEL_AHU_L8,35944500.0,227,227,229,0,0,0,49.99,1.0,2025-01-29 07:40:02.000,2025-01-29 07:40:02.000,2025-01-29 07:40:02.000,49910611.0,25627.0,62716132,-121.0,92
3662014,37,2025-01-29 07:50:03,WITEL_AHU_L8,35944500.0,227,227,229,0,0,0,50.02,1.0,2025-01-29 07:49:00.000,2025-01-29 07:49:00.000,2025-01-29 07:49:00.000,49910611.0,25627.0,62716132,-119.0,92
3662122,37,2025-01-29 08:00:03,WITEL_AHU_L8,35944500.0,227,227,229,0,0,0,49.99,1.0,2025-01-29 07:59:17.000,2025-01-29 07:59:17.000,2025-01-29 07:59:17.000,49910611.0,25627.0,62716132,-100.0,92
3662176,37,2025-01-29 08:10:03,WITEL_AHU_L8,35944500.0,227,226,228,0,0,0,50.0,1.0,2025-01-29 08:09:11.000,2025-01-29 08:09:11.000,2025-01-29 08:09:11.000,49910611.0,25627.0,62716132,-119.0,92
3662269,37,2025-01-29 08:20:03,WITEL_AHU_L8,35944500.0,226,226,228,0,0,0,50.04,1.0,2025-01-29 08:19:17.000,2025-01-29 08:19:17.000,2025-01-29 08:19:17.000,49910611.0,25627.0,62716132,-119.0,92
3662437,37,2025-01-29 08:40:03,WITEL_AHU_L8,35944500.0,225,225,227,0,0,0,49.97,1.0,2025-01-29 08:39:22.000,2025-01-29 08:39:22.000,2025-01-29 08:39:22.000,49910611.0,25627.0,62716132,-116.0,92
3662503,37,2025-01-29 08:50:03,WITEL_AHU_L8,35944500.0,225,225,227,0,0,0,49.95,1.0,2025-01-29 08:49:12.000,2025-01-29 08:49:12.000,2025-01-29 08:49:12.000,49910611.0,25627.0,62716132,-101.0,92
3662563,37,2025-01-29 09:00:03,WITEL_AHU_L8,35944500.0,228,227,229,0,0,0,49.99,1.0,2025-01-29 08:59:03.000,2025-01-29 08:59:03.000,2025-01-29 08:59:03.000,49910611.0,25627.0,62716132,-109.0,92
3662644,37,2025-01-29 09:10:03,WITEL_AHU_L8,35944500.0,227,227,229,0,0,0,50.01,1.0,2025-01-29 09:09:02.000,2025-01-29 09:09:02.000,2025-01-29 09:09:02.000,49910611.0,25627.0,62716132,-103.0,92
3662746,37,2025-01-29 09:20:03,WITEL_AHU_L8,35944500.0,227,227,229,0,0,0,49.96,1.0,2025-01-29 09:19:19.000,2025-01-29 09:19:19.000,2025-01-29 09:19:19.000,49910611.0,25627.0,62716132,-114.0,92
3662803,37,2025-01-29 09:30:03,WITEL_AHU_L8,35944500.0,227,226,229,0,0,0,50.03,1.0,2025-01-29 09:29:17.000,2025-01-29 09:29:17.000,2025-01-29 09:29:17.000,49910611.0,25627.0,62716132,-100.0,92
3662851,37,2025-01-29 09:40:03,WITEL_AHU_L8,35944500.0,226,226,228,0,0,0,49.99,1.0,2025-01-29 09:39:03.000,2025-01-29 09:39:03.000,2025-01-29 09:39:03.000,49910611.0,25627.0,62716132,-116.0,92
3662998,37,2025-01-29 10:00:03,WITEL_AHU_L8,35944500.0,226,225,227,0,0,0,50.0,1.0,2025-01-29 09:59:01.000,2025-01-29 09:59:01.000,2025-01-29 09:59:01.000,49910611.0,25627.0,62716132,-118.0,92
3663172,37,2025-01-29 10:20:03,WITEL_AHU_L8,35944500.0,225,225,227,0,0,0,50.02,1.0,2025-01-29 10:19:20.000,2025-01-29 10:19:20.000,2025-01-29 10:19:20.000,49910611.0,25627.0,62716132,-118.0,92
3663376,37,2025-01-29 10:50:03,WITEL_AHU_L8,35944500.0,228,227,229,0,0,0,50.01,1.0,2025-01-29 10:49:12.000,2025-01-29 10:49:12.000,2025-01-29 10:49:12.000,49910611.0,25627.0,62716132,-100.0,92
3663445,37,2025-01-29 11:00:03,WITEL_AHU_L8,35944500.0,227,227,229,0,0,0,49.96,1.0,2025-01-29 10:59:10.000,2025-01-29 10:59:10.000,2025-01-29 10:59:10.000,49910611.0,25627.0,62716132,-113.0,92
3663589,37,2025-01-29 11:20:03,WITEL_AHU_L8,35944500.0,228,227,229,0,0,0,49.98,1.0,2025-01-29 11:19:09.000,2025-01-29 11:19:09.000,2025-01-29 11:19:09.000,49910611.0,25627.0,62716132,-117.0,92
3663649,37,2025-01-29 11:30:03,WITEL_AHU_L8,35944500.0,228,227,229,0,0,0,49.99,1.0,2025-01-29 11:29:03.000,2025-01-29 11:29:03.000,2025-01-29 11:29:03.000,49910611.0,25627.0,62716132,-116.0,92
3663733,37,2025-01-29 11:40:03,WITEL_AHU_L8,35944500.0,228,227,229,0,0,0,49.97,1.0,2025-01-29 11:39:13.000,2025-01-29 11:39:13.000,2025-01-29 11:39:13.000,49910611.0,25627.0,62716132,-117.0,92
3663817,37,2025-01-29 11:50:03,WITEL_AHU_L8,35944500.0,228,228,230,0,0,0,49.99,1.0,2025-01-29 11:49:17.000,2025-01-29 11:49:17.000,2025-01-29 11:49:17.000,49910611.0,25627.0,62716132,-118.0,92
3663928,37,2025-01-29 12:10:03,WITEL_AHU_L8,35944500.0,229,228,230,0,0,0,50.03,1.0,2025-01-29 12:09:04.000,2025-01-29 12:09:04.000,2025-01-29 12:09:04.000,49910611.0,25627.0,62716132,-100.0,92
3664036,37,2025-01-29 12:20:03,WITEL_AHU_L8,35944500.0,229,228,230,0,0,0,50.02,1.0,2025-01-29 12:19:21.000,2025-01-29 12:19:21.000,2025-01-29 12:19:21.000,49910611.0,25627.0,62716132,-116.0,92
3664087,37,2025-01-29 12:30:03,WITEL_AHU_L8,35944500.0,229,228,230,0,0,0,50.03,1.0,2025-01-29 12:29:13.000,2025-01-29 12:29:13.000,2025-01-29 12:29:13.000,49910611.0,25627.0,62716132,-119.0,92
3664171,37,2025-01-29 12:40:03,WITEL_AHU_L8,35944500.0,229,228,230,0,0,0,50.0,1.0,2025-01-29 12:39:09.000,2025-01-29 12:39:09.000,2025-01-29 12:39:09.000,49910611.0,25627.0,62716132,-117.0,92
3664222,37,2025-01-29 12:50:03,WITEL_AHU_L8,35944500.0,228,228,230,0,0,0,49.98,1.0,2025-01-29 12:49:00.000,2025-01-29 12:49:00.000,2025-01-29 12:49:00.000,49910611.0,25627.0,62716132,-105.0,92
3664315,37,2025-01-29 13:00:03,WITEL_AHU_L8,35944500.0,228,228,230,0,0,0,50.03,1.0,2025-01-29 12:59:12.000,2025-01-29 12:59:12.000,2025-01-29 12:59:12.000,49910611.0,25627.0,62716132,-119.0,92
3664450,37,2025-01-29 13:20:03,WITEL_AHU_L8,35944500.0,228,227,229,0,0,0,50.0,1.0,2025-01-29 13:19:08.000,2025-01-29 13:19:08.000,2025-01-29 13:19:08.000,49910611.0,25627.0,62716132,-100.0,92
3664537,37,2025-01-29 13:30:03,WITEL_AHU_L8,35944500.0,228,227,229,0,0,0,49.97,1.0,2025-01-29 13:29:16.000,2025-01-29 13:29:16.000,2025-01-29 13:29:16.000,49910611.0,25627.0,62716132,-118.0,92
3664600,37,2025-01-29 13:40:03,WITEL_AHU_L8,35944500.0,228,227,229,0,0,0,50.03,1.0,2025-01-29 13:39:12.000,2025-01-29 13:39:12.000,2025-01-29 13:39:12.000,49910611.0,25627.0,62716132,-117.0,92
3664762,37,2025-01-29 14:00:03,WITEL_AHU_L8,35944500.0,228,227,229,0,0,0,50.04,1.0,2025-01-29 13:59:06.000,2025-01-29 13:59:06.000,2025-01-29 13:59:06.000,49910611.0,25627.0,62716132,-118.0,92
3664837,37,2025-01-29 14:10:03,WITEL_AHU_L8,35944500.0,228,227,229,0,0,0,50.03,1.0,2025-01-29 14:09:13.000,2025-01-29 14:09:13.000,2025-01-29 14:09:13.000,49910611.0,25627.0,62716132,-101.0,92
3664903,37,2025-01-29 14:20:03,WITEL_AHU_L8,35944500.0,228,227,229,0,0,0,50.01,1.0,2025-01-29 14:19:11.000,2025-01-29 14:19:11.000,2025-01-29 14:19:11.000,49910611.0,25627.0,62716132,-106.0,92
3665113,37,2025-01-29 14:50:03,WITEL_AHU_L8,35944500.0,228,227,229,0,0,0,50.02,1.0,2025-01-29 14:49:15.000,2025-01-29 14:49:15.000,2025-01-29 14:49:15.000,49910611.0,25627.0,62716132,-103.0,92
3665203,37,2025-01-29 15:00:03,WITEL_AHU_L8,35944500.0,228,227,229,0,0,0,50.01,1.0,2025-01-29 14:59:21.000,2025-01-29 14:59:21.000,2025-01-29 14:59:21.000,49910611.0,25627.0,62716132,-120.0,92
3665263,37,2025-01-29 15:10:03,WITEL_AHU_L8,35944500.0,228,227,229,0,0,0,50.0,1.0,2025-01-29 15:09:16.000,2025-01-29 15:09:16.000,2025-01-29 15:09:16.000,49910611.0,25627.0,62716132,-119.0,92
3665332,37,2025-01-29 15:20:03,WITEL_AHU_L8,35944500.0,228,227,229,0,0,0,50.0,1.0,2025-01-29 15:19:18.000,2025-01-29 15:19:18.000,2025-01-29 15:19:18.000,49910611.0,25627.0,62716132,-114.0,92
3665380,37,2025-01-29 15:30:03,WITEL_AHU_L8,35944500.0,228,227,229,0,0,0,49.95,1.0,2025-01-29 15:29:04.000,2025-01-29 15:29:04.000,2025-01-29 15:29:04.000,49910611.0,25627.0,62716132,-120.0,92
3665449,37,2025-01-29 15:38:34,WITEL_AHU_L8,35944500.0,228,227,229,0,0,0,50.03,1.0,2025-01-29 15:37:49.000,2025-01-29 15:37:49.000,2025-01-29 15:37:49.000,49910611.0,25627.0,62716132,-120.0,92
3665593,37,2025-01-29 15:50:03,WITEL_AHU_L8,35944500.0,228,227,229,0,0,0,49.99,1.0,2025-01-29 15:49:19.000,2025-01-29 15:49:19.000,2025-01-29 15:49:19.000,49910611.0,25627.0,62716132,-117.0,92
3665644,37,2025-01-29 16:00:03,WITEL_AHU_L8,35944500.0,228,227,229,0,0,0,50.03,1.0,2025-01-29 15:59:03.000,2025-01-29 15:59:03.000,2025-01-29 15:59:03.000,49910611.0,25627.0,62716132,-118.0,92
3665791,37,2025-01-29 16:20:03,WITEL_AHU_L8,35944500.0,228,227,229,0,0,0,50.0,1.0,2025-01-29 16:19:10.000,2025-01-29 16:19:10.000,2025-01-29 16:19:10.000,49910611.0,25627.0,62716132,-120.0,92
3665878,37,2025-01-29 16:30:03,WITEL_AHU_L8,35944500.0,228,227,229,0,0,0,49.97,1.0,2025-01-29 16:29:07.000,2025-01-29 16:29:07.000,2025-01-29 16:29:07.000,49910611.0,25627.0,62716132,-101.0,92
3665962,37,2025-01-29 16:40:03,WITEL_AHU_L8,35944500.0,228,227,229,0,0,0,50.03,1.0,2025-01-29 16:39:12.000,2025-01-29 16:39:12.000,2025-01-29 16:39:12.000,49910611.0,25627.0,62716132,-119.0,92
3666043,37,2025-01-29 16:50:03,WITEL_AHU_L8,35944500.0,228,227,229,0,0,0,50.0,1.0,2025-01-29 16:49:08.000,2025-01-29 16:49:08.000,2025-01-29 16:49:08.000,49910611.0,25627.0,62716132,-118.0,92
3666109,37,2025-01-29 17:00:03,WITEL_AHU_L8,35944500.0,228,228,229,0,0,0,50.05,1.0,2025-01-29 16:59:03.000,2025-01-29 16:59:03.000,2025-01-29 16:59:03.000,49910611.0,25627.0,62716132,-107.0,92
3666187,37,2025-01-29 17:10:03,WITEL_AHU_L8,35944500.0,228,227,229,0,0,0,50.03,1.0,2025-01-29 17:09:04.000,2025-01-29 17:09:04.000,2025-01-29 17:09:04.000,49910611.0,25627.0,62716132,-117.0,92
3666271,37,2025-01-29 17:20:03,WITEL_AHU_L8,35944500.0,228,228,229,0,0,0,50.01,1.0,2025-01-29 17:19:11.000,2025-01-29 17:19:11.000,2025-01-29 17:19:11.000,49910611.0,25627.0,62716132,-118.0,92
3666331,37,2025-01-29 17:30:03,WITEL_AHU_L8,35944500.0,228,227,229,0,0,0,50.01,1.0,2025-01-29 17:29:02.000,2025-01-29 17:29:02.000,2025-01-29 17:29:02.000,49910611.0,25627.0,62716132,-119.0,92
3666514,37,2025-01-29 17:50:03,WITEL_AHU_L8,35944500.0,228,227,229,0,0,0,50.02,1.0,2025-01-29 17:49:09.000,2025-01-29 17:49:09.000,2025-01-29 17:49:09.000,49910611.0,25627.0,62716132,-118.0,92
3666610,37,2025-01-29 18:00:03,WITEL_AHU_L8,35944500.0,228,227,229,0,0,0,50.02,1.0,2025-01-29 17:59:17.000,2025-01-29 17:59:17.000,2025-01-29 17:59:17.000,49910611.0,25627.0,62716132,-103.0,92
3666811,37,2025-01-29 18:30:03,WITEL_AHU_L8,35944500.0,227,227,229,0,0,0,49.99,1.0,2025-01-29 18:29:10.000,2025-01-29 18:29:10.000,2025-01-29 18:29:10.000,49910611.0,25627.0,62716132,-114.0,92
3666964,37,2025-01-29 18:50:03,WITEL_AHU_L8,35944500.0,227,227,229,0,0,0,50.03,1.0,2025-01-29 18:49:11.000,2025-01-29 18:49:11.000,2025-01-29 18:49:11.000,49910611.0,25627.0,62716132,-118.0,92
3667099,37,2025-01-29 19:10:03,WITEL_AHU_L8,35944500.0,227,227,229,0,0,0,49.97,1.0,2025-01-29 19:09:04.000,2025-01-29 19:09:04.000,2025-01-29 19:09:04.000,49910611.0,25627.0,62716132,-116.0,92
3667201,37,2025-01-29 19:20:03,WITEL_AHU_L8,35944500.0,227,227,229,0,0,0,50.01,1.0,2025-01-29 19:19:09.000,2025-01-29 19:19:09.000,2025-01-29 19:19:09.000,49910611.0,25627.0,62716132,-116.0,92
3667255,37,2025-01-29 19:30:03,WITEL_AHU_L8,35944500.0,227,227,229,0,0,0,50.01,1.0,2025-01-29 19:29:02.000,2025-01-29 19:29:02.000,2025-01-29 19:29:02.000,49910611.0,25627.0,62716132,-100.0,92
3667357,37,2025-01-29 19:40:03,WITEL_AHU_L8,35944500.0,227,227,229,0,0,0,50.0,1.0,2025-01-29 19:39:11.000,2025-01-29 19:39:11.000,2025-01-29 19:39:11.000,49910611.0,25627.0,62716132,-120.0,92
3667438,37,2025-01-29 19:50:03,WITEL_AHU_L8,35944500.0,227,227,229,0,0,0,50.0,1.0,2025-01-29 19:49:12.000,2025-01-29 19:49:12.000,2025-01-29 19:49:12.000,49910611.0,25627.0,62716132,-111.0,92
3667531,37,2025-01-29 20:00:03,WITEL_AHU_L8,35944500.0,227,227,229,0,0,0,50.03,1.0,2025-01-29 19:59:19.000,2025-01-29 19:59:19.000,2025-01-29 19:59:19.000,49910611.0,25627.0,62716132,-118.0,92
3667585,37,2025-01-29 20:10:03,WITEL_AHU_L8,35944500.0,227,227,229,0,0,0,49.99,1.0,2025-01-29 20:09:12.000,2025-01-29 20:09:12.000,2025-01-29 20:09:12.000,49910611.0,25627.0,62716132,-120.0,92
3667744,37,2025-01-29 20:30:03,WITEL_AHU_L8,35944500.0,227,227,229,0,0,0,49.96,1.0,2025-01-29 20:29:12.000,2025-01-29 20:29:12.000,2025-01-29 20:29:12.000,49910611.0,25627.0,62716132,-118.0,92
3667807,37,2025-01-29 20:40:03,WITEL_AHU_L8,35944500.0,227,227,229,0,0,0,50.0,1.0,2025-01-29 20:39:09.000,2025-01-29 20:39:09.000,2025-01-29 20:39:09.000,49910611.0,25627.0,62716132,-101.0,92
3667864,37,2025-01-29 20:50:03,WITEL_AHU_L8,35944500.0,227,227,229,0,0,0,50.01,1.0,2025-01-29 20:49:05.000,2025-01-29 20:49:05.000,2025-01-29 20:49:05.000,49910611.0,25627.0,62716132,-120.0,92
3667933,37,2025-01-29 21:00:03,WITEL_AHU_L8,35944500.0,227,227,229,0,0,0,50.01,1.0,2025-01-29 20:59:02.000,2025-01-29 20:59:02.000,2025-01-29 20:59:02.000,49910611.0,25627.0,62716132,-111.0,92
3668053,37,2025-01-29 21:10:03,WITEL_AHU_L8,35944500.0,227,227,229,0,0,0,49.97,1.0,2025-01-29 21:09:14.000,2025-01-29 21:09:14.000,2025-01-29 21:09:14.000,49910611.0,25627.0,62716132,-97.0,92
3668125,37,2025-01-29 21:20:03,WITEL_AHU_L8,35944500.0,228,227,229,0,0,0,50.03,1.0,2025-01-29 21:19:08.000,2025-01-29 21:19:08.000,2025-01-29 21:19:08.000,49910611.0,25627.0,62716132,-100.0,92
3668191,37,2025-01-29 21:30:03,WITEL_AHU_L8,35944500.0,228,228,229,0,0,0,49.96,1.0,2025-01-29 21:29:03.000,2025-01-29 21:29:03.000,2025-01-29 21:29:03.000,49910611.0,25627.0,62716132,-109.0,92
3668365,37,2025-01-29 21:50:03,WITEL_AHU_L8,35944500.0,229,228,231,0,0,0,50.04,1.0,2025-01-29 21:49:10.000,2025-01-29 21:49:10.000,2025-01-29 21:49:10.000,49910611.0,25627.0,62716132,-116.0,92
3668446,37,2025-01-29 22:00:03,WITEL_AHU_L8,35944500.0,229,229,231,0,0,0,50.02,1.0,2025-01-29 21:59:07.000,2025-01-29 21:59:07.000,2025-01-29 21:59:07.000,49910611.0,25627.0,62716132,-99.0,92
3668536,37,2025-01-29 22:10:03,WITEL_AHU_L8,35944500.0,230,229,232,0,0,0,50.04,1.0,2025-01-29 22:09:18.000,2025-01-29 22:09:18.000,2025-01-29 22:09:18.000,49910611.0,25627.0,62716132,-118.0,92
3668818,37,2025-01-29 22:50:03,WITEL_AHU_L8,35944500.0,231,230,233,0,0,0,50.01,1.0,2025-01-29 22:49:07.000,2025-01-29 22:49:07.000,2025-01-29 22:49:07.000,49910611.0,25627.0,62716132,-118.0,92
3668878,37,2025-01-29 23:00:03,WITEL_AHU_L8,35944500.0,228,228,230,0,0,0,50.06,1.0,2025-01-29 22:58:58.000,2025-01-29 22:58:58.000,2025-01-29 22:58:58.000,49910611.0,25627.0,62716132,-121.0,92
3668989,37,2025-01-29 23:10:03,WITEL_AHU_L8,35944500.0,229,229,231,0,0,0,50.07,1.0,2025-01-29 23:09:18.000,2025-01-29 23:09:18.000,2025-01-29 23:09:18.000,49910611.0,25627.0,62716132,-97.0,92
3669034,37,2025-01-29 23:20:03,WITEL_AHU_L8,35944500.0,228,228,231,0,0,0,50.03,1.0,2025-01-29 23:19:02.000,2025-01-29 23:19:02.000,2025-01-29 23:19:02.000,49910611.0,25627.0,62716132,-102.0,92
3669118,37,2025-01-29 23:30:03,WITEL_AHU_L8,35944500.0,229,229,231,0,0,0,50.0,1.0,2025-01-29 23:29:06.000,2025-01-29 23:29:06.000,2025-01-29 23:29:06.000,49910611.0,25627.0,62716132,-120.0,92
3672214,37,2025-01-30 07:36:02,WITEL_AHU_L8,35944500.0,225,224,226,0,0,0,49.97,1.0,2025-01-30 07:35:16.000,2025-01-30 07:35:16.000,2025-01-30 07:35:16.000,49910611.0,25627.0,62716132,-118.0,92
3672418,37,2025-01-30 08:00:03,WITEL_AHU_L8,35944500.0,226,225,228,0,0,0,49.98,1.0,2025-01-30 07:59:17.000,2025-01-30 07:59:17.000,2025-01-30 07:59:17.000,49910611.0,25627.0,62716132,-117.0,92
3672490,37,2025-01-30 08:10:03,WITEL_AHU_L8,35944500.0,225,224,226,0,0,0,50.0,1.0,2025-01-30 08:09:13.000,2025-01-30 08:09:13.000,2025-01-30 08:09:13.000,49910611.0,25627.0,62716132,-107.0,92
3672538,37,2025-01-30 08:20:02,WITEL_AHU_L8,35944500.0,227,226,228,0,0,0,49.98,1.0,2025-01-30 08:19:07.000,2025-01-30 08:19:07.000,2025-01-30 08:19:07.000,49910611.0,25627.0,62716132,-100.0,92
3672595,37,2025-01-30 08:30:03,WITEL_AHU_L8,35944500.0,226,225,228,0,0,0,49.99,1.0,2025-01-30 08:29:01.000,2025-01-30 08:29:01.000,2025-01-30 08:29:01.000,49910611.0,25627.0,62716132,-109.0,92
3672664,37,2025-01-30 08:40:03,WITEL_AHU_L8,35944500.0,226,225,228,0,0,0,50.0,1.0,2025-01-30 08:39:05.000,2025-01-30 08:39:05.000,2025-01-30 08:39:05.000,49910611.0,25627.0,62716132,-119.0,92
3672730,37,2025-01-30 08:50:02,WITEL_AHU_L8,35944500.0,226,225,227,0,0,0,50.02,1.0,2025-01-30 08:49:01.000,2025-01-30 08:49:01.000,2025-01-30 08:49:01.000,49910611.0,25627.0,62716132,-118.0,92
3672919,37,2025-01-30 09:20:03,WITEL_AHU_L8,35944500.0,225,224,227,0,0,0,50.07,1.0,2025-01-30 09:19:01.000,2025-01-30 09:19:01.000,2025-01-30 09:19:01.000,49910611.0,25627.0,62716132,-100.0,92
3673102,37,2025-01-30 09:40:03,WITEL_AHU_L8,35944500.0,224,223,226,0,0,0,50.03,1.0,2025-01-30 09:39:14.000,2025-01-30 09:39:14.000,2025-01-30 09:39:14.000,49910611.0,25627.0,62716132,-99.0,92
3673198,37,2025-01-30 10:00:03,WITEL_AHU_L8,35944500.0,222,221,223,0,0,0,49.99,1.0,2025-01-30 09:59:04.000,2025-01-30 09:59:04.000,2025-01-30 09:59:04.000,49910611.0,25627.0,62716132,-100.0,92
3673399,37,2025-01-30 10:30:03,WITEL_AHU_L8,35944500.0,225,224,226,0,0,0,50.0,1.0,2025-01-30 10:29:02.000,2025-01-30 10:29:02.000,2025-01-30 10:29:02.000,49910611.0,25627.0,62716132,-109.0,92
3673498,37,2025-01-30 10:40:03,WITEL_AHU_L8,35944500.0,224,224,226,0,0,0,49.98,1.0,2025-01-30 10:39:19.000,2025-01-30 10:39:19.000,2025-01-30 10:39:19.000,49910611.0,25627.0,62716132,-119.0,92
